Time (s),Ego Speed (km/h),Lead Speed (km/h),Smoothed Lead Speed (km/h),Distance Between (m),Ego Distance Covered (m),Lead Vehicle Distance Covered (m),Ego X (m),Ego Y (m),Lead X (m),Lead Y (m)
0.0,8.808552074432374,7.056000137329102,7.056000137329102,13.010630318081509,0.0,0.0,107.0,133.0,120.0,133.42300415039062
0.05,8.174808311527482,8.820000171661377,7.938000154495239,13.010998217902037,0.1276656985282898,0.11269998550415039,107.0,133.0,120.0,133.42300415039062
0.1,4.181039857895332,10.584000205993652,8.820000171661377,13.00964340325965,0.20566119998693466,0.2498999983072281,107.0,133.0,120.0,133.42300415039062
0.15000000000000002,1.8218554973673717,10.747439861297607,9.301860094070435,13.007741857359408,0.24264910072088242,0.40529029071331024,107.0,133.0,120.0,133.42300415039062
0.2,0.48345841169682363,7.768655776977541,8.995219230651855,13.006937094598914,0.2559195011854172,0.5298077911138535,107.0,133.0,120.0,133.42300415039062
0.25,0.22896071076450272,4.894776105880743,8.311812043190004,13.006957861012705,0.25616440176963806,0.6134719923138618,107.0,133.0,120.0,133.42300415039062
0.30000000000000004,0.5667335987091489,0.2858883018613525,7.165251508714483,13.007125549799184,0.2624727040529251,0.6421069949865341,107.0,133.0,120.0,133.42300415039062
0.35000000000000003,0.6878411829479468,1.2601333397479655,6.427111737593668,13.007105453391095,0.2715299017727375,0.6545059978961945,107.0,133.0,120.0,133.42300415039062
0.4,0.6899652242661591,1.81846296546511,5.915039651801606,13.007036211339805,0.2811941020190716,0.6770130023360252,107.0,133.0,120.0,133.42300415039062
0.45,0.632239204645179,2.0269728720120805,5.526232973822653,13.006959876119204,0.2903391011059284,0.7043372988700867,107.0,133.0,120.0,133.42300415039062
0.5,0.5494175791743116,1.9688721142311902,5.017520171512862,13.006905564709914,0.298444502055645,0.7322819977998734,107.0,133.0,120.0,133.42300415039062
0.55,0.4610664188862013,1.7295322128948023,4.308473375636205,13.006882095236774,0.3053380008786917,0.7578397989273071,107.0,133.0,120.0,133.42300415039062
0.6000000000000001,0.377470788360662,1.3871364163729119,3.3887869966741304,13.00688302923619,0.3110362011939287,0.7791418991982937,107.0,133.0,120.0,133.42300415039062
0.65,0.30338028967399433,1.00696340226384,2.414739350770754,13.006895780333455,0.315649401396513,0.7953073885291815,107.0,133.0,120.0,133.42300415039062
0.7000000000000001,0.2403727322817023,0.6386228197041549,1.7017360550434155,13.006909028755839,0.3193254014477134,0.8062361981719732,107.0,133.0,120.0,133.42300415039062
0.75,0.18829476088312455,0.31574798285862116,1.2438332427412033,13.006916298421963,0.32221814058721066,0.8123877979815006,107.0,133.0,120.0,133.42300415039062
0.8,0.14613011330372966,0.05750502296999003,1.2209949148520671,13.006916122761645,0.32447159104049206,0.8145665992051363,107.0,133.0,120.0,133.42300415039062
0.8500000000000001,0.11253203899098632,0.1299309308164235,1.107974673958913,13.006910337749087,0.3262123907916248,0.8153951987624168,107.0,133.0,120.0,133.42300415039062
0.9,0.0860957980155988,0.24808918695718288,0.9509372961081202,13.00690199210022,0.32754780096001923,0.8182500991970301,107.0,133.0,120.0,133.42300415039062
0.9500000000000001,0.06550020128490978,0.30600271060670414,0.7788402799675824,13.00689379056867,0.3285661010304466,0.8222384992986917,107.0,133.0,120.0,133.42300415039062
1.0,0.04958928041343091,0.3157817409178542,0.6135312426362488,13.006887361388328,0.3293385710567236,0.8266194993630052,107.0,133.0,120.0,133.42300415039062
1.05,0.037381678819662104,0.29079330967743583,0.46965735231451217,13.006883211295246,0.3299219940090552,0.8308338299393654,107.0,133.0,120.0,133.42300415039062
1.1,0.02807726338506,0.24392817479563297,0.35533652815678424,13.006881063229253,0.3303607990092132,0.8345057098194957,107.0,133.0,120.0,133.42300415039062
1.1500000000000001,0.02101719640209681,0.18643326681000105,0.2732835146114003,13.006880284549345,0.33068973998888396,0.8374264996964484,107.0,133.0,120.0,133.42300415039062
1.2000000000000002,0.0,0.12728371636238092,0.2221496042772229,13.006880213177347,0.33068973998888396,0.8395254646893591,107.0,133.0,120.0,133.42300415039062
1.25,0.00530902789905771,0.07294128045944871,0.19786893403730565,13.006880381124914,0.3309486439975444,0.8408359696622938,107.0,133.0,120.0,133.42300415039062
1.3,0.00669866404496574,0.02744673598714945,0.19486310533902157,13.00688051983053,0.33103584800846875,0.8414610796608031,107.0,133.0,120.0,133.42300415039062
1.35,0.006821676017716899,0.0072446889797028145,0.18259448115534951,13.0068805601499,0.3311309479759075,0.8415421396493912,107.0,133.0,120.0,133.42300415039062
1.4000000000000001,0.006305292109039157,0.030858026959082623,0.1608713651555395,13.006880510627596,0.3312218519859016,0.8418509396724403,107.0,133.0,120.0,133.42300415039062
1.4500000000000002,0.005509080039337732,0.0,0.1302710940948691,13.0068805286248,0.33130291500128806,0.8418509396724403,107.0,133.0,120.0,133.42300415039062
1.5,0.004639608040463101,0.0,0.09869292000308365,13.006880544405249,0.3313721899758093,0.8418509396724403,107.0,133.0,120.0,133.42300415039062
1.55,0.0038088361270357494,0.0,0.06961358903534007,13.006880557762708,0.3314296010066755,0.8418509396724403,107.0,133.0,120.0,133.42300415039062
1.6,0.0030654971024552044,0.0,0.04522077155577677,13.00688056879476,0.3314762159716338,0.8418509396724403,107.0,133.0,120.0,133.42300415039062
1.6500000000000001,0.0008350848235769572,0.0,0.026577444874776666,13.006880572077169,0.3314899510005489,0.8418509396724403,107.0,133.0,120.0,133.42300415039062
1.7000000000000002,0.0012987971656059864,0.0,0.013849073238538576,13.006880575904754,0.33150589105207473,0.8418509396724403,107.0,133.0,120.0,133.42300415039062
1.75,0.0014172660438600722,0.0,0.006554945192593704,13.006880580567717,0.3315252009779215,0.8418509396724403,107.0,133.0,120.0,133.42300415039062
1.8,0.0013583915544468621,0.0,0.00381027159387876,13.006880585266668,0.3315445410553366,0.8418509396724403,107.0,133.0,120.0,133.42300415039062
1.85,0.0012113280246440255,0.0,0.0030858026959084783,13.006880589582533,0.3315622010268271,0.8418509396724403,107.0,133.0,120.0,133.42300415039062
1.9000000000000001,0.0010336427833843086,0.0,2.1614654510671015e-16,13.006880593358295,0.33157757099252194,0.8418509396724403,107.0,133.0,120.0,133.42300415039062
1.9500000000000002,0.0008573616163038841,0.0,2.1614654510671015e-16,13.00688059654122,0.3315904709743336,0.8418509396724403,107.0,133.0,120.0,133.42300415039062
2.0,0.0006968052126978177,0.0,2.1614654510671015e-16,13.006880599146484,0.3316009909613058,0.8418509396724403,107.0,133.0,120.0,133.42300415039062
2.0500000000000003,0.00010322675904199835,0.0,2.1614654510671015e-16,13.00688060054915,0.33160664094612,0.8418509396724403,107.0,133.0,120.0,133.42300415039062
2.1,0.00024243013413092798,0.0,2.1614654510671015e-16,13.006880601232815,0.33160939102526754,0.8418509396724403,107.0,133.0,120.0,133.42300415039062
2.15,0.00029114279451330425,0.0,2.1614654510671015e-16,13.00688060218085,0.33161320094950497,0.8418509396724403,107.0,133.0,120.0,133.42300415039062
2.2,0.00029110861275249305,0.0,2.1614654510671015e-16,13.006880603197327,0.33161728095728904,0.8418509396724403,107.0,133.0,120.0,133.42300415039062
2.25,0.00026652925241950765,0.0,2.1614654510671015e-16,13.006880604160282,0.3316211410565302,0.8418509396724403,107.0,133.0,120.0,133.42300415039062
2.3000000000000003,0.00023055263286068703,0.0,2.1614654510671015e-16,13.006880605006803,0.33162453095428646,0.8418509396724403,107.0,133.0,120.0,133.42300415039062
2.35,0.00019282500184988617,0.0,2.1614654510671015e-16,13.006880605731691,0.3316274309763685,0.8418509396724403,107.0,133.0,120.0,133.42300415039062
2.4000000000000004,0.00015722603723582925,0.0,2.1614654510671015e-16,13.006880606324652,0.33162980095949024,0.8418509396724403,107.0,133.0,120.0,133.42300415039062
2.45,0.00012818376464656953,0.0,2.1614654510671015e-16,13.006880606810293,0.3316317410208285,0.8418509396724403,107.0,133.0,120.0,133.42300415039062
2.5,4.239612346358632e-05,0.0,2.1614654510671015e-16,13.006880606810293,0.3316317410208285,0.8418509396724403,107.0,133.0,120.0,133.42300415039062
2.5500000000000003,5.6814119406822864e-05,0.0,2.1614654510671015e-16,13.006880607095797,0.3316328809596598,0.8418509396724403,107.0,133.0,120.0,133.42300415039062
2.6,6.041880166201543e-05,0.0,2.1614654510671015e-16,13.006880607095797,0.3316328809596598,0.8418509396724403,107.0,133.0,120.0,133.42300415039062
2.6500000000000004,6.059052086304807e-05,0.0,2.1614654510671015e-16,13.00688060748923,0.3316344510531053,0.8418509396724403,107.0,133.0,120.0,133.42300415039062
2.7,5.410224393178237e-05,0.0,2.1614654510671015e-16,13.00688060748923,0.3316344510531053,0.8418509396724403,107.0,133.0,120.0,133.42300415039062
2.75,4.826628900142198e-05,0.0,2.1614654510671015e-16,13.006880607852668,0.33163590100593865,0.8418509396724403,107.0,133.0,120.0,133.42300415039062
2.8000000000000003,3.82766387238268e-05,0.0,2.1614654510671015e-16,13.006880607852668,0.33163590100593865,0.8418509396724403,107.0,133.0,120.0,133.42300415039062
2.85,3.079297968371088e-05,0.0,2.1614654510671015e-16,13.006880607852668,0.33163590100593865,0.8418509396724403,107.0,133.0,120.0,133.42300415039062
2.9000000000000004,8.170464143106461e-06,0.0,2.1614654510671015e-16,13.006880608158628,0.3316371210385114,0.8418509396724403,107.0,133.0,120.0,133.42300415039062
2.95,9.680811341413694e-06,0.0,2.1614654510671015e-16,13.006880608158628,0.3316371210385114,0.8418509396724403,107.0,133.0,120.0,133.42300415039062
3.0,8.891862502997295e-06,0.0,2.1614654510671015e-16,13.006880608158628,0.3316371210385114,0.8418509396724403,107.0,133.0,120.0,133.42300415039062
3.0500000000000003,8.410590552276564e-06,0.0,2.1614654510671015e-16,13.006880608158628,0.3316371210385114,0.8418509396724403,107.0,133.0,120.0,133.42300415039062
3.1,7.1748170687599215e-06,0.0,2.1614654510671015e-16,13.006880608158628,0.3316371210385114,0.8418509396724403,107.0,133.0,120.0,133.42300415039062
3.1500000000000004,4.189679034158125e-06,0.0,2.1614654510671015e-16,13.006880608158628,0.3316371210385114,0.8418509396724403,107.0,133.0,120.0,133.42300415039062
3.2,7.380808223858178e-06,0.0,2.1614654510671015e-16,13.006880608158628,0.3316371210385114,0.8418509396724403,107.0,133.0,120.0,133.42300415039062
3.25,3.879170568179404e-06,0.0,2.1614654510671015e-16,13.006880608158628,0.3316371210385114,0.8418509396724403,107.0,133.0,120.0,133.42300415039062
3.3000000000000003,0.0,0.0,2.1614654510671015e-16,13.006880608158628,0.3316371210385114,0.8418509396724403,107.0,133.0,120.0,133.42300415039062
3.35,3.0895956035609068e-06,0.0,2.1614654510671015e-16,13.006880608158628,0.3316371210385114,0.8418509396724403,107.0,133.0,120.0,133.42300415039062
3.4000000000000004,6.179184157133101e-06,0.0,2.1614654510671015e-16,13.006880608158628,0.3316371210385114,0.8418509396724403,107.0,133.0,120.0,133.42300415039062
3.45,5.013364524264887e-06,0.0,2.1614654510671015e-16,13.00688060842702,0.3316381910117343,0.8418509396724403,107.0,133.0,120.0,133.42300415039062
3.5,4.016837705893975e-06,0.0,2.1614654510671015e-16,13.00688060842702,0.3316381910117343,0.8418509396724403,107.0,133.0,120.0,133.42300415039062
3.5500000000000003,7.209093328190354e-06,0.0,2.1614654510671015e-16,13.00688060842702,0.3316381910117343,0.8418509396724403,107.0,133.0,120.0,133.42300415039062
3.6,7.003130886621018e-06,0.0,2.1614654510671015e-16,13.00688060842702,0.3316381910117343,0.8418509396724403,107.0,133.0,120.0,133.42300415039062
3.6500000000000004,4.2577110875586834e-06,0.0,2.1614654510671015e-16,13.00688060842702,0.3316381910117343,0.8418509396724403,107.0,133.0,120.0,133.42300415039062
3.7,5.3553051862609964e-06,0.0,2.1614654510671015e-16,13.00688060842702,0.3316381910117343,0.8418509396724403,107.0,133.0,120.0,133.42300415039062
3.75,3.0897804915879816e-07,0.0,2.1614654510671015e-16,13.00688060842702,0.3316381910117343,0.8418509396724403,107.0,133.0,120.0,133.42300415039062
3.8000000000000003,8.239754631943262e-07,0.0,2.1614654510671015e-16,13.00688060842702,0.3316381910117343,0.8418509396724403,107.0,133.0,120.0,133.42300415039062
3.85,1.3389753494880532e-06,0.0,2.1614654510671015e-16,13.00688060842702,0.3316381910117343,0.8418509396724403,107.0,133.0,120.0,133.42300415039062
3.9000000000000004,1.8539755755277815e-06,0.0,2.1614654510671015e-16,13.00688060842702,0.3316381910117343,0.8418509396724403,107.0,133.0,120.0,133.42300415039062
3.95,2.3689699481796446e-06,0.0,2.1614654510671015e-16,13.00688060842702,0.3316381910117343,0.8418509396724403,107.0,133.0,120.0,133.42300415039062
4.0,4.256855169591908e-06,0.0,2.1614654510671015e-16,13.00688060842702,0.3316381910117343,0.8418509396724403,107.0,133.0,120.0,133.42300415039062
4.05,3.5702859983226604e-06,0.0,2.1614654510671015e-16,13.00688060842702,0.3316381910117343,0.8418509396724403,107.0,133.0,120.0,133.42300415039062
4.1000000000000005,5.45834497769027e-06,0.0,2.1614654510671015e-16,13.00688060842702,0.3316381910117343,0.8418509396724403,107.0,133.0,120.0,133.42300415039062
4.15,1.3731574107315958e-07,0.0,2.1614654510671015e-16,13.00688060842702,0.3316381910117343,0.8418509396724403,107.0,133.0,120.0,133.42300415039062
4.2,8.239648078474108e-07,0.0,2.1614654510671015e-16,13.00688060842702,0.3316381910117343,0.8418509396724403,107.0,133.0,120.0,133.42300415039062
4.25,1.5106073088035323e-06,0.0,2.1614654510671015e-16,13.00688060842702,0.3316381910117343,0.8418509396724403,107.0,133.0,120.0,133.42300415039062
4.3,2.1297438792948104e-06,0.0,2.1614654510671015e-16,13.00688060842702,0.3316381910117343,0.8418509396724403,107.0,133.0,120.0,133.42300415039062
4.3500000000000005,2.7463966789434567e-06,0.0,2.1614654510671015e-16,13.00688060842702,0.3316381910117343,0.8418509396724403,107.0,133.0,120.0,133.42300415039062
4.4,3.4329930680201846e-06,0.0,2.1614654510671015e-16,13.00688060842702,0.3316381910117343,0.8418509396724403,107.0,133.0,120.0,133.42300415039062
4.45,4.085295133755591e-06,0.0,2.1614654510671015e-16,13.00688060842702,0.3316381910117343,0.8418509396724403,107.0,133.0,120.0,133.42300415039062
4.5,4.085203281123445e-06,0.0,2.1614654510671015e-16,13.00688060842702,0.3316381910117343,0.8418509396724403,107.0,133.0,120.0,133.42300415039062
4.55,5.355347159724605e-06,0.0,2.1614654510671015e-16,13.00688060842702,0.3316381910117343,0.8418509396724403,107.0,133.0,120.0,133.42300415039062
4.6000000000000005,4.806038966141752e-07,0.0,2.1614654510671015e-16,13.00688060842702,0.3316381910117343,0.8418509396724403,107.0,133.0,120.0,133.42300415039062
4.65,1.0985225088585205e-06,0.0,2.1614654510671015e-16,13.00688060842702,0.3316381910117343,0.8418509396724403,107.0,133.0,120.0,133.42300415039062
4.7,1.716441226636531e-06,0.0,2.1614654510671015e-16,13.00688060842702,0.3316381910117343,0.8418509396724403,107.0,133.0,120.0,133.42300415039062
4.75,2.3343635261864862e-06,0.0,2.1614654510671015e-16,13.00688060842702,0.3316381910117343,0.8418509396724403,107.0,133.0,120.0,133.42300415039062
4.800000000000001,2.952283794967586e-06,0.0,2.1614654510671015e-16,13.00688060842702,0.3316381910117343,0.8418509396724403,107.0,133.0,120.0,133.42300415039062
4.8500000000000005,3.5702001400487986e-06,0.0,2.1614654510671015e-16,13.00688060842702,0.3316381910117343,0.8418509396724403,107.0,133.0,120.0,133.42300415039062
4.9,4.188133276945949e-06,0.0,2.1614654510671015e-16,13.00688060842702,0.3316381910117343,0.8418509396724403,107.0,133.0,120.0,133.42300415039062
4.95,5.423941498144169e-06,0.0,2.1614654510671015e-16,13.00688060842702,0.3316381910117343,0.8418509396724403,107.0,133.0,120.0,133.42300415039062
5.0,2.0597296862323237e-07,0.0,2.1614654510671015e-16,13.00688060842702,0.3316381910117343,0.8418509396724403,107.0,133.0,120.0,133.42300415039062
5.050000000000001,8.238926795566123e-07,0.0,2.1614654510671015e-16,13.00688060842702,0.3316381910117343,0.8418509396724403,107.0,133.0,120.0,133.42300415039062
5.1000000000000005,1.441811398097768e-06,0.0,2.1614654510671015e-16,13.00688060842702,0.3316381910117343,0.8418509396724403,107.0,133.0,120.0,133.42300415039062
5.15,2.0597299122707046e-06,0.0,2.1614654510671015e-16,13.00688060842702,0.3316381910117343,0.8418509396724403,107.0,133.0,120.0,133.42300415039062
5.2,2.6776522123002063e-06,0.0,2.1614654510671015e-16,13.00688060842702,0.3316381910117343,0.8418509396724403,107.0,133.0,120.0,133.42300415039062
5.25,0.32446246952715857,0.0,2.1614654510671015e-16,13.00588168680729,0.33263764248951744,0.8418509396724403,107.0009994506836,133.0,120.0,133.42300415039062
5.300000000000001,1.462163561462157,0.0,2.1614654510671015e-16,12.989858569469346,0.3486681541702858,0.8418509396724403,107.01699829101562,133.00100708007812,120.0,133.42300415039062
5.3500000000000005,2.4462344545467096,0.016662018519584168,0.001666201851958633,12.960842259054946,0.37768444400446516,0.8421518396353349,107.0459976196289,133.0019989013672,120.0,133.42300415039062
5.4,2.8677162904430427,0.02141673978391799,0.003807875830350432,12.92282754867325,0.4156998024129806,0.8423448596149683,107.08399963378906,133.0030059814453,120.0,133.42300415039062
5.45,3.129480779134094,0.020032371730227438,0.005811113003373176,12.880784930924145,0.4577471598052384,0.8425394096411765,107.1259994506836,133.0050048828125,120.0,133.42300415039062
5.5,3.016344721071497,0.01890105939420219,0.007701218942793395,12.837743417649905,0.5007928636459528,0.8427458296064287,107.16899871826172,133.0070037841797,120.0,133.42300415039062
5.550000000000001,1.914598243626087,0.017964608763590406,0.009497679819152435,12.80169442392103,0.5368514255867927,0.8429710076889023,107.20500183105469,133.00900268554688,120.0,133.42300415039062
5.6000000000000005,1.034832755643423,0.017229687764331092,0.011220648595585544,12.786702844981507,0.5508513937850158,0.8440008763934994,107.21900177001953,133.00900268554688,119.9990005493164,133.42300415039062
5.65,1.196811304999089,0.016672894864324862,0.01288793808201803,12.77068024939818,0.5668809525194815,0.8442747723673047,107.23500061035156,133.00999450683594,119.9990005493164,133.42300415039062
5.7,1.304982524079138,0.016207025706901603,0.014508640652708191,12.75265932501214,0.5849068489342492,0.8445727763826536,107.25299835205078,133.01100158691406,119.9990005493164,133.42300415039062
5.75,1.3782460103922558,0.0157294985908453,0.01608159051179272,12.734631287576883,0.6029395164855427,0.8448921043671245,107.27100372314453,133.01199340820312,119.9990005493164,133.42300415039062
5.800000000000001,1.4766252970607303,0.015152712638816467,0.017596861775674367,12.71364612852757,0.6229361595695893,0.845946546425082,107.29100036621094,133.01199340820312,119.99800109863281,133.42300415039062
5.8500000000000005,1.5594547151347815,0.014409305057484348,0.017371590429464383,12.693627372289969,0.6429581462482289,0.8462937984580344,107.31099700927734,133.01300048828125,119.99800109863281,133.42300415039062
5.9,1.5076880681473666,0.680497243894969,0.08327964084056949,12.683597943242475,0.6639859991471404,0.8572955984613728,107.33200073242188,133.01400756835938,120.00900268554688,133.42300415039062
5.95,1.3495414018086553,1.227239435459408,0.20400034721348756,12.680569203052784,0.6830090648280192,0.8732950177518548,107.35099792480469,133.01499938964844,120.0250015258789,133.42300415039062
6.0,1.4229317287002086,0.8110365119940771,0.28321389247347506,12.673536673410837,0.7030386710903397,0.8862969920522241,107.37100219726562,133.01600646972656,120.03800201416016,133.42300415039062
6.050000000000001,1.50942095569681,1.4858411064204105,0.430001542239157,12.672505936493785,0.7240581778431774,0.9062950563970151,107.39199829101562,133.01699829101562,120.05799865722656,133.42300415039062
6.1000000000000005,1.5602569208714068,1.0801500475204409,0.536293578214768,12.669469278976932,0.7440877841287555,0.9232943270248214,107.41200256347656,133.01800537109375,120.07499694824219,133.42300415039062
6.15,1.757223939436242,1.763603475005499,0.7109866362288854,12.67044419407324,0.7671041590923108,0.9472968989469736,107.43499755859375,133.0189971923828,120.0989990234375,133.42300415039062
6.2,1.8751380580319892,1.3652183991954263,0.8458877735777378,12.666416349653352,0.7921259598849968,0.9683007260088137,107.45999908447266,133.02000427246094,120.12000274658203,133.42300415039062
6.25,1.871146907900743,2.054508217113961,1.0497656454300492,12.667383782973289,0.8181458464126733,0.9953011743603161,107.48600006103516,133.02099609375,120.14700317382812,133.42300415039062
6.300000000000001,1.926220076220452,1.6624986672332047,1.2145002408894883,12.666345283353099,0.8441663189819316,1.020295103676481,107.51200103759766,133.02200317382812,120.1719970703125,133.42300415039062
6.3500000000000005,1.8342606246663589,2.356631090254347,1.4487224194091746,12.671316304968931,0.8701862054554645,1.0513010019205409,107.53800201416016,133.0229949951172,120.2030029296875,133.42300415039062
6.4,1.859757909816037,1.9685098248370683,1.5775236775033843,12.674281410161019,0.8962066780450844,1.0803004926595852,107.56400299072266,133.0240020751953,120.23200225830078,133.42300415039062
6.45,1.8960117424487568,2.665189386477632,1.7213186726052065,12.683216904084933,0.9222767701822877,1.1152966174994208,107.58999633789062,133.0260009765625,120.26699829101562,133.42300415039062
6.5,1.9794595277662321,2.279993273741303,1.868214348779929,12.689187296741762,0.949295407842131,1.1483015530566414,107.61699676513672,133.02699279785156,120.30000305175781,133.42300415039062
6.550000000000001,2.170477700721939,2.9794901273976917,2.0175792508776573,12.699137943437359,0.979318711710126,1.1882949097219926,107.64700317382812,133.0279998779297,120.33999633789062,133.42300415039062
6.6000000000000005,2.220699454014322,2.5973212687280527,2.1692963729984185,12.707106037202099,1.0093343904694312,1.2262970363803547,107.677001953125,133.0290069580078,120.37799835205078,133.42300415039062
6.65,2.358515284062719,3.29895135853022,2.3228311613508907,12.71903954447982,1.0413944462448674,1.270295788695085,107.70899963378906,133.031005859375,120.4219970703125,133.42300415039062
6.7,2.554995524355851,2.9209762450252077,2.4784069459338687,12.727008466452359,1.075405493009107,1.3122956655240088,107.74299621582031,133.03199768066406,120.46399688720703,133.42300415039062
6.75,2.6434301348169567,3.627255246557597,2.635681648878232,12.739941630521843,1.1114640528996491,1.3612992785715414,107.77899932861328,133.03399658203125,120.51300048828125,133.42300415039062
6.800000000000001,2.652416151284296,3.2522682400068645,2.794658606155598,12.749870647357339,1.148520567988286,1.4082963794014964,107.81600189208984,133.03599548339844,120.55999755859375,133.42300415039062
6.8500000000000005,2.670280648850316,3.960362358740974,2.955031733004261,12.765809307805116,1.1855694648011412,1.4612977869937651,107.85299682617188,133.03799438476562,120.61299896240234,133.42300415039062
6.9,2.7127029637076743,3.58788833830614,3.116969584351168,12.779742819962705,1.222625979905204,1.5123003075549888,107.88999938964844,133.0399932861328,120.66400146484375,133.42300415039062
6.95,2.782506255084256,4.297357591046048,3.280186404808009,12.799670381886969,1.2616794189551295,1.571298416743759,107.92900085449219,133.04200744628906,120.7229995727539,133.42300415039062
7.0,2.881325172519096,3.9258017640064633,3.444767253834525,12.816601884574661,1.3007320740075854,1.6272981854662012,107.96800231933594,133.04400634765625,120.77899932861328,133.42300415039062
7.050000000000001,3.007325934835462,4.6372695506875665,3.610545196163513,12.838536599859957,1.3417811377758517,1.6903017261321878,108.00900268554688,133.04600524902344,120.84200286865234,133.42300415039062
7.1000000000000005,3.1503487061712607,4.267045381732298,3.7775176074639374,12.855469105151728,1.3848268416274068,1.750299295418645,108.052001953125,133.04800415039062,120.9020004272461,133.42300415039062
7.15,3.2989108864252716,4.978009017568001,3.9454233733677158,12.878403908458612,1.4299242875875442,1.8183073219426724,108.09700012207031,133.05099487304688,120.97000122070312,133.4239959716797
7.2,3.4429565474226083,4.608217421640267,4.114147491029222,12.896344076329699,1.476963847819589,1.8833097725367682,108.14399719238281,133.05299377441406,121.03500366210938,133.4239959716797
7.25,3.5759169179200985,5.3202969280749794,4.28345165918096,12.920242643316595,1.5260595588720982,1.9563078196301094,108.19300079345703,133.05599975585938,121.10800170898438,133.4239959716797
7.300000000000001,3.6948836301528907,4.950937046037665,4.453318539784041,12.940153676227638,1.5761452672361165,2.0263075222858276,108.24299621582031,133.0590057373047,121.1780014038086,133.4239959716797
7.3500000000000005,3.8014318623628256,5.661793090722279,4.623461612982171,12.965053798341591,1.6282331501939,2.1033033720033547,108.29499816894531,133.06199645996094,121.25499725341797,133.4239959716797
7.4,3.898906594583866,5.295996887400711,4.794272467891628,12.98596589813696,1.6823176046178467,2.1783079561313614,108.3489990234375,133.06500244140625,121.33000183105469,133.4239959716797
7.45,3.9929003795086158,6.00516082551756,4.965052791338779,13.012873864655555,1.737399162253884,2.2603086885800745,108.40399932861328,133.0679931640625,121.41200256347656,133.4239959716797
7.5,4.079662181592156,5.644188728852433,5.136891487823376,13.036777606249698,1.7934795383300943,2.3403028954798417,108.45999908447266,133.0709991455078,121.49199676513672,133.4239959716797
7.550000000000001,4.168494667416902,6.348636736186077,5.308028206373227,13.06666564947846,1.850618771555637,2.4273085107147514,108.51699829101562,133.0749969482422,121.5790023803711,133.4239959716797
7.6000000000000005,4.271680952478777,5.990436966794706,5.480367364879468,13.092577585268646,1.909693407919147,2.512307599369932,108.57599639892578,133.0780029296875,121.66400146484375,133.4239959716797
7.65,4.387823855473826,6.6909608236365665,5.6516625454863245,13.123478880442587,1.9697730800847137,2.6033033879789897,108.63600158691406,133.08099365234375,121.75499725341797,133.4239959716797
7.7,4.513522869469311,6.3357127675954015,5.824412080081838,13.150373668975229,2.031899288004507,2.692307907981542,108.697998046875,133.0850067138672,121.84400177001953,133.4239959716797
7.75,4.633169017334737,7.032528760938187,5.995635263368159,13.184282426036491,2.094973771589792,2.789308030152783,108.76100158691406,133.08799743652344,121.94100189208984,133.4239959716797
7.800000000000001,4.749146231614508,6.6810246361257635,6.168644022376969,13.212172166053122,2.161096628350813,2.8833098029672803,108.8270034790039,133.0919952392578,122.03500366210938,133.4239959716797
7.8500000000000005,4.87291589341323,7.374384671802552,6.339903180484996,13.247065214240692,2.227211869675855,2.9843077279495978,108.89299774169922,133.0959930419922,122.13600158691406,133.4239959716797
7.9,4.997891499775266,7.026300896756922,6.512933581420619,13.276956282329918,2.2963287153384924,3.0833067537434697,108.96199798583984,133.10000610351562,122.23500061035156,133.4239959716797
7.95,5.1209964777964565,7.7149084983976755,6.68390834870863,13.312852010651053,2.3664424779130617,3.189309561585875,109.03199768066406,133.10400390625,122.34100341796875,133.4239959716797
8.0,5.239283575676519,7.374204442023368,6.856909920025724,13.344745205021216,2.4385519799239526,3.2933058404520006,109.10399627685547,133.10800170898438,122.44499969482422,133.4239959716797
8.05,5.353872247654862,8.05672837338207,7.027719083745323,13.3806133647993,2.5127261510843875,3.403306451095195,109.1780014038086,133.11300659179688,122.55500030517578,133.4239959716797
8.1,5.454128213800375,7.723440944103861,7.201019481476239,13.41449366744742,2.5878888984632686,3.5123076124576684,109.25299835205078,133.1179962158203,122.66400146484375,133.4239959716797
8.15,5.5518036965420405,8.400744659785103,7.371997865091092,13.45340969405013,2.6639979961307763,3.6273098861898037,109.3290023803711,133.1219940185547,122.77899932861328,133.4250030517578
8.200000000000001,5.660760810987393,8.072640543304814,7.545690642662033,13.489292202702789,2.7421537106998986,3.741308300728572,109.40699768066406,133.1269989013672,122.89299774169922,133.4250030517578
8.25,5.77873283180112,8.742997128843875,7.716737479452601,13.52917406942569,2.8223119406210495,3.861311047717315,109.48699951171875,133.1320037841797,123.01300048828125,133.4250030517578
8.3,5.8922245947811085,8.421732858031486,7.890808301643173,13.566053502604047,2.9034667555807583,3.9793072647970567,109.56800079345703,133.13699340820312,123.13099670410156,133.4250030517578
8.35,6.006822639266976,9.085644421138161,8.061934276576732,13.608917204992977,2.985687579071691,4.104307265246494,109.6500015258789,133.14300537109375,123.25599670410156,133.4250030517578
8.4,6.132951380843033,8.770213202318983,8.236325507132939,13.646808889140646,3.0708329882791,4.2273083649779615,109.73500061035156,133.1479949951172,123.37899780273438,133.4250030517578
8.450000000000001,6.2647355843323504,9.42764455182378,8.407599112475548,13.690705849165091,3.156977035671015,4.357313248278081,109.82099914550781,133.1529998779297,123.50900268554688,133.4250030517578
8.5,6.398411010657161,9.117504793509324,8.581929147624145,13.730600657886578,3.2451166844503483,4.485311601304032,109.90899658203125,133.1580047607422,123.63700103759766,133.4250030517578
8.55,6.530895251162113,9.768312591051906,8.753087569391129,13.774476151830378,3.3353202020495236,4.619314287359941,109.9990005493164,133.16400146484375,123.77100372314453,133.4250030517578
8.6,6.648143860534454,9.46454490178743,8.927197965159486,13.816356470660212,3.4265133706444275,4.752309893708758,110.08999633789062,133.1699981689453,123.90399932861328,133.4250030517578
8.65,6.758988174612063,10.109844946081498,9.098107993789124,13.862237265336363,3.5197088204365192,4.891309833199383,110.18299865722656,133.17599487304688,124.04299926757812,133.4250030517578
8.700000000000001,6.878979761448064,9.812772907967142,9.272121230255358,13.905123256289516,3.614900078611281,5.029310322269964,110.27799987792969,133.1820068359375,124.18099975585938,133.4250030517578
8.75,7.00542191045035,10.45314112236203,9.443135629607173,13.95201002123265,3.7110878604070336,5.17230806451028,110.3740005493164,133.18800354003906,124.3239974975586,133.4250030517578
8.8,7.1364922668819535,10.162441153978538,9.617206459201878,13.995909779233164,3.8102683378290565,5.315313436319992,110.4729995727539,133.19400024414062,124.46700286865234,133.4250030517578
8.85,7.269814165944979,10.7961849567239,9.788260512760452,14.044801749531414,3.91044645563289,5.464307882662034,110.572998046875,133.1999969482422,124.61599731445312,133.4250030517578
8.9,7.403369824391744,10.511532618202324,9.962392454348786,14.090683386711902,4.011694541896103,5.611311057141664,110.67400360107422,133.20700073242188,124.76300048828125,133.4250030517578
8.950000000000001,7.535785535791657,11.138185090166294,10.133446508183038,14.13957489446622,4.115926392079581,5.764310935623637,110.77799987792969,133.21400451660156,124.91600036621094,133.4250030517578
9.0,7.666478577089423,10.859148653420473,10.307610894174152,14.185479480140947,4.22209868452362,5.916311363469235,110.88400268554688,133.22000122070312,125.06800079345703,133.4250030517578
9.05,7.795525744333443,11.480436707878107,10.478823305856773,14.237376899278235,4.329322299495593,6.07530794604842,110.99099731445312,133.2270050048828,125.22699737548828,133.4250030517578
9.1,7.923401699604049,11.209428873529088,10.653311703030939,14.285294565855539,4.438488289020927,6.232313256658536,111.0999984741211,133.23300170898438,125.38400268554688,133.4250030517578
9.15,8.039328911876442,11.824813493789081,10.824808557801697,14.337192127627443,4.549709089875123,6.395307641979916,111.21099853515625,133.24000549316406,125.5469970703125,133.4250030517578
9.200000000000001,8.151986280179123,11.55898897445015,10.999430164449997,14.38611579860767,4.661926424153139,6.55631381018407,111.322998046875,133.2469940185547,125.70800018310547,133.42599487304688
9.25,8.276746033458368,12.168325106283492,11.170948562842144,14.440027367224474,4.7761397822991265,6.724313078317537,111.43699645996094,133.25399780273438,125.8759994506836,133.42599487304688
9.3,8.410665461098938,11.9082606845986,11.34553051590415,14.490925939302564,4.8924199470045115,6.891312895675396,111.5530014038086,133.26199340820312,126.04299926757812,133.42599487304688
9.35,8.551051379274575,12.511585235148884,11.517070543746648,14.544846063011308,5.010623838398881,7.063309966542313,111.6709976196289,133.2689971923828,126.21499633789062,133.42599487304688
9.4,8.695307779321682,12.258973492431448,11.69181463116956,14.596771347605246,5.130830794022016,7.235314666679886,111.79100036621094,133.2760009765625,126.38700103759766,133.42599487304688
9.450000000000001,8.842207577068168,12.858049423856114,11.863801064538542,14.651698734142135,5.253033310752798,7.412316620346755,111.91300201416016,133.2830047607422,126.56400299072266,133.42599487304688
9.5,8.989372862360167,12.597409077430877,12.037627106939581,14.7046144172585,5.376294009971216,7.5883114937858664,112.03600311279297,133.29100036621094,126.73999786376953,133.42599487304688
9.55,9.13378609375982,13.160089360944326,12.205592372246205,14.760549430021694,5.502487966108262,7.770310700882012,112.16200256347656,133.29800415039062,126.9219970703125,133.42599487304688
9.600000000000001,9.273941858923617,12.874465415858554,12.372096026479152,14.812482505144086,5.6307358036516835,7.950311006426433,112.29000091552734,133.30599975585938,127.10199737548828,133.42599487304688
9.65,9.409821748289326,13.404781518554264,12.53009282895567,14.867433763703266,5.760921589700214,8.135316194947464,112.41999816894531,133.31300354003906,127.28700256347656,133.42599487304688
9.700000000000001,9.530209690593782,13.09885346522822,12.684079278033478,14.91936817917764,5.8921696948354105,8.318314852548685,112.5510025024414,133.3209991455078,127.47000122070312,133.42599487304688
9.75,9.633551733049956,13.602961164059613,12.827542883811088,14.974319656828705,6.0253495884642145,8.506310763677932,112.68399810791016,133.3280029296875,127.65799713134766,133.42599487304688
9.8,9.7441602726017,13.280617133181563,12.964778528669385,15.025277118321636,6.160588290372705,8.692318129038927,112.81900024414062,133.33599853515625,127.84400177001953,133.427001953125
9.850000000000001,9.864679012694825,13.76348516640694,13.08996852179519,15.079228715301443,6.296770097660328,8.882312941475112,112.95500183105469,133.34300231933594,128.03399658203125,133.427001953125
9.9,9.996863410493074,13.427857119716869,13.206856884523734,15.12818164633593,6.4350020204305345,9.069309401891415,113.09300231933594,133.3509979248047,128.2209930419922,133.427001953125
9.950000000000001,10.136681524342947,13.893516955542001,13.310403637692323,15.180149494656334,6.575176490626688,9.261310745036111,113.23300170898438,133.35800170898438,128.41299438476562,133.427001953125
10.0,10.282598130155788,13.547124881782722,13.405375218127507,15.22812665011269,6.71640185195324,9.450321365646191,113.3740005493164,133.36599731445312,128.6020050048828,133.427001953125
10.05,10.429878680949514,13.998817487597968,13.489248030792869,15.278102941643862,6.860569269933893,9.644321610117665,113.51799774169922,133.3730010986328,128.79600524902344,133.427001953125
10.100000000000001,10.576980633288596,13.643713598211981,13.56617284902821,15.322060033702995,7.006791760950224,9.834308793261783,113.66400146484375,133.38099670410156,128.98599243164062,133.427001953125
10.15,10.734660101159788,14.084101442435792,13.63410484141636,15.369052782539518,7.154952388557101,10.029316117787397,113.81199645996094,133.38800048828125,129.18099975585938,133.427001953125
10.200000000000001,10.895325858970192,13.721977460078069,13.696417240901345,15.411034303779712,7.30516686014009,10.22131746109933,113.96199798583984,133.39599609375,129.3730010986328,133.427001953125
10.25,11.054251093827071,14.443632495995788,13.780484374094963,15.457026997614781,7.458326958206483,10.420322588265117,114.11499786376953,133.4029998779297,129.57200622558594,133.427001953125
10.3,11.208040208715481,14.055300964065449,13.857952757183352,15.499018619699214,7.612485468209313,10.616324243706746,114.26899719238281,133.41000366210938,129.76800537109375,133.42799377441406
10.350000000000001,11.35520706914167,14.44788111360681,13.926392351903337,15.542003700160286,7.76964691507058,10.816321192345209,114.4260025024414,133.41700744628906,129.96800231933594,133.42799377441406
10.4,11.48329613302769,14.055409109850181,13.98914755091667,15.579002893510753,7.928797009587554,11.01232033823583,114.58499908447266,133.4239959716797,130.16400146484375,133.42799377441406
10.450000000000001,11.60102622488749,14.447881114238225,14.044583966786291,15.618995956021585,8.088953885435652,11.212317286879342,114.74500274658203,133.43099975585938,130.36399841308594,133.42799377441406
10.5,11.728265342621976,14.055409112524536,14.095412389860474,15.653003078633168,8.251100151692903,11.408316432816289,114.90699768066406,133.43800354003906,130.55999755859375,133.42799377441406
10.55,11.864835858019928,14.447881115288352,14.140318752629511,15.689004586535091,8.415251098884363,11.6083133813943,115.07099914550781,133.44500732421875,130.75999450683594,133.42799377441406
10.600000000000001,12.010249383602629,14.055409114980646,14.181488304306379,15.719012465736638,8.581398506535933,11.804312527410003,115.23699951171875,133.45199584960938,130.95599365234375,133.42799377441406
10.65,12.162211859297072,14.447881116096147,14.217866271672415,15.751037597790852,8.749543702422216,12.004324734716334,115.40499877929688,133.45899963378906,131.156005859375,133.42799377441406
10.700000000000001,12.317633642805552,14.055409115831099,14.251209437247718,15.777051448664066,8.919647605683997,12.200323880792016,115.57499694824219,133.46499633789062,131.3520050048828,133.42799377441406
10.75,12.473591641553034,14.44788111597736,14.251634299245875,15.805061569369757,9.091794838348973,12.400320829289736,115.74700164794922,133.4720001220703,131.552001953125,133.42799377441406
10.8,12.627607616699377,14.055409114708297,14.251645114310161,15.827079317860148,9.265894116408685,12.596322562641465,115.9209976196289,133.47799682617188,131.7480010986328,133.4290008544922
10.850000000000001,12.765095115211595,14.447881115412669,14.251645114490747,15.850093874474785,9.44299762250091,12.79631951114274,116.0979995727539,133.48399353027344,131.947998046875,133.4290008544922
10.9,12.89246581759697,14.055409113075592,14.25164511481329,15.86811348191206,9.621100523812597,12.992318657212358,116.2760009765625,133.49000549316406,132.1439971923828,133.4290008544922
10.950000000000001,13.028679080060764,14.447881114816704,14.251645114871138,15.888134134281271,9.801200691284675,13.19231560572184,116.45600128173828,133.49600219726562,132.343994140625,133.4290008544922
11.0,13.172537866938725,14.055409111247727,14.251645114743459,15.90215582374117,9.98326870065002,13.388314751766005,116.63800048828125,133.50100708007812,132.5399932861328,133.4290008544922
11.05,13.323214425342883,14.447881114298871,14.251645114644512,15.917190946661243,10.167364502271361,13.587319879014364,116.8219985961914,133.5070037841797,132.73899841308594,133.4290008544922
11.100000000000001,13.46569101352165,14.055409109998559,14.251645114146303,15.928217618002614,10.353436052905515,13.784326105114229,117.00800323486328,133.51199340820312,132.93600463867188,133.4290008544922
11.15,13.60378830005875,14.447881113930517,14.25164511392974,15.938238836226509,10.542497671050278,13.983315973592362,117.1969985961914,133.51699829101562,133.13499450683594,133.4290008544922
11.200000000000001,13.753072417868726,14.055409108966018,14.251645113243232,15.945276735412321,10.73259472047614,14.180322199667957,117.38700103759766,133.5229949951172,133.33200073242188,133.4290008544922
11.25,13.909703649767287,14.447881113806565,14.251645113026152,15.952304454807235,10.924637679351385,14.37932732694361,117.5790023803711,133.52699279785156,133.531005859375,133.4290008544922
11.3,14.057459282921418,14.055409108241722,14.251645112379492,15.95532664421131,11.118702471569375,14.576318294218968,117.77300262451172,133.53199768066406,133.72799682617188,133.4290008544922
11.350000000000001,14.199254666854745,14.447881113633429,14.251645112201569,15.957352818473469,11.315741628409048,14.775325893060646,117.97000122070312,133.53599548339844,133.927001953125,133.42999267578125
11.4,14.351102231820207,14.055409107732727,14.251645111667282,15.955387997111725,11.513802920483707,14.971325039041679,118.16799926757812,133.54100036621094,134.1230010986328,133.42999267578125
11.450000000000001,14.509037761465015,14.447881113626888,14.2516451115483,15.954409258288477,11.714846701356894,15.171321987622006,118.36900329589844,133.5449981689453,134.322998046875,133.42999267578125
11.5,14.670411028707361,14.055409107207586,14.251645111144285,15.9484420395701,11.916882108368064,15.367321133594743,118.57099914550781,133.5489959716797,134.5189971923828,133.42999267578125
11.55,14.832284786161111,14.447881113551729,14.25164511106957,15.943467637336285,12.12192291689796,15.567318082182094,118.7760009765625,133.55299377441406,134.718994140625,133.42999267578125
11.600000000000001,14.992200870522066,14.055409106834778,14.251645110753193,15.931490448780421,12.32994481982259,15.763317228144562,118.98400115966797,133.55599975585938,134.9149932861328,133.42999267578125
11.65,15.148676597785222,14.447881113613464,14.251645110721489,15.922535442890279,12.538982685652446,15.963329435525072,119.19300079345703,133.55999755859375,135.11500549316406,133.42999267578125
11.700000000000001,15.288120405482383,14.055409106510611,14.251645110475948,15.906561988382178,12.751001981766267,16.159328581480068,119.40499877929688,133.56300354003906,135.31100463867188,133.42999267578125
11.75,15.405086290423304,14.447881113558296,14.251645110451122,15.893587265313155,12.964020413803748,16.35932553007867,119.61799621582031,133.5659942626953,135.51100158691406,133.42999267578125
11.8,15.52474216559513,14.055409106134459,14.251645110240394,15.874609177719835,13.179045393452666,16.555324676033,119.83300018310547,133.56900024414062,135.70700073242188,133.42999267578125
11.850000000000001,15.663569998614461,14.44788111352376,14.251645110229427,15.85761263535282,13.396057468255506,16.75532416018171,120.05000305175781,133.5709991455078,135.90699768066406,133.43099975585938
11.9,15.81954924336769,14.055409105871755,14.25164511004333,15.835644809822245,13.614072882314174,16.95132330613132,120.26799774169922,133.57400512695312,136.10299682617188,133.43099975585938
11.950000000000001,15.990376079857448,14.44788111357155,14.251645110037796,15.813660737211313,13.836082003311402,17.151320254739538,120.48999786376953,133.5760040283203,136.30299377441406,133.43099975585938
12.0,16.17298862854682,14.055409105715372,14.251645109888575,15.78667993393243,14.059090534662722,17.347319400679137,120.71299743652344,133.5780029296875,136.49899291992188,133.43099975585938
12.05,16.36072351265211,14.44788111361792,14.251645109895193,15.760706486543487,14.285104928310925,17.547331608075783,120.93900299072266,133.5800018310547,136.69900512695312,133.43099975585938
12.100000000000001,16.54537397392591,14.055409105567112,14.251645109768427,15.727729897223599,14.514109929175497,17.743330754010092,121.16799926757812,133.58200073242188,136.89500427246094,133.43099975585938
12.15,16.72084138564522,14.447881113694274,14.251645109776508,15.695728009466192,14.745114865999156,17.94232062254631,121.39900207519531,133.58299255371094,137.093994140625,133.43099975585938
12.200000000000001,16.8851930933977,14.05540910545106,14.251645109670552,15.65875449420946,14.979124693928112,18.13932684855656,121.63300323486328,133.5850067138672,137.29100036621094,133.43099975585938
12.25,17.0386577965591,14.447881113704122,14.251645109685132,15.621771163065718,15.215126839083773,18.338331975886103,121.86900329589844,133.58599853515625,137.49000549316406,133.43099975585938
12.3,17.18212386113477,14.055409105356178,14.251645109607304,15.580775242374088,15.453127932179894,18.535322943104703,122.10700225830078,133.58700561523438,137.68699645996094,133.43099975585938
12.350000000000001,17.318434984217323,14.447881113769043,14.251645109631834,15.540783813069336,15.69212840324054,18.734330618617474,122.34600067138672,133.58799743652344,137.88600158691406,133.4320068359375
12.4,17.451405782483715,14.055409105226968,14.251645109567358,15.495780288532425,15.93412516837793,18.931321585834116,122.58799743652344,133.58799743652344,138.08299255371094,133.4320068359375
12.450000000000001,17.584707103806284,14.447881113820957,14.251645109592298,15.451794005670838,16.17713110040374,19.13032671316612,122.83100128173828,133.58900451660156,138.28199768066406,133.4320068359375
12.5,17.72132320432123,14.055409105170845,14.251645109537844,15.40179354336617,16.423133297669796,19.326325859090584,123.0770034790039,133.58900451660156,138.47799682617188,133.4320068359375
12.55,17.845201172785096,14.447881113899303,14.251645109565985,15.354809095349204,16.670129307579963,19.526322807714706,123.3239974975586,133.58999633789062,138.67799377441406,133.4320068359375
12.600000000000001,17.949427035736228,14.055409105139569,14.25164510952323,15.30181050689287,16.919129856897218,19.722321953636573,123.572998046875,133.58999633789062,138.87399291992188,133.4320068359375
12.65,18.042106855998377,14.447881113937903,14.251645109547592,15.251825387757593,17.169129874251045,19.922334161049726,123.822998046875,133.58999633789062,139.07400512695312,133.4320068359375
12.700000000000001,18.1172064635966,14.055409105126673,14.251645109515156,15.196828045937734,17.42012936533437,20.118333306971593,124.0739974975586,133.58999633789062,139.27000427246094,133.4320068359375
12.75,18.17247737778098,14.44788111406423,14.251645109551168,15.144828914201641,17.67212827362941,20.318330255595704,124.32599639892578,133.58999633789062,139.47000122070312,133.4320068359375
12.8,18.203986820819722,14.055409105064925,14.251645109522045,15.087814838900345,17.92513619949188,20.514329401517564,124.5790023803711,133.58900451660156,139.66600036621094,133.4320068359375
12.850000000000001,18.215482983401376,14.447881114088036,14.251645109553943,15.034805990626573,18.178134551688146,20.714328809440232,124.83200073242188,133.58900451660156,139.86599731445312,133.43299865722656
12.9,18.21714913378324,14.055409105027481,14.251645109533992,14.977809863657667,18.431132904435202,20.9103279553621,125.08499908447266,133.58900451660156,140.06199645996094,133.43299865722656
12.950000000000001,18.213021243650854,14.44788111416658,14.251645109568557,14.924800852168225,18.684133261793303,21.110324903990556,125.33799743652344,133.58799743652344,140.26199340820312,133.43299865722656
13.0,18.207882014887705,14.055409105144395,14.251645109565914,14.867786794892785,18.937141188176696,21.306324049912423,125.59100341796875,133.58700561523438,140.45799255371094,133.43299865722656
13.05,18.203283059418712,14.447881114317072,14.25164510960769,14.8158028993161,19.189140090274545,21.506336257330535,125.84300231933594,133.58700561523438,140.6580047607422,133.43299865722656
13.100000000000001,18.19915279108544,14.055409105189076,14.251645109612642,14.758796309247504,19.442140447223025,21.702335403247865,126.09600067138672,133.58599853515625,140.85400390625,133.43299865722656
13.15,18.19408390712363,14.447881114355939,14.251645109654444,14.70578747823857,19.695140743727443,21.90233235187944,126.3489990234375,133.5850067138672,141.0540008544922,133.43299865722656
13.200000000000001,18.186276343579507,14.055409105226742,14.251645109664452,14.64879132833199,19.948139096018227,22.098331497794188,126.60199737548828,133.5850067138672,141.25,133.43299865722656
13.25,18.173789666151283,14.447881114431429,14.251645109701172,14.595789964059147,20.200140009862142,22.297336625138005,126.85399627685547,133.58399963378906,141.44900512695312,133.43299865722656
13.3,18.154820925588808,14.05544515409725,14.251648714604404,14.540766931882121,20.452148552985687,22.494327592339122,127.10600280761719,133.58299255371094,141.64599609375,133.43299865722656
13.350000000000001,18.127641999753543,14.447881114519827,14.251648714647581,14.487765752908903,20.704149406223245,22.693332719682946,127.35800170898438,133.58200073242188,141.84500122070312,133.43299865722656
13.4,18.091246451350628,14.055409105242608,14.251648714669093,14.432755343081993,20.956150319957555,22.890341519713346,127.61000061035156,133.58099365234375,142.04200744628906,133.4340057373047
13.450000000000001,18.048837830115854,14.44788111462406,14.251648714714841,14.380738364371588,21.207151730246867,23.089331388268757,127.86100006103516,133.5800018310547,142.24099731445312,133.4340057373047
13.5,18.0008128571774,14.055409105304493,14.251648714730852,14.3277549598859,21.457144100873332,23.28633761425954,128.11099243164062,133.5800018310547,142.43800354003906,133.4340057373047
13.55,17.94368412583082,14.447881114712153,14.251648714770358,14.277728991864096,21.706154364267114,23.485327482814952,128.36000061035156,133.57899475097656,142.63699340820312,133.4340057373047
13.600000000000001,17.884673159595902,14.055409105351211,14.251648714786569,14.224727885527203,21.955149281848595,23.6813266287297,128.60899353027344,133.5780029296875,142.83299255371094,133.4340057373047
13.65,17.82365024608744,14.447881114801042,14.25164871483108,14.17673126795735,22.203152429376285,23.88133883614968,128.85699462890625,133.57699584960938,143.0330047607422,133.4340057373047
13.700000000000001,17.755461666232417,14.055409105427724,14.251648714851177,14.12571373540729,22.45016369822582,24.07733798206378,129.10400390625,133.5760040283203,143.22900390625,133.4340057373047
13.75,17.68212444820349,14.447881114859642,14.251648714894,14.07970069762385,22.696167956946095,24.277334930694725,129.35000610351562,133.5749969482422,143.4290008544922,133.4340057373047
13.8,17.60497079720228,14.055409105434212,14.251645110027699,14.030697259606788,22.941165082180337,24.473334076609472,129.59500122070312,133.57400512695312,143.625,133.4340057373047
13.850000000000001,17.525296856923145,14.447881114918172,14.251645110067534,13.986693109353002,23.185168378712085,24.673331025241048,129.83900451660156,133.57400512695312,143.8249969482422,133.4340057373047
13.9,17.444031936445302,14.055409105424305,14.251645110085704,13.93967846922006,23.42816668204212,24.869332680613596,130.08200073242188,133.572998046875,144.02099609375,133.43499755859375
13.950000000000001,17.361586294621695,14.447881114991905,14.251645110122487,13.898670305551661,23.66916603792026,25.06932962924704,130.322998046875,133.57200622558594,144.2209930419922,133.43499755859375
14.0,17.284939450459614,14.055445154410735,14.25164871503311,13.85367966501502,23.910165456965,25.26534403395017,130.56399536132812,133.5709991455078,144.41700744628906,133.43499755859375
14.05,17.210631191142443,14.44788111505386,14.251648715067281,13.814680084799638,24.14916387033977,25.465340982583616,130.80299377441406,133.5709991455078,144.61700439453125,133.43499755859375
14.100000000000001,17.134449281196456,14.05540910554,14.251648715086162,13.772664922154686,24.387172528882598,25.661340128498363,131.04100036621094,133.57000732421875,144.81300354003906,133.43499755859375
14.15,17.05405465339708,14.447881115124943,14.251648715118552,13.734647247364617,24.625181251424866,25.861337077131807,131.2790069580078,133.56900024414062,145.01300048828125,133.43499755859375
14.200000000000001,16.96095316405109,14.055409105601715,14.251648715135952,13.694646053040199,24.86117583195124,26.05733622304591,131.51499938964844,133.5679931640625,145.20899963378906,133.43499755859375
14.25,16.85730423551372,14.447881115170107,14.251648715166997,13.658652271565801,25.096176442342326,26.25634135039476,131.75,133.5679931640625,145.4080047607422,133.43499755859375
14.3,16.745806907027948,14.055409105682454,14.25164871519182,13.622633594161098,25.32918026228927,26.45333231759652,131.98300170898438,133.56700134277344,145.60499572753906,133.43499755859375
14.350000000000001,16.6391713200429,14.447881115338408,14.251648715233845,13.58964564480091,25.56117489120567,26.65233744494537,132.21499633789062,133.56700134277344,145.8040008544922,133.43499755859375
14.4,16.536566550374765,14.055445154628371,14.25165232015425,13.556622982266285,25.791188082229848,26.84934624497513,132.44500732421875,133.5659942626953,146.00100708007812,133.43600463867188
14.450000000000001,16.42704928022114,14.447881115398692,14.25165232019493,13.52662558513164,26.020176729693475,27.048336113534944,132.6739959716797,133.5659942626953,146.1999969482422,133.43600463867188
14.5,16.322429834161028,14.05540910587613,14.251648715341469,13.496618678090046,26.24718390128146,27.245342339523173,132.9010009765625,133.56500244140625,146.39700317382812,133.43600463867188
14.55,16.220186413705704,14.44788111546204,14.251648715382288,13.469611857560386,26.4731818260872,27.444332208085516,133.1269989013672,133.56500244140625,146.5959930419922,133.43600463867188
14.600000000000001,16.117224020063976,14.055409105968534,14.251648715425139,13.442610673684285,26.6971831133862,27.641338434073745,133.3509979248047,133.56399536132812,146.79299926757812,133.43600463867188
14.65,16.020740510800064,14.447881115508332,14.251648715463478,13.418609688408651,26.92019031553484,27.84034356142512,133.57400512695312,133.56399536132812,146.99200439453125,133.43600463867188
14.700000000000001,15.92494215375487,14.055409106076375,14.251648715510944,13.392600455010426,27.1421926531554,28.036342707337287,133.79600524902344,133.56300354003906,147.18800354003906,133.43600463867188
14.75,15.821331737511425,14.447881115597673,14.251648715553703,13.37259708333662,27.362193873858732,28.23633965597324,134.01600646972656,133.56300354003906,147.38800048828125,133.43600463867188
14.8,15.71246533980007,14.055409105982967,14.251648715583752,13.349603127011383,27.581188014483736,28.432338801885418,134.23500061035156,133.56300354003906,147.58399963378906,133.43600463867188
14.850000000000001,15.613967505628786,14.447881115677976,14.251648715617709,13.332596051346647,27.79818559067037,28.63233575052137,134.45199584960938,133.56199645996094,147.78399658203125,133.43600463867188
14.9,15.537104383163372,14.055409106024841,14.251645110757357,13.311576288005048,28.0151960887173,28.828337405891343,134.66900634765625,133.56199645996094,147.97999572753906,133.43699645996094
14.950000000000001,15.488575892590452,14.447881115691674,14.251645110786654,13.296577560428156,28.230192426609303,29.028334354527296,134.88400268554688,133.56199645996094,148.17999267578125,133.43699645996094
15.0,15.469566468858098,14.055409106097297,14.251645110808772,13.277596466835009,28.445188764503165,29.224348759225936,135.0989990234375,133.56199645996094,148.37600708007812,133.43699645996094
15.05,15.478060787534705,14.447881115815674,14.251645110844134,13.26258843182148,28.660187390122687,29.42434570786189,135.31399536132812,133.56100463867188,148.5760040283203,133.43699645996094
15.100000000000001,15.506248329171845,14.055409106227286,14.25164511087001,13.24357681295422,28.87519898681263,29.6203448537715,135.5290069580078,133.56100463867188,148.77200317382812,133.43699645996094
15.15,15.54361462607824,14.4478811159236,14.251645110911536,13.227586303926362,29.091187146004458,29.82034180240745,135.7449951171875,133.56100463867188,148.9720001220703,133.43699645996094
15.200000000000001,15.582962077307162,14.055409106368243,14.251645110940723,13.20758291189586,29.30719056398303,30.016340948317062,135.96099853515625,133.56100463867188,149.16799926757812,133.43699645996094
15.25,15.618962264805464,14.447881116001135,14.251645110981068,13.190585371130073,29.524185803250248,30.216337896953014,136.17799377441406,133.56100463867188,149.3679962158203,133.43699645996094
15.3,15.646177036643675,14.055409106413368,14.251645111024109,13.169574948612574,29.74119630130302,30.412337042862625,136.39500427246094,133.56100463867188,149.56399536132812,133.43699645996094
15.350000000000001,15.666408566555328,14.447881116047112,14.251645111061023,13.15157617764153,29.958193877492622,30.611342170211476,136.61199951171875,133.55999755859375,149.76300048828125,133.43699645996094
15.4,15.686532095724083,14.055409106460669,14.251645111104605,13.130581003636369,30.17619619683018,30.808348396197154,136.8300018310547,133.55999755859375,149.9600067138672,133.43699645996094
15.450000000000001,15.709896696108672,14.44788111618585,14.251645111154023,13.111559979028257,30.394198516166583,31.007340813137443,137.04800415039062,133.55999755859375,150.15899658203125,133.43800354003906
15.5,15.739884080734384,14.055409106552098,14.251645111199503,13.090564795557347,30.612200835503092,31.20434703912312,137.26600646972656,133.55999755859375,150.3560028076172,133.43800354003906
15.55,15.771492016680016,14.44788111626288,14.251645111244224,13.07056139312925,30.831194976128664,31.40333690768294,137.48500061035156,133.55999755859375,150.55499267578125,133.43800354003906
15.600000000000001,15.797915844336593,14.055409106591693,14.251645111280666,13.047567401376371,31.051196196832116,31.60034313366862,137.7050018310547,133.55999755859375,150.7519989013672,133.43800354003906
15.65,15.81764321727543,14.447881116339735,14.251645111322281,13.02757926281692,31.27019033745727,31.79934826101747,137.9239959716797,133.55999755859375,150.9510040283203,133.43800354003906
15.700000000000001,15.82390895030678,14.055409106713938,14.25164511135685,13.004570019583216,31.490191558160397,31.99633922821412,138.1439971923828,133.55999755859375,151.1479949951172,133.43800354003906
15.75,15.812244694572007,14.447881116432352,14.251645111399972,12.98357485119841,31.71019277886374,32.19534435556297,138.36399841308594,133.55999755859375,151.3470001220703,133.43800354003906
15.8,15.78344521109039,14.055409106825106,14.251645111441144,12.960580872946297,31.929186919489702,32.39134350147258,138.58299255371094,133.55999755859375,151.54299926757812,133.43800354003906
15.850000000000001,15.737436715113773,14.447881116494866,14.251645111485919,12.941569265286686,32.14819631890619,32.59134045010853,138.802001953125,133.55999755859375,151.7429962158203,133.43800354003906
15.9,15.678361361011854,14.0554091068613,14.251645111525983,12.919567070721858,32.36619863824576,32.78733959601814,139.02000427246094,133.55999755859375,151.93899536132812,133.43800354003906
15.950000000000001,15.608088538688202,14.447881116572198,14.251645111564619,12.902575457085417,32.58319387750816,32.987354262551584,139.23699951171875,133.55999755859375,152.13900756835938,133.43899536132812
16.0,15.533821080244673,14.05540910690743,14.251645111600151,12.882572065678684,32.79919729548198,33.183353408461194,139.4530029296875,133.55999755859375,152.3350067138672,133.43899536132812
16.05,15.4590490734232,14.447881116648333,14.251645111638695,12.866566302925163,33.01520071345514,33.38335035709714,139.66900634765625,133.55999755859375,152.53500366210938,133.43899536132812
16.1,15.393709816134796,14.055409107014645,14.25164511168099,12.848576987286057,33.22918997127067,33.57934950300675,139.88299560546875,133.55999755859375,152.7310028076172,133.43899536132812
16.150000000000002,15.34356257929044,14.447881116710088,14.251645111718023,12.835577076119575,33.4421874077955,33.7793464516427,140.0959930419922,133.55999755859375,152.93099975585938,133.43899536132812
16.2,15.303601729491895,14.055409107076217,14.251645111754252,12.818573829319664,33.655202483728395,33.97534559755231,140.3090057373047,133.56100463867188,153.1269989013672,133.43899536132812
16.25,15.282830899746985,14.447881116833491,14.251645111794366,12.806580964920638,33.86719284017372,34.17534254618826,140.52099609375,133.56100463867188,153.32699584960938,133.43899536132812
16.3,15.286178518804991,14.055409107182047,14.251645111830062,12.790575222525852,34.07919845540876,34.37134169209787,140.73300170898438,133.56100463867188,153.5229949951172,133.43899536132812
16.35,15.311991467898695,14.447881116924695,14.251645111873042,12.777590584437615,34.29219589193488,34.571353899522855,140.9459991455078,133.56100463867188,153.72300720214844,133.43899536132812
16.400000000000002,15.346478181894655,14.055409107274844,14.251645111914396,12.76059306939286,34.50519332846247,34.76735304543503,141.15899658203125,133.56100463867188,153.91900634765625,133.43899536132812
16.45,15.37189460597668,14.44788111701687,14.251645111958862,12.746576542147752,34.71819076498987,34.96634546237785,141.3719940185547,133.56100463867188,154.1179962158203,133.44000244140625
16.5,15.38237139390435,14.055409107382921,14.251645112006411,12.7295790180641,34.932195281594105,35.163351688366085,141.58599853515625,133.56100463867188,154.31500244140625,133.44000244140625
16.55,15.383235188308525,14.447881117064115,14.251645112047992,12.715587341365817,35.14519271811866,35.36235681571747,141.7989959716797,133.56100463867188,154.51400756835938,133.44000244140625
16.6,15.381292057049592,14.05540910740349,14.251645112086877,12.69857456292913,35.35919723472056,35.55934778291412,142.01300048828125,133.56100463867188,154.71099853515625,133.44000244140625
16.650000000000002,15.376502809641451,14.447881117110686,14.251645112126937,12.683585355894344,35.573204049647934,35.75835291026297,142.2270050048828,133.56199645996094,154.91000366210938,133.44000244140625
16.7,15.370060458471396,14.055409107481868,14.2516451121675,12.667579627491522,35.78620148617137,35.95534387745962,142.44000244140625,133.56199645996094,155.10699462890625,133.44000244140625
16.75,15.363903057041899,14.447881117219064,14.251645112206058,12.652580934257356,36.00020600277294,36.15434900480847,142.6540069580078,133.56199645996094,155.30599975585938,133.44000244140625
16.8,15.358720683379406,14.05540910758518,14.25164511224637,12.636590467572498,36.21320343929641,36.351355230794155,142.86700439453125,133.56199645996094,155.5030059814453,133.44000244140625
16.85,15.354616348251291,14.447881117311606,14.251645112285061,12.622583552722684,36.42620087581988,36.550345099353976,143.0800018310547,133.56199645996094,155.70199584960938,133.44000244140625
16.900000000000002,15.34446417699613,14.055409107648122,14.25164511232239,12.605586056662498,36.63919831234333,36.746344245263586,143.29299926757812,133.56199645996094,155.8979949951172,133.44000244140625
16.95,15.323296715219007,14.44788111741952,14.251645112362656,12.592591866455635,36.85219574886689,36.94635891179703,143.50599670410156,133.56199645996094,156.09800720214844,133.4409942626953
17.0,15.297592257775081,14.055409107739415,14.251645112398304,12.575604091685415,37.06519556618133,37.14235805770664,143.718994140625,133.56300354003906,156.29400634765625,133.4409942626953
17.05,15.271168469320193,14.447881117496301,14.251645112441523,12.56359599044864,37.277201181416125,37.342355006342586,143.93099975585938,133.56300354003906,156.49400329589844,133.4409942626953
17.1,15.245499970644318,14.055409107826355,14.25164511248381,12.54759027647331,37.48920679665084,37.5383541522522,144.14300537109375,133.56300354003906,156.69000244140625,133.4409942626953
17.150000000000002,15.223971935543473,14.44788111763547,14.25164511253629,12.53559743583251,37.70119715309638,37.738351100888146,144.35499572753906,133.56300354003906,156.88999938964844,133.4409942626953
17.2,15.208276897678884,14.055409107969815,14.251645112585084,12.520598757497574,37.912195688252716,37.934350246797756,144.5659942626953,133.56300354003906,157.08599853515625,133.4409942626953
17.25,15.198663897215184,14.447881117666434,14.251645112629822,12.509597693417842,38.12319422340897,38.134347195433705,144.77699279785156,133.56300354003906,157.28599548339844,133.4409942626953
17.3,15.194200716027353,14.055409108047913,14.251645112676096,12.494583759983499,38.33420801735434,38.330346341343315,144.98800659179688,133.56300354003906,157.48199462890625,133.4409942626953
17.35,15.193084925264628,14.447881117712585,14.251645112716195,12.483607689172826,38.545208883579114,38.5303585487683,145.19900512695312,133.56399536132812,157.6820068359375,133.4409942626953
17.400000000000002,15.193335539471407,14.05540910810969,14.251645112762352,12.468609028487982,38.756207418735535,38.72635769467791,145.41000366210938,133.56399536132812,157.8780059814453,133.4409942626953
17.45,15.200859439341363,14.44788111778966,14.251645112799366,12.457607977386834,38.96720595389206,38.92635464331386,145.62100219726562,133.56399536132812,158.0780029296875,133.4409942626953
17.5,15.218895893684849,14.055409108141575,14.251645112839583,12.44160763142376,39.17919631033787,39.122356376488796,145.83299255371094,133.56399536132812,158.2740020751953,133.44200134277344
17.55,15.240640235222227,14.44788111789767,14.25164511287972,12.429599542302405,39.390210104284066,39.32136150383765,146.04400634765625,133.56399536132812,158.47300720214844,133.44200134277344
17.6,15.254932623952385,14.055409108202175,14.251645112917302,12.41460087597668,39.60220046073007,39.5183524710343,146.25599670410156,133.56399536132812,158.6699981689453,133.44200134277344
17.650000000000002,15.25457212801107,14.447881117988983,14.251645112952653,12.401601016069577,39.814206075964655,39.71735759838315,146.46800231933594,133.56399536132812,158.86900329589844,133.44200134277344
17.7,15.233907539746959,14.055409108337924,14.251645112989465,12.386612312549431,40.026198824510686,39.91434856558236,146.67999267578125,133.56500244140625,159.0659942626953,133.44200134277344
17.75,15.191896784507401,14.447881118128675,14.251645113035687,12.374604238238364,40.23721261845657,40.11335369293374,146.89100646972656,133.56500244140625,159.26499938964844,133.44200134277344
17.8,15.134692270081649,14.055409108455445,14.25164511307644,12.361619650887233,40.44720407353637,40.310359918919424,147.1009979248047,133.56500244140625,159.46200561523438,133.44200134277344
17.85,15.06571519003143,14.447881118190642,14.251645113124246,12.350603351071364,40.657210787406875,40.509349787479245,147.31100463867188,133.56500244140625,159.66099548339844,133.44200134277344
17.900000000000002,14.999151660189032,14.05540910852288,14.251645113165562,12.33861053822361,40.8662104211995,40.70635601346493,147.52000427246094,133.56500244140625,159.85800170898438,133.44200134277344
17.95,14.943387368879405,14.447881118222556,14.251645113208856,12.329623558384897,41.074202974913185,40.90536114081378,147.72799682617188,133.56500244140625,160.0570068359375,133.44200134277344
18.0,14.897164006142582,14.055409108543653,14.25164511324906,12.318612656026628,41.28120370733645,41.10136279618119,147.93499755859375,133.56500244140625,160.2530059814453,133.4429931640625
18.05,14.871927993095959,14.44788111829979,14.251645113289271,12.312610856379436,41.487215005996724,41.30135974481714,148.14100646972656,133.5659942626953,160.4530029296875,133.4429931640625
18.1,14.86508718186801,14.05540910862071,14.251645113331126,12.301609818922419,41.694215738418656,41.49735889072675,148.34800720214844,133.5659942626953,160.6490020751953,133.4429931640625
18.150000000000002,14.8640073914819,14.447881118375975,14.251645113369824,12.295613414748072,41.90020939076301,41.6973558393627,148.5540008544922,133.5659942626953,160.8489990234375,133.4429931640625
18.2,14.864403879256637,14.05540910871136,14.251645113407168,12.284612378811547,42.107210123186036,41.89335498527231,148.76100158691406,133.5659942626953,161.0449981689453,133.4429931640625
18.25,14.869443789885972,14.447881118468484,14.251645113441148,12.278615975469563,42.31320377553104,42.09335193390826,148.9669952392578,133.5659942626953,161.2449951171875,133.4429931640625
18.3,14.881394784389045,14.055409108788421,14.251645113474444,12.26761494105896,42.52020450795431,42.28935107981787,149.1739959716797,133.5659942626953,161.4409942626953,133.4429931640625
18.35,14.900799329091383,14.447881118576701,14.25164511351305,12.26062676717213,42.72720524037789,42.48936328724285,149.38099670410156,133.5659942626953,161.64100646972656,133.4429931640625
18.400000000000002,14.92682655852476,14.055409108876638,14.251645113548426,12.249635888082086,42.9342084225616,42.68536243315246,149.58799743652344,133.56700134277344,161.83700561523438,133.4429931640625
18.45,14.96009103959406,14.447881118667786,14.251645113592948,12.242632463020156,43.14120915498535,42.88535938178841,149.7949981689453,133.56700134277344,162.03700256347656,133.4429931640625
18.5,15.001130074382111,14.055409109002623,14.251645113638848,12.23061424320122,43.349216967487514,43.081361114965915,150.0030059814453,133.56700134277344,162.23300170898438,133.44400024414062
18.55,15.04177427902531,14.447881118761055,14.251645113684972,12.221612013284322,43.55821660127843,43.28135806360439,150.21200561523438,133.56700134277344,162.43299865722656,133.44400024414062
18.6,15.06891903425093,14.05540910903884,14.251645113726784,12.208612184104735,43.76721623506863,43.477357209514,150.42100524902344,133.56700134277344,162.62899780273438,133.44400024414062
18.650000000000002,15.073670532461817,14.447881118808889,14.251645113770076,12.197626414096495,43.97720769014697,43.67636233686285,150.63099670410156,133.56700134277344,162.8280029296875,133.44400024414062
18.7,15.052178438453641,14.055409109097903,14.25164511380873,12.185628410027613,44.18620967729897,43.8733533040595,150.83999633789062,133.5679931640625,163.02499389648438,133.44400024414062
18.75,15.0060992659315,14.447881118870695,14.251645113848951,12.17563442105044,44.39520931108972,44.072358431408354,151.0489959716797,133.5679931640625,163.2239990234375,133.44400024414062
18.8,14.940830078186552,14.05540910916088,14.251645113886198,12.16463340512204,44.60321712359354,44.269364657394036,151.2570037841797,133.5679931640625,163.42100524902344,133.44400024414062
18.85,14.869406842217726,14.447881118962348,14.251645113924763,12.15762998500536,44.80921077594319,44.468354525953856,151.46299743652344,133.5679931640625,163.6199951171875,133.44400024414062
18.900000000000002,14.810042828886441,14.055409109282273,14.251645113965328,12.148627768008675,45.01521968708111,44.66536075193954,151.66900634765625,133.5679931640625,163.81700134277344,133.44400024414062
18.95,14.767994313316857,14.447881119085782,14.251645114007127,12.141639606843531,45.22121333942785,44.86436587928839,151.875,133.5679931640625,164.01600646972656,133.44400024414062
19.0,14.737249721445089,14.055409109360706,14.251645114042935,12.133618911073201,45.42621517048354,45.06135942072403,152.0800018310547,133.5679931640625,164.21299743652344,133.44500732421875
19.05,14.717558405918995,14.447881119163117,14.251645114083143,12.128629543484402,45.63020992146023,45.260364548072886,152.28399658203125,133.5679931640625,164.41200256347656,133.44500732421875
19.1,14.713490007214101,14.055409109435548,14.251645114122814,12.120619091345015,45.83421993122591,45.456363693982496,152.48800659179688,133.5679931640625,164.60800170898438,133.44500732421875
19.150000000000002,14.728105233949872,14.447881119239767,14.251645114165905,12.115629724307794,46.03920650349233,45.656360642618445,152.6929931640625,133.5679931640625,164.80799865722656,133.44500732421875
19.200000000000003,14.762449510366372,14.055409109556752,14.251645114211792,12.106637775297889,46.24421080819568,45.852359788528055,152.8979949951172,133.56900024414062,165.00399780273438,133.44500732421875
19.25,14.814866313671635,14.447881119348084,14.251645114259532,12.101633155105006,46.44921263925443,46.052356737164004,153.10299682617188,133.56900024414062,165.20399475097656,133.44500732421875
19.3,14.87253768165589,14.05540910966716,14.25164511431016,12.09162391532678,46.655221550392625,46.248355883073614,153.3090057373047,133.56900024414062,165.39999389648438,133.44500732421875
19.35,14.916925881109718,14.447881119410082,14.251645114354933,12.084635757611704,46.862222282818834,46.4483680904986,153.51600646972656,133.56900024414062,165.60000610351562,133.44500732421875
19.400000000000002,14.934709987904158,14.055409109714402,14.251645114398144,12.072642981340586,47.07021483653176,46.64436723640821,153.7239990234375,133.56900024414062,165.79600524902344,133.44500732421875
19.450000000000003,14.918474221621432,14.447881119471973,14.25164511443676,12.06563956679978,47.27721556895372,46.84436418504416,153.93099975585938,133.56900024414062,165.99600219726562,133.44500732421875
19.5,14.870017598235384,14.055409109791672,14.251645114479857,12.054638561334643,47.48421630137638,47.04036333095377,154.13800048828125,133.56900024414062,166.19200134277344,133.44500732421875
19.55,14.80014106658689,14.447881119564448,14.251645114519988,12.048632008597714,47.69020995372374,47.24036273888579,154.343994140625,133.56900024414062,166.39199829101562,133.4459991455078
19.6,14.7151463108263,14.055409109839031,14.251645114560336,12.039629792516278,47.89521178478498,47.4363618847954,154.5489959716797,133.56900024414062,166.58799743652344,133.4459991455078
19.650000000000002,14.620105931134647,14.447881119672564,14.251645114603615,12.03662396799937,48.098214714481095,47.63635883343135,154.7519989013672,133.56900024414062,166.78799438476562,133.4459991455078
19.700000000000003,14.532086500365105,14.055409109929522,14.25164511464089,12.02963088911224,48.30122014217995,47.83235797934096,154.9550018310547,133.57000732421875,166.98399353027344,133.4459991455078
19.75,14.470022279831728,14.447881119749228,14.251645114681006,12.028639120537184,48.50222417050493,48.032370186765945,155.156005859375,133.57000732421875,167.1840057373047,133.4459991455078
19.8,14.44475025821968,14.05540911001984,14.251645114716274,12.02364976177906,48.70321294003714,48.228369332675555,155.35699462890625,133.57000732421875,167.3800048828125,133.4459991455078
19.85,14.458610189420716,14.447881119842037,14.25164511475947,12.023634503811353,48.903225147068575,48.428366281311504,155.5570068359375,133.57000732421875,167.5800018310547,133.4459991455078
19.900000000000002,14.504977651542069,14.055409110123378,14.251645114800368,12.017638118810082,49.105220996681226,48.624365427221115,155.75900268554688,133.57000732421875,167.7760009765625,133.4459991455078
19.950000000000003,14.574241311139588,14.447881119919288,14.251645114845099,12.015639323897107,49.30721684629853,48.82436237585706,155.96099853515625,133.57000732421875,167.9759979248047,133.4459991455078
20.0,14.656321212349653,14.055409110220591,14.251645114887989,12.008635912934086,49.510219775997626,49.020361521766674,156.16400146484375,133.57000732421875,168.1719970703125,133.4459991455078
20.05,14.740129751356912,14.44788111998199,14.251645114929744,12.00462796253351,49.71421452698627,49.22036100595095,156.3679962158203,133.57000732421875,168.3719940185547,133.44700622558594
20.1,14.810292929743634,14.055409110255665,14.251645114971407,11.995625749904343,49.919216358050136,49.41636015186056,156.572998046875,133.57000732421875,168.5679931640625,133.44700622558594
20.150000000000002,14.852413487155076,14.447881120074703,14.251645115011621,11.988622334164289,50.1252252691875,49.61536527920941,156.7790069580078,133.57000732421875,168.76699829101562,133.44700622558594
20.200000000000003,14.874121770797677,14.05540911031849,14.251645115050518,11.978653837216688,50.33221311908428,49.812371505195095,156.98599243164062,133.5709991455078,168.96400451660156,133.44700622558594
20.25,14.883338255868198,14.447881120135659,14.251645115089161,11.970643402447145,50.53921385150617,50.011361373754916,157.1929931640625,133.5709991455078,169.16299438476562,133.44700622558594
20.3,14.874696794377916,14.055409110393736,14.25164511512655,11.961641200203095,50.74522276263941,50.2083675997406,157.3990020751953,133.5709991455078,169.36000061035156,133.44700622558594
20.35,14.849388734602352,14.447881120212772,14.251645115163623,11.953646024622307,50.95222349506299,50.40737272708945,157.6060028076172,133.5709991455078,169.5590057373047,133.44700622558594
20.400000000000002,14.810545171128258,14.055409110501763,14.25164511520146,11.94464382375486,51.15821714741012,50.6043636942861,157.81199645996094,133.5709991455078,169.75599670410156,133.44700622558594
20.450000000000003,14.760866331012213,14.447881120320734,14.251645115241606,11.938647442935602,51.363218978469185,50.803368821634955,158.01699829101562,133.5709991455078,169.9550018310547,133.44700622558594
20.5,14.70466952047061,14.055409110559124,14.25164511527546,11.931644036703045,51.5672137294509,51.0003597888316,158.2209930419922,133.5709991455078,170.15199279785156,133.44700622558594
20.55,14.645702086115904,14.447881120413204,14.251645115318581,11.92662915423372,51.7712237392214,51.19936738773326,158.4250030517578,133.5709991455078,170.3509979248047,133.447998046875
20.6,14.594040552636754,14.055409110670572,14.251645115360073,11.92063276919339,51.974226668912564,51.39637361371894,158.6280059814453,133.5709991455078,170.54800415039062,133.447998046875
20.650000000000002,14.560309057275436,14.447881120476097,14.251645115400214,11.917626947825331,52.17622251852386,51.59536348227876,158.8300018310547,133.5709991455078,170.7469940185547,133.447998046875
20.700000000000003,14.54767304867279,14.055409110718879,14.251645115440251,11.910633979584809,52.379227946215046,51.791362628188374,159.0330047607422,133.57200622558594,170.9429931640625,133.447998046875
20.75,14.555557452182143,14.447881120537938,14.25164511548048,11.908650444553885,52.58122379582451,51.99137483561336,159.23500061035156,133.57200622558594,171.14300537109375,133.447998046875
20.8,14.581692893283776,14.055409110765078,14.251645115517615,11.902654065743677,52.78321964543507,52.18737398152297,159.43699645996094,133.57200622558594,171.33900451660156,133.447998046875
20.85,14.62338085836448,14.447881120614188,14.251645115557759,11.89964824750226,52.98622257512534,52.387370930158916,159.63999938964844,133.57200622558594,171.53900146484375,133.447998046875
20.900000000000002,14.673025335885312,14.055409110887894,14.251645115596371,11.892644843851194,53.18922550481726,52.583370076068526,159.84300231933594,133.57200622558594,171.73500061035156,133.447998046875
20.950000000000003,14.720724885955356,14.447881120722492,14.251645115636546,11.887640233265707,53.39422733587607,52.783367024704475,160.04800415039062,133.57200622558594,171.93499755859375,133.447998046875
21.0,14.7646805108871,14.055409110965018,14.251645115677139,11.879645063127054,53.59822208685604,52.979366170614085,160.2519989013672,133.57200622558594,172.13099670410156,133.447998046875
21.05,14.800034169230013,14.447881120815083,14.251645115717327,11.873638210717262,53.8042157392018,53.17936565479836,160.45799255371094,133.57200622558594,172.33099365234375,133.44900512695312
21.1,14.81562102185754,14.055409111042325,14.251645115754503,11.86362898262759,54.010224650335324,53.37536480070797,160.66400146484375,133.57200622558594,172.52699279785156,133.44900512695312
21.150000000000002,14.805074126038852,14.447881120907786,14.251645115797672,11.858639626920544,54.21522648139002,53.57537700813295,160.86900329589844,133.57200622558594,172.7270050048828,133.44900512695312
21.200000000000003,14.767057974502086,14.055409111144849,14.25164511584027,11.848645658157192,54.42122013373479,53.771376154042564,161.0749969482422,133.57200622558594,172.92300415039062,133.44900512695312
21.25,14.705246111435782,14.44788112098456,14.251645115884932,11.844643154096813,54.62523255442368,53.97137310267851,161.2790069580078,133.572998046875,173.1230010986328,133.44900512695312
21.3,14.626693835997802,14.055409111241916,14.251645115932615,11.836647987014532,54.82922730540652,54.16737224858812,161.48300170898438,133.572998046875,173.31900024414062,133.44900512695312
21.35,14.539249488619424,14.447881121031095,14.251645115974304,11.83464919535448,55.03122315502427,54.36736919722407,161.68499755859375,133.572998046875,173.5189971923828,133.44900512695312
21.400000000000002,14.461165841526991,14.055409111365442,14.251645116022058,11.82964458734298,55.23222718335186,54.56336834313368,161.88600158691406,133.572998046875,173.71499633789062,133.44900512695312
21.450000000000003,14.397517202689272,14.447881121108448,14.251645116060654,11.82863756260192,55.43323121167691,54.76336529176963,162.08700561523438,133.572998046875,173.9149932861328,133.44900512695312
21.5,14.351473302310604,14.055409111428357,14.251645116106989,11.825647004292787,55.63222107984288,54.95936443767924,162.28599548339844,133.572998046875,174.11099243164062,133.44900512695312
21.55,14.345496900409033,14.44788112120131,14.25164511614561,11.825651904523081,55.83221802808513,55.15937910421268,162.48599243164062,133.572998046875,174.31100463867188,133.4499969482422
21.6,14.382180936497399,14.055409111490214,14.251645116190398,11.82264608571504,56.03122315503975,55.35537825012229,162.68499755859375,133.572998046875,174.5070037841797,133.4499969482422
21.650000000000002,14.449501385322257,14.447881121309383,14.251645116230558,11.822646085728174,56.23122010328802,55.55537519875824,162.88499450683594,133.572998046875,174.70700073242188,133.4499969482422
21.700000000000003,14.535577570010153,14.055409111537605,14.251645116269833,11.81663444836862,56.43323121169779,55.75137434466785,163.08700561523438,133.572998046875,174.9029998779297,133.4499969482422
21.75,14.62989693875887,14.447881121401918,14.251645116311568,11.813654416219808,56.63522957177796,55.95037947201671,163.28900146484375,133.57400512695312,175.1020050048828,133.4499969482422
21.8,14.711904764021275,14.055409111609277,14.251645116348303,11.806651018129037,56.839224322766604,56.147370439213354,163.4929962158203,133.57400512695312,175.2989959716797,133.4499969482422
21.85,14.767993404073565,14.447881121463421,14.251645116391535,11.800654645000797,57.04422615382818,56.34637556656221,163.697998046875,133.57400512695312,175.4980010986328,133.4499969482422
21.900000000000002,14.791033790047353,14.055409111717355,14.251645116426726,11.792659481301966,57.24922798488471,56.54338179254789,163.9029998779297,133.57400512695312,175.69500732421875,133.4499969482422
21.950000000000003,14.763997107630116,14.447881121571509,14.251645116473032,11.785656084624867,57.45522163722852,56.74237166110771,164.10899353027344,133.57400512695312,175.8939971923828,133.4499969482422
22.0,14.688721848419263,14.055409111823204,14.251645116512515,11.778652688362818,57.65923164699804,56.93937788709339,164.31300354003906,133.57400512695312,176.09100341796875,133.4499969482422
22.05,14.582053135471181,14.447881121664524,14.251645116558837,11.774639849348235,57.862234576696714,57.13836775565321,164.51600646972656,133.57400512695312,176.2899932861328,133.4499969482422
22.1,14.461057562745918,14.055409111905009,14.251645116600319,11.769639934367243,58.06423042632373,57.3353765556785,164.71800231933594,133.57400512695312,176.48699951171875,133.4510040283203
22.150000000000002,14.340420767466966,14.447881121696225,14.251645116639,11.768648167257455,58.26422737458483,57.534381683027355,164.91799926757812,133.57400512695312,176.68600463867188,133.4510040283203
22.200000000000003,14.238576604912465,14.05540911192594,14.251645116677832,11.767641142176334,58.46222542147401,57.731372650224,165.11599731445312,133.57400512695312,176.88299560546875,133.4510040283203
22.25,14.174892783646266,14.447881121788232,14.251645116716466,11.769639934372863,58.659231647066775,57.93037777757286,165.31300354003906,133.57400512695312,177.08200073242188,133.4510040283203
22.3,14.157613325454177,14.055409112015337,14.251645116757071,11.768658575142863,58.85622511068757,58.12637692348247,165.50999450683594,133.5749969482422,177.2779998779297,133.4510040283203
22.35,14.18626879304199,14.447881121880858,14.251645116798818,11.771649131853867,59.05323133627445,58.32637387211842,165.70700073242188,133.5749969482422,177.47799682617188,133.4510040283203
22.400000000000002,14.25009682709042,14.055409112092674,14.251645116836348,11.7706421076405,59.250237561867216,58.52237301802803,165.9040069580078,133.5749969482422,177.6739959716797,133.4510040283203
22.450000000000003,14.327784808240805,14.44788112197367,14.251645116876565,11.771649131859267,59.449227430044,58.722369966663976,166.10299682617188,133.5749969482422,177.87399291992188,133.4510040283203
22.5,14.400720349982423,14.055409112184243,14.25164511691267,11.768658575145592,59.648232557011234,58.91838437136261,166.302001953125,133.5749969482422,178.07000732421875,133.4510040283203
22.55,14.446584859867583,14.447881122080416,14.25164511695426,11.767651550987901,59.849236585341295,59.11838131999856,166.5030059814453,133.5749969482422,178.27000427246094,133.4510040283203
22.6,14.456484567710685,14.055409112276193,14.251645116991375,11.762651790850153,60.050225354876005,59.314382975368545,166.70399475097656,133.5749969482422,178.46600341796875,133.45199584960938
22.650000000000002,14.448457672306297,14.447881122157302,14.251645117037484,11.762636532914984,60.250237561907696,59.51437992400702,166.9040069580078,133.5749969482422,178.66600036621094,133.45199584960938
22.700000000000003,14.437945119925182,14.055409112367649,14.251645117081654,11.757647181796731,60.451226331439,59.71037906991919,167.10499572753906,133.5749969482422,178.86199951171875,133.45199584960938
22.75,14.435316979134326,14.447881122220036,14.251645117124832,11.757647181815155,60.65122327968143,59.91037601855766,167.30499267578125,133.5749969482422,179.06199645996094,133.45199584960938
22.8,14.448672226564984,14.055409112435866,14.251645117166884,11.752642572975724,60.85222730800188,60.10637516446727,167.50599670410156,133.5749969482422,179.25799560546875,133.45199584960938
22.85,14.48211701613446,14.447881122283585,14.251645117207156,11.751646132051029,61.05323385916699,60.30637211310322,167.70700073242188,133.5760040283203,179.45799255371094,133.45199584960938
22.900000000000002,14.53564962162415,14.05540911247974,14.251645117245863,11.746656785940889,61.254237887487925,60.50238651780186,167.9080047607422,133.5760040283203,179.6540069580078,133.45199584960938
22.950000000000003,14.598613315250228,14.447881122345287,14.251645117283024,11.743666230007483,61.45722555838794,60.70238346643781,168.11099243164062,133.5760040283203,179.85400390625,133.45199584960938
23.0,14.653620514818762,14.0554091125428,14.251645117318882,11.736662836530178,61.6602284880773,60.89838261234742,168.31399536132812,133.5760040283203,180.0500030517578,133.45199584960938
23.05,14.687389741131657,14.447881122452788,14.25164511735612,11.73264999911665,61.864238497843836,61.09837956098337,168.51800537109375,133.5760040283203,180.25,133.45199584960938
23.1,14.69228551333616,14.055409112664332,14.251645117394935,11.72464423221553,62.068233248820434,61.294381294158306,168.7220001220703,133.5760040283203,180.4459991455078,133.4530029296875
23.150000000000002,14.666616964285916,14.447881122545436,14.251645117433748,11.720646649576345,62.272227999797714,61.494378242794255,168.92599487304688,133.5760040283203,180.64599609375,133.4530029296875
23.200000000000003,14.614885069900811,14.05540911274151,14.251645117471133,11.713643251287014,62.47523092948841,61.690377388703865,169.12899780273438,133.5760040283203,180.8419952392578,133.4530029296875
23.25,14.550048539396581,14.447881122637948,14.251645117512926,11.710652693578774,62.67823385918191,61.89038959612885,169.33200073242188,133.5760040283203,181.04200744628906,133.4530029296875
23.3,14.486832492660003,14.05540911282881,14.25164511755222,11.70564808694253,62.87923788750924,62.08638874203846,169.5330047607422,133.5760040283203,181.23800659179688,133.4530029296875
23.35,14.429772230512395,14.447881122730642,14.251645117596928,11.703659761667279,63.08022910420663,62.28537861059828,169.73399353027344,133.57699584960938,181.43699645996094,133.4530029296875
23.400000000000002,14.390460895245079,14.055409112956886,14.251645117644642,11.700653948951233,63.28024131124136,62.48238483658396,169.9340057373047,133.57699584960938,181.63400268554688,133.4530029296875
23.450000000000003,14.371093183914962,14.447881122792356,14.25164511768935,11.69964692543891,63.48023825948448,62.68137470514378,170.13400268554688,133.57699584960938,181.83299255371094,133.4530029296875
23.5,14.353309075390918,14.055409113066078,14.251645117741678,11.697663394268881,63.679228127648635,62.87838093112946,170.33299255371094,133.57699584960938,182.02999877929688,133.4530029296875
23.55,14.327964991254193,14.447881122854467,14.251645117781843,11.69766339428155,63.87823325460177,63.07738605847832,170.53199768066406,133.57699584960938,182.22900390625,133.4530029296875
23.6,14.298481274002489,14.055409113127974,14.251645117828208,11.695638874416334,64.07723838155489,63.27437952249817,170.7310028076172,133.57699584960938,182.42599487304688,133.45399475097656
23.650000000000002,14.274469264276602,14.447881122962606,14.251645117869923,11.696645898816914,64.27523642842989,63.47338464984703,170.9290008544922,133.57699584960938,182.625,133.45399475097656
23.700000000000003,14.262913032207535,14.055409113175575,14.251645117913332,11.694647107983117,64.47424155538307,63.67039087583271,171.1280059814453,133.57699584960938,182.82200622558594,133.45399475097656
23.75,14.268384762056888,14.447881123086303,14.251645117958168,11.695638874429827,64.67223960225846,63.86938074439253,171.3260040283203,133.57699584960938,183.02099609375,133.45399475097656
23.8,14.29185690999544,14.05540911325159,14.251645118000445,11.694647107983709,64.87023764913476,64.0663869703782,171.5240020751953,133.57699584960938,183.21800231933594,133.45399475097656
23.85,14.331708995593786,14.447881123163533,14.251645118043735,11.694647107999383,65.06924277609035,64.26539209772706,171.72300720214844,133.57699584960938,183.41700744628906,133.45399475097656
23.900000000000002,14.386572849263112,14.055409113322257,14.251645118080273,11.69165655079658,65.2682326442584,64.46139124363667,171.9219970703125,133.57699584960938,183.61300659179688,133.45399475097656
23.950000000000003,14.450689252629143,14.447881123240592,14.251645118125097,11.690649526475374,65.46923667258395,64.66138819227263,172.1230010986328,133.57699584960938,183.81300354003906,133.45399475097656
24.0,14.5168218119848,14.055409113429347,14.251645118161424,11.68565556453168,65.67024322375396,64.85738733818224,172.32400512695312,133.5780029296875,184.00900268554688,133.45399475097656
24.05,14.57478157562686,14.447881123333453,14.251645118209321,11.683656775761897,65.87223907336751,65.05738428681819,172.5260009765625,133.5780029296875,184.20899963378906,133.45399475097656
24.1,14.610888842897422,14.055409113509842,14.25164511824751,11.676653386308967,66.07524200305674,65.2533834327278,172.72900390625,133.5780029296875,184.40499877929688,133.45399475097656
24.150000000000002,14.620249538573487,14.447881123395252,14.251645118290776,11.673636919762355,66.27824493274443,65.45338291691208,172.9320068359375,133.5780029296875,184.60499572753906,133.4550018310547
24.200000000000003,14.602932325751869,14.055409113576223,14.251645118330838,11.666648782529276,66.48123260364324,65.64938206282169,173.13499450683594,133.5780029296875,184.80099487304688,133.4550018310547
24.25,14.562397912910116,14.447881123473657,14.251645118369575,11.664649992296821,66.6832437120441,65.84939427024668,173.33700561523438,133.5780029296875,185.00100708007812,133.4550018310547
24.3,14.505085319999091,14.05540911362354,14.25164511840677,11.658653621747398,66.88523956165868,66.04539341615629,173.53900146484375,133.5780029296875,185.19700622558594,133.4550018310547
24.35,14.435821648446336,14.44788112353539,14.251645118443955,11.657646597738792,67.08624358998601,66.24539036479224,173.74000549316406,133.5780029296875,185.39700317382812,133.4550018310547
24.400000000000002,14.367889197412778,14.055409113701923,14.251645118481921,11.653649017597848,67.2862405382355,66.44138951070185,173.94000244140625,133.5780029296875,185.59300231933594,133.4550018310547
24.450000000000003,14.318388895370303,14.447881123611905,14.25164511851905,11.654640783657465,67.48524566519391,66.64138645933781,174.13900756835938,133.5780029296875,185.79299926757812,133.4550018310547
24.5,14.297077117356778,14.05540911377725,14.251645118553842,11.651660740001164,67.68423800510207,66.83738560524742,174.33799743652344,133.57899475097656,185.98899841308594,133.4550018310547
24.55,14.305788930539782,14.44788112368912,14.251645118589408,11.653659528214803,67.88223605197712,67.03738255388338,174.53599548339844,133.57899475097656,186.18899536132812,133.4550018310547
24.6,14.341176933899712,14.055409113882122,14.251645118626636,11.650653716953107,68.08124117893118,67.23338169979299,174.73500061035156,133.57899475097656,186.38499450683594,133.4550018310547
24.650000000000002,14.398488664002247,14.447881123797401,14.251645118666849,11.650658461590133,68.28123812717715,67.43339636632643,174.93499755859375,133.57899475097656,186.5850067138672,133.45599365234375
24.700000000000003,14.472000950478156,14.055409113974816,14.251645118706708,11.646660881721267,68.48123507542573,67.62939551223604,175.13499450683594,133.57899475097656,186.781005859375,133.45599365234375
24.75,14.548572235962762,14.447881123891047,14.251645118748447,11.644646833933313,68.6832461838321,67.829392460872,175.33700561523438,133.57899475097656,186.9810028076172,133.45599365234375
24.8,14.615676399312346,14.055409114022142,14.251645118788309,11.6376586986418,68.88623385473716,68.02539160678161,175.5399932861328,133.57899475097656,187.177001953125,133.45599365234375
24.85,14.664313226995839,14.44788112393647,14.251645118828417,11.634652885164579,69.08923678442832,68.22538855541757,175.7429962158203,133.57899475097656,187.3769989013672,133.45599365234375
24.900000000000002,14.683285243593033,14.055409114089883,14.251645118867213,11.626642468879451,69.29324679419486,68.42138770132718,175.94700622558594,133.57899475097656,187.572998046875,133.45599365234375
24.950000000000003,14.669100848115127,14.447881124013549,14.25164511890738,11.621653124226066,69.49724154517148,68.62039282867603,176.1510009765625,133.57899475097656,187.77200317382812,133.45599365234375
25.0,14.624928944883372,14.055409114167103,14.251645118946366,11.61564149821559,69.70024447486107,68.81738379587269,176.35400390625,133.57899475097656,187.968994140625,133.45599365234375
25.05,14.558652173491934,14.447881124091243,14.251645118986579,11.611654631300164,69.90324990255772,69.01638892322154,176.5570068359375,133.5800018310547,188.16799926757812,133.45599365234375
25.1,14.479993453869819,14.055409114272052,14.251645119025572,11.607672314531538,70.10423867209767,69.21339514920722,176.75799560546875,133.5800018310547,188.36500549316406,133.45599365234375
25.150000000000002,14.398524646073898,14.447881124199505,14.251645119065781,11.605647552242976,70.30524270042783,69.4123875661475,176.95899963378906,133.5800018310547,188.56399536132812,133.45700073242188
25.200000000000003,14.328793188789108,14.05540911434928,14.25164511910323,11.603648763145902,70.50424782738864,69.60939379213318,177.1580047607422,133.5800018310547,188.76100158691406,133.45700073242188
25.25,14.279832783455763,14.447881124292401,14.251645119143365,11.603664021089156,70.7032376955567,69.80839891948203,177.35699462890625,133.5800018310547,188.9600067138672,133.45700073242188
25.3,14.254705004118646,14.055409114426688,14.251645119183816,11.602656997585026,70.90123574243276,70.00538988667869,177.55499267578125,133.5800018310547,189.15699768066406,133.45700073242188
25.35,14.258557103733805,14.447881124384683,14.251645119228638,11.603648763156487,71.09924904809682,70.20439501402754,177.7530059814453,133.5800018310547,189.3560028076172,133.45700073242188
25.400000000000002,14.289804657217974,14.055409114513868,14.251645119271037,11.602641739653729,71.29724709497329,70.4013859812242,177.9510040283203,133.5800018310547,189.55299377441406,133.45700073242188
25.450000000000003,14.34261717976904,14.447881124446901,14.251645119314372,11.602656997599707,71.49623696314187,70.60039110857305,178.14999389648438,133.5800018310547,189.7519989013672,133.45700073242188
25.5,14.404536338862082,14.055409114657506,14.251645119363411,11.598644161649196,71.69624917018017,70.79639025448266,178.35000610351562,133.5800018310547,189.947998046875,133.45700073242188
25.55,14.462209445815585,14.447881124601631,14.251645119414448,11.598644161667826,71.89624611842942,70.99638720311862,178.5500030517578,133.5800018310547,190.1479949951172,133.45700073242188
25.6,14.51041370097491,14.055409114751287,14.25164511946237,11.59264779493305,72.098241968044,71.19238634902823,178.7519989013672,133.5800018310547,190.343994140625,133.45700073242188
25.650000000000002,14.541769373878552,14.447881124616938,14.251645119504113,11.591645547537038,72.29924599636695,71.39240101556167,178.9530029296875,133.5800018310547,190.54400634765625,133.45799255371094
25.700000000000003,14.54677331710263,14.055409114783432,14.251645119547527,11.585659663168665,72.5012442809366,71.58840016147128,179.15499877929688,133.58099365234375,190.74000549316406,133.45799255371094
25.75,14.522725259626956,14.447881124725402,14.251645119590828,11.583660874495848,72.7032401305461,71.78839711010724,179.35699462890625,133.58099365234375,190.94000244140625,133.45799255371094
25.8,14.472613859984092,14.055409114859676,14.251645119634128,11.577649250701576,72.90525123894659,71.98439625601685,179.5590057373047,133.58099365234375,191.13600158691406,133.45799255371094
25.85,14.401080817464683,14.447881124787163,14.251645119674375,11.577649250718038,73.10524818719375,72.1843932046528,179.75900268554688,133.58099365234375,191.33599853515625,133.45799255371094
25.900000000000002,14.321809280753794,14.055409114921435,14.251645119715132,11.574658696871921,73.30423805536525,72.38039235056242,179.95799255371094,133.58099365234375,191.53199768066406,133.45799255371094
25.950000000000003,14.256252631652117,14.447881124879787,14.251645119758422,11.575650462175078,73.50324318232512,72.58038929919837,180.15699768066406,133.58099365234375,191.73199462890625,133.45799255371094
26.0,14.219893019560569,14.055409115007636,14.251645119793437,11.574643438942772,73.70024940791436,72.77638844510798,180.35400390625,133.58099365234375,191.92799377441406,133.45799255371094
26.05,14.222449049210724,14.447881124972522,14.251645119830528,11.57665748540007,73.89824745478974,72.97640065253297,180.552001953125,133.58099365234375,192.1280059814453,133.45799255371094
26.1,14.26600899420408,14.055409115114797,14.251645119866879,11.57465869687031,74.09624550166548,73.17239979844258,180.75,133.58099365234375,192.32400512695312,133.45799255371094
26.150000000000002,14.339341028566707,14.447881125049884,14.251645119910174,11.57665748540323,74.2942435485455,73.37239674707854,180.947998046875,133.58099365234375,192.5240020751953,133.45799255371094
26.200000000000003,14.431356704918263,14.055409115212008,14.25164511995303,11.572659908393925,74.49424303234551,73.56839848025348,181.1479949951172,133.58200073242188,192.72000122070312,133.45899963378906
26.25,14.539860456154743,14.447881125128154,14.251645119993308,11.570645862048666,74.69625414075648,73.76839542888943,181.35000610351562,133.58200073242188,192.9199981689453,133.45899963378906
26.3,14.652973312236037,14.055409115247171,14.251645120032055,11.563657731765058,74.89924181166863,73.96439457479904,181.55299377441406,133.58200073242188,193.11599731445312,133.45899963378906
26.35,14.759029172573099,14.447881125190252,14.251645120072364,11.55964489737849,75.10325182144548,74.164391523435,181.7570037841797,133.58200073242188,193.3159942626953,133.45899963378906
26.400000000000002,14.838120457914039,14.055409115293633,14.251645120109583,11.549650956823147,75.30924547379576,74.36039066934461,181.96299743652344,133.58200073242188,193.51199340820312,133.45899963378906
26.450000000000003,14.85702038153755,14.447881125267513,14.251645120148357,11.543654593001122,75.51525438492948,74.5604028767696,182.16900634765625,133.58200073242188,193.71200561523438,133.45899963378906
26.5,14.812381539637046,14.055409115388729,14.251645120186463,11.533660654010502,75.72124803727452,74.75640202267921,182.375,133.58200073242188,193.9080047607422,133.45899963378906
26.55,14.722705594548296,14.447881125374876,14.251645120226698,11.527649033205657,75.92624986833916,74.95539189123903,182.5800018310547,133.58200073242188,194.10699462890625,133.45899963378906
26.6,14.613733196521888,14.055409115493896,14.251645120264607,11.520660905865695,76.13024461933466,75.1523981172247,182.78399658203125,133.58200073242188,194.3040008544922,133.45899963378906
26.650000000000002,14.515165184997306,14.447881125467882,14.251645120306407,11.517670353727935,76.33224046896544,75.35140324457356,182.98599243164062,133.58200073242188,194.5030059814453,133.45899963378906
26.700000000000003,14.43747636480694,14.055409115551198,14.251645120340324,11.513657358112473,76.53324694427609,75.5483967860092,183.18699645996094,133.58299255371094,194.6999969482422,133.4600067138672
26.75,14.386897173180381,14.447881125529156,14.251645120380426,11.512665593424751,76.73324389252629,75.74740191335806,183.38699340820312,133.58299255371094,194.8990020751953,133.4600067138672
26.8,14.362921224119793,14.055409115647544,14.251645120420463,11.510651548205916,76.93224901948155,75.94439288055472,183.58599853515625,133.58299255371094,195.0959930419922,133.4600067138672
26.85,14.351832759936313,14.447881125606747,14.251645120462111,11.509659783547448,77.13224596772382,76.14339800790357,183.78599548339844,133.58299255371094,195.2949981689453,133.4600067138672
26.900000000000002,14.348664765562885,14.055409115729285,14.251645120505676,11.507660996308005,77.33125109467719,76.34040423388925,183.98500061035156,133.58299255371094,195.49200439453125,133.4600067138672
26.950000000000003,14.347548988272548,14.447881125669872,14.251645120545913,11.50764573840294,77.5302562216309,76.53939410244907,184.1840057373047,133.58299255371094,195.6909942626953,133.4600067138672
27.0,14.34463334897232,14.055409115788729,14.251645120585914,11.504655186582145,77.73025316987402,76.73640032843474,184.38400268554688,133.58299255371094,195.88800048828125,133.4600067138672
27.05,14.344597309426778,14.447881125747145,14.251645120623142,11.504670444513376,77.92924303803915,76.9354054557836,184.58299255371094,133.58299255371094,196.08700561523438,133.4600067138672
27.1,14.343373370950623,14.055409115866,14.251645120660353,11.501664634862927,78.12824816499308,77.1314046016932,184.78199768066406,133.58299255371094,196.2830047607422,133.4600067138672
27.150000000000002,14.331492681506928,14.447881125839912,14.251645120697555,11.502656399469128,78.32725329194665,77.33140155032916,184.9810028076172,133.58299255371094,196.48300170898438,133.4600067138672
27.200000000000003,14.310828935445477,14.05540911594463,14.2516451207369,11.499655283297836,78.52624316011078,77.52740320569657,185.17999267578125,133.58299255371094,196.6790008544922,133.46099853515625
27.25,14.290309380203356,14.44788112594748,14.25164512077873,11.500647048795278,78.7252482870639,77.72740015433253,185.37899780273438,133.58299255371094,196.87899780273438,133.46099853515625
27.3,14.277421037308875,14.055409116050814,14.251645120819058,11.498648259894706,78.9232463339389,77.92339930024214,185.57699584960938,133.58299255371094,197.0749969482422,133.46099853515625
27.35,14.271265256706606,14.447881126024832,14.251645120860866,11.500657775565069,79.12124694195968,78.1233962488781,185.77499389648438,133.58399963378906,197.27499389648438,133.46099853515625
27.400000000000002,14.27061722714527,14.055409116127032,14.251645120900642,11.498643730613223,79.31926024762383,78.3193953947877,185.97300720214844,133.58399963378906,197.4709930419922,133.46099853515625
27.450000000000003,14.28134520562887,14.447881126132852,14.251645120946938,11.499666011008587,79.51825011578812,78.5194076022127,186.1719970703125,133.58399963378906,197.67100524902344,133.46099853515625
27.5,14.306436948708257,14.055409116217751,14.25164512098984,11.49766722399223,79.71624816266386,78.7154067481223,186.3699951171875,133.58399963378906,197.86700439453125,133.46099853515625
27.55,14.336317193955761,14.447881126179292,14.251645121033055,11.498658988547305,79.91525328961829,78.91540369675826,186.56900024414062,133.58399963378906,198.06700134277344,133.46099853515625
27.6,14.357665017470238,14.055409116359243,14.25164512108238,11.495653179116328,80.11425841657261,79.11140284266787,186.76800537109375,133.58399963378906,198.26300048828125,133.46099853515625
27.650000000000002,14.361228697508416,14.447881126256979,14.251645121124088,11.495653179134816,80.31425536481524,79.31139979130383,186.96800231933594,133.58399963378906,198.46299743652344,133.46099853515625
27.700000000000003,14.349132573408642,14.055409116406784,14.251645121170304,11.492636635545688,80.51326049176836,79.50740152447877,187.16700744628906,133.58399963378906,198.65899658203125,133.46200561523438
27.75,14.327820793997942,14.447881126334341,14.251645121208991,11.493643658907036,80.71225035993267,79.70739847311472,187.36599731445312,133.58399963378906,198.85899353027344,133.46200561523438
27.8,14.296824754970347,14.055409116454262,14.251645121249336,11.490637846816277,80.9112554868865,79.90339761902433,187.56500244140625,133.58399963378906,199.05499267578125,133.46200561523438
27.85,14.255604545303951,14.447881126442876,14.251645121291139,11.492651893490208,81.10925353376285,80.10340982644932,187.76300048828125,133.58399963378906,199.2550048828125,133.46200561523438
27.900000000000002,14.210605232117983,14.055409116547228,14.251645121333159,11.490663840843476,81.30725414178559,80.29940897235893,187.96099853515625,133.5850067138672,199.4510040283203,133.46200561523438
27.950000000000003,14.169385053948515,14.44788112655109,14.251645121374983,11.493654392207528,81.50426036737315,80.49940592099489,188.1580047607422,133.5850067138672,199.6510009765625,133.46200561523438
28.0,14.137092989973274,14.055409116621108,14.251645121415319,11.492662627704352,81.70125133417106,80.6954050669045,188.35499572753906,133.5850067138672,199.8470001220703,133.46200561523438
28.05,14.12366479484199,14.447881126596998,14.251645121457091,11.496660201560692,81.89725047967919,80.89540201554045,188.55099487304688,133.5850067138672,200.0469970703125,133.46200561523438
28.1,14.13367267951312,14.24660557919696,14.270764767740863,11.498658988527328,82.09324962518706,81.09340006298896,188.7469940185547,133.5850067138672,200.2449951171875,133.46200561523438
28.150000000000002,14.166000842589305,14.449862099153043,14.27096286503047,11.501664798045955,82.2902558507742,81.2934122705053,188.94400024414062,133.5850067138672,200.44500732421875,133.46200561523438
28.200000000000003,14.206932663281494,14.055481213728067,14.270970074762596,11.500657775550152,82.48726207636282,81.48941141637013,189.14100646972656,133.5850067138672,200.64100646972656,133.46200561523438
28.25,14.240737094357181,14.44788112675821,14.270970074804982,11.503653022991788,82.6842530431626,81.68941082432377,189.33799743652344,133.5850067138672,200.84100341796875,133.46299743652344
28.3,14.254309509398611,14.055445165850827,14.270973679744639,11.501654234059652,82.88225109003938,81.88540997023082,189.53599548339844,133.5850067138672,201.03700256347656,133.46299743652344
28.35,14.24041351198355,14.447881126871637,14.270973679787517,11.503653022993978,83.0802491369146,82.08540691886427,189.73399353027344,133.5850067138672,201.23699951171875,133.46299743652344
28.400000000000002,14.202433417449251,14.055409117111378,14.27097367984393,11.501638976128984,83.27826244257884,82.28140606478613,189.9320068359375,133.5850067138672,201.43299865722656,133.46299743652344
28.450000000000003,14.15192546983342,14.447881126904305,14.270973679879251,11.505636554015336,83.47426158808815,82.48140301340592,190.1280059814453,133.5850067138672,201.63299560546875,133.46299743652344
28.5,14.103217394291724,14.055445165990118,14.27097728481615,11.504655349711191,83.67125505171073,82.67740215932584,190.3249969482422,133.58599853515625,201.82899475097656,133.46299743652344
28.55,14.067504945191798,14.4478811270099,14.270977284857441,11.509659946607956,83.86626237593147,82.87741436674146,190.52000427246094,133.58599853515625,202.0290069580078,133.46299743652344
28.6,14.056489423413637,14.055445165931797,14.251861243530922,11.51066696916747,84.06125444136168,83.07341351265556,190.71499633789062,133.58599853515625,202.22500610351562,133.46299743652344
28.650000000000002,14.075604778230709,14.447881127058844,14.251663146321501,11.514664543739142,84.25725358686951,83.2734104612865,190.91099548339844,133.58599853515625,202.4250030517578,133.46299743652344
28.700000000000003,14.123341235702622,14.055409116978776,14.251655936646575,11.514664543726262,84.45325273237883,83.4694096071961,191.10699462890625,133.58599853515625,202.62100219726562,133.46299743652344
28.75,14.19328897317741,14.447881127157123,14.251655936686467,11.518651408456321,84.64925187789089,83.6694090913854,191.30299377441406,133.58599853515625,202.8209991455078,133.46400451660156
28.8,14.27868110021115,14.05544516600182,14.251655936701564,11.51663736127208,84.84726518356207,83.86540823729501,191.50100708007812,133.58599853515625,203.01699829101562,133.46400451660156
28.85,14.36130087762206,14.44788112723621,14.251655936738022,11.517644384873392,85.04625505173419,84.0654051859379,191.6999969482422,133.58599853515625,203.2169952392578,133.46400451660156
28.900000000000002,14.43387674323602,14.055409117233266,14.251655936750211,11.513646806459764,85.24625199998223,84.26140433184752,191.89999389648438,133.58599853515625,203.41299438476562,133.46400451660156
28.950000000000003,14.489677000331023,14.447881127329792,14.251655936792762,11.512655040875517,85.44725602830601,84.46141653927943,192.1009979248047,133.58599853515625,203.61300659179688,133.46400451660156
29.0,14.502745583387881,14.055409117245299,14.25165233191828,11.506669394775756,85.6492543883734,84.65741568519095,192.30299377441406,133.58700561523438,203.8090057373047,133.46400451660156
29.05,14.468653614315494,14.447881127362605,14.251652331953547,11.50566237226405,85.85025841669452,84.85741263383385,192.50399780273438,133.58700561523438,204.00900268554688,133.46400451660156
29.1,14.399172789223172,14.055445166181073,14.251652331978477,11.50166479803853,86.05025536494226,85.05341177974603,192.70399475097656,133.58700561523438,204.2050018310547,133.46400451660156
29.150000000000002,14.313025344396147,14.447881127442322,14.251652332016823,11.50065777557163,86.25026757198454,85.25241690710249,192.9040069580078,133.58700561523438,204.4040069580078,133.46400451660156
29.200000000000003,14.232204561614601,14.055445166285105,14.251655936947454,11.4996507530774,86.44826561887233,85.44940787429914,193.1020050048828,133.58700561523438,204.6009979248047,133.46400451660156
29.25,14.164200882196647,14.28483713673309,14.235351537905052,11.500647210651527,86.64525658567915,85.64740840603888,193.2989959716797,133.58700561523438,204.7989959716797,133.46499633789062
29.3,14.11434096938147,13.461804899264948,14.175987511231366,11.495657868495924,86.84125573119263,85.83841797609645,193.4949951171875,133.58700561523438,204.99000549316406,133.46499633789062
29.35,14.07906111927803,13.400751167582909,14.071274515266037,11.488654482524948,87.03725487670242,86.02741341407952,193.6909942626953,133.58700561523438,205.1790008544922,133.46499633789062
29.400000000000002,14.04097289773774,12.45169507789012,13.910903111331724,11.471641899165924,87.23226220092178,86.20540725981412,193.88600158691406,133.58700561523438,205.35699462890625,133.46499633789062
29.450000000000003,14.000256540298853,12.536545069992584,13.719769505598,11.453652802954911,87.42725426635171,86.38240923104966,194.08099365234375,133.58700561523438,205.53399658203125,133.46499633789062
29.5,13.960837093280201,11.658634752531047,13.480092069126576,11.42765329811747,87.62125451049239,86.5504088860594,194.27499389648438,133.58700561523438,205.70199584960938,133.46499633789062
29.55,13.917277176549081,11.659262332409178,13.201230189631236,11.399655038820162,87.81426293334401,86.71541889283861,194.46800231933594,133.58700561523438,205.86700439453125,133.46499633789062
29.6,13.866372724885407,9.998198811747091,12.795505554187837,11.357665340673602,88.00725609740658,86.86642202317012,194.66099548339844,133.58700561523438,206.01800537109375,133.46499633789062
29.650000000000002,13.806109298797011,7.323133747278365,12.083030816171444,11.288669124482121,88.19925744018019,86.98942322382702,194.85299682617188,133.58700561523438,206.14100646972656,133.46499633789062
29.700000000000003,13.736017388178926,5.829281189992139,11.260414418542148,11.199665403307083,88.39026953667508,87.09141334067081,195.04400634765625,133.58799743652344,206.2429962158203,133.46499633789062
29.75,13.65717673481133,5.213672853842045,10.353297990253044,11.101679433406352,88.58126379937124,87.18441569968324,195.23500061035156,133.58799743652344,206.33599853515625,133.46499633789062
29.8,13.57106536342987,4.533967018749913,9.46051420220154,10.996690346504442,88.77025916070077,87.26841917296528,195.4239959716797,133.58799743652344,206.4199981689453,133.46499633789062
29.85,13.472064805415043,3.801509381767474,8.500590023619996,10.88370657801538,88.95725562066342,87.34244006899706,195.61099243164062,133.58799743652344,206.49400329589844,133.46499633789062
29.900000000000002,13.349701139817707,3.027945113300218,7.5582150271610065,10.761706110055684,89.14326025933855,87.4064689111003,195.7969970703125,133.58799743652344,206.55799865722656,133.46499633789062
29.950000000000003,13.198033157516635,2.2301649379729667,6.5275770139590445,10.630719636851008,89.32825781793774,87.46052100317975,195.98199462890625,133.58799743652344,206.61199951171875,133.46499633789062
30.0,13.014360615312292,0.06581366697971476,5.368294905403912,10.454736786508668,89.50925757380678,87.4655258964466,196.16299438476562,133.58799743652344,206.61700439453125,133.46499633789062
30.05,12.80595681766594,0.23191599259838708,4.225560271422834,10.277746745087233,89.68825842831349,87.46767814081505,196.3419952392578,133.58799743652344,206.61900329589844,133.46499633789062
30.1,12.562345262031911,0.32476739708392083,3.258217129956516,10.105745842573736,89.86426856016922,87.47205748495547,196.51800537109375,133.58799743652344,206.6230010986328,133.46499633789062
30.150000000000002,12.291300500445837,0.3609962882002862,2.5620033840487078,9.936766457790329,90.03626563050736,87.47589349787374,196.69000244140625,133.58799743652344,206.62600708007812,133.46499633789062
30.200000000000003,12.013560943665363,0.35418141725462554,2.0144934067749567,9.771785540077937,90.2052567194028,87.48059161195225,196.85899353027344,133.58799743652344,206.6300048828125,133.46499633789062
30.25,11.718432945631209,0.3174981193476881,1.524875933325521,9.611794846465681,90.36925818427362,87.4851347845593,197.0229949951172,133.58799743652344,206.63400268554688,133.46499633789062
30.3,11.37452479140805,0.2629881663277477,1.0977780480833048,9.45479536533812,90.5292618464136,87.48853556746681,197.18299865722656,133.58799743652344,206.63699340820312,133.46499633789062
30.35,11.009844740984551,0.20080147312699878,0.7377072572192572,9.302816034229185,90.68426062574669,87.49170467425049,197.33799743652344,133.58799743652344,206.63999938964844,133.46499633789062
30.400000000000002,10.602720557381511,0.1391184206421684,0.44882458795345226,9.15582613144314,90.83426978106405,87.4947405079272,197.48800659179688,133.58799743652344,206.64300537109375,133.46499633789062
30.450000000000003,10.09303297875331,0.08471523142051045,0.23427961729820662,9.014847837109734,90.97725989343705,87.49674005877887,197.63099670410156,133.58799743652344,206.64500427246094,133.46499633789062
30.5,9.561708335028927,0.04521601039364546,0.23221985163959968,8.879850658707424,91.11326148044449,87.49780875214144,197.76699829101562,133.58799743652344,206.64599609375,133.46499633789062
30.55,9.027720374433562,0.034100802706612775,0.21243833265042228,8.752863869426529,91.24126746198706,87.49898980547667,197.89500427246094,133.58799743652344,206.64700317382812,133.46499633789062
30.6,8.660772683017019,0.0444091679246798,0.18440250973449818,8.630881819286506,91.36326148058293,87.49971330551423,198.01699829101562,133.58799743652344,206.64700317382812,133.46499633789062
30.650000000000002,8.08718417873707,0.05313813970247452,0.15361669488471702,8.51491085454783,91.47926316668922,87.50045266550958,198.13299560546875,133.58900451660156,206.64700317382812,133.46499633789062
30.700000000000003,7.456788592688627,0.05518244487488937,0.1237167976467434,8.407912329196872,91.5862730544593,87.50114072546356,198.24000549316406,133.58900451660156,206.64700317382812,133.46499633789062
30.75,6.988212213312976,0.05136617722384172,0.09710360343435874,8.307932421074492,91.68626389923739,87.50173360553097,198.33999633789062,133.58900451660156,206.64700317382812,133.46499633789062
30.8,6.424524289132292,0.043569411956330545,0.07516172799721701,8.21593226115546,91.77827439730986,87.50220677549012,198.4320068359375,133.58900451660156,206.64700317382812,133.46499633789062
30.85,5.910336206382789,0.033721053749595206,0.058453686059476664,8.129943623127598,91.86326585241198,87.5032718947912,198.51699829101562,133.58900451660156,206.64599609375,133.46499633789062
30.900000000000002,5.35881606753021,0.023448126348072335,0.04688665663006706,8.05295682261096,91.94026170203736,87.50349806781722,198.593994140625,133.58900451660156,206.64599609375,133.46499633789062
30.950000000000003,4.6622523667142985,0.01396241478759847,0.03981137496677586,7.9839648364302915,92.00926194621972,87.50361788782155,198.66299438476562,133.58900451660156,206.64599609375,133.46499633789062
31.0,3.8764440571028373,0.006208863001390365,0.035910660227550344,7.924966271821654,92.06826768368772,87.50365141881028,198.7220001220703,133.58900451660156,206.64599609375,133.46499633789062
31.05,1.6143769999890882,0.0026697482126379723,0.032767554778152866,7.886976558730609,92.10626207130481,87.50368262283135,198.75999450683594,133.58900451660156,206.64599609375,133.46499633789062
31.1,4.925216980651371e-05,0.005476065464734443,0.02887424453215833,7.881972290150871,92.11126703054927,87.50375723882442,198.76499938964844,133.58900451660156,206.64599609375,133.46499633789062
31.150000000000002,9.641570224907873e-06,0.007708325911689306,0.02433126315307981,7.881972286536764,92.11127359055266,87.50385611582877,198.76499938964844,133.58900451660156,206.64599609375,133.46499633789062
31.200000000000003,1.471088729410621e-05,0.0,0.01881301866559087,7.88197228675096,92.11128122052926,87.50385611582877,198.76499938964844,133.58900451660156,206.64599609375,133.46499633789062
31.25,2.082282306655893e-05,0.0,0.013676400943206702,7.881972287160765,92.11129514054213,87.50385611582877,198.76499938964844,133.58900451660156,206.64599609375,133.46499633789062
31.3,2.3079155695567516e-05,0.0,0.009319459747573648,7.881972287659261,92.1113110505585,87.50385611582877,198.76499938964844,133.58900451660156,206.64599609375,133.46499633789062
31.35,2.0518660081452807e-05,0.0,0.005947354372614126,7.881972288174079,92.11132650050152,87.50385611582877,198.76499938964844,133.58900451660156,206.64599609375,133.46499633789062
31.400000000000002,1.877179241999864e-05,0.0,0.0036025417378068927,7.881972288662767,92.11134039047923,87.50385611582877,198.76499938964844,133.58900451660156,206.64599609375,133.46499633789062
31.450000000000003,1.6390293610823385e-05,0.0,0.0022063002590470455,7.881972289102415,92.1113523305003,87.50385611582877,198.76499938964844,133.58900451660156,206.64599609375,133.46499633789062
31.5,1.6289216147134133e-06,0.0,0.001585413958908009,7.881972289351662,92.11135889050368,87.50385611582877,198.76499938964844,133.58900451660156,206.64599609375,133.46499633789062
31.55,5.497051905277734e-06,0.0,0.0013184391376442118,7.881972289484156,92.11136232044831,87.50385611582877,198.76499938964844,133.58900451660156,206.64599609375,133.46499633789062
31.6,6.803181735534922e-06,0.0,0.0007708325911707674,7.881972289675237,92.11136720046218,87.50385611582877,198.76499938964844,133.58900451660156,206.64599609375,133.46499633789062
31.650000000000002,6.867356117754234e-06,0.0,1.836811952538042e-15,7.88197228988017,92.1113723505596,87.50385611582877,198.76499938964844,133.58900451660156,206.64599609375,133.46499633789062
31.700000000000003,6.321018910920443e-06,0.0,1.836811952538042e-15,7.881972290076237,92.11137720053833,87.50385611582877,198.76499938964844,133.58900451660156,206.64599609375,133.46499633789062
31.75,5.495693610914446e-06,0.0,1.836811952538042e-15,7.881972290251328,92.11138147053592,87.50385611582877,198.76499938964844,133.58900451660156,206.64599609375,133.46499633789062
31.8,4.617439899212287e-06,0.0,1.836811952538042e-15,7.881972290401993,92.11138510048207,87.50385611582877,198.76499938964844,133.58900451660156,206.64599609375,133.46499633789062
31.85,3.7728089471538035e-06,0.0,1.836811952538042e-15,7.88197229052651,92.11138807046976,87.50385611582877,198.76499938964844,133.58900451660156,206.64599609375,133.46499633789062
31.900000000000002,3.592027996310288e-06,0.0,1.836811952538042e-15,7.881972290627947,92.11139047048803,87.50385611582877,198.76499938964844,133.58900451660156,206.64599609375,133.46499633789062
31.950000000000003,1.1614051682372665e-06,0.0,1.836811952538042e-15,7.881972290627947,92.11139047048803,87.50385611582877,198.76499938964844,133.58900451660156,206.64599609375,133.46499633789062
32.0,1.4075734355722537e-06,0.0,1.836811952538042e-15,7.881972290688309,92.11139189052213,87.50385611582877,198.76499938964844,133.58900451660156,206.64599609375,133.46499633789062
32.050000000000004,2.4657781038296845e-06,0.0,1.836811952538042e-15,7.881972290733533,92.11139295048363,87.50385611582877,198.76499938964844,133.58900451660156,206.64599609375,133.46499633789062
32.1,1.3981557072524965e-06,0.0,1.836811952538042e-15,7.881972290777616,92.1113939805264,87.50385611582877,198.76499938964844,133.58900451660156,206.64599609375,133.46499633789062
32.15,1.415209301225455e-06,0.0,1.836811952538042e-15,7.881972290777616,92.1113939805264,87.50385611582877,198.76499938964844,133.58900451660156,206.64599609375,133.46499633789062
32.2,1.9446499889383474e-06,0.0,1.836811952538042e-15,7.88197229085325,92.11139574049324,87.50385611582877,198.76499938964844,133.58900451660156,206.64599609375,133.46499633789062
32.25,1.1208675478541627e-06,0.0,1.836811952538042e-15,7.88197229085325,92.11139574049324,87.50385611582877,198.76499938964844,133.58900451660156,206.64599609375,133.46499633789062
32.300000000000004,7.71534983225899e-07,0.0,1.836811952538042e-15,7.881972290905911,92.11139696052581,87.50385611582877,198.76499938964844,133.58900451660156,206.64599609375,133.46499633789062
32.35,2.554530430072324e-06,0.0,1.836811952538042e-15,7.881972290905911,92.11139696052581,87.50385611582877,198.76499938964844,133.58900451660156,206.64599609375,133.46499633789062
32.4,1.237716890687163e-06,0.0,1.836811952538042e-15,7.881972290905911,92.11139696052581,87.50385611582877,198.76499938964844,133.58900451660156,206.64599609375,133.46499633789062
32.45,1.7761774645729863e-06,0.0,1.836811952538042e-15,7.881972290905911,92.11139696052581,87.50385611582877,198.76499938964844,133.58900451660156,206.64599609375,133.46499633789062
32.5,2.3190167857025685e-06,0.0,1.836811952538042e-15,7.881972290905911,92.11139696052581,87.50385611582877,198.76499938964844,133.58900451660156,206.64599609375,133.46499633789062
32.550000000000004,4.0900727935369074e-07,0.0,1.836811952538042e-15,7.881972290950514,92.11139799045216,87.50385611582877,198.76499938964844,133.58900451660156,206.64599609375,133.46499633789062
32.6,8.886638081991785e-07,0.0,1.836811952538042e-15,7.881972290950514,92.11139799045216,87.50385611582877,198.76499938964844,133.58900451660156,206.64599609375,133.46499633789062
32.65,8.468931521940033e-07,0.0,1.836811952538042e-15,7.88197229096527,92.11139833050132,87.50385611582877,198.76499938964844,133.58900451660156,206.64599609375,133.46499633789062
32.7,2.7851276999617653e-06,0.0,1.836811952538042e-15,7.88197229096527,92.11139833050132,87.50385611582877,198.76499938964844,133.58900451660156,206.64599609375,133.46499633789062
32.75,0.0,0.0,1.836811952538042e-15,7.88197229096527,92.11139833050132,87.50385611582877,198.76499938964844,133.58900451660156,206.64599609375,133.46499633789062
32.800000000000004,6.90578897155796e-07,0.0,1.836811952538042e-15,7.88197229096527,92.11139833050132,87.50385611582877,198.76499938964844,133.58900451660156,206.64599609375,133.46499633789062
32.85,1.203777259527449e-06,0.0,1.836811952538042e-15,7.88197229096527,92.11139833050132,87.50385611582877,198.76499938964844,133.58900451660156,206.64599609375,133.46499633789062
32.9,8.265194085785604e-07,0.0,1.836811952538042e-15,7.88197229096527,92.11139833050132,87.50385611582877,198.76499938964844,133.58900451660156,206.64599609375,133.46499633789062
32.95,4.843801263845328e-07,0.0,1.836811952538042e-15,7.88197229096527,92.11139833050132,87.50385611582877,198.76499938964844,133.58900451660156,206.64599609375,133.46499633789062
33.0,2.1864758617810638e-07,0.0,1.836811952538042e-15,7.88197229096527,92.11139833050132,87.50385611582877,198.76499938964844,133.58900451660156,206.64599609375,133.46499633789062
33.050000000000004,4.848003985063567e-07,0.0,1.836811952538042e-15,7.88197229096527,92.11139833050132,87.50385611582877,198.76499938964844,133.58900451660156,206.64599609375,133.46499633789062
33.1,8.934473353715784e-07,0.0,1.836811952538042e-15,7.88197229096527,92.11139833050132,87.50385611582877,198.76499938964844,133.58900451660156,206.64599609375,133.46499633789062
33.15,1.7175996605266545e-06,0.0,1.836811952538042e-15,7.88197229096527,92.11139833050132,87.50385611582877,198.76499938964844,133.58900451660156,206.64599609375,133.46499633789062
33.2,3.4963084773970096e-08,0.0,1.836811952538042e-15,7.88197229096527,92.11139833050132,87.50385611582877,198.76499938964844,133.58900451660156,206.64599609375,133.46499633789062
33.25,6.181206888543975e-07,0.0,1.836811952538042e-15,7.88197229096527,92.11139833050132,87.50385611582877,198.76499938964844,133.58900451660156,206.64599609375,133.46499633789062
33.300000000000004,1.2702897374304993e-06,0.0,1.836811952538042e-15,7.88197229096527,92.11139833050132,87.50385611582877,198.76499938964844,133.58900451660156,206.64599609375,133.46499633789062
33.35,1.889540187528077e-06,0.0,1.836811952538042e-15,7.88197229096527,92.11139833050132,87.50385611582877,198.76499938964844,133.58900451660156,206.64599609375,133.46499633789062
33.4,1.0881343821092786e-07,0.0,1.836811952538042e-15,7.88197229096527,92.11139833050132,87.50385611582877,198.76499938964844,133.58900451660156,206.64599609375,133.46499633789062
33.45,6.884963231159857e-07,0.0,1.836811952538042e-15,7.88197229096527,92.11139833050132,87.50385611582877,198.76499938964844,133.58900451660156,206.64599609375,133.46499633789062
33.5,1.3732642223560542e-06,0.0,1.836811952538042e-15,7.88197229096527,92.11139833050132,87.50385611582877,198.76499938964844,133.58900451660156,206.64599609375,133.46499633789062
33.550000000000004,1.407620037774542e-06,0.0,1.836811952538042e-15,7.88197229096527,92.11139833050132,87.50385611582877,198.76499938964844,133.58900451660156,206.64599609375,133.46499633789062
33.6,3.433070621519241e-08,0.0,1.836811952538042e-15,7.88197229096527,92.11139833050132,87.50385611582877,198.76499938964844,133.58900451660156,206.64599609375,133.46499633789062
33.65,2.064051848819663e-07,0.0,1.836811952538042e-15,7.88197229096527,92.11139833050132,87.50385611582877,198.76499938964844,133.58900451660156,206.64599609375,133.46499633789062
33.7,2.7466010138218036e-07,0.0,1.836811952538042e-15,7.88197229096527,92.11139833050132,87.50385611582877,198.76499938964844,133.58900451660156,206.64599609375,133.46499633789062
33.75,3.442408197917819e-07,0.0,1.836811952538042e-15,7.88197229096527,92.11139833050132,87.50385611582877,198.76499938964844,133.58900451660156,206.64599609375,133.46499633789062
33.800000000000004,3.7786735055776993e-07,0.0,1.836811952538042e-15,7.88197229096527,92.11139833050132,87.50385611582877,198.76499938964844,133.58900451660156,206.64599609375,133.46499633789062
33.85,4.119728643416164e-07,0.0,1.836811952538042e-15,7.88197229096527,92.11139833050132,87.50385611582877,198.76499938964844,133.58900451660156,206.64599609375,133.46499633789062
33.9,3.7771842392829816e-07,0.0,1.836811952538042e-15,7.88197229096527,92.11139833050132,87.50385611582877,198.76499938964844,133.58900451660156,206.64599609375,133.46499633789062
33.95,3.8489869947250897e-07,0.0,1.836811952538042e-15,7.88197229096527,92.11139833050132,87.50385611582877,198.76499938964844,133.58900451660156,206.64599609375,133.46499633789062
34.0,8.927279113802659e-07,0.0,1.836811952538042e-15,7.88197229096527,92.11139833050132,87.50385611582877,198.76499938964844,133.58900451660156,206.64599609375,133.46499633789062
34.050000000000004,6.949835657934205e-08,0.0,1.836811952538042e-15,7.88197229096527,92.11139833050132,87.50385611582877,198.76499938964844,133.58900451660156,206.64599609375,133.46499633789062
34.1,1.5340055431836875e-07,0.0,1.836811952538042e-15,7.88197229096527,92.11139833050132,87.50385611582877,198.76499938964844,133.58900451660156,206.64599609375,133.46499633789062
34.15,2.0014585995953307e-07,0.0,1.836811952538042e-15,7.88197229096527,92.11139833050132,87.50385611582877,198.76499938964844,133.58900451660156,206.64599609375,133.46499633789062
34.2,1.098541181534749e-06,0.0,1.836811952538042e-15,7.88197229096527,92.11139833050132,87.50385611582877,198.76499938964844,133.58900451660156,206.64599609375,133.46499633789062
34.25,1.0656784221017518e-06,0.0,1.836811952538042e-15,7.88197229096527,92.11139833050132,87.50385611582877,198.76499938964844,133.58900451660156,206.64599609375,133.46499633789062
34.300000000000004,2.753316108745949e-07,0.0,1.836811952538042e-15,7.88197229096527,92.11139833050132,87.50385611582877,198.76499938964844,133.58900451660156,206.64599609375,133.46499633789062
34.35,2.748736672937523e-07,0.0,1.836811952538042e-15,7.88197229096527,92.11139833050132,87.50385611582877,198.76499938964844,133.58900451660156,206.64599609375,133.46499633789062
34.4,1.682254354225951e-06,0.0,1.836811952538042e-15,7.88197229096527,92.11139833050132,87.50385611582877,198.76499938964844,133.58900451660156,206.64599609375,133.46499633789062
34.45,6.866011010040201e-08,0.0,1.836811952538042e-15,7.88197229096527,92.11139833050132,87.50385611582877,198.76499938964844,133.58900451660156,206.64599609375,133.46499633789062
34.5,1.3734626838881069e-07,0.0,1.836811952538042e-15,7.88197229096527,92.11139833050132,87.50385611582877,198.76499938964844,133.58900451660156,206.64599609375,133.46499633789062
34.550000000000004,3.130662286088701e-07,0.0,1.836811952538042e-15,7.88197229096527,92.11139833050132,87.50385611582877,198.76499938964844,133.58900451660156,206.64599609375,133.46499633789062
34.6,3.432986460658177e-07,0.0,1.836811952538042e-15,7.88197229096527,92.11139833050132,87.50385611582877,198.76499938964844,133.58900451660156,206.64599609375,133.46499633789062
34.65,4.1197914427666423e-07,0.0,1.836811952538042e-15,7.88197229096527,92.11139833050132,87.50385611582877,198.76499938964844,133.58900451660156,206.64599609375,133.46499633789062
34.7,5.493061234548875e-07,0.0,1.836811952538042e-15,7.88197229096527,92.11139833050132,87.50385611582877,198.76499938964844,133.58900451660156,206.64599609375,133.46499633789062
34.75,6.522609368264856e-07,0.0,1.836811952538042e-15,7.88197229096527,92.11139833050132,87.50385611582877,198.76499938964844,133.58900451660156,206.64599609375,133.46499633789062
34.800000000000004,7.552658907725403e-07,0.0,1.836811952538042e-15,7.88197229096527,92.11139833050132,87.50385611582877,198.76499938964844,133.58900451660156,206.64599609375,133.46499633789062
34.85,0.0,0.0,1.836811952538042e-15,7.88197229096527,92.11139833050132,87.50385611582877,198.76499938964844,133.58900451660156,206.64599609375,133.46499633789062
34.9,6.876789020264711e-08,0.0,1.836811952538042e-15,7.88197229096527,92.11139833050132,87.50385611582877,198.76499938964844,133.58900451660156,206.64599609375,133.46499633789062
34.95,4.4628278980601067e-07,0.0,1.836811952538042e-15,7.88197229096527,92.11139833050132,87.50385611582877,198.76499938964844,133.58900451660156,206.64599609375,133.46499633789062
35.0,2.748484423635029e-07,0.0,1.836811952538042e-15,7.88197229096527,92.11139833050132,87.50385611582877,198.76499938964844,133.58900451660156,206.64599609375,133.46499633789062
35.050000000000004,3.4357095234650605e-07,0.0,1.836811952538042e-15,7.88197229096527,92.11139833050132,87.50385611582877,198.76499938964844,133.58900451660156,206.64599609375,133.46499633789062
35.1,2.405169252630243e-07,0.0,1.836811952538042e-15,7.88197229096527,92.11139833050132,87.50385611582877,198.76499938964844,133.58900451660156,206.64599609375,133.46499633789062
35.15,5.158276073475513e-07,0.0,1.836811952538042e-15,7.88197229096527,92.11139833050132,87.50385611582877,198.76499938964844,133.58900451660156,206.64599609375,133.46499633789062
35.2,6.186091513509881e-07,0.0,1.836811952538042e-15,7.88197229096527,92.11139833050132,87.50385611582877,198.76499938964844,133.58900451660156,206.64599609375,133.46499633789062
35.25,7.554132504836738e-07,0.0,1.836811952538042e-15,7.88197229096527,92.11139833050132,87.50385611582877,198.76499938964844,133.58900451660156,206.64599609375,133.46499633789062
35.300000000000004,6.868575029005442e-08,0.0,1.836811952538042e-15,7.88197229096527,92.11139833050132,87.50385611582877,198.76499938964844,133.58900451660156,206.64599609375,133.46499633789062
35.35,2.0605585099234022e-07,0.0,1.836811952538042e-15,7.88197229096527,92.11139833050132,87.50385611582877,198.76499938964844,133.58900451660156,206.64599609375,133.46499633789062
35.4,3.43365579237867e-07,0.0,1.836811952538042e-15,7.88197229096527,92.11139833050132,87.50385611582877,198.76499938964844,133.58900451660156,206.64599609375,133.46499633789062
35.45,5.163376122112392e-07,0.0,1.836811952538042e-15,7.88197229096527,92.11139833050132,87.50385611582877,198.76499938964844,133.58900451660156,206.64599609375,133.46499633789062
35.5,6.532478382508192e-07,0.0,1.836811952538042e-15,7.88197229096527,92.11139833050132,87.50385611582877,198.76499938964844,133.58900451660156,206.64599609375,133.46499633789062
35.550000000000004,7.552830288035025e-07,0.0,1.836811952538042e-15,7.88197229096527,92.11139833050132,87.50385611582877,198.76499938964844,133.58900451660156,206.64599609375,133.46499633789062
35.6,8.927183648210491e-07,0.0,1.836811952538042e-15,7.88197229096527,92.11139833050132,87.50385611582877,198.76499938964844,133.58900451660156,206.64599609375,133.46499633789062
35.65,9.959794000615758e-07,0.0,1.836811952538042e-15,7.88197229096527,92.11139833050132,87.50385611582877,198.76499938964844,133.58900451660156,206.64599609375,133.46499633789062
35.7,8.097461545015261e-11,0.0,1.836811952538042e-15,7.88197229096527,92.11139833050132,87.50385611582877,198.76499938964844,133.58900451660156,206.64599609375,133.46499633789062
35.75,1.3732484753666803e-07,0.0,1.836811952538042e-15,7.88197229096527,92.11139833050132,87.50385611582877,198.76499938964844,133.58900451660156,206.64599609375,133.46499633789062
35.800000000000004,3.776436570889094e-07,0.0,1.836811952538042e-15,7.88197229096527,92.11139833050132,87.50385611582877,198.76499938964844,133.58900451660156,206.64599609375,133.46499633789062
35.85,3.433630709257354e-07,0.0,1.836811952538042e-15,7.88197229096527,92.11139833050132,87.50385611582877,198.76499938964844,133.58900451660156,206.64599609375,133.46499633789062
35.9,5.164095964689057e-07,0.0,1.836811952538042e-15,7.88197229096527,92.11139833050132,87.50385611582877,198.76499938964844,133.58900451660156,206.64599609375,133.46499633789062
35.95,5.847181311859048e-07,0.0,1.836811952538042e-15,7.88197229096527,92.11139833050132,87.50385611582877,198.76499938964844,133.58900451660156,206.64599609375,133.46499633789062
36.0,6.867588058373915e-07,0.0,1.836811952538042e-15,7.88197229096527,92.11139833050132,87.50385611582877,198.76499938964844,133.58900451660156,206.64599609375,133.46499633789062
36.050000000000004,8.244522373315336e-07,0.0,1.836811952538042e-15,7.88197229096527,92.11139833050132,87.50385611582877,198.76499938964844,133.58900451660156,206.64599609375,133.46499633789062
36.1,9.61474028998394e-07,0.0,1.836811952538042e-15,7.88197229096527,92.11139833050132,87.50385611582877,198.76499938964844,133.58900451660156,206.64599609375,133.46499633789062
36.15,3.436962386831153e-08,0.0,1.836811952538042e-15,7.88197229096527,92.11139833050132,87.50385611582877,198.76499938964844,133.58900451660156,206.64599609375,133.46499633789062
36.2,3.458229468441503e-08,0.0,1.836811952538042e-15,7.88197229096527,92.11139833050132,87.50385611582877,198.76499938964844,133.58900451660156,206.64599609375,133.46499633789062
36.25,6.897482896405302e-08,0.0,1.836811952538042e-15,7.88197229096527,92.11139833050132,87.50385611582877,198.76499938964844,133.58900451660156,206.64599609375,133.46499633789062
36.300000000000004,2.107276721828977e-07,0.0,1.836811952538042e-15,7.88197229096527,92.11139833050132,87.50385611582877,198.76499938964844,133.58900451660156,206.64599609375,133.46499633789062
36.35,2.403793186236868e-07,0.0,1.836811952538042e-15,7.88197229096527,92.11139833050132,87.50385611582877,198.76499938964844,133.58900451660156,206.64599609375,133.46499633789062
36.4,3.08962772793722e-07,0.0,1.836811952538042e-15,7.88197229096527,92.11139833050132,87.50385611582877,198.76499938964844,133.58900451660156,206.64599609375,133.46499633789062
36.45,3.0913271709888016e-07,0.0,1.836811952538042e-15,7.88197229096527,92.11139833050132,87.50385611582877,198.76499938964844,133.58900451660156,206.64599609375,133.46499633789062
36.5,3.778078542483006e-07,0.0,1.836811952538042e-15,7.88197229096527,92.11139833050132,87.50385611582877,198.76499938964844,133.58900451660156,206.64599609375,133.46499633789062
36.550000000000004,6.865890912599475e-08,0.0,1.836811952538042e-15,7.88197229096527,92.11139833050132,87.50385611582877,198.76499938964844,133.58900451660156,206.64599609375,133.46499633789062
36.6,1.0298715403450496e-07,0.0,1.836811952538042e-15,7.88197229096527,92.11139833050132,87.50385611582877,198.76499938964844,133.58900451660156,206.64599609375,133.46499633789062
36.65,1.0298786125226167e-07,0.0,1.836811952538042e-15,7.88197229096527,92.11139833050132,87.50385611582877,198.76499938964844,133.58900451660156,206.64599609375,133.46499633789062
36.7,1.0303180650331628e-07,0.0,1.836811952538042e-15,7.88197229096527,92.11139833050132,87.50385611582877,198.76499938964844,133.58900451660156,206.64599609375,133.46499633789062
36.75,1.0313615983076735e-07,0.0,1.836811952538042e-15,7.88197229096527,92.11139833050132,87.50385611582877,198.76499938964844,133.58900451660156,206.64599609375,133.46499633789062
36.800000000000004,2.0606563609041414e-07,0.0,1.836811952538042e-15,7.88197229096527,92.11139833050132,87.50385611582877,198.76499938964844,133.58900451660156,206.64599609375,133.46499633789062
36.85,2.403818773190528e-07,0.0,1.836811952538042e-15,7.88197229096527,92.11139833050132,87.50385611582877,198.76499938964844,133.58900451660156,206.64599609375,133.46499633789062
36.9,3.090431478971229e-07,0.0,1.836811952538042e-15,7.88197229096527,92.11139833050132,87.50385611582877,198.76499938964844,133.58900451660156,206.64599609375,133.46499633789062
36.95,0.0,0.0,1.836811952538042e-15,7.88197229096527,92.11139833050132,87.50385611582877,198.76499938964844,133.58900451660156,206.64599609375,133.46499633789062
37.0,1.0322006145145689e-07,0.0,1.836811952538042e-15,7.88197229096527,92.11139833050132,87.50385611582877,198.76499938964844,133.58900451660156,206.64599609375,133.46499633789062
37.050000000000004,1.0300719709994101e-07,0.0,1.836811952538042e-15,7.88197229096527,92.11139833050132,87.50385611582877,198.76499938964844,133.58900451660156,206.64599609375,133.46499633789062
37.1,1.0308771056261504e-07,0.0,1.836811952538042e-15,7.88197229096527,92.11139833050132,87.50385611582877,198.76499938964844,133.58900451660156,206.64599609375,133.46499633789062
37.15,1.0322898789065996e-07,0.0,1.836811952538042e-15,7.88197229096527,92.11139833050132,87.50385611582877,198.76499938964844,133.58900451660156,206.64599609375,133.46499633789062
37.2,2.0611681508387837e-07,0.0,1.836811952538042e-15,7.88197229096527,92.11139833050132,87.50385611582877,198.76499938964844,133.58900451660156,206.64599609375,133.46499633789062
37.25,2.4036468822639934e-07,0.0,1.836811952538042e-15,7.88197229096527,92.11139833050132,87.50385611582877,198.76499938964844,133.58900451660156,206.64599609375,133.46499633789062
37.300000000000004,3.4333447043884333e-07,0.0,1.836811952538042e-15,7.88197229096527,92.11139833050132,87.50385611582877,198.76499938964844,133.58900451660156,206.64599609375,133.46499633789062
37.35,3.776606007946333e-07,0.0,1.836811952538042e-15,7.88197229096527,92.11139833050132,87.50385611582877,198.76499938964844,133.58900451660156,206.64599609375,133.46499633789062
37.4,6.868575029144576e-08,0.0,1.836811952538042e-15,7.88197229096527,92.11139833050132,87.50385611582877,198.76499938964844,133.58900451660156,206.64599609375,133.46499633789062
37.45,2.0605585099234022e-07,0.0,1.836811952538042e-15,7.88197229096527,92.11139833050132,87.50385611582877,198.76499938964844,133.58900451660156,206.64599609375,133.46499633789062
37.5,3.43365579237867e-07,0.0,1.836811952538042e-15,7.88197229096527,92.11139833050132,87.50385611582877,198.76499938964844,133.58900451660156,206.64599609375,133.46499633789062
37.550000000000004,5.163376122112392e-07,0.0,1.836811952538042e-15,7.88197229096527,92.11139833050132,87.50385611582877,198.76499938964844,133.58900451660156,206.64599609375,133.46499633789062
37.6,6.180777817196893e-07,0.0,1.836811952538042e-15,7.88197229096527,92.11139833050132,87.50385611582877,198.76499938964844,133.58900451660156,206.64599609375,133.46499633789062
37.65,6.868553651461441e-07,0.0,1.836811952538042e-15,7.88197229096527,92.11139833050132,87.50385611582877,198.76499938964844,133.58900451660156,206.64599609375,133.46499633789062
37.7,7.900644664974993e-07,0.0,1.836811952538042e-15,7.88197229096527,92.11139833050132,87.50385611582877,198.76499938964844,133.58900451660156,206.64599609375,133.46499633789062
37.75,2.4078582537211557e-07,0.0,1.836811952538042e-15,7.88197229096527,92.11139833050132,87.50385611582877,198.76499938964844,133.58900451660156,206.64599609375,133.46499633789062
37.800000000000004,3.276522203607567e-11,0.0,1.836811952538042e-15,7.88197229096527,92.11139833050132,87.50385611582877,198.76499938964844,133.58900451660156,206.64599609375,133.46499633789062
37.85,3.441591951042492e-08,0.0,1.836811952538042e-15,7.88197229096527,92.11139833050132,87.50385611582877,198.76499938964844,133.58900451660156,206.64599609375,133.46499633789062
37.9,1.030399384513996e-07,0.0,1.836811952538042e-15,7.88197229096527,92.11139833050132,87.50385611582877,198.76499938964844,133.58900451660156,206.64599609375,133.46499633789062
37.95,1.0320343511150485e-07,0.0,1.836811952538042e-15,7.88197229096527,92.11139833050132,87.50385611582877,198.76499938964844,133.58900451660156,206.64599609375,133.46499633789062
38.0,1.4309165199469096e-07,0.0,1.836811952538042e-15,7.88197229096527,92.11139833050132,87.50385611582877,198.76499938964844,133.58900451660156,206.64599609375,133.46499633789062
38.050000000000004,1.7189075417089074e-07,0.0,1.836811952538042e-15,7.88197229096527,92.11139833050132,87.50385611582877,198.76499938964844,133.58900451660156,206.64599609375,133.46499633789062
38.1,2.775743763607864e-07,0.0,1.836811952538042e-15,7.88197229096527,92.11139833050132,87.50385611582877,198.76499938964844,133.58900451660156,206.64599609375,133.46499633789062
38.15,3.433841438092501e-07,0.0,1.836811952538042e-15,7.88197229096527,92.11139833050132,87.50385611582877,198.76499938964844,133.58900451660156,206.64599609375,133.46499633789062
38.2,3.777062782617268e-07,0.0,1.836811952538042e-15,7.88197229096527,92.11139833050132,87.50385611582877,198.76499938964844,133.58900451660156,206.64599609375,133.46499633789062
38.25,6.872001856978228e-08,0.0,1.836811952538042e-15,7.88197229096527,92.11139833050132,87.50385611582877,198.76499938964844,133.58900451660156,206.64599609375,133.46499633789062
38.300000000000004,2.060615111405081e-07,0.0,1.836811952538042e-15,7.88197229096527,92.11139833050132,87.50385611582877,198.76499938964844,133.58900451660156,206.64599609375,133.46499633789062
38.35,2.7477781820312486e-07,0.0,1.836811952538042e-15,7.88197229096527,92.11139833050132,87.50385611582877,198.76499938964844,133.58900451660156,206.64599609375,133.46499633789062
38.400000000000006,4.119749017237828e-07,0.0,1.836811952538042e-15,7.88197229096527,92.11139833050132,87.50385611582877,198.76499938964844,133.58900451660156,206.64599609375,133.46499633789062
38.45,5.493115630641624e-07,0.0,1.836811952538042e-15,7.88197229096527,92.11139833050132,87.50385611582877,198.76499938964844,133.58900451660156,206.64599609375,133.46499633789062
38.5,6.867615449764795e-07,0.0,1.836811952538042e-15,7.88197229096527,92.11139833050132,87.50385611582877,198.76499938964844,133.58900451660156,206.64599609375,133.46499633789062
38.550000000000004,7.896661920377215e-07,0.0,1.836811952538042e-15,7.88197229096527,92.11139833050132,87.50385611582877,198.76499938964844,133.58900451660156,206.64599609375,133.46499633789062
38.6,2.408999071570564e-07,0.0,1.836811952538042e-15,7.88197229096527,92.11139833050132,87.50385611582877,198.76499938964844,133.58900451660156,206.64599609375,133.46499633789062
38.650000000000006,3.433292808087393e-08,0.0,1.836811952538042e-15,7.88197229096527,92.11139833050132,87.50385611582877,198.76499938964844,133.58900451660156,206.64599609375,133.46499633789062
38.7,3.4461786447336846e-08,0.0,1.836811952538042e-15,7.88197229096527,92.11139833050132,87.50385611582877,198.76499938964844,133.58900451660156,206.64599609375,133.46499633789062
38.75,3.477134880935172e-08,0.0,1.836811952538042e-15,7.88197229096527,92.11139833050132,87.50385611582877,198.76499938964844,133.58900451660156,206.64599609375,133.46499633789062
38.800000000000004,3.4333003954823724e-08,0.0,1.836811952538042e-15,7.88197229096527,92.11139833050132,87.50385611582877,198.76499938964844,133.58900451660156,206.64599609375,133.46499633789062
38.85,3.502039390821075e-08,0.0,1.836811952538042e-15,7.88197229096527,92.11139833050132,87.50385611582877,198.76499938964844,133.58900451660156,206.64599609375,133.46499633789062
38.900000000000006,1.437605539847482e-07,0.0,1.836811952538042e-15,7.88197229096527,92.11139833050132,87.50385611582877,198.76499938964844,133.58900451660156,206.64599609375,133.46499633789062
38.95,2.1007777177656756e-07,0.0,1.836811952538042e-15,7.88197229096527,92.11139833050132,87.50385611582877,198.76499938964844,133.58900451660156,206.64599609375,133.46499633789062
39.0,2.404865038239915e-07,0.0,1.836811952538042e-15,7.88197229096527,92.11139833050132,87.50385611582877,198.76499938964844,133.58900451660156,206.64599609375,133.46499633789062
39.050000000000004,0.0,0.0,1.836811952538042e-15,7.88197229096527,92.11139833050132,87.50385611582877,198.76499938964844,133.58900451660156,206.64599609375,133.46499633789062
39.1,3.440257787465196e-08,0.0,1.836811952538042e-15,7.88197229096527,92.11139833050132,87.50385611582877,198.76499938964844,133.58900451660156,206.64599609375,133.46499633789062
39.150000000000006,3.465683444912826e-08,0.0,1.836811952538042e-15,7.88197229096527,92.11139833050132,87.50385611582877,198.76499938964844,133.58900451660156,206.64599609375,133.46499633789062
39.2,1.0318372949812212e-07,0.0,1.836811952538042e-15,7.88197229096527,92.11139833050132,87.50385611582877,198.76499938964844,133.58900451660156,206.64599609375,133.46499633789062
39.25,1.0337881935579172e-07,0.0,1.836811952538042e-15,7.88197229096527,92.11139833050132,87.50385611582877,198.76499938964844,133.58900451660156,206.64599609375,133.46499633789062
39.300000000000004,2.0991028584604672e-07,0.0,1.836811952538042e-15,7.88197229096527,92.11139833050132,87.50385611582877,198.76499938964844,133.58900451660156,206.64599609375,133.46499633789062
39.35,2.7478966746960687e-07,0.0,1.836811952538042e-15,7.88197229096527,92.11139833050132,87.50385611582877,198.76499938964844,133.58900451660156,206.64599609375,133.46499633789062
39.400000000000006,3.7761901406823024e-07,0.0,1.836811952538042e-15,7.88197229096527,92.11139833050132,87.50385611582877,198.76499938964844,133.58900451660156,206.64599609375,133.46499633789062
39.45,4.119968988946114e-07,0.0,1.836811952538042e-15,7.88197229096527,92.11139833050132,87.50385611582877,198.76499938964844,133.58900451660156,206.64599609375,133.46499633789062
39.5,3.434638334361262e-08,0.0,1.836811952538042e-15,7.88197229096527,92.11139833050132,87.50385611582877,198.76499938964844,133.58900451660156,206.64599609375,133.46499633789062
39.550000000000004,3.451725930922505e-08,0.0,1.836811952538042e-15,7.88197229096527,92.11139833050132,87.50385611582877,198.76499938964844,133.58900451660156,206.64599609375,133.46499633789062
39.6,3.486785616013643e-08,0.0,1.836811952538042e-15,7.88197229096527,92.11139833050132,87.50385611582877,198.76499938964844,133.58900451660156,206.64599609375,133.46499633789062
39.650000000000006,8.582288384625207e-07,0.0,1.836811952538042e-15,7.88197229096527,92.11139833050132,87.50385611582877,198.76499938964844,133.58900451660156,206.64599609375,133.46499633789062
39.7,1.7166914096969095e-07,0.0,1.836811952538042e-15,7.88197229096527,92.11139833050132,87.50385611582877,198.76499938964844,133.58900451660156,206.64599609375,133.46499633789062
39.75,2.0600984332037953e-07,0.0,1.836811952538042e-15,7.88197229096527,92.11139833050132,87.50385611582877,198.76499938964844,133.58900451660156,206.64599609375,133.46499633789062
39.800000000000004,3.089917894906263e-07,0.0,1.836811952538042e-15,7.88197229096527,92.11139833050132,87.50385611582877,198.76499938964844,133.58900451660156,206.64599609375,133.46499633789062
39.85,9.612122399251739e-07,0.0,1.836811952538042e-15,7.88197229096527,92.11139833050132,87.50385611582877,198.76499938964844,133.58900451660156,206.64599609375,133.46499633789062
39.900000000000006,3.276522203607567e-11,0.0,1.836811952538042e-15,7.88197229096527,92.11139833050132,87.50385611582877,198.76499938964844,133.58900451660156,206.64599609375,133.46499633789062
39.95,3.441591951042492e-08,0.0,1.836811952538042e-15,7.88197229096527,92.11139833050132,87.50385611582877,198.76499938964844,133.58900451660156,206.64599609375,133.46499633789062
40.0,3.4684188880630465e-08,0.0,1.836811952538042e-15,7.88197229096527,92.11139833050132,87.50385611582877,198.76499938964844,133.58900451660156,206.64599609375,133.46499633789062
40.050000000000004,1.3742897186688415e-07,0.0,1.836811952538042e-15,7.88197229096527,92.11139833050132,87.50385611582877,198.76499938964844,133.58900451660156,206.64599609375,133.46499633789062
40.1,2.4031701019932636e-07,0.0,1.836811952538042e-15,7.88197229096527,92.11139833050132,87.50385611582877,198.76499938964844,133.58900451660156,206.64599609375,133.46499633789062
40.150000000000006,2.403843720300737e-07,0.0,1.836811952538042e-15,7.88197229096527,92.11139833050132,87.50385611582877,198.76499938964844,133.58900451660156,206.64599609375,133.46499633789062
40.2,3.433403365031257e-07,0.0,1.836811952538042e-15,7.88197229096527,92.11139833050132,87.50385611582877,198.76499938964844,133.58900451660156,206.64599609375,133.46499633789062
40.25,3.776659047413002e-07,0.0,1.836811952538042e-15,7.88197229096527,92.11139833050132,87.50385611582877,198.76499938964844,133.58900451660156,206.64599609375,133.46499633789062
40.300000000000004,4.120160783731185e-07,0.0,1.836811952538042e-15,7.88197229096527,92.11139833050132,87.50385611582877,198.76499938964844,133.58900451660156,206.64599609375,133.46499633789062
40.35,1.3732043462612342e-07,0.0,1.836811952538042e-15,7.88197229096527,92.11139833050132,87.50385611582877,198.76499938964844,133.58900451660156,206.64599609375,133.46499633789062
40.400000000000006,2.4031334843886363e-07,0.0,1.836811952538042e-15,7.88197229096527,92.11139833050132,87.50385611582877,198.76499938964844,133.58900451660156,206.64599609375,133.46499633789062
40.45,2.403018444215105e-07,0.0,1.836811952538042e-15,7.88197229096527,92.11139833050132,87.50385611582877,198.76499938964844,133.58900451660156,206.64599609375,133.46499633789062
40.5,2.7857987976139144e-07,0.0,1.836811952538042e-15,7.88197229096527,92.11139833050132,87.50385611582877,198.76499938964844,133.58900451660156,206.64599609375,133.46499633789062
40.550000000000004,3.089852690297969e-07,0.0,1.836811952538042e-15,7.88197229096527,92.11139833050132,87.50385611582877,198.76499938964844,133.58900451660156,206.64599609375,133.46499633789062
40.6,3.09027786196838e-07,0.0,1.836811952538042e-15,7.88197229096527,92.11139833050132,87.50385611582877,198.76499938964844,133.58900451660156,206.64599609375,133.46499633789062
40.650000000000006,3.4338332186372794e-07,0.0,1.836811952538042e-15,7.88197229096527,92.11139833050132,87.50385611582877,198.76499938964844,133.58900451660156,206.64599609375,133.46499633789062
40.7,3.77650587547954e-07,0.0,1.836811952538042e-15,7.88197229096527,92.11139833050132,87.50385611582877,198.76499938964844,133.58900451660156,206.64599609375,133.46499633789062
40.75,3.433292808087393e-08,0.0,1.836811952538042e-15,7.88197229096527,92.11139833050132,87.50385611582877,198.76499938964844,133.58900451660156,206.64599609375,133.46499633789062
40.800000000000004,8.287301477497186e-08,0.0,1.836811952538042e-15,7.88197229096527,92.11139833050132,87.50385611582877,198.76499938964844,133.58900451660156,206.64599609375,133.46499633789062
40.85,1.0299893337173488e-07,0.0,1.836811952538042e-15,7.88197229096527,92.11139833050132,87.50385611582877,198.76499938964844,133.58900451660156,206.64599609375,133.46499633789062
40.900000000000006,1.0306603176284499e-07,0.0,1.836811952538042e-15,7.88197229096527,92.11139833050132,87.50385611582877,198.76499938964844,133.58900451660156,206.64599609375,133.46499633789062
40.95,1.7164759199245186e-07,0.0,1.836811952538042e-15,7.88197229096527,92.11139833050132,87.50385611582877,198.76499938964844,133.58900451660156,206.64599609375,133.46499633789062
41.0,1.7184316581226545e-07,0.0,1.836811952538042e-15,7.88197229096527,92.11139833050132,87.50385611582877,198.76499938964844,133.58900451660156,206.64599609375,133.46499633789062
41.050000000000004,3.089617487516467e-07,0.0,1.836811952538042e-15,7.88197229096527,92.11139833050132,87.50385611582877,198.76499938964844,133.58900451660156,206.64599609375,133.46499633789062
41.1,1.0641965012416517e-06,0.0,1.836811952538042e-15,7.88197229096527,92.11139833050132,87.50385611582877,198.76499938964844,133.58900451660156,206.64599609375,133.46499633789062
41.150000000000006,0.0,0.0,1.836811952538042e-15,7.88197229096527,92.11139833050132,87.50385611582877,198.76499938964844,133.58900451660156,206.64599609375,133.46499633789062
41.2,1.0298724727666746e-07,0.0,1.836811952538042e-15,7.88197229096527,92.11139833050132,87.50385611582877,198.76499938964844,133.58900451660156,206.64599609375,133.46499633789062
41.25,1.0303095530061648e-07,0.0,1.836811952538042e-15,7.88197229096527,92.11139833050132,87.50385611582877,198.76499938964844,133.58900451660156,206.64599609375,133.46499633789062
41.300000000000004,1.0313485336692215e-07,0.0,1.836811952538042e-15,7.88197229096527,92.11139833050132,87.50385611582877,198.76499938964844,133.58900451660156,206.64599609375,133.46499633789062
41.35,1.0329943946079739e-07,0.0,1.836811952538042e-15,7.88197229096527,92.11139833050132,87.50385611582877,198.76499938964844,133.58900451660156,206.64599609375,133.46499633789062
41.400000000000006,2.4401245665582425e-07,0.0,1.836811952538042e-15,7.88197229096527,92.11139833050132,87.50385611582877,198.76499938964844,133.58900451660156,206.64599609375,133.46499633789062
41.45,2.4044248387372895e-07,0.0,1.836811952538042e-15,7.88197229096527,92.11139833050132,87.50385611582877,198.76499938964844,133.58900451660156,206.64599609375,133.46499633789062
41.5,3.091163345183599e-07,0.0,1.836811952538042e-15,7.88197229096527,92.11139833050132,87.50385611582877,198.76499938964844,133.58900451660156,206.64599609375,133.46499633789062
41.550000000000004,3.434823019230007e-07,0.0,1.836811952538042e-15,7.88197229096527,92.11139833050132,87.50385611582877,198.76499938964844,133.58900451660156,206.64599609375,133.46499633789062
41.6,3.434638334361262e-08,0.0,1.836811952538042e-15,7.88197229096527,92.11139833050132,87.50385611582877,198.76499938964844,133.58900451660156,206.64599609375,133.46499633789062
41.650000000000006,3.444645426943058e-08,0.0,1.836811952538042e-15,7.88197229096527,92.11139833050132,87.50385611582877,198.76499938964844,133.58900451660156,206.64599609375,133.46499633789062
41.7,6.865844211459276e-07,0.0,1.836811952538042e-15,7.88197229096527,92.11139833050132,87.50385611582877,198.76499938964844,133.58900451660156,206.64599609375,133.46499633789062
41.75,3.469128533107936e-08,0.0,1.836811952538042e-15,7.88197229096527,92.11139833050132,87.50385611582877,198.76499938964844,133.58900451660156,206.64599609375,133.46499633789062
41.800000000000004,6.905767772505236e-08,0.0,1.836811952538042e-15,7.88197229096527,92.11139833050132,87.50385611582877,198.76499938964844,133.58900451660156,206.64599609375,133.46499633789062
41.85,1.717443718725214e-07,0.0,1.836811952538042e-15,7.88197229096527,92.11139833050132,87.50385611582877,198.76499938964844,133.58900451660156,206.64599609375,133.46499633789062
41.900000000000006,2.4042184965389463e-07,0.0,1.836811952538042e-15,7.88197229096527,92.11139833050132,87.50385611582877,198.76499938964844,133.58900451660156,206.64599609375,133.46499633789062
41.95,2.74813968509041e-07,0.0,1.836811952538042e-15,7.88197229096527,92.11139833050132,87.50385611582877,198.76499938964844,133.58900451660156,206.64599609375,133.46499633789062
42.0,3.276522203607567e-11,0.0,1.836811952538042e-15,7.88197229096527,92.11139833050132,87.50385611582877,198.76499938964844,133.58900451660156,206.64599609375,133.46499633789062
42.050000000000004,3.441591951042492e-08,0.0,1.836811952538042e-15,7.88197229096527,92.11139833050132,87.50385611582877,198.76499938964844,133.58900451660156,206.64599609375,133.46499633789062
42.1,1.3733182155434962e-07,0.0,1.836811952538042e-15,7.88197229096527,92.11139833050132,87.50385611582877,198.76499938964844,133.58900451660156,206.64599609375,133.46499633789062
42.150000000000006,2.746306735366018e-07,0.0,1.836811952538042e-15,7.88197229096527,92.11139833050132,87.50385611582877,198.76499938964844,133.58900451660156,206.64599609375,133.46499633789062
42.2,4.11949869269097e-07,0.0,1.836811952538042e-15,7.88197229096527,92.11139833050132,87.50385611582877,198.76499938964844,133.58900451660156,206.64599609375,133.46499633789062
42.25,5.149386452175817e-07,0.0,1.836811952538042e-15,7.88197229096527,92.11139833050132,87.50385611582877,198.76499938964844,133.58900451660156,206.64599609375,133.46499633789062
42.300000000000004,5.149332169008348e-07,0.0,1.836811952538042e-15,7.88197229096527,92.11139833050132,87.50385611582877,198.76499938964844,133.58900451660156,206.64599609375,133.46499633789062
42.35,5.492687533556406e-07,0.0,1.836811952538042e-15,7.88197229096527,92.11139833050132,87.50385611582877,198.76499938964844,133.58900451660156,206.64599609375,133.46499633789062
42.400000000000006,6.865778201621e-07,0.0,1.836811952538042e-15,7.88197229096527,92.11139833050132,87.50385611582877,198.76499938964844,133.58900451660156,206.64599609375,133.46499633789062
42.45,1.3732043462612342e-07,0.0,1.836811952538042e-15,7.88197229096527,92.11139833050132,87.50385611582877,198.76499938964844,133.58900451660156,206.64599609375,133.46499633789062
42.5,2.40305927808668e-07,0.0,1.836811952538042e-15,7.88197229096527,92.11139833050132,87.50385611582877,198.76499938964844,133.58900451660156,206.64599609375,133.46499633789062
42.550000000000004,2.4030430701660953e-07,0.0,1.836811952538042e-15,7.88197229096527,92.11139833050132,87.50385611582877,198.76499938964844,133.58900451660156,206.64599609375,133.46499633789062
42.6,3.089658039657838e-07,0.0,1.836811952538042e-15,7.88197229096527,92.11139833050132,87.50385611582877,198.76499938964844,133.58900451660156,206.64599609375,133.46499633789062
42.650000000000006,3.0900563105967254e-07,0.0,1.836811952538042e-15,7.88197229096527,92.11139833050132,87.50385611582877,198.76499938964844,133.58900451660156,206.64599609375,133.46499633789062
42.7,3.0905904889302464e-07,0.0,1.836811952538042e-15,7.88197229096527,92.11139833050132,87.50385611582877,198.76499938964844,133.58900451660156,206.64599609375,133.46499633789062
42.75,1.0985265669604396e-06,0.0,1.836811952538042e-15,7.88197229096527,92.11139833050132,87.50385611582877,198.76499938964844,133.58900451660156,206.64599609375,133.46499633789062
42.800000000000004,4.463567175200087e-07,0.0,1.836811952538042e-15,7.88197229096527,92.11139833050132,87.50385611582877,198.76499938964844,133.58900451660156,206.64599609375,133.46499633789062
42.85,3.433292808087393e-08,0.0,1.836811952538042e-15,7.88197229096527,92.11139833050132,87.50385611582877,198.76499938964844,133.58900451660156,206.64599609375,133.46499633789062
42.900000000000006,3.4461786447336846e-08,0.0,1.836811952538042e-15,7.88197229096527,92.11139833050132,87.50385611582877,198.76499938964844,133.58900451660156,206.64599609375,133.46499633789062
42.95,3.477134880935172e-08,0.0,1.836811952538042e-15,7.88197229096527,92.11139833050132,87.50385611582877,198.76499938964844,133.58900451660156,206.64599609375,133.46499633789062
43.0,6.902478569489406e-08,0.0,1.836811952538042e-15,7.88197229096527,92.11139833050132,87.50385611582877,198.76499938964844,133.58900451660156,206.64599609375,133.46499633789062
43.050000000000004,1.716548858728295e-07,0.0,1.836811952538042e-15,7.88197229096527,92.11139833050132,87.50385611582877,198.76499938964844,133.58900451660156,206.64599609375,133.46499633789062
43.1,8.238990200477777e-07,0.0,1.836811952538042e-15,7.88197229096527,92.11139833050132,87.50385611582877,198.76499938964844,133.58900451660156,206.64599609375,133.46499633789062
43.150000000000006,1.7175416402850126e-07,0.0,1.836811952538042e-15,7.88197229096527,92.11139833050132,87.50385611582877,198.76499938964844,133.58900451660156,206.64599609375,133.46499633789062
43.2,2.4030750223912355e-07,0.0,1.836811952538042e-15,7.88197229096527,92.11139833050132,87.50385611582877,198.76499938964844,133.58900451660156,206.64599609375,133.46499633789062
43.25,0.0,0.0,1.836811952538042e-15,7.88197229096527,92.11139833050132,87.50385611582877,198.76499938964844,133.58900451660156,206.64599609375,133.46499633789062
43.300000000000004,1.373233729233713e-07,0.0,1.836811952538042e-15,7.88197229096527,92.11139833050132,87.50385611582877,198.76499938964844,133.58900451660156,206.64599609375,133.46499633789062
43.35,1.7164641268659904e-07,0.0,1.836811952538042e-15,7.88197229096527,92.11139833050132,87.50385611582877,198.76499938964844,133.58900451660156,206.64599609375,133.46499633789062
43.400000000000006,2.4031502942349497e-07,0.0,1.836811952538042e-15,7.88197229096527,92.11139833050132,87.50385611582877,198.76499938964844,133.58900451660156,206.64599609375,133.46499633789062
43.45,2.4035682810519e-07,0.0,1.836811952538042e-15,7.88197229096527,92.11139833050132,87.50385611582877,198.76499938964844,133.58900451660156,206.64599609375,133.46499633789062
43.5,2.404234876807475e-07,0.0,1.836811952538042e-15,7.88197229096527,92.11139833050132,87.50385611582877,198.76499938964844,133.58900451660156,206.64599609375,133.46499633789062
43.550000000000004,1.0298711215860873e-06,0.0,1.836811952538042e-15,7.88197229096527,92.11139833050132,87.50385611582877,198.76499938964844,133.58900451660156,206.64599609375,133.46499633789062
43.6,3.777118333522365e-07,0.0,1.836811952538042e-15,7.88197229096527,92.11139833050132,87.50385611582877,198.76499938964844,133.58900451660156,206.64599609375,133.46499633789062
43.650000000000006,1.1671863196967209e-06,0.0,1.836811952538042e-15,7.88197229096527,92.11139833050132,87.50385611582877,198.76499938964844,133.58900451660156,206.64599609375,133.46499633789062
43.7,4.6156225394083945e-10,0.0,1.836811952538042e-15,7.88197229096527,92.11139833050132,87.50385611582877,198.76499938964844,133.58900451660156,206.64599609375,133.46499633789062
43.75,3.4339728896982647e-08,0.0,1.836811952538042e-15,7.88197229096527,92.11139833050132,87.50385611582877,198.76499938964844,133.58900451660156,206.64599609375,133.46499633789062
43.800000000000004,6.869819929671808e-08,0.0,1.836811952538042e-15,7.88197229096527,92.11139833050132,87.50385611582877,198.76499938964844,133.58900451660156,206.64599609375,133.46499633789062
43.85,8.925772949118536e-07,0.0,1.836811952538042e-15,7.88197229096527,92.11139833050132,87.50385611582877,198.76499938964844,133.58900451660156,206.64599609375,133.46499633789062
43.900000000000006,2.4030567143681916e-07,0.0,1.836811952538042e-15,7.88197229096527,92.11139833050132,87.50385611582877,198.76499938964844,133.58900451660156,206.64599609375,133.46499633789062
43.95,2.403325486876975e-07,0.0,1.836811952538042e-15,7.88197229096527,92.11139833050132,87.50385611582877,198.76499938964844,133.58900451660156,206.64599609375,133.46499633789062
44.0,3.0900772245482835e-07,0.0,1.836811952538042e-15,7.88197229096527,92.11139833050132,87.50385611582877,198.76499938964844,133.58900451660156,206.64599609375,133.46499633789062
44.050000000000004,3.4338144057709697e-07,0.0,1.836811952538042e-15,7.88197229096527,92.11139833050132,87.50385611582877,198.76499938964844,133.58900451660156,206.64599609375,133.46499633789062
44.1,3.276522203607567e-11,0.0,1.836811952538042e-15,7.88197229096527,92.11139833050132,87.50385611582877,198.76499938964844,133.58900451660156,206.64599609375,133.46499633789062
44.150000000000006,3.441591951042492e-08,0.0,1.836811952538042e-15,7.88197229096527,92.11139833050132,87.50385611582877,198.76499938964844,133.58900451660156,206.64599609375,133.46499633789062
44.2,3.4684188880630465e-08,0.0,1.836811952538042e-15,7.88197229096527,92.11139833050132,87.50385611582877,198.76499938964844,133.58900451660156,206.64599609375,133.46499633789062
44.25,1.373932738555569e-07,0.0,1.836811952538042e-15,7.88197229096527,92.11139833050132,87.50385611582877,198.76499938964844,133.58900451660156,206.64599609375,133.46499633789062
44.300000000000004,2.4031966899740293e-07,0.0,1.836811952538042e-15,7.88197229096527,92.11139833050132,87.50385611582877,198.76499938964844,133.58900451660156,206.64599609375,133.46499633789062
44.35,2.4038437862173313e-07,0.0,1.836811952538042e-15,7.88197229096527,92.11139833050132,87.50385611582877,198.76499938964844,133.58900451660156,206.64599609375,133.46499633789062
44.400000000000006,3.433403365031257e-07,0.0,1.836811952538042e-15,7.88197229096527,92.11139833050132,87.50385611582877,198.76499938964844,133.58900451660156,206.64599609375,133.46499633789062
44.45,3.776659047413002e-07,0.0,1.836811952538042e-15,7.88197229096527,92.11139833050132,87.50385611582877,198.76499938964844,133.58900451660156,206.64599609375,133.46499633789062
44.5,4.120160783731185e-07,0.0,1.836811952538042e-15,7.88197229096527,92.11139833050132,87.50385611582877,198.76499938964844,133.58900451660156,206.64599609375,133.46499633789062
44.550000000000004,1.3732043462612342e-07,0.0,1.836811952538042e-15,7.88197229096527,92.11139833050132,87.50385611582877,198.76499938964844,133.58900451660156,206.64599609375,133.46499633789062
44.6,2.7464934962364194e-07,0.0,1.836811952538042e-15,7.88197229096527,92.11139833050132,87.50385611582877,198.76499938964844,133.58900451660156,206.64599609375,133.46499633789062
44.650000000000006,3.089606829030135e-07,0.0,1.836811952538042e-15,7.88197229096527,92.11139833050132,87.50385611582877,198.76499938964844,133.58900451660156,206.64599609375,133.46499633789062
44.7,3.089641048946346e-07,0.0,1.836811952538042e-15,7.88197229096527,92.11139833050132,87.50385611582877,198.76499938964844,133.58900451660156,206.64599609375,133.46499633789062
44.75,4.119508522357004e-07,0.0,1.836811952538042e-15,7.88197229096527,92.11139833050132,87.50385611582877,198.76499938964844,133.58900451660156,206.64599609375,133.46499633789062
44.800000000000004,5.492628116334467e-07,0.0,1.836811952538042e-15,7.88197229096527,92.11139833050132,87.50385611582877,198.76499938964844,133.58900451660156,206.64599609375,133.46499633789062
44.85,6.865802949796363e-07,0.0,1.836811952538042e-15,7.88197229096527,92.11139833050132,87.50385611582877,198.76499938964844,133.58900451660156,206.64599609375,133.46499633789062
44.900000000000006,7.209082372099896e-07,0.0,1.836811952538042e-15,7.88197229096527,92.11139833050132,87.50385611582877,198.76499938964844,133.58900451660156,206.64599609375,133.46499633789062
44.95,3.433292808087393e-08,0.0,1.836811952538042e-15,7.88197229096527,92.11139833050132,87.50385611582877,198.76499938964844,133.58900451660156,206.64599609375,133.46499633789062
45.0,1.3732032776336778e-07,0.0,1.836811952538042e-15,7.88197229096527,92.11139833050132,87.50385611582877,198.76499938964844,133.58900451660156,206.64599609375,133.46499633789062
45.050000000000004,2.7463237877055203e-07,0.0,1.836811952538042e-15,7.88197229096527,92.11139833050132,87.50385611582877,198.76499938964844,133.58900451660156,206.64599609375,133.46499633789062
45.1,3.0895966896874597e-07,0.0,1.836811952538042e-15,7.88197229096527,92.11139833050132,87.50385611582877,198.76499938964844,133.58900451660156,206.64599609375,133.46499633789062
45.150000000000006,3.77651723200256e-07,0.0,1.836811952538042e-15,7.88197229096527,92.11139833050132,87.50385611582877,198.76499938964844,133.58900451660156,206.64599609375,133.46499633789062
45.2,3.776394466068019e-07,0.0,1.836811952538042e-15,7.88197229096527,92.11139833050132,87.50385611582877,198.76499938964844,133.58900451660156,206.64599609375,133.46499633789062
45.25,3.77674216453206e-07,0.0,1.836811952538042e-15,7.88197229096527,92.11139833050132,87.50385611582877,198.76499938964844,133.58900451660156,206.64599609375,133.46499633789062
45.300000000000004,4.120234777466603e-07,0.0,1.836811952538042e-15,7.88197229096527,92.11139833050132,87.50385611582877,198.76499938964844,133.58900451660156,206.64599609375,133.46499633789062
45.35,0.0,0.0,1.836811952538042e-15,7.88197229096527,92.11139833050132,87.50385611582877,198.76499938964844,133.58900451660156,206.64599609375,133.46499633789062
45.400000000000006,3.440257787465196e-08,0.0,1.836811952538042e-15,7.88197229096527,92.11139833050132,87.50385611582877,198.76499938964844,133.58900451660156,206.64599609375,133.46499633789062
45.45,3.465683444912826e-08,0.0,1.836811952538042e-15,7.88197229096527,92.11139833050132,87.50385611582877,198.76499938964844,133.58900451660156,206.64599609375,133.46499633789062
45.5,1.0318372949812212e-07,0.0,1.836811952538042e-15,7.88197229096527,92.11139833050132,87.50385611582877,198.76499938964844,133.58900451660156,206.64599609375,133.46499633789062
45.550000000000004,1.0337881935579172e-07,0.0,1.836811952538042e-15,7.88197229096527,92.11139833050132,87.50385611582877,198.76499938964844,133.58900451660156,206.64599609375,133.46499633789062
45.6,2.0992119769987827e-07,0.0,1.836811952538042e-15,7.88197229096527,92.11139833050132,87.50385611582877,198.76499938964844,133.58900451660156,206.64599609375,133.46499633789062
45.650000000000006,2.747466069876377e-07,0.0,1.836811952538042e-15,7.88197229096527,92.11139833050132,87.50385611582877,198.76499938964844,133.58900451660156,206.64599609375,133.46499633789062
45.7,3.7761900143919833e-07,0.0,1.836811952538042e-15,7.88197229096527,92.11139833050132,87.50385611582877,198.76499938964844,133.58900451660156,206.64599609375,133.46499633789062
45.75,4.120201678938677e-07,0.0,1.836811952538042e-15,7.88197229096527,92.11139833050132,87.50385611582877,198.76499938964844,133.58900451660156,206.64599609375,133.46499633789062
45.800000000000004,3.434638334361262e-08,0.0,1.836811952538042e-15,7.88197229096527,92.11139833050132,87.50385611582877,198.76499938964844,133.58900451660156,206.64599609375,133.46499633789062
45.85,3.451725930922505e-08,0.0,1.836811952538042e-15,7.88197229096527,92.11139833050132,87.50385611582877,198.76499938964844,133.58900451660156,206.64599609375,133.46499633789062
45.900000000000006,3.486785616013643e-08,0.0,1.836811952538042e-15,7.88197229096527,92.11139833050132,87.50385611582877,198.76499938964844,133.58900451660156,206.64599609375,133.46499633789062
45.95,8.239009272230229e-07,0.0,1.836811952538042e-15,7.88197229096527,92.11139833050132,87.50385611582877,198.76499938964844,133.58900451660156,206.64599609375,133.46499633789062
46.0,1.7165896325107985e-07,0.0,1.836811952538042e-15,7.88197229096527,92.11139833050132,87.50385611582877,198.76499938964844,133.58900451660156,206.64599609375,133.46499633789062
46.050000000000004,2.0600648803166997e-07,0.0,1.836811952538042e-15,7.88197229096527,92.11139833050132,87.50385611582877,198.76499938964844,133.58900451660156,206.64599609375,133.46499633789062
46.1,3.0896667142363806e-07,0.0,1.836811952538042e-15,7.88197229096527,92.11139833050132,87.50385611582877,198.76499938964844,133.58900451660156,206.64599609375,133.46499633789062
46.150000000000006,3.460988231220471e-07,0.0,1.836811952538042e-15,7.88197229096527,92.11139833050132,87.50385611582877,198.76499938964844,133.58900451660156,206.64599609375,133.46499633789062
46.2,3.276522203607567e-11,0.0,1.836811952538042e-15,7.88197229096527,92.11139833050132,87.50385611582877,198.76499938964844,133.58900451660156,206.64599609375,133.46499633789062
46.25,3.441591951042492e-08,0.0,1.836811952538042e-15,7.88197229096527,92.11139833050132,87.50385611582877,198.76499938964844,133.58900451660156,206.64599609375,133.46499633789062
46.300000000000004,3.4684188880630465e-08,0.0,1.836811952538042e-15,7.88197229096527,92.11139833050132,87.50385611582877,198.76499938964844,133.58900451660156,206.64599609375,133.46499633789062
46.35,1.0319597885955103e-07,0.0,1.836811952538042e-15,7.88197229096527,92.11139833050132,87.50385611582877,198.76499938964844,133.58900451660156,206.64599609375,133.46499633789062
46.400000000000006,1.0339599662375987e-07,0.0,1.836811952538042e-15,7.88197229096527,92.11139833050132,87.50385611582877,198.76499938964844,133.58900451660156,206.64599609375,133.46499633789062
46.45,1.719840581131689e-07,0.0,1.836811952538042e-15,7.88197229096527,92.11139833050132,87.50385611582877,198.76499938964844,133.58900451660156,206.64599609375,133.46499633789062
46.5,9.268964005605762e-07,0.0,1.836811952538042e-15,7.88197229096527,92.11139833050132,87.50385611582877,198.76499938964844,133.58900451660156,206.64599609375,133.46499633789062
46.550000000000004,3.435182249761826e-07,0.0,1.836811952538042e-15,7.88197229096527,92.11139833050132,87.50385611582877,198.76499938964844,133.58900451660156,206.64599609375,133.46499633789062
46.6,4.4640860985053164e-07,0.0,1.836811952538042e-15,7.88197229096527,92.11139833050132,87.50385611582877,198.76499938964844,133.58900451660156,206.64599609375,133.46499633789062
46.650000000000006,3.440199759976291e-08,0.0,1.836811952538042e-15,7.88197229096527,92.11139833050132,87.50385611582877,198.76499938964844,133.58900451660156,206.64599609375,133.46499633789062
46.7,3.433381988509631e-08,0.0,1.836811952538042e-15,7.88197229096527,92.11139833050132,87.50385611582877,198.76499938964844,133.58900451660156,206.64599609375,133.46499633789062
46.75,3.4409516084210156e-08,0.0,1.836811952538042e-15,7.88197229096527,92.11139833050132,87.50385611582877,198.76499938964844,133.58900451660156,206.64599609375,133.46499633789062
46.800000000000004,6.179255072203778e-07,0.0,1.836811952538042e-15,7.88197229096527,92.11139833050132,87.50385611582877,198.76499938964844,133.58900451660156,206.64599609375,133.46499633789062
46.85,3.498129511239246e-08,0.0,1.836811952538042e-15,7.88197229096527,92.11139833050132,87.50385611582877,198.76499938964844,133.58900451660156,206.64599609375,133.46499633789062
46.900000000000006,7.209120959073189e-07,0.0,1.836811952538042e-15,7.88197229096527,92.11139833050132,87.50385611582877,198.76499938964844,133.58900451660156,206.64599609375,133.46499633789062
46.95,1.375703547096756e-07,0.0,1.836811952538042e-15,7.88197229096527,92.11139833050132,87.50385611582877,198.76499938964844,133.58900451660156,206.64599609375,133.46499633789062
47.0,2.4039891947398466e-07,0.0,1.836811952538042e-15,7.88197229096527,92.11139833050132,87.50385611582877,198.76499938964844,133.58900451660156,206.64599609375,133.46499633789062
47.050000000000004,3.433292808087393e-08,0.0,1.836811952538042e-15,7.88197229096527,92.11139833050132,87.50385611582877,198.76499938964844,133.58900451660156,206.64599609375,133.46499633789062
47.1,3.4461786447336846e-08,0.0,1.836811952538042e-15,7.88197229096527,92.11139833050132,87.50385611582877,198.76499938964844,133.58900451660156,206.64599609375,133.46499633789062
47.150000000000006,3.477134880935172e-08,0.0,1.836811952538042e-15,7.88197229096527,92.11139833050132,87.50385611582877,198.76499938964844,133.58900451660156,206.64599609375,133.46499633789062
47.2,6.911723372897431e-08,0.0,1.836811952538042e-15,7.88197229096527,92.11139833050132,87.50385611582877,198.76499938964844,133.58900451660156,206.64599609375,133.46499633789062
47.25,1.7164455090576188e-07,0.0,1.836811952538042e-15,7.88197229096527,92.11139833050132,87.50385611582877,198.76499938964844,133.58900451660156,206.64599609375,133.46499633789062
47.300000000000004,2.0615764824735194e-07,0.0,1.836811952538042e-15,7.88197229096527,92.11139833050132,87.50385611582877,198.76499938964844,133.58900451660156,206.64599609375,133.46499633789062
47.35,3.089603613725179e-07,0.0,1.836811952538042e-15,7.88197229096527,92.11139833050132,87.50385611582877,198.76499938964844,133.58900451660156,206.64599609375,133.46499633789062
47.400000000000006,3.4341971409254e-07,0.0,1.836811952538042e-15,7.88197229096527,92.11139833050132,87.50385611582877,198.76499938964844,133.58900451660156,206.64599609375,133.46499633789062
47.45,0.0,0.0,1.836811952538042e-15,7.88197229096527,92.11139833050132,87.50385611582877,198.76499938964844,133.58900451660156,206.64599609375,133.46499633789062
47.5,3.440257787465196e-08,0.0,1.836811952538042e-15,7.88197229096527,92.11139833050132,87.50385611582877,198.76499938964844,133.58900451660156,206.64599609375,133.46499633789062
47.550000000000004,3.465683444912826e-08,0.0,1.836811952538042e-15,7.88197229096527,92.11139833050132,87.50385611582877,198.76499938964844,133.58900451660156,206.64599609375,133.46499633789062
47.6,1.0318372949812212e-07,0.0,1.836811952538042e-15,7.88197229096527,92.11139833050132,87.50385611582877,198.76499938964844,133.58900451660156,206.64599609375,133.46499633789062
47.650000000000006,1.0337881935579172e-07,0.0,1.836811952538042e-15,7.88197229096527,92.11139833050132,87.50385611582877,198.76499938964844,133.58900451660156,206.64599609375,133.46499633789062
47.7,2.0991028584604672e-07,0.0,1.836811952538042e-15,7.88197229096527,92.11139833050132,87.50385611582877,198.76499938964844,133.58900451660156,206.64599609375,133.46499633789062
47.75,2.748152991717987e-07,0.0,1.836811952538042e-15,7.88197229096527,92.11139833050132,87.50385611582877,198.76499938964844,133.58900451660156,206.64599609375,133.46499633789062
47.800000000000004,3.089605079234583e-07,0.0,1.836811952538042e-15,7.88197229096527,92.11139833050132,87.50385611582877,198.76499938964844,133.58900451660156,206.64599609375,133.46499633789062
47.85,3.0896496735450775e-07,0.0,1.836811952538042e-15,7.88197229096527,92.11139833050132,87.50385611582877,198.76499938964844,133.58900451660156,206.64599609375,133.46499633789062
47.900000000000006,3.434638334361262e-08,0.0,1.836811952538042e-15,7.88197229096527,92.11139833050132,87.50385611582877,198.76499938964844,133.58900451660156,206.64599609375,133.46499633789062
47.95,3.451725930922505e-08,0.0,1.836811952538042e-15,7.88197229096527,92.11139833050132,87.50385611582877,198.76499938964844,133.58900451660156,206.64599609375,133.46499633789062
48.0,6.865840876598526e-07,0.0,1.836811952538042e-15,7.88197229096527,92.11139833050132,87.50385611582877,198.76499938964844,133.58900451660156,206.64599609375,133.46499633789062
48.050000000000004,3.493822683093296e-08,0.0,1.836811952538042e-15,7.88197229096527,92.11139833050132,87.50385611582877,198.76499938964844,133.58900451660156,206.64599609375,133.46499633789062
48.1,7.96762419331854e-08,0.0,1.836811952538042e-15,7.88197229096527,92.11139833050132,87.50385611582877,198.76499938964844,133.58900451660156,206.64599609375,133.46499633789062
48.150000000000006,1.0345102996825667e-07,0.0,1.836811952538042e-15,7.88197229096527,92.11139833050132,87.50385611582877,198.76499938964844,133.58900451660156,206.64599609375,133.46499633789062
48.2,1.0353624203133966e-07,0.0,1.836811952538042e-15,7.88197229096527,92.11139833050132,87.50385611582877,198.76499938964844,133.58900451660156,206.64599609375,133.46499633789062
48.25,2.0957910864510884e-07,0.0,1.836811952538042e-15,7.88197229096527,92.11139833050132,87.50385611582877,198.76499938964844,133.58900451660156,206.64599609375,133.46499633789062
48.300000000000004,5.803810237885855e-11,0.0,1.836811952538042e-15,7.88197229096527,92.11139833050132,87.50385611582877,198.76499938964844,133.58900451660156,206.64599609375,133.46499633789062
48.35,1.3733194430123553e-07,0.0,1.836811952538042e-15,7.88197229096527,92.11139833050132,87.50385611582877,198.76499938964844,133.58900451660156,206.64599609375,133.46499633789062
48.400000000000006,2.4031349084800663e-07,0.0,1.836811952538042e-15,7.88197229096527,92.11139833050132,87.50385611582877,198.76499938964844,133.58900451660156,206.64599609375,133.46499633789062
48.45,2.4030184674341056e-07,0.0,1.836811952538042e-15,7.88197229096527,92.11139833050132,87.50385611582877,198.76499938964844,133.58900451660156,206.64599609375,133.46499633789062
48.5,2.4031630368208366e-07,0.0,1.836811952538042e-15,7.88197229096527,92.11139833050132,87.50385611582877,198.76499938964844,133.58900451660156,206.64599609375,133.46499633789062
48.550000000000004,4.119465976037425e-07,0.0,1.836811952538042e-15,7.88197229096527,92.11139833050132,87.50385611582877,198.76499938964844,133.58900451660156,206.64599609375,133.46499633789062
48.6,5.492633244230832e-07,0.0,1.836811952538042e-15,7.88197229096527,92.11139833050132,87.50385611582877,198.76499938964844,133.58900451660156,206.64599609375,133.46499633789062
48.650000000000006,6.865833500590644e-07,0.0,1.836811952538042e-15,7.88197229096527,92.11139833050132,87.50385611582877,198.76499938964844,133.58900451660156,206.64599609375,133.46499633789062
48.7,7.209073505356306e-07,0.0,1.836811952538042e-15,7.88197229096527,92.11139833050132,87.50385611582877,198.76499938964844,133.58900451660156,206.64599609375,133.46499633789062
48.75,3.436962386831153e-08,0.0,1.836811952538042e-15,7.88197229096527,92.11139833050132,87.50385611582877,198.76499938964844,133.58900451660156,206.64599609375,133.46499633789062
48.800000000000004,2.059732673732381e-07,0.0,1.836811952538042e-15,7.88197229096527,92.11139833050132,87.50385611582877,198.76499938964844,133.58900451660156,206.64599609375,133.46499633789062
48.85,3.4693826257253027e-07,0.0,1.836811952538042e-15,7.88197229096527,92.11139833050132,87.50385611582877,198.76499938964844,133.58900451660156,206.64599609375,133.46499633789062
48.900000000000006,3.776187510417109e-07,0.0,1.836811952538042e-15,7.88197229096527,92.11139833050132,87.50385611582877,198.76499938964844,133.58900451660156,206.64599609375,133.46499633789062
48.95,3.7763050624776556e-07,0.0,1.836811952538042e-15,7.88197229096527,92.11139833050132,87.50385611582877,198.76499938964844,133.58900451660156,206.64599609375,133.46499633789062
49.0,3.7765888206005795e-07,0.0,1.836811952538042e-15,7.88197229096527,92.11139833050132,87.50385611582877,198.76499938964844,133.58900451660156,206.64599609375,133.46499633789062
49.050000000000004,3.7770387701746e-07,0.0,1.836811952538042e-15,7.88197229096527,92.11139833050132,87.50385611582877,198.76499938964844,133.58900451660156,206.64599609375,133.46499633789062
49.1,5.16675110130876e-07,0.0,1.836811952538042e-15,7.88197229096527,92.11139833050132,87.50385611582877,198.76499938964844,133.58900451660156,206.64599609375,133.46499633789062
49.150000000000006,3.433292808087393e-08,0.0,1.836811952538042e-15,7.88197229096527,92.11139833050132,87.50385611582877,198.76499938964844,133.58900451660156,206.64599609375,133.46499633789062
49.2,3.4461786447336846e-08,0.0,1.836811952538042e-15,7.88197229096527,92.11139833050132,87.50385611582877,198.76499938964844,133.58900451660156,206.64599609375,133.46499633789062
49.25,6.881188916433903e-08,0.0,1.836811952538042e-15,7.88197229096527,92.11139833050132,87.50385611582877,198.76499938964844,133.58900451660156,206.64599609375,133.46499633789062
49.300000000000004,2.0598810138771774e-07,0.0,1.836811952538042e-15,7.88197229096527,92.11139833050132,87.50385611582877,198.76499938964844,133.58900451660156,206.64599609375,133.46499633789062
49.35,2.403022755945264e-07,0.0,1.836811952538042e-15,7.88197229096527,92.11139833050132,87.50385611582877,198.76499938964844,133.58900451660156,206.64599609375,133.46499633789062
49.400000000000006,2.403072498432617e-07,0.0,1.836811952538042e-15,7.88197229096527,92.11139833050132,87.50385611582877,198.76499938964844,133.58900451660156,206.64599609375,133.46499633789062
49.45,2.746486513155278e-07,0.0,1.836811952538042e-15,7.88197229096527,92.11139833050132,87.50385611582877,198.76499938964844,133.58900451660156,206.64599609375,133.46499633789062
49.5,3.7765450622854737e-07,0.0,1.836811952538042e-15,7.88197229096527,92.11139833050132,87.50385611582877,198.76499938964844,133.58900451660156,206.64599609375,133.46499633789062
49.550000000000004,0.0,0.0,1.836811952538042e-15,7.88197229096527,92.11139833050132,87.50385611582877,198.76499938964844,133.58900451660156,206.64599609375,133.46499633789062
49.6,3.440257787465196e-08,0.0,1.836811952538042e-15,7.88197229096527,92.11139833050132,87.50385611582877,198.76499938964844,133.58900451660156,206.64599609375,133.46499633789062
49.650000000000006,1.0305928392656478e-07,0.0,1.836811952538042e-15,7.88197229096527,92.11139833050132,87.50385611582877,198.76499938964844,133.58900451660156,206.64599609375,133.46499633789062
49.7,1.0319096968632105e-07,0.0,1.836811952538042e-15,7.88197229096527,92.11139833050132,87.50385611582877,198.76499938964844,133.58900451660156,206.64599609375,133.46499633789062
49.75,1.3760477487214697e-07,0.0,1.836811952538042e-15,7.88197229096527,92.11139833050132,87.50385611582877,198.76499938964844,133.58900451660156,206.64599609375,133.46499633789062
49.800000000000004,2.403033664784127e-07,0.0,1.836811952538042e-15,7.88197229096527,92.11139833050132,87.50385611582877,198.76499938964844,133.58900451660156,206.64599609375,133.46499633789062
49.85,2.774730471593914e-07,0.0,1.836811952538042e-15,7.88197229096527,92.11139833050132,87.50385611582877,198.76499938964844,133.58900451660156,206.64599609375,133.46499633789062
49.900000000000006,3.0915935722021575e-07,0.0,1.836811952538042e-15,7.88197229096527,92.11139833050132,87.50385611582877,198.76499938964844,133.58900451660156,206.64599609375,133.46499633789062
49.95,4.137306115512775e-07,0.0,1.836811952538042e-15,7.88197229096527,92.11139833050132,87.50385611582877,198.76499938964844,133.58900451660156,206.64599609375,133.46499633789062
50.0,4.034960739162845e-10,0.0,1.836811952538042e-15,7.88197229096527,92.11139833050132,87.50385611582877,198.76499938964844,133.58900451660156,206.64599609375,133.46499633789062
50.050000000000004,3.4392540763676846e-08,0.0,1.836811952538042e-15,7.88197229096527,92.11139833050132,87.50385611582877,198.76499938964844,133.58900451660156,206.64599609375,133.46499633789062
50.1,1.0305319735156442e-07,0.0,1.836811952538042e-15,7.88197229096527,92.11139833050132,87.50385611582877,198.76499938964844,133.58900451660156,206.64599609375,133.46499633789062
50.150000000000006,1.0318044702423205e-07,0.0,1.836811952538042e-15,7.88197229096527,92.11139833050132,87.50385611582877,198.76499938964844,133.58900451660156,206.64599609375,133.46499633789062
50.2,8.582266063274308e-07,0.0,1.836811952538042e-15,7.88197229096527,92.11139833050132,87.50385611582877,198.76499938964844,133.58900451660156,206.64599609375,133.46499633789062
50.25,2.4043610655799143e-07,0.0,1.836811952538042e-15,7.88197229096527,92.11139833050132,87.50385611582877,198.76499938964844,133.58900451660156,206.64599609375,133.46499633789062
50.300000000000004,3.091107915062068e-07,0.0,1.836811952538042e-15,7.88197229096527,92.11139833050132,87.50385611582877,198.76499938964844,133.58900451660156,206.64599609375,133.46499633789062
50.35,1.0642034011688815e-06,0.0,1.836811952538042e-15,7.88197229096527,92.11139833050132,87.50385611582877,198.76499938964844,133.58900451660156,206.64599609375,133.46499633789062
50.400000000000006,3.276522203607567e-11,0.0,1.836811952538042e-15,7.88197229096527,92.11139833050132,87.50385611582877,198.76499938964844,133.58900451660156,206.64599609375,133.46499633789062
50.45,6.865957617985199e-07,0.0,1.836811952538042e-15,7.88197229096527,92.11139833050132,87.50385611582877,198.76499938964844,133.58900451660156,206.64599609375,133.46499633789062
50.5,3.451657170864474e-08,0.0,1.836811952538042e-15,7.88197229096527,92.11139833050132,87.50385611582877,198.76499938964844,133.58900451660156,206.64599609375,133.46499633789062
50.550000000000004,3.486926008810619e-08,0.0,1.836811952538042e-15,7.88197229096527,92.11139833050132,87.50385611582877,198.76499938964844,133.58900451660156,206.64599609375,133.46499633789062
50.6,6.90874803364711e-08,0.0,1.836811952538042e-15,7.88197229096527,92.11139833050132,87.50385611582877,198.76499938964844,133.58900451660156,206.64599609375,133.46499633789062
50.650000000000006,1.0308753348058381e-07,0.0,1.836811952538042e-15,7.88197229096527,92.11139833050132,87.50385611582877,198.76499938964844,133.58900451660156,206.64599609375,133.46499633789062
50.7,1.716457913039064e-07,0.0,1.836811952538042e-15,7.88197229096527,92.11139833050132,87.50385611582877,198.76499938964844,133.58900451660156,206.64599609375,133.46499633789062
50.75,1.7188159888027383e-07,0.0,1.836811952538042e-15,7.88197229096527,92.11139833050132,87.50385611582877,198.76499938964844,133.58900451660156,206.64599609375,133.46499633789062
50.800000000000004,3.0896461260267245e-07,0.0,1.836811952538042e-15,7.88197229096527,92.11139833050132,87.50385611582877,198.76499938964844,133.58900451660156,206.64599609375,133.46499633789062
50.85,3.436962386831153e-08,0.0,1.836811952538042e-15,7.88197229096527,92.11139833050132,87.50385611582877,198.76499938964844,133.58900451660156,206.64599609375,133.46499633789062
50.900000000000006,6.878009360827648e-08,0.0,1.836811952538042e-15,7.88197229096527,92.11139833050132,87.50385611582877,198.76499938964844,133.58900451660156,206.64599609375,133.46499633789062
50.95,2.0598376747054634e-07,0.0,1.836811952538042e-15,7.88197229096527,92.11139833050132,87.50385611582877,198.76499938964844,133.58900451660156,206.64599609375,133.46499633789062
51.0,3.432884321866039e-07,0.0,1.836811952538042e-15,7.88197229096527,92.11139833050132,87.50385611582877,198.76499938964844,133.58900451660156,206.64599609375,133.46499633789062
51.050000000000004,4.806083142571169e-07,0.0,1.836811952538042e-15,7.88197229096527,92.11139833050132,87.50385611582877,198.76499938964844,133.58900451660156,206.64599609375,133.46499633789062
51.1,5.835935956158418e-07,0.0,1.836811952538042e-15,7.88197229096527,92.11139833050132,87.50385611582877,198.76499938964844,133.58900451660156,206.64599609375,133.46499633789062
51.150000000000006,5.835887958040179e-07,0.0,1.836811952538042e-15,7.88197229096527,92.11139833050132,87.50385611582877,198.76499938964844,133.58900451660156,206.64599609375,133.46499633789062
51.2,1.2358463515797976e-06,0.0,1.836811952538042e-15,7.88197229096527,92.11139833050132,87.50385611582877,198.76499938964844,133.58900451660156,206.64599609375,133.46499633789062
51.25,3.433292808087393e-08,0.0,1.836811952538042e-15,7.88197229096527,92.11139833050132,87.50385611582877,198.76499938964844,133.58900451660156,206.64599609375,133.46499633789062
51.300000000000004,3.4461786447336846e-08,0.0,1.836811952538042e-15,7.88197229096527,92.11139833050132,87.50385611582877,198.76499938964844,133.58900451660156,206.64599609375,133.46499633789062
51.35,3.477134880935172e-08,0.0,1.836811952538042e-15,7.88197229096527,92.11139833050132,87.50385611582877,198.76499938964844,133.58900451660156,206.64599609375,133.46499633789062
51.400000000000006,6.911723372897431e-08,0.0,1.836811952538042e-15,7.88197229096527,92.11139833050132,87.50385611582877,198.76499938964844,133.58900451660156,206.64599609375,133.46499633789062
51.45,1.7164714995007523e-07,0.0,1.836811952538042e-15,7.88197229096527,92.11139833050132,87.50385611582877,198.76499938964844,133.58900451660156,206.64599609375,133.46499633789062
51.5,2.060371374096488e-07,0.0,1.836811952538042e-15,7.88197229096527,92.11139833050132,87.50385611582877,198.76499938964844,133.58900451660156,206.64599609375,133.46499633789062
51.550000000000004,3.0897568378317414e-07,0.0,1.836811952538042e-15,7.88197229096527,92.11139833050132,87.50385611582877,198.76499938964844,133.58900451660156,206.64599609375,133.46499633789062
51.6,3.4333902164016585e-07,0.0,1.836811952538042e-15,7.88197229096527,92.11139833050132,87.50385611582877,198.76499938964844,133.58900451660156,206.64599609375,133.46499633789062
51.650000000000006,0.0,0.0,1.836811952538042e-15,7.88197229096527,92.11139833050132,87.50385611582877,198.76499938964844,133.58900451660156,206.64599609375,133.46499633789062
51.7,3.440257787465196e-08,0.0,1.836811952538042e-15,7.88197229096527,92.11139833050132,87.50385611582877,198.76499938964844,133.58900451660156,206.64599609375,133.46499633789062
51.75,3.465683444912826e-08,0.0,1.836811952538042e-15,7.88197229096527,92.11139833050132,87.50385611582877,198.76499938964844,133.58900451660156,206.64599609375,133.46499633789062
51.800000000000004,1.0318372949812212e-07,0.0,1.836811952538042e-15,7.88197229096527,92.11139833050132,87.50385611582877,198.76499938964844,133.58900451660156,206.64599609375,133.46499633789062
51.85,1.0337881935579172e-07,0.0,1.836811952538042e-15,7.88197229096527,92.11139833050132,87.50385611582877,198.76499938964844,133.58900451660156,206.64599609375,133.46499633789062
51.900000000000006,2.0991028584604672e-07,0.0,1.836811952538042e-15,7.88197229096527,92.11139833050132,87.50385611582877,198.76499938964844,133.58900451660156,206.64599609375,133.46499633789062
51.95,2.748152991717987e-07,0.0,1.836811952538042e-15,7.88197229096527,92.11139833050132,87.50385611582877,198.76499938964844,133.58900451660156,206.64599609375,133.46499633789062
52.0,3.77620683493129e-07,0.0,1.836811952538042e-15,7.88197229096527,92.11139833050132,87.50385611582877,198.76499938964844,133.58900451660156,206.64599609375,133.46499633789062
52.050000000000004,3.776203632642397e-07,0.0,1.836811952538042e-15,7.88197229096527,92.11139833050132,87.50385611582877,198.76499938964844,133.58900451660156,206.64599609375,133.46499633789062
52.1,3.434638334361262e-08,0.0,1.836811952538042e-15,7.88197229096527,92.11139833050132,87.50385611582877,198.76499938964844,133.58900451660156,206.64599609375,133.46499633789062
52.150000000000006,3.451725930922505e-08,0.0,1.836811952538042e-15,7.88197229096527,92.11139833050132,87.50385611582877,198.76499938964844,133.58900451660156,206.64599609375,133.46499633789062
52.2,6.892190881620783e-08,0.0,1.836811952538042e-15,7.88197229096527,92.11139833050132,87.50385611582877,198.76499938964844,133.58900451660156,206.64599609375,133.46499633789062
52.25,8.925600170948874e-07,0.0,1.836811952538042e-15,7.88197229096527,92.11139833050132,87.50385611582877,198.76499938964844,133.58900451660156,206.64599609375,133.46499633789062
52.300000000000004,2.4031165344596965e-07,0.0,1.836811952538042e-15,7.88197229096527,92.11139833050132,87.50385611582877,198.76499938964844,133.58900451660156,206.64599609375,133.46499633789062
52.35,2.7465944137718105e-07,0.0,1.836811952538042e-15,7.88197229096527,92.11139833050132,87.50385611582877,198.76499938964844,133.58900451660156,206.64599609375,133.46499633789062
52.400000000000006,4.1463769954906955e-07,0.0,1.836811952538042e-15,7.88197229096527,92.11139833050132,87.50385611582877,198.76499938964844,133.58900451660156,206.64599609375,133.46499633789062
52.45,4.4628755476979236e-07,0.0,1.836811952538042e-15,7.88197229096527,92.11139833050132,87.50385611582877,198.76499938964844,133.58900451660156,206.64599609375,133.46499633789062
52.5,3.276522203607567e-11,0.0,1.836811952538042e-15,7.88197229096527,92.11139833050132,87.50385611582877,198.76499938964844,133.58900451660156,206.64599609375,133.46499633789062
52.550000000000004,3.441591951042492e-08,0.0,1.836811952538042e-15,7.88197229096527,92.11139833050132,87.50385611582877,198.76499938964844,133.58900451660156,206.64599609375,133.46499633789062
52.6,3.4684188880630465e-08,0.0,1.836811952538042e-15,7.88197229096527,92.11139833050132,87.50385611582877,198.76499938964844,133.58900451660156,206.64599609375,133.46499633789062
52.650000000000006,6.905312680349321e-08,0.0,1.836811952538042e-15,7.88197229096527,92.11139833050132,87.50385611582877,198.76499938964844,133.58900451660156,206.64599609375,133.46499633789062
52.7,2.105659063084624e-07,0.0,1.836811952538042e-15,7.88197229096527,92.11139833050132,87.50385611582877,198.76499938964844,133.58900451660156,206.64599609375,133.46499633789062
52.75,2.404001858652169e-07,0.0,1.836811952538042e-15,7.88197229096527,92.11139833050132,87.50385611582877,198.76499938964844,133.58900451660156,206.64599609375,133.46499633789062
52.800000000000004,3.4335088702897276e-07,0.0,1.836811952538042e-15,7.88197229096527,92.11139833050132,87.50385611582877,198.76499938964844,133.58900451660156,206.64599609375,133.46499633789062
52.85,3.7767552771916126e-07,0.0,1.836811952538042e-15,7.88197229096527,92.11139833050132,87.50385611582877,198.76499938964844,133.58900451660156,206.64599609375,133.46499633789062
52.900000000000006,4.462783435695786e-07,0.0,1.836811952538042e-15,7.88197229096527,92.11139833050132,87.50385611582877,198.76499938964844,133.58900451660156,206.64599609375,133.46499633789062
52.95,3.436962386831153e-08,0.0,1.836811952538042e-15,7.88197229096527,92.11139833050132,87.50385611582877,198.76499938964844,133.58900451660156,206.64599609375,133.46499633789062
53.0,3.458229468768173e-08,0.0,1.836811952538042e-15,7.88197229096527,92.11139833050132,87.50385611582877,198.76499938964844,133.58900451660156,206.64599609375,133.46499633789062
53.050000000000004,3.497363870741489e-08,0.0,1.836811952538042e-15,7.88197229096527,92.11139833050132,87.50385611582877,198.76499938964844,133.58900451660156,206.64599609375,133.46499633789062
53.1,8.582279415053061e-07,0.0,1.836811952538042e-15,7.88197229096527,92.11139833050132,87.50385611582877,198.76499938964844,133.58900451660156,206.64599609375,133.46499633789062
53.150000000000006,1.7168092405847442e-07,0.0,1.836811952538042e-15,7.88197229096527,92.11139833050132,87.50385611582877,198.76499938964844,133.58900451660156,206.64599609375,133.46499633789062
53.2,2.7466116635911454e-07,0.0,1.836811952538042e-15,7.88197229096527,92.11139833050132,87.50385611582877,198.76499938964844,133.58900451660156,206.64599609375,133.46499633789062
53.25,3.776262169006495e-07,0.0,1.836811952538042e-15,7.88197229096527,92.11139833050132,87.50385611582877,198.76499938964844,133.58900451660156,206.64599609375,133.46499633789062
53.300000000000004,4.142491237281849e-07,0.0,1.836811952538042e-15,7.88197229096527,92.11139833050132,87.50385611582877,198.76499938964844,133.58900451660156,206.64599609375,133.46499633789062
53.35,3.433292808087393e-08,0.0,1.836811952538042e-15,7.88197229096527,92.11139833050132,87.50385611582877,198.76499938964844,133.58900451660156,206.64599609375,133.46499633789062
53.400000000000006,3.4461786447336846e-08,0.0,1.836811952538042e-15,7.88197229096527,92.11139833050132,87.50385611582877,198.76499938964844,133.58900451660156,206.64599609375,133.46499633789062
53.45,3.477134880935172e-08,0.0,1.836811952538042e-15,7.88197229096527,92.11139833050132,87.50385611582877,198.76499938964844,133.58900451660156,206.64599609375,133.46499633789062
53.5,1.3741391640017632e-07,0.0,1.836811952538042e-15,7.88197229096527,92.11139833050132,87.50385611582877,198.76499938964844,133.58900451660156,206.64599609375,133.46499633789062
53.550000000000004,2.403273999640509e-07,0.0,1.836811952538042e-15,7.88197229096527,92.11139833050132,87.50385611582877,198.76499938964844,133.58900451660156,206.64599609375,133.46499633789062
53.6,2.4040020950386504e-07,0.0,1.836811952538042e-15,7.88197229096527,92.11139833050132,87.50385611582877,198.76499938964844,133.58900451660156,206.64599609375,133.46499633789062
53.650000000000006,1.064196990088097e-06,0.0,1.836811952538042e-15,7.88197229096527,92.11139833050132,87.50385611582877,198.76499938964844,133.58900451660156,206.64599609375,133.46499633789062
53.7,4.463237769939828e-07,0.0,1.836811952538042e-15,7.88197229096527,92.11139833050132,87.50385611582877,198.76499938964844,133.58900451660156,206.64599609375,133.46499633789062
53.75,0.0,0.0,1.836811952538042e-15,7.88197229096527,92.11139833050132,87.50385611582877,198.76499938964844,133.58900451660156,206.64599609375,133.46499633789062
53.800000000000004,8.321945945982841e-10,0.0,1.836811952538042e-15,7.88197229096527,92.11139833050132,87.50385611582877,198.76499938964844,133.58900451660156,206.64599609375,133.46499633789062
53.85,3.437453318947755e-08,0.0,1.836811952538042e-15,7.88197229096527,92.11139833050132,87.50385611582877,198.76499938964844,133.58900451660156,206.64599609375,133.46499633789062
53.900000000000006,3.458965311261758e-08,0.0,1.836811952538042e-15,7.88197229096527,92.11139833050132,87.50385611582877,198.76499938964844,133.58900451660156,206.64599609375,133.46499633789062
53.95,1.7775850023060727e-07,0.0,1.836811952538042e-15,7.88197229096527,92.11139833050132,87.50385611582877,198.76499938964844,133.58900451660156,206.64599609375,133.46499633789062
54.0,1.7170118541733585e-07,0.0,1.836811952538042e-15,7.88197229096527,92.11139833050132,87.50385611582877,198.76499938964844,133.58900451660156,206.64599609375,133.46499633789062
54.050000000000004,9.612135720878463e-07,0.0,1.836811952538042e-15,7.88197229096527,92.11139833050132,87.50385611582877,198.76499938964844,133.58900451660156,206.64599609375,133.46499633789062
54.1,3.0900294070951175e-07,0.0,1.836811952538042e-15,7.88197229096527,92.11139833050132,87.50385611582877,198.76499938964844,133.58900451660156,206.64599609375,133.46499633789062
54.150000000000006,1.09852620417121e-06,0.0,1.836811952538042e-15,7.88197229096527,92.11139833050132,87.50385611582877,198.76499938964844,133.58900451660156,206.64599609375,133.46499633789062
54.2,3.434638334361262e-08,0.0,1.836811952538042e-15,7.88197229096527,92.11139833050132,87.50385611582877,198.76499938964844,133.58900451660156,206.64599609375,133.46499633789062
54.25,3.451725930649862e-08,0.0,1.836811952538042e-15,7.88197229096527,92.11139833050132,87.50385611582877,198.76499938964844,133.58900451660156,206.64599609375,133.46499633789062
54.300000000000004,8.115659160084311e-08,0.0,1.836811952538042e-15,7.88197229096527,92.11139833050132,87.50385611582877,198.76499938964844,133.58900451660156,206.64599609375,133.46499633789062
54.35,1.0325606516293712e-07,0.0,1.836811952538042e-15,7.88197229096527,92.11139833050132,87.50385611582877,198.76499938964844,133.58900451660156,206.64599609375,133.46499633789062
54.400000000000006,1.42861346684434e-07,0.0,1.836811952538042e-15,7.88197229096527,92.11139833050132,87.50385611582877,198.76499938964844,133.58900451660156,206.64599609375,133.46499633789062
54.45,1.7201620207660644e-07,0.0,1.836811952538042e-15,7.88197229096527,92.11139833050132,87.50385611582877,198.76499938964844,133.58900451660156,206.64599609375,133.46499633789062
54.5,2.4064936910250704e-07,0.0,1.836811952538042e-15,7.88197229096527,92.11139833050132,87.50385611582877,198.76499938964844,133.58900451660156,206.64599609375,133.46499633789062
54.550000000000004,3.0927261260843395e-07,0.0,1.836811952538042e-15,7.88197229096527,92.11139833050132,87.50385611582877,198.76499938964844,133.58900451660156,206.64599609375,133.46499633789062
54.6,3.276522203607567e-11,0.0,1.836811952538042e-15,7.88197229096527,92.11139833050132,87.50385611582877,198.76499938964844,133.58900451660156,206.64599609375,133.46499633789062
54.650000000000006,3.441591951042492e-08,0.0,1.836811952538042e-15,7.88197229096527,92.11139833050132,87.50385611582877,198.76499938964844,133.58900451660156,206.64599609375,133.46499633789062
54.7,3.4684188880630465e-08,0.0,1.836811952538042e-15,7.88197229096527,92.11139833050132,87.50385611582877,198.76499938964844,133.58900451660156,206.64599609375,133.46499633789062
54.75,6.896769239654483e-08,0.0,1.836811952538042e-15,7.88197229096527,92.11139833050132,87.50385611582877,198.76499938964844,133.58900451660156,206.64599609375,133.46499633789062
54.800000000000004,1.716530118916329e-07,0.0,1.836811952538042e-15,7.88197229096527,92.11139833050132,87.50385611582877,198.76499938964844,133.58900451660156,206.64599609375,133.46499633789062
54.85,1.7179764311034048e-07,0.0,1.836811952538042e-15,7.88197229096527,92.11139833050132,87.50385611582877,198.76499938964844,133.58900451660156,206.64599609375,133.46499633789062
54.900000000000006,9.955414359198872e-07,0.0,1.836811952538042e-15,7.88197229096527,92.11139833050132,87.50385611582877,198.76499938964844,133.58900451660156,206.64599609375,133.46499633789062
54.95,3.089872274968631e-07,0.0,1.836811952538042e-15,7.88197229096527,92.11139833050132,87.50385611582877,198.76499938964844,133.58900451660156,206.64599609375,133.46499633789062
55.0,3.7765033646700944e-07,0.0,1.836811952538042e-15,7.88197229096527,92.11139833050132,87.50385611582877,198.76499938964844,133.58900451660156,206.64599609375,133.46499633789062
55.050000000000004,3.436962386831153e-08,0.0,1.836811952538042e-15,7.88197229096527,92.11139833050132,87.50385611582877,198.76499938964844,133.58900451660156,206.64599609375,133.46499633789062
55.1,3.458229468441503e-08,0.0,1.836811952538042e-15,7.88197229096527,92.11139833050132,87.50385611582877,198.76499938964844,133.58900451660156,206.64599609375,133.46499633789062
55.150000000000006,6.897482896405302e-08,0.0,1.836811952538042e-15,7.88197229096527,92.11139833050132,87.50385611582877,198.76499938964844,133.58900451660156,206.64599609375,133.46499633789062
55.2,2.1073954628450583e-07,0.0,1.836811952538042e-15,7.88197229096527,92.11139833050132,87.50385611582877,198.76499938964844,133.58900451660156,206.64599609375,133.46499633789062
55.25,2.4032427825374786e-07,0.0,1.836811952538042e-15,7.88197229096527,92.11139833050132,87.50385611582877,198.76499938964844,133.58900451660156,206.64599609375,133.46499633789062
55.300000000000004,3.089642626266604e-07,0.0,1.836811952538042e-15,7.88197229096527,92.11139833050132,87.50385611582877,198.76499938964844,133.58900451660156,206.64599609375,133.46499633789062
55.35,3.090505156596486e-07,0.0,1.836811952538042e-15,7.88197229096527,92.11139833050132,87.50385611582877,198.76499938964844,133.58900451660156,206.64599609375,133.46499633789062
55.400000000000006,3.777283453887382e-07,0.0,1.836811952538042e-15,7.88197229096527,92.11139833050132,87.50385611582877,198.76499938964844,133.58900451660156,206.64599609375,133.46499633789062
55.45,6.866176313364192e-07,0.0,1.836811952538042e-15,7.88197229096527,92.11139833050132,87.50385611582877,198.76499938964844,133.58900451660156,206.64599609375,133.46499633789062
55.5,3.4360046337381375e-08,0.0,1.836811952538042e-15,7.88197229096527,92.11139833050132,87.50385611582877,198.76499938964844,133.58900451660156,206.64599609375,133.46499633789062
55.550000000000004,3.455937498895374e-08,0.0,1.836811952538042e-15,7.88197229096527,92.11139833050132,87.50385611582877,198.76499938964844,133.58900451660156,206.64599609375,133.46499633789062
55.6,3.4937063071153005e-08,0.0,1.836811952538042e-15,7.88197229096527,92.11139833050132,87.50385611582877,198.76499938964844,133.58900451660156,206.64599609375,133.46499633789062
55.650000000000006,7.965368584105422e-08,0.0,1.836811952538042e-15,7.88197229096527,92.11139833050132,87.50385611582877,198.76499938964844,133.58900451660156,206.64599609375,133.46499633789062
55.7,1.0350475402480234e-07,0.0,1.836811952538042e-15,7.88197229096527,92.11139833050132,87.50385611582877,198.76499938964844,133.58900451660156,206.64599609375,133.46499633789062
55.75,1.764035300308562e-07,0.0,1.836811952538042e-15,7.88197229096527,92.11139833050132,87.50385611582877,198.76499938964844,133.58900451660156,206.64599609375,133.46499633789062
55.800000000000004,2.1012578016639862e-07,0.0,1.836811952538042e-15,7.88197229096527,92.11139833050132,87.50385611582877,198.76499938964844,133.58900451660156,206.64599609375,133.46499633789062
55.85,0.0,0.0,1.836811952538042e-15,7.88197229096527,92.11139833050132,87.50385611582877,198.76499938964844,133.58900451660156,206.64599609375,133.46499633789062
55.900000000000006,3.440257787465196e-08,0.0,1.836811952538042e-15,7.88197229096527,92.11139833050132,87.50385611582877,198.76499938964844,133.58900451660156,206.64599609375,133.46499633789062
55.95,1.0303382402103136e-07,0.0,1.836811952538042e-15,7.88197229096527,92.11139833050132,87.50385611582877,198.76499938964844,133.58900451660156,206.64599609375,133.46499633789062
56.0,1.0319096744471822e-07,0.0,1.836811952538042e-15,7.88197229096527,92.11139833050132,87.50385611582877,198.76499938964844,133.58900451660156,206.64599609375,133.46499633789062
56.050000000000004,1.376047725461154e-07,0.0,1.836811952538042e-15,7.88197229096527,92.11139833050132,87.50385611582877,198.76499938964844,133.58900451660156,206.64599609375,133.46499633789062
56.1,1.716516176169311e-07,0.0,1.836811952538042e-15,7.88197229096527,92.11139833050132,87.50385611582877,198.76499938964844,133.58900451660156,206.64599609375,133.46499633789062
56.150000000000006,2.1062250161847316e-07,0.0,1.836811952538042e-15,7.88197229096527,92.11139833050132,87.50385611582877,198.76499938964844,133.58900451660156,206.64599609375,133.46499633789062
56.2,2.403968252188839e-07,0.0,1.836811952538042e-15,7.88197229096527,92.11139833050132,87.50385611582877,198.76499938964844,133.58900451660156,206.64599609375,133.46499633789062
56.25,3.459396540279804e-07,0.0,1.836811952538042e-15,7.88197229096527,92.11139833050132,87.50385611582877,198.76499938964844,133.58900451660156,206.64599609375,133.46499633789062
56.300000000000004,3.434638334361262e-08,0.0,1.836811952538042e-15,7.88197229096527,92.11139833050132,87.50385611582877,198.76499938964844,133.58900451660156,206.64599609375,133.46499633789062
56.35,3.451725930649862e-08,0.0,1.836811952538042e-15,7.88197229096527,92.11139833050132,87.50385611582877,198.76499938964844,133.58900451660156,206.64599609375,133.46499633789062
56.400000000000006,1.3735447898636864e-07,0.0,1.836811952538042e-15,7.88197229096527,92.11139833050132,87.50385611582877,198.76499938964844,133.58900451660156,206.64599609375,133.46499633789062
56.45,2.746330893903077e-07,0.0,1.836811952538042e-15,7.88197229096527,92.11139833050132,87.50385611582877,198.76499938964844,133.58900451660156,206.64599609375,133.46499633789062
56.5,4.119455355454236e-07,0.0,1.836811952538042e-15,7.88197229096527,92.11139833050132,87.50385611582877,198.76499938964844,133.58900451660156,206.64599609375,133.46499633789062
56.550000000000004,5.492714573712112e-07,0.0,1.836811952538042e-15,7.88197229096527,92.11139833050132,87.50385611582877,198.76499938964844,133.58900451660156,206.64599609375,133.46499633789062
56.6,6.522565125397611e-07,0.0,1.836811952538042e-15,7.88197229096527,92.11139833050132,87.50385611582877,198.76499938964844,133.58900451660156,206.64599609375,133.46499633789062
56.650000000000006,6.522485251113305e-07,0.0,1.836811952538042e-15,7.88197229096527,92.11139833050132,87.50385611582877,198.76499938964844,133.58900451660156,206.64599609375,133.46499633789062
56.7,3.276522203607567e-11,0.0,1.836811952538042e-15,7.88197229096527,92.11139833050132,87.50385611582877,198.76499938964844,133.58900451660156,206.64599609375,133.46499633789062
56.75,3.441591951042492e-08,0.0,1.836811952538042e-15,7.88197229096527,92.11139833050132,87.50385611582877,198.76499938964844,133.58900451660156,206.64599609375,133.46499633789062
56.800000000000004,1.030399384513996e-07,0.0,1.836811952538042e-15,7.88197229096527,92.11139833050132,87.50385611582877,198.76499938964844,133.58900451660156,206.64599609375,133.46499633789062
56.85,1.0320343511150485e-07,0.0,1.836811952538042e-15,7.88197229096527,92.11139833050132,87.50385611582877,198.76499938964844,133.58900451660156,206.64599609375,133.46499633789062
56.900000000000006,1.4307584640917435e-07,0.0,1.836811952538042e-15,7.88197229096527,92.11139833050132,87.50385611582877,198.76499938964844,133.58900451660156,206.64599609375,133.46499633789062
56.95,1.7196726460154186e-07,0.0,1.836811952538042e-15,7.88197229096527,92.11139833050132,87.50385611582877,198.76499938964844,133.58900451660156,206.64599609375,133.46499633789062
57.0,2.7737512220559586e-07,0.0,1.836811952538042e-15,7.88197229096527,92.11139833050132,87.50385611582877,198.76499938964844,133.58900451660156,206.64599609375,133.46499633789062
57.050000000000004,3.434572867785495e-07,0.0,1.836811952538042e-15,7.88197229096527,92.11139833050132,87.50385611582877,198.76499938964844,133.58900451660156,206.64599609375,133.46499633789062
57.1,3.7773292381535254e-07,0.0,1.836811952538042e-15,7.88197229096527,92.11139833050132,87.50385611582877,198.76499938964844,133.58900451660156,206.64599609375,133.46499633789062
57.150000000000006,6.872001856978228e-08,0.0,1.836811952538042e-15,7.88197229096527,92.11139833050132,87.50385611582877,198.76499938964844,133.58900451660156,206.64599609375,133.46499633789062
57.2,2.0608794132550593e-07,0.0,1.836811952538042e-15,7.88197229096527,92.11139833050132,87.50385611582877,198.76499938964844,133.58900451660156,206.64599609375,133.46499633789062
57.25,2.749103432342386e-07,0.0,1.836811952538042e-15,7.88197229096527,92.11139833050132,87.50385611582877,198.76499938964844,133.58900451660156,206.64599609375,133.46499633789062
57.300000000000004,3.0907691574586025e-07,0.0,1.836811952538042e-15,7.88197229096527,92.11139833050132,87.50385611582877,198.76499938964844,133.58900451660156,206.64599609375,133.46499633789062
57.35,4.4742686702552576e-07,0.0,1.836811952538042e-15,7.88197229096527,92.11139833050132,87.50385611582877,198.76499938964844,133.58900451660156,206.64599609375,133.46499633789062
57.400000000000006,5.494078599118316e-07,0.0,1.836811952538042e-15,7.88197229096527,92.11139833050132,87.50385611582877,198.76499938964844,133.58900451660156,206.64599609375,133.46499633789062
57.45,6.524223972090916e-07,0.0,1.836811952538042e-15,7.88197229096527,92.11139833050132,87.50385611582877,198.76499938964844,133.58900451660156,206.64599609375,133.46499633789062
57.5,1.0434611476644305e-07,0.0,1.836811952538042e-15,7.88197229096527,92.11139833050132,87.50385611582877,198.76499938964844,133.58900451660156,206.64599609375,133.46499633789062
57.550000000000004,6.866519736546024e-08,0.0,1.836811952538042e-15,7.88197229096527,92.11139833050132,87.50385611582877,198.76499938964844,133.58900451660156,206.64599609375,133.46499633789062
57.6,1.3746447227957067e-07,0.0,1.836811952538042e-15,7.88197229096527,92.11139833050132,87.50385611582877,198.76499938964844,133.58900451660156,206.64599609375,133.46499633789062
57.650000000000006,2.746406619138208e-07,0.0,1.836811952538042e-15,7.88197229096527,92.11139833050132,87.50385611582877,198.76499938964844,133.58900451660156,206.64599609375,133.46499633789062
57.7,3.7939859353748497e-07,0.0,1.836811952538042e-15,7.88197229096527,92.11139833050132,87.50385611582877,198.76499938964844,133.58900451660156,206.64599609375,133.46499633789062
57.75,4.475681244376456e-07,0.0,1.836811952538042e-15,7.88197229096527,92.11139833050132,87.50385611582877,198.76499938964844,133.58900451660156,206.64599609375,133.46499633789062
57.800000000000004,1.3739658659316376e-07,0.0,1.836811952538042e-15,7.88197229096527,92.11139833050132,87.50385611582877,198.76499938964844,133.58900451660156,206.64599609375,133.46499633789062
57.85,3.7452453371469395e-08,0.0,1.836811952538042e-15,7.88197229096527,92.11139833050132,87.50385611582877,198.76499938964844,133.58900451660156,206.64599609375,133.46499633789062
57.900000000000006,7.556349640902424e-07,0.0,1.836811952538042e-15,7.88197229096527,92.11139833050132,87.50385611582877,198.76499938964844,133.58900451660156,206.64599609375,133.46499633789062
57.95,0.0,0.0,1.836811952538042e-15,7.88197229096527,92.11139833050132,87.50385611582877,198.76499938964844,133.58900451660156,206.64599609375,133.46499633789062
58.0,3.440257787465196e-08,0.0,1.836811952538042e-15,7.88197229096527,92.11139833050132,87.50385611582877,198.76499938964844,133.58900451660156,206.64599609375,133.46499633789062
58.050000000000004,3.465683444912826e-08,0.0,1.836811952538042e-15,7.88197229096527,92.11139833050132,87.50385611582877,198.76499938964844,133.58900451660156,206.64599609375,133.46499633789062
58.1,6.894948484819153e-08,0.0,1.836811952538042e-15,7.88197229096527,92.11139833050132,87.50385611582877,198.76499938964844,133.58900451660156,206.64599609375,133.46499633789062
58.150000000000006,1.7165499104824772e-07,0.0,1.836811952538042e-15,7.88197229096527,92.11139833050132,87.50385611582877,198.76499938964844,133.58900451660156,206.64599609375,133.46499633789062
58.2,1.7178949923352035e-07,0.0,1.836811952538042e-15,7.88197229096527,92.11139833050132,87.50385611582877,198.76499938964844,133.58900451660156,206.64599609375,133.46499633789062
58.25,9.268827140620482e-07,0.0,1.836811952538042e-15,7.88197229096527,92.11139833050132,87.50385611582877,198.76499938964844,133.58900451660156,206.64599609375,133.46499633789062
58.300000000000004,2.4034957807392846e-07,0.0,1.836811952538042e-15,7.88197229096527,92.11139833050132,87.50385611582877,198.76499938964844,133.58900451660156,206.64599609375,133.46499633789062
58.35,3.090116410739843e-07,0.0,1.836811952538042e-15,7.88197229096527,92.11139833050132,87.50385611582877,198.76499938964844,133.58900451660156,206.64599609375,133.46499633789062
58.400000000000006,3.434638334361262e-08,0.0,1.836811952538042e-15,7.88197229096527,92.11139833050132,87.50385611582877,198.76499938964844,133.58900451660156,206.64599609375,133.46499633789062
58.45,3.451725930922505e-08,0.0,1.836811952538042e-15,7.88197229096527,92.11139833050132,87.50385611582877,198.76499938964844,133.58900451660156,206.64599609375,133.46499633789062
58.5,8.115659160084311e-08,0.0,1.836811952538042e-15,7.88197229096527,92.11139833050132,87.50385611582877,198.76499938964844,133.58900451660156,206.64599609375,133.46499633789062
58.550000000000004,1.0325606516293712e-07,0.0,1.836811952538042e-15,7.88197229096527,92.11139833050132,87.50385611582877,198.76499938964844,133.58900451660156,206.64599609375,133.46499633789062
58.6,1.4308953218832474e-07,0.0,1.836811952538042e-15,7.88197229096527,92.11139833050132,87.50385611582877,198.76499938964844,133.58900451660156,206.64599609375,133.46499633789062
58.650000000000006,1.7181765875393295e-07,0.0,1.836811952538042e-15,7.88197229096527,92.11139833050132,87.50385611582877,198.76499938964844,133.58900451660156,206.64599609375,133.46499633789062
58.7,2.404826365434553e-07,0.0,1.836811952538042e-15,7.88197229096527,92.11139833050132,87.50385611582877,198.76499938964844,133.58900451660156,206.64599609375,133.46499633789062
58.75,3.0913145567897203e-07,0.0,1.836811952538042e-15,7.88197229096527,92.11139833050132,87.50385611582877,198.76499938964844,133.58900451660156,206.64599609375,133.46499633789062
58.800000000000004,3.276522203607567e-11,0.0,1.836811952538042e-15,7.88197229096527,92.11139833050132,87.50385611582877,198.76499938964844,133.58900451660156,206.64599609375,133.46499633789062
58.85,3.441591951042492e-08,0.0,1.836811952538042e-15,7.88197229096527,92.11139833050132,87.50385611582877,198.76499938964844,133.58900451660156,206.64599609375,133.46499633789062
58.900000000000006,3.4684188880630465e-08,0.0,1.836811952538042e-15,7.88197229096527,92.11139833050132,87.50385611582877,198.76499938964844,133.58900451660156,206.64599609375,133.46499633789062
58.95,1.0298764160836262e-07,0.0,1.836811952538042e-15,7.88197229096527,92.11139833050132,87.50385611582877,198.76499938964844,133.58900451660156,206.64599609375,133.46499633789062
59.0,1.0339597111122344e-07,0.0,1.836811952538042e-15,7.88197229096527,92.11139833050132,87.50385611582877,198.76499938964844,133.58900451660156,206.64599609375,133.46499633789062
59.050000000000004,1.719352313597392e-07,0.0,1.836811952538042e-15,7.88197229096527,92.11139833050132,87.50385611582877,198.76499938964844,133.58900451660156,206.64599609375,133.46499633789062
59.1,2.0627561426249076e-07,0.0,1.836811952538042e-15,7.88197229096527,92.11139833050132,87.50385611582877,198.76499938964844,133.58900451660156,206.64599609375,133.46499633789062
59.150000000000006,2.7477686808611037e-07,0.0,1.836811952538042e-15,7.88197229096527,92.11139833050132,87.50385611582877,198.76499938964844,133.58900451660156,206.64599609375,133.46499633789062
59.2,3.7769128287956434e-07,0.0,1.836811952538042e-15,7.88197229096527,92.11139833050132,87.50385611582877,198.76499938964844,133.58900451660156,206.64599609375,133.46499633789062
59.25,3.436962386831153e-08,0.0,1.836811952538042e-15,7.88197229096527,92.11139833050132,87.50385611582877,198.76499938964844,133.58900451660156,206.64599609375,133.46499633789062
59.300000000000004,1.0301796952119356e-07,0.0,1.836811952538042e-15,7.88197229096527,92.11139833050132,87.50385611582877,198.76499938964844,133.58900451660156,206.64599609375,133.46499633789062
59.35,1.0311726905080707e-07,0.0,1.836811952538042e-15,7.88197229096527,92.11139833050132,87.50385611582877,198.76499938964844,133.58900451660156,206.64599609375,133.46499633789062
59.400000000000006,1.032301263876447e-07,0.0,1.836811952538042e-15,7.88197229096527,92.11139833050132,87.50385611582877,198.76499938964844,133.58900451660156,206.64599609375,133.46499633789062
59.45,2.4417978232501915e-07,0.0,1.836811952538042e-15,7.88197229096527,92.11139833050132,87.50385611582877,198.76499938964844,133.58900451660156,206.64599609375,133.46499633789062
59.5,2.4041196207804137e-07,0.0,1.836811952538042e-15,7.88197229096527,92.11139833050132,87.50385611582877,198.76499938964844,133.58900451660156,206.64599609375,133.46499633789062
59.550000000000004,3.800760238859634e-07,0.0,1.836811952538042e-15,7.88197229096527,92.11139833050132,87.50385611582877,198.76499938964844,133.58900451660156,206.64599609375,133.46499633789062
59.6,1.029870639060788e-06,0.0,1.836811952538042e-15,7.88197229096527,92.11139833050132,87.50385611582877,198.76499938964844,133.58900451660156,206.64599609375,133.46499633789062
59.650000000000006,3.433292808087393e-08,0.0,1.836811952538042e-15,7.88197229096527,92.11139833050132,87.50385611582877,198.76499938964844,133.58900451660156,206.64599609375,133.46499633789062
59.7,3.4461786447336846e-08,0.0,1.836811952538042e-15,7.88197229096527,92.11139833050132,87.50385611582877,198.76499938964844,133.58900451660156,206.64599609375,133.46499633789062
59.75,3.465880253829399e-08,0.0,1.836811952538042e-15,7.88197229096527,92.11139833050132,87.50385611582877,198.76499938964844,133.58900451660156,206.64599609375,133.46499633789062
59.800000000000004,1.3742163681363105e-07,0.0,1.836811952538042e-15,7.88197229096527,92.11139833050132,87.50385611582877,198.76499938964844,133.58900451660156,206.64599609375,133.46499633789062
59.85,1.716597795695063e-07,0.0,1.836811952538042e-15,7.88197229096527,92.11139833050132,87.50385611582877,198.76499938964844,133.58900451660156,206.64599609375,133.46499633789062
59.900000000000006,2.0604594572554532e-07,0.0,1.836811952538042e-15,7.88197229096527,92.11139833050132,87.50385611582877,198.76499938964844,133.58900451660156,206.64599609375,133.46499633789062
59.95,3.463102307883582e-07,0.0,1.836811952538042e-15,7.88197229096527,92.11139833050132,87.50385611582877,198.76499938964844,133.58900451660156,206.64599609375,133.46499633789062
60.0,3.7765131310862726e-07,0.0,1.836811952538042e-15,7.88197229096527,92.11139833050132,87.50385611582877,198.76499938964844,133.58900451660156,206.64599609375,133.46499633789062
60.050000000000004,0.0,0.0,1.836811952538042e-15,7.88197229096527,92.11139833050132,87.50385611582877,198.76499938964844,133.58900451660156,206.64599609375,133.46499633789062
60.1,6.876789020264711e-08,0.0,1.836811952538042e-15,7.88197229096527,92.11139833050132,87.50385611582877,198.76499938964844,133.58900451660156,206.64599609375,133.46499633789062
60.150000000000006,1.4300213448280328e-07,0.0,1.836811952538042e-15,7.88197229096527,92.11139833050132,87.50385611582877,198.76499938964844,133.58900451660156,206.64599609375,133.46499633789062
60.2,2.064251394339298e-07,0.0,1.836811952538042e-15,7.88197229096527,92.11139833050132,87.50385611582877,198.76499938964844,133.58900451660156,206.64599609375,133.46499633789062
60.25,2.7654942362631193e-07,0.0,1.836811952538042e-15,7.88197229096527,92.11139833050132,87.50385611582877,198.76499938964844,133.58900451660156,206.64599609375,133.46499633789062
60.300000000000004,3.787750639530448e-07,0.0,1.836811952538042e-15,7.88197229096527,92.11139833050132,87.50385611582877,198.76499938964844,133.58900451660156,206.64599609375,133.46499633789062
60.35,1.721932990905618e-07,0.0,1.836811952538042e-15,7.88197229096527,92.11139833050132,87.50385611582877,198.76499938964844,133.58900451660156,206.64599609375,133.46499633789062
60.400000000000006,6.181278796839401e-07,0.0,1.836811952538042e-15,7.88197229096527,92.11139833050132,87.50385611582877,198.76499938964844,133.58900451660156,206.64599609375,133.46499633789062
60.45,6.957325749553556e-08,0.0,1.836811952538042e-15,7.88197229096527,92.11139833050132,87.50385611582877,198.76499938964844,133.58900451660156,206.64599609375,133.46499633789062
60.5,6.868575029144576e-08,0.0,1.836811952538042e-15,7.88197229096527,92.11139833050132,87.50385611582877,198.76499938964844,133.58900451660156,206.64599609375,133.46499633789062
60.550000000000004,1.3747427321170338e-07,0.0,1.836811952538042e-15,7.88197229096527,92.11139833050132,87.50385611582877,198.76499938964844,133.58900451660156,206.64599609375,133.46499633789062
60.6,2.747486174304268e-07,0.0,1.836811952538042e-15,7.88197229096527,92.11139833050132,87.50385611582877,198.76499938964844,133.58900451660156,206.64599609375,133.46499633789062
60.650000000000006,3.4355859542953594e-07,0.0,1.836811952538042e-15,7.88197229096527,92.11139833050132,87.50385611582877,198.76499938964844,133.58900451660156,206.64599609375,133.46499633789062
60.7,4.123537236750619e-07,0.0,1.836811952538042e-15,7.88197229096527,92.11139833050132,87.50385611582877,198.76499938964844,133.58900451660156,206.64599609375,133.46499633789062
60.75,5.151372420819518e-07,0.0,1.836811952538042e-15,7.88197229096527,92.11139833050132,87.50385611582877,198.76499938964844,133.58900451660156,206.64599609375,133.46499633789062
60.800000000000004,3.9086397775594117e-08,0.0,1.836811952538042e-15,7.88197229096527,92.11139833050132,87.50385611582877,198.76499938964844,133.58900451660156,206.64599609375,133.46499633789062
60.85,1.0484325249193137e-07,0.0,1.836811952538042e-15,7.88197229096527,92.11139833050132,87.50385611582877,198.76499938964844,133.58900451660156,206.64599609375,133.46499633789062
60.900000000000006,3.276522203607567e-11,0.0,1.836811952538042e-15,7.88197229096527,92.11139833050132,87.50385611582877,198.76499938964844,133.58900451660156,206.64599609375,133.46499633789062
60.95,3.441591951042492e-08,0.0,1.836811952538042e-15,7.88197229096527,92.11139833050132,87.50385611582877,198.76499938964844,133.58900451660156,206.64599609375,133.46499633789062
61.0,3.4684188880630465e-08,0.0,1.836811952538042e-15,7.88197229096527,92.11139833050132,87.50385611582877,198.76499938964844,133.58900451660156,206.64599609375,133.46499633789062
61.050000000000004,2.0600540705489413e-07,0.0,1.836811952538042e-15,7.88197229096527,92.11139833050132,87.50385611582877,198.76499938964844,133.58900451660156,206.64599609375,133.46499633789062
61.1,3.089658276662621e-07,0.0,1.836811952538042e-15,7.88197229096527,92.11139833050132,87.50385611582877,198.76499938964844,133.58900451660156,206.64599609375,133.46499633789062
61.150000000000006,3.0900565210776984e-07,0.0,1.836811952538042e-15,7.88197229096527,92.11139833050132,87.50385611582877,198.76499938964844,133.58900451660156,206.64599609375,133.46499633789062
61.2,3.7761906267172376e-07,0.0,1.836811952538042e-15,7.88197229096527,92.11139833050132,87.50385611582877,198.76499938964844,133.58900451660156,206.64599609375,133.46499633789062
61.25,3.777397941911107e-07,0.0,1.836811952538042e-15,7.88197229096527,92.11139833050132,87.50385611582877,198.76499938964844,133.58900451660156,206.64599609375,133.46499633789062
61.300000000000004,4.822559154263589e-07,0.0,1.836811952538042e-15,7.88197229096527,92.11139833050132,87.50385611582877,198.76499938964844,133.58900451660156,206.64599609375,133.46499633789062
61.35,3.436962386831153e-08,0.0,1.836811952538042e-15,7.88197229096527,92.11139833050132,87.50385611582877,198.76499938964844,133.58900451660156,206.64599609375,133.46499633789062
61.400000000000006,3.458229468441503e-08,0.0,1.836811952538042e-15,7.88197229096527,92.11139833050132,87.50385611582877,198.76499938964844,133.58900451660156,206.64599609375,133.46499633789062
61.45,6.889880841048447e-08,0.0,1.836811952538042e-15,7.88197229096527,92.11139833050132,87.50385611582877,198.76499938964844,133.58900451660156,206.64599609375,133.46499633789062
61.5,2.109332532133302e-07,0.0,1.836811952538042e-15,7.88197229096527,92.11139833050132,87.50385611582877,198.76499938964844,133.58900451660156,206.64599609375,133.46499633789062
61.550000000000004,2.403567843224396e-07,0.0,1.836811952538042e-15,7.88197229096527,92.11139833050132,87.50385611582877,198.76499938964844,133.58900451660156,206.64599609375,133.46499633789062
61.6,2.7471291978887165e-07,0.0,1.836811952538042e-15,7.88197229096527,92.11139833050132,87.50385611582877,198.76499938964844,133.58900451660156,206.64599609375,133.46499633789062
61.650000000000006,3.776254028457839e-07,0.0,1.836811952538042e-15,7.88197229096527,92.11139833050132,87.50385611582877,198.76499938964844,133.58900451660156,206.64599609375,133.46499633789062
61.7,3.7764659100158566e-07,0.0,1.836811952538042e-15,7.88197229096527,92.11139833050132,87.50385611582877,198.76499938964844,133.58900451660156,206.64599609375,133.46499633789062
61.75,3.433292808087393e-08,0.0,1.836811952538042e-15,7.88197229096527,92.11139833050132,87.50385611582877,198.76499938964844,133.58900451660156,206.64599609375,133.46499633789062
61.800000000000004,3.4461786447336846e-08,0.0,1.836811952538042e-15,7.88197229096527,92.11139833050132,87.50385611582877,198.76499938964844,133.58900451660156,206.64599609375,133.46499633789062
61.85,3.477134880935172e-08,0.0,1.836811952538042e-15,7.88197229096527,92.11139833050132,87.50385611582877,198.76499938964844,133.58900451660156,206.64599609375,133.46499633789062
61.900000000000006,8.017448933170823e-08,0.0,1.836811952538042e-15,7.88197229096527,92.11139833050132,87.50385611582877,198.76499938964844,133.58900451660156,206.64599609375,133.46499633789062
61.95,6.891030097683088e-08,0.0,1.836811952538042e-15,7.88197229096527,92.11139833050132,87.50385611582877,198.76499938964844,133.58900451660156,206.64599609375,133.46499633789062
62.0,8.582254790449537e-07,0.0,1.836811952538042e-15,7.88197229096527,92.11139833050132,87.50385611582877,198.76499938964844,133.58900451660156,206.64599609375,133.46499633789062
62.050000000000004,2.747308039968769e-07,0.0,1.836811952538042e-15,7.88197229096527,92.11139833050132,87.50385611582877,198.76499938964844,133.58900451660156,206.64599609375,133.46499633789062
62.1,3.7762012108932527e-07,0.0,1.836811952538042e-15,7.88197229096527,92.11139833050132,87.50385611582877,198.76499938964844,133.58900451660156,206.64599609375,133.46499633789062
62.150000000000006,0.0,0.0,1.836811952538042e-15,7.88197229096527,92.11139833050132,87.50385611582877,198.76499938964844,133.58900451660156,206.64599609375,133.46499633789062
62.2,6.876789020264711e-08,0.0,1.836811952538042e-15,7.88197229096527,92.11139833050132,87.50385611582877,198.76499938964844,133.58900451660156,206.64599609375,133.46499633789062
62.25,1.3758065273073495e-07,0.0,1.836811952538042e-15,7.88197229096527,92.11139833050132,87.50385611582877,198.76499938964844,133.58900451660156,206.64599609375,133.46499633789062
62.300000000000004,4.806368092970692e-07,0.0,1.836811952538042e-15,7.88197229096527,92.11139833050132,87.50385611582877,198.76499938964844,133.58900451660156,206.64599609375,133.46499633789062
62.35,2.751166594612527e-07,0.0,1.836811952538042e-15,7.88197229096527,92.11139833050132,87.50385611582877,198.76499938964844,133.58900451660156,206.64599609375,133.46499633789062
62.400000000000006,3.7782116038456974e-07,0.0,1.836811952538042e-15,7.88197229096527,92.11139833050132,87.50385611582877,198.76499938964844,133.58900451660156,206.64599609375,133.46499633789062
62.45,4.808540356766872e-07,0.0,1.836811952538042e-15,7.88197229096527,92.11139833050132,87.50385611582877,198.76499938964844,133.58900451660156,206.64599609375,133.46499633789062
62.5,6.948474416543622e-08,0.0,1.836811952538042e-15,7.88197229096527,92.11139833050132,87.50385611582877,198.76499938964844,133.58900451660156,206.64599609375,133.46499633789062
62.550000000000004,6.869476284725197e-07,0.0,1.836811952538042e-15,7.88197229096527,92.11139833050132,87.50385611582877,198.76499938964844,133.58900451660156,206.64599609375,133.46499633789062
62.6,6.868575018963189e-08,0.0,1.836811952538042e-15,7.88197229096527,92.11139833050132,87.50385611582877,198.76499938964844,133.58900451660156,206.64599609375,133.46499633789062
62.650000000000006,1.716453283354746e-07,0.0,1.836811952538042e-15,7.88197229096527,92.11139833050132,87.50385611582877,198.76499938964844,133.58900451660156,206.64599609375,133.46499633789062
62.7,2.063286098143833e-07,0.0,1.836811952538042e-15,7.88197229096527,92.11139833050132,87.50385611582877,198.76499938964844,133.58900451660156,206.64599609375,133.46499633789062
62.75,3.435564005862356e-07,0.0,1.836811952538042e-15,7.88197229096527,92.11139833050132,87.50385611582877,198.76499938964844,133.58900451660156,206.64599609375,133.46499633789062
62.800000000000004,2.405331092039195e-07,0.0,1.836811952538042e-15,7.88197229096527,92.11139833050132,87.50385611582877,198.76499938964844,133.58900451660156,206.64599609375,133.46499633789062
62.85,5.158051004152653e-07,0.0,1.836811952538042e-15,7.88197229096527,92.11139833050132,87.50385611582877,198.76499938964844,133.58900451660156,206.64599609375,133.46499633789062
62.900000000000006,6.185910954125964e-07,0.0,1.836811952538042e-15,7.88197229096527,92.11139833050132,87.50385611582877,198.76499938964844,133.58900451660156,206.64599609375,133.46499633789062
62.95,7.554217127811745e-07,0.0,1.836811952538042e-15,7.88197229096527,92.11139833050132,87.50385611582877,198.76499938964844,133.58900451660156,206.64599609375,133.46499633789062
63.0,3.432924066724308e-08,0.0,1.836811952538042e-15,7.88197229096527,92.11139833050132,87.50385611582877,198.76499938964844,133.58900451660156,206.64599609375,133.46499633789062
63.050000000000004,6.88722636915838e-08,0.0,1.836811952538042e-15,7.88197229096527,92.11139833050132,87.50385611582877,198.76499938964844,133.58900451660156,206.64599609375,133.46499633789062
63.1,2.43734108327205e-07,0.0,1.836811952538042e-15,7.88197229096527,92.11139833050132,87.50385611582877,198.76499938964844,133.58900451660156,206.64599609375,133.46499633789062
63.150000000000006,3.7766808021706727e-07,0.0,1.836811952538042e-15,7.88197229096527,92.11139833050132,87.50385611582877,198.76499938964844,133.58900451660156,206.64599609375,133.46499633789062
63.2,3.09095491606087e-07,0.0,1.836811952538042e-15,7.88197229096527,92.11139833050132,87.50385611582877,198.76499938964844,133.58900451660156,206.64599609375,133.46499633789062
63.25,4.473857654414084e-07,0.0,1.836811952538042e-15,7.88197229096527,92.11139833050132,87.50385611582877,198.76499938964844,133.58900451660156,206.64599609375,133.46499633789062
63.300000000000004,5.495838441850115e-07,0.0,1.836811952538042e-15,7.88197229096527,92.11139833050132,87.50385611582877,198.76499938964844,133.58900451660156,206.64599609375,133.46499633789062
63.35,6.528551948570583e-07,0.0,1.836811952538042e-15,7.88197229096527,92.11139833050132,87.50385611582877,198.76499938964844,133.58900451660156,206.64599609375,133.46499633789062
63.400000000000006,1.0411100514392473e-07,0.0,1.836811952538042e-15,7.88197229096527,92.11139833050132,87.50385611582877,198.76499938964844,133.58900451660156,206.64599609375,133.46499633789062
63.45,3.436962386831153e-08,0.0,1.836811952538042e-15,7.88197229096527,92.11139833050132,87.50385611582877,198.76499938964844,133.58900451660156,206.64599609375,133.46499633789062
63.5,1.3733485808646535e-07,0.0,1.836811952538042e-15,7.88197229096527,92.11139833050132,87.50385611582877,198.76499938964844,133.58900451660156,206.64599609375,133.46499633789062
63.550000000000004,2.746307381636379e-07,0.0,1.836811952538042e-15,7.88197229096527,92.11139833050132,87.50385611582877,198.76499938964844,133.58900451660156,206.64599609375,133.46499633789062
63.6,4.11948931365395e-07,0.0,1.836811952538042e-15,7.88197229096527,92.11139833050132,87.50385611582877,198.76499938964844,133.58900451660156,206.64599609375,133.46499633789062
63.650000000000006,4.4627405296292777e-07,0.0,1.836811952538042e-15,7.88197229096527,92.11139833050132,87.50385611582877,198.76499938964844,133.58900451660156,206.64599609375,133.46499633789062
63.7,4.806054436657259e-07,0.0,1.836811952538042e-15,7.88197229096527,92.11139833050132,87.50385611582877,198.76499938964844,133.58900451660156,206.64599609375,133.46499633789062
63.75,6.1791890167637e-07,0.0,1.836811952538042e-15,7.88197229096527,92.11139833050132,87.50385611582877,198.76499938964844,133.58900451660156,206.64599609375,133.46499633789062
63.800000000000004,1.304511293397732e-06,0.0,1.836811952538042e-15,7.88197229096527,92.11139833050132,87.50385611582877,198.76499938964844,133.58900451660156,206.64599609375,133.46499633789062
63.85,3.433292808087393e-08,0.0,1.836811952538042e-15,7.88197229096527,92.11139833050132,87.50385611582877,198.76499938964844,133.58900451660156,206.64599609375,133.46499633789062
63.900000000000006,3.4461786447336846e-08,0.0,1.836811952538042e-15,7.88197229096527,92.11139833050132,87.50385611582877,198.76499938964844,133.58900451660156,206.64599609375,133.46499633789062
63.95,3.477134880935172e-08,0.0,1.836811952538042e-15,7.88197229096527,92.11139833050132,87.50385611582877,198.76499938964844,133.58900451660156,206.64599609375,133.46499633789062
64.0,6.865857092195182e-07,0.0,1.836811952538042e-15,7.88197229096527,92.11139833050132,87.50385611582877,198.76499938964844,133.58900451660156,206.64599609375,133.46499633789062
64.05,3.574010852433228e-08,0.0,1.836811952538042e-15,7.88197229096527,92.11139833050132,87.50385611582877,198.76499938964844,133.58900451660156,206.64599609375,133.46499633789062
64.10000000000001,7.895793021807734e-07,0.0,1.836811952538042e-15,7.88197229096527,92.11139833050132,87.50385611582877,198.76499938964844,133.58900451660156,206.64599609375,133.46499633789062
64.15,8.23914360439989e-07,0.0,1.836811952538042e-15,7.88197229096527,92.11139833050132,87.50385611582877,198.76499938964844,133.58900451660156,206.64599609375,133.46499633789062
64.2,1.7218202297214816e-07,0.0,1.836811952538042e-15,7.88197229096527,92.11139833050132,87.50385611582877,198.76499938964844,133.58900451660156,206.64599609375,133.46499633789062
64.25,0.0,0.0,1.836811952538042e-15,7.88197229096527,92.11139833050132,87.50385611582877,198.76499938964844,133.58900451660156,206.64599609375,133.46499633789062
64.3,3.440257787465196e-08,0.0,1.836811952538042e-15,7.88197229096527,92.11139833050132,87.50385611582877,198.76499938964844,133.58900451660156,206.64599609375,133.46499633789062
64.35000000000001,6.86586224990384e-07,0.0,1.836811952538042e-15,7.88197229096527,92.11139833050132,87.50385611582877,198.76499938964844,133.58900451660156,206.64599609375,133.46499633789062
64.4,3.4532780132235394e-08,0.0,1.836811952538042e-15,7.88197229096527,92.11139833050132,87.50385611582877,198.76499938964844,133.58900451660156,206.64599609375,133.46499633789062
64.45,3.48759039846892e-08,0.0,1.836811952538042e-15,7.88197229096527,92.11139833050132,87.50385611582877,198.76499938964844,133.58900451660156,206.64599609375,133.46499633789062
64.5,1.0327914093086688e-07,0.0,1.836811952538042e-15,7.88197229096527,92.11139833050132,87.50385611582877,198.76499938964844,133.58900451660156,206.64599609375,133.46499633789062
64.55,8.582282968946247e-07,0.0,1.836811952538042e-15,7.88197229096527,92.11139833050132,87.50385611582877,198.76499938964844,133.58900451660156,206.64599609375,133.46499633789062
64.60000000000001,2.747954680105647e-07,0.0,1.836811952538042e-15,7.88197229096527,92.11139833050132,87.50385611582877,198.76499938964844,133.58900451660156,206.64599609375,133.46499633789062
64.65,3.777026137289932e-07,0.0,1.836811952538042e-15,7.88197229096527,92.11139833050132,87.50385611582877,198.76499938964844,133.58900451660156,206.64599609375,133.46499633789062
64.7,6.866215722751045e-08,0.0,1.836811952538042e-15,7.88197229096527,92.11139833050132,87.50385611582877,198.76499938964844,133.58900451660156,206.64599609375,133.46499633789062
64.75,1.0298665530285586e-07,0.0,1.836811952538042e-15,7.88197229096527,92.11139833050132,87.50385611582877,198.76499938964844,133.58900451660156,206.64599609375,133.46499633789062
64.8,2.0597370707018693e-07,0.0,1.836811952538042e-15,7.88197229096527,92.11139833050132,87.50385611582877,198.76499938964844,133.58900451660156,206.64599609375,133.46499633789062
64.85000000000001,3.090374454483204e-07,0.0,1.836811952538042e-15,7.88197229096527,92.11139833050132,87.50385611582877,198.76499938964844,133.58900451660156,206.64599609375,133.46499633789062
64.9,3.0896642701936307e-07,0.0,1.836811952538042e-15,7.88197229096527,92.11139833050132,87.50385611582877,198.76499938964844,133.58900451660156,206.64599609375,133.46499633789062
64.95,3.0899328815130076e-07,0.0,1.836811952538042e-15,7.88197229096527,92.11139833050132,87.50385611582877,198.76499938964844,133.58900451660156,206.64599609375,133.46499633789062
65.0,3.0904046055671007e-07,0.0,1.836811952538042e-15,7.88197229096527,92.11139833050132,87.50385611582877,198.76499938964844,133.58900451660156,206.64599609375,133.46499633789062
65.05,4.1201638845403224e-07,0.0,1.836811952538042e-15,7.88197229096527,92.11139833050132,87.50385611582877,198.76499938964844,133.58900451660156,206.64599609375,133.46499633789062
65.10000000000001,3.276522203607567e-11,0.0,1.836811952538042e-15,7.88197229096527,92.11139833050132,87.50385611582877,198.76499938964844,133.58900451660156,206.64599609375,133.46499633789062
65.15,3.441591951042492e-08,0.0,1.836811952538042e-15,7.88197229096527,92.11139833050132,87.50385611582877,198.76499938964844,133.58900451660156,206.64599609375,133.46499633789062
65.2,3.4684188880630465e-08,0.0,1.836811952538042e-15,7.88197229096527,92.11139833050132,87.50385611582877,198.76499938964844,133.58900451660156,206.64599609375,133.46499633789062
65.25,2.0600540705489413e-07,0.0,1.836811952538042e-15,7.88197229096527,92.11139833050132,87.50385611582877,198.76499938964844,133.58900451660156,206.64599609375,133.46499633789062
65.3,3.089658276662621e-07,0.0,1.836811952538042e-15,7.88197229096527,92.11139833050132,87.50385611582877,198.76499938964844,133.58900451660156,206.64599609375,133.46499633789062
65.35000000000001,3.0900565210776984e-07,0.0,1.836811952538042e-15,7.88197229096527,92.11139833050132,87.50385611582877,198.76499938964844,133.58900451660156,206.64599609375,133.46499633789062
65.4,4.1198762394984737e-07,0.0,1.836811952538042e-15,7.88197229096527,92.11139833050132,87.50385611582877,198.76499938964844,133.58900451660156,206.64599609375,133.46499633789062
65.45,4.4627884887855364e-07,0.0,1.836811952538042e-15,7.88197229096527,92.11139833050132,87.50385611582877,198.76499938964844,133.58900451660156,206.64599609375,133.46499633789062
65.5,4.462924837134355e-07,0.0,1.836811952538042e-15,7.88197229096527,92.11139833050132,87.50385611582877,198.76499938964844,133.58900451660156,206.64599609375,133.46499633789062
65.55,1.0298690664263155e-07,0.0,1.836811952538042e-15,7.88197229096527,92.11139833050132,87.50385611582877,198.76499938964844,133.58900451660156,206.64599609375,133.46499633789062
65.60000000000001,1.7164946058811107e-07,0.0,1.836811952538042e-15,7.88197229096527,92.11139833050132,87.50385611582877,198.76499938964844,133.58900451660156,206.64599609375,133.46499633789062
65.65,1.716903183885712e-07,0.0,1.836811952538042e-15,7.88197229096527,92.11139833050132,87.50385611582877,198.76499938964844,133.58900451660156,206.64599609375,133.46499633789062
65.7,1.7176675854789559e-07,0.0,1.836811952538042e-15,7.88197229096527,92.11139833050132,87.50385611582877,198.76499938964844,133.58900451660156,206.64599609375,133.46499633789062
65.75,2.0613098323030222e-07,0.0,1.836811952538042e-15,7.88197229096527,92.11139833050132,87.50385611582877,198.76499938964844,133.58900451660156,206.64599609375,133.46499633789062
65.8,2.40352344535055e-07,0.0,1.836811952538042e-15,7.88197229096527,92.11139833050132,87.50385611582877,198.76499938964844,133.58900451660156,206.64599609375,133.46499633789062
65.85000000000001,2.746807275606726e-07,0.0,1.836811952538042e-15,7.88197229096527,92.11139833050132,87.50385611582877,198.76499938964844,133.58900451660156,206.64599609375,133.46499633789062
65.9,3.7763544363005013e-07,0.0,1.836811952538042e-15,7.88197229096527,92.11139833050132,87.50385611582877,198.76499938964844,133.58900451660156,206.64599609375,133.46499633789062
65.95,6.866519736546024e-08,0.0,1.836811952538042e-15,7.88197229096527,92.11139833050132,87.50385611582877,198.76499938964844,133.58900451660156,206.64599609375,133.46499633789062
66.0,1.438371566929984e-07,0.0,1.836811952538042e-15,7.88197229096527,92.11139833050132,87.50385611582877,198.76499938964844,133.58900451660156,206.64599609375,133.46499633789062
66.05,2.062578287503338e-07,0.0,1.836811952538042e-15,7.88197229096527,92.11139833050132,87.50385611582877,198.76499938964844,133.58900451660156,206.64599609375,133.46499633789062
66.10000000000001,2.750705314236174e-07,0.0,1.836811952538042e-15,7.88197229096527,92.11139833050132,87.50385611582877,198.76499938964844,133.58900451660156,206.64599609375,133.46499633789062
66.15,4.131352269008788e-07,0.0,1.836811952538042e-15,7.88197229096527,92.11139833050132,87.50385611582877,198.76499938964844,133.58900451660156,206.64599609375,133.46499633789062
66.2,5.156751750745044e-07,0.0,1.836811952538042e-15,7.88197229096527,92.11139833050132,87.50385611582877,198.76499938964844,133.58900451660156,206.64599609375,133.46499633789062
66.25,6.524366001150337e-07,0.0,1.836811952538042e-15,7.88197229096527,92.11139833050132,87.50385611582877,198.76499938964844,133.58900451660156,206.64599609375,133.46499633789062
66.3,1.0456956110089805e-07,0.0,1.836811952538042e-15,7.88197229096527,92.11139833050132,87.50385611582877,198.76499938964844,133.58900451660156,206.64599609375,133.46499633789062
66.35000000000001,0.0,0.0,1.836811952538042e-15,7.88197229096527,92.11139833050132,87.50385611582877,198.76499938964844,133.58900451660156,206.64599609375,133.46499633789062
66.4,6.876789020264711e-08,0.0,1.836811952538042e-15,7.88197229096527,92.11139833050132,87.50385611582877,198.76499938964844,133.58900451660156,206.64599609375,133.46499633789062
66.45,2.0611972160674666e-07,0.0,1.836811952538042e-15,7.88197229096527,92.11139833050132,87.50385611582877,198.76499938964844,133.58900451660156,206.64599609375,133.46499633789062
66.5,2.7483706555497724e-07,0.0,1.836811952538042e-15,7.88197229096527,92.11139833050132,87.50385611582877,198.76499938964844,133.58900451660156,206.64599609375,133.46499633789062
66.55,2.747033592760423e-07,0.0,1.836811952538042e-15,7.88197229096527,92.11139833050132,87.50385611582877,198.76499938964844,133.58900451660156,206.64599609375,133.46499633789062
66.60000000000001,4.816193781889959e-07,0.0,1.836811952538042e-15,7.88197229096527,92.11139833050132,87.50385611582877,198.76499938964844,133.58900451660156,206.64599609375,133.46499633789062
66.65,5.842805003814342e-07,0.0,1.836811952538042e-15,7.88197229096527,92.11139833050132,87.50385611582877,198.76499938964844,133.58900451660156,206.64599609375,133.46499633789062
66.7,3.741553410766436e-08,0.0,1.836811952538042e-15,7.88197229096527,92.11139833050132,87.50385611582877,198.76499938964844,133.58900451660156,206.64599609375,133.46499633789062
66.75,1.7261546175415014e-07,0.0,1.836811952538042e-15,7.88197229096527,92.11139833050132,87.50385611582877,198.76499938964844,133.58900451660156,206.64599609375,133.46499633789062
66.8,3.434638334361262e-08,0.0,1.836811952538042e-15,7.88197229096527,92.11139833050132,87.50385611582877,198.76499938964844,133.58900451660156,206.64599609375,133.46499633789062
66.85000000000001,3.451725930649862e-08,0.0,1.836811952538042e-15,7.88197229096527,92.11139833050132,87.50385611582877,198.76499938964844,133.58900451660156,206.64599609375,133.46499633789062
66.9,6.885293808405705e-08,0.0,1.836811952538042e-15,7.88197229096527,92.11139833050132,87.50385611582877,198.76499938964844,133.58900451660156,206.64599609375,133.46499633789062
66.95,2.1105853811954065e-07,0.0,1.836811952538042e-15,7.88197229096527,92.11139833050132,87.50385611582877,198.76499938964844,133.58900451660156,206.64599609375,133.46499633789062
67.0,2.4034512503324366e-07,0.0,1.836811952538042e-15,7.88197229096527,92.11139833050132,87.50385611582877,198.76499938964844,133.58900451660156,206.64599609375,133.46499633789062
67.05,8.925567817085144e-07,0.0,1.836811952538042e-15,7.88197229096527,92.11139833050132,87.50385611582877,198.76499938964844,133.58900451660156,206.64599609375,133.46499633789062
67.10000000000001,2.4046952270470256e-07,0.0,1.836811952538042e-15,7.88197229096527,92.11139833050132,87.50385611582877,198.76499938964844,133.58900451660156,206.64599609375,133.46499633789062
67.15,2.748341736068311e-07,0.0,1.836811952538042e-15,7.88197229096527,92.11139833050132,87.50385611582877,198.76499938964844,133.58900451660156,206.64599609375,133.46499633789062
67.2,3.276522203607567e-11,0.0,1.836811952538042e-15,7.88197229096527,92.11139833050132,87.50385611582877,198.76499938964844,133.58900451660156,206.64599609375,133.46499633789062
67.25,3.441591951042492e-08,0.0,1.836811952538042e-15,7.88197229096527,92.11139833050132,87.50385611582877,198.76499938964844,133.58900451660156,206.64599609375,133.46499633789062
67.3,8.180895606097796e-08,0.0,1.836811952538042e-15,7.88197229096527,92.11139833050132,87.50385611582877,198.76499938964844,133.58900451660156,206.64599609375,133.46499633789062
67.35000000000001,1.0304556769941578e-07,0.0,1.836811952538042e-15,7.88197229096527,92.11139833050132,87.50385611582877,198.76499938964844,133.58900451660156,206.64599609375,133.46499633789062
67.4,1.0315924632755657e-07,0.0,1.836811952538042e-15,7.88197229096527,92.11139833050132,87.50385611582877,198.76499938964844,133.58900451660156,206.64599609375,133.46499633789062
67.45,2.40307847070805e-07,0.0,1.836811952538042e-15,7.88197229096527,92.11139833050132,87.50385611582877,198.76499938964844,133.58900451660156,206.64599609375,133.46499633789062
67.5,2.7780890219993076e-07,0.0,1.836811952538042e-15,7.88197229096527,92.11139833050132,87.50385611582877,198.76499938964844,133.58900451660156,206.64599609375,133.46499633789062
67.55,3.0908620210984324e-07,0.0,1.836811952538042e-15,7.88197229096527,92.11139833050132,87.50385611582877,198.76499938964844,133.58900451660156,206.64599609375,133.46499633789062
67.60000000000001,4.4627695332999854e-07,0.0,1.836811952538042e-15,7.88197229096527,92.11139833050132,87.50385611582877,198.76499938964844,133.58900451660156,206.64599609375,133.46499633789062
67.65,3.436962386831153e-08,0.0,1.836811952538042e-15,7.88197229096527,92.11139833050132,87.50385611582877,198.76499938964844,133.58900451660156,206.64599609375,133.46499633789062
67.7,3.458229468441503e-08,0.0,1.836811952538042e-15,7.88197229096527,92.11139833050132,87.50385611582877,198.76499938964844,133.58900451660156,206.64599609375,133.46499633789062
67.75,2.0599313140007458e-07,0.0,1.836811952538042e-15,7.88197229096527,92.11139833050132,87.50385611582877,198.76499938964844,133.58900451660156,206.64599609375,133.46499633789062
67.8,3.432892863905767e-07,0.0,1.836811952538042e-15,7.88197229096527,92.11139833050132,87.50385611582877,198.76499938964844,133.58900451660156,206.64599609375,133.46499633789062
67.85000000000001,4.806055209656176e-07,0.0,1.836811952538042e-15,7.88197229096527,92.11139833050132,87.50385611582877,198.76499938964844,133.58900451660156,206.64599609375,133.46499633789062
67.9,6.179281763184513e-07,0.0,1.836811952538042e-15,7.88197229096527,92.11139833050132,87.50385611582877,198.76499938964844,133.58900451660156,206.64599609375,133.46499633789062
67.95,6.522538253136413e-07,0.0,1.836811952538042e-15,7.88197229096527,92.11139833050132,87.50385611582877,198.76499938964844,133.58900451660156,206.64599609375,133.46499633789062
68.0,6.522480457250927e-07,0.0,1.836811952538042e-15,7.88197229096527,92.11139833050132,87.50385611582877,198.76499938964844,133.58900451660156,206.64599609375,133.46499633789062
68.05,3.433292808087393e-08,0.0,1.836811952538042e-15,7.88197229096527,92.11139833050132,87.50385611582877,198.76499938964844,133.58900451660156,206.64599609375,133.46499633789062
68.10000000000001,3.4461786447336846e-08,0.0,1.836811952538042e-15,7.88197229096527,92.11139833050132,87.50385611582877,198.76499938964844,133.58900451660156,206.64599609375,133.46499633789062
68.15,1.0309119311562891e-07,0.0,1.836811952538042e-15,7.88197229096527,92.11139833050132,87.50385611582877,198.76499938964844,133.58900451660156,206.64599609375,133.46499633789062
68.2,1.032424642833622e-07,0.0,1.836811952538042e-15,7.88197229096527,92.11139833050132,87.50385611582877,198.76499938964844,133.58900451660156,206.64599609375,133.46499633789062
68.25,1.716628993693283e-07,0.0,1.836811952538042e-15,7.88197229096527,92.11139833050132,87.50385611582877,198.76499938964844,133.58900451660156,206.64599609375,133.46499633789062
68.3,1.720290347745031e-07,0.0,1.836811952538042e-15,7.88197229096527,92.11139833050132,87.50385611582877,198.76499938964844,133.58900451660156,206.64599609375,133.46499633789062
68.35000000000001,3.089866077800563e-07,0.0,1.836811952538042e-15,7.88197229096527,92.11139833050132,87.50385611582877,198.76499938964844,133.58900451660156,206.64599609375,133.46499633789062
68.4,1.0642070118871254e-06,0.0,1.836811952538042e-15,7.88197229096527,92.11139833050132,87.50385611582877,198.76499938964844,133.58900451660156,206.64599609375,133.46499633789062
68.45,0.0,0.0,1.836811952538042e-15,7.88197229096527,92.11139833050132,87.50385611582877,198.76499938964844,133.58900451660156,206.64599609375,133.46499633789062
68.5,8.321945945982841e-10,0.0,1.836811952538042e-15,7.88197229096527,92.11139833050132,87.50385611582877,198.76499938964844,133.58900451660156,206.64599609375,133.46499633789062
68.55,3.437453318947755e-08,0.0,1.836811952538042e-15,7.88197229096527,92.11139833050132,87.50385611582877,198.76499938964844,133.58900451660156,206.64599609375,133.46499633789062
68.60000000000001,3.458965311261758e-08,0.0,1.836811952538042e-15,7.88197229096527,92.11139833050132,87.50385611582877,198.76499938964844,133.58900451660156,206.64599609375,133.46499633789062
68.65,8.239003718243382e-07,0.0,1.836811952538042e-15,7.88197229096527,92.11139833050132,87.50385611582877,198.76499938964844,133.58900451660156,206.64599609375,133.46499633789062
68.7,1.7171640722812455e-07,0.0,1.836811952538042e-15,7.88197229096527,92.11139833050132,87.50385611582877,198.76499938964844,133.58900451660156,206.64599609375,133.46499633789062
68.75,9.612124140364603e-07,0.0,1.836811952538042e-15,7.88197229096527,92.11139833050132,87.50385611582877,198.76499938964844,133.58900451660156,206.64599609375,133.46499633789062
68.8,3.090130242727055e-07,0.0,1.836811952538042e-15,7.88197229096527,92.11139833050132,87.50385611582877,198.76499938964844,133.58900451660156,206.64599609375,133.46499633789062
68.85000000000001,4.142579969193248e-07,0.0,1.836811952538042e-15,7.88197229096527,92.11139833050132,87.50385611582877,198.76499938964844,133.58900451660156,206.64599609375,133.46499633789062
68.9,3.434638334361262e-08,0.0,1.836811952538042e-15,7.88197229096527,92.11139833050132,87.50385611582877,198.76499938964844,133.58900451660156,206.64599609375,133.46499633789062
68.95,3.451725930649862e-08,0.0,1.836811952538042e-15,7.88197229096527,92.11139833050132,87.50385611582877,198.76499938964844,133.58900451660156,206.64599609375,133.46499633789062
69.0,6.885293808405705e-08,0.0,1.836811952538042e-15,7.88197229096527,92.11139833050132,87.50385611582877,198.76499938964844,133.58900451660156,206.64599609375,133.46499633789062
69.05,8.925631563203545e-07,0.0,1.836811952538042e-15,7.88197229096527,92.11139833050132,87.50385611582877,198.76499938964844,133.58900451660156,206.64599609375,133.46499633789062
69.10000000000001,2.4033783660484773e-07,0.0,1.836811952538042e-15,7.88197229096527,92.11139833050132,87.50385611582877,198.76499938964844,133.58900451660156,206.64599609375,133.46499633789062
69.15,2.403947046263561e-07,0.0,1.836811952538042e-15,7.88197229096527,92.11139833050132,87.50385611582877,198.76499938964844,133.58900451660156,206.64599609375,133.46499633789062
69.2,1.0641972707680854e-06,0.0,1.836811952538042e-15,7.88197229096527,92.11139833050132,87.50385611582877,198.76499938964844,133.58900451660156,206.64599609375,133.46499633789062
69.25,4.463209062662614e-07,0.0,1.836811952538042e-15,7.88197229096527,92.11139833050132,87.50385611582877,198.76499938964844,133.58900451660156,206.64599609375,133.46499633789062
69.3,6.52286670273132e-07,0.0,1.836811952538042e-15,7.88197229096527,92.11139833050132,87.50385611582877,198.76499938964844,133.58900451660156,206.64599609375,133.46499633789062
69.35000000000001,3.4378644978657684e-08,0.0,1.836811952538042e-15,7.88197229096527,92.11139833050132,87.50385611582877,198.76499938964844,133.58900451660156,206.64599609375,133.46499633789062
69.4,3.460598772409065e-08,0.0,1.836811952538042e-15,7.88197229096527,92.11139833050132,87.50385611582877,198.76499938964844,133.58900451660156,206.64599609375,133.46499633789062
69.45,3.501079702922495e-08,0.0,1.836811952538042e-15,7.88197229096527,92.11139833050132,87.50385611582877,198.76499938964844,133.58900451660156,206.64599609375,133.46499633789062
69.5,1.0300927228914838e-07,0.0,1.836811952538042e-15,7.88197229096527,92.11139833050132,87.50385611582877,198.76499938964844,133.58900451660156,206.64599609375,133.46499633789062
69.55,1.0358477891294279e-07,0.0,1.836811952538042e-15,7.88197229096527,92.11139833050132,87.50385611582877,198.76499938964844,133.58900451660156,206.64599609375,133.46499633789062
69.60000000000001,1.7167021140403678e-07,0.0,1.836811952538042e-15,7.88197229096527,92.11139833050132,87.50385611582877,198.76499938964844,133.58900451660156,206.64599609375,133.46499633789062
69.65,1.7166523509345198e-07,0.0,1.836811952538042e-15,7.88197229096527,92.11139833050132,87.50385611582877,198.76499938964844,133.58900451660156,206.64599609375,133.46499633789062
69.7,2.096697539979075e-07,0.0,1.836811952538042e-15,7.88197229096527,92.11139833050132,87.50385611582877,198.76499938964844,133.58900451660156,206.64599609375,133.46499633789062
69.75,3.436962386831153e-08,0.0,1.836811952538042e-15,7.88197229096527,92.11139833050132,87.50385611582877,198.76499938964844,133.58900451660156,206.64599609375,133.46499633789062
69.8,3.458229468768173e-08,0.0,1.836811952538042e-15,7.88197229096527,92.11139833050132,87.50385611582877,198.76499938964844,133.58900451660156,206.64599609375,133.46499633789062
69.85000000000001,3.497363870741489e-08,0.0,1.836811952538042e-15,7.88197229096527,92.11139833050132,87.50385611582877,198.76499938964844,133.58900451660156,206.64599609375,133.46499633789062
69.9,8.582279415053061e-07,0.0,1.836811952538042e-15,7.88197229096527,92.11139833050132,87.50385611582877,198.76499938964844,133.58900451660156,206.64599609375,133.46499633789062
69.95,1.716798393088795e-07,0.0,1.836811952538042e-15,7.88197229096527,92.11139833050132,87.50385611582877,198.76499938964844,133.58900451660156,206.64599609375,133.46499633789062
70.0,2.4031083765131813e-07,0.0,1.836811952538042e-15,7.88197229096527,92.11139833050132,87.50385611582877,198.76499938964844,133.58900451660156,206.64599609375,133.46499633789062
70.05,2.4040741303456514e-07,0.0,1.836811952538042e-15,7.88197229096527,92.11139833050132,87.50385611582877,198.76499938964844,133.58900451660156,206.64599609375,133.46499633789062
70.10000000000001,3.090831489494001e-07,0.0,1.836811952538042e-15,7.88197229096527,92.11139833050132,87.50385611582877,198.76499938964844,133.58900451660156,206.64599609375,133.46499633789062
70.15,3.433292808087393e-08,0.0,1.836811952538042e-15,7.88197229096527,92.11139833050132,87.50385611582877,198.76499938964844,133.58900451660156,206.64599609375,133.46499633789062
70.2,3.4461786447336846e-08,0.0,1.836811952538042e-15,7.88197229096527,92.11139833050132,87.50385611582877,198.76499938964844,133.58900451660156,206.64599609375,133.46499633789062
70.25,3.477134880935172e-08,0.0,1.836811952538042e-15,7.88197229096527,92.11139833050132,87.50385611582877,198.76499938964844,133.58900451660156,206.64599609375,133.46499633789062
70.3,6.911723372897431e-08,0.0,1.836811952538042e-15,7.88197229096527,92.11139833050132,87.50385611582877,198.76499938964844,133.58900451660156,206.64599609375,133.46499633789062
70.35000000000001,2.1044667747280243e-07,0.0,1.836811952538042e-15,7.88197229096527,92.11139833050132,87.50385611582877,198.76499938964844,133.58900451660156,206.64599609375,133.46499633789062
70.4,2.404174010541402e-07,0.0,1.836811952538042e-15,7.88197229096527,92.11139833050132,87.50385611582877,198.76499938964844,133.58900451660156,206.64599609375,133.46499633789062
70.45,3.0909279275197133e-07,2.9588517575978504,0.29588517575978684,7.94597507964349,92.11139833050132,87.56787597961748,198.76499938964844,133.58900451660156,206.7100067138672,133.46499633789062
70.5,3.4343533904001674e-07,8.16229274387116,1.1121144501469027,8.057961247174063,92.11139833050132,87.67987809505776,198.76499938964844,133.58900451660156,206.82200622558594,133.46499633789062
70.55,0.0,9.248701036689793,2.036984553815882,8.183923089790381,92.11139833050132,87.80587532280968,198.76499938964844,133.58900451660156,206.947998046875,133.46600341796875
70.60000000000001,3.436131879382359e-08,9.28590917056793,2.965575470872675,8.313913475683512,92.11139833050132,87.93588682569751,198.76499938964844,133.58900451660156,207.0780029296875,133.46600341796875
70.65,3.456506461983289e-08,10.240200912309245,3.9895955621035997,8.455896715071848,92.11139833050132,88.07789427732337,198.76499938964844,133.58900451660156,207.22000122070312,133.46600341796875
70.7,3.4522837705261445e-08,10.19165536114186,5.008761098217786,8.600886385163786,92.11139833050132,88.22290641183666,198.76499938964844,133.58900451660156,207.36500549316406,133.46600341796875
70.75,6.865824495398706e-07,11.04215839953033,6.112976938170819,8.753871468645581,92.11139833050132,88.37591139311738,198.76499938964844,133.58900451660156,207.51800537109375,133.46600341796875
70.8,3.526104562810801e-08,10.926002040722466,7.205577142243065,8.908855677700508,92.11139833050132,88.53091243842172,198.76499938964844,133.58900451660156,207.67300415039062,133.46600341796875
70.85000000000001,7.895702870204321e-07,11.690441007938823,8.374621243036946,9.070843348167639,92.11139833050132,88.6929156905695,198.76499938964844,133.58900451660156,207.8350067138672,133.46600341796875
70.9,2.0974703534539407e-07,11.520877636950836,9.52670900673203,9.232816051463283,92.11139833050132,88.85490302618535,198.76499938964844,133.58900451660156,207.9969940185547,133.46600341796875
70.95,0.05001157232607592,12.21462218456052,10.452286049428299,9.402799277575486,92.11239015185215,89.0239094334208,198.76400756835938,133.58900451660156,208.16600036621094,133.46600341796875
71.0,0.009125466921292761,12.002564854807805,10.836313260521962,9.57078417322772,92.11239031192322,89.19190906963594,198.76400756835938,133.58900451660156,208.33399963378906,133.46600341796875
71.05,0.023016939717174983,12.63886205859918,11.175329362712901,9.745772760248402,92.11239035197009,89.36691264880943,198.76400756835938,133.58900451660156,208.50900268554688,133.46600341796875
71.10000000000001,0.009280693098864968,12.392617151754788,11.486000160831587,9.918750847340696,92.11239058189035,89.53992035064937,198.76400756835938,133.58900451660156,208.6820068359375,133.4669952392578
71.15,0.007578577146048036,12.982423842265616,11.760222453827224,10.097722914694142,92.11239069190283,89.71890653828302,198.76400756835938,133.58900451660156,208.86099243164062,133.4669952392578
71.2,0.024382568270755967,12.708452104172043,12.011902128130243,10.275718985418479,92.11239092193951,89.896916131965,198.76400756835938,133.58900451660156,209.03900146484375,133.4669952392578
71.25,0.008229688505181671,13.26078550496489,12.233764838673698,10.457697815795479,92.11239108189416,90.0789080771008,198.76400756835938,133.58900451660156,209.2209930419922,133.4669952392578
71.3,0.04138561502261714,12.964281141144765,12.437592748715929,10.639692362568168,92.11239127188396,90.2609152161138,198.76400756835938,133.58900451660156,209.4029998779297,133.4669952392578
71.35000000000001,0.026382864194763725,13.486344021890252,12.617183050111072,10.824693144879907,92.11338309317912,90.44692002302074,198.76499938964844,133.58900451660156,209.58900451660156,133.4669952392578
71.4,0.06060169556355774,13.171519859361668,12.782247272352155,11.007665048561229,92.11439017326843,90.6309106423834,198.76600646972656,133.58900451660156,209.7729949951172,133.4669952392578
71.45,0.046793524719817826,13.669106605934424,12.927695714489545,11.19565719015583,92.11439025324576,90.8189142536828,198.76600646972656,133.58900451660156,209.96099853515625,133.4669952392578
71.5,0.08255556821783144,13.339381301226444,13.061377359131408,11.381650924717746,92.11538207454618,91.00591078273746,198.76699829101562,133.58900451660156,210.1479949951172,133.4669952392578
71.55,0.07027380419218852,13.817170900880672,13.179208243359557,11.570635577080663,92.11638915462747,91.19591325929785,198.76800537109375,133.58900451660156,210.33799743652344,133.4669952392578
71.60000000000001,0.10746180980437474,13.475386635908045,13.287485191774882,11.757611371446936,92.11838805600028,91.3849113471565,198.77000427246094,133.58900451660156,210.52699279785156,133.46800231933594
71.65,0.09610812267385438,13.937049611027145,13.382947768651036,11.948610919827372,92.11937987729257,91.57691271335032,198.77099609375,133.58900451660156,210.718994140625,133.46800231933594
71.7,0.13429872629140532,13.585581457434078,13.47066070397724,12.136604947469214,92.12137877866279,91.76691518995995,198.7729949951172,133.58900451660156,210.90899658203125,133.46800231933594
71.75,0.12476268415378255,14.034176195840208,13.54799977306477,12.32958865408885,92.1223858587441,91.96091545380295,198.7740020751953,133.58900451660156,211.10299682617188,133.46800231933594
71.8,0.1653390059247369,13.674823697293284,13.619054028679622,12.517598516802908,92.12537658140411,92.15192500727869,198.77699279785156,133.58900451660156,211.29400634765625,133.46800231933594
71.85000000000001,0.15788699989836397,14.112798725833914,13.68169949907399,12.710567530005246,92.12739074156195,92.34691709039278,198.7790069580078,133.58900451660156,211.48899841308594,133.46800231933594
71.9,0.2006388081732375,13.747111029047195,13.739258616042543,12.900561474059593,92.12938964293477,92.53891846222197,198.781005859375,133.58900451660156,211.68099975585938,133.46800231933594
71.95,0.19533204627433143,14.176482478617203,13.789996203310821,13.093561521743244,92.13238036559208,92.7349176229221,198.78399658203125,133.58900451660156,211.8769989013672,133.46800231933594
72.0,0.24055129920265078,13.805681813740318,13.836626254562209,13.28355595429017,92.1353863470434,92.92792607096409,198.78700256347656,133.58900451660156,212.07000732421875,133.46800231933594
72.05,0.23722990862532947,14.22803327839007,13.877712492313146,13.47655647639646,92.13837706970166,93.12392522867411,198.7899932861328,133.58900451660156,212.26600646972656,133.46800231933594
72.10000000000001,0.29585951671357147,13.853129048633386,13.915486733585677,13.666527352840937,92.14239013123169,93.31792802892859,198.79400634765625,133.58900451660156,212.4600067138672,133.468994140625
72.15,0.7151553857574399,14.269828686571655,13.94876464114013,13.855515521172546,92.15038573760816,93.51491900488774,198.802001953125,133.58900451660156,212.65699768066406,133.468994140625
72.2,0.9313923861556319,13.891541035135399,13.979360598910262,14.038507396782434,92.16138732550915,93.70891926577349,198.81300354003906,133.58900451660156,212.8509979248047,133.468994140625
72.25,1.0859678745587231,14.303667738196156,14.006309753145857,14.220507663315887,92.17638671556828,93.90592549798122,198.8280029296875,133.58900451660156,213.04800415039062,133.468994140625
72.3,1.2049316089763598,13.92267987287829,14.031095370704358,14.399502217568253,92.19237792672868,94.10091757666943,198.843994140625,133.58900451660156,213.2429962158203,133.468994140625
72.35000000000001,1.2626639680120983,14.331063607098402,14.052921858830805,14.580495762078499,92.2093762177443,94.29891562819523,198.86099243164062,133.58900451660156,213.4409942626953,133.468994140625
72.4,1.286008660884752,13.9479154043262,14.073002296358705,14.758483575695111,92.22638976757608,94.49392296303266,198.8780059814453,133.58900451660156,213.63600158691406,133.468994140625
72.45,1.2896291946344058,14.353239358248318,14.090677984321818,14.938485628244797,92.2443798799384,94.69192101317552,198.89599609375,133.58900451660156,213.83399963378906,133.468994140625
72.5,1.3661532461103019,13.968363395450089,14.106946142492797,15.114490143144728,92.26337707238282,94.88692834598066,198.9149932861328,133.58900451660156,214.0290069580078,133.468994140625
72.55,1.4417284628296045,14.371203477958728,14.121263162449662,15.294461951835304,92.28238952357695,95.08591821640931,198.9340057373047,133.58900451660156,214.22799682617188,133.468994140625
72.60000000000001,1.5457465612473573,13.98488728144945,14.13443898573127,15.46746831064112,92.30437743861602,95.28092814810627,198.95599365234375,133.58900451660156,214.42300415039062,133.47000122070312
72.65,1.7230752422903295,14.385782490769692,14.146034366151074,15.64444982470869,92.32638061244418,95.47991801785348,198.97799682617188,133.58900451660156,214.6219940185547,133.47000122070312
72.7,1.813968340308329,13.998315306899945,14.156711793327528,15.814435580119795,92.35141003630284,95.67492534793007,199.0030059814453,133.58799743652344,214.81700134277344,133.47000122070312
72.75,2.0209536512848594,14.397590932148912,14.166104112722802,15.987434966111785,92.37741101289538,95.87393047595728,199.0290069580078,133.58799743652344,215.01600646972656,133.47000122070312
72.8,2.0052735987664305,14.009150426923147,14.17475116812729,16.155429704009077,92.40541089082637,96.06992962635753,199.0570068359375,133.58799743652344,215.21200561523438,133.47000122070312
72.85000000000001,2.2268203689454875,14.407166089898412,14.182361416407293,16.324416331431358,92.43540967012945,96.26891949523264,199.08700561523438,133.58799743652344,215.41099548339844,133.47000122070312
72.9,2.28423629439534,14.017935080931126,14.189363384067784,16.489427844920247,92.46641662959111,96.46491864485667,199.1179962158203,133.58900451660156,215.60699462890625,133.47000122070312
72.95,2.4731824843763643,14.414906212954497,14.195530069538401,16.65443213478921,92.5004132116335,96.66392377226539,199.15199279785156,133.58900451660156,215.80599975585938,133.47000122070312
73.0,2.550373774911811,14.025026321289122,14.201196362122303,16.815423546516506,92.53541687374425,96.85992292126613,199.18699645996094,133.58900451660156,216.0019989013672,133.47000122070312
73.05,2.5895345975656774,14.42117006668915,14.206193020995347,16.978413888375012,92.57142761594064,97.05892804848773,199.22300720214844,133.58900451660156,216.2010040283203,133.47000122070312
73.10000000000001,2.660598397992893,14.030786345153281,14.210782927365727,17.13841365604764,92.60742309935269,97.2549271969494,199.25900268554688,133.58900451660156,216.39700317382812,133.47000122070312
73.15,2.757211894172187,14.42624603927391,14.214829282216149,17.299398499818572,92.64541748412532,97.45391953700202,199.2969970703125,133.58900451660156,216.5959930419922,133.4709930419922
73.2,2.879478516891707,14.035466634359897,14.218544414962144,17.456407818105827,92.68441894896922,97.64993394383752,199.33599853515625,133.58900451660156,216.79200744628906,133.4709930419922
73.25,3.0139206023969725,14.430386469551413,14.221823968702395,17.615400799515964,92.72541931518099,97.84993089214802,199.3769989013672,133.58900451660156,216.99200439453125,133.4709930419922
73.3,3.147808308954226,14.039246571598508,14.22483358316993,17.768397273072985,92.76841858276359,98.04593003983959,199.4199981689453,133.58900451660156,217.18800354003906,133.4709930419922
73.35000000000001,3.276231038727867,14.433697784883739,14.227486752668463,17.922385604975027,92.81341675171251,98.24491990802764,199.46499633789062,133.58900451660156,217.38699340820312,133.4709930419922
73.4,3.40018279889178,14.042306399416452,14.229923884516996,18.07138447623657,92.86041382202846,98.44091905543323,199.51199340820312,133.58900451660156,217.58299255371094,133.4709930419922
73.45,3.528173539840097,14.436397993320732,14.232073062553619,18.223389318677654,92.9084179724203,98.64093126246868,199.55999755859375,133.58900451660156,217.7830047607422,133.4709930419922
73.5,3.6699489441297217,14.044790310033576,14.234049461428063,18.369382375121067,92.95842102418136,98.83693040964299,199.61000061035156,133.58900451660156,217.97900390625,133.4709930419922
73.55,3.816324586150167,14.43859352262529,14.235791807021679,18.51636728093807,93.01042297730916,99.03592027780735,199.66200256347656,133.58900451660156,218.17799377441406,133.4709930419922
73.60000000000001,3.963529026694628,14.046806449703464,14.237393817476697,18.657370908180116,93.06541565309425,99.23191942477929,199.7169952392578,133.58900451660156,218.37399291992188,133.4709930419922
73.65,4.092912737403015,14.440358186203095,14.238805032169617,18.801374206359707,93.12141540895492,99.43193416717314,199.7729949951172,133.58900451660156,218.57400512695312,133.4720001220703
73.7,4.199400816893736,14.048462105716256,14.240104579305253,18.94036384396799,93.17842224489242,99.62793331399074,199.8300018310547,133.58900451660156,218.77000427246094,133.4720001220703
73.75,4.2945848419514965,14.441798413147785,14.24124577366489,19.08036058190354,93.23841980348737,99.8279302622568,199.88999938964844,133.58900451660156,218.97000122070312,133.4720001220703
73.8,4.392685115457635,14.04975813413021,14.242296929918059,19.21635962960048,93.29841736208355,100.02392940894569,199.9499969482422,133.58900451660156,219.16600036621094,133.4720001220703
73.85000000000001,4.5013329690000825,14.442950251705714,14.243222176600256,19.3533657748886,93.36041382204643,100.22293453594399,200.01199340820312,133.58900451660156,219.36500549316406,133.4720001220703
73.9,4.621465142169359,14.050837872030407,14.24407532386165,19.487350769646437,93.42341736208625,100.41992550380235,200.0749969482422,133.58900451660156,219.56199645996094,133.4720001220703
73.95,4.751929005219843,14.443885798955112,14.244824104425089,19.620343994168998,93.48942688357063,100.6189306308242,200.14100646972656,133.58900451660156,219.76100158691406,133.4720001220703
74.0,4.875517155739752,14.051702177150391,14.245515291136769,19.75034658039176,93.55641296755518,100.81592159859018,200.20799255371094,133.58900451660156,219.95799255371094,133.4720001220703
74.05,4.99456899105947,14.444642819987196,14.246120220872958,19.88134686268391,93.62442862228427,101.0149267256371,200.2760009765625,133.58999633789062,220.15699768066406,133.4720001220703
74.10000000000001,5.1353292495087395,14.052422288489673,14.24668180475158,20.00634467476834,93.69542776779245,101.21092587203984,200.3470001220703,133.58999633789062,220.35299682617188,133.4720001220703
74.15,5.296501244124028,14.445253930148823,14.247171379146153,20.133335504175477,93.76842581466946,101.41092535594937,200.4199981689453,133.58999633789062,220.55299377441406,133.47300720214844
74.2,5.4620292051485695,14.052962157055156,14.247621384280043,20.254335670739284,93.8434227629155,101.60692450228096,200.4949951171875,133.58999633789062,220.74899291992188,133.47300720214844
74.25,5.622409015619272,14.445758611191616,14.248017404084427,20.377334729989084,93.92043387131808,101.80693670945358,200.57200622558594,133.58999633789062,220.94900512695312,133.47300720214844
74.3,5.7730333069192,14.053429929053637,14.24838458357677,20.494337207149748,93.99942862229732,102.00293585572312,200.6510009765625,133.58999633789062,221.14500427246094,133.47300720214844
74.35000000000001,5.91404499896547,14.446153429883795,14.248704901394579,20.61333857538162,94.08042227464196,102.20293280413014,200.73199462890625,133.58999633789062,221.34500122070312,133.47300720214844
74.4,6.047317324074072,14.053826462412161,14.249003760432753,20.7253362929835,94.1644219084311,102.39893195034941,200.8159942626953,133.58999633789062,221.54100036621094,133.47300720214844
74.45,6.174937269886158,14.446477867828929,14.249262967320135,20.84032470551892,94.24942862229831,102.59892889877908,200.9010009765625,133.58999633789062,221.74099731445312,133.47300720214844
74.5,6.298993097597347,14.0541139917805,14.249504148783146,20.949316527312497,94.3364342375331,102.79492804496135,200.98800659179688,133.58999633789062,221.93699645996094,133.47300720214844
74.55,6.421645168567555,14.446766257391468,14.249716492523572,21.061314301966053,94.42443167405719,102.9949249934133,201.0760040283203,133.58999633789062,222.13699340820312,133.47300720214844
74.60000000000001,6.545377417295174,14.05436633107697,14.249910896782302,21.167315482355924,94.51442801194835,103.19092413956038,201.16600036621094,133.58999633789062,222.33299255371094,133.47300720214844
74.65,6.660325322244477,14.44698254943072,14.250083758710492,21.27431831293066,94.60642325120695,103.38993173829498,201.25799560546875,133.58999633789062,222.53199768066406,133.4739990234375
74.7,6.751189146906446,14.054582621988216,14.250245805203795,21.378320680649264,94.69942557054463,103.58693796448439,201.3509979248047,133.58999633789062,222.72900390625,133.4739990234375
74.75,6.829273185110857,14.447126744202649,14.250382618504897,21.482307804788622,94.79442679125184,103.78592783289572,201.4459991455078,133.58999633789062,222.92799377441406,133.4739990234375
74.8,6.912001092885369,14.054725957218785,14.250512221321411,21.584311329584462,94.88942801195971,103.98293405906034,201.54100036621094,133.58999633789062,223.125,133.4739990234375
74.85000000000001,7.004197416742694,14.44727093891838,14.250623972224872,21.68631486838682,94.98642813403332,104.18193918627794,201.63800048828125,133.58999633789062,223.32400512695312,133.4739990234375
74.9,7.109137449265607,14.054870150987085,14.250728341082365,21.785312482001043,95.08442007739397,104.37893015363079,201.73599243164062,133.58999633789062,223.52099609375,133.4739990234375
74.95,7.226857682763116,14.44737908507918,14.250818462807391,21.884310108446154,95.18442618090965,104.57793528085828,201.83599853515625,133.58999633789062,223.72000122070312,133.4739990234375
75.0,7.354189243861307,14.05497829622532,14.250904893251874,21.980317066388476,95.28542410571445,104.77494150697784,201.93699645996094,133.58999633789062,223.91700744628906,133.4739990234375
75.05,7.48641744038759,14.447485514730001,14.250976818985729,22.07530702612014,95.38943288767871,104.97393137543281,202.04100036621094,133.59100341796875,224.11599731445312,133.4739990234375
75.10000000000001,7.620121072772052,14.055050392955534,14.251045225173584,22.166309171033177,95.49442861521896,105.1699305214601,202.14599609375,133.59100341796875,224.31199645996094,133.4739990234375
75.15,7.75256556877713,14.447557612271062,14.251102731457618,22.25929494159321,95.60143850291558,105.36992747000205,202.2530059814453,133.59100341796875,224.51199340820312,133.4739990234375
75.2,7.881841195068991,14.055122489657633,14.25115671822456,22.347301175649438,95.70942495311171,105.56592920327806,202.36099243164062,133.59100341796875,224.70799255371094,133.47500610351562
75.25,8.007481032277854,14.447629709771103,14.251207014781405,22.43630449800362,95.82043264354192,105.76594141061955,202.4720001220703,133.59100341796875,224.9080047607422,133.47500610351562
75.3,8.129629287016508,14.055194586640948,14.251253877723622,22.520303013299184,95.93243215526078,105.96194055662167,202.58399963378906,133.59100341796875,225.10400390625,133.47500610351562
75.35000000000001,8.249113339532862,14.447665758604394,14.251293359692221,22.60630041201672,96.04643056834675,106.16193750518478,202.697998046875,133.59100341796875,225.3040008544922,133.47500610351562
75.4,8.356861751006262,14.055230634785188,14.25132940807203,22.68630119355679,96.16242788279989,106.35793665117349,202.81399536132812,133.59100341796875,225.5,133.47500610351562
75.45,8.461945129509031,14.447701807347585,14.25136168029887,22.7692926663696,96.27943227733145,106.55793359974516,202.93099975585938,133.59100341796875,225.6999969482422,133.47500610351562
75.5,8.591257662691183,14.055265824893297,14.251390433165668,22.8472945872503,96.39742849315182,106.75393274572619,203.0489959716797,133.59100341796875,225.89599609375,133.47500610351562
75.55,8.743033814040604,14.447737856260595,14.251415667318728,22.9262883236433,96.51843069041774,106.95392969430478,203.1699981689453,133.59100341796875,226.0959930419922,133.47500610351562
75.60000000000001,8.91651741192455,14.055301873370208,14.251440815360194,22.99930069769629,96.64143178905249,107.14994409906447,203.29299926757812,133.59100341796875,226.29200744628906,133.47500610351562
75.65,9.11070165251211,14.44777390507764,14.251462444640854,23.074296695208588,96.76643178905734,107.34994104764947,203.41799926757812,133.59100341796875,226.49200439453125,133.47500610351562
75.7,9.31060997858866,14.055301872940468,14.251480382969138,23.14228405249961,96.8944377705101,107.54594270306974,203.54600524902344,133.59100341796875,226.68800354003906,133.4759979248047
75.75,9.507349405980671,14.447773905058334,14.251494802497863,23.211283447183867,97.02543447461925,107.74593965165946,203.677001953125,133.59100341796875,226.88800048828125,133.4759979248047
75.8,9.693181439627503,14.055337921509697,14.251509135984739,23.273279148157165,97.15943716017097,107.94193879761717,203.81100463867188,133.59100341796875,227.08399963378906,133.4759979248047
75.85000000000001,9.846109401685332,14.447809953937076,14.251523555518009,23.3372786390542,97.29544236357523,108.14193574621339,203.94700622558594,133.5919952392578,227.28399658203125,133.4759979248047
75.9,9.938234034733739,14.055337921182527,14.251534284157742,23.396283649278264,97.43243577177869,108.33793489216502,204.08399963378906,133.5919952392578,227.47999572753906,133.4759979248047
75.95,9.982441940250744,14.447809954053643,14.251545098828348,23.457272281532035,97.57144334014562,108.53793184076363,204.22300720214844,133.5919952392578,227.67999267578125,133.4759979248047
76.0,10.012321275367764,14.055373969773989,14.251555913316418,23.514293680721117,97.71043564973303,108.73394624550026,204.36199951171875,133.5919952392578,227.87600708007812,133.4759979248047
76.05,10.048933167400463,14.447809954033923,14.25156312309375,23.57528232044694,97.84944321811312,108.93394319410606,204.50100708007812,133.5919952392578,228.0760040283203,133.4759979248047
76.10000000000001,10.107829321966392,14.055373969616706,14.251570332718398,23.631281400026225,97.98944260777614,109.12994234004833,204.64100646972656,133.5919952392578,228.27200317382812,133.4759979248047
76.15,10.197109511387799,14.447846003021626,14.251577542512797,23.68927936024626,98.13043381872001,109.32893220857967,204.78199768066406,133.5919952392578,228.4709930419922,133.4759979248047
76.2,10.316557475904725,14.055373969525867,14.251584752171336,23.74327467008923,98.27343918981474,109.52594100862953,204.9250030517578,133.5919952392578,228.66799926757812,133.4770050048828
76.25,10.458973757205838,14.44784600304975,14.25159196197048,23.7982819610519,98.41743638219786,109.72494613595234,205.06900024414062,133.5919952392578,228.86700439453125,133.4770050048828
76.3,10.617048988073511,14.05541001825134,14.251599171644642,23.848269171690358,98.56443955602839,109.92193710317356,205.21600341796875,133.5919952392578,229.06399536132812,133.4770050048828
76.35000000000001,10.782937393939429,14.44784600309312,14.251602776560247,23.89827651035607,98.71344503453264,110.12094223050126,205.36500549316406,133.59300231933594,229.26300048828125,133.4770050048828
76.4,10.947097218176989,14.055410018130209,14.251609986255016,23.944281218473417,98.86444601110074,110.31794845650954,205.51600646972656,133.59300231933594,229.4600067138672,133.4770050048828
76.45,11.102401816915522,14.44784600318073,14.251613591167725,23.990270670093647,99.01744588903475,110.51693832505066,205.66900634765625,133.59300231933594,229.65899658203125,133.4770050048828
76.5,11.237833171477035,14.055410017977616,14.251617195988086,24.032277626173073,99.17244466833368,110.71394455105829,205.82400512695312,133.59300231933594,229.8560028076172,133.4770050048828
76.55,11.364661713095348,14.447846003183532,14.25162080090305,24.073277515615658,99.33043417028718,110.91293441960373,205.98199462890625,133.59300231933594,230.05499267578125,133.4770050048828
76.60000000000001,11.499877638629263,14.055410018054886,14.251624405746867,24.111271459975868,99.48944601110756,111.1099406456068,206.14100646972656,133.59300231933594,230.2519989013672,133.4770050048828
76.65,11.629477672110609,14.447846003390278,14.251624405783733,24.150287732835924,99.64943441442787,111.30894577294376,206.30099487304688,133.59300231933594,230.4510040283203,133.4770050048828
76.7,11.758429676321503,14.055410017989884,14.251628010630133,24.18327211772442,99.81244405798256,111.50494742832602,206.46400451660156,133.59300231933594,230.64700317382812,133.47799682617188
76.75,11.900665697568657,14.447846003421363,14.251628010667295,24.21926719471626,99.97644552282631,111.70494437695014,206.6280059814453,133.59300231933594,230.8470001220703,133.47799682617188
76.80000000000001,12.051792955932381,14.055410018044062,14.251628010646566,24.24827382606382,100.14343771032642,111.900943522872,206.7949981689453,133.59300231933594,231.04299926757812,133.47799682617188
76.85000000000001,12.208069156172654,14.447846003593524,14.251628010696606,24.279268796849724,100.31244696823164,112.1009404714986,206.96400451660156,133.593994140625,231.2429962158203,133.47799682617188
76.9,12.352032952349024,14.055410017947864,14.25162801067837,24.305269476962728,100.4824451371773,112.29693961742046,207.13400268554688,133.593994140625,231.43899536132812,133.47799682617188
76.95,12.474973373902236,14.447882052549772,14.251631615615276,24.332277226382356,100.65544928756792,112.49695182483546,207.3070068359375,133.593994140625,231.63900756835938,133.47799682617188
77.0,12.589417417814,14.05541001804975,14.25163161562249,24.35428015038828,100.82944525924782,112.69295097075732,207.4810028076172,133.593994140625,231.8350067138672,133.47799682617188
77.05000000000001,12.715021164241037,14.447846003656014,14.251631615669737,24.378281953621062,101.0054401322951,112.8929479193864,207.65699768066406,133.593994140625,232.03500366210938,133.47799682617188
77.10000000000001,12.862405345134837,14.055410018053642,14.251631615669613,24.39627186240092,101.18344916549825,113.08894706530826,207.8350067138672,133.593994140625,232.2310028076172,133.47799682617188
77.15,13.025377193765408,14.447882052633114,14.251635220593894,24.41627590894366,101.36344184127964,113.28894401393671,208.01499938964844,133.593994140625,232.43099975585938,133.47799682617188
77.2,13.183273037471604,14.055410018053358,14.25163522060024,24.430268060679573,101.54544867721769,113.48494315985599,208.19700622558594,133.593994140625,232.6269989013672,133.47799682617188
77.25,13.335769265402115,14.447882052726156,14.25163882553072,24.446269592273502,101.7294391557338,113.68494264403526,208.38099670410156,133.593994140625,232.82699584960938,133.47900390625
77.30000000000001,13.48336885686888,14.055410018042762,14.251638825530588,24.455272178242076,101.916435615695,113.88094178994936,208.5679931640625,133.593994140625,233.0229949951172,133.47900390625
77.35000000000001,13.613869249110758,14.447882052867525,14.251642430457988,24.467285466321346,102.1044418530317,114.08095399736933,208.75599670410156,133.59500122070312,233.22300720214844,133.47900390625
77.4,13.748112714814026,14.055410018196685,14.251642430482871,24.47328210302749,102.294444294438,114.27695314328408,208.9459991455078,133.59500122070312,233.41900634765625,133.47900390625
77.45,13.899025368615025,14.447882053004921,14.251642430528387,24.48027054995976,102.48745271728956,114.47695009191565,209.13900756835938,133.59500122070312,233.61900329589844,133.47900390625
77.5,14.048605077867357,14.055410018236005,14.251642430547014,24.482284687487,102.68143770264113,114.6729492378304,209.33299255371094,133.59500122070312,233.81500244140625,133.47900390625
77.55000000000001,14.19786119182587,14.447882053121702,14.251646035493582,24.486267186757136,102.87745210693802,114.87294618646196,209.5290069580078,133.59500122070312,234.01499938964844,133.47900390625
77.60000000000001,14.359392822889342,14.05541001825527,14.251646035513744,24.483276497644088,103.07644197510221,115.0689453323767,209.72799682617188,133.59500122070312,234.21099853515625,133.47900390625
77.65,14.526793562119124,14.447882053218905,14.251646035572325,24.482269428889378,103.27744600342288,115.26894228100765,209.9290008544922,133.59500122070312,234.41099548339844,133.47900390625
77.7,14.695380477323834,14.055410018325887,14.251646035599578,24.475265723326686,103.48044893311082,115.46494142692175,210.1320037841797,133.59500122070312,234.60699462890625,133.47900390625
77.75,14.8467978191825,14.44788205331496,14.251646035658458,24.46926440495157,103.6854507641658,115.66394902581837,210.33700561523438,133.59500122070312,234.80599975585938,133.47999572753906
77.80000000000001,14.972112415812243,14.055410018360847,14.251646035690268,24.459270008530478,103.89245149658768,115.86095525180916,210.54400634765625,133.59500122070312,235.0030059814453,133.47999572753906
77.85000000000001,15.083965223852942,14.447882053412446,14.251646035744761,24.449265039107335,104.10145348374013,116.05994512036457,210.7530059814453,133.5959930419922,235.20199584960938,133.47999572753906
77.9,15.19700419145793,14.055410018418494,14.251646035766942,24.43527288708688,104.31245201889764,116.25695134635536,210.96400451660156,133.5959930419922,235.3990020751953,133.47999572753906
77.95,15.321745321131594,14.447882053489161,14.251646035815366,24.42228780400359,104.52444237534395,116.45595647369981,211.17599487304688,133.5959930419922,235.59800720214844,133.47999572753906
78.0,15.459156807031496,14.055410018450392,14.251646035836805,24.405274446220247,104.73844689194586,116.65294744090157,211.38999938964844,133.5959930419922,235.7949981689453,133.47999572753906
78.05000000000001,15.609420584897821,14.447882053606824,14.251646035885319,24.38827634735903,104.95445030991462,116.8519525682479,211.6060028076172,133.5959930419922,235.99400329589844,133.47999572753906
78.10000000000001,15.770809747443264,14.055410018689694,14.251646035928761,24.367265232668824,105.17245262925071,117.04894353544965,211.82400512695312,133.5959930419922,236.1909942626953,133.47999572753906
78.15,15.92532043574927,14.447882053725712,14.251646035979443,24.346269377042603,105.39245384995417,117.2479486627966,212.04400634765625,133.5959930419922,236.38999938964844,133.47999572753906
78.2,16.06057242798214,14.055410018665752,14.25164603601343,24.320283954508735,105.61544579331363,117.44495488878738,212.26699829101562,133.5959930419922,236.58700561523438,133.47999572753906
78.25,16.18416174615875,14.447882053704536,14.251646036052387,24.29527029660069,105.83944481675114,117.64394730572515,212.49099731445312,133.5959930419922,236.78599548339844,133.4810028076172
78.30000000000001,16.308504716757753,14.055410018808008,14.251646036097103,24.265271853711717,106.06544274155598,117.83994645163925,212.7169952392578,133.5959930419922,236.98199462890625,133.4810028076172
78.35000000000001,16.442244355710454,14.447882053822969,14.251646036138155,24.23828415797477,106.29244998032202,118.03995865906423,212.94400024414062,133.5970001220703,237.1820068359375,133.4810028076172
78.4,16.583617770828663,14.055410018844851,14.25164603618079,24.204287965785436,106.5224457078611,118.23595780497897,213.1739959716797,133.5970001220703,237.3780059814453,133.4810028076172
78.45,16.73132550989263,14.447882053962838,14.251646036228157,24.173282462949416,106.7534485154783,118.43595475361491,213.40499877929688,133.5970001220703,237.5780029296875,133.4810028076172
78.5,16.883352255377588,14.055446067826338,14.25164964116575,24.13527325767916,106.98745730454087,118.63195389952965,213.63900756835938,133.5970001220703,237.7740020751953,133.4810028076172
78.55000000000001,17.036712818707873,14.447882054001735,14.251649641205239,24.09927819065153,107.22344973618169,118.8319508481656,213.875,133.5970001220703,237.9739990234375,133.4810028076172
78.60000000000001,17.17614135144599,14.05541001901904,14.251649641238174,24.05827830018152,107.46044924790056,119.0279499940797,214.11199951171875,133.5970001220703,238.1699981689453,133.4810028076172
78.65,17.278056702323834,14.44788205416233,14.251649641281835,24.018270221094898,107.70045474106473,119.22794694271816,214.3520050048828,133.5970001220703,238.3699951171875,133.4810028076172
78.7,17.3467452722978,14.05544606796081,14.251653246211342,23.974279646187163,107.94044497544135,119.4239460886329,214.5919952392578,133.5970001220703,238.5659942626953,133.4810028076172
78.75,17.403445000067343,14.44788205428143,14.25165324626903,23.932283164387712,108.18244936997625,119.62396075516635,214.83399963378906,133.5970001220703,238.76600646972656,133.48199462890625
78.80000000000001,17.461368672737578,14.055410019163457,14.251653246304574,23.886278447556514,108.42445376451234,119.81995990107596,215.0760040283203,133.5970001220703,238.96200561523438,133.48199462890625
78.85000000000001,17.53178415536784,14.447882054366547,14.25165324635893,23.84328455809746,108.66745206721227,120.01995684971443,215.31900024414062,133.59800720214844,239.16200256347656,133.48199462890625
78.9,17.622072957358117,14.055410019305617,14.251653246405008,23.795280977072544,108.9114553631126,120.21595599562662,215.56300354003906,133.59800720214844,239.35800170898438,133.48199462890625
78.95,17.734753197857724,14.447882054423403,14.251653246451061,23.749276275898463,109.15745756037846,120.41595294426509,215.8090057373047,133.59800720214844,239.55799865722656,133.48199462890625
79.0,17.86921210604747,14.055410019350456,14.251649641603473,23.698282012572175,109.40445157893319,120.61195209017727,216.05599975585938,133.59800720214844,239.75399780273438,133.48199462890625
79.05000000000001,18.02196154771491,14.447882054463753,14.251649641649674,23.648279561262086,109.65445157893426,120.81194903881574,216.30599975585938,133.59800720214844,239.95399475097656,133.48199462890625
79.10000000000001,18.185295044118742,14.055410019364718,14.251649641684244,23.593272291145503,109.90545873425314,121.00794818472792,216.5570068359375,133.59800720214844,240.14999389648438,133.48199462890625
79.15,18.35078459536878,14.447882054588533,14.251649641726862,23.53928735076182,110.1594565526082,121.20796039215543,216.81100463867188,133.59800720214844,240.35000610351562,133.48199462890625
79.2,18.511308154231422,14.055410019552037,14.251646036885983,23.478298713785996,110.41644507991103,121.40395953806761,217.0679931640625,133.59800720214844,240.54600524902344,133.48199462890625
79.25,18.655704567895384,14.447882054725408,14.251646036930381,23.42028550797527,110.6744559441714,121.60395648670357,217.3260040283203,133.59800720214844,240.74600219726562,133.48199462890625
79.30000000000001,18.778825323323957,14.05541001960798,14.251646036974837,23.35628595303135,110.93445045135213,121.7999582198785,217.58599853515625,133.59800720214844,240.94200134277344,133.48300170898438
79.35000000000001,18.891505604686298,14.447882054769265,14.251646037015107,23.29328317875126,111.19645911904415,121.99896334722989,217.84800720214844,133.59800720214844,241.14100646972656,133.48300170898438
79.4,19.002853795341572,14.055410019727587,14.251646037057304,23.227294654275408,111.45944621957906,122.19595431442909,218.11099243164062,133.5989990234375,241.33799743652344,133.48300170898438
79.45,19.122985863956547,14.447882054906499,14.251646037105616,23.16128595821314,111.7244608686841,122.39495944177794,218.37600708007812,133.5989990234375,241.53700256347656,133.48300170898438
79.5,19.258165786859394,14.055410019803608,14.25164603715093,23.091279514313594,111.99145916018938,122.5919504089746,218.64300537109375,133.5989990234375,241.73399353027344,133.48300170898438
79.55000000000001,19.39593780493302,14.447882055031299,14.251646037207687,23.022295401982642,112.25944927282659,122.79095553632598,218.91099548339844,133.5989990234375,241.93299865722656,133.48300170898438
79.60000000000001,19.514413379359187,14.055410019951758,14.251646037266388,22.948291217178614,112.53046062559011,122.98796176231421,219.1820068359375,133.5989990234375,242.1300048828125,133.48300170898438
79.65,19.6127650685201,14.447882055129293,14.251646037320466,22.875294105882485,112.80244854078308,123.18695163087403,219.45399475097656,133.5989990234375,242.32899475097656,133.48300170898438
79.7,19.704241722123932,14.055410019898957,14.251646037355158,22.79929105780185,113.07545879479483,123.38395785685971,219.7270050048828,133.5989990234375,242.5260009765625,133.48300170898438
79.75,19.79438457198715,14.447882055152503,14.251646037397867,22.724295083492425,113.34946087005983,123.5829629842111,220.00100708007812,133.5989990234375,242.72500610351562,133.48300170898438
79.80000000000001,19.88884984624111,14.05541002009583,14.251646037446651,22.645296306372238,113.62544658787712,123.7799564482335,220.27699279785156,133.5989990234375,242.9219970703125,133.48399353027344
79.85000000000001,19.992493867717087,14.447882055310885,14.251646037500814,22.567294386166594,113.90245464454506,123.97896157558236,220.5540008544922,133.5989990234375,243.12100219726562,133.48399353027344
79.9,20.10060108426499,14.055410020140604,14.251646037542116,22.484308087671305,114.18144816140708,124.17496072149197,220.83299255371094,133.60000610351562,243.31700134277344,133.48399353027344
79.95,20.213966303188595,14.447882055354274,14.251646037586895,22.404292066868237,114.46146219950059,124.37495767013044,221.11300659179688,133.60000610351562,243.51699829101562,133.48399353027344
80.0,20.3523134049916,14.05541002027742,14.251646037634277,22.31829468898882,114.74345988016746,124.57095681604262,221.39500427246094,133.60000610351562,243.71299743652344,133.48399353027344
80.05000000000001,20.52068581034799,14.447882055490828,14.251646037680228,22.23429619444767,115.02745646219897,124.77095376467858,221.6790008544922,133.60000610351562,243.91299438476562,133.48399353027344
80.10000000000001,20.709218159810085,14.055410020371498,14.251646037722205,22.14430108650258,115.31345194559772,124.96695291058819,221.96499633789062,133.60000610351562,244.10899353027344,133.48399353027344
80.15,20.905813449324658,14.447882055615532,14.25164603777083,22.05531305496916,115.60245341044293,125.16696511801318,222.25399780273438,133.60000610351562,244.3090057373047,133.48399353027344
80.2,21.099854428553808,14.055410020400675,14.251646037821,21.9593060881008,115.89446085673367,125.36296426392279,222.54600524902344,133.60000610351562,244.5050048828125,133.48399353027344
80.25,21.282986327730644,14.447882055676656,14.251646037873417,21.864306199075997,116.18945902568039,125.56296121256126,222.84100341796875,133.60000610351562,244.7050018310547,133.48399353027344
80.30000000000001,21.449377802587758,14.055410020539265,14.25164603791776,21.76330435742583,116.48645609599339,125.75896294573877,223.13800048828125,133.60000610351562,244.9010009765625,133.48500061035156
80.35000000000001,21.585781707179436,14.447882055854626,14.251646037972133,21.664312010500723,116.78545371268983,125.95895989437473,223.43699645996094,133.6009979248047,245.1009979248047,133.48500061035156
80.4,21.669085575215902,14.055410020604228,14.251646038018496,21.559302536653455,117.08646384452693,126.15495904028434,223.73800659179688,133.6009979248047,245.2969970703125,133.48500061035156
80.45,21.700765680255508,14.447882055837622,14.251646038066829,21.458306080712987,117.38745871758006,126.35495598892281,224.03900146484375,133.6009979248047,245.4969940185547,133.48500061035156
80.5,21.70735400333557,14.05541002075325,14.25164603811441,21.353311894668412,117.68845359063843,126.550955134835,224.33999633789062,133.6009979248047,245.6929931640625,133.48500061035156
80.55000000000001,21.705410746345407,14.44788205601917,14.251646038167246,21.251323660745427,117.99045554377736,126.7509673422625,224.64199829101562,133.6009979248047,245.89300537109375,133.48500061035156
80.60000000000001,21.70094577558664,14.055446069757352,14.25164964310583,21.146329504953197,118.29145041683782,126.94696648817468,224.9429931640625,133.6009979248047,246.08900451660156,133.48500061035156
80.65,21.69957757700616,14.447882056118972,14.251649643156174,21.044326042292386,118.59345236997333,127.14696343681064,225.2449951171875,133.6009979248047,246.28900146484375,133.48500061035156
80.7,21.705446625857885,14.055410020938995,14.251649643210007,20.939322262236782,118.89446418648932,127.34296258272025,225.54600524902344,133.6020050048828,246.48500061035156,133.48500061035156
80.75,21.718225052030093,14.447882056179516,14.251649643260293,20.837318857729684,119.19646613961861,127.5429595313562,225.84800720214844,133.6020050048828,246.68499755859375,133.48500061035156
80.80000000000001,21.73590098334414,14.05541002099612,14.251649643305981,20.732319220022976,119.49746101266749,127.73896118672361,226.1490020751953,133.6020050048828,246.88099670410156,133.48599243164062
80.85000000000001,21.755666046241725,14.447882056240397,14.251649643344559,20.630315820159964,119.79946296579344,127.93895813536209,226.4510040283203,133.6020050048828,247.08099365234375,133.48599243164062
80.9,21.77229828756564,14.055410021139844,14.25164964339812,20.523322891702676,120.10245674020798,128.13495728127427,226.75399780273438,133.6020050048828,247.27699279785156,133.48599243164062
80.95,21.780433288428444,14.447882056378159,14.251649643452172,20.420327719495205,120.40445869333334,128.33396240862564,227.05599975585938,133.6020050048828,247.4759979248047,133.48599243164062
81.0,21.7758619207742,14.055410021263176,14.251649643503166,20.314341889939683,120.70745246774794,128.53096863461388,227.35899353027344,133.6020050048828,247.67300415039062,133.48599243164062
81.05000000000001,21.75627705146455,14.44788205645903,14.25164964354715,20.211331493482774,121.0094544208739,128.72995850317622,227.66099548339844,133.6020050048828,247.8719940185547,133.48599243164062
81.10000000000001,21.722725815644182,14.05541002125907,14.251646038697322,20.106343251761245,121.31145800264343,128.92696472916447,227.96299743652344,133.60299682617188,248.06900024414062,133.48599243164062
81.15,21.676536861711288,14.447882056523314,14.251646038737757,20.00433998295391,121.61246813448138,129.12596985651584,228.26400756835938,133.60299682617188,248.26800537109375,133.48599243164062
81.2,21.616273387133432,14.05544607030178,14.251649643674034,19.900337864896827,121.91346300753106,129.3229608237125,228.56500244140625,133.60299682617188,248.46499633789062,133.48599243164062
81.25,21.543804790900715,14.447882056703321,14.251649643726415,19.80034875729244,122.21245897921426,129.52196595105883,228.86399841308594,133.60299682617188,248.66400146484375,133.48599243164062
81.30000000000001,21.464280914886007,14.055410021482256,14.251649643775028,19.698339586352724,122.51145495089746,129.71895949249193,229.16299438476562,133.60299682617188,248.86099243164062,133.48699951171875
81.35000000000001,21.38256147790964,14.447882056704493,14.251649643821438,19.600334092096123,122.80846728000238,129.9179646198433,229.4600067138672,133.60299682617188,249.05999755859375,133.48699951171875
81.4,21.302532919226444,14.055410021616357,14.25164964386909,19.500345007299543,123.10546435031738,130.11497084583152,229.7570037841797,133.60299682617188,249.2570037841797,133.48699951171875
81.45,21.226680884980993,14.447882056924836,14.25164964392376,19.40433841363775,123.40046251926435,130.31396071439133,230.052001953125,133.60299682617188,249.45599365234375,133.48699951171875
81.5,21.155618215081144,14.055410021698151,14.251649643967255,19.306348229957802,123.69445360813245,130.50995986030094,230.3459930419922,133.60299682617188,249.65199279785156,133.48699951171875
81.55000000000001,21.088622203183228,14.447882056966519,14.251649644018002,19.212355794306514,123.98845995578905,130.70997206772844,230.63999938964844,133.60299682617188,249.8520050048828,133.48699951171875
81.60000000000001,21.024218281876067,14.055410021841872,14.251649644076284,19.11635538957323,124.28046913869026,130.9059712136406,230.9320068359375,133.60400390625,250.04800415039062,133.48699951171875
81.65,20.95941783184403,14.447882057043282,14.251649644128278,19.025353684484198,124.57146950490124,131.10596816227908,231.22300720214844,133.60400390625,250.2480010986328,133.48699951171875
81.7,20.895625032666377,14.055410021888958,14.251646039286996,18.930354269250856,124.8624698711122,131.30196730819125,231.51400756835938,133.60400390625,250.44400024414062,133.48699951171875
81.75,20.83961022002449,14.44788205714505,14.251646039331169,18.840359658726083,125.15246315724501,131.5019642568272,231.8040008544922,133.60400390625,250.6439971923828,133.48699951171875
81.80000000000001,20.788381330130058,14.055410021913476,14.25164603937429,18.7473591416501,125.44146462208882,131.6979634027368,232.09300231933594,133.60400390625,250.83999633789062,133.48699951171875
81.85000000000001,20.7326892488533,14.447882057188455,14.251646039422686,18.65935713939367,125.7294590068545,131.89796288692358,232.38099670410156,133.60400390625,251.0399932861328,133.48800659179688
81.9,20.668429549308318,14.055410022092584,14.25164603947031,18.568355488401924,126.01646157033107,132.09396203283575,232.66799926757812,133.60400390625,251.23599243164062,133.48800659179688
81.95,20.597725673656182,14.4478820573863,14.251646039516455,18.481366837502254,126.30346413380765,132.29397424026072,232.9550018310547,133.60400390625,251.43600463867188,133.48800659179688
82.0,20.524105271446068,14.055410022148582,14.251646039561498,18.392364082401937,126.58846779591708,132.48997338617033,233.24000549316406,133.60400390625,251.6320037841797,133.48800659179688
82.05000000000001,20.43950541241465,14.447882057390316,14.25164603960388,18.30737432561197,126.87345619923757,132.6899703348088,233.52499389648438,133.60400390625,251.83200073242188,133.48800659179688
82.10000000000001,20.338165118814047,14.055410022272014,14.251646039646895,18.220376806366247,127.15646269794836,132.88596948072097,233.80799865722656,133.60499572753906,252.0279998779297,133.48800659179688
82.15,20.224585369446917,14.447882057547119,14.251646039697278,18.139369572675328,127.4374685573245,133.08596642935692,234.08900451660156,133.60499572753906,252.22799682617188,133.48800659179688
82.2,20.103697986795467,14.05541002236722,14.251646039745106,18.055371693917095,127.71746733662297,133.28196557526653,234.36900329589844,133.60499572753906,252.4239959716797,133.48800659179688
82.25,19.980721489403972,14.447882057692066,14.251646039799805,17.977370408876027,127.99546721455457,133.48196252390247,234.64700317382812,133.60499572753906,252.62399291992188,133.48800659179688
82.30000000000001,19.86001436137814,14.055410022397473,14.251646039848206,17.896393737638345,128.27246001240766,133.6779769286011,234.9239959716797,133.60499572753906,252.82000732421875,133.48800659179688
82.35000000000001,19.74438154240499,14.447882057692658,14.251646039898626,17.821376656966923,128.54746916768215,133.87797633653565,235.19900512695312,133.60499572753906,253.02000427246094,133.48899841308594
82.4,19.63483412991898,14.055410022576595,14.251646039947024,17.744382445323772,128.8204641627998,134.07397548244782,235.4720001220703,133.60499572753906,253.21600341796875,133.48899841308594
82.45,19.530685464613992,14.447882057890896,14.251646039997485,17.672377764697092,129.09246733662803,134.27397243108376,235.74400329589844,133.60499572753906,253.41600036621094,133.48899841308594
82.5,19.42995801593799,14.055410022578691,14.251646040040495,17.59837423853361,129.362471609089,134.46997157699337,236.01400756835938,133.60499572753906,253.61199951171875,133.48899841308594
82.55000000000001,19.329949843652468,14.44788205789407,14.251646040090872,17.528383699751565,129.6314688014718,134.66897670434474,236.2830047607422,133.60499572753906,253.81100463867188,133.48899841308594
82.60000000000001,19.235558420108287,14.055410022750321,14.251646040138704,17.457392835820176,129.89946080602303,134.86596767154393,236.55099487304688,133.6060028076172,254.00799560546875,133.48899841308594
82.65,19.142713673786854,14.447882058094645,14.251646040193458,17.390393003853195,130.16546727574968,135.06497279889277,236.81700134277344,133.6060028076172,254.20700073242188,133.48899841308594
82.7,19.03726895622109,14.055410022813126,14.251646040238048,17.322401384672805,130.43046666539814,135.26197902487846,237.08200073242188,133.6060028076172,254.4040069580078,133.48899841308594
82.75,18.928082054558033,14.447882058075775,14.251646040276421,17.25740043180641,130.69445897496846,135.4609688934408,237.3459930419922,133.6060028076172,254.60299682617188,133.48899841308594
82.80000000000001,18.81464652532987,14.055446071854242,14.251649645222098,17.19239948995896,130.95646764196067,135.657975119429,237.60800170898438,133.6060028076172,254.8000030517578,133.48899841308594
82.85000000000001,18.68666611506968,14.447882058236603,14.251649645276496,17.131389420619833,131.21646214879684,135.85696753637183,237.8679962158203,133.6060028076172,254.99899291992188,133.49000549316406
82.9,18.555552885133416,14.055410023052747,14.251649645324113,17.069394386891727,131.47546483434417,136.05397376236004,238.1269989013672,133.6060028076172,255.1959991455078,133.49000549316406
82.95,18.431748993878195,14.447882058313223,14.251649645366346,17.01240413023568,131.7314615384462,136.25297888970888,238.38299560546875,133.6060028076172,255.39500427246094,133.49000549316406
83.0,18.321913194231577,14.05541002313687,14.251649645422162,16.954391567280787,131.98646642125885,136.44996985690554,238.63800048828125,133.6060028076172,255.5919952392578,133.49000549316406
83.05000000000001,18.237637792198687,14.447882058437267,14.251649645476482,16.899400182907723,132.24046422399329,136.64897498425438,238.89199829101562,133.6060028076172,255.79100036621094,133.49000549316406
83.10000000000001,18.190981967699045,14.055410023239594,14.25164964552541,16.84239469434223,132.49347020543973,136.844974130164,239.14500427246094,133.6060028076172,255.98699951171875,133.49000549316406
83.15,18.196418559632033,14.447882058538518,14.251649645569795,16.78942432106414,132.74646287225474,137.04498633758897,239.3979949951172,133.60699462890625,256.18701171875,133.49000549316406
83.2,18.248905838132366,14.05541002331812,14.251649645620295,16.732403615284422,132.9994688537126,137.24097022470954,239.6510009765625,133.60699462890625,256.38299560546875,133.49000549316406
83.25,18.327854735416256,14.44788205862046,14.251649645674764,16.67841934356713,133.2534666564663,137.44098243213705,239.90499877929688,133.60699462890625,256.5830078125,133.49000549316406
83.30000000000001,18.4101853671487,14.055410023374103,14.251646040826747,16.619399804526868,133.5084715393004,137.63696631926018,240.16000366210938,133.60699462890625,256.77899169921875,133.49000549316406
83.35000000000001,18.4699459533112,14.447882058720952,14.251646040875181,16.563409723752144,133.76446824341792,137.83698098579615,240.41600036621094,133.60699462890625,256.97900390625,133.49099731445312
83.4,18.498495017742965,14.055446072439315,14.251649645813837,16.502391328100074,134.02147202760554,138.03296487291928,240.67300415039062,133.60699462890625,257.17498779296875,133.49099731445312
83.45,18.492842236291505,14.447882058862227,14.251649645868739,16.445416422342262,134.27846055299807,138.23297708034679,240.92999267578125,133.60699462890625,257.375,133.49099731445312
83.5,18.448814507110228,14.055410023637828,14.251649645918835,16.38442856514936,134.53546433717776,138.428991485048,241.18699645996094,133.60699462890625,257.5710144042969,133.49099731445312
83.55000000000001,18.373825925677682,14.447882058898463,14.251649645964955,16.329413940464292,134.7904712085941,138.6289731748949,241.44200134277344,133.60800170898438,257.77099609375,133.49099731445312
83.60000000000001,18.274899145332196,14.055410023694474,14.25164964601044,16.270424981619808,135.04547609141216,138.82498757959354,241.69700622558594,133.60800170898438,257.9670104980469,133.49099731445312
83.65,18.162038590068565,14.447882059041891,14.251649646060779,16.218409119155744,135.297474992788,139.02496926944045,241.94900512695312,133.60800170898438,258.1669921875,133.49099731445312
83.7,18.046838282486398,14.055410023799915,14.251649646108955,16.162426083884366,135.54947389416463,139.2209836741391,242.2010040283203,133.60800170898438,258.3630065917969,133.49099731445312
83.75,17.938520616526798,14.447882059104078,14.251649646157318,16.11341614102281,135.79846682959828,139.42096536398853,242.4499969482422,133.60800170898438,258.56298828125,133.49099731445312
83.80000000000001,17.849307193638204,14.055410023959231,14.251649646215833,16.06042376820462,136.04747504696016,139.61697976868973,242.69900512695312,133.60800170898438,258.7590026855469,133.49099731445312
83.85000000000001,17.792786424737397,14.44788205928561,14.251649646272298,16.013443207422448,136.29446907385844,139.8169919761147,242.9459991455078,133.60800170898438,258.9590148925781,133.49099731445312
83.9,17.775290448358298,14.055410023911076,14.251646041419473,15.962427091754861,136.5414630932979,140.01297845070204,243.1929931640625,133.60800170898438,259.1549987792969,133.49200439453125
83.95,17.79811457863972,14.447882059265712,14.251646041459821,15.91543852554127,136.78847436189287,140.21299065812954,243.44000244140625,133.60899353027344,259.3550109863281,133.49200439453125
84.0,17.849666254934988,14.0554100241013,14.251646041506168,15.863422723539834,137.0364754609974,140.40897454525268,243.68800354003906,133.60899353027344,259.5509948730469,133.49200439453125
84.05000000000001,17.905682875546876,14.447882059427272,14.251646041559047,15.815435140675286,137.2844765604545,140.60898675268018,243.93600463867188,133.60899353027344,259.7510070800781,133.49200439453125
84.10000000000001,17.945714384901045,14.055410024229245,14.251646041612526,15.762427562591208,137.53346948124766,140.80497063980332,244.18499755859375,133.60899353027344,259.9469909667969,133.49200439453125
84.15,17.95507512803595,14.447882059483515,14.251646041656688,15.711434098540847,137.78346948197193,141.00397576715216,244.43499755859375,133.60899353027344,260.14599609375,133.49200439453125
84.2,17.925626609946853,14.055410024303256,14.251646041707023,15.659418333461904,138.03247766120595,141.2009667343488,244.6840057373047,133.60899353027344,260.3429870605469,133.49200439453125
84.25,17.858017724068482,14.447882059588151,14.25164604175543,15.610423733347334,138.28047876016805,141.39997186170018,244.9320068359375,133.60899353027344,260.5419921875,133.49200439453125
84.30000000000001,17.75657092154599,14.055410024408765,14.251646041800381,15.56046021122179,138.52747483200812,141.59699334647743,245.1790008544922,133.61000061035156,260.739013671875,133.49200439453125
84.35000000000001,17.62920152715486,14.447882059787164,14.251646041850538,15.513433979539247,138.77347702936746,141.79596795624823,245.4250030517578,133.61000061035156,260.93798828125,133.49200439453125
84.4,17.489774623875057,14.055410024434039,14.251646041902836,15.466445996198939,139.01748032530963,141.9929919374594,245.66900634765625,133.61000061035156,261.135009765625,133.4929962158203
84.45,17.352217148643675,14.447882059749798,14.251646041951243,15.424455013580863,139.25847763978308,142.19199706480825,245.91000366210938,133.61000061035156,261.3340148925781,133.4929962158203
84.5,17.227261336772496,14.055410024455414,14.251646041986657,15.381456986616184,139.4984678741679,142.3889880320049,246.14999389648438,133.61000061035156,261.531005859375,133.4929962158203
84.55000000000001,17.12847704575316,14.447882059829972,14.251646042026925,15.341449602252995,139.7374815460502,142.58799315935374,246.38900756835938,133.61000061035156,261.7300109863281,133.4929962158203
84.60000000000001,17.077177750763543,14.055410024494629,14.251646042053462,15.301442223968696,139.9744810577772,142.7849841265504,246.62600708007812,133.61000061035156,261.927001953125,133.4929962158203
84.65,17.07307333780439,14.447882059911056,14.251646042096217,15.263448952764149,140.21148056950977,142.98398925390177,246.86300659179688,133.61000061035156,262.1260070800781,133.4929962158203
84.7,17.09344957997872,14.055410024706722,14.251646042136565,15.22144274412703,140.44947190253527,143.1799731410249,247.1009979248047,133.61000061035156,262.3219909667969,133.4929962158203
84.75,17.12574255728798,14.447882060111864,14.251646042188934,15.18445653485687,140.68647141427365,143.37998534844988,247.33799743652344,133.61000061035156,262.5220031738281,133.4929962158203
84.80000000000001,17.164694288547278,14.055410024811128,14.251646042229172,15.142435080811085,140.92447800608906,143.57596923557045,247.5760040283203,133.61000061035156,262.7179870605469,133.4929962158203
84.85000000000001,17.205122306979867,14.447882060133239,14.251646042263781,15.103457757698331,141.16347847716477,143.77598144299796,247.81500244140625,133.61099243164062,262.9179992675781,133.4929962158203
84.9,17.24148193672521,14.055446073830936,14.25164964720347,15.06046720781448,141.40247689026208,143.9719984347631,248.0540008544922,133.61099243164062,263.114013671875,133.49400329589844
84.95,17.26372929077651,14.447882060333079,14.2516496472618,15.020444614895139,141.64248238343342,144.17198012461,248.29400634765625,133.61099243164062,263.3139953613281,133.49400329589844
85.0,17.267222633612597,14.055410025006994,14.251649647316958,14.976470122600311,141.8824726178108,144.36799452930865,248.53399658203125,133.61099243164062,263.510009765625,133.49400329589844
85.05000000000001,17.252677785173592,14.447882060354813,14.251649647369442,14.936447543320037,142.12247811097546,144.56797621915808,248.7740020751953,133.61099243164062,263.7099914550781,133.49400329589844
85.10000000000001,17.215238447226916,14.055410025153027,14.251649647435283,14.893464856822353,142.3614765240614,144.76399062385929,249.01300048828125,133.61099243164062,263.906005859375,133.49400329589844
85.15,17.156126839305088,14.447882060452084,14.251649647489387,14.854449340088168,142.6004749371483,144.96397231370872,249.2519989013672,133.61099243164062,264.1059875488281,133.49400329589844
85.2,17.078005450636017,14.055410025151687,14.251649647533881,14.813465507272507,142.83747444887004,145.15998671840993,249.48899841308594,133.61099243164062,264.302001953125,133.49400329589844
85.25,16.98472977514679,14.447882060515388,14.251649647574235,14.77647935895458,143.07447396059342,145.3599989258349,249.7259979248047,133.61099243164062,264.50201416015625,133.49400329589844
85.30000000000001,16.884074382273717,14.055410025293796,14.251649647622504,14.737463861407834,143.30947457095098,145.55598281295548,249.96099853515625,133.61099243164062,264.697998046875,133.49400329589844
85.35000000000001,16.78258986745917,14.447882060637296,14.251649647672906,14.704483448067036,143.5424784563322,145.75599502038298,250.19400024414062,133.61199951171875,264.89801025390625,133.49400329589844
85.4,16.693202326445373,14.055446074315263,14.251649647721337,14.667458875228803,143.7754801653206,145.9519814171593,250.427001953125,133.61199951171875,265.093994140625,133.4949951171875
85.45,16.63135443883803,14.447882060837994,14.251649647771828,14.636469262792426,144.00648297293932,146.15199362458426,250.6580047607422,133.61199951171875,265.29400634765625,133.4949951171875
85.5,16.606945877618156,14.055410025455402,14.251649647816668,14.60145146352337,144.23748578055654,146.34797751170484,250.88900756835938,133.61199951171875,265.489990234375,133.4949951171875
85.55000000000001,16.622678666001207,14.44788206079861,14.251649647861049,14.57047711834871,144.46847332938594,146.54798971913235,251.1199951171875,133.61199951171875,265.69000244140625,133.4949951171875
85.60000000000001,16.671818513694703,14.055410025574405,14.251649647903188,14.535459329274897,144.69947613700867,146.74397360625548,251.3509979248047,133.61199951171875,265.885986328125,133.4949951171875
85.65,16.742882958457248,14.447882060875353,14.251649647945513,14.503477945875282,144.9314707659247,146.94398581368046,251.58299255371094,133.61199951171875,266.08599853515625,133.4949951171875
85.7,16.825285642515027,14.055410025671499,14.251649647997493,14.46649184787739,145.16447247492195,147.1400002183791,251.8159942626953,133.61199951171875,266.2820129394531,133.4949951171875
85.75,16.905891022400336,14.447882061080904,14.251649648054046,14.431458816888005,145.39848126399718,147.3389748281524,252.0500030517578,133.61199951171875,266.4809875488281,133.4949951171875
85.80000000000001,16.98123841622268,14.055410025837741,14.25164964810844,14.39248915393887,145.63447369564707,147.53599631292965,252.28599548339844,133.61199951171875,266.6780090332031,133.4949951171875
85.85000000000001,17.04719077907702,14.447882061178342,14.251649648162546,14.35549605992209,145.87048353475384,147.73500144028102,252.52200317382812,133.61300659179688,266.87701416015625,133.4949951171875
85.9,17.08632269462753,14.055410025895966,14.251646043320616,14.315488870654386,146.10748304647518,147.9319924074802,252.75900268554688,133.61300659179688,267.0740051269531,133.4949951171875
85.95,17.08895082470844,14.447882061242899,14.251646043361106,14.276495703817982,146.34547437948314,148.13100008301666,252.9969940185547,133.61300659179688,267.27301025390625,133.49600219726562
86.0,17.05446230228735,14.055410026006099,14.251646043416173,14.236488506318082,146.58247389120257,148.32799105021584,253.23399353027344,133.61300659179688,267.4700012207031,133.49600219726562
86.05000000000001,16.98984204090616,14.447882061401499,14.25164604347646,14.199487195819675,146.81848158163623,148.52699617756468,253.47000122070312,133.61300659179688,267.66900634765625,133.49600219726562
86.10000000000001,16.90304653209185,14.055410026008243,14.251646043519845,14.160487058693207,147.05447401328516,148.72398714476134,253.70599365234375,133.61300659179688,267.8659973144531,133.49600219726562
86.15,16.803038236668357,14.447882061404533,14.251646043572762,14.126491640008178,147.2874757222812,148.9229922721127,253.93899536132812,133.61300659179688,268.06500244140625,133.49600219726562
86.2,16.701122809102966,14.055410026166077,14.25164604362222,14.090490406964655,147.5204795422167,149.1199832393119,254.1719970703125,133.61399841308594,268.2619934082031,133.49600219726562
86.25,16.60654935107579,14.44788206158182,14.25164604367231,14.058493850829985,147.75148234984306,149.31898836666073,254.4029998779297,133.61399841308594,268.46099853515625,133.49600219726562
86.30000000000001,16.525513129902002,14.055410026240141,14.25164604371255,14.024513727429222,147.98147807738798,149.51500277135938,254.63299560546875,133.61399841308594,268.6570129394531,133.49600219726562
86.35000000000001,16.46416990698057,14.447882061626169,14.25164604375733,13.99549254000224,148.21048198364048,149.71498446120881,254.86199951171875,133.61399841308594,268.85699462890625,133.49600219726562
86.4,16.41974563133892,14.055446075311155,14.25164964869885,13.963511257431202,148.4384788098128,149.91099886591002,255.08999633789062,133.61399841308594,269.0530090332031,133.49600219726562
86.45,16.379425804929767,14.447882061844936,14.251649648759056,13.935488760231841,148.66647563598468,150.11098301524066,255.3179931640625,133.61399841308594,269.25299072265625,133.4969940185547
86.5,16.333274643840358,14.055410026431602,14.251649648801607,13.904499254438177,148.89348064086758,150.3069974199393,255.5449981689453,133.61399841308594,269.4490051269531,133.4969940185547
86.55000000000001,16.27318971414322,14.447882061828375,14.251649648844296,13.877476897654152,149.12048564575042,150.50697910978874,255.77200317382812,133.61399841308594,269.64898681640625,133.4969940185547
86.60000000000001,16.20266605588104,14.055410026549506,14.251649648898422,13.8485014892983,149.34547649047698,150.70299351448995,255.9969940185547,133.61399841308594,269.8450012207031,133.4969940185547
86.65,16.13448213290834,14.447882061946109,14.25164964895258,13.824500272290546,149.56949077270363,150.90300572191492,256.22100830078125,133.61399841308594,270.0450134277344,133.4969940185547
86.7,16.081957163888898,14.055410026571986,14.25164964899317,13.796494718543123,149.79349206000182,151.0989896090355,256.44500732421875,133.61500549316406,270.2409973144531,133.4969940185547
86.75,16.04901704545911,14.447882061969354,14.251649649031924,13.77351582431098,150.01648400336128,151.299001816463,256.6679992675781,133.61500549316406,270.4410095214844,133.4969940185547
86.80000000000001,16.03616649099108,14.055410026711156,14.251649649079024,13.74650876096819,150.2394759467214,151.49498570358614,256.8909912109375,133.61500549316406,270.6369934082031,133.4969940185547
86.85000000000001,16.052005695320798,14.447882062106927,14.251649649127103,13.723499356428366,150.4624984076611,151.69499791101111,257.114013671875,133.61500549316406,270.8370056152344,133.4969940185547
86.9,16.095097878453366,14.055410026768442,14.251646044272832,13.696492300345367,150.68549035102544,151.8909817981317,257.3370056152344,133.61500549316406,271.0329895019531,133.4969940185547
86.95,16.156334677534314,14.447882062191637,14.2516460443075,13.672497720582603,150.9094893744711,152.09099654091406,257.5610046386719,133.61500549316406,271.2330017089844,133.4980010986328
87.0,16.227038610553947,14.055446075807456,14.251649649245087,13.643476568751506,151.13449547799578,152.2869804280372,257.7860107421875,133.61500549316406,271.4289855957031,133.4980010986328
87.05000000000001,16.299613665116475,14.447882062391715,14.251649649301422,13.617507066624007,151.36047814402045,152.48699263546217,258.0119934082031,133.61500549316406,271.6289978027344,133.4980010986328
87.10000000000001,16.368158090398655,14.055410027008108,14.25164964934728,13.586502354386832,151.58749840769946,152.68300704016082,258.239013671875,133.61500549316406,271.82501220703125,133.4980010986328
87.15,16.421834914081067,14.447882062391715,14.251649649391842,13.558488258701137,151.81549523387568,152.88298873000772,258.4670104980469,133.61500549316406,272.0249938964844,133.4980010986328
87.2,16.443505462130844,14.055410027131716,14.251649649447817,13.52650703051305,152.04349206004883,153.07900313470637,258.69500732421875,133.61500549316406,272.22100830078125,133.4980010986328
87.25,16.41791075035547,14.447882062534713,14.251649649504353,13.49850157759353,152.2714910434982,153.2789848245558,258.9230041503906,133.61599731445312,272.4209899902344,133.4980010986328
87.30000000000001,16.34623352662982,14.05541002714957,14.251649649548195,13.466520380553682,152.49948786967298,153.474999229257,259.1510009765625,133.61599731445312,272.61700439453125,133.4980010986328
87.35000000000001,16.243166281713876,14.447882062595344,14.251649649597038,13.439513362815967,152.7255010532761,153.67400435660838,259.37701416015625,133.61599731445312,272.8160095214844,133.4980010986328
87.4,16.132825737564982,14.055446076111645,14.251653254531359,13.411529824523788,152.95047663922728,153.87099532380756,259.60198974609375,133.61599731445312,273.01300048828125,133.4980010986328
87.45,16.03584217270869,14.447882062675713,14.251653254579768,13.38750471671133,153.17349910017768,154.07000292271175,259.82501220703125,133.61599731445312,273.2120056152344,133.49899291992188
87.5,15.947390181160037,14.055410027397299,14.251649649738752,13.362511776590878,153.39548396346777,154.26699388991094,260.0469970703125,133.61599731445312,273.40899658203125,133.49899291992188
87.55000000000001,15.861925101109065,14.44788206285359,14.251649649784937,13.340509447675,153.61649226425487,154.46599901725978,260.26800537109375,133.61599731445312,273.6080017089844,133.49899291992188
87.60000000000001,15.797593267149326,14.055410027493844,14.251649649833514,13.318507121534216,153.83548640488243,154.66298998445643,260.48699951171875,133.61599731445312,273.80499267578125,133.49899291992188
87.65,15.756049484361384,14.447882062877447,14.251649649882086,13.298518880399248,154.05448054550783,154.8619951118078,260.70599365234375,133.61599731445312,274.0039978027344,133.49899291992188
87.7,15.727321955125557,14.055410027593851,14.251649649928297,13.276516559626238,154.27347468613286,155.05898607900698,260.92498779296875,133.61599731445312,274.20098876953125,133.49899291992188
87.75,15.71670126306926,14.4478820630148,14.251649649976304,13.257513774108837,154.49149459022902,155.25799120635583,261.14300537109375,133.61700439453125,274.3999938964844,133.49899291992188
87.80000000000001,15.725449137989768,14.05541002766962,14.251649650028307,13.23551147346492,154.71048873085627,155.45498217355248,261.36199951171875,133.61700439453125,274.59698486328125,133.49899291992188
87.85000000000001,15.750937446820142,14.447882063160161,14.25164965008479,13.216530295511845,154.92847579140727,155.65398730090385,261.5799865722656,133.61700439453125,274.7959899902344,133.49899291992188
87.9,15.78801804498651,14.05541002781795,14.251646045255418,13.193520960500736,155.14750044961593,155.85000170560505,261.79901123046875,133.61700439453125,274.99200439453125,133.49899291992188
87.95,15.825026551193666,14.447882063177559,14.251646045305602,13.173502231347108,155.36750167032466,156.04998339545196,262.0190124511719,133.61700439453125,275.1919860839844,133.49899291992188
88.0,15.845402790808713,14.055410027804395,14.25164604534631,13.149507379610828,155.5875028910318,156.24600038721454,262.239013671875,133.61700439453125,275.38800048828125,133.5
88.05000000000001,15.838598131166975,14.447882063281588,14.251646045389112,13.129519158485115,155.80750411173625,156.44601259464204,262.4590148925781,133.61700439453125,275.5880126953125,133.5
88.10000000000001,15.800618046184278,14.055410027984134,14.25164604543814,13.105533296291698,156.02747481486125,156.64199648176518,262.6789855957031,133.61700439453125,275.78399658203125,133.5
88.15,15.733982506628179,14.447882063439645,14.251646045494358,13.086521603959865,156.24649947306534,156.84200868919015,262.89801025390625,133.61700439453125,275.9840087890625,133.5
88.2,15.645710764420114,14.055410027966094,14.251646045531583,13.065526350757874,156.4634794535377,157.03799257631073,263.114990234375,133.61700439453125,276.17999267578125,133.5
88.25,15.545161791118435,14.447882063423082,14.251646045572414,13.048537673467548,156.68049221808104,157.23800478373823,263.3320007324219,133.6179962158203,276.3800048828125,133.5
88.30000000000001,15.448933535273095,14.055410028123974,14.251646045617852,13.029526000790543,156.89548855597846,157.43398867086137,263.5469970703125,133.6179962158203,276.57598876953125,133.5
88.35000000000001,15.38427725369561,14.447882063580094,14.251646045659845,13.015549523789947,157.10947781379517,157.63400087828634,263.760986328125,133.6179962158203,276.7760009765625,133.5
88.4,15.365954107790289,14.055410028237342,14.251646045701785,12.998521415904667,157.32249050910823,157.82998476540692,263.9739990234375,133.6179962158203,276.97198486328125,133.5
88.45,15.388958466737764,14.447882063725377,14.251646045756567,12.98454494164652,157.5364797669213,158.0299969728319,264.18798828125,133.6179962158203,277.1719970703125,133.5
88.5,15.444757030308562,14.055410028308195,14.251646045806947,12.96653118966971,157.75049954231656,158.22601396459447,264.4020080566406,133.6179962158203,277.3680114746094,133.50100708007812
88.55000000000001,15.5165424264177,14.447882063786096,14.251646045857399,12.951517153089144,157.96549588021676,158.42599565444138,264.61700439453125,133.6179962158203,277.5679931640625,133.50100708007812
88.60000000000001,15.594662128627998,14.05541002839011,14.251646045897996,12.931528956159426,158.18149929819683,158.62201005914002,264.8330078125,133.6179962158203,277.7640075683594,133.50100708007812
88.65,15.68120524826769,14.447882063846345,14.251646045938667,12.913524322949668,158.3994863587549,158.82199174898693,265.0509948730469,133.6179962158203,277.9639892578125,133.50100708007812
88.7,15.760765183205011,14.055410028411503,14.251646045983208,12.89152205360226,158.61750393688962,159.01800615368558,265.2690124511719,133.6179962158203,278.1600036621094,133.50100708007812
88.75,15.81861854021751,14.447882063887072,14.251646046029606,12.871503348013551,158.83750515759806,159.217987843535,265.489013671875,133.6179962158203,278.3599853515625,133.50100708007812
88.80000000000001,15.851198176063317,14.055410028588431,14.25164604607605,12.847526734144456,159.05750868330142,159.41400224823622,265.7090148925781,133.61900329589844,278.5559997558594,133.50100708007812
88.85000000000001,15.848642134828541,14.447882064065137,14.251646046124554,12.82756908117223,159.27747938642645,159.6140144556612,265.9289855957031,133.61900329589844,278.7560119628906,133.50100708007812
88.9,15.808933409288482,14.05541002870523,14.251646046171345,12.803552765206991,159.49748060713088,159.80999834278177,266.14898681640625,133.61900329589844,278.9519958496094,133.50100708007812
88.95,15.739202813826433,14.447882064149882,14.251646046213796,12.783534085480587,159.71650526533963,160.00900347013314,266.3680114746094,133.61900329589844,279.1510009765625,133.50100708007812
89.0,15.650750818626875,14.055446077737072,14.251649651156683,12.76252975626218,159.93449232589654,160.20599693415554,266.58599853515625,133.61900329589844,279.3479919433594,133.5019989013672
89.05000000000001,15.55405391694298,14.447882064266839,14.251649651204758,12.745532180568958,160.15049574387743,160.40500206150438,266.802001953125,133.61900329589844,279.5469970703125,133.5019989013672
89.10000000000001,15.46243304375519,14.05541002884286,14.251649651250034,12.727527569231794,160.3654920817795,160.60199302870103,267.0169982910156,133.61900329589844,279.7439880371094,133.5019989013672
89.15,15.38492618594515,14.447882064290416,14.25164965129444,12.711537034889869,160.58048841967792,160.8009981560524,267.23199462890625,133.61900329589844,279.9429931640625,133.5019989013672
89.2,15.321025220384035,14.05541002898898,14.251649651352187,12.695546502231315,160.7935011149943,160.99801964082965,267.44500732421875,133.61900329589844,280.1400146484375,133.5019989013672
89.25,15.265369149214285,14.447882064367576,14.251649651400237,12.682516050373916,161.0055067302302,161.19699425060045,267.6570129394531,133.61900329589844,280.3389892578125,133.5019989013672
89.30000000000001,15.223358443201093,14.055410029072078,14.251649651448602,12.66757227403566,161.2174841482161,161.39401573537518,267.8689880371094,133.6199951171875,280.5360107421875,133.5019989013672
89.35000000000001,15.205285932408792,14.447882064512083,14.251649651493295,12.655548870403518,161.4284826833724,161.59299034514598,268.0799865722656,133.6199951171875,280.7349853515625,133.5019989013672
89.4,15.210001468816738,14.05541002917093,14.251649651539864,12.641572427817696,161.6394812185298,161.7900118299207,268.2909851074219,133.6199951171875,280.9320068359375,133.5019989013672
89.45,15.23408557993061,14.447882064634637,14.251649651588338,12.629549026338793,161.8505102712673,161.98901695727207,268.50201416015625,133.6199951171875,281.1310119628906,133.5019989013672
89.5,15.272462224454069,14.055446078169588,14.25164965163159,12.613549133476415,162.0624853689285,162.185003431862,268.7139892578125,133.6199951171875,281.3269958496094,133.5030059814453
89.55000000000001,15.312926261884725,14.447882064794749,14.25164965168438,12.600549204971172,162.275498064247,162.38501563928696,268.927001953125,133.6199951171875,281.5270080566406,133.5030059814453
89.60000000000001,15.338629138929935,14.055410029372647,14.251649651737358,12.583521131323824,162.4885107595639,162.58099952640754,269.1400146484375,133.6199951171875,281.7229919433594,133.5030059814453
89.65,15.338126170620669,14.44788206483636,14.251649651791954,12.570551721753453,162.70149293730026,162.78101173383504,269.3529968261719,133.6199951171875,281.9230041503906,133.5030059814453
89.7,15.313357152118162,14.055410029472569,14.251649651840314,12.5535236516174,162.91450563261287,162.97699562095818,269.5660095214844,133.6199951171875,282.1189880371094,133.5030059814453
89.75,15.27116619666802,14.447882064973399,14.251649651900895,12.54153076474071,163.12651124784747,163.17700782838315,269.77801513671875,133.6199951171875,282.3190002441406,133.5030059814453
89.80000000000001,15.211261503156278,14.055410029566955,14.251649651950382,12.525580213302788,163.33848873777814,163.3730222330818,269.989990234375,133.62100219726562,282.5150146484375,133.5030059814453
89.85000000000001,15.1363089560619,14.447882065076852,14.251649652006858,12.5155403759888,163.5485107104377,163.5730039229287,270.20001220703125,133.62100219726562,282.7149963378906,133.5030059814453
89.9,15.059593447727082,14.055410029710265,14.251649652060792,12.501563947088679,163.7585021655201,163.76901832762735,270.4100036621094,133.62100219726562,282.9110107421875,133.5030059814453
89.95,14.992166549777172,14.447882065179638,14.251649652115294,12.493538181796037,163.96650997802368,163.9690000174768,270.6180114746094,133.62100219726562,283.1109924316406,133.5030059814453
90.0,14.934529508738034,14.055410029792206,14.251646047277555,12.481575825228234,164.17448727294772,164.165014422178,270.82598876953125,133.62100219726562,283.3070068359375,133.5030059814453
90.05000000000001,14.89561385660793,14.252942539607655,14.232152094758845,12.471557162861044,164.3814880053703,164.3620078857994,271.0329895019531,133.62100219726562,283.5039978027344,133.50399780273438
