Time (s),Ego Speed (km/h),Lead Speed (km/h),Smoothed Lead Speed (km/h),Distance Between (m),Ego Distance Covered (m),Lead Vehicle Distance Covered (m),Ego X (m),Ego Y (m),Lead X (m),Lead Y (m)
0.0,8.808552074432374,7.056000137329102,7.056000137329102,9.015254526758484,0.0,0.0,107.0,133.0,116.0,133.42100524902344
0.05,8.174808311532782,8.820000171661377,7.938000154495239,9.015785464101704,0.1276656985282898,0.11269998550415039,107.0,133.0,116.0,133.42100524902344
0.1,4.181039857877098,10.584000205993652,8.820000171661377,9.013830173041587,0.20566119998693466,0.2498999983072281,107.0,133.0,116.0,133.42100524902344
0.15000000000000002,1.8218554973675525,10.747439861297629,9.30186009407044,9.011085458265146,0.24264910072088242,0.40529029071331024,107.0,133.0,116.0,133.42100524902344
0.2,0.4834548175368052,7.768655776977541,8.995219230651859,9.00992372283533,0.2559195011854172,0.5298077911138535,107.0,133.0,116.0,133.42100524902344
0.25,0.2289596378813655,4.894812154769908,8.311818051338202,9.009953701691135,0.25616440176963806,0.6134719923138618,107.0,133.0,116.0,133.42100524902344
0.30000000000000004,0.566733598709197,0.2858883509983007,7.165256665575358,9.010195779043668,0.2624727040529251,0.6421069949865341,107.0,133.0,116.0,133.42100524902344
0.35000000000000003,0.6878411829473824,1.260133334573056,6.42711624920007,9.010213165721495,0.2715299017727375,0.6545456035350496,107.0,133.0,116.0,133.4219970703125
0.4,0.6899652242660608,1.8184629641215373,5.915043661969122,9.010113207901973,0.2811941020190716,0.6770526079748804,107.0,133.0,116.0,133.4219970703125
0.45,0.6322392046452839,2.026972871978765,5.526236582970086,9.010003010204759,0.2903391011059284,0.7043768076513941,107.0,133.0,116.0,133.4219970703125
0.5,0.5494175791745403,1.968872116568315,5.017523780894008,9.009878206062185,0.29844460263848305,0.732339098321896,107.0,133.0,116.0,133.42100524902344
0.55,0.461062824727308,1.7295322139274503,4.308476985120615,9.009844324363293,0.3053380008786917,0.7578968994493298,107.0,133.0,116.0,133.42100524902344
0.6000000000000001,0.377470788360102,1.387140070533253,3.3887909715745748,9.009845672538676,0.3110362011939287,0.7791989997203164,107.0,133.0,116.0,133.42100524902344
0.65,0.30337991416466414,1.0069669496472946,2.4147436804095412,9.009864080490551,0.315649401396513,0.7953645896340422,107.0,133.0,116.0,133.42100524902344
0.7000000000000001,0.24037235677247765,0.6386228281153604,1.7017403855233233,9.00988320627897,0.3193254014477134,0.806293399276834,107.0,133.0,116.0,133.42100524902344
0.75,0.18829439878467422,0.3157472793040423,1.2438338979767365,9.009893701302872,0.32221814058721066,0.8124450996691994,107.0,133.0,116.0,133.42100524902344
0.8,0.146129764616587,0.05750396858834732,1.2209954597357413,9.009893447707922,0.32447159104049206,0.81462389903019,107.0,133.0,116.0,133.42100524902344
0.8500000000000001,0.11253203899103786,0.12993203008830007,1.1079753292872656,9.00988509628342,0.3262123907916248,0.8154524985874705,107.0,133.0,116.0,133.42100524902344
0.9,0.08609508052469039,0.24809026433017028,0.9509380593081289,9.009873047971224,0.32754780096001923,0.8183074977422766,107.0,133.0,116.0,133.42100524902344
0.9500000000000001,0.06549983918692329,0.3060045080110389,0.7788412229113563,9.009861208009333,0.3285661010304466,0.8222958978439383,107.0,133.0,116.0,133.42100524902344
1.0,0.04958892166798319,0.31578104382813627,0.6135321156373384,9.009851926505513,0.3293385710567236,0.8266769984910898,107.0,133.0,116.0,133.42100524902344
1.05,0.03738600052893758,0.2907933105346151,0.46965822529805495,9.009845935497886,0.3299219559994526,0.8308912284846119,107.0,133.0,116.0,133.42100524902344
1.1,0.02807701192798291,0.24392635226663864,0.35533685347139354,9.009842834391133,0.33036083698971197,0.8345631782139353,107.0,133.0,116.0,133.42100524902344
1.1500000000000001,0.021016908064640044,0.18643074620960082,0.2732832331276242,9.009888109881496,0.33068973998888396,0.8376477442325039,107.0,133.0,116.0,133.4219970703125
1.2000000000000002,0.0,0.12728264385513025,0.22214921470160118,9.009888006856421,0.33068973998888396,0.8397467073627694,107.0,133.0,116.0,133.4219970703125
1.25,0.005309027899059518,0.07293911418952835,0.19786839819014979,9.009888249314061,0.3309486439975444,0.8410572044194622,107.0,133.0,116.0,133.4219970703125
1.3,0.006698664044964284,0.027445366237740857,0.19486253795508915,9.009888449545397,0.33103584800846875,0.8416822843828184,107.0,133.0,116.0,133.4219970703125
1.35,0.006821676017716773,0.0072450133048761025,0.18259383627674675,9.009888507737738,0.3311309479759075,0.8417633043245358,107.0,133.0,116.0,133.4219970703125
1.4000000000000001,0.0063052560668533575,0.030857520856162612,0.16087056192934596,9.009888436250339,0.3312218519859016,0.8420720943358673,107.0,133.0,116.0,133.4219970703125
1.4500000000000002,0.0055090800393375,0.0,0.13027011112824208,9.009888462231245,0.33130291500128806,0.8420720943358673,107.0,133.0,116.0,133.4219970703125
1.5,0.004639608040461788,0.0,0.09869200674542844,9.009888485012029,0.3313721899758093,0.8420720943358673,107.0,133.0,116.0,133.4219970703125
1.55,0.0038101680113206016,0.0,0.06961267569196693,9.00988850429497,0.3314296010066755,0.8420720943358673,107.0,133.0,116.0,133.4219970703125
1.6,0.003065529582514143,0.0,0.04522004046530307,9.009888520220937,0.3314762159716338,0.8420720943358673,107.0,133.0,116.0,133.4219970703125
1.6500000000000001,0.0008350487815623117,0.0,0.026576965844342985,9.009888524959532,0.3314899510005489,0.8420720943358673,107.0,133.0,116.0,133.4219970703125
1.7000000000000002,0.0012986604357986058,0.0,0.013848701458829962,9.009888530485066,0.33150589105207473,0.8420720943358673,107.0,133.0,116.0,133.4219970703125
1.75,0.0014158260310333595,0.0,0.006554790039877127,9.009888537216483,0.3315252009779215,0.8420720943358673,107.0,133.0,116.0,133.4219970703125
1.8,0.001361106035491842,0.0,0.0038102534161030418,9.009888543985843,0.3315445010084659,0.8420720943358673,107.0,133.0,116.0,133.4219970703125
1.85,0.0012116700064161263,0.0,0.0030857520856154316,9.009888550230354,0.3315622010268271,0.8420720943358673,107.0,133.0,116.0,133.4219970703125
1.9000000000000001,0.0010339847650940907,0.0,0.0,9.009888555680995,0.33157757099252194,0.8420720943358673,107.0,133.0,116.0,133.4219970703125
1.9500000000000002,0.0008591147970894573,0.0,0.0,9.009888560286699,0.3315905010094866,0.8420720943358673,107.0,133.0,116.0,133.4219970703125
2.0,0.0006969779865759898,0.0,0.0,9.00988856405122,0.3316010310081765,0.8420720943358673,107.0,133.0,116.0,133.4219970703125
2.0500000000000003,0.00010322675904199158,0.0,0.0,9.009888566061864,0.33160664094612,0.8420720943358673,107.0,133.0,116.0,133.4219970703125
2.1,0.00024229295467213764,0.0,0.0,9.009888567048726,0.33160939102526754,0.8420720943358673,107.0,133.0,116.0,133.4219970703125
2.15,0.0002910744000387739,0.0,0.0,9.0098885684174,0.33161320094950497,0.8420720943358673,107.0,133.0,116.0,133.4219970703125
2.2,0.0002897697532645664,0.0,0.0,9.00988856988488,0.33161728095728904,0.8420720943358673,107.0,133.0,116.0,133.4219970703125
2.25,0.00026652925035302954,0.0,0.0,9.009888571274844,0.3316211410565302,0.8420720943358673,107.0,133.0,116.0,133.4219970703125
2.3000000000000003,0.00022917923546000475,0.0,0.0,9.009888572496974,0.33162453095428646,0.8420720943358673,107.0,133.0,116.0,133.4219970703125
2.35,0.0001927908105521823,0.0,0.0,9.009888573543513,0.3316274309763685,0.8420720943358673,107.0,133.0,116.0,133.4219970703125
2.4000000000000004,0.00015715727952928638,0.0,0.0,9.00988857439935,0.33162980095949024,0.8420720943358673,107.0,133.0,116.0,133.4219970703125
2.45,0.00012818376423511993,0.0,0.0,9.00988857510051,0.3316317410208285,0.8420720943358673,107.0,133.0,116.0,133.4219970703125
2.5,4.246487939972008e-05,0.0,0.0,9.00988857510051,0.3316317410208285,0.8420720943358673,107.0,133.0,116.0,133.4219970703125
2.5500000000000003,5.904576989766181e-05,0.0,0.0,9.009888575501805,0.3316328510409221,0.8420720943358673,107.0,133.0,116.0,133.4219970703125
2.6,6.103657353633305e-05,0.0,0.0,9.009888575501805,0.3316328510409221,0.8420720943358673,107.0,133.0,116.0,133.4219970703125
2.6500000000000004,5.9217118161400985e-05,0.0,0.0,9.009888576095033,0.3316344909835607,0.8420720943358673,107.0,133.0,116.0,133.4219970703125
2.7,5.2385762574475944e-05,0.0,0.0,9.009888576095033,0.3316344909835607,0.8420720943358673,107.0,133.0,116.0,133.4219970703125
2.75,4.6240922558758524e-05,0.0,0.0,9.009888576605293,0.33163590100593865,0.8420720943358673,107.0,133.0,116.0,133.4219970703125
2.8000000000000003,3.6251282339470186e-05,0.0,0.0,9.009888576605293,0.33163590100593865,0.8420720943358673,107.0,133.0,116.0,133.4219970703125
2.85,2.8698963903187738e-05,0.0,0.0,9.009888576605293,0.33163590100593865,0.8420720943358673,107.0,133.0,116.0,133.4219970703125
2.9000000000000004,5.595885684207319e-06,0.0,0.0,9.009888577017975,0.33163704094477,0.8420720943358673,107.0,133.0,116.0,133.4219970703125
2.95,8.959825990493803e-06,0.0,0.0,9.009888577017975,0.33163704094477,0.8420720943358673,107.0,133.0,116.0,133.4219970703125
3.0,1.0641932606312013e-05,0.0,0.0,9.009888577017975,0.33163704094477,0.8420720943358673,107.0,133.0,116.0,133.4219970703125
3.0500000000000003,1.009332064115358e-05,0.0,0.0,9.009888577017975,0.33163704094477,0.8420720943358673,107.0,133.0,116.0,133.4219970703125
3.1,5.939746514089934e-06,0.0,0.0,9.009888577017975,0.33163704094477,0.8420720943358673,107.0,133.0,116.0,133.4219970703125
3.1500000000000004,6.968827339646222e-06,0.0,0.0,9.009888577017975,0.33163704094477,0.8420720943358673,107.0,133.0,116.0,133.4219970703125
3.2,6.523659764556755e-06,0.0,0.0,9.009888577017975,0.33163704094477,0.8420720943358673,107.0,133.0,116.0,133.4219970703125
3.25,3.3664727534212033e-06,0.0,0.0,9.009888577391,0.3316380709875375,0.8420720943358673,107.0,133.0,116.0,133.4219970703125
3.3000000000000003,0.0,0.0,0.0,9.009888577391,0.3316380709875375,0.8420720943358673,107.0,133.0,116.0,133.4219970703125
3.35,3.0895956034497722e-06,0.0,0.0,9.009888577391,0.3316380709875375,0.8420720943358673,107.0,133.0,116.0,133.4219970703125
3.4000000000000004,6.179184156951284e-06,0.0,0.0,9.009888577391,0.3316380709875375,0.8420720943358673,107.0,133.0,116.0,133.4219970703125
3.45,6.351674798698601e-06,0.0,0.0,9.009888577391,0.3316380709875375,0.8420720943358673,107.0,133.0,116.0,133.4219970703125
3.5,4.08543075721983e-06,0.0,0.0,9.009888577391,0.3316380709875375,0.8420720943358673,107.0,133.0,116.0,133.4219970703125
3.5500000000000003,5.973292613547345e-06,0.0,0.0,9.009888577391,0.3316380709875375,0.8420720943358673,107.0,133.0,116.0,133.4219970703125
3.6,7.140447332396432e-06,0.0,0.0,9.009888577391,0.3316380709875375,0.8420720943358673,107.0,133.0,116.0,133.4219970703125
3.6500000000000004,4.394228976516726e-06,0.0,0.0,9.009888577391,0.3316380709875375,0.8420720943358673,107.0,133.0,116.0,133.4219970703125
3.7,2.162724466476855e-06,0.0,0.0,9.009888577391,0.3316380709875375,0.8420720943358673,107.0,133.0,116.0,133.4219970703125
3.75,3.0897804810266803e-07,0.0,0.0,9.009888577391,0.3316380709875375,0.8420720943358673,107.0,133.0,116.0,133.4219970703125
3.8000000000000003,8.239754580872463e-07,0.0,0.0,9.009888577391,0.3316380709875375,0.8420720943358673,107.0,133.0,116.0,133.4219970703125
3.85,1.3389753397325493e-06,0.0,0.0,9.009888577391,0.3316380709875375,0.8420720943358673,107.0,133.0,116.0,133.4219970703125
3.9000000000000004,1.8539755616247032e-06,0.0,0.0,9.009888577391,0.3316380709875375,0.8420720943358673,107.0,133.0,116.0,133.4219970703125
3.95,2.4375341631475327e-06,0.0,0.0,9.009888577391,0.3316380709875375,0.8420720943358673,107.0,133.0,116.0,133.4219970703125
4.0,3.055422530016178e-06,0.0,0.0,9.009888577391,0.3316380709875375,0.8420720943358673,107.0,133.0,116.0,133.4219970703125
4.05,4.943382872573734e-06,0.0,0.0,9.009888577391,0.3316380709875375,0.8420720943358673,107.0,133.0,116.0,133.4219970703125
4.1000000000000005,4.257254403248563e-06,0.0,0.0,9.009888577391,0.3316380709875375,0.8420720943358673,107.0,133.0,116.0,133.4219970703125
4.15,1.0298673325545147e-07,0.0,0.0,9.009888577391,0.3316380709875375,0.8420720943358673,107.0,133.0,116.0,133.4219970703125
4.2,6.1797105833511e-07,0.0,0.0,9.009888577391,0.3316380709875375,0.8420720943358673,107.0,133.0,116.0,133.4219970703125
4.25,1.270197442505351e-06,0.0,0.0,9.009888577391,0.3316380709875375,0.8420720943358673,107.0,133.0,116.0,133.4219970703125
4.3,1.8880881697315584e-06,0.0,0.0,9.009888577391,0.3316380709875375,0.8420720943358673,107.0,133.0,116.0,133.4219970703125
4.3500000000000005,2.437401531358266e-06,0.0,0.0,9.009888577391,0.3316380709875375,0.8420720943358673,107.0,133.0,116.0,133.4219970703125
4.4,3.0209819635131837e-06,0.0,0.0,9.009888577391,0.3316380709875375,0.8420720943358673,107.0,133.0,116.0,133.4219970703125
4.45,3.674019014089069e-06,0.0,0.0,9.009888577391,0.3316380709875375,0.8420720943358673,107.0,133.0,116.0,133.4219970703125
4.5,5.526948807296578e-06,0.0,0.0,9.009888577391,0.3316380709875375,0.8420720943358673,107.0,133.0,116.0,133.4219970703125
4.55,6.11054769051219e-06,0.0,0.0,9.009888577391,0.3316380709875375,0.8420720943358673,107.0,133.0,116.0,133.4219970703125
4.6000000000000005,4.119761612820098e-07,0.0,0.0,9.009888577391,0.3316380709875375,0.8420720943358673,107.0,133.0,116.0,133.4219970703125
4.65,9.61281227867941e-07,0.0,0.0,9.009888577391,0.3316380709875375,0.8420720943358673,107.0,133.0,116.0,133.4219970703125
4.7,1.615751349029537e-06,0.0,0.0,9.009888577391,0.3316380709875375,0.8420720943358673,107.0,133.0,116.0,133.4219970703125
4.75,2.162790827216319e-06,0.0,0.0,9.009888577391,0.3316380709875375,0.8420720943358673,107.0,133.0,116.0,133.4219970703125
4.800000000000001,2.7818201335009555e-06,0.0,0.0,9.009888577391,0.3316380709875375,0.8420720943358673,107.0,133.0,116.0,133.4219970703125
4.8500000000000005,4.634396624134594e-06,0.0,0.0,9.009888577391,0.3316380709875375,0.8420720943358673,107.0,133.0,116.0,133.4219970703125
4.9,3.913567448567238e-06,0.0,0.0,9.009888577391,0.3316380709875375,0.8420720943358673,107.0,133.0,116.0,133.4219970703125
4.95,4.4971640229540895e-06,0.0,0.0,9.009888577391,0.3316380709875375,0.8420720943358673,107.0,133.0,116.0,133.4219970703125
5.0,2.0597966658849226e-07,0.0,0.0,9.009888577391,0.3316380709875375,0.8420720943358673,107.0,133.0,116.0,133.4219970703125
5.050000000000001,8.239100031339961e-07,0.0,0.0,9.009888577391,0.3316380709875375,0.8420720943358673,107.0,133.0,116.0,133.4219970703125
5.1000000000000005,1.4761525765050399e-06,0.0,0.0,9.009888577391,0.3316380709875375,0.8420720943358673,107.0,133.0,116.0,133.4219970703125
5.15,2.094068713689709e-06,0.0,0.0,9.009888577391,0.3316380709875375,0.8420720943358673,107.0,133.0,116.0,133.4219970703125
5.2,2.609033340101313e-06,0.0,0.0,9.009888577391,0.3316380709875375,0.8420720943358673,107.0,133.0,116.0,133.4219970703125
5.25,3.2623001118926683e-06,0.0,0.0,9.009888577391,0.3316380709875375,0.8420720943358673,107.0,133.0,116.0,133.4219970703125
5.300000000000001,3.844883669945305e-06,0.0,0.0,9.009888577391,0.3316380709875375,0.8420720943358673,107.0,133.0,116.0,133.4219970703125
5.3500000000000005,4.3941450683509025e-06,0.0,0.0,9.009888577391,0.3316380709875375,0.8420720943358673,107.0,133.0,116.0,133.4219970703125
5.4,0.0,0.0,0.0,9.009888577391,0.3316380709875375,0.8420720943358673,107.0,133.0,116.0,133.4219970703125
5.45,6.522484181281292e-07,0.0,0.0,9.009888577391,0.3316380709875375,0.8420720943358673,107.0,133.0,116.0,133.4219970703125
5.5,1.3044966846479988e-06,0.0,0.0,9.009888577391,0.3316380709875375,0.8420720943358673,107.0,133.0,116.0,133.4219970703125
5.550000000000001,1.956745007453395e-06,0.0,0.0,9.009888577391,0.3316380709875375,0.8420720943358673,107.0,133.0,116.0,133.4219970703125
5.6000000000000005,2.6089932292200145e-06,0.0,0.0,9.009888577391,0.3316380709875375,0.8420720943358673,107.0,133.0,116.0,133.4219970703125
5.65,3.261241451503012e-06,0.0,0.0,9.009888577391,0.3316380709875375,0.8420720943358673,107.0,133.0,116.0,133.4219970703125
5.7,3.844837473236975e-06,0.0,0.0,9.009888577391,0.3316380709875375,0.8420720943358673,107.0,133.0,116.0,133.4219970703125
5.75,4.359800357198792e-06,0.0,0.0,9.009888577391,0.3316380709875375,0.8420720943358673,107.0,133.0,116.0,133.4219970703125
5.800000000000001,5.012739983117776e-06,0.0,0.0,9.009888577391,0.3316380709875375,0.8420720943358673,107.0,133.0,116.0,133.4219970703125
5.8500000000000005,3.0897804810266803e-07,0.0,0.0,9.009888577391,0.3316380709875375,0.8420720943358673,107.0,133.0,116.0,133.4219970703125
5.9,9.269050607866616e-07,0.0,0.0,9.009888577391,0.3316380709875375,0.8420720943358673,107.0,133.0,116.0,133.4219970703125
5.95,1.5791445055666278e-06,0.0,0.0,9.009888577391,0.3316380709875375,0.8420720943358673,107.0,133.0,116.0,133.4219970703125
6.0,2.1284175074148872e-06,0.0,0.0,9.009888577391,0.3316380709875375,0.8420720943358673,107.0,133.0,116.0,133.4219970703125
6.050000000000001,2.746348346802261e-06,0.0,0.0,9.009888577391,0.3316380709875375,0.8420720943358673,107.0,133.0,116.0,133.4219970703125
6.1000000000000005,3.2956213751216386e-06,0.0,0.0,9.009888577391,0.3316380709875375,0.8420720943358673,107.0,133.0,116.0,133.4219970703125
6.15,3.913496145635868e-06,0.0,0.0,9.009888577391,0.3316380709875375,0.8420720943358673,107.0,133.0,116.0,133.4219970703125
6.2,4.531996978960914e-06,0.0,0.0,9.009888577391,0.3316380709875375,0.8420720943358673,107.0,133.0,116.0,133.4219970703125
6.25,1.373156307053014e-07,0.0,0.0,9.009888577391,0.3316380709875375,0.8420720943358673,107.0,133.0,116.0,133.4219970703125
6.300000000000001,8.239242111028816e-07,0.0,0.0,9.009888577391,0.3316380709875375,0.8420720943358673,107.0,133.0,116.0,133.4219970703125
6.3500000000000005,1.4418691593471572e-06,0.0,0.0,9.009888577391,0.3316380709875375,0.8420720943358673,107.0,133.0,116.0,133.4219970703125
6.4,2.0598176308354557e-06,0.0,0.0,9.009888577391,0.3316380709875375,0.8420720943358673,107.0,133.0,116.0,133.4219970703125
6.45,2.6446224274603546e-06,0.0,0.0,9.009888577391,0.3316380709875375,0.8420720943358673,107.0,133.0,116.0,133.4219970703125
6.5,2.0254119884861135e-06,0.0,0.0,9.009888577391,0.3316380709875375,0.8420720943358673,107.0,133.0,116.0,133.4219970703125
6.550000000000001,3.913543475848599e-06,0.0,0.0,9.009888577391,0.3316380709875375,0.8420720943358673,107.0,133.0,116.0,133.4219970703125
6.6000000000000005,3.2612528642620764e-06,0.0,0.0,9.009888577391,0.3316380709875375,0.8420720943358673,107.0,133.0,116.0,133.4219970703125
6.65,3.879155698323408e-06,0.0,0.0,9.009888577391,0.3316380709875375,0.8420720943358673,107.0,133.0,116.0,133.4219970703125
6.7,5.492782136977651e-07,0.0,0.0,9.009888577391,0.3316380709875375,0.8420720943358673,107.0,133.0,116.0,133.4219970703125
6.75,1.2015631939656526e-06,0.0,0.0,9.009888577391,0.3316380709875375,0.8420720943358673,107.0,133.0,116.0,133.4219970703125
6.800000000000001,2.473032169693205e-06,0.0,0.0,9.009888577391,0.3316380709875375,0.8420720943358673,107.0,133.0,116.0,133.4219970703125
6.8500000000000005,2.4717179239336403e-06,0.0,0.0,9.009888577391,0.3316380709875375,0.8420720943358673,107.0,133.0,116.0,133.4219970703125
6.9,3.089638586264188e-06,0.0,0.0,9.009888577391,0.3316380709875375,0.8420720943358673,107.0,133.0,116.0,133.4219970703125
6.95,3.707533403940059e-06,0.0,0.0,9.009888577391,0.3316380709875375,0.8420720943358673,107.0,133.0,116.0,133.4219970703125
7.0,4.359786081454956e-06,0.0,0.0,9.009888577391,0.3316380709875375,0.8420720943358673,107.0,133.0,116.0,133.4219970703125
7.050000000000001,5.012036486521187e-06,0.0,0.0,9.009888577391,0.3316380709875375,0.8420720943358673,107.0,133.0,116.0,133.4219970703125
7.1000000000000005,2.0597966658849226e-07,0.0,0.0,9.009888577391,0.3316380709875375,0.8420720943358673,107.0,133.0,116.0,133.4219970703125
7.15,7.209760231772816e-07,0.0,0.0,9.009888577391,0.3316380709875375,0.8420720943358673,107.0,133.0,116.0,133.4219970703125
7.2,1.3388958143979071e-06,0.0,0.0,9.009888577391,0.3316380709875375,0.8420720943358673,107.0,133.0,116.0,133.4219970703125
7.25,1.9224659337628944e-06,0.0,0.0,9.009888577391,0.3316380709875375,0.8420720943358673,107.0,133.0,116.0,133.4219970703125
7.300000000000001,2.5404836035197445e-06,0.0,0.0,9.009888577391,0.3316380709875375,0.8420720943358673,107.0,133.0,116.0,133.4219970703125
7.3500000000000005,3.1239936954417283e-06,0.0,0.0,9.009888577391,0.3316380709875375,0.8420720943358673,107.0,133.0,116.0,133.4219970703125
7.4,3.707592094776988e-06,0.0,0.0,9.009888577391,0.3316380709875375,0.8420720943358673,107.0,133.0,116.0,133.4219970703125
7.45,4.32544930334475e-06,0.0,0.0,9.009888577391,0.3316380709875375,0.8420720943358673,107.0,133.0,116.0,133.4219970703125
7.5,0.0,0.0,0.0,9.009888577391,0.3316380709875375,0.8420720943358673,107.0,133.0,116.0,133.4219970703125
7.550000000000001,5.149767873915904e-07,0.0,0.0,9.009888577391,0.3316380709875375,0.8420720943358673,107.0,133.0,116.0,133.4219970703125
7.6000000000000005,1.1672054224199255e-06,0.0,0.0,9.009888577391,0.3316380709875375,0.8420720943358673,107.0,133.0,116.0,133.4219970703125
7.65,1.8216811849490085e-06,0.0,0.0,9.009888577391,0.3316380709875375,0.8420720943358673,107.0,133.0,116.0,133.4219970703125
7.7,2.334408503521297e-06,0.0,0.0,9.009888577391,0.3316380709875375,0.8420720943358673,107.0,133.0,116.0,133.4219970703125
7.75,2.9877688352240675e-06,0.0,0.0,9.009888577391,0.3316380709875375,0.8420720943358673,107.0,133.0,116.0,133.4219970703125
7.800000000000001,3.570250530898981e-06,0.0,0.0,9.009888577391,0.3316380709875375,0.8420720943358673,107.0,133.0,116.0,133.4219970703125
7.8500000000000005,4.1195046950082474e-06,0.0,0.0,9.009888577391,0.3316380709875375,0.8420720943358673,107.0,133.0,116.0,133.4219970703125
7.9,4.737395641548213e-06,0.0,0.0,9.009888577391,0.3316380709875375,0.8420720943358673,107.0,133.0,116.0,133.4219970703125
7.95,3.776185585081976e-07,0.0,0.0,9.009888577391,0.3316380709875375,0.8420720943358673,107.0,133.0,116.0,133.4219970703125
8.0,1.0298668322640115e-06,0.0,0.0,9.009888577391,0.3316380709875375,0.8420720943358673,107.0,133.0,116.0,133.4219970703125
8.05,1.6821151576287648e-06,0.0,0.0,9.009888577391,0.3316380709875375,0.8420720943358673,107.0,133.0,116.0,133.4219970703125
8.1,2.3343634829936035e-06,0.0,0.0,9.009888577391,0.3316380709875375,0.8420720943358673,107.0,133.0,116.0,133.4219970703125
8.15,2.8836270035970795e-06,0.0,0.0,9.009888577391,0.3316380709875375,0.8420720943358673,107.0,133.0,116.0,133.4219970703125
8.200000000000001,3.3985833442216877e-06,0.0,0.0,9.009888577391,0.3316380709875375,0.8420720943358673,107.0,133.0,116.0,133.4219970703125
8.25,4.051661303407982e-06,0.0,0.0,9.009888577391,0.3316380709875375,0.8420720943358673,107.0,133.0,116.0,133.4219970703125
8.3,4.634424408466926e-06,0.0,0.0,9.009888577391,0.3316380709875375,0.8420720943358673,107.0,133.0,116.0,133.4219970703125
8.35,1.0298673325545147e-07,0.0,0.0,9.009888577391,0.3316380709875375,0.8420720943358673,107.0,133.0,116.0,133.4219970703125
8.4,6.865971888571645e-07,0.0,0.0,9.009888577391,0.3316380709875375,0.8420720943358673,107.0,133.0,116.0,133.4219970703125
8.450000000000001,1.338838106763572e-06,0.0,0.0,9.009888577391,0.3316380709875375,0.8420720943358673,107.0,133.0,116.0,133.4219970703125
8.5,1.9932106355269802e-06,0.0,0.0,9.009888577391,0.3316380709875375,0.8420720943358673,107.0,133.0,116.0,133.4219970703125
8.55,2.5060409137327024e-06,0.0,0.0,9.009888577391,0.3316380709875375,0.8420720943358673,107.0,133.0,116.0,133.4219970703125
8.6,4.4284335079732946e-06,0.0,0.0,9.009888577391,0.3316380709875375,0.8420720943358673,107.0,133.0,116.0,133.4219970703125
8.65,3.707580162531796e-06,0.0,0.0,9.009888577391,0.3316380709875375,0.8420720943358673,107.0,133.0,116.0,133.4219970703125
8.700000000000001,4.291135566880009e-06,0.0,0.0,9.009888577391,0.3316380709875375,0.8420720943358673,107.0,133.0,116.0,133.4219970703125
8.75,4.9090426211884795e-06,0.0,0.0,9.009888577391,0.3316380709875375,0.8420720943358673,107.0,133.0,116.0,133.4219970703125
8.8,5.149334853853036e-07,0.0,0.0,9.009888577391,0.3316380709875375,0.8420720943358673,107.0,133.0,116.0,133.4219970703125
8.85,1.167181807940226e-06,0.0,0.0,9.009888577391,0.3316380709875375,0.8420720943358673,107.0,133.0,116.0,133.4219970703125
8.9,1.8194300302111085e-06,0.0,0.0,9.009888577391,0.3316380709875375,0.8420720943358673,107.0,133.0,116.0,133.4219970703125
8.950000000000001,2.4716782528911145e-06,0.0,0.0,9.009888577391,0.3316380709875375,0.8420720943358673,107.0,133.0,116.0,133.4219970703125
9.0,3.123926680364715e-06,0.0,0.0,9.009888577391,0.3316380709875375,0.8420720943358673,107.0,133.0,116.0,133.4219970703125
9.05,3.777382087376704e-06,0.0,0.0,9.009888577391,0.3316380709875375,0.8420720943358673,107.0,133.0,116.0,133.4219970703125
9.1,4.291104226939279e-06,0.0,0.0,9.009888577391,0.3316380709875375,0.8420720943358673,107.0,133.0,116.0,133.4219970703125
9.15,4.909051814034551e-06,0.0,0.0,9.009888577391,0.3316380709875375,0.8420720943358673,107.0,133.0,116.0,133.4219970703125
9.200000000000001,2.0597966658849226e-07,0.0,0.0,9.009888577391,0.3316380709875375,0.8420720943358673,107.0,133.0,116.0,133.4219970703125
9.25,7.20973901184496e-07,0.0,0.0,9.009888577391,0.3316380709875375,0.8420720943358673,107.0,133.0,116.0,133.4219970703125
9.3,1.3731962132867615e-06,0.0,0.0,9.009888577391,0.3316380709875375,0.8420720943358673,107.0,133.0,116.0,133.4219970703125
9.35,1.922465485904675e-06,0.0,0.0,9.009888577391,0.3316380709875375,0.8420720943358673,107.0,133.0,116.0,133.4219970703125
9.4,3.8104968091138704e-06,0.0,0.0,9.009888577391,0.3316380709875375,0.8420720943358673,107.0,133.0,116.0,133.4219970703125
9.450000000000001,3.0896710526878575e-06,0.0,0.0,9.009888577391,0.3316380709875375,0.8420720943358673,107.0,133.0,116.0,133.4219970703125
9.5,3.6389292453725684e-06,0.0,0.0,9.009888577391,0.3316380709875375,0.8420720943358673,107.0,133.0,116.0,133.4219970703125
9.55,4.2225174482236e-06,0.0,0.0,9.009888577391,0.3316380709875375,0.8420720943358673,107.0,133.0,116.0,133.4219970703125
9.600000000000001,0.0,0.0,0.0,9.009888577391,0.3316380709875375,0.8420720943358673,107.0,133.0,116.0,133.4219970703125
9.65,6.522484181281292e-07,0.0,0.0,9.009888577391,0.3316380709875375,0.8420720943358673,107.0,133.0,116.0,133.4219970703125
9.700000000000001,1.3044966846479988e-06,0.0,0.0,9.009888577391,0.3316380709875375,0.8420720943358673,107.0,133.0,116.0,133.4219970703125
9.75,1.956745007453395e-06,0.0,0.0,9.009888577391,0.3316380709875375,0.8420720943358673,107.0,133.0,116.0,133.4219970703125
9.8,2.6089932292200145e-06,0.0,0.0,9.009888577391,0.3316380709875375,0.8420720943358673,107.0,133.0,116.0,133.4219970703125
9.850000000000001,3.2269254326812613e-06,0.0,0.0,9.009888577391,0.3316380709875375,0.8420720943358673,107.0,133.0,116.0,133.4219970703125
9.9,3.7418573180335617e-06,0.0,0.0,9.009888577391,0.3316380709875375,0.8420720943358673,107.0,133.0,116.0,133.4219970703125
9.950000000000001,5.664276661658234e-06,0.0,0.0,9.009888577391,0.3316380709875375,0.8420720943358673,107.0,133.0,116.0,133.4219970703125
10.0,4.9090670173650825e-06,0.0,0.0,9.009888577391,0.3316380709875375,0.8420720943358673,107.0,133.0,116.0,133.4219970703125
10.05,3.776185585081976e-07,0.0,0.0,9.009888577391,0.3316380709875375,0.8420720943358673,107.0,133.0,116.0,133.4219970703125
10.100000000000001,1.0298668322640617e-06,0.0,0.0,9.009888577391,0.3316380709875375,0.8420720943358673,107.0,133.0,116.0,133.4219970703125
10.15,1.6821151576287648e-06,0.0,0.0,9.009888577391,0.3316380709875375,0.8420720943358673,107.0,133.0,116.0,133.4219970703125
10.200000000000001,2.2313789976036553e-06,0.0,0.0,9.009888577391,0.3316380709875375,0.8420720943358673,107.0,133.0,116.0,133.4219970703125
10.25,2.746339205568055e-06,0.0,0.0,9.009888577391,0.3316380709875375,0.8420720943358673,107.0,133.0,116.0,133.4219970703125
10.3,3.3996055862790476e-06,0.0,0.0,9.009888577391,0.3316380709875375,0.8420720943358673,107.0,133.0,116.0,133.4219970703125
10.350000000000001,3.947879532234119e-06,0.0,0.0,9.009888577391,0.3316380709875375,0.8420720943358673,107.0,133.0,116.0,133.4219970703125
10.4,4.5314341505810095e-06,0.0,0.0,9.009888577391,0.3316380709875375,0.8420720943358673,107.0,133.0,116.0,133.4219970703125
10.450000000000001,1.0298673325545147e-07,0.0,0.0,9.009888577391,0.3316380709875375,0.8420720943358673,107.0,133.0,116.0,133.4219970703125
10.5,6.179730987199244e-07,0.0,0.0,9.009888577391,0.3316380709875375,0.8420720943358673,107.0,133.0,116.0,133.4219970703125
10.55,1.2358948391243647e-06,0.0,0.0,9.009888577391,0.3316380709875375,0.8420720943358673,107.0,133.0,116.0,133.4219970703125
10.600000000000001,1.8537588421578246e-06,0.0,0.0,9.009888577391,0.3316380709875375,0.8420720943358673,107.0,133.0,116.0,133.4219970703125
10.65,2.4374125409751042e-06,0.0,0.0,9.009888577391,0.3316380709875375,0.8420720943358673,107.0,133.0,116.0,133.4219970703125
10.700000000000001,2.986684521870804e-06,0.0,0.0,9.009888577391,0.3316380709875375,0.8420720943358673,107.0,133.0,116.0,133.4219970703125
10.75,3.570265972101915e-06,0.0,0.0,9.009888577391,0.3316380709875375,0.8420720943358673,107.0,133.0,116.0,133.4219970703125
10.8,4.188136292828415e-06,0.0,0.0,9.009888577391,0.3316380709875375,0.8420720943358673,107.0,133.0,116.0,133.4219970703125
10.850000000000001,4.771717726493987e-06,0.0,0.0,9.009888577391,0.3316380709875375,0.8420720943358673,107.0,133.0,116.0,133.4219970703125
10.9,5.149334853853036e-07,0.0,0.0,9.009888577391,0.3316380709875375,0.8420720943358673,107.0,133.0,116.0,133.4219970703125
10.950000000000001,1.167181807940226e-06,0.0,0.0,9.009888577391,0.3316380709875375,0.8420720943358673,107.0,133.0,116.0,133.4219970703125
11.0,1.8194300302111085e-06,0.0,0.0,9.009888577391,0.3316380709875375,0.8420720943358673,107.0,133.0,116.0,133.4219970703125
11.05,2.4716782528911145e-06,0.0,0.0,9.009888577391,0.3316380709875375,0.8420720943358673,107.0,133.0,116.0,133.4219970703125
11.100000000000001,3.123926680364715e-06,0.0,0.0,9.009888577391,0.3316380709875375,0.8420720943358673,107.0,133.0,116.0,133.4219970703125
11.15,3.7075333469114804e-06,0.0,0.0,9.009888577391,0.3316380709875375,0.8420720943358673,107.0,133.0,116.0,133.4219970703125
11.200000000000001,4.222460795035636e-06,0.0,0.0,9.009888577391,0.3316380709875375,0.8420720943358673,107.0,133.0,116.0,133.4219970703125
11.25,4.8754234236368865e-06,0.0,0.0,9.009888577391,0.3316380709875375,0.8420720943358673,107.0,133.0,116.0,133.4219970703125
11.3,2.059784698356758e-07,0.0,0.0,9.009888577391,0.3316380709875375,0.8420720943358673,107.0,133.0,116.0,133.4219970703125
11.350000000000001,8.582250773055223e-07,0.0,0.0,9.009888577391,0.3316380709875375,0.8420720943358673,107.0,133.0,116.0,133.4219970703125
11.4,1.5104727816569486e-06,0.0,0.0,9.009888577391,0.3316380709875375,0.8420720943358673,107.0,133.0,116.0,133.4219970703125
11.450000000000001,2.1627208808887366e-06,0.0,0.0,9.009888577391,0.3316380709875375,0.8420720943358673,107.0,133.0,116.0,133.4219970703125
11.5,4.08514574226114e-06,0.0,0.0,9.009888577391,0.3316380709875375,0.8420720943358673,107.0,133.0,116.0,133.4219970703125
11.55,3.3299120741097624e-06,0.0,0.0,9.009888577391,0.3316380709875375,0.8420720943358673,107.0,133.0,116.0,133.4219970703125
11.600000000000001,3.913515114931188e-06,0.0,0.0,9.009888577391,0.3316380709875375,0.8420720943358673,107.0,133.0,116.0,133.4219970703125
11.65,4.4971085175243515e-06,0.0,0.0,9.009888577391,0.3316380709875375,0.8420720943358673,107.0,133.0,116.0,133.4219970703125
11.700000000000001,0.0,0.0,0.0,9.009888577391,0.3316380709875375,0.8420720943358673,107.0,133.0,116.0,133.4219970703125
11.75,5.149788231141136e-07,0.0,0.0,9.009888577391,0.3316380709875375,0.8420720943358673,107.0,133.0,116.0,133.4219970703125
11.8,1.098589149790446e-06,0.0,0.0,9.009888577391,0.3316380709875375,0.8420720943358673,107.0,133.0,116.0,133.4219970703125
11.850000000000001,1.7528766877355658e-06,0.0,0.0,9.009888577391,0.3316380709875375,0.8420720943358673,107.0,133.0,116.0,133.4219970703125
11.9,2.3001026530925278e-06,0.0,0.0,9.009888577391,0.3316380709875375,0.8420720943358673,107.0,133.0,116.0,133.4219970703125
11.950000000000001,2.8836799080862614e-06,0.0,0.0,9.009888577391,0.3316380709875375,0.8420720943358673,107.0,133.0,116.0,133.4219970703125
12.0,3.536694924726701e-06,0.0,0.0,9.009888577391,0.3316380709875375,0.8420720943358673,107.0,133.0,116.0,133.4219970703125
12.05,4.154452119590537e-06,0.0,0.0,9.009888577391,0.3316380709875375,0.8420720943358673,107.0,133.0,116.0,133.4219970703125
12.100000000000001,4.772237244890128e-06,0.0,0.0,9.009888577391,0.3316380709875375,0.8420720943358673,107.0,133.0,116.0,133.4219970703125
12.15,3.776185585081976e-07,0.0,0.0,9.009888577391,0.3316380709875375,0.8420720943358673,107.0,133.0,116.0,133.4219970703125
12.200000000000001,1.0298668322640617e-06,0.0,0.0,9.009888577391,0.3316380709875375,0.8420720943358673,107.0,133.0,116.0,133.4219970703125
12.25,1.6821151576287648e-06,0.0,0.0,9.009888577391,0.3316380709875375,0.8420720943358673,107.0,133.0,116.0,133.4219970703125
12.3,2.3343634829936035e-06,0.0,0.0,9.009888577391,0.3316380709875375,0.8420720943358673,107.0,133.0,116.0,133.4219970703125
12.350000000000001,2.9866117060449535e-06,0.0,0.0,9.009888577391,0.3316380709875375,0.8420720943358673,107.0,133.0,116.0,133.4219970703125
12.4,4.909041104014113e-06,0.0,0.0,9.009888577391,0.3316380709875375,0.8420720943358673,107.0,133.0,116.0,133.4219970703125
12.450000000000001,4.1537966486134455e-06,0.0,0.0,9.009888577391,0.3316380709875375,0.8420720943358673,107.0,133.0,116.0,133.4219970703125
12.5,4.7374042433420836e-06,0.0,0.0,9.009888577391,0.3316380709875375,0.8420720943358673,107.0,133.0,116.0,133.4219970703125
12.55,1.0298673325545147e-07,0.0,0.0,9.009888577391,0.3316380709875375,0.8420720943358673,107.0,133.0,116.0,133.4219970703125
12.600000000000001,6.179730987199244e-07,0.0,0.0,9.009888577391,0.3316380709875375,0.8420720943358673,107.0,133.0,116.0,133.4219970703125
12.65,1.270209246375946e-06,0.0,0.0,9.009888577391,0.3316380709875375,0.8420720943358673,107.0,133.0,116.0,133.4219970703125
12.700000000000001,1.8537901482489788e-06,0.0,0.0,9.009888577391,0.3316380709875375,0.8420720943358673,107.0,133.0,116.0,133.4219970703125
12.75,2.4374125443972745e-06,0.0,0.0,9.009888577391,0.3316380709875375,0.8420720943358673,107.0,133.0,116.0,133.4219970703125
12.8,2.986684521612301e-06,0.0,0.0,9.009888577391,0.3316380709875375,0.8420720943358673,107.0,133.0,116.0,133.4219970703125
12.850000000000001,3.5702659718872736e-06,0.0,0.0,9.009888577391,0.3316380709875375,0.8420720943358673,107.0,133.0,116.0,133.4219970703125
12.9,4.188151596826268e-06,0.0,0.0,9.009888577391,0.3316380709875375,0.8420720943358673,107.0,133.0,116.0,133.4219970703125
12.950000000000001,4.806059097175612e-06,0.0,0.0,9.009888577391,0.3316380709875375,0.8420720943358673,107.0,133.0,116.0,133.4219970703125
13.0,5.149334853853036e-07,0.0,0.0,9.009888577391,0.3316380709875375,0.8420720943358673,107.0,133.0,116.0,133.4219970703125
13.05,1.1671818079402767e-06,0.0,0.0,9.009888577391,0.3316380709875375,0.8420720943358673,107.0,133.0,116.0,133.4219970703125
13.100000000000001,1.8194300302111085e-06,0.0,0.0,9.009888577391,0.3316380709875375,0.8420720943358673,107.0,133.0,116.0,133.4219970703125
13.15,2.4716782528911145e-06,0.0,0.0,9.009888577391,0.3316380709875375,0.8420720943358673,107.0,133.0,116.0,133.4219970703125
13.200000000000001,3.0896118839486604e-06,0.0,0.0,9.009888577391,0.3316380709875375,0.8420720943358673,107.0,133.0,116.0,133.4219970703125
13.25,3.6045533577770514e-06,0.0,0.0,9.009888577391,0.3316380709875375,0.8420720943358673,107.0,133.0,116.0,133.4219970703125
13.3,4.256805029621161e-06,0.0,0.0,9.009888577391,0.3316380709875375,0.8420720943358673,107.0,133.0,116.0,133.4219970703125
13.350000000000001,4.806064759553662e-06,0.0,0.0,9.009888577391,0.3316380709875375,0.8420720943358673,107.0,133.0,116.0,133.4219970703125
13.4,2.746341843066914e-07,0.0,0.0,9.009888577391,0.3316380709875375,0.8420720943358673,107.0,133.0,116.0,133.4219970703125
13.450000000000001,9.612458761607668e-07,0.0,0.0,9.009888577391,0.3316380709875375,0.8420720943358673,107.0,133.0,116.0,133.4219970703125
13.5,1.5791656459829e-06,0.0,0.0,9.009888577391,0.3316380709875375,0.8420720943358673,107.0,133.0,116.0,133.4219970703125
13.55,2.2314145435333494e-06,0.0,0.0,9.009888577391,0.3316380709875375,0.8420720943358673,107.0,133.0,116.0,133.4219970703125
13.600000000000001,2.850526038762809e-06,0.0,0.0,9.009888577391,0.3316380709875375,0.8420720943358673,107.0,133.0,116.0,133.4219970703125
13.65,3.501583196850336e-06,0.0,0.0,9.009888577391,0.3316380709875375,0.8420720943358673,107.0,133.0,116.0,133.4219970703125
13.700000000000001,4.737453209216142e-06,0.0,0.0,9.009888577391,0.3316380709875375,0.8420720943358673,107.0,133.0,116.0,133.4219970703125
13.75,4.73743274395266e-06,0.0,0.0,9.009888577391,0.3316380709875375,0.8420720943358673,107.0,133.0,116.0,133.4219970703125
13.8,0.0,0.0,0.0,9.009888577391,0.3316380709875375,0.8420720943358673,107.0,133.0,116.0,133.4219970703125
13.850000000000001,6.179188208543376e-07,0.0,0.0,9.009888577391,0.3316380709875375,0.8420720943358673,107.0,133.0,116.0,133.4219970703125
13.9,1.235849672537073e-06,0.0,0.0,9.009888577391,0.3316380709875375,0.8420720943358673,107.0,133.0,116.0,133.4219970703125
13.950000000000001,1.853759085866293e-06,0.0,0.0,9.009888577391,0.3316380709875375,0.8420720943358673,107.0,133.0,116.0,133.4219970703125
14.0,2.471677678423164e-06,0.0,0.0,9.009888577391,0.3316380709875375,0.8420720943358673,107.0,133.0,116.0,133.4219970703125
14.05,3.0895962805999463e-06,0.0,0.0,9.009888577391,0.3316380709875375,0.8420720943358673,107.0,133.0,116.0,133.4219970703125
14.100000000000001,3.707532895648617e-06,0.0,0.0,9.009888577391,0.3316380709875375,0.8420720943358673,107.0,133.0,116.0,133.4219970703125
14.15,4.943341619431246e-06,0.0,0.0,9.009888577391,0.3316380709875375,0.8420720943358673,107.0,133.0,116.0,133.4219970703125
14.200000000000001,4.9776841072566635e-06,0.0,0.0,9.009888577391,0.3316380709875375,0.8420720943358673,107.0,133.0,116.0,133.4219970703125
14.25,4.1195353496013883e-07,0.0,0.0,9.009888577391,0.3316380709875375,0.8420720943358673,107.0,133.0,116.0,133.4219970703125
14.3,1.0642378945975266e-06,0.0,0.0,9.009888577391,0.3316380709875375,0.8420720943358673,107.0,133.0,116.0,133.4219970703125
14.350000000000001,2.3358458338570566e-06,0.0,0.0,9.009888577391,0.3316380709875375,0.8420720943358673,107.0,133.0,116.0,133.4219970703125
14.4,2.334406661228477e-06,0.0,0.0,9.009888577391,0.3316380709875375,0.8420720943358673,107.0,133.0,116.0,133.4219970703125
14.450000000000001,2.952312213436265e-06,0.0,0.0,9.009888577391,0.3316380709875375,0.8420720943358673,107.0,133.0,116.0,133.4219970703125
14.5,3.536827215612941e-06,0.0,0.0,9.009888577391,0.3316380709875375,0.8420720943358673,107.0,133.0,116.0,133.4219970703125
14.55,2.9179585685105333e-06,0.0,0.0,9.009888577391,0.3316380709875375,0.8420720943358673,107.0,133.0,116.0,133.4219970703125
14.600000000000001,4.772328079647242e-06,0.0,0.0,9.009888577391,0.3316380709875375,0.8420720943358673,107.0,133.0,116.0,133.4219970703125
14.65,1.0298673325545147e-07,0.0,0.0,9.009888577391,0.3316380709875375,0.8420720943358673,107.0,133.0,116.0,133.4219970703125
14.700000000000001,6.179730987199244e-07,0.0,0.0,9.009888577391,0.3316380709875375,0.8420720943358673,107.0,133.0,116.0,133.4219970703125
14.75,1.2015868289393173e-06,0.0,0.0,9.009888577391,0.3316380709875375,0.8420720943358673,107.0,133.0,116.0,133.4219970703125
14.8,1.7851535043284546e-06,0.0,0.0,9.009888577391,0.3316380709875375,0.8420720943358673,107.0,133.0,116.0,133.4219970703125
14.850000000000001,4.325436325899549e-06,0.0,0.0,9.009888577391,0.3316380709875375,0.8420720943358673,107.0,133.0,116.0,133.4219970703125
14.9,2.9523748971705456e-06,0.0,0.0,9.009888577391,0.3316380709875375,0.8420720943358673,107.0,133.0,116.0,133.4219970703125
14.950000000000001,3.535951027713703e-06,0.0,0.0,9.009888577391,0.3316380709875375,0.8420720943358673,107.0,133.0,116.0,133.4219970703125
15.0,4.119526913116485e-06,0.0,0.0,9.009888577391,0.3316380709875375,0.8420720943358673,107.0,133.0,116.0,133.4219970703125
15.05,4.703125102253568e-06,0.0,0.0,9.009888577391,0.3316380709875375,0.8420720943358673,107.0,133.0,116.0,133.4219970703125
15.100000000000001,5.492782136977651e-07,0.0,0.0,9.009888577391,0.3316380709875375,0.8420720943358673,107.0,133.0,116.0,133.4219970703125
15.15,1.2015631939656526e-06,0.0,0.0,9.009888577391,0.3316380709875375,0.8420720943358673,107.0,133.0,116.0,133.4219970703125
15.200000000000001,1.8215463367665263e-06,0.0,0.0,9.009888577391,0.3316380709875375,0.8420720943358673,107.0,133.0,116.0,133.4219970703125
15.25,2.471718467409415e-06,0.0,0.0,9.009888577391,0.3316380709875375,0.8420720943358673,107.0,133.0,116.0,133.4219970703125
15.3,3.1239687179376727e-06,0.0,0.0,9.009888577391,0.3316380709875375,0.8420720943358673,107.0,133.0,116.0,133.4219970703125
15.350000000000001,3.7761872216085987e-06,0.0,0.0,9.009888577391,0.3316380709875375,0.8420720943358673,107.0,133.0,116.0,133.4219970703125
15.4,4.394423104720956e-06,0.0,0.0,9.009888577391,0.3316380709875375,0.8420720943358673,107.0,133.0,116.0,133.4219970703125
15.450000000000001,5.012036465853473e-06,0.0,0.0,9.009888577391,0.3316380709875375,0.8420720943358673,107.0,133.0,116.0,133.4219970703125
15.5,2.0597966658849226e-07,0.0,0.0,9.009888577391,0.3316380709875375,0.8420720943358673,107.0,133.0,116.0,133.4219970703125
15.55,7.209760231772816e-07,0.0,0.0,9.009888577391,0.3316380709875375,0.8420720943358673,107.0,133.0,116.0,133.4219970703125
15.600000000000001,1.30458517868834e-06,0.0,0.0,9.009888577391,0.3316380709875375,0.8420720943358673,107.0,133.0,116.0,133.4219970703125
15.65,1.8881494159902692e-06,0.0,0.0,9.009888577391,0.3316380709875375,0.8420720943358673,107.0,133.0,116.0,133.4219970703125
15.700000000000001,2.5072072462703663e-06,0.0,0.0,9.009888577391,0.3316380709875375,0.8420720943358673,107.0,133.0,116.0,133.4219970703125
15.75,3.055365858187288e-06,0.0,0.0,9.009888577391,0.3316380709875375,0.8420720943358673,107.0,133.0,116.0,133.4219970703125
15.8,3.6389475020689855e-06,0.0,0.0,9.009888577391,0.3316380709875375,0.8420720943358673,107.0,133.0,116.0,133.4219970703125
15.850000000000001,5.49265475022596e-06,0.0,0.0,9.009888577391,0.3316380709875375,0.8420720943358673,107.0,133.0,116.0,133.4219970703125
15.9,0.0,0.0,0.0,9.009888577391,0.3316380709875375,0.8420720943358673,107.0,133.0,116.0,133.4219970703125
15.950000000000001,5.149788231141136e-07,0.0,0.0,9.009888577391,0.3316380709875375,0.8420720943358673,107.0,133.0,116.0,133.4219970703125
16.0,1.0642801542137474e-06,0.0,0.0,9.009888577391,0.3316380709875375,0.8420720943358673,107.0,133.0,116.0,133.4219970703125
16.05,1.6821149600292087e-06,0.0,0.0,9.009888577391,0.3316380709875375,0.8420720943358673,107.0,133.0,116.0,133.4219970703125
16.1,2.265787199516906e-06,0.0,0.0,9.009888577391,0.3316380709875375,0.8420720943358673,107.0,133.0,116.0,133.4219970703125
16.150000000000002,2.815057989504745e-06,0.0,0.0,9.009888577391,0.3316380709875375,0.8420720943358673,107.0,133.0,116.0,133.4219970703125
16.2,3.3985693827086647e-06,0.0,0.0,9.009888577391,0.3316380709875375,0.8420720943358673,107.0,133.0,116.0,133.4219970703125
16.25,4.016502557954134e-06,0.0,0.0,9.009888577391,0.3316380709875375,0.8420720943358673,107.0,133.0,116.0,133.4219970703125
16.3,4.634410057348167e-06,0.0,0.0,9.009888577391,0.3316380709875375,0.8420720943358673,107.0,133.0,116.0,133.4219970703125
16.35,3.776185585081976e-07,0.0,0.0,9.009888577391,0.3316380709875375,0.8420720943358673,107.0,133.0,116.0,133.4219970703125
16.400000000000002,1.0298668322640617e-06,0.0,0.0,9.009888577391,0.3316380709875375,0.8420720943358673,107.0,133.0,116.0,133.4219970703125
16.45,1.6821151576287648e-06,0.0,0.0,9.009888577391,0.3316380709875375,0.8420720943358673,107.0,133.0,116.0,133.4219970703125
16.5,2.3343634829936035e-06,0.0,0.0,9.009888577391,0.3316380709875375,0.8420720943358673,107.0,133.0,116.0,133.4219970703125
16.55,2.8836270035970795e-06,0.0,0.0,9.009888577391,0.3316380709875375,0.8420720943358673,107.0,133.0,116.0,133.4219970703125
16.6,3.3985833442216877e-06,0.0,0.0,9.009888577391,0.3316380709875375,0.8420720943358673,107.0,133.0,116.0,133.4219970703125
16.650000000000002,4.051661295998406e-06,0.0,0.0,9.009888577391,0.3316380709875375,0.8420720943358673,107.0,133.0,116.0,133.4219970703125
16.7,4.634424408466926e-06,0.0,0.0,9.009888577391,0.3316380709875375,0.8420720943358673,107.0,133.0,116.0,133.4219970703125
16.75,1.0298673325545147e-07,0.0,0.0,9.009888577391,0.3316380709875375,0.8420720943358673,107.0,133.0,116.0,133.4219970703125
16.8,6.865971888571645e-07,0.0,0.0,9.009888577391,0.3316380709875375,0.8420720943358673,107.0,133.0,116.0,133.4219970703125
16.85,1.338838106763572e-06,0.0,0.0,9.009888577391,0.3316380709875375,0.8420720943358673,107.0,133.0,116.0,133.4219970703125
16.900000000000002,1.9932106355269802e-06,0.0,0.0,9.009888577391,0.3316380709875375,0.8420720943358673,107.0,133.0,116.0,133.4219970703125
16.95,2.5060409137327024e-06,0.0,0.0,9.009888577391,0.3316380709875375,0.8420720943358673,107.0,133.0,116.0,133.4219970703125
17.0,4.428433507975132e-06,0.0,0.0,9.009888577391,0.3316380709875375,0.8420720943358673,107.0,133.0,116.0,133.4219970703125
17.05,3.707580162531796e-06,0.0,0.0,9.009888577391,0.3316380709875375,0.8420720943358673,107.0,133.0,116.0,133.4219970703125
17.1,4.291135566880009e-06,0.0,0.0,9.009888577391,0.3316380709875375,0.8420720943358673,107.0,133.0,116.0,133.4219970703125
17.150000000000002,4.9090426211884795e-06,0.0,0.0,9.009888577391,0.3316380709875375,0.8420720943358673,107.0,133.0,116.0,133.4219970703125
17.2,5.149334853853036e-07,0.0,0.0,9.009888577391,0.3316380709875375,0.8420720943358673,107.0,133.0,116.0,133.4219970703125
17.25,1.167181807940226e-06,0.0,0.0,9.009888577391,0.3316380709875375,0.8420720943358673,107.0,133.0,116.0,133.4219970703125
17.3,1.8194300302111085e-06,0.0,0.0,9.009888577391,0.3316380709875375,0.8420720943358673,107.0,133.0,116.0,133.4219970703125
17.35,2.4716782528911145e-06,0.0,0.0,9.009888577391,0.3316380709875375,0.8420720943358673,107.0,133.0,116.0,133.4219970703125
17.400000000000002,3.123926680364715e-06,0.0,0.0,9.009888577391,0.3316380709875375,0.8420720943358673,107.0,133.0,116.0,133.4219970703125
17.45,3.777382087376704e-06,0.0,0.0,9.009888577391,0.3316380709875375,0.8420720943358673,107.0,133.0,116.0,133.4219970703125
17.5,4.291104226939279e-06,0.0,0.0,9.009888577391,0.3316380709875375,0.8420720943358673,107.0,133.0,116.0,133.4219970703125
17.55,4.909051814034551e-06,0.0,0.0,9.009888577391,0.3316380709875375,0.8420720943358673,107.0,133.0,116.0,133.4219970703125
17.6,2.059796665887014e-07,0.0,0.0,9.009888577391,0.3316380709875375,0.8420720943358673,107.0,133.0,116.0,133.4219970703125
17.650000000000002,7.20973901184496e-07,0.0,0.0,9.009888577391,0.3316380709875375,0.8420720943358673,107.0,133.0,116.0,133.4219970703125
17.7,1.3731962132867615e-06,0.0,0.0,9.009888577391,0.3316380709875375,0.8420720943358673,107.0,133.0,116.0,133.4219970703125
17.75,1.922465485904675e-06,0.0,0.0,9.009888577391,0.3316380709875375,0.8420720943358673,107.0,133.0,116.0,133.4219970703125
17.8,3.8104968091138704e-06,0.0,0.0,9.009888577391,0.3316380709875375,0.8420720943358673,107.0,133.0,116.0,133.4219970703125
17.85,3.0896710526878575e-06,0.0,0.0,9.009888577391,0.3316380709875375,0.8420720943358673,107.0,133.0,116.0,133.4219970703125
17.900000000000002,3.6389292453725684e-06,0.0,0.0,9.009888577391,0.3316380709875375,0.8420720943358673,107.0,133.0,116.0,133.4219970703125
17.95,4.2225174482236e-06,0.0,0.0,9.009888577391,0.3316380709875375,0.8420720943358673,107.0,133.0,116.0,133.4219970703125
18.0,0.0,0.0,0.0,9.009888577391,0.3316380709875375,0.8420720943358673,107.0,133.0,116.0,133.4219970703125
18.05,6.522484181281292e-07,0.0,0.0,9.009888577391,0.3316380709875375,0.8420720943358673,107.0,133.0,116.0,133.4219970703125
18.1,1.3044966846479988e-06,0.0,0.0,9.009888577391,0.3316380709875375,0.8420720943358673,107.0,133.0,116.0,133.4219970703125
18.150000000000002,1.9567450074534444e-06,0.0,0.0,9.009888577391,0.3316380709875375,0.8420720943358673,107.0,133.0,116.0,133.4219970703125
18.2,2.6089932292200145e-06,0.0,0.0,9.009888577391,0.3316380709875375,0.8420720943358673,107.0,133.0,116.0,133.4219970703125
18.25,3.2269254326812613e-06,0.0,0.0,9.009888577391,0.3316380709875375,0.8420720943358673,107.0,133.0,116.0,133.4219970703125
18.3,3.7418573180335617e-06,0.0,0.0,9.009888577391,0.3316380709875375,0.8420720943358673,107.0,133.0,116.0,133.4219970703125
18.35,5.664276661658234e-06,0.0,0.0,9.009888577391,0.3316380709875375,0.8420720943358673,107.0,133.0,116.0,133.4219970703125
18.400000000000002,4.9090670173650825e-06,0.0,0.0,9.009888577391,0.3316380709875375,0.8420720943358673,107.0,133.0,116.0,133.4219970703125
18.45,3.776185585081976e-07,0.0,0.0,9.009888577391,0.3316380709875375,0.8420720943358673,107.0,133.0,116.0,133.4219970703125
18.5,1.0298668322640617e-06,0.0,0.0,9.009888577391,0.3316380709875375,0.8420720943358673,107.0,133.0,116.0,133.4219970703125
18.55,1.6821151576287648e-06,0.0,0.0,9.009888577391,0.3316380709875375,0.8420720943358673,107.0,133.0,116.0,133.4219970703125
18.6,2.2313789976036553e-06,0.0,0.0,9.009888577391,0.3316380709875375,0.8420720943358673,107.0,133.0,116.0,133.4219970703125
18.650000000000002,2.746339205568055e-06,0.0,0.0,9.009888577391,0.3316380709875375,0.8420720943358673,107.0,133.0,116.0,133.4219970703125
18.7,3.3996055862790476e-06,0.0,0.0,9.009888577391,0.3316380709875375,0.8420720943358673,107.0,133.0,116.0,133.4219970703125
18.75,3.947879532234119e-06,0.0,0.0,9.009888577391,0.3316380709875375,0.8420720943358673,107.0,133.0,116.0,133.4219970703125
18.8,4.5314341505810095e-06,0.0,0.0,9.009888577391,0.3316380709875375,0.8420720943358673,107.0,133.0,116.0,133.4219970703125
18.85,1.0298673325545147e-07,0.0,0.0,9.009888577391,0.3316380709875375,0.8420720943358673,107.0,133.0,116.0,133.4219970703125
18.900000000000002,6.179730987199244e-07,0.0,0.0,9.009888577391,0.3316380709875375,0.8420720943358673,107.0,133.0,116.0,133.4219970703125
18.95,1.2358948391243647e-06,0.0,0.0,9.009888577391,0.3316380709875375,0.8420720943358673,107.0,133.0,116.0,133.4219970703125
19.0,1.853758842157875e-06,0.0,0.0,9.009888577391,0.3316380709875375,0.8420720943358673,107.0,133.0,116.0,133.4219970703125
19.05,2.4374125409751042e-06,0.0,0.0,9.009888577391,0.3316380709875375,0.8420720943358673,107.0,133.0,116.0,133.4219970703125
19.1,2.986684521872364e-06,0.0,0.0,9.009888577391,0.3316380709875375,0.8420720943358673,107.0,133.0,116.0,133.4219970703125
19.150000000000002,3.570265972101915e-06,0.0,0.0,9.009888577391,0.3316380709875375,0.8420720943358673,107.0,133.0,116.0,133.4219970703125
19.200000000000003,4.188151596935616e-06,0.0,0.0,9.009888577391,0.3316380709875375,0.8420720943358673,107.0,133.0,116.0,133.4219970703125
19.25,4.8060590972844165e-06,0.0,0.0,9.009888577391,0.3316380709875375,0.8420720943358673,107.0,133.0,116.0,133.4219970703125
19.3,5.149334853853036e-07,0.0,0.0,9.009888577391,0.3316380709875375,0.8420720943358673,107.0,133.0,116.0,133.4219970703125
19.35,1.167181807940226e-06,0.0,0.0,9.009888577391,0.3316380709875375,0.8420720943358673,107.0,133.0,116.0,133.4219970703125
19.400000000000002,1.8194300302111085e-06,0.0,0.0,9.009888577391,0.3316380709875375,0.8420720943358673,107.0,133.0,116.0,133.4219970703125
19.450000000000003,2.4716782528911145e-06,0.0,0.0,9.009888577391,0.3316380709875375,0.8420720943358673,107.0,133.0,116.0,133.4219970703125
19.5,3.1253916016321094e-06,0.0,0.0,9.009888577391,0.3316380709875375,0.8420720943358673,107.0,133.0,116.0,133.4219970703125
19.55,3.6388568324309302e-06,0.0,0.0,9.009888577391,0.3316380709875375,0.8420720943358673,107.0,133.0,116.0,133.4219970703125
19.6,4.256804996099527e-06,0.0,0.0,9.009888577391,0.3316380709875375,0.8420720943358673,107.0,133.0,116.0,133.4219970703125
19.650000000000002,4.806065264363904e-06,0.0,0.0,9.009888577391,0.3316380709875375,0.8420720943358673,107.0,133.0,116.0,133.4219970703125
19.700000000000003,2.40301857602664e-07,0.0,0.0,9.009888577391,0.3316380709875375,0.8420720943358673,107.0,133.0,116.0,133.4219970703125
19.75,8.925519637865687e-07,0.0,0.0,9.009888577391,0.3316380709875375,0.8420720943358673,107.0,133.0,116.0,133.4219970703125
19.8,1.5448001856791918e-06,0.0,0.0,9.009888577391,0.3316380709875375,0.8420720943358673,107.0,133.0,116.0,133.4219970703125
19.85,2.162746287218239e-06,0.0,0.0,9.009888577391,0.3316380709875375,0.8420720943358673,107.0,133.0,116.0,133.4219970703125
19.900000000000002,2.6776706006544637e-06,0.0,0.0,9.009888577391,0.3316380709875375,0.8420720943358673,107.0,133.0,116.0,133.4219970703125
19.950000000000003,3.2955990795508903e-06,0.0,0.0,9.009888577391,0.3316380709875375,0.8420720943358673,107.0,133.0,116.0,133.4219970703125
20.0,3.844875013672951e-06,0.0,0.0,9.009888577391,0.3316380709875375,0.8420720943358673,107.0,133.0,116.0,133.4219970703125
20.05,4.497775543619116e-06,0.0,0.0,9.009888577391,0.3316380709875375,0.8420720943358673,107.0,133.0,116.0,133.4219970703125
20.1,0.0,0.0,0.0,9.009888577391,0.3316380709875375,0.8420720943358673,107.0,133.0,116.0,133.4219970703125
20.150000000000002,6.865995626129935e-07,0.0,0.0,9.009888577391,0.3316380709875375,0.8420720943358673,107.0,133.0,116.0,133.4219970703125
20.200000000000003,1.3388848173443673e-06,0.0,0.0,9.009888577391,0.3316380709875375,0.8420720943358673,107.0,133.0,116.0,133.4219970703125
20.25,1.9586516350184255e-06,0.0,0.0,9.009888577391,0.3316380709875375,0.8420720943358673,107.0,133.0,116.0,133.4219970703125
20.3,2.6090432987660232e-06,0.0,0.0,9.009888577391,0.3316380709875375,0.8420720943358673,107.0,133.0,116.0,133.4219970703125
20.35,3.226964519128628e-06,0.0,0.0,9.009888577391,0.3316380709875375,0.8420720943358673,107.0,133.0,116.0,133.4219970703125
20.400000000000002,3.844889267655541e-06,0.0,0.0,9.009888577391,0.3316380709875375,0.8420720943358673,107.0,133.0,116.0,133.4219970703125
20.450000000000003,5.0807456600850205e-06,0.0,0.0,9.009888577391,0.3316380709875375,0.8420720943358673,107.0,133.0,116.0,133.4219970703125
20.5,5.080732993992682e-06,0.0,0.0,9.009888577391,0.3316380709875375,0.8420720943358673,107.0,133.0,116.0,133.4219970703125
20.55,4.119535349598651e-07,0.0,0.0,9.009888577391,0.3316380709875375,0.8420720943358673,107.0,133.0,116.0,133.4219970703125
20.6,1.0642378945975266e-06,0.0,0.0,9.009888577391,0.3316380709875375,0.8420720943358673,107.0,133.0,116.0,133.4219970703125
20.650000000000002,4.462896038731132e-07,0.0,0.0,9.009888577391,0.3316380709875375,0.8420720943358673,107.0,133.0,116.0,133.4219970703125
20.700000000000003,2.3343979430108233e-06,0.0,0.0,9.009888577391,0.3316380709875375,0.8420720943358673,107.0,133.0,116.0,133.4219970703125
20.75,2.9522810666257755e-06,0.0,0.0,9.009888577391,0.3316380709875375,0.8420720943358673,107.0,133.0,116.0,133.4219970703125
20.8,2.3000364586831654e-06,0.0,0.0,9.009888577391,0.3316380709875375,0.8420720943358673,107.0,133.0,116.0,133.4219970703125
20.85,2.952765124997119e-06,0.0,0.0,9.009888577391,0.3316380709875375,0.8420720943358673,107.0,133.0,116.0,133.4219970703125
20.900000000000002,3.604549034759228e-06,0.0,0.0,9.009888577391,0.3316380709875375,0.8420720943358673,107.0,133.0,116.0,133.4219970703125
20.950000000000003,1.0298663897189912e-07,0.0,0.0,9.009888577391,0.3316380709875375,0.8420720943358673,107.0,133.0,116.0,133.4219970703125
21.0,7.552333904888241e-07,0.0,0.0,9.009888577391,0.3316380709875375,0.8420720943358673,107.0,133.0,116.0,133.4219970703125
21.05,1.3731555799912585e-06,0.0,0.0,9.009888577391,0.3316380709875375,0.8420720943358673,107.0,133.0,116.0,133.4219970703125
21.1,1.9915921754624823e-06,0.0,0.0,9.009888577391,0.3316380709875375,0.8420720943358673,107.0,133.0,116.0,133.4219970703125
21.150000000000002,2.608992386413423e-06,0.0,0.0,9.009888577391,0.3316380709875375,0.8420720943358673,107.0,133.0,116.0,133.4219970703125
21.200000000000003,3.226910973291065e-06,0.0,0.0,9.009888577391,0.3316380709875375,0.8420720943358673,107.0,133.0,116.0,133.4219970703125
21.25,3.844836731356219e-06,0.0,0.0,9.009888577391,0.3316380709875375,0.8420720943358673,107.0,133.0,116.0,133.4219970703125
21.3,4.462741213076619e-06,0.0,0.0,9.009888577391,0.3316380709875375,0.8420720943358673,107.0,133.0,116.0,133.4219970703125
21.35,5.114988983245119e-06,0.0,0.0,9.009888577391,0.3316380709875375,0.8420720943358673,107.0,133.0,116.0,133.4219970703125
21.400000000000002,5.492782136977651e-07,0.0,0.0,9.009888577391,0.3316380709875375,0.8420720943358673,107.0,133.0,116.0,133.4219970703125
21.450000000000003,1.2015631939656526e-06,0.0,0.0,9.009888577391,0.3316380709875375,0.8420720943358673,107.0,133.0,116.0,133.4219970703125
21.5,1.8215463367665263e-06,0.0,0.0,9.009888577391,0.3316380709875375,0.8420720943358673,107.0,133.0,116.0,133.4219970703125
21.55,2.472453278286467e-06,0.0,0.0,9.009888577391,0.3316380709875375,0.8420720943358673,107.0,133.0,116.0,133.4219970703125
21.6,3.0896472459982137e-06,0.0,0.0,9.009888577391,0.3316380709875375,0.8420720943358673,107.0,133.0,116.0,133.4219970703125
21.650000000000002,3.7075734233936646e-06,0.0,0.0,9.009888577391,0.3316380709875375,0.8420720943358673,107.0,133.0,116.0,133.4219970703125
21.700000000000003,4.325776735785518e-06,0.0,0.0,9.009888577391,0.3316380709875375,0.8420720943358673,107.0,133.0,116.0,133.4219970703125
21.75,3.6388560356258835e-06,0.0,0.0,9.009888577391,0.3316380709875375,0.8420720943358673,107.0,133.0,116.0,133.4219970703125
21.8,2.746341843066914e-07,0.0,0.0,9.009888577391,0.3316380709875375,0.8420720943358673,107.0,133.0,116.0,133.4219970703125
21.85,9.612458761607668e-07,0.0,0.0,9.009888577391,0.3316380709875375,0.8420720943358673,107.0,133.0,116.0,133.4219970703125
21.900000000000002,1.5791552915019566e-06,0.0,0.0,9.009888577391,0.3316380709875375,0.8420720943358673,107.0,133.0,116.0,133.4219970703125
21.950000000000003,2.197084595901482e-06,0.0,0.0,9.009888577391,0.3316380709875375,0.8420720943358673,107.0,133.0,116.0,133.4219970703125
22.0,2.7819734630340865e-06,0.0,0.0,9.009888577391,0.3316380709875375,0.8420720943358673,107.0,133.0,116.0,133.4219970703125
22.05,3.432924224880146e-06,0.0,0.0,9.009888577391,0.3316380709875375,0.8420720943358673,107.0,133.0,116.0,133.4219970703125
22.1,4.668797737563845e-06,0.0,0.0,9.009888577391,0.3316380709875375,0.8420720943358673,107.0,133.0,116.0,133.4219970703125
22.150000000000002,4.6687838643077466e-06,0.0,0.0,9.009888577391,0.3316380709875375,0.8420720943358673,107.0,133.0,116.0,133.4219970703125
22.200000000000003,0.0,0.0,0.0,9.009888577391,0.3316380709875375,0.8420720943358673,107.0,133.0,116.0,133.4219970703125
22.25,6.866293465388601e-07,0.0,0.0,9.009888577391,0.3316380709875375,0.8420720943358673,107.0,133.0,116.0,133.4219970703125
22.3,1.3732922022756757e-06,0.0,0.0,9.009888577391,0.3316380709875375,0.8420720943358673,107.0,133.0,116.0,133.4219970703125
22.35,1.99120216739869e-06,0.0,0.0,9.009888577391,0.3316380709875375,0.8420720943358673,107.0,133.0,116.0,133.4219970703125
22.400000000000002,2.6090628886097076e-06,0.0,0.0,9.009888577391,0.3316380709875375,0.8420720943358673,107.0,133.0,116.0,133.4219970703125
22.450000000000003,3.2612598645559057e-06,0.0,0.0,9.009888577391,0.3316380709875375,0.8420720943358673,107.0,133.0,116.0,133.4219970703125
22.5,2.643381857981244e-06,0.0,0.0,9.009888577391,0.3316380709875375,0.8420720943358673,107.0,133.0,116.0,133.4219970703125
22.55,2.6433907689900692e-06,0.0,0.0,9.009888577391,0.3316380709875375,0.8420720943358673,107.0,133.0,116.0,133.4219970703125
22.6,5.149333770734935e-06,0.0,0.0,9.009888577391,0.3316380709875375,0.8420720943358673,107.0,133.0,116.0,133.4219970703125
22.650000000000002,4.1198357820376026e-07,0.0,0.0,9.009888577391,0.3316380709875375,0.8420720943358673,107.0,133.0,116.0,133.4219970703125
22.700000000000003,1.0986577496628491e-06,0.0,0.0,9.009888577391,0.3316380709875375,0.8420720943358673,107.0,133.0,116.0,133.4219970703125
22.75,4.462905031646043e-07,0.0,0.0,9.009888577391,0.3316380709875375,0.8420720943358673,107.0,133.0,116.0,133.4219970703125
22.8,1.7508962542014537e-06,0.0,0.0,9.009888577391,0.3316380709875375,0.8420720943358673,107.0,133.0,116.0,133.4219970703125
22.85,2.4030413102792077e-06,0.0,0.0,9.009888577391,0.3316380709875375,0.8420720943358673,107.0,133.0,116.0,133.4219970703125
22.900000000000002,3.638951980620046e-06,0.0,0.0,9.009888577391,0.3316380709875375,0.8420720943358673,107.0,133.0,116.0,133.4219970703125
22.950000000000003,3.63898965070961e-06,0.0,0.0,9.009888577391,0.3316380709875375,0.8420720943358673,107.0,133.0,116.0,133.4219970703125
23.0,4.87480721421779e-06,0.0,0.0,9.009888577391,0.3316380709875375,0.8420720943358673,107.0,133.0,116.0,133.4219970703125
23.05,1.373156307053014e-07,0.0,0.0,9.009888577391,0.3316380709875375,0.8420720943358673,107.0,133.0,116.0,133.4219970703125
23.1,8.239242111028816e-07,0.0,0.0,9.009888577391,0.3316380709875375,0.8420720943358673,107.0,133.0,116.0,133.4219970703125
23.150000000000002,1.4418347793832182e-06,0.0,0.0,9.009888577391,0.3316380709875375,0.8420720943358673,107.0,133.0,116.0,133.4219970703125
23.200000000000003,2.0940856599666583e-06,0.0,0.0,9.009888577391,0.3316380709875375,0.8420720943358673,107.0,133.0,116.0,133.4219970703125
23.25,2.7463397451280294e-06,0.0,0.0,9.009888577391,0.3316380709875375,0.8420720943358673,107.0,133.0,116.0,133.4219970703125
23.3,3.364262052627533e-06,0.0,0.0,9.009888577391,0.3316380709875375,0.8420720943358673,107.0,133.0,116.0,133.4219970703125
23.35,3.9821659788279135e-06,0.0,0.0,9.009888577391,0.3316380709875375,0.8420720943358673,107.0,133.0,116.0,133.4219970703125
23.400000000000002,4.600364640656156e-06,0.0,0.0,9.009888577391,0.3316380709875375,0.8420720943358673,107.0,133.0,116.0,133.4219970703125
23.450000000000003,5.217987441979347e-06,0.0,0.0,9.009888577391,0.3316380709875375,0.8420720943358673,107.0,133.0,116.0,133.4219970703125
23.5,5.492782136977651e-07,0.0,0.0,9.009888577391,0.3316380709875375,0.8420720943358673,107.0,133.0,116.0,133.4219970703125
23.55,1.167192752262156e-06,0.0,0.0,9.009888577391,0.3316380709875375,0.8420720943358673,107.0,133.0,116.0,133.4219970703125
23.6,5.149996265678379e-07,0.0,0.0,9.009888577391,0.3316380709875375,0.8420720943358673,107.0,133.0,116.0,133.4219970703125
23.650000000000002,2.4716923776581414e-06,0.0,0.0,9.009888577391,0.3316380709875375,0.8420720943358673,107.0,133.0,116.0,133.4219970703125
23.700000000000003,3.0564703523321647e-06,0.0,0.0,9.009888577391,0.3316380709875375,0.8420720943358673,107.0,133.0,116.0,133.4219970703125
23.75,3.7075671394584754e-06,0.0,0.0,9.009888577391,0.3316380709875375,0.8420720943358673,107.0,133.0,116.0,133.4219970703125
23.8,4.325463653967769e-06,0.0,0.0,9.009888577391,0.3316380709875375,0.8420720943358673,107.0,133.0,116.0,133.4219970703125
23.85,4.97771969841537e-06,0.0,0.0,9.009888577391,0.3316380709875375,0.8420720943358673,107.0,133.0,116.0,133.4219970703125
23.900000000000002,2.746341843066914e-07,0.0,0.0,9.009888577391,0.3316380709875375,0.8420720943358673,107.0,133.0,116.0,133.4219970703125
23.950000000000003,9.612458761607668e-07,0.0,0.0,9.009888577391,0.3316380709875375,0.8420720943358673,107.0,133.0,116.0,133.4219970703125
24.0,1.5791656459829e-06,0.0,0.0,9.009888577391,0.3316380709875375,0.8420720943358673,107.0,133.0,116.0,133.4219970703125
24.05,2.2314145435333494e-06,0.0,0.0,9.009888577391,0.3316380709875375,0.8420720943358673,107.0,133.0,116.0,133.4219970703125
24.1,2.883623040633124e-06,0.0,0.0,9.009888577391,0.3316380709875375,0.8420720943358673,107.0,133.0,116.0,133.4219970703125
24.150000000000002,3.4681500723060205e-06,0.0,0.0,9.009888577391,0.3316380709875375,0.8420720943358673,107.0,133.0,116.0,133.4219970703125
24.200000000000003,2.8493037659134166e-06,0.0,0.0,9.009888577391,0.3316380709875375,0.8420720943358673,107.0,133.0,116.0,133.4219970703125
24.25,4.703657214666922e-06,0.0,0.0,9.009888577391,0.3316380709875375,0.8420720943358673,107.0,133.0,116.0,133.4219970703125
24.3,0.0,0.0,0.0,9.009888577391,0.3316380709875375,0.8420720943358673,107.0,133.0,116.0,133.4219970703125
24.35,6.865995626129935e-07,0.0,0.0,9.009888577391,0.3316380709875375,0.8420720943358673,107.0,133.0,116.0,133.4219970703125
24.400000000000002,1.3045319173157159e-06,0.0,0.0,9.009888577391,0.3316380709875375,0.8420720943358673,107.0,133.0,116.0,133.4219970703125
24.450000000000003,1.9228987826142724e-06,0.0,0.0,9.009888577391,0.3316380709875375,0.8420720943358673,107.0,133.0,116.0,133.4219970703125
24.5,2.5403713655368326e-06,0.0,0.0,9.009888577391,0.3316380709875375,0.8420720943358673,107.0,133.0,116.0,133.4219970703125
24.55,3.158296008661891e-06,0.0,0.0,9.009888577391,0.3316380709875375,0.8420720943358673,107.0,133.0,116.0,133.4219970703125
24.6,3.7761854190745894e-06,0.0,0.0,9.009888577391,0.3316380709875375,0.8420720943358673,107.0,133.0,116.0,133.4219970703125
24.650000000000002,4.428437868930907e-06,0.0,0.0,9.009888577391,0.3316380709875375,0.8420720943358673,107.0,133.0,116.0,133.4219970703125
24.700000000000003,5.080687823479628e-06,0.0,0.0,9.009888577391,0.3316380709875375,0.8420720943358673,107.0,133.0,116.0,133.4219970703125
24.75,3.4328859279954185e-07,0.0,0.0,9.009888577391,0.3316380709875375,0.8420720943358673,107.0,133.0,116.0,133.4219970703125
24.8,9.612076435900164e-07,0.0,0.0,9.009888577391,0.3316380709875375,0.8420720943358673,107.0,133.0,116.0,133.4219970703125
24.85,1.579126260331191e-06,0.0,0.0,9.009888577391,0.3316380709875375,0.8420720943358673,107.0,133.0,116.0,133.4219970703125
24.900000000000002,2.1970494299501613e-06,0.0,0.0,9.009888577391,0.3316380709875375,0.8420720943358673,107.0,133.0,116.0,133.4219970703125
24.950000000000003,2.814966591510885e-06,0.0,0.0,9.009888577391,0.3316380709875375,0.8420720943358673,107.0,133.0,116.0,133.4219970703125
25.0,3.4328851915144674e-06,0.0,0.0,9.009888577391,0.3316380709875375,0.8420720943358673,107.0,133.0,116.0,133.4219970703125
25.05,4.05079315544716e-06,0.0,0.0,9.009888577391,0.3316380709875375,0.8420720943358673,107.0,133.0,116.0,133.4219970703125
25.1,3.3987002736753684e-06,0.0,0.0,9.009888577391,0.3316380709875375,0.8420720943358673,107.0,133.0,116.0,133.4219970703125
25.150000000000002,1.373156307053014e-07,0.0,0.0,9.009888577391,0.3316380709875375,0.8420720943358673,107.0,133.0,116.0,133.4219970703125
25.200000000000003,8.239242111028816e-07,0.0,0.0,9.009888577391,0.3316380709875375,0.8420720943358673,107.0,133.0,116.0,133.4219970703125
25.25,1.4418691593471572e-06,0.0,0.0,9.009888577391,0.3316380709875375,0.8420720943358673,107.0,133.0,116.0,133.4219970703125
25.3,2.0597653848630363e-06,0.0,0.0,9.009888577391,0.3316380709875375,0.8420720943358673,107.0,133.0,116.0,133.4219970703125
25.35,3.2964497113966765e-06,0.0,0.0,9.009888577391,0.3316380709875375,0.8420720943358673,107.0,133.0,116.0,133.4219970703125
25.400000000000002,2.025412038897564e-06,0.0,0.0,9.009888577391,0.3316380709875375,0.8420720943358673,107.0,133.0,116.0,133.4219970703125
25.450000000000003,2.643330502983994e-06,0.0,0.0,9.009888577391,0.3316380709875375,0.8420720943358673,107.0,133.0,116.0,133.4219970703125
25.5,3.2960517447828723e-06,0.0,0.0,9.009888577391,0.3316380709875375,0.8420720943358673,107.0,133.0,116.0,133.4219970703125
25.55,3.947847738592986e-06,0.0,0.0,9.009888577391,0.3316380709875375,0.8420720943358673,107.0,133.0,116.0,133.4219970703125
25.6,5.492782136977651e-07,0.0,0.0,9.009888577391,0.3316380709875375,0.8420720943358673,107.0,133.0,116.0,133.4219970703125
25.650000000000002,1.1672107857841857e-06,0.0,0.0,9.009888577391,0.3316380709875375,0.8420720943358673,107.0,133.0,116.0,133.4219970703125
25.700000000000003,2.4045201555032464e-06,0.0,0.0,9.009888577391,0.3316380709875375,0.8420720943358673,107.0,133.0,116.0,133.4219970703125
25.75,2.4030510672937933e-06,0.0,0.0,9.009888577391,0.3316380709875375,0.8420720943358673,107.0,133.0,116.0,133.4219970703125
25.8,3.020959616066174e-06,0.0,0.0,9.009888577391,0.3316380709875375,0.8420720943358673,107.0,133.0,116.0,133.4219970703125
25.85,2.3686917352033464e-06,0.0,0.0,9.009888577391,0.3316380709875375,0.8420720943358673,107.0,133.0,116.0,133.4219970703125
25.900000000000002,3.0214062756757286e-06,0.0,0.0,9.009888577391,0.3316380709875375,0.8420720943358673,107.0,133.0,116.0,133.4219970703125
25.950000000000003,3.673196912641216e-06,0.0,0.0,9.009888577391,0.3316380709875375,0.8420720943358673,107.0,133.0,116.0,133.4219970703125
26.0,2.4030496784799054e-07,0.0,0.0,9.009888577391,0.3316380709875375,0.8420720943358673,107.0,133.0,116.0,133.4219970703125
26.05,8.925520855504267e-07,0.0,0.0,9.009888577391,0.3316380709875375,0.8420720943358673,107.0,133.0,116.0,133.4219970703125
26.1,2.1284004087351526e-06,0.0,0.0,9.009888577391,0.3316380709875375,0.8420720943358673,107.0,133.0,116.0,133.4219970703125
26.150000000000002,2.12838855448254e-06,0.0,0.0,9.009888577391,0.3316380709875375,0.8420720943358673,107.0,133.0,116.0,133.4219970703125
26.200000000000003,2.746306860746963e-06,0.0,0.0,9.009888577391,0.3316380709875375,0.8420720943358673,107.0,133.0,116.0,133.4219970703125
26.25,3.364252687262001e-06,0.0,0.0,9.009888577391,0.3316380709875375,0.8420720943358673,107.0,133.0,116.0,133.4219970703125
26.3,4.050797509867775e-06,0.0,0.0,9.009888577391,0.3316380709875375,0.8420720943358673,107.0,133.0,116.0,133.4219970703125
26.35,3.398559126822963e-06,0.0,0.0,9.009888577391,0.3316380709875375,0.8420720943358673,107.0,133.0,116.0,133.4219970703125
26.400000000000002,0.0,0.0,0.0,9.009888577391,0.3316380709875375,0.8420720943358673,107.0,133.0,116.0,133.4219970703125
26.450000000000003,6.179188208543376e-07,0.0,0.0,9.009888577391,0.3316380709875375,0.8420720943358673,107.0,133.0,116.0,133.4219970703125
26.5,1.2358374796143515e-06,0.0,0.0,9.009888577391,0.3316380709875375,0.8420720943358673,107.0,133.0,116.0,133.4219970703125
26.55,1.8537596744968797e-06,0.0,0.0,9.009888577391,0.3316380709875375,0.8420720943358673,107.0,133.0,116.0,133.4219970703125
26.6,2.4716772779546913e-06,0.0,0.0,9.009888577391,0.3316380709875375,0.8420720943358673,107.0,133.0,116.0,133.4219970703125
26.650000000000002,3.089596280574652e-06,0.0,0.0,9.009888577391,0.3316380709875375,0.8420720943358673,107.0,133.0,116.0,133.4219970703125
26.700000000000003,3.7075328956486503e-06,0.0,0.0,9.009888577391,0.3316380709875375,0.8420720943358673,107.0,133.0,116.0,133.4219970703125
26.75,4.3254373855996296e-06,0.0,0.0,9.009888577391,0.3316380709875375,0.8420720943358673,107.0,133.0,116.0,133.4219970703125
26.8,4.943340493080815e-06,0.0,0.0,9.009888577391,0.3316380709875375,0.8420720943358673,107.0,133.0,116.0,133.4219970703125
26.85,3.4328859279954185e-07,0.0,0.0,9.009888577391,0.3316380709875375,0.8420720943358673,107.0,133.0,116.0,133.4219970703125
26.900000000000002,9.612076435900164e-07,0.0,0.0,9.009888577391,0.3316380709875375,0.8420720943358673,107.0,133.0,116.0,133.4219970703125
26.950000000000003,1.579126260331191e-06,0.0,0.0,9.009888577391,0.3316380709875375,0.8420720943358673,107.0,133.0,116.0,133.4219970703125
27.0,2.197044877113355e-06,0.0,0.0,9.009888577391,0.3316380709875375,0.8420720943358673,107.0,133.0,116.0,133.4219970703125
27.05,2.8149671773704554e-06,0.0,0.0,9.009888577391,0.3316380709875375,0.8420720943358673,107.0,133.0,116.0,133.4219970703125
27.1,3.432885118666226e-06,0.0,0.0,9.009888577391,0.3316380709875375,0.8420720943358673,107.0,133.0,116.0,133.4219970703125
27.150000000000002,4.050793155431604e-06,0.0,0.0,9.009888577391,0.3316380709875375,0.8420720943358673,107.0,133.0,116.0,133.4219970703125
27.200000000000003,4.6687332504004e-06,0.0,0.0,9.009888577391,0.3316380709875375,0.8420720943358673,107.0,133.0,116.0,133.4219970703125
27.25,1.373156307053014e-07,0.0,0.0,9.009888577391,0.3316380709875375,0.8420720943358673,107.0,133.0,116.0,133.4219970703125
27.3,8.239242111028816e-07,0.0,0.0,9.009888577391,0.3316380709875375,0.8420720943358673,107.0,133.0,116.0,133.4219970703125
27.35,1.441856147365618e-06,0.0,0.0,9.009888577391,0.3316380709875375,0.8420720943358673,107.0,133.0,116.0,133.4219970703125
27.400000000000002,2.0597567050893392e-06,0.0,0.0,9.009888577391,0.3316380709875375,0.8420720943358673,107.0,133.0,116.0,133.4219970703125
27.450000000000003,1.407484394273984e-06,0.0,0.0,9.009888577391,0.3316380709875375,0.8420720943358673,107.0,133.0,116.0,133.4219970703125
27.5,3.295612461974237e-06,0.0,0.0,9.009888577391,0.3316380709875375,0.8420720943358673,107.0,133.0,116.0,133.4219970703125
27.55,3.913533596406253e-06,0.0,0.0,9.009888577391,0.3316380709875375,0.8420720943358673,107.0,133.0,116.0,133.4219970703125
27.6,4.531429877226568e-06,0.0,0.0,9.009888577391,0.3316380709875375,0.8420720943358673,107.0,133.0,116.0,133.4219970703125
27.650000000000002,5.1150637046904166e-06,0.0,0.0,9.009888577391,0.3316380709875375,0.8420720943358673,107.0,133.0,116.0,133.4219970703125
27.700000000000003,4.119761612820098e-07,0.0,0.0,9.009888577391,0.3316380709875375,0.8420720943358673,107.0,133.0,116.0,133.4219970703125
27.75,9.269728594607904e-07,0.0,0.0,9.009888577391,0.3316380709875375,0.8420720943358673,107.0,133.0,116.0,133.4219970703125
27.8,1.5813883115386774e-06,0.0,0.0,9.009888577391,0.3316380709875375,0.8420720943358673,107.0,133.0,116.0,133.4219970703125
27.85,2.1284758429043807e-06,0.0,0.0,9.009888577391,0.3316380709875375,0.8420720943358673,107.0,133.0,116.0,133.4219970703125
27.900000000000002,2.7120485939274422e-06,0.0,0.0,9.009888577391,0.3316380709875375,0.8420720943358673,107.0,133.0,116.0,133.4219970703125
27.950000000000003,3.329916215365163e-06,0.0,0.0,9.009888577391,0.3316380709875375,0.8420720943358673,107.0,133.0,116.0,133.4219970703125
28.0,3.948638857852796e-06,0.0,0.0,9.009888577391,0.3316380709875375,0.8420720943358673,107.0,133.0,116.0,133.4219970703125
28.05,4.566296412000678e-06,0.0,0.0,9.009888577391,0.3316380709875375,0.8420720943358673,107.0,133.0,116.0,133.4219970703125
28.1,2.40301857602664e-07,0.0,0.0,9.009888577391,0.3316380709875375,0.8420720943358673,107.0,133.0,116.0,133.4219970703125
28.150000000000002,8.925519637865192e-07,0.0,0.0,9.009888577391,0.3316380709875375,0.8420720943358673,107.0,133.0,116.0,133.4219970703125
28.200000000000003,1.5448001856791918e-06,0.0,0.0,9.009888577391,0.3316380709875375,0.8420720943358673,107.0,133.0,116.0,133.4219970703125
28.25,2.197044827123394e-06,0.0,0.0,9.009888577391,0.3316380709875375,0.8420720943358673,107.0,133.0,116.0,133.4219970703125
28.3,2.814985413669243e-06,0.0,0.0,9.009888577391,0.3316380709875375,0.8420720943358673,107.0,133.0,116.0,133.4219970703125
28.35,3.3299168340162177e-06,0.0,0.0,9.009888577391,0.3316380709875375,0.8420720943358673,107.0,133.0,116.0,133.4219970703125
28.400000000000002,5.217984858015341e-06,0.0,0.0,9.009888577391,0.3316380709875375,0.8420720943358673,107.0,133.0,116.0,133.4219970703125
28.450000000000003,4.462782871226333e-06,0.0,0.0,9.009888577391,0.3316380709875375,0.8420720943358673,107.0,133.0,116.0,133.4219970703125
28.5,0.0,0.0,0.0,9.009888577391,0.3316380709875375,0.8420720943358673,107.0,133.0,116.0,133.4219970703125
28.55,5.149767873915904e-07,0.0,0.0,9.009888577391,0.3316380709875375,0.8420720943358673,107.0,133.0,116.0,133.4219970703125
28.6,1.1672054224199255e-06,0.0,0.0,9.009888577391,0.3316380709875375,0.8420720943358673,107.0,133.0,116.0,133.4219970703125
28.650000000000002,1.8216811849490085e-06,0.0,0.0,9.009888577391,0.3316380709875375,0.8420720943358673,107.0,133.0,116.0,133.4219970703125
28.700000000000003,2.334408503521297e-06,0.0,0.0,9.009888577391,0.3316380709875375,0.8420720943358673,107.0,133.0,116.0,133.4219970703125
28.75,2.9877688352240675e-06,0.0,0.0,9.009888577391,0.3316380709875375,0.8420720943358673,107.0,133.0,116.0,133.4219970703125
28.8,3.535929789675198e-06,0.0,0.0,9.009888577391,0.3316380709875375,0.8420720943358673,107.0,133.0,116.0,133.4219970703125
28.85,4.085206266820709e-06,0.0,0.0,9.009888577391,0.3316380709875375,0.8420720943358673,107.0,133.0,116.0,133.4219970703125
28.900000000000002,4.668796576231314e-06,0.0,0.0,9.009888577391,0.3316380709875375,0.8420720943358673,107.0,133.0,116.0,133.4219970703125
28.950000000000003,4.1195353496013883e-07,0.0,0.0,9.009888577391,0.3316380709875375,0.8420720943358673,107.0,133.0,116.0,133.4219970703125
29.0,1.098567461789364e-06,0.0,0.0,9.009888577391,0.3316380709875375,0.8420720943358673,107.0,133.0,116.0,133.4219970703125
29.05,4.462814527067467e-07,0.0,0.0,9.009888577391,0.3316380709875375,0.8420720943358673,107.0,133.0,116.0,133.4219970703125
29.1,2.334407012790368e-06,0.0,0.0,9.009888577391,0.3316380709875375,0.8420720943358673,107.0,133.0,116.0,133.4219970703125
29.150000000000002,2.9523121613943625e-06,0.0,0.0,9.009888577391,0.3316380709875375,0.8420720943358673,107.0,133.0,116.0,133.4219970703125
29.200000000000003,3.536791444956901e-06,0.0,0.0,9.009888577391,0.3316380709875375,0.8420720943358673,107.0,133.0,116.0,133.4219970703125
29.25,4.15440002287434e-06,0.0,0.0,9.009888577391,0.3316380709875375,0.8420720943358673,107.0,133.0,116.0,133.4219970703125
29.3,4.772304253327617e-06,0.0,0.0,9.009888577391,0.3316380709875375,0.8420720943358673,107.0,133.0,116.0,133.4219970703125
29.35,1.0298673325545147e-07,0.0,0.0,9.009888577391,0.3316380709875375,0.8420720943358673,107.0,133.0,116.0,133.4219970703125
29.400000000000002,6.179730987199244e-07,0.0,0.0,9.009888577391,0.3316380709875375,0.8420720943358673,107.0,133.0,116.0,133.4219970703125
29.450000000000003,1.167278053160851e-06,0.0,0.0,9.009888577391,0.3316380709875375,0.8420720943358673,107.0,133.0,116.0,133.4219970703125
29.5,1.7851016202039554e-06,0.0,0.0,9.009888577391,0.3316380709875375,0.8420720943358673,107.0,133.0,116.0,133.4219970703125
29.55,2.4031796011140125e-06,0.0,0.0,9.009888577391,0.3316380709875375,0.8420720943358673,107.0,133.0,116.0,133.4219970703125
29.6,2.952361601787247e-06,0.0,0.0,9.009888577391,0.3316380709875375,0.8420720943358673,107.0,133.0,116.0,133.4219970703125
29.650000000000002,3.570212929407205e-06,0.0,0.0,9.009888577391,0.3316380709875375,0.8420720943358673,107.0,133.0,116.0,133.4219970703125
29.700000000000003,4.18814940580061e-06,0.0,0.0,9.009888577391,0.3316380709875375,0.8420720943358673,107.0,133.0,116.0,133.4219970703125
29.75,4.806056858743361e-06,0.0,0.0,9.009888577391,0.3316380709875375,0.8420720943358673,107.0,133.0,116.0,133.4219970703125
29.8,5.149334853853036e-07,0.0,0.0,9.009888577391,0.3316380709875375,0.8420720943358673,107.0,133.0,116.0,133.4219970703125
29.85,1.1671818079402767e-06,0.0,0.0,9.009888577391,0.3316380709875375,0.8420720943358673,107.0,133.0,116.0,133.4219970703125
29.900000000000002,1.8194300302111085e-06,0.0,0.0,9.009888577391,0.3316380709875375,0.8420720943358673,107.0,133.0,116.0,133.4219970703125
29.950000000000003,2.4716782528911145e-06,0.0,0.0,9.009888577391,0.3316380709875375,0.8420720943358673,107.0,133.0,116.0,133.4219970703125
30.0,4.394099141120599e-06,0.0,0.0,9.009888577391,0.3316380709875375,0.8420720943358673,107.0,133.0,116.0,133.4219970703125
30.05,3.638853013815486e-06,0.0,0.0,9.009888577391,0.3316380709875375,0.8420720943358673,107.0,133.0,116.0,133.4219970703125
30.1,4.222461454856169e-06,0.0,0.0,9.009888577391,0.3316380709875375,0.8420720943358673,107.0,133.0,116.0,133.4219970703125
30.150000000000002,4.80605562471013e-06,0.0,0.0,9.009888577391,0.3316380709875375,0.8420720943358673,107.0,133.0,116.0,133.4219970703125
30.200000000000003,2.40301857602664e-07,0.0,0.0,9.009888577391,0.3316380709875375,0.8420720943358673,107.0,133.0,116.0,133.4219970703125
30.25,8.925519637865687e-07,0.0,0.0,9.009888577391,0.3316380709875375,0.8420720943358673,107.0,133.0,116.0,133.4219970703125
30.3,1.5448001856791918e-06,0.0,0.0,9.009888577391,0.3316380709875375,0.8420720943358673,107.0,133.0,116.0,133.4219970703125
30.35,2.197044827123394e-06,0.0,0.0,9.009888577391,0.3316380709875375,0.8420720943358673,107.0,133.0,116.0,133.4219970703125
30.400000000000002,2.8149854136692234e-06,0.0,0.0,9.009888577391,0.3316380709875375,0.8420720943358673,107.0,133.0,116.0,133.4219970703125
30.450000000000003,3.3299168340162177e-06,0.0,0.0,9.009888577391,0.3316380709875375,0.8420720943358673,107.0,133.0,116.0,133.4219970703125
30.5,3.947859040516439e-06,0.0,0.0,9.009888577391,0.3316380709875375,0.8420720943358673,107.0,133.0,116.0,133.4219970703125
30.55,4.497119019525143e-06,0.0,0.0,9.009888577391,0.3316380709875375,0.8420720943358673,107.0,133.0,116.0,133.4219970703125
30.6,0.0,0.0,0.0,9.009888577391,0.3316380709875375,0.8420720943358673,107.0,133.0,116.0,133.4219970703125
30.650000000000002,5.149788231141136e-07,0.0,0.0,9.009888577391,0.3316380709875375,0.8420720943358673,107.0,133.0,116.0,133.4219970703125
30.700000000000003,1.1672164503226685e-06,0.0,0.0,9.009888577391,0.3316380709875375,0.8420720943358673,107.0,133.0,116.0,133.4219970703125
30.75,1.8216046583054325e-06,0.0,0.0,9.009888577391,0.3316380709875375,0.8420720943358673,107.0,133.0,116.0,133.4219970703125
30.8,2.3344187701933198e-06,0.0,0.0,9.009888577391,0.3316380709875375,0.8420720943358673,107.0,133.0,116.0,133.4219970703125
30.85,2.9522836227379086e-06,0.0,0.0,9.009888577391,0.3316380709875375,0.8420720943358673,107.0,133.0,116.0,133.4219970703125
30.900000000000002,4.840387479958283e-06,0.0,0.0,9.009888577391,0.3316380709875375,0.8420720943358673,107.0,133.0,116.0,133.4219970703125
30.950000000000003,4.119515729326862e-06,0.0,0.0,9.009888577391,0.3316380709875375,0.8420720943358673,107.0,133.0,116.0,133.4219970703125
31.0,4.703113365245752e-06,0.0,0.0,9.009888577391,0.3316380709875375,0.8420720943358673,107.0,133.0,116.0,133.4219970703125
31.05,3.0897804810266803e-07,0.0,0.0,9.009888577391,0.3316380709875375,0.8420720943358673,107.0,133.0,116.0,133.4219970703125
31.1,8.23973274880685e-07,0.0,0.0,9.009888577391,0.3316380709875375,0.8420720943358673,107.0,133.0,116.0,133.4219970703125
31.150000000000002,2.7463080397244447e-06,0.0,0.0,9.009888577391,0.3316380709875375,0.8420720943358673,107.0,133.0,116.0,133.4219970703125
31.200000000000003,1.991149073674495e-06,0.0,0.0,9.009888577391,0.3316380709875375,0.8420720943358673,107.0,133.0,116.0,133.4219970703125
31.25,2.6089971498134422e-06,0.0,0.0,9.009888577391,0.3316380709875375,0.8420720943358673,107.0,133.0,116.0,133.4219970703125
31.3,4.497094057603999e-06,0.0,0.0,9.009888577391,0.3316380709875375,0.8420720943358673,107.0,133.0,116.0,133.4219970703125
31.35,3.810567507518484e-06,0.0,0.0,9.009888577391,0.3316380709875375,0.8420720943358673,107.0,133.0,116.0,133.4219970703125
31.400000000000002,4.3941640679374745e-06,0.0,0.0,9.009888577391,0.3316380709875375,0.8420720943358673,107.0,133.0,116.0,133.4219970703125
31.450000000000003,1.0298663898314289e-07,0.0,0.0,9.009888577391,0.3316380709875375,0.8420720943358673,107.0,133.0,116.0,133.4219970703125
31.5,7.552334194552673e-07,0.0,0.0,9.009888577391,0.3316380709875375,0.8420720943358673,107.0,133.0,116.0,133.4219970703125
31.55,1.4074816364614726e-06,0.0,0.0,9.009888577391,0.3316380709875375,0.8420720943358673,107.0,133.0,116.0,133.4219970703125
31.6,2.059729857295064e-06,0.0,0.0,9.009888577391,0.3316380709875375,0.8420720943358673,107.0,133.0,116.0,133.4219970703125
31.650000000000002,2.711978283833886e-06,0.0,0.0,9.009888577391,0.3316380709875375,0.8420720943358673,107.0,133.0,116.0,133.4219970703125
31.700000000000003,4.634398437450899e-06,0.0,0.0,9.009888577391,0.3316380709875375,0.8420720943358673,107.0,133.0,116.0,133.4219970703125
31.75,3.879152395422116e-06,0.0,0.0,9.009888577391,0.3316380709875375,0.8420720943358673,107.0,133.0,116.0,133.4219970703125
31.8,4.462760255536065e-06,0.0,0.0,9.009888577391,0.3316380709875375,0.8420720943358673,107.0,133.0,116.0,133.4219970703125
31.85,5.0463546299484865e-06,0.0,0.0,9.009888577391,0.3316380709875375,0.8420720943358673,107.0,133.0,116.0,133.4219970703125
31.900000000000002,4.462885215656634e-07,0.0,0.0,9.009888577391,0.3316380709875375,0.8420720943358673,107.0,133.0,116.0,133.4219970703125
31.950000000000003,1.0985301206003671e-06,0.0,0.0,9.009888577391,0.3316380709875375,0.8420720943358673,107.0,133.0,116.0,133.4219970703125
32.0,1.7507766869423614e-06,0.0,0.0,9.009888577391,0.3316380709875375,0.8420720943358673,107.0,133.0,116.0,133.4219970703125
32.050000000000004,2.3687004929172206e-06,0.0,0.0,9.009888577391,0.3316380709875375,0.8420720943358673,107.0,133.0,116.0,133.4219970703125
32.1,2.883654159813271e-06,0.0,0.0,9.009888577391,0.3316380709875375,0.8420720943358673,107.0,133.0,116.0,133.4219970703125
32.15,3.5368380740185483e-06,0.0,0.0,9.009888577391,0.3316380709875375,0.8420720943358673,107.0,133.0,116.0,133.4219970703125
32.2,4.119490342098559e-06,0.0,0.0,9.009888577391,0.3316380709875375,0.8420720943358673,107.0,133.0,116.0,133.4219970703125
32.25,4.668787635404378e-06,0.0,0.0,9.009888577391,0.3316380709875375,0.8420720943358673,107.0,133.0,116.0,133.4219970703125
32.300000000000004,2.0597966658849226e-07,0.0,0.0,9.009888577391,0.3316380709875375,0.8420720943358673,107.0,133.0,116.0,133.4219970703125
32.35,7.209760231772816e-07,0.0,0.0,9.009888577391,0.3316380709875375,0.8420720943358673,107.0,133.0,116.0,133.4219970703125
32.4,1.3732090991302096e-06,0.0,0.0,9.009888577391,0.3316380709875375,0.8420720943358673,107.0,133.0,116.0,133.4219970703125
32.45,1.9567841270980925e-06,0.0,0.0,9.009888577391,0.3316380709875375,0.8420720943358673,107.0,133.0,116.0,133.4219970703125
32.5,3.844840462623349e-06,0.0,0.0,9.009888577391,0.3316380709875375,0.8420720943358673,107.0,133.0,116.0,133.4219970703125
32.550000000000004,3.1240000764756915e-06,0.0,0.0,9.009888577391,0.3316380709875375,0.8420720943358673,107.0,133.0,116.0,133.4219970703125
32.6,3.673272625955744e-06,0.0,0.0,9.009888577391,0.3316380709875375,0.8420720943358673,107.0,133.0,116.0,133.4219970703125
32.65,4.256860585311696e-06,0.0,0.0,9.009888577391,0.3316380709875375,0.8420720943358673,107.0,133.0,116.0,133.4219970703125
32.7,0.0,0.0,0.0,9.009888577391,0.3316380709875375,0.8420720943358673,107.0,133.0,116.0,133.4219970703125
32.75,6.179226324089554e-07,0.0,0.0,9.009888577391,0.3316380709875375,0.8420720943358673,107.0,133.0,116.0,133.4219970703125
32.800000000000004,1.2701696842339665e-06,0.0,0.0,9.009888577391,0.3316380709875375,0.8420720943358673,107.0,133.0,116.0,133.4219970703125
32.85,1.9224176161752638e-06,0.0,0.0,9.009888577391,0.3316380709875375,0.8420720943358673,107.0,133.0,116.0,133.4219970703125
32.9,2.5746656451480943e-06,0.0,0.0,9.009888577391,0.3316380709875375,0.8420720943358673,107.0,133.0,116.0,133.4219970703125
32.95,3.1239342216861914e-06,0.0,0.0,9.009888577391,0.3316380709875375,0.8420720943358673,107.0,133.0,116.0,133.4219970703125
33.0,3.6732168321147568e-06,0.0,0.0,9.009888577391,0.3316380709875375,0.8420720943358673,107.0,133.0,116.0,133.4219970703125
33.050000000000004,4.291092559939885e-06,0.0,0.0,9.009888577391,0.3316380709875375,0.8420720943358673,107.0,133.0,116.0,133.4219970703125
33.1,6.179187603775212e-06,0.0,0.0,9.009888577391,0.3316380709875375,0.8420720943358673,107.0,133.0,116.0,133.4219970703125
33.15,3.0897804810266803e-07,0.0,0.0,9.009888577391,0.3316380709875375,0.8420720943358673,107.0,133.0,116.0,133.4219970703125
33.2,8.582824749875536e-07,0.0,0.0,9.009888577391,0.3316380709875375,0.8420720943358673,107.0,133.0,116.0,133.4219970703125
33.25,2.7806381511337966e-06,0.0,0.0,9.009888577391,0.3316380709875375,0.8420720943358673,107.0,133.0,116.0,133.4219970703125
33.300000000000004,2.025464757590085e-06,0.0,0.0,9.009888577391,0.3316380709875375,0.8420720943358673,107.0,133.0,116.0,133.4219970703125
33.35,2.678907382064521e-06,0.0,0.0,9.009888577391,0.3316380709875375,0.8420720943358673,107.0,133.0,116.0,133.4219970703125
33.4,3.2613031225653277e-06,0.0,0.0,9.009888577391,0.3316380709875375,0.8420720943358673,107.0,133.0,116.0,133.4219970703125
33.45,3.81056490287935e-06,0.0,0.0,9.009888577391,0.3316380709875375,0.8420720943358673,107.0,133.0,116.0,133.4219970703125
33.5,4.394154463585481e-06,0.0,0.0,9.009888577391,0.3316380709875375,0.8420720943358673,107.0,133.0,116.0,133.4219970703125
33.550000000000004,1.0298673325545147e-07,0.0,0.0,9.009888577391,0.3316380709875375,0.8420720943358673,107.0,133.0,116.0,133.4219970703125
33.6,6.1797105833511e-07,0.0,0.0,9.009888577391,0.3316380709875375,0.8420720943358673,107.0,133.0,116.0,133.4219970703125
33.65,1.270197442505351e-06,0.0,0.0,9.009888577391,0.3316380709875375,0.8420720943358673,107.0,133.0,116.0,133.4219970703125
33.7,1.8537817635990126e-06,0.0,0.0,9.009888577391,0.3316380709875375,0.8420720943358673,107.0,133.0,116.0,133.4219970703125
33.75,2.4374016985727406e-06,0.0,0.0,9.009888577391,0.3316380709875375,0.8420720943358673,107.0,133.0,116.0,133.4219970703125
33.800000000000004,3.0209819635131837e-06,0.0,0.0,9.009888577391,0.3316380709875375,0.8420720943358673,107.0,133.0,116.0,133.4219970703125
33.85,4.909032419031411e-06,0.0,0.0,9.009888577391,0.3316380709875375,0.8420720943358673,107.0,133.0,116.0,133.4219970703125
33.9,4.2224969530264275e-06,0.0,0.0,9.009888577391,0.3316380709875375,0.8420720943358673,107.0,133.0,116.0,133.4219970703125
33.95,4.8060948785965745e-06,0.0,0.0,9.009888577391,0.3316380709875375,0.8420720943358673,107.0,133.0,116.0,133.4219970703125
34.0,5.492782136977651e-07,0.0,0.0,9.009888577391,0.3316380709875375,0.8420720943358673,107.0,133.0,116.0,133.4219970703125
34.050000000000004,1.2358891647666232e-06,0.0,0.0,9.009888577391,0.3316380709875375,0.8420720943358673,107.0,133.0,116.0,133.4219970703125
34.1,1.8214721608206664e-06,0.0,0.0,9.009888577391,0.3316380709875375,0.8420720943358673,107.0,133.0,116.0,133.4219970703125
34.15,2.4717324602654275e-06,0.0,0.0,9.009888577391,0.3316380709875375,0.8420720943358673,107.0,133.0,116.0,133.4219970703125
34.2,3.089653139608666e-06,0.0,0.0,9.009888577391,0.3316380709875375,0.8420720943358673,107.0,133.0,116.0,133.4219970703125
34.25,3.6732293143668128e-06,0.0,0.0,9.009888577391,0.3316380709875375,0.8420720943358673,107.0,133.0,116.0,133.4219970703125
34.300000000000004,4.3254758821532705e-06,0.0,0.0,9.009888577391,0.3316380709875375,0.8420720943358673,107.0,133.0,116.0,133.4219970703125
34.35,4.909341267978048e-06,0.0,0.0,9.009888577391,0.3316380709875375,0.8420720943358673,107.0,133.0,116.0,133.4219970703125
34.4,2.746341843066914e-07,0.0,0.0,9.009888577391,0.3316380709875375,0.8420720943358673,107.0,133.0,116.0,133.4219970703125
34.45,9.612458761607668e-07,0.0,0.0,9.009888577391,0.3316380709875375,0.8420720943358673,107.0,133.0,116.0,133.4219970703125
34.5,1.5791552915019566e-06,0.0,0.0,9.009888577391,0.3316380709875375,0.8420720943358673,107.0,133.0,116.0,133.4219970703125
34.550000000000004,2.2314056178732553e-06,0.0,0.0,9.009888577391,0.3316380709875375,0.8420720943358673,107.0,133.0,116.0,133.4219970703125
34.6,2.8836237779898266e-06,0.0,0.0,9.009888577391,0.3316380709875375,0.8420720943358673,107.0,133.0,116.0,133.4219970703125
34.65,2.231385394012691e-06,0.0,0.0,9.009888577391,0.3316380709875375,0.8420720943358673,107.0,133.0,116.0,133.4219970703125
34.7,2.849303691033407e-06,0.0,0.0,9.009888577391,0.3316380709875375,0.8420720943358673,107.0,133.0,116.0,133.4219970703125
34.75,4.703657214669023e-06,0.0,0.0,9.009888577391,0.3316380709875375,0.8420720943358673,107.0,133.0,116.0,133.4219970703125
34.800000000000004,0.0,0.0,0.0,9.009888577391,0.3316380709875375,0.8420720943358673,107.0,133.0,116.0,133.4219970703125
34.85,6.865995626129935e-07,0.0,0.0,9.009888577391,0.3316380709875375,0.8420720943358673,107.0,133.0,116.0,133.4219970703125
34.9,1.3045319173157159e-06,0.0,0.0,9.009888577391,0.3316380709875375,0.8420720943358673,107.0,133.0,116.0,133.4219970703125
34.95,1.9228987826142724e-06,0.0,0.0,9.009888577391,0.3316380709875375,0.8420720943358673,107.0,133.0,116.0,133.4219970703125
35.0,2.5403632534603936e-06,0.0,0.0,9.009888577391,0.3316380709875375,0.8420720943358673,107.0,133.0,116.0,133.4219970703125
35.050000000000004,3.192614671942766e-06,0.0,0.0,9.009888577391,0.3316380709875375,0.8420720943358673,107.0,133.0,116.0,133.4219970703125
35.1,3.844837176756085e-06,0.0,0.0,9.009888577391,0.3316380709875375,0.8420720943358673,107.0,133.0,116.0,133.4219970703125
35.15,4.497089554880719e-06,0.0,0.0,9.009888577391,0.3316380709875375,0.8420720943358673,107.0,133.0,116.0,133.4219970703125
35.2,5.1155652205402345e-06,0.0,0.0,9.009888577391,0.3316380709875375,0.8420720943358673,107.0,133.0,116.0,133.4219970703125
35.25,3.4328859279954185e-07,0.0,0.0,9.009888577391,0.3316380709875375,0.8420720943358673,107.0,133.0,116.0,133.4219970703125
35.300000000000004,9.612076435900164e-07,0.0,0.0,9.009888577391,0.3316380709875375,0.8420720943358673,107.0,133.0,116.0,133.4219970703125
35.35,1.579126260331191e-06,0.0,0.0,9.009888577391,0.3316380709875375,0.8420720943358673,107.0,133.0,116.0,133.4219970703125
35.4,2.1970494299502134e-06,0.0,0.0,9.009888577391,0.3316380709875375,0.8420720943358673,107.0,133.0,116.0,133.4219970703125
35.45,2.814966591510885e-06,0.0,0.0,9.009888577391,0.3316380709875375,0.8420720943358673,107.0,133.0,116.0,133.4219970703125
35.5,3.4328851915144674e-06,0.0,0.0,9.009888577391,0.3316380709875375,0.8420720943358673,107.0,133.0,116.0,133.4219970703125
35.550000000000004,4.05079315544716e-06,0.0,0.0,9.009888577391,0.3316380709875375,0.8420720943358673,107.0,133.0,116.0,133.4219970703125
35.6,4.668935390312156e-06,0.0,0.0,9.009888577391,0.3316380709875375,0.8420720943358673,107.0,133.0,116.0,133.4219970703125
35.65,1.0298663897189912e-07,0.0,0.0,9.009888577391,0.3316380709875375,0.8420720943358673,107.0,133.0,116.0,133.4219970703125
35.7,7.552333904887869e-07,0.0,0.0,9.009888577391,0.3316380709875375,0.8420720943358673,107.0,133.0,116.0,133.4219970703125
35.75,1.3731555799912585e-06,0.0,0.0,9.009888577391,0.3316380709875375,0.8420720943358673,107.0,133.0,116.0,133.4219970703125
35.800000000000004,1.991074295923117e-06,0.0,0.0,9.009888577391,0.3316380709875375,0.8420720943358673,107.0,133.0,116.0,133.4219970703125
35.85,2.6089929110619953e-06,0.0,0.0,9.009888577391,0.3316380709875375,0.8420720943358673,107.0,133.0,116.0,133.4219970703125
35.9,1.9570088620105462e-06,0.0,0.0,9.009888577391,0.3316380709875375,0.8420720943358673,107.0,133.0,116.0,133.4219970703125
35.95,3.913488677079008e-06,0.0,0.0,9.009888577391,0.3316380709875375,0.8420720943358673,107.0,133.0,116.0,133.4219970703125
36.0,4.600089725645863e-06,0.0,0.0,9.009888577391,0.3316380709875375,0.8420720943358673,107.0,133.0,116.0,133.4219970703125
36.050000000000004,5.184278528532517e-06,0.0,0.0,9.009888577391,0.3316380709875375,0.8420720943358673,107.0,133.0,116.0,133.4219970703125
36.1,5.492782136977651e-07,0.0,0.0,9.009888577391,0.3316380709875375,0.8420720943358673,107.0,133.0,116.0,133.4219970703125
36.15,1.1672107857841857e-06,0.0,0.0,9.009888577391,0.3316380709875375,0.8420720943358673,107.0,133.0,116.0,133.4219970703125
36.2,1.7851074415077802e-06,0.0,0.0,9.009888577391,0.3316380709875375,0.8420720943358673,107.0,133.0,116.0,133.4219970703125
36.25,2.4030554200717017e-06,0.0,0.0,9.009888577391,0.3316380709875375,0.8420720943358673,107.0,133.0,116.0,133.4219970703125
36.300000000000004,3.0209995394019164e-06,0.0,0.0,9.009888577391,0.3316380709875375,0.8420720943358673,107.0,133.0,116.0,133.4219970703125
36.35,3.6388455842940513e-06,0.0,0.0,9.009888577391,0.3316380709875375,0.8420720943358673,107.0,133.0,116.0,133.4219970703125
36.4,4.2231970562371235e-06,0.0,0.0,9.009888577391,0.3316380709875375,0.8420720943358673,107.0,133.0,116.0,133.4219970703125
36.45,4.840893513393074e-06,0.0,0.0,9.009888577391,0.3316380709875375,0.8420720943358673,107.0,133.0,116.0,133.4219970703125
36.5,2.0597296864548975e-07,0.0,0.0,9.009888577391,0.3316380709875375,0.8420720943358673,107.0,133.0,116.0,133.4219970703125
36.550000000000004,8.238926797245709e-07,0.0,0.0,9.009888577391,0.3316380709875375,0.8420720943358673,107.0,133.0,116.0,133.4219970703125
36.6,1.441811398417296e-06,0.0,0.0,9.009888577391,0.3316380709875375,0.8420720943358673,107.0,133.0,116.0,133.4219970703125
36.65,2.0597299127422957e-06,0.0,0.0,9.009888577391,0.3316380709875375,0.8420720943358673,107.0,133.0,116.0,133.4219970703125
36.7,3.295573059330347e-06,0.0,0.0,9.009888577391,0.3316380709875375,0.8420720943358673,107.0,133.0,116.0,133.4219970703125
36.75,3.2955702353042063e-06,0.0,0.0,9.009888577391,0.3316380709875375,0.8420720943358673,107.0,133.0,116.0,133.4219970703125
36.800000000000004,3.913489051190936e-06,0.0,0.0,9.009888577391,0.3316380709875375,0.8420720943358673,107.0,133.0,116.0,133.4219970703125
36.85,4.531393127890876e-06,0.0,0.0,9.009888577391,0.3316380709875375,0.8420720943358673,107.0,133.0,116.0,133.4219970703125
36.9,0.0,0.0,0.0,9.009888577391,0.3316380709875375,0.8420720943358673,107.0,133.0,116.0,133.4219970703125
36.95,6.865995626129935e-07,0.0,0.0,9.009888577391,0.3316380709875375,0.8420720943358673,107.0,133.0,116.0,133.4219970703125
37.0,1.3045442365591588e-06,0.0,0.0,9.009888577391,0.3316380709875375,0.8420720943358673,107.0,133.0,116.0,133.4219970703125
37.050000000000004,1.9224160043659483e-06,0.0,0.0,9.009888577391,0.3316380709875375,0.8420720943358673,107.0,133.0,116.0,133.4219970703125
37.1,2.540376036868177e-06,0.0,0.0,9.009888577391,0.3316380709875375,0.8420720943358673,107.0,133.0,116.0,133.4219970703125
37.15,3.1583090493989974e-06,0.0,0.0,9.009888577391,0.3316380709875375,0.8420720943358673,107.0,133.0,116.0,133.4219970703125
37.2,3.776223965542848e-06,0.0,0.0,9.009888577391,0.3316380709875375,0.8420720943358673,107.0,133.0,116.0,133.4219970703125
37.25,4.359861125135613e-06,0.0,0.0,9.009888577391,0.3316380709875375,0.8420720943358673,107.0,133.0,116.0,133.4219970703125
37.300000000000004,4.977730492620055e-06,0.0,0.0,9.009888577391,0.3316380709875375,0.8420720943358673,107.0,133.0,116.0,133.4219970703125
37.35,3.0897804810266803e-07,0.0,0.0,9.009888577391,0.3316380709875375,0.8420720943358673,107.0,133.0,116.0,133.4219970703125
37.4,8.239754580872463e-07,0.0,0.0,9.009888577391,0.3316380709875375,0.8420720943358673,107.0,133.0,116.0,133.4219970703125
37.45,1.441893663615203e-06,0.0,0.0,9.009888577391,0.3316380709875375,0.8420720943358673,107.0,133.0,116.0,133.4219970703125
37.5,1.991162783298514e-06,0.0,0.0,9.009888577391,0.3316380709875375,0.8420720943358673,107.0,133.0,116.0,133.4219970703125
37.550000000000004,2.6090051732067683e-06,0.0,0.0,9.009888577391,0.3316380709875375,0.8420720943358673,107.0,133.0,116.0,133.4219970703125
37.6,4.462744018406428e-06,0.0,0.0,9.009888577391,0.3316380709875375,0.8420720943358673,107.0,133.0,116.0,133.4219970703125
37.65,5.046355074619206e-06,0.0,0.0,9.009888577391,0.3316380709875375,0.8420720943358673,107.0,133.0,116.0,133.4219970703125
37.7,5.6299548299772285e-06,0.0,0.0,9.009888577391,0.3316380709875375,0.8420720943358673,107.0,133.0,116.0,133.4219970703125
37.75,1.373156307053014e-07,0.0,0.0,9.009888577391,0.3316380709875375,0.8420720943358673,107.0,133.0,116.0,133.4219970703125
37.800000000000004,8.239242111028816e-07,0.0,0.0,9.009888577391,0.3316380709875375,0.8420720943358673,107.0,133.0,116.0,133.4219970703125
37.85,1.441856147365618e-06,0.0,0.0,9.009888577391,0.3316380709875375,0.8420720943358673,107.0,133.0,116.0,133.4219970703125
37.9,2.0597567050893392e-06,0.0,0.0,9.009888577391,0.3316380709875375,0.8420720943358673,107.0,133.0,116.0,133.4219970703125
37.95,2.6787078900751313e-06,0.0,0.0,9.009888577391,0.3316380709875375,0.8420720943358673,107.0,133.0,116.0,133.4219970703125
38.0,2.0254169422132015e-06,0.0,0.0,9.009888577391,0.3316380709875375,0.8420720943358673,107.0,133.0,116.0,133.4219970703125
38.050000000000004,2.643334876243058e-06,0.0,0.0,9.009888577391,0.3316380709875375,0.8420720943358673,107.0,133.0,116.0,133.4219970703125
38.1,3.296078632690953e-06,0.0,0.0,9.009888577391,0.3316380709875375,0.8420720943358673,107.0,133.0,116.0,133.4219970703125
38.15,5.184161568126856e-06,0.0,0.0,9.009888577391,0.3316380709875375,0.8420720943358673,107.0,133.0,116.0,133.4219970703125
38.2,5.492782136977651e-07,0.0,0.0,9.009888577391,0.3316380709875375,0.8420720943358673,107.0,133.0,116.0,133.4219970703125
38.25,1.167192752262156e-06,0.0,0.0,9.009888577391,0.3316380709875375,0.8420720943358673,107.0,133.0,116.0,133.4219970703125
38.300000000000004,5.149996265494556e-07,0.0,0.0,9.009888577391,0.3316380709875375,0.8420720943358673,107.0,133.0,116.0,133.4219970703125
38.35,2.4716954829845114e-06,0.0,0.0,9.009888577391,0.3316380709875375,0.8420720943358673,107.0,133.0,116.0,133.4219970703125
38.400000000000006,1.8194314889263025e-06,0.0,0.0,9.009888577391,0.3316380709875375,0.8420720943358673,107.0,133.0,116.0,133.4219970703125
38.45,3.7418676578176595e-06,0.0,0.0,9.009888577391,0.3316380709875375,0.8420720943358673,107.0,133.0,116.0,133.4219970703125
38.5,4.3943507670462595e-06,0.0,0.0,9.009888577391,0.3316380709875375,0.8420720943358673,107.0,133.0,116.0,133.4219970703125
38.550000000000004,4.978373836508204e-06,0.0,0.0,9.009888577391,0.3316380709875375,0.8420720943358673,107.0,133.0,116.0,133.4219970703125
38.6,2.0597296864548975e-07,0.0,0.0,9.009888577391,0.3316380709875375,0.8420720943358673,107.0,133.0,116.0,133.4219970703125
38.650000000000006,8.238926797245709e-07,0.0,0.0,9.009888577391,0.3316380709875375,0.8420720943358673,107.0,133.0,116.0,133.4219970703125
38.7,1.441811398417296e-06,0.0,0.0,9.009888577391,0.3316380709875375,0.8420720943358673,107.0,133.0,116.0,133.4219970703125
38.75,2.6776564380467308e-06,0.0,0.0,9.009888577391,0.3316380709875375,0.8420720943358673,107.0,133.0,116.0,133.4219970703125
38.800000000000004,2.677651641292691e-06,0.0,0.0,9.009888577391,0.3316380709875375,0.8420720943358673,107.0,133.0,116.0,133.4219970703125
38.85,3.2955702447851876e-06,0.0,0.0,9.009888577391,0.3316380709875375,0.8420720943358673,107.0,133.0,116.0,133.4219970703125
38.900000000000006,3.913489051190936e-06,0.0,0.0,9.009888577391,0.3316380709875375,0.8420720943358673,107.0,133.0,116.0,133.4219970703125
38.95,5.149333766838833e-06,0.0,0.0,9.009888577391,0.3316380709875375,0.8420720943358673,107.0,133.0,116.0,133.4219970703125
39.0,0.0,0.0,0.0,9.009888577391,0.3316380709875375,0.8420720943358673,107.0,133.0,116.0,133.4219970703125
39.050000000000004,6.179188208543376e-07,0.0,0.0,9.009888577391,0.3316380709875375,0.8420720943358673,107.0,133.0,116.0,133.4219970703125
39.1,1.2358374796143515e-06,0.0,0.0,9.009888577391,0.3316380709875375,0.8420720943358673,107.0,133.0,116.0,133.4219970703125
39.150000000000006,1.8537596744968797e-06,0.0,0.0,9.009888577391,0.3316380709875375,0.8420720943358673,107.0,133.0,116.0,133.4219970703125
39.2,2.4716782897883313e-06,0.0,0.0,9.009888577391,0.3316380709875375,0.8420720943358673,107.0,133.0,116.0,133.4219970703125
39.25,1.8197106279558352e-06,0.0,0.0,9.009888577391,0.3316380709875375,0.8420720943358673,107.0,133.0,116.0,133.4219970703125
39.300000000000004,3.776184589750769e-06,0.0,0.0,9.009888577391,0.3316380709875375,0.8420720943358673,107.0,133.0,116.0,133.4219970703125
39.35,4.462749590634859e-06,0.0,0.0,9.009888577391,0.3316380709875375,0.8420720943358673,107.0,133.0,116.0,133.4219970703125
39.400000000000006,3.8107564399434647e-06,0.0,0.0,9.009888577391,0.3316380709875375,0.8420720943358673,107.0,133.0,116.0,133.4219970703125
39.45,4.119535349598651e-07,0.0,0.0,9.009888577391,0.3316380709875375,0.8420720943358673,107.0,133.0,116.0,133.4219970703125
39.5,1.0298896907389206e-06,0.0,0.0,9.009888577391,0.3316380709875375,0.8420720943358673,107.0,133.0,116.0,133.4219970703125
39.550000000000004,1.6160928681179983e-06,0.0,0.0,9.009888577391,0.3316380709875375,0.8420720943358673,107.0,133.0,116.0,133.4219970703125
39.6,2.300064087979661e-06,0.0,0.0,9.009888577391,0.3316380709875375,0.8420720943358673,107.0,133.0,116.0,133.4219970703125
39.650000000000006,3.5710878106066404e-06,0.0,0.0,9.009888577391,0.3316380709875375,0.8420720943358673,107.0,133.0,116.0,133.4219970703125
39.7,2.3000364769490485e-06,0.0,0.0,9.009888577391,0.3316380709875375,0.8420720943358673,107.0,133.0,116.0,133.4219970703125
39.75,4.1881747508657906e-06,0.0,0.0,9.009888577391,0.3316380709875375,0.8420720943358673,107.0,133.0,116.0,133.4219970703125
39.800000000000004,4.806082966361294e-06,0.0,0.0,9.009888577391,0.3316380709875375,0.8420720943358673,107.0,133.0,116.0,133.4219970703125
39.85,1.0298663897189604e-07,0.0,0.0,9.009888577391,0.3316380709875375,0.8420720943358673,107.0,133.0,116.0,133.4219970703125
39.900000000000006,7.552333904887869e-07,0.0,0.0,9.009888577391,0.3316380709875375,0.8420720943358673,107.0,133.0,116.0,133.4219970703125
39.95,1.3731555799912585e-06,0.0,0.0,9.009888577391,0.3316380709875375,0.8420720943358673,107.0,133.0,116.0,133.4219970703125
40.0,1.991074295923117e-06,0.0,0.0,9.009888577391,0.3316380709875375,0.8420720943358673,107.0,133.0,116.0,133.4219970703125
40.050000000000004,2.608992069622522e-06,0.0,0.0,9.009888577391,0.3316380709875375,0.8420720943358673,107.0,133.0,116.0,133.4219970703125
40.1,3.2269109732711546e-06,0.0,0.0,9.009888577391,0.3316380709875375,0.8420720943358673,107.0,133.0,116.0,133.4219970703125
40.150000000000006,3.84483673135612e-06,0.0,0.0,9.009888577391,0.3316380709875375,0.8420720943358673,107.0,133.0,116.0,133.4219970703125
40.2,4.462741213076619e-06,0.0,0.0,9.009888577391,0.3316380709875375,0.8420720943358673,107.0,133.0,116.0,133.4219970703125
40.25,5.080680416771841e-06,0.0,0.0,9.009888577391,0.3316380709875375,0.8420720943358673,107.0,133.0,116.0,133.4219970703125
40.300000000000004,4.806038967231194e-07,0.0,0.0,9.009888577391,0.3316380709875375,0.8420720943358673,107.0,133.0,116.0,133.4219970703125
40.35,1.0985225091228612e-06,0.0,0.0,9.009888577391,0.3316380709875375,0.8420720943358673,107.0,133.0,116.0,133.4219970703125
40.400000000000006,1.7164412270539718e-06,0.0,0.0,9.009888577391,0.3316380709875375,0.8420720943358673,107.0,133.0,116.0,133.4219970703125
40.45,2.3343635267567842e-06,0.0,0.0,9.009888577391,0.3316380709875375,0.8420720943358673,107.0,133.0,116.0,133.4219970703125
40.5,2.952282143246815e-06,0.0,0.0,9.009888577391,0.3316380709875375,0.8420720943358673,107.0,133.0,116.0,133.4219970703125
40.550000000000004,3.604536971934506e-06,0.0,0.0,9.009888577391,0.3316380709875375,0.8420720943358673,107.0,133.0,116.0,133.4219970703125
40.6,4.291096571461302e-06,0.0,0.0,9.009888577391,0.3316380709875375,0.8420720943358673,107.0,133.0,116.0,133.4219970703125
40.650000000000006,4.943350973056313e-06,0.0,0.0,9.009888577391,0.3316380709875375,0.8420720943358673,107.0,133.0,116.0,133.4219970703125
40.7,2.746341843066914e-07,0.0,0.0,9.009888577391,0.3316380709875375,0.8420720943358673,107.0,133.0,116.0,133.4219970703125
40.75,9.269162898789813e-07,0.0,0.0,9.009888577391,0.3316380709875375,0.8420720943358673,107.0,133.0,116.0,133.4219970703125
40.800000000000004,3.0899945822008724e-07,0.0,0.0,9.009888577391,0.3316380709875375,0.8420720943358673,107.0,133.0,116.0,133.4219970703125
40.85,2.2657358294556783e-06,0.0,0.0,9.009888577391,0.3316380709875375,0.8420720943358673,107.0,133.0,116.0,133.4219970703125
40.900000000000006,3.502441842300637e-06,0.0,0.0,9.009888577391,0.3316380709875375,0.8420720943358673,107.0,133.0,116.0,133.4219970703125
40.95,2.231377770168245e-06,0.0,0.0,9.009888577391,0.3316380709875375,0.8420720943358673,107.0,133.0,116.0,133.4219970703125
41.0,4.119488093743697e-06,0.0,0.0,9.009888577391,0.3316380709875375,0.8420720943358673,107.0,133.0,116.0,133.4219970703125
41.050000000000004,4.737874951405099e-06,0.0,0.0,9.009888577391,0.3316380709875375,0.8420720943358673,107.0,133.0,116.0,133.4219970703125
41.1,0.0,0.0,0.0,9.009888577391,0.3316380709875375,0.8420720943358673,107.0,133.0,116.0,133.4219970703125
41.150000000000006,5.149788231141136e-07,0.0,0.0,9.009888577391,0.3316380709875375,0.8420720943358673,107.0,133.0,116.0,133.4219970703125
41.2,1.098589149790446e-06,0.0,0.0,9.009888577391,0.3316380709875375,0.8420720943358673,107.0,133.0,116.0,133.4219970703125
41.25,1.7528766877355658e-06,0.0,0.0,9.009888577391,0.3316380709875375,0.8420720943358673,107.0,133.0,116.0,133.4219970703125
41.300000000000004,2.3001026530925278e-06,0.0,0.0,9.009888577391,0.3316380709875375,0.8420720943358673,107.0,133.0,116.0,133.4219970703125
41.35,2.883679908084857e-06,0.0,0.0,9.009888577391,0.3316380709875375,0.8420720943358673,107.0,133.0,116.0,133.4219970703125
41.400000000000006,3.5015523157523783e-06,0.0,0.0,9.009888577391,0.3316380709875375,0.8420720943358673,107.0,133.0,116.0,133.4219970703125
41.45,5.355306882021034e-06,0.0,0.0,9.009888577391,0.3316380709875375,0.8420720943358673,107.0,133.0,116.0,133.4219970703125
41.5,4.669254075213352e-06,0.0,0.0,9.009888577391,0.3316380709875375,0.8420720943358673,107.0,133.0,116.0,133.4219970703125
41.550000000000004,3.776185585081976e-07,0.0,0.0,9.009888577391,0.3316380709875375,0.8420720943358673,107.0,133.0,116.0,133.4219970703125
41.6,1.0298668322640115e-06,0.0,0.0,9.009888577391,0.3316380709875375,0.8420720943358673,107.0,133.0,116.0,133.4219970703125
41.650000000000006,1.6821151576287648e-06,0.0,0.0,9.009888577391,0.3316380709875375,0.8420720943358673,107.0,133.0,116.0,133.4219970703125
41.7,2.3343634829936035e-06,0.0,0.0,9.009888577391,0.3316380709875375,0.8420720943358673,107.0,133.0,116.0,133.4219970703125
41.75,2.9866117060449535e-06,0.0,0.0,9.009888577391,0.3316380709875375,0.8420720943358673,107.0,133.0,116.0,133.4219970703125
41.800000000000004,3.6045489113582793e-06,0.0,0.0,9.009888577391,0.3316380709875375,0.8420720943358673,107.0,133.0,116.0,133.4219970703125
41.85,4.119460224570154e-06,0.0,0.0,9.009888577391,0.3316380709875375,0.8420720943358673,107.0,133.0,116.0,133.4219970703125
41.900000000000006,6.04188056906277e-06,0.0,0.0,9.009888577391,0.3316380709875375,0.8420720943358673,107.0,133.0,116.0,133.4219970703125
41.95,1.0298663898314598e-07,0.0,0.0,9.009888577391,0.3316380709875375,0.8420720943358673,107.0,133.0,116.0,133.4219970703125
42.0,7.552334194552673e-07,0.0,0.0,9.009888577391,0.3316380709875375,0.8420720943358673,107.0,133.0,116.0,133.4219970703125
42.050000000000004,1.4074816364614726e-06,0.0,0.0,9.009888577391,0.3316380709875375,0.8420720943358673,107.0,133.0,116.0,133.4219970703125
42.1,2.059729857295064e-06,0.0,0.0,9.009888577391,0.3316380709875375,0.8420720943358673,107.0,133.0,116.0,133.4219970703125
42.150000000000006,2.711978283833886e-06,0.0,0.0,9.009888577391,0.3316380709875375,0.8420720943358673,107.0,133.0,116.0,133.4219970703125
42.2,3.3642265061822626e-06,0.0,0.0,9.009888577391,0.3316380709875375,0.8420720943358673,107.0,133.0,116.0,133.4219970703125
42.25,3.982151114103733e-06,0.0,0.0,9.009888577391,0.3316380709875375,0.8420720943358673,107.0,133.0,116.0,133.4219970703125
42.300000000000004,4.497099326776945e-06,0.0,0.0,9.009888577391,0.3316380709875375,0.8420720943358673,107.0,133.0,116.0,133.4219970703125
42.35,6.419484484743665e-06,0.0,0.0,9.009888577391,0.3316380709875375,0.8420720943358673,107.0,133.0,116.0,133.4219970703125
42.400000000000006,4.119761612820098e-07,0.0,0.0,9.009888577391,0.3316380709875375,0.8420720943358673,107.0,133.0,116.0,133.4219970703125
42.45,9.61281227867941e-07,0.0,0.0,9.009888577391,0.3316380709875375,0.8420720943358673,107.0,133.0,116.0,133.4219970703125
42.5,1.615751349029537e-06,0.0,0.0,9.009888577391,0.3316380709875375,0.8420720943358673,107.0,133.0,116.0,133.4219970703125
42.550000000000004,2.162790827216319e-06,0.0,0.0,9.009888577391,0.3316380709875375,0.8420720943358673,107.0,133.0,116.0,133.4219970703125
42.6,2.780641638398743e-06,0.0,0.0,9.009888577391,0.3316380709875375,0.8420720943358673,107.0,133.0,116.0,133.4219970703125
42.650000000000006,3.3994180643794745e-06,0.0,0.0,9.009888577391,0.3316380709875375,0.8420720943358673,107.0,133.0,116.0,133.4219970703125
42.7,5.252345090149377e-06,0.0,0.0,9.009888577391,0.3316380709875375,0.8420720943358673,107.0,133.0,116.0,133.4219970703125
42.75,5.8359082262429895e-06,0.0,0.0,9.009888577391,0.3316380709875375,0.8420720943358673,107.0,133.0,116.0,133.4219970703125
42.800000000000004,2.40301857602664e-07,0.0,0.0,9.009888577391,0.3316380709875375,0.8420720943358673,107.0,133.0,116.0,133.4219970703125
42.85,8.925519637865192e-07,0.0,0.0,9.009888577391,0.3316380709875375,0.8420720943358673,107.0,133.0,116.0,133.4219970703125
42.900000000000006,1.5448001856791918e-06,0.0,0.0,9.009888577391,0.3316380709875375,0.8420720943358673,107.0,133.0,116.0,133.4219970703125
42.95,2.197044827123394e-06,0.0,0.0,9.009888577391,0.3316380709875375,0.8420720943358673,107.0,133.0,116.0,133.4219970703125
43.0,2.8492930499207414e-06,0.0,0.0,9.009888577391,0.3316380709875375,0.8420720943358673,107.0,133.0,116.0,133.4219970703125
43.050000000000004,3.3985599754297855e-06,0.0,0.0,9.009888577391,0.3316380709875375,0.8420720943358673,107.0,133.0,116.0,133.4219970703125
43.1,3.947853527326658e-06,0.0,0.0,9.009888577391,0.3316380709875375,0.8420720943358673,107.0,133.0,116.0,133.4219970703125
43.150000000000006,4.60086654494501e-06,0.0,0.0,9.009888577391,0.3316380709875375,0.8420720943358673,107.0,133.0,116.0,133.4219970703125
43.2,0.0,0.0,0.0,9.009888577391,0.3316380709875375,0.8420720943358673,107.0,133.0,116.0,133.4219970703125
43.25,6.522484181281292e-07,0.0,0.0,9.009888577391,0.3316380709875375,0.8420720943358673,107.0,133.0,116.0,133.4219970703125
43.300000000000004,1.3044966846479988e-06,0.0,0.0,9.009888577391,0.3316380709875375,0.8420720943358673,107.0,133.0,116.0,133.4219970703125
43.35,1.9567450074534444e-06,0.0,0.0,9.009888577391,0.3316380709875375,0.8420720943358673,107.0,133.0,116.0,133.4219970703125
43.400000000000006,2.574683661083549e-06,0.0,0.0,9.009888577391,0.3316380709875375,0.8420720943358673,107.0,133.0,116.0,133.4219970703125
43.45,3.0896143597515034e-06,0.0,0.0,9.009888577391,0.3316380709875375,0.8420720943358673,107.0,133.0,116.0,133.4219970703125
43.5,3.7075604175960014e-06,0.0,0.0,9.009888577391,0.3316380709875375,0.8420720943358673,107.0,133.0,116.0,133.4219970703125
43.550000000000004,4.256821050614397e-06,0.0,0.0,9.009888577391,0.3316380709875375,0.8420720943358673,107.0,133.0,116.0,133.4219970703125
43.6,4.874691658131955e-06,0.0,0.0,9.009888577391,0.3316380709875375,0.8420720943358673,107.0,133.0,116.0,133.4219970703125
43.650000000000006,3.776185585081976e-07,0.0,0.0,9.009888577391,0.3316380709875375,0.8420720943358673,107.0,133.0,116.0,133.4219970703125
43.7,1.0298668322640617e-06,0.0,0.0,9.009888577391,0.3316380709875375,0.8420720943358673,107.0,133.0,116.0,133.4219970703125
43.75,1.6821151576287648e-06,0.0,0.0,9.009888577391,0.3316380709875375,0.8420720943358673,107.0,133.0,116.0,133.4219970703125
43.800000000000004,2.334363482993653e-06,0.0,0.0,9.009888577391,0.3316380709875375,0.8420720943358673,107.0,133.0,116.0,133.4219970703125
43.85,2.9866117060449535e-06,0.0,0.0,9.009888577391,0.3316380709875375,0.8420720943358673,107.0,133.0,116.0,133.4219970703125
43.900000000000006,3.570200573017566e-06,0.0,0.0,9.009888577391,0.3316380709875375,0.8420720943358673,107.0,133.0,116.0,133.4219970703125
43.95,4.085156852210427e-06,0.0,0.0,9.009888577391,0.3316380709875375,0.8420720943358673,107.0,133.0,116.0,133.4219970703125
44.0,4.738144236177679e-06,0.0,0.0,9.009888577391,0.3316380709875375,0.8420720943358673,107.0,133.0,116.0,133.4219970703125
44.050000000000004,1.0298663898314598e-07,0.0,0.0,9.009888577391,0.3316380709875375,0.8420720943358673,107.0,133.0,116.0,133.4219970703125
44.1,7.552334194552673e-07,0.0,0.0,9.009888577391,0.3316380709875375,0.8420720943358673,107.0,133.0,116.0,133.4219970703125
44.150000000000006,1.4074816364614726e-06,0.0,0.0,9.009888577391,0.3316380709875375,0.8420720943358673,107.0,133.0,116.0,133.4219970703125
44.2,2.059729857295113e-06,0.0,0.0,9.009888577391,0.3316380709875375,0.8420720943358673,107.0,133.0,116.0,133.4219970703125
44.25,2.711978283833886e-06,0.0,0.0,9.009888577391,0.3316380709875375,0.8420720943358673,107.0,133.0,116.0,133.4219970703125
44.300000000000004,3.3655865557226115e-06,0.0,0.0,9.009888577391,0.3316380709875375,0.8420720943358673,107.0,133.0,116.0,133.4219970703125
44.35,3.879155981173319e-06,0.0,0.0,9.009888577391,0.3316380709875375,0.8420720943358673,107.0,133.0,116.0,133.4219970703125
44.400000000000006,4.4971038138976235e-06,0.0,0.0,9.009888577391,0.3316380709875375,0.8420720943358673,107.0,133.0,116.0,133.4219970703125
44.45,5.04636381602884e-06,0.0,0.0,9.009888577391,0.3316380709875375,0.8420720943358673,107.0,133.0,116.0,133.4219970703125
44.5,5.149334853853036e-07,0.0,0.0,9.009888577391,0.3316380709875375,0.8420720943358673,107.0,133.0,116.0,133.4219970703125
44.550000000000004,1.1671818079402767e-06,0.0,0.0,9.009888577391,0.3316380709875375,0.8420720943358673,107.0,133.0,116.0,133.4219970703125
44.6,1.8194300302111085e-06,0.0,0.0,9.009888577391,0.3316380709875375,0.8420720943358673,107.0,133.0,116.0,133.4219970703125
44.650000000000006,2.471678252891168e-06,0.0,0.0,9.009888577391,0.3316380709875375,0.8420720943358673,107.0,133.0,116.0,133.4219970703125
44.7,3.1239266803652267e-06,0.0,0.0,9.009888577391,0.3316380709875375,0.8420720943358673,107.0,133.0,116.0,133.4219970703125
44.75,3.7075333469114804e-06,0.0,0.0,9.009888577391,0.3316380709875375,0.8420720943358673,107.0,133.0,116.0,133.4219970703125
44.800000000000004,4.222460795035636e-06,0.0,0.0,9.009888577391,0.3316380709875375,0.8420720943358673,107.0,133.0,116.0,133.4219970703125
44.85,4.8754234236368865e-06,0.0,0.0,9.009888577391,0.3316380709875375,0.8420720943358673,107.0,133.0,116.0,133.4219970703125
44.900000000000006,2.403018576026681e-07,0.0,0.0,9.009888577391,0.3316380709875375,0.8420720943358673,107.0,133.0,116.0,133.4219970703125
44.95,8.925519637865687e-07,0.0,0.0,9.009888577391,0.3316380709875375,0.8420720943358673,107.0,133.0,116.0,133.4219970703125
45.0,1.5448001856791918e-06,0.0,0.0,9.009888577391,0.3316380709875375,0.8420720943358673,107.0,133.0,116.0,133.4219970703125
45.050000000000004,2.197044827123443e-06,0.0,0.0,9.009888577391,0.3316380709875375,0.8420720943358673,107.0,133.0,116.0,133.4219970703125
45.1,2.8492930499207414e-06,0.0,0.0,9.009888577391,0.3316380709875375,0.8420720943358673,107.0,133.0,116.0,133.4219970703125
45.150000000000006,3.5015414774461757e-06,0.0,0.0,9.009888577391,0.3316380709875375,0.8420720943358673,107.0,133.0,116.0,133.4219970703125
45.2,4.050797369835509e-06,0.0,0.0,9.009888577391,0.3316380709875375,0.8420720943358673,107.0,133.0,116.0,133.4219970703125
45.25,4.600100179879272e-06,0.0,0.0,9.009888577391,0.3316380709875375,0.8420720943358673,107.0,133.0,116.0,133.4219970703125
45.300000000000004,0.0,0.0,0.0,9.009888577391,0.3316380709875375,0.8420720943358673,107.0,133.0,116.0,133.4219970703125
45.35,5.149788231141136e-07,0.0,0.0,9.009888577391,0.3316380709875375,0.8420720943358673,107.0,133.0,116.0,133.4219970703125
45.400000000000006,1.1329012291008847e-06,0.0,0.0,9.009888577391,0.3316380709875375,0.8420720943358673,107.0,133.0,116.0,133.4219970703125
45.45,1.750770952640786e-06,0.0,0.0,9.009888577391,0.3316380709875375,0.8420720943358673,107.0,133.0,116.0,133.4219970703125
45.5,2.3001027554833536e-06,0.0,0.0,9.009888577391,0.3316380709875375,0.8420720943358673,107.0,133.0,116.0,133.4219970703125
45.550000000000004,2.883679969998254e-06,0.0,0.0,9.009888577391,0.3316380709875375,0.8420720943358673,107.0,133.0,116.0,133.4219970703125
45.6,3.5015523436833604e-06,0.0,0.0,9.009888577391,0.3316380709875375,0.8420720943358673,107.0,133.0,116.0,133.4219970703125
45.650000000000006,4.1200856189248845e-06,0.0,0.0,9.009888577391,0.3316380709875375,0.8420720943358673,107.0,133.0,116.0,133.4219970703125
45.7,4.737909983025536e-06,0.0,0.0,9.009888577391,0.3316380709875375,0.8420720943358673,107.0,133.0,116.0,133.4219970703125
45.75,3.776185585081976e-07,0.0,0.0,9.009888577391,0.3316380709875375,0.8420720943358673,107.0,133.0,116.0,133.4219970703125
45.800000000000004,1.0298668322640617e-06,0.0,0.0,9.009888577391,0.3316380709875375,0.8420720943358673,107.0,133.0,116.0,133.4219970703125
45.85,1.6821151576287648e-06,0.0,0.0,9.009888577391,0.3316380709875375,0.8420720943358673,107.0,133.0,116.0,133.4219970703125
45.900000000000006,2.334363482993653e-06,0.0,0.0,9.009888577391,0.3316380709875375,0.8420720943358673,107.0,133.0,116.0,133.4219970703125
45.95,2.9881504266242544e-06,0.0,0.0,9.009888577391,0.3316380709875375,0.8420720943358673,107.0,133.0,116.0,133.4219970703125
46.0,3.501552792456527e-06,0.0,0.0,9.009888577391,0.3316380709875375,0.8420720943358673,107.0,133.0,116.0,133.4219970703125
46.050000000000004,4.119465043423443e-06,0.0,0.0,9.009888577391,0.3316380709875375,0.8420720943358673,107.0,133.0,116.0,133.4219970703125
46.1,4.703059575477395e-06,0.0,0.0,9.009888577391,0.3316380709875375,0.8420720943358673,107.0,133.0,116.0,133.4219970703125
46.150000000000006,1.373156307053014e-07,0.0,0.0,9.009888577391,0.3316380709875375,0.8420720943358673,107.0,133.0,116.0,133.4219970703125
46.2,8.239242111028816e-07,0.0,0.0,9.009888577391,0.3316380709875375,0.8420720943358673,107.0,133.0,116.0,133.4219970703125
46.25,1.441856147365618e-06,0.0,0.0,9.009888577391,0.3316380709875375,0.8420720943358673,107.0,133.0,116.0,133.4219970703125
46.300000000000004,2.0597567050893392e-06,0.0,0.0,9.009888577391,0.3316380709875375,0.8420720943358673,107.0,133.0,116.0,133.4219970703125
46.35,1.4074843942783469e-06,0.0,0.0,9.009888577391,0.3316380709875375,0.8420720943358673,107.0,133.0,116.0,133.4219970703125
46.400000000000006,3.29561606769018e-06,0.0,0.0,9.009888577391,0.3316380709875375,0.8420720943358673,107.0,133.0,116.0,133.4219970703125
46.45,3.879179704771773e-06,0.0,0.0,9.009888577391,0.3316380709875375,0.8420720943358673,107.0,133.0,116.0,133.4219970703125
46.5,4.531426927921567e-06,0.0,0.0,9.009888577391,0.3316380709875375,0.8420720943358673,107.0,133.0,116.0,133.4219970703125
46.550000000000004,5.149337927167422e-06,0.0,0.0,9.009888577391,0.3316380709875375,0.8420720943358673,107.0,133.0,116.0,133.4219970703125
46.6,4.806038967231194e-07,0.0,0.0,9.009888577391,0.3316380709875375,0.8420720943358673,107.0,133.0,116.0,133.4219970703125
46.650000000000006,1.0985225091228612e-06,0.0,0.0,9.009888577391,0.3316380709875375,0.8420720943358673,107.0,133.0,116.0,133.4219970703125
46.7,1.7164412270540101e-06,0.0,0.0,9.009888577391,0.3316380709875375,0.8420720943358673,107.0,133.0,116.0,133.4219970703125
46.75,2.3343635267568215e-06,0.0,0.0,9.009888577391,0.3316380709875375,0.8420720943358673,107.0,133.0,116.0,133.4219970703125
46.800000000000004,2.9522821432468557e-06,0.0,0.0,9.009888577391,0.3316380709875375,0.8420720943358673,107.0,133.0,116.0,133.4219970703125
46.85,3.570200759856649e-06,0.0,0.0,9.009888577391,0.3316380709875375,0.8420720943358673,107.0,133.0,116.0,133.4219970703125
46.900000000000006,4.188133905703354e-06,0.0,0.0,9.009888577391,0.3316380709875375,0.8420720943358673,107.0,133.0,116.0,133.4219970703125
46.95,4.8060366198495785e-06,0.0,0.0,9.009888577391,0.3316380709875375,0.8420720943358673,107.0,133.0,116.0,133.4219970703125
47.0,2.0597296864548975e-07,0.0,0.0,9.009888577391,0.3316380709875375,0.8420720943358673,107.0,133.0,116.0,133.4219970703125
47.050000000000004,8.238926797245709e-07,0.0,0.0,9.009888577391,0.3316380709875375,0.8420720943358673,107.0,133.0,116.0,133.4219970703125
47.1,1.441811398417296e-06,0.0,0.0,9.009888577391,0.3316380709875375,0.8420720943358673,107.0,133.0,116.0,133.4219970703125
47.150000000000006,2.0597299127422957e-06,0.0,0.0,9.009888577391,0.3316380709875375,0.8420720943358673,107.0,133.0,116.0,133.4219970703125
47.2,2.677652212920834e-06,0.0,0.0,9.009888577391,0.3316380709875375,0.8420720943358673,107.0,133.0,116.0,133.4219970703125
47.25,3.2955698092802988e-06,0.0,0.0,9.009888577391,0.3316380709875375,0.8420720943358673,107.0,133.0,116.0,133.4219970703125
47.300000000000004,3.913489051168338e-06,0.0,0.0,9.009888577391,0.3316380709875375,0.8420720943358673,107.0,133.0,116.0,133.4219970703125
47.35,4.531393127890876e-06,0.0,0.0,9.009888577391,0.3316380709875375,0.8420720943358673,107.0,133.0,116.0,133.4219970703125
47.400000000000006,0.0,0.0,0.0,9.009888577391,0.3316380709875375,0.8420720943358673,107.0,133.0,116.0,133.4219970703125
47.45,6.179188208543376e-07,0.0,0.0,9.009888577391,0.3316380709875375,0.8420720943358673,107.0,133.0,116.0,133.4219970703125
47.5,1.2358374796143515e-06,0.0,0.0,9.009888577391,0.3316380709875375,0.8420720943358673,107.0,133.0,116.0,133.4219970703125
47.550000000000004,1.8537596744968797e-06,0.0,0.0,9.009888577391,0.3316380709875375,0.8420720943358673,107.0,133.0,116.0,133.4219970703125
47.6,2.4716782897883313e-06,0.0,0.0,9.009888577391,0.3316380709875375,0.8420720943358673,107.0,133.0,116.0,133.4219970703125
47.650000000000006,3.0895969056918317e-06,0.0,0.0,9.009888577391,0.3316380709875375,0.8420720943358673,107.0,133.0,116.0,133.4219970703125
47.7,3.6744226077344956e-06,0.0,0.0,9.009888577391,0.3316380709875375,0.8420720943358673,107.0,133.0,116.0,133.4219970703125
47.75,4.3597808492317334e-06,0.0,0.0,9.009888577391,0.3316380709875375,0.8420720943358673,107.0,133.0,116.0,133.4219970703125
47.800000000000004,5.62995528230735e-06,0.0,0.0,9.009888577391,0.3316380709875375,0.8420720943358673,107.0,133.0,116.0,133.4219970703125
47.85,3.0897804810266803e-07,0.0,0.0,9.009888577391,0.3316380709875375,0.8420720943358673,107.0,133.0,116.0,133.4219970703125
47.900000000000006,8.239754580872463e-07,0.0,0.0,9.009888577391,0.3316380709875375,0.8420720943358673,107.0,133.0,116.0,133.4219970703125
47.95,1.441893663615203e-06,0.0,0.0,9.009888577391,0.3316380709875375,0.8420720943358673,107.0,133.0,116.0,133.4219970703125
48.0,1.991161324098864e-06,0.0,0.0,9.009888577391,0.3316380709875375,0.8420720943358673,107.0,133.0,116.0,133.4219970703125
48.050000000000004,2.6090006994295444e-06,0.0,0.0,9.009888577391,0.3316380709875375,0.8420720943358673,107.0,133.0,116.0,133.4219970703125
48.1,3.2277876363777643e-06,0.0,0.0,9.009888577391,0.3316380709875375,0.8420720943358673,107.0,133.0,116.0,133.4219970703125
48.150000000000006,5.115005046894451e-06,0.0,0.0,9.009888577391,0.3316380709875375,0.8420720943358673,107.0,133.0,116.0,133.4219970703125
48.2,6.316530683192085e-06,0.0,0.0,9.009888577391,0.3316380709875375,0.8420720943358673,107.0,133.0,116.0,133.4219970703125
48.25,1.0298663898314598e-07,0.0,0.0,9.009888577391,0.3316380709875375,0.8420720943358673,107.0,133.0,116.0,133.4219970703125
48.300000000000004,7.552334194552673e-07,0.0,0.0,9.009888577391,0.3316380709875375,0.8420720943358673,107.0,133.0,116.0,133.4219970703125
48.35,1.4074816364614726e-06,0.0,0.0,9.009888577391,0.3316380709875375,0.8420720943358673,107.0,133.0,116.0,133.4219970703125
48.400000000000006,2.059729857295064e-06,0.0,0.0,9.009888577391,0.3316380709875375,0.8420720943358673,107.0,133.0,116.0,133.4219970703125
48.45,2.713687017188783e-06,0.0,0.0,9.009888577391,0.3316380709875375,0.8420720943358673,107.0,133.0,116.0,133.4219970703125
48.5,3.226923048074889e-06,0.0,0.0,9.009888577391,0.3316380709875375,0.8420720943358673,107.0,133.0,116.0,133.4219970703125
48.550000000000004,3.8105191908252474e-06,0.0,0.0,9.009888577391,0.3316380709875375,0.8420720943358673,107.0,133.0,116.0,133.4219970703125
48.6,4.394112524530855e-06,0.0,0.0,9.009888577391,0.3316380709875375,0.8420720943358673,107.0,133.0,116.0,133.4219970703125
48.650000000000006,5.046970419763696e-06,0.0,0.0,9.009888577391,0.3316380709875375,0.8420720943358673,107.0,133.0,116.0,133.4219970703125
48.7,4.119761612820098e-07,0.0,0.0,9.009888577391,0.3316380709875375,0.8420720943358673,107.0,133.0,116.0,133.4219970703125
48.75,9.955912224181505e-07,0.0,0.0,9.009888577391,0.3316380709875375,0.8420720943358673,107.0,133.0,116.0,133.4219970703125
48.800000000000004,1.6501144191950158e-06,0.0,0.0,9.009888577391,0.3316380709875375,0.8420720943358673,107.0,133.0,116.0,133.4219970703125
48.85,2.197103668604747e-06,0.0,0.0,9.009888577391,0.3316380709875375,0.8420720943358673,107.0,133.0,116.0,133.4219970703125
48.900000000000006,2.8149686314264434e-06,0.0,0.0,9.009888577391,0.3316380709875375,0.8420720943358673,107.0,133.0,116.0,133.4219970703125
48.95,4.703047346071185e-06,0.0,0.0,9.009888577391,0.3316380709875375,0.8420720943358673,107.0,133.0,116.0,133.4219970703125
49.0,3.982213005579629e-06,0.0,0.0,9.009888577391,0.3316380709875375,0.8420720943358673,107.0,133.0,116.0,133.4219970703125
49.050000000000004,4.5658104392382634e-06,0.0,0.0,9.009888577391,0.3316380709875375,0.8420720943358673,107.0,133.0,116.0,133.4219970703125
49.1,2.0597966658849226e-07,0.0,0.0,9.009888577391,0.3316380709875375,0.8420720943358673,107.0,133.0,116.0,133.4219970703125
49.150000000000006,7.89593198725701e-07,0.0,0.0,9.009888577391,0.3316380709875375,0.8420720943358673,107.0,133.0,116.0,133.4219970703125
49.2,1.4418305181601975e-06,0.0,0.0,9.009888577391,0.3316380709875375,0.8420720943358673,107.0,133.0,116.0,133.4219970703125
49.25,2.0254185591297894e-06,0.0,0.0,9.009888577391,0.3316380709875375,0.8420720943358673,107.0,133.0,116.0,133.4219970703125
49.300000000000004,2.609034531592322e-06,0.0,0.0,9.009888577391,0.3316380709875375,0.8420720943358673,107.0,133.0,116.0,133.4219970703125
49.35,3.1926172245275558e-06,0.0,0.0,9.009888577391,0.3316380709875375,0.8420720943358673,107.0,133.0,116.0,133.4219970703125
49.400000000000006,3.811289077348374e-06,0.0,0.0,9.009888577391,0.3316380709875375,0.8420720943358673,107.0,133.0,116.0,133.4219970703125
49.45,5.6642889218077095e-06,0.0,0.0,9.009888577391,0.3316380709875375,0.8420720943358673,107.0,133.0,116.0,133.4219970703125
49.5,0.0,0.0,0.0,9.009888577391,0.3316380709875375,0.8420720943358673,107.0,133.0,116.0,133.4219970703125
49.550000000000004,6.866068606024924e-07,0.0,0.0,9.009888577391,0.3316380709875375,0.8420720943358673,107.0,133.0,116.0,133.4219970703125
49.6,1.3045376034939673e-06,0.0,0.0,9.009888577391,0.3316380709875375,0.8420720943358673,107.0,133.0,116.0,133.4219970703125
49.650000000000006,1.9224171065904955e-06,0.0,0.0,9.009888577391,0.3316380709875375,0.8420720943358673,107.0,133.0,116.0,133.4219970703125
49.7,2.540371355040779e-06,0.0,0.0,9.009888577391,0.3316380709875375,0.8420720943358673,107.0,133.0,116.0,133.4219970703125
49.75,3.1926222562154094e-06,0.0,0.0,9.009888577391,0.3316380709875375,0.8420720943358673,107.0,133.0,116.0,133.4219970703125
49.800000000000004,3.845181277556826e-06,0.0,0.0,9.009888577391,0.3316380709875375,0.8420720943358673,107.0,133.0,116.0,133.4219970703125
49.85,4.462744675558474e-06,0.0,0.0,9.009888577391,0.3316380709875375,0.8420720943358673,107.0,133.0,116.0,133.4219970703125
49.900000000000006,5.080687799361672e-06,0.0,0.0,9.009888577391,0.3316380709875375,0.8420720943358673,107.0,133.0,116.0,133.4219970703125
49.95,3.4328859279954185e-07,0.0,0.0,9.009888577391,0.3316380709875375,0.8420720943358673,107.0,133.0,116.0,133.4219970703125
50.0,9.612076435900164e-07,0.0,0.0,9.009888577391,0.3316380709875375,0.8420720943358673,107.0,133.0,116.0,133.4219970703125
50.050000000000004,1.579784603313017e-06,0.0,0.0,9.009888577391,0.3316380709875375,0.8420720943358673,107.0,133.0,116.0,133.4219970703125
50.1,2.1970443168676007e-06,0.0,0.0,9.009888577391,0.3316380709875375,0.8420720943358673,107.0,133.0,116.0,133.4219970703125
50.150000000000006,2.814966591678836e-06,0.0,0.0,9.009888577391,0.3316380709875375,0.8420720943358673,107.0,133.0,116.0,133.4219970703125
50.2,3.432885191514598e-06,0.0,0.0,9.009888577391,0.3316380709875375,0.8420720943358673,107.0,133.0,116.0,133.4219970703125
50.25,4.050793155447497e-06,0.0,0.0,9.009888577391,0.3316380709875375,0.8420720943358673,107.0,133.0,116.0,133.4219970703125
50.300000000000004,4.668733216875386e-06,0.0,0.0,9.009888577391,0.3316380709875375,0.8420720943358673,107.0,133.0,116.0,133.4219970703125
50.35,1.373156307053014e-07,0.0,0.0,9.009888577391,0.3316380709875375,0.8420720943358673,107.0,133.0,116.0,133.4219970703125
50.400000000000006,8.239242111028816e-07,0.0,0.0,9.009888577391,0.3316380709875375,0.8420720943358673,107.0,133.0,116.0,133.4219970703125
50.45,1.4418691593471572e-06,0.0,0.0,9.009888577391,0.3316380709875375,0.8420720943358673,107.0,133.0,116.0,133.4219970703125
50.5,2.0597653848630363e-06,0.0,0.0,9.009888577391,0.3316380709875375,0.8420720943358673,107.0,133.0,116.0,133.4219970703125
50.550000000000004,2.644548881514761e-06,0.0,0.0,9.009888577391,0.3316380709875375,0.8420720943358673,107.0,133.0,116.0,133.4219970703125
50.6,2.0254169411753706e-06,0.0,0.0,9.009888577391,0.3316380709875375,0.8420720943358673,107.0,133.0,116.0,133.4219970703125
50.650000000000006,2.643334876017019e-06,0.0,0.0,9.009888577391,0.3316380709875375,0.8420720943358673,107.0,133.0,116.0,133.4219970703125
50.7,4.531931945289438e-06,0.0,0.0,9.009888577391,0.3316380709875375,0.8420720943358673,107.0,133.0,116.0,133.4219970703125
50.75,5.218043668349022e-06,0.0,0.0,9.009888577391,0.3316380709875375,0.8420720943358673,107.0,133.0,116.0,133.4219970703125
50.800000000000004,5.149484365641231e-07,0.0,0.0,9.009888577391,0.3316380709875375,0.8420720943358673,107.0,133.0,116.0,133.4219970703125
50.85,1.167186899402223e-06,0.0,0.0,9.009888577391,0.3316380709875375,0.8420720943358673,107.0,133.0,116.0,133.4219970703125
50.900000000000006,1.7851022912548235e-06,0.0,0.0,9.009888577391,0.3316380709875375,0.8420720943358673,107.0,133.0,116.0,133.4219970703125
50.95,2.4030355056582056e-06,0.0,0.0,9.009888577391,0.3316380709875375,0.8420720943358673,107.0,133.0,116.0,133.4219970703125
51.0,3.020954560714074e-06,0.0,0.0,9.009888577391,0.3316380709875375,0.8420720943358673,107.0,133.0,116.0,133.4219970703125
51.050000000000004,3.6388454432100925e-06,0.0,0.0,9.009888577391,0.3316380709875375,0.8420720943358673,107.0,133.0,116.0,133.4219970703125
51.1,2.9870075627477358e-06,0.0,0.0,9.009888577391,0.3316380709875375,0.8420720943358673,107.0,133.0,116.0,133.4219970703125
51.150000000000006,4.874719004800878e-06,0.0,0.0,9.009888577391,0.3316380709875375,0.8420720943358673,107.0,133.0,116.0,133.4219970703125
51.2,2.746341843066914e-07,0.0,0.0,9.009888577391,0.3316380709875375,0.8420720943358673,107.0,133.0,116.0,133.4219970703125
51.25,9.269162898789813e-07,0.0,0.0,9.009888577391,0.3316380709875375,0.8420720943358673,107.0,133.0,116.0,133.4219970703125
51.300000000000004,1.5791465389327898e-06,0.0,0.0,9.009888577391,0.3316380709875375,0.8420720943358673,107.0,133.0,116.0,133.4219970703125
51.35,2.2314056272154912e-06,0.0,0.0,9.009888577391,0.3316380709875375,0.8420720943358673,107.0,133.0,116.0,133.4219970703125
51.400000000000006,2.8505967423390378e-06,0.0,0.0,9.009888577391,0.3316380709875375,0.8420720943358673,107.0,133.0,116.0,133.4219970703125
51.45,3.5015791292630855e-06,0.0,0.0,9.009888577391,0.3316380709875375,0.8420720943358673,107.0,133.0,116.0,133.4219970703125
51.5,4.737448991119243e-06,0.0,0.0,9.009888577391,0.3316380709875375,0.8420720943358673,107.0,133.0,116.0,133.4219970703125
51.550000000000004,4.737435318903661e-06,0.0,0.0,9.009888577391,0.3316380709875375,0.8420720943358673,107.0,133.0,116.0,133.4219970703125
51.6,0.0,0.0,0.0,9.009888577391,0.3316380709875375,0.8420720943358673,107.0,133.0,116.0,133.4219970703125
51.650000000000006,6.179188208543376e-07,0.0,0.0,9.009888577391,0.3316380709875375,0.8420720943358673,107.0,133.0,116.0,133.4219970703125
51.7,1.2358374796143515e-06,0.0,0.0,9.009888577391,0.3316380709875375,0.8420720943358673,107.0,133.0,116.0,133.4219970703125
51.75,1.8537587962567308e-06,0.0,0.0,9.009888577391,0.3316380709875375,0.8420720943358673,107.0,133.0,116.0,133.4219970703125
51.800000000000004,2.471677678401965e-06,0.0,0.0,9.009888577391,0.3316380709875375,0.8420720943358673,107.0,133.0,116.0,133.4219970703125
51.85,3.089596280599979e-06,0.0,0.0,9.009888577391,0.3316380709875375,0.8420720943358673,107.0,133.0,116.0,133.4219970703125
51.900000000000006,3.7075328956486503e-06,0.0,0.0,9.009888577391,0.3316380709875375,0.8420720943358673,107.0,133.0,116.0,133.4219970703125
51.95,4.943341619431246e-06,0.0,0.0,9.009888577391,0.3316380709875375,0.8420720943358673,107.0,133.0,116.0,133.4219970703125
52.0,4.943340927260171e-06,0.0,0.0,9.009888577391,0.3316380709875375,0.8420720943358673,107.0,133.0,116.0,133.4219970703125
52.050000000000004,3.4328859279954185e-07,0.0,0.0,9.009888577391,0.3316380709875375,0.8420720943358673,107.0,133.0,116.0,133.4219970703125
52.1,9.612076435900164e-07,0.0,0.0,9.009888577391,0.3316380709875375,0.8420720943358673,107.0,133.0,116.0,133.4219970703125
52.150000000000006,1.579126260331191e-06,0.0,0.0,9.009888577391,0.3316380709875375,0.8420720943358673,107.0,133.0,116.0,133.4219970703125
52.2,2.197044877113355e-06,0.0,0.0,9.009888577391,0.3316380709875375,0.8420720943358673,107.0,133.0,116.0,133.4219970703125
52.25,3.4328875550999986e-06,0.0,0.0,9.009888577391,0.3316380709875375,0.8420720943358673,107.0,133.0,116.0,133.4219970703125
52.300000000000004,3.4672140224396536e-06,0.0,0.0,9.009888577391,0.3316380709875375,0.8420720943358673,107.0,133.0,116.0,133.4219970703125
52.35,4.153795707075527e-06,0.0,0.0,9.009888577391,0.3316380709875375,0.8420720943358673,107.0,133.0,116.0,133.4219970703125
52.400000000000006,4.1537932495867375e-06,0.0,0.0,9.009888577391,0.3316380709875375,0.8420720943358673,107.0,133.0,116.0,133.4219970703125
52.45,1.0298663897189912e-07,0.0,0.0,9.009888577391,0.3316380709875375,0.8420720943358673,107.0,133.0,116.0,133.4219970703125
52.5,7.552333904887869e-07,0.0,0.0,9.009888577391,0.3316380709875375,0.8420720943358673,107.0,133.0,116.0,133.4219970703125
52.550000000000004,1.3731555799912585e-06,0.0,0.0,9.009888577391,0.3316380709875375,0.8420720943358673,107.0,133.0,116.0,133.4219970703125
52.6,1.991074295923117e-06,0.0,0.0,9.009888577391,0.3316380709875375,0.8420720943358673,107.0,133.0,116.0,133.4219970703125
52.650000000000006,2.6089929110619953e-06,0.0,0.0,9.009888577391,0.3316380709875375,0.8420720943358673,107.0,133.0,116.0,133.4219970703125
52.7,3.226910908442321e-06,0.0,0.0,9.009888577391,0.3316380709875375,0.8420720943358673,107.0,133.0,116.0,133.4219970703125
52.75,3.844836731341842e-06,0.0,0.0,9.009888577391,0.3316380709875375,0.8420720943358673,107.0,133.0,116.0,133.4219970703125
52.800000000000004,4.462741213076619e-06,0.0,0.0,9.009888577391,0.3316380709875375,0.8420720943358673,107.0,133.0,116.0,133.4219970703125
52.85,5.080681030669978e-06,0.0,0.0,9.009888577391,0.3316380709875375,0.8420720943358673,107.0,133.0,116.0,133.4219970703125
52.900000000000006,4.806038967231194e-07,0.0,0.0,9.009888577391,0.3316380709875375,0.8420720943358673,107.0,133.0,116.0,133.4219970703125
52.95,1.0985225091228612e-06,0.0,0.0,9.009888577391,0.3316380709875375,0.8420720943358673,107.0,133.0,116.0,133.4219970703125
53.0,1.7164412270539718e-06,0.0,0.0,9.009888577391,0.3316380709875375,0.8420720943358673,107.0,133.0,116.0,133.4219970703125
53.050000000000004,2.3343635267567842e-06,0.0,0.0,9.009888577391,0.3316380709875375,0.8420720943358673,107.0,133.0,116.0,133.4219970703125
53.1,2.952282143246815e-06,0.0,0.0,9.009888577391,0.3316380709875375,0.8420720943358673,107.0,133.0,116.0,133.4219970703125
53.150000000000006,3.5702010550521224e-06,0.0,0.0,9.009888577391,0.3316380709875375,0.8420720943358673,107.0,133.0,116.0,133.4219970703125
53.2,4.188133277446617e-06,0.0,0.0,9.009888577391,0.3316380709875375,0.8420720943358673,107.0,133.0,116.0,133.4219970703125
53.25,4.806037358504817e-06,0.0,0.0,9.009888577391,0.3316380709875375,0.8420720943358673,107.0,133.0,116.0,133.4219970703125
53.300000000000004,2.746313193360926e-07,0.0,0.0,9.009888577391,0.3316380709875375,0.8420720943358673,107.0,133.0,116.0,133.4219970703125
53.35,9.612146502155282e-07,0.0,0.0,9.009888577391,0.3316380709875375,0.8420720943358673,107.0,133.0,116.0,133.4219970703125
53.400000000000006,1.6139518600272935e-06,0.0,0.0,9.009888577391,0.3316380709875375,0.8420720943358673,107.0,133.0,116.0,133.4219970703125
53.45,2.265725926445815e-06,0.0,0.0,9.009888577391,0.3316380709875375,0.8420720943358673,107.0,133.0,116.0,133.4219970703125
53.5,2.8836487890687245e-06,0.0,0.0,9.009888577391,0.3316380709875375,0.8420720943358673,107.0,133.0,116.0,133.4219970703125
53.550000000000004,2.8836356726056447e-06,0.0,0.0,9.009888577391,0.3316380709875375,0.8420720943358673,107.0,133.0,116.0,133.4219970703125
53.6,4.155765083476773e-06,0.0,0.0,9.009888577391,0.3316380709875375,0.8420720943358673,107.0,133.0,116.0,133.4219970703125
53.650000000000006,4.840421066820654e-06,0.0,0.0,9.009888577391,0.3316380709875375,0.8420720943358673,107.0,133.0,116.0,133.4219970703125
53.7,0.0,0.0,0.0,9.009888577391,0.3316380709875375,0.8420720943358673,107.0,133.0,116.0,133.4219970703125
53.75,6.865813369546143e-07,0.0,0.0,9.009888577391,0.3316380709875375,0.8420720943358673,107.0,133.0,116.0,133.4219970703125
53.800000000000004,1.3731660287944147e-06,0.0,0.0,9.009888577391,0.3316380709875375,0.8420720943358673,107.0,133.0,116.0,133.4219970703125
53.85,1.9910919890338868e-06,0.0,0.0,9.009888577391,0.3316380709875375,0.8420720943358673,107.0,133.0,116.0,133.4219970703125
53.900000000000006,2.608996840787939e-06,0.0,0.0,9.009888577391,0.3316380709875375,0.8420720943358673,107.0,133.0,116.0,133.4219970703125
53.95,3.2269189732172373e-06,0.0,0.0,9.009888577391,0.3316380709875375,0.8420720943358673,107.0,133.0,116.0,133.4219970703125
54.0,3.844865825162174e-06,0.0,0.0,9.009888577391,0.3316380709875375,0.8420720943358673,107.0,133.0,116.0,133.4219970703125
54.050000000000004,4.462832944062752e-06,0.0,0.0,9.009888577391,0.3316380709875375,0.8420720943358673,107.0,133.0,116.0,133.4219970703125
54.1,4.462759586427377e-06,0.0,0.0,9.009888577391,0.3316380709875375,0.8420720943358673,107.0,133.0,116.0,133.4219970703125
54.150000000000006,4.1194600011745846e-07,0.0,0.0,9.009888577391,0.3316380709875375,0.8420720943358673,107.0,133.0,116.0,133.4219970703125
54.2,1.0985305483187237e-06,0.0,0.0,9.009888577391,0.3316380709875375,0.8420720943358673,107.0,133.0,116.0,133.4219970703125
54.25,1.7164567720689674e-06,0.0,0.0,9.009888577391,0.3316380709875375,0.8420720943358673,107.0,133.0,116.0,133.4219970703125
54.300000000000004,1.750780057681627e-06,0.0,0.0,9.009888577391,0.3316380709875375,0.8420720943358673,107.0,133.0,116.0,133.4219970703125
54.35,2.403031676905152e-06,0.0,0.0,9.009888577391,0.3316380709875375,0.8420720943358673,107.0,133.0,116.0,133.4219970703125
54.400000000000006,3.638973543673774e-06,0.0,0.0,9.009888577391,0.3316380709875375,0.8420720943358673,107.0,133.0,116.0,133.4219970703125
54.45,4.256800774097319e-06,0.0,0.0,9.009888577391,0.3316380709875375,0.8420720943358673,107.0,133.0,116.0,133.4219970703125
54.5,4.256808068979772e-06,0.0,0.0,9.009888577391,0.3316380709875375,0.8420720943358673,107.0,133.0,116.0,133.4219970703125
54.550000000000004,1.373155537494088e-07,0.0,0.0,9.009888577391,0.3316380709875375,0.8420720943358673,107.0,133.0,116.0,133.4219970703125
54.6,8.238986504024893e-07,0.0,0.0,9.009888577391,0.3316380709875375,0.8420720943358673,107.0,133.0,116.0,133.4219970703125
54.650000000000006,8.58226434106377e-07,0.0,0.0,9.009888577391,0.3316380709875375,0.8420720943358673,107.0,133.0,116.0,133.4219970703125
54.7,2.128410083173652e-06,0.0,0.0,9.009888577391,0.3316380709875375,0.8420720943358673,107.0,133.0,116.0,133.4219970703125
54.75,2.7463298196955036e-06,0.0,0.0,9.009888577391,0.3316380709875375,0.8420720943358673,107.0,133.0,116.0,133.4219970703125
54.800000000000004,3.3642530041988498e-06,0.0,0.0,9.009888577391,0.3316380709875375,0.8420720943358673,107.0,133.0,116.0,133.4219970703125
54.85,3.3642424957008346e-06,0.0,0.0,9.009888577391,0.3316380709875375,0.8420720943358673,107.0,133.0,116.0,133.4219970703125
54.900000000000006,4.600097150633537e-06,0.0,0.0,9.009888577391,0.3316380709875375,0.8420720943358673,107.0,133.0,116.0,133.4219970703125
54.95,5.218049514998418e-06,0.0,0.0,9.009888577391,0.3316380709875375,0.8420720943358673,107.0,133.0,116.0,133.4219970703125
55.0,5.49265439960788e-07,0.0,0.0,9.009888577391,0.3316380709875375,0.8420720943358673,107.0,133.0,116.0,133.4219970703125
55.050000000000004,5.835971085512273e-07,0.0,0.0,9.009888577391,0.3316380709875375,0.8420720943358673,107.0,133.0,116.0,133.4219970703125
55.1,1.8537764025700607e-06,0.0,0.0,9.009888577391,0.3316380709875375,0.8420720943358673,107.0,133.0,116.0,133.4219970703125
55.150000000000006,2.471681186756641e-06,0.0,0.0,9.009888577391,0.3316380709875375,0.8420720943358673,107.0,133.0,116.0,133.4219970703125
55.2,3.0896032029855694e-06,0.0,0.0,9.009888577391,0.3316380709875375,0.8420720943358673,107.0,133.0,116.0,133.4219970703125
55.25,3.7075606706170886e-06,0.0,0.0,9.009888577391,0.3316380709875375,0.8420720943358673,107.0,133.0,116.0,133.4219970703125
55.300000000000004,3.7075502995564804e-06,0.0,0.0,9.009888577391,0.3316380709875375,0.8420720943358673,107.0,133.0,116.0,133.4219970703125
55.35,4.943358234527767e-06,0.0,0.0,9.009888577391,0.3316380709875375,0.8420720943358673,107.0,133.0,116.0,133.4219970703125
55.400000000000006,2.746313193360926e-07,0.0,0.0,9.009888577391,0.3316380709875375,0.8420720943358673,107.0,133.0,116.0,133.4219970703125
55.45,9.612146502155282e-07,0.0,0.0,9.009888577391,0.3316380709875375,0.8420720943358673,107.0,133.0,116.0,133.4219970703125
55.5,1.5791375718971462e-06,0.0,0.0,9.009888577391,0.3316380709875375,0.8420720943358673,107.0,133.0,116.0,133.4219970703125
55.550000000000004,2.231677681624826e-06,0.0,0.0,9.009888577391,0.3316380709875375,0.8420720943358673,107.0,133.0,116.0,133.4219970703125
55.6,9.95551331539126e-07,0.0,0.0,9.009888577391,0.3316380709875375,0.8420720943358673,107.0,133.0,116.0,133.4219970703125
55.650000000000006,2.9523194935440746e-06,0.0,0.0,9.009888577391,0.3316380709875375,0.8420720943358673,107.0,133.0,116.0,133.4219970703125
55.7,4.256854018851133e-06,0.0,0.0,9.009888577391,0.3316380709875375,0.8420720943358673,107.0,133.0,116.0,133.4219970703125
55.75,4.875953015090573e-06,0.0,0.0,9.009888577391,0.3316380709875375,0.8420720943358673,107.0,133.0,116.0,133.4219970703125
55.800000000000004,0.0,0.0,0.0,9.009888577391,0.3316380709875375,0.8420720943358673,107.0,133.0,116.0,133.4219970703125
55.85,6.179188208543376e-07,0.0,0.0,9.009888577391,0.3316380709875375,0.8420720943358673,107.0,133.0,116.0,133.4219970703125
55.900000000000006,1.2358374796143515e-06,0.0,0.0,9.009888577391,0.3316380709875375,0.8420720943358673,107.0,133.0,116.0,133.4219970703125
55.95,1.8537596744968797e-06,0.0,0.0,9.009888577391,0.3316380709875375,0.8420720943358673,107.0,133.0,116.0,133.4219970703125
56.0,2.4716782897883313e-06,0.0,0.0,9.009888577391,0.3316380709875375,0.8420720943358673,107.0,133.0,116.0,133.4219970703125
56.050000000000004,3.0895958137057195e-06,0.0,0.0,9.009888577391,0.3316380709875375,0.8420720943358673,107.0,133.0,116.0,133.4219970703125
56.1,3.707532895624827e-06,0.0,0.0,9.009888577391,0.3316380709875375,0.8420720943358673,107.0,133.0,116.0,133.4219970703125
56.150000000000006,4.3254373855996296e-06,0.0,0.0,9.009888577391,0.3316380709875375,0.8420720943358673,107.0,133.0,116.0,133.4219970703125
56.2,3.67331958581366e-06,0.0,0.0,9.009888577391,0.3316380709875375,0.8420720943358673,107.0,133.0,116.0,133.4219970703125
56.25,4.1195353496013883e-07,0.0,0.0,9.009888577391,0.3316380709875375,0.8420720943358673,107.0,133.0,116.0,133.4219970703125
56.300000000000004,1.098567461789364e-06,0.0,0.0,9.009888577391,0.3316380709875375,0.8420720943358673,107.0,133.0,116.0,133.4219970703125
56.35,4.462814527067467e-07,0.0,0.0,9.009888577391,0.3316380709875375,0.8420720943358673,107.0,133.0,116.0,133.4219970703125
56.400000000000006,2.3687355482817525e-06,0.0,0.0,9.009888577391,0.3316380709875375,0.8420720943358673,107.0,133.0,116.0,133.4219970703125
56.45,3.02132762792164e-06,0.0,0.0,9.009888577391,0.3316380709875375,0.8420720943358673,107.0,133.0,116.0,133.4219970703125
56.5,3.605475682940173e-06,0.0,0.0,9.009888577391,0.3316380709875375,0.8420720943358673,107.0,133.0,116.0,133.4219970703125
56.550000000000004,2.9866175624901677e-06,0.0,0.0,9.009888577391,0.3316380709875375,0.8420720943358673,107.0,133.0,116.0,133.4219970703125
56.6,4.875218321095398e-06,0.0,0.0,9.009888577391,0.3316380709875375,0.8420720943358673,107.0,133.0,116.0,133.4219970703125
56.650000000000006,1.0298673325545147e-07,0.0,0.0,9.009888577391,0.3316380709875375,0.8420720943358673,107.0,133.0,116.0,133.4219970703125
56.7,6.179730987199244e-07,0.0,0.0,9.009888577391,0.3316380709875375,0.8420720943358673,107.0,133.0,116.0,133.4219970703125
56.75,1.2015868289393173e-06,0.0,0.0,9.009888577391,0.3316380709875375,0.8420720943358673,107.0,133.0,116.0,133.4219970703125
56.800000000000004,1.7851535043284546e-06,0.0,0.0,9.009888577391,0.3316380709875375,0.8420720943358673,107.0,133.0,116.0,133.4219970703125
56.85,3.6731952164696025e-06,0.0,0.0,9.009888577391,0.3316380709875375,0.8420720943358673,107.0,133.0,116.0,133.4219970703125
56.900000000000006,2.9523701594995836e-06,0.0,0.0,9.009888577391,0.3316380709875375,0.8420720943358673,107.0,133.0,116.0,133.4219970703125
56.95,3.5359570861230236e-06,0.0,0.0,9.009888577391,0.3316380709875375,0.8420720943358673,107.0,133.0,116.0,133.4219970703125
57.0,4.085229010261378e-06,0.0,0.0,9.009888577391,0.3316380709875375,0.8420720943358673,107.0,133.0,116.0,133.4219970703125
57.050000000000004,4.668817632034812e-06,0.0,0.0,9.009888577391,0.3316380709875375,0.8420720943358673,107.0,133.0,116.0,133.4219970703125
57.1,5.492782136977651e-07,0.0,0.0,9.009888577391,0.3316380709875375,0.8420720943358673,107.0,133.0,116.0,133.4219970703125
57.150000000000006,1.2015631939656526e-06,0.0,0.0,9.009888577391,0.3316380709875375,0.8420720943358673,107.0,133.0,116.0,133.4219970703125
57.2,1.8215463367665263e-06,0.0,0.0,9.009888577391,0.3316380709875375,0.8420720943358673,107.0,133.0,116.0,133.4219970703125
57.25,2.4724532782864354e-06,0.0,0.0,9.009888577391,0.3316380709875375,0.8420720943358673,107.0,133.0,116.0,133.4219970703125
57.300000000000004,3.0896472459982137e-06,0.0,0.0,9.009888577391,0.3316380709875375,0.8420720943358673,107.0,133.0,116.0,133.4219970703125
57.35,3.7075734233936646e-06,0.0,0.0,9.009888577391,0.3316380709875375,0.8420720943358673,107.0,133.0,116.0,133.4219970703125
57.400000000000006,4.29143341673081e-06,0.0,0.0,9.009888577391,0.3316380709875375,0.8420720943358673,107.0,133.0,116.0,133.4219970703125
57.45,4.909073147905737e-06,0.0,0.0,9.009888577391,0.3316380709875375,0.8420720943358673,107.0,133.0,116.0,133.4219970703125
57.5,2.746341843066914e-07,0.0,0.0,9.009888577391,0.3316380709875375,0.8420720943358673,107.0,133.0,116.0,133.4219970703125
57.550000000000004,9.612458761607668e-07,0.0,0.0,9.009888577391,0.3316380709875375,0.8420720943358673,107.0,133.0,116.0,133.4219970703125
57.6,1.5791656459829e-06,0.0,0.0,9.009888577391,0.3316380709875375,0.8420720943358673,107.0,133.0,116.0,133.4219970703125
57.650000000000006,2.1970946584781454e-06,0.0,0.0,9.009888577391,0.3316380709875375,0.8420720943358673,107.0,133.0,116.0,133.4219970703125
57.7,2.814966303753795e-06,0.0,0.0,9.009888577391,0.3316380709875375,0.8420720943358673,107.0,133.0,116.0,133.4219970703125
57.75,2.1627224182332084e-06,0.0,0.0,9.009888577391,0.3316380709875375,0.8420720943358673,107.0,133.0,116.0,133.4219970703125
57.800000000000004,4.050836992888178e-06,0.0,0.0,9.009888577391,0.3316380709875375,0.8420720943358673,107.0,133.0,116.0,133.4219970703125
57.85,3.39856662472439e-06,0.0,0.0,9.009888577391,0.3316380709875375,0.8420720943358673,107.0,133.0,116.0,133.4219970703125
57.900000000000006,0.0,0.0,0.0,9.009888577391,0.3316380709875375,0.8420720943358673,107.0,133.0,116.0,133.4219970703125
57.95,5.149788231141136e-07,0.0,0.0,9.009888577391,0.3316380709875375,0.8420720943358673,107.0,133.0,116.0,133.4219970703125
58.0,1.0642801542162845e-06,0.0,0.0,9.009888577391,0.3316380709875375,0.8420720943358673,107.0,133.0,116.0,133.4219970703125
58.050000000000004,1.6821149600291439e-06,0.0,0.0,9.009888577391,0.3316380709875375,0.8420720943358673,107.0,133.0,116.0,133.4219970703125
58.1,2.8836558440425985e-06,0.0,0.0,9.009888577391,0.3316380709875375,0.8420720943358673,107.0,133.0,116.0,133.4219970703125
58.150000000000006,2.815030937839398e-06,0.0,0.0,9.009888577391,0.3316380709875375,0.8420720943358673,107.0,133.0,116.0,133.4219970703125
58.2,3.4328991676944982e-06,0.0,0.0,9.009888577391,0.3316380709875375,0.8420720943358673,107.0,133.0,116.0,133.4219970703125
58.25,4.0508105281938785e-06,0.0,0.0,9.009888577391,0.3316380709875375,0.8420720943358673,107.0,133.0,116.0,133.4219970703125
58.300000000000004,4.668754037682538e-06,0.0,0.0,9.009888577391,0.3316380709875375,0.8420720943358673,107.0,133.0,116.0,133.4219970703125
58.35,3.776185585081976e-07,0.0,0.0,9.009888577391,0.3316380709875375,0.8420720943358673,107.0,133.0,116.0,133.4219970703125
58.400000000000006,1.0298668322640617e-06,0.0,0.0,9.009888577391,0.3316380709875375,0.8420720943358673,107.0,133.0,116.0,133.4219970703125
58.45,1.6821151576287648e-06,0.0,0.0,9.009888577391,0.3316380709875375,0.8420720943358673,107.0,133.0,116.0,133.4219970703125
58.5,3.6045519161545744e-06,0.0,0.0,9.009888577391,0.3316380709875375,0.8420720943358673,107.0,133.0,116.0,133.4219970703125
58.550000000000004,2.849301193682444e-06,0.0,0.0,9.009888577391,0.3316380709875375,0.8420720943358673,107.0,133.0,116.0,133.4219970703125
58.6,3.398584107522884e-06,0.0,0.0,9.009888577391,0.3316380709875375,0.8420720943358673,107.0,133.0,116.0,133.4219970703125
58.650000000000006,4.0164843954814474e-06,0.0,0.0,9.009888577391,0.3316380709875375,0.8420720943358673,107.0,133.0,116.0,133.4219970703125
58.7,5.904579366029135e-06,0.0,0.0,9.009888577391,0.3316380709875375,0.8420720943358673,107.0,133.0,116.0,133.4219970703125
58.75,1.0298663898314598e-07,0.0,0.0,9.009888577391,0.3316380709875375,0.8420720943358673,107.0,133.0,116.0,133.4219970703125
58.800000000000004,7.552334194552673e-07,0.0,0.0,9.009888577391,0.3316380709875375,0.8420720943358673,107.0,133.0,116.0,133.4219970703125
58.85,1.4074816364614726e-06,0.0,0.0,9.009888577391,0.3316380709875375,0.8420720943358673,107.0,133.0,116.0,133.4219970703125
58.900000000000006,2.059729857295064e-06,0.0,0.0,9.009888577391,0.3316380709875375,0.8420720943358673,107.0,133.0,116.0,133.4219970703125
58.95,2.711978283833886e-06,0.0,0.0,9.009888577391,0.3316380709875375,0.8420720943358673,107.0,133.0,116.0,133.4219970703125
59.0,3.3642265061822626e-06,0.0,0.0,9.009888577391,0.3316380709875375,0.8420720943358673,107.0,133.0,116.0,133.4219970703125
59.050000000000004,3.9134932263562075e-06,0.0,0.0,9.009888577391,0.3316380709875375,0.8420720943358673,107.0,133.0,116.0,133.4219970703125
59.1,4.462760181735214e-06,0.0,0.0,9.009888577391,0.3316380709875375,0.8420720943358673,107.0,133.0,116.0,133.4219970703125
59.150000000000006,5.080680097308618e-06,0.0,0.0,9.009888577391,0.3316380709875375,0.8420720943358673,107.0,133.0,116.0,133.4219970703125
59.2,4.1197616128226183e-07,0.0,0.0,9.009888577391,0.3316380709875375,0.8420720943358673,107.0,133.0,116.0,133.4219970703125
59.25,1.0299045785768146e-06,0.0,0.0,9.009888577391,0.3316380709875375,0.8420720943358673,107.0,133.0,116.0,133.4219970703125
59.300000000000004,1.6844776395964135e-06,0.0,0.0,9.009888577391,0.3316380709875375,0.8420720943358673,107.0,133.0,116.0,133.4219970703125
59.35,2.1971023124255803e-06,0.0,0.0,9.009888577391,0.3316380709875375,0.8420720943358673,107.0,133.0,116.0,133.4219970703125
59.400000000000006,2.8149686314752134e-06,0.0,0.0,9.009888577391,0.3316380709875375,0.8420720943358673,107.0,133.0,116.0,133.4219970703125
59.45,4.668742179996566e-06,0.0,0.0,9.009888577391,0.3316380709875375,0.8420720943358673,107.0,133.0,116.0,133.4219970703125
59.5,3.947915690637921e-06,0.0,0.0,9.009888577391,0.3316380709875375,0.8420720943358673,107.0,133.0,116.0,133.4219970703125
59.550000000000004,4.531476032475836e-06,0.0,0.0,9.009888577391,0.3316380709875375,0.8420720943358673,107.0,133.0,116.0,133.4219970703125
59.6,2.40301857602664e-07,0.0,0.0,9.009888577391,0.3316380709875375,0.8420720943358673,107.0,133.0,116.0,133.4219970703125
59.650000000000006,8.925519637865192e-07,0.0,0.0,9.009888577391,0.3316380709875375,0.8420720943358673,107.0,133.0,116.0,133.4219970703125
59.7,1.5448001856791918e-06,0.0,0.0,9.009888577391,0.3316380709875375,0.8420720943358673,107.0,133.0,116.0,133.4219970703125
59.75,2.197044827123394e-06,0.0,0.0,9.009888577391,0.3316380709875375,0.8420720943358673,107.0,133.0,116.0,133.4219970703125
59.800000000000004,2.8492930499207414e-06,0.0,0.0,9.009888577391,0.3316380709875375,0.8420720943358673,107.0,133.0,116.0,133.4219970703125
59.85,3.5015414774461757e-06,0.0,0.0,9.009888577391,0.3316380709875375,0.8420720943358673,107.0,133.0,116.0,133.4219970703125
59.900000000000006,4.0851377137947735e-06,0.0,0.0,9.009888577391,0.3316380709875375,0.8420720943358673,107.0,133.0,116.0,133.4219970703125
59.95,4.600099637515543e-06,0.0,0.0,9.009888577391,0.3316380709875375,0.8420720943358673,107.0,133.0,116.0,133.4219970703125
60.0,0.0,0.0,0.0,9.009888577391,0.3316380709875375,0.8420720943358673,107.0,133.0,116.0,133.4219970703125
60.050000000000004,5.149788231141136e-07,0.0,0.0,9.009888577391,0.3316380709875375,0.8420720943358673,107.0,133.0,116.0,133.4219970703125
60.1,1.098589149790446e-06,0.0,0.0,9.009888577391,0.3316380709875375,0.8420720943358673,107.0,133.0,116.0,133.4219970703125
60.150000000000006,1.7164404758702143e-06,0.0,0.0,9.009888577391,0.3316380709875375,0.8420720943358673,107.0,133.0,116.0,133.4219970703125
60.2,2.3001029479114807e-06,0.0,0.0,9.009888577391,0.3316380709875375,0.8420720943358673,107.0,133.0,116.0,133.4219970703125
60.25,2.883679969998254e-06,0.0,0.0,9.009888577391,0.3316380709875375,0.8420720943358673,107.0,133.0,116.0,133.4219970703125
60.300000000000004,3.5015523436824977e-06,0.0,0.0,9.009888577391,0.3316380709875375,0.8420720943358673,107.0,133.0,116.0,133.4219970703125
60.35,4.154451718727635e-06,0.0,0.0,9.009888577391,0.3316380709875375,0.8420720943358673,107.0,133.0,116.0,133.4219970703125
60.400000000000006,4.772236966213911e-06,0.0,0.0,9.009888577391,0.3316380709875375,0.8420720943358673,107.0,133.0,116.0,133.4219970703125
60.45,3.776185585081976e-07,0.0,0.0,9.009888577391,0.3316380709875375,0.8420720943358673,107.0,133.0,116.0,133.4219970703125
60.5,1.0298668322640617e-06,0.0,0.0,9.009888577391,0.3316380709875375,0.8420720943358673,107.0,133.0,116.0,133.4219970703125
60.550000000000004,1.6821151576287648e-06,0.0,0.0,9.009888577391,0.3316380709875375,0.8420720943358673,107.0,133.0,116.0,133.4219970703125
60.6,2.3343634829936035e-06,0.0,0.0,9.009888577391,0.3316380709875375,0.8420720943358673,107.0,133.0,116.0,133.4219970703125
60.650000000000006,2.9866117060449535e-06,0.0,0.0,9.009888577391,0.3316380709875375,0.8420720943358673,107.0,133.0,116.0,133.4219970703125
60.7,3.5358747558392304e-06,0.0,0.0,9.009888577391,0.3316380709875375,0.8420720943358673,107.0,133.0,116.0,133.4219970703125
60.75,4.085157444625468e-06,0.0,0.0,9.009888577391,0.3316380709875375,0.8420720943358673,107.0,133.0,116.0,133.4219970703125
60.800000000000004,4.703040127933725e-06,0.0,0.0,9.009888577391,0.3316380709875375,0.8420720943358673,107.0,133.0,116.0,133.4219970703125
60.85,1.0298663898314598e-07,0.0,0.0,9.009888577391,0.3316380709875375,0.8420720943358673,107.0,133.0,116.0,133.4219970703125
60.900000000000006,7.552334194552673e-07,0.0,0.0,9.009888577391,0.3316380709875375,0.8420720943358673,107.0,133.0,116.0,133.4219970703125
60.95,1.4074816364614726e-06,0.0,0.0,9.009888577391,0.3316380709875375,0.8420720943358673,107.0,133.0,116.0,133.4219970703125
61.0,2.059729857295113e-06,0.0,0.0,9.009888577391,0.3316380709875375,0.8420720943358673,107.0,133.0,116.0,133.4219970703125
61.050000000000004,2.711978283833886e-06,0.0,0.0,9.009888577391,0.3316380709875375,0.8420720943358673,107.0,133.0,116.0,133.4219970703125
61.1,3.2612449910008246e-06,0.0,0.0,9.009888577391,0.3316380709875375,0.8420720943358673,107.0,133.0,116.0,133.4219970703125
61.150000000000006,3.810513610707456e-06,0.0,0.0,9.009888577391,0.3316380709875375,0.8420720943358673,107.0,133.0,116.0,133.4219970703125
61.2,4.4635544647373e-06,0.0,0.0,9.009888577391,0.3316380709875375,0.8420720943358673,107.0,133.0,116.0,133.4219970703125
61.25,5.046364753724998e-06,0.0,0.0,9.009888577391,0.3316380709875375,0.8420720943358673,107.0,133.0,116.0,133.4219970703125
61.300000000000004,5.149334853853036e-07,0.0,0.0,9.009888577391,0.3316380709875375,0.8420720943358673,107.0,133.0,116.0,133.4219970703125
61.35,1.1671818079402767e-06,0.0,0.0,9.009888577391,0.3316380709875375,0.8420720943358673,107.0,133.0,116.0,133.4219970703125
61.400000000000006,1.8220089458861716e-06,0.0,0.0,9.009888577391,0.3316380709875375,0.8420720943358673,107.0,133.0,116.0,133.4219970703125
61.45,2.3343777570515476e-06,0.0,0.0,9.009888577391,0.3316380709875375,0.8420720943358673,107.0,133.0,116.0,133.4219970703125
61.5,2.9179836191621046e-06,0.0,0.0,9.009888577391,0.3316380709875375,0.8420720943358673,107.0,133.0,116.0,133.4219970703125
61.550000000000004,3.5015684302789886e-06,0.0,0.0,9.009888577391,0.3316380709875375,0.8420720943358673,107.0,133.0,116.0,133.4219970703125
61.6,5.389637131182759e-06,0.0,0.0,9.009888577391,0.3316380709875375,0.8420720943358673,107.0,133.0,116.0,133.4219970703125
61.650000000000006,4.703089958245897e-06,0.0,0.0,9.009888577391,0.3316380709875375,0.8420720943358673,107.0,133.0,116.0,133.4219970703125
61.7,2.059796665887014e-07,0.0,0.0,9.009888577391,0.3316380709875375,0.8420720943358673,107.0,133.0,116.0,133.4219970703125
61.75,7.552804577259221e-07,0.0,0.0,9.009888577391,0.3316380709875375,0.8420720943358673,107.0,133.0,116.0,133.4219970703125
61.800000000000004,1.4075104169186082e-06,0.0,0.0,9.009888577391,0.3316380709875375,0.8420720943358673,107.0,133.0,116.0,133.4219970703125
61.85,1.956783734711712e-06,0.0,0.0,9.009888577391,0.3316380709875375,0.8420720943358673,107.0,133.0,116.0,133.4219970703125
61.900000000000006,2.574714930523736e-06,0.0,0.0,9.009888577391,0.3316380709875375,0.8420720943358673,107.0,133.0,116.0,133.4219970703125
61.95,3.1239872761996873e-06,0.0,0.0,9.009888577391,0.3316380709875375,0.8420720943358673,107.0,133.0,116.0,133.4219970703125
62.0,3.7418479639227453e-06,0.0,0.0,9.009888577391,0.3316380709875375,0.8420720943358673,107.0,133.0,116.0,133.4219970703125
62.050000000000004,4.394741690294135e-06,0.0,0.0,9.009888577391,0.3316380709875375,0.8420720943358673,107.0,133.0,116.0,133.4219970703125
62.1,0.0,0.0,0.0,9.009888577391,0.3316380709875375,0.8420720943358673,107.0,133.0,116.0,133.4219970703125
62.150000000000006,5.149788231141136e-07,0.0,0.0,9.009888577391,0.3316380709875375,0.8420720943358673,107.0,133.0,116.0,133.4219970703125
62.2,1.098589149790446e-06,0.0,0.0,9.009888577391,0.3316380709875375,0.8420720943358673,107.0,133.0,116.0,133.4219970703125
62.25,1.7528766877355658e-06,0.0,0.0,9.009888577391,0.3316380709875375,0.8420720943358673,107.0,133.0,116.0,133.4219970703125
62.300000000000004,2.3001026530925278e-06,0.0,0.0,9.009888577391,0.3316380709875375,0.8420720943358673,107.0,133.0,116.0,133.4219970703125
62.35,2.883679908084857e-06,0.0,0.0,9.009888577391,0.3316380709875375,0.8420720943358673,107.0,133.0,116.0,133.4219970703125
62.400000000000006,3.536694924726701e-06,0.0,0.0,9.009888577391,0.3316380709875375,0.8420720943358673,107.0,133.0,116.0,133.4219970703125
62.45,4.1544521195875286e-06,0.0,0.0,9.009888577391,0.3316380709875375,0.8420720943358673,107.0,133.0,116.0,133.4219970703125
62.5,4.772237244887606e-06,0.0,0.0,9.009888577391,0.3316380709875375,0.8420720943358673,107.0,133.0,116.0,133.4219970703125
62.550000000000004,3.776185585081976e-07,0.0,0.0,9.009888577391,0.3316380709875375,0.8420720943358673,107.0,133.0,116.0,133.4219970703125
62.6,1.0298668322640115e-06,0.0,0.0,9.009888577391,0.3316380709875375,0.8420720943358673,107.0,133.0,116.0,133.4219970703125
62.650000000000006,1.6821151576287648e-06,0.0,0.0,9.009888577391,0.3316380709875375,0.8420720943358673,107.0,133.0,116.0,133.4219970703125
62.7,2.3343634829936035e-06,0.0,0.0,9.009888577391,0.3316380709875375,0.8420720943358673,107.0,133.0,116.0,133.4219970703125
62.75,2.9866117060449535e-06,0.0,0.0,9.009888577391,0.3316380709875375,0.8420720943358673,107.0,133.0,116.0,133.4219970703125
62.800000000000004,4.909041104012069e-06,0.0,0.0,9.009888577391,0.3316380709875375,0.8420720943358673,107.0,133.0,116.0,133.4219970703125
62.85,4.1537966486134455e-06,0.0,0.0,9.009888577391,0.3316380709875375,0.8420720943358673,107.0,133.0,116.0,133.4219970703125
62.900000000000006,4.7374042433420836e-06,0.0,0.0,9.009888577391,0.3316380709875375,0.8420720943358673,107.0,133.0,116.0,133.4219970703125
62.95,1.0298673325545147e-07,0.0,0.0,9.009888577391,0.3316380709875375,0.8420720943358673,107.0,133.0,116.0,133.4219970703125
63.0,6.179730987199244e-07,0.0,0.0,9.009888577391,0.3316380709875375,0.8420720943358673,107.0,133.0,116.0,133.4219970703125
63.050000000000004,1.270209246375946e-06,0.0,0.0,9.009888577391,0.3316380709875375,0.8420720943358673,107.0,133.0,116.0,133.4219970703125
63.1,1.8537901482489788e-06,0.0,0.0,9.009888577391,0.3316380709875375,0.8420720943358673,107.0,133.0,116.0,133.4219970703125
63.150000000000006,2.4374125443972745e-06,0.0,0.0,9.009888577391,0.3316380709875375,0.8420720943358673,107.0,133.0,116.0,133.4219970703125
63.2,2.986684521612301e-06,0.0,0.0,9.009888577391,0.3316380709875375,0.8420720943358673,107.0,133.0,116.0,133.4219970703125
63.25,3.5702659718872736e-06,0.0,0.0,9.009888577391,0.3316380709875375,0.8420720943358673,107.0,133.0,116.0,133.4219970703125
63.300000000000004,4.188151596826268e-06,0.0,0.0,9.009888577391,0.3316380709875375,0.8420720943358673,107.0,133.0,116.0,133.4219970703125
63.35,4.806059097175612e-06,0.0,0.0,9.009888577391,0.3316380709875375,0.8420720943358673,107.0,133.0,116.0,133.4219970703125
63.400000000000006,5.149334853853036e-07,0.0,0.0,9.009888577391,0.3316380709875375,0.8420720943358673,107.0,133.0,116.0,133.4219970703125
63.45,1.167181807940226e-06,0.0,0.0,9.009888577391,0.3316380709875375,0.8420720943358673,107.0,133.0,116.0,133.4219970703125
63.5,1.8194300302111085e-06,0.0,0.0,9.009888577391,0.3316380709875375,0.8420720943358673,107.0,133.0,116.0,133.4219970703125
63.550000000000004,2.4716782528911145e-06,0.0,0.0,9.009888577391,0.3316380709875375,0.8420720943358673,107.0,133.0,116.0,133.4219970703125
63.6,3.0896118839486736e-06,0.0,0.0,9.009888577391,0.3316380709875375,0.8420720943358673,107.0,133.0,116.0,133.4219970703125
63.650000000000006,3.604553357776153e-06,0.0,0.0,9.009888577391,0.3316380709875375,0.8420720943358673,107.0,133.0,116.0,133.4219970703125
63.7,4.256805029621161e-06,0.0,0.0,9.009888577391,0.3316380709875375,0.8420720943358673,107.0,133.0,116.0,133.4219970703125
63.75,4.8060647595527316e-06,0.0,0.0,9.009888577391,0.3316380709875375,0.8420720943358673,107.0,133.0,116.0,133.4219970703125
63.800000000000004,2.746341843066914e-07,0.0,0.0,9.009888577391,0.3316380709875375,0.8420720943358673,107.0,133.0,116.0,133.4219970703125
63.85,9.612458761607668e-07,0.0,0.0,9.009888577391,0.3316380709875375,0.8420720943358673,107.0,133.0,116.0,133.4219970703125
63.900000000000006,1.5791656459829e-06,0.0,0.0,9.009888577391,0.3316380709875375,0.8420720943358673,107.0,133.0,116.0,133.4219970703125
63.95,2.2314145435333494e-06,0.0,0.0,9.009888577391,0.3316380709875375,0.8420720943358673,107.0,133.0,116.0,133.4219970703125
64.0,3.502406955327563e-06,0.0,0.0,9.009888577391,0.3316380709875375,0.8420720943358673,107.0,133.0,116.0,133.4219970703125
64.05,2.2313810590794296e-06,0.0,0.0,9.009888577391,0.3316380709875375,0.8420720943358673,107.0,133.0,116.0,133.4219970703125
64.10000000000001,2.8493036290507956e-06,0.0,0.0,9.009888577391,0.3316380709875375,0.8420720943358673,107.0,133.0,116.0,133.4219970703125
64.15,3.4672303905262463e-06,0.0,0.0,9.009888577391,0.3316380709875375,0.8420720943358673,107.0,133.0,116.0,133.4219970703125
64.2,0.0,0.0,0.0,9.009888577391,0.3316380709875375,0.8420720943358673,107.0,133.0,116.0,133.4219970703125
64.25,6.865995626129935e-07,0.0,0.0,9.009888577391,0.3316380709875375,0.8420720943358673,107.0,133.0,116.0,133.4219970703125
64.3,1.3045442365591588e-06,0.0,0.0,9.009888577391,0.3316380709875375,0.8420720943358673,107.0,133.0,116.0,133.4219970703125
64.35000000000001,1.9224430121891515e-06,0.0,0.0,9.009888577391,0.3316380709875375,0.8420720943358673,107.0,133.0,116.0,133.4219970703125
64.4,2.5414522090011447e-06,0.0,0.0,9.009888577391,0.3316380709875375,0.8420720943358673,107.0,133.0,116.0,133.4219970703125
64.45,1.888098882274347e-06,0.0,0.0,9.009888577391,0.3316380709875375,0.8420720943358673,107.0,133.0,116.0,133.4219970703125
64.5,2.5060255089293383e-06,0.0,0.0,9.009888577391,0.3316380709875375,0.8420720943358673,107.0,133.0,116.0,133.4219970703125
64.55,4.360418429978839e-06,0.0,0.0,9.009888577391,0.3316380709875375,0.8420720943358673,107.0,133.0,116.0,133.4219970703125
64.60000000000001,4.978229710781733e-06,0.0,0.0,9.009888577391,0.3316380709875375,0.8420720943358673,107.0,133.0,116.0,133.4219970703125
64.65,3.4328859279954185e-07,0.0,0.0,9.009888577391,0.3316380709875375,0.8420720943358673,107.0,133.0,116.0,133.4219970703125
64.7,9.612076435900164e-07,0.0,0.0,9.009888577391,0.3316380709875375,0.8420720943358673,107.0,133.0,116.0,133.4219970703125
64.75,2.1970512382346138e-06,0.0,0.0,9.009888577391,0.3316380709875375,0.8420720943358673,107.0,133.0,116.0,133.4219970703125
64.8,2.197044309800409e-06,0.0,0.0,9.009888577391,0.3316380709875375,0.8420720943358673,107.0,133.0,116.0,133.4219970703125
64.85000000000001,2.8149665916924784e-06,0.0,0.0,9.009888577391,0.3316380709875375,0.8420720943358673,107.0,133.0,116.0,133.4219970703125
64.9,3.432885191539106e-06,0.0,0.0,9.009888577391,0.3316380709875375,0.8420720943358673,107.0,133.0,116.0,133.4219970703125
64.95,4.050793155475823e-06,0.0,0.0,9.009888577391,0.3316380709875375,0.8420720943358673,107.0,133.0,116.0,133.4219970703125
65.0,4.668733216843377e-06,0.0,0.0,9.009888577391,0.3316380709875375,0.8420720943358673,107.0,133.0,116.0,133.4219970703125
65.05,1.0298663897189604e-07,0.0,0.0,9.009888577391,0.3316380709875375,0.8420720943358673,107.0,133.0,116.0,133.4219970703125
65.10000000000001,7.552333904887869e-07,0.0,0.0,9.009888577391,0.3316380709875375,0.8420720943358673,107.0,133.0,116.0,133.4219970703125
65.15,1.3731555799912585e-06,0.0,0.0,9.009888577391,0.3316380709875375,0.8420720943358673,107.0,133.0,116.0,133.4219970703125
65.2,1.991074295923117e-06,0.0,0.0,9.009888577391,0.3316380709875375,0.8420720943358673,107.0,133.0,116.0,133.4219970703125
65.25,2.6089929110619953e-06,0.0,0.0,9.009888577391,0.3316380709875375,0.8420720943358673,107.0,133.0,116.0,133.4219970703125
65.3,3.1939787281323986e-06,0.0,0.0,9.009888577391,0.3316380709875375,0.8420720943358673,107.0,133.0,116.0,133.4219970703125
65.35000000000001,3.879145748930014e-06,0.0,0.0,9.009888577391,0.3316380709875375,0.8420720943358673,107.0,133.0,116.0,133.4219970703125
65.4,4.531401709529473e-06,0.0,0.0,9.009888577391,0.3316380709875375,0.8420720943358673,107.0,133.0,116.0,133.4219970703125
65.45,5.149332920213316e-06,0.0,0.0,9.009888577391,0.3316380709875375,0.8420720943358673,107.0,133.0,116.0,133.4219970703125
65.5,5.149484365641231e-07,0.0,0.0,9.009888577391,0.3316380709875375,0.8420720943358673,107.0,133.0,116.0,133.4219970703125
65.55,1.167186899402223e-06,0.0,0.0,9.009888577391,0.3316380709875375,0.8420720943358673,107.0,133.0,116.0,133.4219970703125
65.60000000000001,1.7851022912548235e-06,0.0,0.0,9.009888577391,0.3316380709875375,0.8420720943358673,107.0,133.0,116.0,133.4219970703125
65.65,2.4035238150286535e-06,0.0,0.0,9.009888577391,0.3316380709875375,0.8420720943358673,107.0,133.0,116.0,133.4219970703125
65.7,3.0209545663290487e-06,0.0,0.0,9.009888577391,0.3316380709875375,0.8420720943358673,107.0,133.0,116.0,133.4219970703125
65.75,3.6388454432375648e-06,0.0,0.0,9.009888577391,0.3316380709875375,0.8420720943358673,107.0,133.0,116.0,133.4219970703125
65.8,4.256807235197697e-06,0.0,0.0,9.009888577391,0.3316380709875375,0.8420720943358673,107.0,133.0,116.0,133.4219970703125
65.85000000000001,4.874715729047131e-06,0.0,0.0,9.009888577391,0.3316380709875375,0.8420720943358673,107.0,133.0,116.0,133.4219970703125
65.9,2.746341843066914e-07,0.0,0.0,9.009888577391,0.3316380709875375,0.8420720943358673,107.0,133.0,116.0,133.4219970703125
65.95,9.612458761607668e-07,0.0,0.0,9.009888577391,0.3316380709875375,0.8420720943358673,107.0,133.0,116.0,133.4219970703125
66.0,1.5791552915019566e-06,0.0,0.0,9.009888577391,0.3316380709875375,0.8420720943358673,107.0,133.0,116.0,133.4219970703125
66.05,2.2314056178732553e-06,0.0,0.0,9.009888577391,0.3316380709875375,0.8420720943358673,107.0,133.0,116.0,133.4219970703125
66.10000000000001,2.8836237779774087e-06,0.0,0.0,9.009888577391,0.3316380709875375,0.8420720943358673,107.0,133.0,116.0,133.4219970703125
66.15,2.2313810421839645e-06,0.0,0.0,9.009888577391,0.3316380709875375,0.8420720943358673,107.0,133.0,116.0,133.4219970703125
66.2,2.849303620465149e-06,0.0,0.0,9.009888577391,0.3316380709875375,0.8420720943358673,107.0,133.0,116.0,133.4219970703125
66.25,3.4672284220435845e-06,0.0,0.0,9.009888577391,0.3316380709875375,0.8420720943358673,107.0,133.0,116.0,133.4219970703125
66.3,0.0,0.0,0.0,9.009888577391,0.3316380709875375,0.8420720943358673,107.0,133.0,116.0,133.4219970703125
66.35000000000001,6.865995626129935e-07,0.0,0.0,9.009888577391,0.3316380709875375,0.8420720943358673,107.0,133.0,116.0,133.4219970703125
66.4,1.338884817340961e-06,0.0,0.0,9.009888577391,0.3316380709875375,0.8420720943358673,107.0,133.0,116.0,133.4219970703125
66.45,1.991611054761054e-06,0.0,0.0,9.009888577391,0.3316380709875375,0.8420720943358673,107.0,133.0,116.0,133.4219970703125
66.5,2.576003948339484e-06,0.0,0.0,9.009888577391,0.3316380709875375,0.8420720943358673,107.0,133.0,116.0,133.4219970703125
66.55,3.226970223368094e-06,0.0,0.0,9.009888577391,0.3316380709875375,0.8420720943358673,107.0,133.0,116.0,133.4219970703125
66.60000000000001,3.844890197986083e-06,0.0,0.0,9.009888577391,0.3316380709875375,0.8420720943358673,107.0,133.0,116.0,133.4219970703125
66.65,3.192598047612984e-06,0.0,0.0,9.009888577391,0.3316380709875375,0.8420720943358673,107.0,133.0,116.0,133.4219970703125
66.7,3.8105123748085814e-06,0.0,0.0,9.009888577391,0.3316380709875375,0.8420720943358673,107.0,133.0,116.0,133.4219970703125
66.75,4.119535349598651e-07,0.0,0.0,9.009888577391,0.3316380709875375,0.8420720943358673,107.0,133.0,116.0,133.4219970703125
66.8,1.0298803829444499e-06,0.0,0.0,9.009888577391,0.3316380709875375,0.8420720943358673,107.0,133.0,116.0,133.4219970703125
66.85000000000001,1.615797331950127e-06,0.0,0.0,9.009888577391,0.3316380709875375,0.8420720943358673,107.0,133.0,116.0,133.4219970703125
66.9,2.3000599209531426e-06,0.0,0.0,9.009888577391,0.3316380709875375,0.8420720943358673,107.0,133.0,116.0,133.4219970703125
66.95,2.9192309602516306e-06,0.0,0.0,9.009888577391,0.3316380709875375,0.8420720943358673,107.0,133.0,116.0,133.4219970703125
67.0,3.5702366873440495e-06,0.0,0.0,9.009888577391,0.3316380709875375,0.8420720943358673,107.0,133.0,116.0,133.4219970703125
67.05,4.188180186559805e-06,0.0,0.0,9.009888577391,0.3316380709875375,0.8420720943358673,107.0,133.0,116.0,133.4219970703125
67.10000000000001,4.771728742092955e-06,0.0,0.0,9.009888577391,0.3316380709875375,0.8420720943358673,107.0,133.0,116.0,133.4219970703125
67.15,1.373156307053014e-07,0.0,0.0,9.009888577391,0.3316380709875375,0.8420720943358673,107.0,133.0,116.0,133.4219970703125
67.2,7.89594599311765e-07,0.0,0.0,9.009888577391,0.3316380709875375,0.8420720943358673,107.0,133.0,116.0,133.4219970703125
67.25,1.441826675310816e-06,0.0,0.0,9.009888577391,0.3316380709875375,0.8420720943358673,107.0,133.0,116.0,133.4219970703125
67.3,2.0597692186429163e-06,0.0,0.0,9.009888577391,0.3316380709875375,0.8420720943358673,107.0,133.0,116.0,133.4219970703125
67.35000000000001,2.6776740222680552e-06,0.0,0.0,9.009888577391,0.3316380709875375,0.8420720943358673,107.0,133.0,116.0,133.4219970703125
67.4,3.329926052995017e-06,0.0,0.0,9.009888577391,0.3316380709875375,0.8420720943358673,107.0,133.0,116.0,133.4219970703125
67.45,4.600743120387301e-06,0.0,0.0,9.009888577391,0.3316380709875375,0.8420720943358673,107.0,133.0,116.0,133.4219970703125
67.5,3.3299019145839005e-06,0.0,0.0,9.009888577391,0.3316380709875375,0.8420720943358673,107.0,133.0,116.0,133.4219970703125
67.55,5.218018178416367e-06,0.0,0.0,9.009888577391,0.3316380709875375,0.8420720943358673,107.0,133.0,116.0,133.4219970703125
67.60000000000001,4.119761612820098e-07,0.0,0.0,9.009888577391,0.3316380709875375,0.8420720943358673,107.0,133.0,116.0,133.4219970703125
67.65,9.26975090277537e-07,0.0,0.0,9.009888577391,0.3316380709875375,0.8420720943358673,107.0,133.0,116.0,133.4219970703125
67.7,2.8492946825045923e-06,0.0,0.0,9.009888577391,0.3316380709875375,0.8420720943358673,107.0,133.0,116.0,133.4219970703125
67.75,2.1284756898295517e-06,0.0,0.0,9.009888577391,0.3316380709875375,0.8420720943358673,107.0,133.0,116.0,133.4219970703125
67.8,2.7120377907533283e-06,0.0,0.0,9.009888577391,0.3316380709875375,0.8420720943358673,107.0,133.0,116.0,133.4219970703125
67.85000000000001,3.3307271019083133e-06,0.0,0.0,9.009888577391,0.3316380709875375,0.8420720943358673,107.0,133.0,116.0,133.4219970703125
67.9,3.9484909895803935e-06,0.0,0.0,9.009888577391,0.3316380709875375,0.8420720943358673,107.0,133.0,116.0,133.4219970703125
67.95,4.566272489152994e-06,0.0,0.0,9.009888577391,0.3316380709875375,0.8420720943358673,107.0,133.0,116.0,133.4219970703125
68.0,2.746341843247269e-07,0.0,0.0,9.009888577391,0.3316380709875375,0.8420720943358673,107.0,133.0,116.0,133.4219970703125
68.05,9.612458761607668e-07,0.0,0.0,9.009888577391,0.3316380709875375,0.8420720943358673,107.0,133.0,116.0,133.4219970703125
68.10000000000001,1.5791656459829e-06,0.0,0.0,9.009888577391,0.3316380709875375,0.8420720943358673,107.0,133.0,116.0,133.4219970703125
68.15,2.1970946584781454e-06,0.0,0.0,9.009888577391,0.3316380709875375,0.8420720943358673,107.0,133.0,116.0,133.4219970703125
68.2,2.8149663037513635e-06,0.0,0.0,9.009888577391,0.3316380709875375,0.8420720943358673,107.0,133.0,116.0,133.4219970703125
68.25,2.162725788425341e-06,0.0,0.0,9.009888577391,0.3316380709875375,0.8420720943358673,107.0,133.0,116.0,133.4219970703125
68.3,4.05084465289871e-06,0.0,0.0,9.009888577391,0.3316380709875375,0.8420720943358673,107.0,133.0,116.0,133.4219970703125
68.35000000000001,3.398566689859511e-06,0.0,0.0,9.009888577391,0.3316380709875375,0.8420720943358673,107.0,133.0,116.0,133.4219970703125
68.4,0.0,0.0,0.0,9.009888577391,0.3316380709875375,0.8420720943358673,107.0,133.0,116.0,133.4219970703125
68.45,5.149788231141136e-07,0.0,0.0,9.009888577391,0.3316380709875375,0.8420720943358673,107.0,133.0,116.0,133.4219970703125
68.5,1.0642801542137474e-06,0.0,0.0,9.009888577391,0.3316380709875375,0.8420720943358673,107.0,133.0,116.0,133.4219970703125
68.55,1.718512728171262e-06,0.0,0.0,9.009888577391,0.3316380709875375,0.8420720943358673,107.0,133.0,116.0,133.4219970703125
68.60000000000001,2.300102845386439e-06,0.0,0.0,9.009888577391,0.3316380709875375,0.8420720943358673,107.0,133.0,116.0,133.4219970703125
68.65,2.883670416387975e-06,0.0,0.0,9.009888577391,0.3316380709875375,0.8420720943358673,107.0,133.0,116.0,133.4219970703125
68.7,3.5023563054985123e-06,0.0,0.0,9.009888577391,0.3316380709875375,0.8420720943358673,107.0,133.0,116.0,133.4219970703125
68.75,4.1200992103275545e-06,0.0,0.0,9.009888577391,0.3316380709875375,0.8420720943358673,107.0,133.0,116.0,133.4219970703125
68.8,4.737921403829069e-06,0.0,0.0,9.009888577391,0.3316380709875375,0.8420720943358673,107.0,133.0,116.0,133.4219970703125
68.85000000000001,3.776185585081976e-07,0.0,0.0,9.009888577391,0.3316380709875375,0.8420720943358673,107.0,133.0,116.0,133.4219970703125
68.9,1.0298668322640115e-06,0.0,0.0,9.009888577391,0.3316380709875375,0.8420720943358673,107.0,133.0,116.0,133.4219970703125
68.95,1.6821151576287648e-06,0.0,0.0,9.009888577391,0.3316380709875375,0.8420720943358673,107.0,133.0,116.0,133.4219970703125
69.0,2.3343634829936035e-06,0.0,0.0,9.009888577391,0.3316380709875375,0.8420720943358673,107.0,133.0,116.0,133.4219970703125
69.05,2.9866117060449535e-06,0.0,0.0,9.009888577391,0.3316380709875375,0.8420720943358673,107.0,133.0,116.0,133.4219970703125
69.10000000000001,3.6400924102946822e-06,0.0,0.0,9.009888577391,0.3316380709875375,0.8420720943358673,107.0,133.0,116.0,133.4219970703125
69.15,4.153800145702468e-06,0.0,0.0,9.009888577391,0.3316380709875375,0.8420720943358673,107.0,133.0,116.0,133.4219970703125
69.2,4.771711794695637e-06,0.0,0.0,9.009888577391,0.3316380709875375,0.8420720943358673,107.0,133.0,116.0,133.4219970703125
69.25,1.0298673325545147e-07,0.0,0.0,9.009888577391,0.3316380709875375,0.8420720943358673,107.0,133.0,116.0,133.4219970703125
69.3,6.1797105833511e-07,0.0,0.0,9.009888577391,0.3316380709875375,0.8420720943358673,107.0,133.0,116.0,133.4219970703125
69.35000000000001,1.270197442505351e-06,0.0,0.0,9.009888577391,0.3316380709875375,0.8420720943358673,107.0,133.0,116.0,133.4219970703125
69.4,1.8537817635990126e-06,0.0,0.0,9.009888577391,0.3316380709875375,0.8420720943358673,107.0,133.0,116.0,133.4219970703125
69.45,2.4374016985727406e-06,0.0,0.0,9.009888577391,0.3316380709875375,0.8420720943358673,107.0,133.0,116.0,133.4219970703125
69.5,3.0209819635131837e-06,0.0,0.0,9.009888577391,0.3316380709875375,0.8420720943358673,107.0,133.0,116.0,133.4219970703125
69.55,3.674019014089069e-06,0.0,0.0,9.009888577391,0.3316380709875375,0.8420720943358673,107.0,133.0,116.0,133.4219970703125
69.60000000000001,5.561289831491258e-06,0.0,0.0,9.009888577391,0.3316380709875375,0.8420720943358673,107.0,133.0,116.0,133.4219970703125
69.65,6.144888455944033e-06,0.0,0.0,9.009888577391,0.3316380709875375,0.8420720943358673,107.0,133.0,116.0,133.4219970703125
69.7,4.119761612820098e-07,0.0,0.0,9.009888577391,0.3316380709875375,0.8420720943358673,107.0,133.0,116.0,133.4219970703125
69.75,9.61281227867941e-07,0.0,0.0,9.009888577391,0.3316380709875375,0.8420720943358673,107.0,133.0,116.0,133.4219970703125
69.8,1.615751349029537e-06,0.0,0.0,9.009888577391,0.3316380709875375,0.8420720943358673,107.0,133.0,116.0,133.4219970703125
69.85000000000001,2.162790827216319e-06,0.0,0.0,9.009888577391,0.3316380709875375,0.8420720943358673,107.0,133.0,116.0,133.4219970703125
69.9,2.7806416383294223e-06,0.0,0.0,9.009888577391,0.3316380709875375,0.8420720943358673,107.0,133.0,116.0,133.4219970703125
69.95,3.3994180643794745e-06,0.0,0.0,9.009888577391,0.3316380709875375,0.8420720943358673,107.0,133.0,116.0,133.4219970703125
70.0,5.252345090149377e-06,0.0,0.0,9.009888577391,0.3316380709875375,0.8420720943358673,107.0,133.0,116.0,133.4219970703125
70.05,5.835973890867812e-06,0.0,0.0,9.009888577391,0.3316380709875375,0.8420720943358673,107.0,133.0,116.0,133.4219970703125
70.10000000000001,2.40301857602664e-07,0.0,0.0,9.009888577391,0.3316380709875375,0.8420720943358673,107.0,133.0,116.0,133.4219970703125
70.15,8.925519637865192e-07,0.0,0.0,9.009888577391,0.3316380709875375,0.8420720943358673,107.0,133.0,116.0,133.4219970703125
70.2,1.5448001856791918e-06,0.0,0.0,9.009888577391,0.3316380709875375,0.8420720943358673,107.0,133.0,116.0,133.4219970703125
70.25,2.197044827123394e-06,0.0,0.0,9.009888577391,0.3316380709875375,0.8420720943358673,107.0,133.0,116.0,133.4219970703125
70.3,2.8492930499207414e-06,0.0,0.0,9.009888577391,0.3316380709875375,0.8420720943358673,107.0,133.0,116.0,133.4219970703125
70.35000000000001,3.5015414774461757e-06,0.0,0.0,9.009888577391,0.3316380709875375,0.8420720943358673,107.0,133.0,116.0,133.4219970703125
70.4,4.050797369835509e-06,0.0,0.0,9.009888577391,0.3316380709875375,0.8420720943358673,107.0,133.0,116.0,133.4219970703125
70.45,4.600100179879272e-06,0.0,0.0,9.009888577391,0.3316380709875375,0.8420720943358673,107.0,133.0,116.0,133.4219970703125
70.5,0.0,0.0,0.0,9.009888577391,0.3316380709875375,0.8420720943358673,107.0,133.0,116.0,133.4219970703125
70.55,5.149788231141136e-07,0.0,0.0,9.009888577391,0.3316380709875375,0.8420720943358673,107.0,133.0,116.0,133.4219970703125
70.60000000000001,1.1329012291008847e-06,0.0,0.0,9.009888577391,0.3316380709875375,0.8420720943358673,107.0,133.0,116.0,133.4219970703125
70.65,1.7507709526406575e-06,0.0,0.0,9.009888577391,0.3316380709875375,0.8420720943358673,107.0,133.0,116.0,133.4219970703125
70.7,2.3001027554833536e-06,0.0,0.0,9.009888577391,0.3316380709875375,0.8420720943358673,107.0,133.0,116.0,133.4219970703125
70.75,2.883679969998254e-06,0.0,0.0,9.009888577391,0.3316380709875375,0.8420720943358673,107.0,133.0,116.0,133.4219970703125
70.8,3.5015523436824977e-06,0.0,0.0,9.009888577391,0.3316380709875375,0.8420720943358673,107.0,133.0,116.0,133.4219970703125
70.85000000000001,4.1200856189248845e-06,0.0,0.0,9.009888577391,0.3316380709875375,0.8420720943358673,107.0,133.0,116.0,133.4219970703125
70.9,4.737909983025536e-06,0.0,0.0,9.009888577391,0.3316380709875375,0.8420720943358673,107.0,133.0,116.0,133.4219970703125
70.95,3.776185585081976e-07,0.0,0.0,9.009888577391,0.3316380709875375,0.8420720943358673,107.0,133.0,116.0,133.4219970703125
71.0,1.0298668322640617e-06,0.0,0.0,9.009888577391,0.3316380709875375,0.8420720943358673,107.0,133.0,116.0,133.4219970703125
71.05,1.6821151576287648e-06,0.0,0.0,9.009888577391,0.3316380709875375,0.8420720943358673,107.0,133.0,116.0,133.4219970703125
71.10000000000001,2.3343634829936035e-06,0.0,0.0,9.009888577391,0.3316380709875375,0.8420720943358673,107.0,133.0,116.0,133.4219970703125
71.15,2.9881504266242544e-06,0.0,0.0,9.009888577391,0.3316380709875375,0.8420720943358673,107.0,133.0,116.0,133.4219970703125
71.2,3.501552792455726e-06,0.0,0.0,9.009888577391,0.3316380709875375,0.8420720943358673,107.0,133.0,116.0,133.4219970703125
71.25,4.119465043423443e-06,0.0,0.0,9.009888577391,0.3316380709875375,0.8420720943358673,107.0,133.0,116.0,133.4219970703125
71.3,4.703059575477395e-06,0.0,0.0,9.009888577391,0.3316380709875375,0.8420720943358673,107.0,133.0,116.0,133.4219970703125
71.35000000000001,1.373156307053014e-07,0.0,0.0,9.009888577391,0.3316380709875375,0.8420720943358673,107.0,133.0,116.0,133.4219970703125
71.4,8.239242111028816e-07,0.0,0.0,9.009888577391,0.3316380709875375,0.8420720943358673,107.0,133.0,116.0,133.4219970703125
71.45,1.441856147365618e-06,0.0,0.0,9.009888577391,0.3316380709875375,0.8420720943358673,107.0,133.0,116.0,133.4219970703125
71.5,2.0597567050893392e-06,0.0,0.0,9.009888577391,0.3316380709875375,0.8420720943358673,107.0,133.0,116.0,133.4219970703125
71.55,1.407484394273984e-06,0.0,0.0,9.009888577391,0.3316380709875375,0.8420720943358673,107.0,133.0,116.0,133.4219970703125
71.60000000000001,3.29561606769018e-06,0.0,0.0,9.009888577391,0.3316380709875375,0.8420720943358673,107.0,133.0,116.0,133.4219970703125
71.65,3.87921525343509e-06,0.0,0.0,9.009888577391,0.3316380709875375,0.8420720943358673,107.0,133.0,116.0,133.4219970703125
71.7,4.497121431249363e-06,0.0,0.0,9.009888577391,0.3316380709875375,0.8420720943358673,107.0,133.0,116.0,133.4219970703125
71.75,5.767292177118564e-06,0.0,0.0,9.009888577391,0.3316380709875375,0.8420720943358673,107.0,133.0,116.0,133.4219970703125
71.8,4.119761612820098e-07,0.0,0.0,9.009888577391,0.3316380709875375,0.8420720943358673,107.0,133.0,116.0,133.4219970703125
71.85000000000001,9.269728594607904e-07,0.0,0.0,9.009888577391,0.3316380709875375,0.8420720943358673,107.0,133.0,116.0,133.4219970703125
71.9,1.5813883115386774e-06,0.0,0.0,9.009888577391,0.3316380709875375,0.8420720943358673,107.0,133.0,116.0,133.4219970703125
71.95,2.1284758429043807e-06,0.0,0.0,9.009888577391,0.3316380709875375,0.8420720943358673,107.0,133.0,116.0,133.4219970703125
72.0,2.7120485939274422e-06,0.0,0.0,9.009888577391,0.3316380709875375,0.8420720943358673,107.0,133.0,116.0,133.4219970703125
72.05,3.329916215365163e-06,0.0,0.0,9.009888577391,0.3316380709875375,0.8420720943358673,107.0,133.0,116.0,133.4219970703125
72.10000000000001,3.982807483661761e-06,0.0,0.0,9.009888577391,0.3316380709875375,0.8420720943358673,107.0,133.0,116.0,133.4219970703125
72.15,4.601587679361477e-06,0.0,0.0,9.009888577391,0.3316380709875375,0.8420720943358673,107.0,133.0,116.0,133.4219970703125
72.2,2.40301857602664e-07,0.0,0.0,9.009888577391,0.3316380709875375,0.8420720943358673,107.0,133.0,116.0,133.4219970703125
72.25,8.925519637865192e-07,0.0,0.0,9.009888577391,0.3316380709875375,0.8420720943358673,107.0,133.0,116.0,133.4219970703125
72.3,1.5448001856791918e-06,0.0,0.0,9.009888577391,0.3316380709875375,0.8420720943358673,107.0,133.0,116.0,133.4219970703125
72.35000000000001,2.197044827123394e-06,0.0,0.0,9.009888577391,0.3316380709875375,0.8420720943358673,107.0,133.0,116.0,133.4219970703125
72.4,2.780637383275435e-06,0.0,0.0,9.009888577391,0.3316380709875375,0.8420720943358673,107.0,133.0,116.0,133.4219970703125
72.45,3.29559265066581e-06,0.0,0.0,9.009888577391,0.3316380709875375,0.8420720943358673,107.0,133.0,116.0,133.4219970703125
72.5,5.217984858180343e-06,0.0,0.0,9.009888577391,0.3316380709875375,0.8420720943358673,107.0,133.0,116.0,133.4219970703125
72.55,4.497120553166071e-06,0.0,0.0,9.009888577391,0.3316380709875375,0.8420720943358673,107.0,133.0,116.0,133.4219970703125
72.60000000000001,0.0,0.0,0.0,9.009888577391,0.3316380709875375,0.8420720943358673,107.0,133.0,116.0,133.4219970703125
72.65,5.492887555438241e-07,0.0,0.0,9.009888577391,0.3316380709875375,0.8420720943358673,107.0,133.0,116.0,133.4219970703125
72.7,1.2015256555816957e-06,0.0,0.0,9.009888577391,0.3316380709875375,0.8420720943358673,107.0,133.0,116.0,133.4219970703125
72.75,3.1239321015522284e-06,0.0,0.0,9.009888577391,0.3316380709875375,0.8420720943358673,107.0,133.0,116.0,133.4219970703125
72.8,2.368717278576403e-06,0.0,0.0,9.009888577391,0.3316380709875375,0.8420720943358673,107.0,133.0,116.0,133.4219970703125
72.85000000000001,2.9866505671561828e-06,0.0,0.0,9.009888577391,0.3316380709875375,0.8420720943358673,107.0,133.0,116.0,133.4219970703125
72.9,3.5359189662808857e-06,0.0,0.0,9.009888577391,0.3316380709875375,0.8420720943358673,107.0,133.0,116.0,133.4219970703125
72.95,4.15379352162247e-06,0.0,0.0,9.009888577391,0.3316380709875375,0.8420720943358673,107.0,133.0,116.0,133.4219970703125
73.0,4.772284714519829e-06,0.0,0.0,9.009888577391,0.3316380709875375,0.8420720943358673,107.0,133.0,116.0,133.4219970703125
73.05,3.776185585081976e-07,0.0,0.0,9.009888577391,0.3316380709875375,0.8420720943358673,107.0,133.0,116.0,133.4219970703125
73.10000000000001,1.0298668322640617e-06,0.0,0.0,9.009888577391,0.3316380709875375,0.8420720943358673,107.0,133.0,116.0,133.4219970703125
73.15,1.6821151576287648e-06,0.0,0.0,9.009888577391,0.3316380709875375,0.8420720943358673,107.0,133.0,116.0,133.4219970703125
73.2,2.3343634829936035e-06,0.0,0.0,9.009888577391,0.3316380709875375,0.8420720943358673,107.0,133.0,116.0,133.4219970703125
73.25,2.9866117060449535e-06,0.0,0.0,9.009888577391,0.3316380709875375,0.8420720943358673,107.0,133.0,116.0,133.4219970703125
73.3,3.6400924102946822e-06,0.0,0.0,9.009888577391,0.3316380709875375,0.8420720943358673,107.0,133.0,116.0,133.4219970703125
73.35000000000001,4.153800145702468e-06,0.0,0.0,9.009888577391,0.3316380709875375,0.8420720943358673,107.0,133.0,116.0,133.4219970703125
73.4,4.771711794695637e-06,0.0,0.0,9.009888577391,0.3316380709875375,0.8420720943358673,107.0,133.0,116.0,133.4219970703125
73.45,1.0298673325545147e-07,0.0,0.0,9.009888577391,0.3316380709875375,0.8420720943358673,107.0,133.0,116.0,133.4219970703125
73.5,6.1797105833511e-07,0.0,0.0,9.009888577391,0.3316380709875375,0.8420720943358673,107.0,133.0,116.0,133.4219970703125
73.55,1.270197442505351e-06,0.0,0.0,9.009888577391,0.3316380709875375,0.8420720943358673,107.0,133.0,116.0,133.4219970703125
73.60000000000001,1.8537817635990126e-06,0.0,0.0,9.009888577391,0.3316380709875375,0.8420720943358673,107.0,133.0,116.0,133.4219970703125
73.65,2.4374016985727406e-06,0.0,0.0,9.009888577391,0.3316380709875375,0.8420720943358673,107.0,133.0,116.0,133.4219970703125
73.7,3.0209819635131837e-06,0.0,0.0,9.009888577391,0.3316380709875375,0.8420720943358673,107.0,133.0,116.0,133.4219970703125
73.75,3.674019014089069e-06,0.0,0.0,9.009888577391,0.3316380709875375,0.8420720943358673,107.0,133.0,116.0,133.4219970703125
73.8,5.561289831491258e-06,0.0,0.0,9.009888577391,0.3316380709875375,0.8420720943358673,107.0,133.0,116.0,133.4219970703125
73.85000000000001,6.144888455943031e-06,0.0,0.0,9.009888577391,0.3316380709875375,0.8420720943358673,107.0,133.0,116.0,133.4219970703125
73.9,4.119761612820098e-07,0.0,0.0,9.009888577391,0.3316380709875375,0.8420720943358673,107.0,133.0,116.0,133.4219970703125
73.95,9.61281227867941e-07,0.0,0.0,9.009888577391,0.3316380709875375,0.8420720943358673,107.0,133.0,116.0,133.4219970703125
74.0,2.8836228150005015e-06,0.0,0.0,9.009888577391,0.3316380709875375,0.8420720943358673,107.0,133.0,116.0,133.4219970703125
74.05,2.1284606659093364e-06,0.0,0.0,9.009888577391,0.3316380709875375,0.8420720943358673,107.0,133.0,116.0,133.4219970703125
74.10000000000001,2.7463121211982897e-06,0.0,0.0,9.009888577391,0.3316380709875375,0.8420720943358673,107.0,133.0,116.0,133.4219970703125
74.15,3.3650972889326312e-06,0.0,0.0,9.009888577391,0.3316380709875375,0.8420720943358673,107.0,133.0,116.0,133.4219970703125
74.2,5.218001090535382e-06,0.0,0.0,9.009888577391,0.3316380709875375,0.8420720943358673,107.0,133.0,116.0,133.4219970703125
74.25,5.8016006607118295e-06,0.0,0.0,9.009888577391,0.3316380709875375,0.8420720943358673,107.0,133.0,116.0,133.4219970703125
74.3,2.40301857602664e-07,0.0,0.0,9.009888577391,0.3316380709875375,0.8420720943358673,107.0,133.0,116.0,133.4219970703125
74.35000000000001,8.925519637865192e-07,0.0,0.0,9.009888577391,0.3316380709875375,0.8420720943358673,107.0,133.0,116.0,133.4219970703125
74.4,1.5448001856791918e-06,0.0,0.0,9.009888577391,0.3316380709875375,0.8420720943358673,107.0,133.0,116.0,133.4219970703125
74.45,2.197044827123394e-06,0.0,0.0,9.009888577391,0.3316380709875375,0.8420720943358673,107.0,133.0,116.0,133.4219970703125
74.5,2.8492930499207414e-06,0.0,0.0,9.009888577391,0.3316380709875375,0.8420720943358673,107.0,133.0,116.0,133.4219970703125
74.55,3.432885604140659e-06,0.0,0.0,9.009888577391,0.3316380709875375,0.8420720943358673,107.0,133.0,116.0,133.4219970703125
74.60000000000001,3.9478529233940155e-06,0.0,0.0,9.009888577391,0.3316380709875375,0.8420720943358673,107.0,133.0,116.0,133.4219970703125
74.65,5.870232445251331e-06,0.0,0.0,9.009888577391,0.3316380709875375,0.8420720943358673,107.0,133.0,116.0,133.4219970703125
74.7,0.0,0.0,0.0,9.009888577391,0.3316380709875375,0.8420720943358673,107.0,133.0,116.0,133.4219970703125
74.75,6.522484181281292e-07,0.0,0.0,9.009888577391,0.3316380709875375,0.8420720943358673,107.0,133.0,116.0,133.4219970703125
74.8,1.3044966846479988e-06,0.0,0.0,9.009888577391,0.3316380709875375,0.8420720943358673,107.0,133.0,116.0,133.4219970703125
74.85000000000001,1.9567450074534444e-06,0.0,0.0,9.009888577391,0.3316380709875375,0.8420720943358673,107.0,133.0,116.0,133.4219970703125
74.9,2.6089932292200145e-06,0.0,0.0,9.009888577391,0.3316380709875375,0.8420720943358673,107.0,133.0,116.0,133.4219970703125
74.95,3.1925820879622786e-06,0.0,0.0,9.009888577391,0.3316380709875375,0.8420720943358673,107.0,133.0,116.0,133.4219970703125
75.0,3.7075539084665186e-06,0.0,0.0,9.009888577391,0.3316380709875375,0.8420720943358673,107.0,133.0,116.0,133.4219970703125
75.05,5.629932564748839e-06,0.0,0.0,9.009888577391,0.3316380709875375,0.8420720943358673,107.0,133.0,116.0,133.4219970703125
75.10000000000001,4.909062030025686e-06,0.0,0.0,9.009888577391,0.3316380709875375,0.8420720943358673,107.0,133.0,116.0,133.4219970703125
75.15,4.1195353496013883e-07,0.0,0.0,9.009888577391,0.3316380709875375,0.8420720943358673,107.0,133.0,116.0,133.4219970703125
75.2,1.098567461789364e-06,0.0,0.0,9.009888577391,0.3316380709875375,0.8420720943358673,107.0,133.0,116.0,133.4219970703125
75.25,4.462814527067467e-07,0.0,0.0,9.009888577391,0.3316380709875375,0.8420720943358673,107.0,133.0,116.0,133.4219970703125
75.3,2.4030654317042206e-06,0.0,0.0,9.009888577391,0.3316380709875375,0.8420720943358673,107.0,133.0,116.0,133.4219970703125
75.35000000000001,3.020938185444653e-06,0.0,0.0,9.009888577391,0.3316380709875375,0.8420720943358673,107.0,133.0,116.0,133.4219970703125
75.4,3.673195563209758e-06,0.0,0.0,9.009888577391,0.3316380709875375,0.8420720943358673,107.0,133.0,116.0,133.4219970703125
75.45,4.325445706904399e-06,0.0,0.0,9.009888577391,0.3316380709875375,0.8420720943358673,107.0,133.0,116.0,133.4219970703125
75.5,4.943353700935919e-06,0.0,0.0,9.009888577391,0.3316380709875375,0.8420720943358673,107.0,133.0,116.0,133.4219970703125
75.55,1.373156307053014e-07,0.0,0.0,9.009888577391,0.3316380709875375,0.8420720943358673,107.0,133.0,116.0,133.4219970703125
75.60000000000001,7.552447427465962e-07,0.0,0.0,9.009888577391,0.3316380709875375,0.8420720943358673,107.0,133.0,116.0,133.4219970703125
75.65,1.373159964107122e-06,0.0,0.0,9.009888577391,0.3316380709875375,0.8420720943358673,107.0,133.0,116.0,133.4219970703125
75.7,7.209735558175413e-07,0.0,0.0,9.009888577391,0.3316380709875375,0.8420720943358673,107.0,133.0,116.0,133.4219970703125
75.75,2.677660647524085e-06,0.0,0.0,9.009888577391,0.3316380709875375,0.8420720943358673,107.0,133.0,116.0,133.4219970703125
75.8,2.025412051575043e-06,0.0,0.0,9.009888577391,0.3316380709875375,0.8420720943358673,107.0,133.0,116.0,133.4219970703125
75.85000000000001,3.947864494404976e-06,0.0,0.0,9.009888577391,0.3316380709875375,0.8420720943358673,107.0,133.0,116.0,133.4219970703125
75.9,4.600106074232058e-06,0.0,0.0,9.009888577391,0.3316380709875375,0.8420720943358673,107.0,133.0,116.0,133.4219970703125
75.95,5.217988486487975e-06,0.0,0.0,9.009888577391,0.3316380709875375,0.8420720943358673,107.0,133.0,116.0,133.4219970703125
76.0,4.806038967231194e-07,0.0,0.0,9.009888577391,0.3316380709875375,0.8420720943358673,107.0,133.0,116.0,133.4219970703125
76.05,1.0985225091228612e-06,0.0,0.0,9.009888577391,0.3316380709875375,0.8420720943358673,107.0,133.0,116.0,133.4219970703125
76.10000000000001,1.7164412270539718e-06,0.0,0.0,9.009888577391,0.3316380709875375,0.8420720943358673,107.0,133.0,116.0,133.4219970703125
76.15,2.3343635267567842e-06,0.0,0.0,9.009888577391,0.3316380709875375,0.8420720943358673,107.0,133.0,116.0,133.4219970703125
76.2,2.952613536193242e-06,0.0,0.0,9.009888577391,0.3316380709875375,0.8420720943358673,107.0,133.0,116.0,133.4219970703125
76.25,3.5702001394255416e-06,0.0,0.0,9.009888577391,0.3316380709875375,0.8420720943358673,107.0,133.0,116.0,133.4219970703125
76.3,4.1881332776436e-06,0.0,0.0,9.009888577391,0.3316380709875375,0.8420720943358673,107.0,133.0,116.0,133.4219970703125
76.35000000000001,5.423941497282277e-06,0.0,0.0,9.009888577391,0.3316380709875375,0.8420720943358673,107.0,133.0,116.0,133.4219970703125
76.4,2.0597296864548975e-07,0.0,0.0,9.009888577391,0.3316380709875375,0.8420720943358673,107.0,133.0,116.0,133.4219970703125
76.45,8.238926797245709e-07,0.0,0.0,9.009888577391,0.3316380709875375,0.8420720943358673,107.0,133.0,116.0,133.4219970703125
76.5,1.441811398417296e-06,0.0,0.0,9.009888577391,0.3316380709875375,0.8420720943358673,107.0,133.0,116.0,133.4219970703125
76.55,2.0597299127422957e-06,0.0,0.0,9.009888577391,0.3316380709875375,0.8420720943358673,107.0,133.0,116.0,133.4219970703125
76.60000000000001,2.677652212920834e-06,0.0,0.0,9.009888577391,0.3316380709875375,0.8420720943358673,107.0,133.0,116.0,133.4219970703125
76.65,3.913490515465449e-06,0.0,0.0,9.009888577391,0.3316380709875375,0.8420720943358673,107.0,133.0,116.0,133.4219970703125
76.7,3.913489041155337e-06,0.0,0.0,9.009888577391,0.3316380709875375,0.8420720943358673,107.0,133.0,116.0,133.4219970703125
76.75,4.531393127890876e-06,0.0,0.0,9.009888577391,0.3316380709875375,0.8420720943358673,107.0,133.0,116.0,133.4219970703125
76.80000000000001,0.0,0.0,0.0,9.009888577391,0.3316380709875375,0.8420720943358673,107.0,133.0,116.0,133.4219970703125
76.85000000000001,6.865813369546143e-07,0.0,0.0,9.009888577391,0.3316380709875375,0.8420720943358673,107.0,133.0,116.0,133.4219970703125
76.9,1.3731660287944147e-06,0.0,0.0,9.009888577391,0.3316380709875375,0.8420720943358673,107.0,133.0,116.0,133.4219970703125
76.95,1.9910919890338868e-06,0.0,0.0,9.009888577391,0.3316380709875375,0.8420720943358673,107.0,133.0,116.0,133.4219970703125
77.0,2.608996840787939e-06,0.0,0.0,9.009888577391,0.3316380709875375,0.8420720943358673,107.0,133.0,116.0,133.4219970703125
77.05000000000001,3.2269189732172373e-06,0.0,0.0,9.009888577391,0.3316380709875375,0.8420720943358673,107.0,133.0,116.0,133.4219970703125
77.10000000000001,3.844865825162174e-06,0.0,0.0,9.009888577391,0.3316380709875375,0.8420720943358673,107.0,133.0,116.0,133.4219970703125
77.15,4.462832944062757e-06,0.0,0.0,9.009888577391,0.3316380709875375,0.8420720943358673,107.0,133.0,116.0,133.4219970703125
77.2,5.080699313786003e-06,0.0,0.0,9.009888577391,0.3316380709875375,0.8420720943358673,107.0,133.0,116.0,133.4219970703125
77.25,4.1194600011745846e-07,0.0,0.0,9.009888577391,0.3316380709875375,0.8420720943358673,107.0,133.0,116.0,133.4219970703125
77.30000000000001,1.0985305483187237e-06,0.0,0.0,9.009888577391,0.3316380709875375,0.8420720943358673,107.0,133.0,116.0,133.4219970703125
77.35000000000001,1.7164535712900444e-06,0.0,0.0,9.009888577391,0.3316380709875375,0.8420720943358673,107.0,133.0,116.0,133.4219970703125
77.4,2.3689662500243122e-06,0.0,0.0,9.009888577391,0.3316380709875375,0.8420720943358673,107.0,133.0,116.0,133.4219970703125
77.45,3.021118402926845e-06,0.0,0.0,9.009888577391,0.3316380709875375,0.8420720943358673,107.0,133.0,116.0,133.4219970703125
77.5,3.638856516229105e-06,0.0,0.0,9.009888577391,0.3316380709875375,0.8420720943358673,107.0,133.0,116.0,133.4219970703125
77.55000000000001,4.256818854272272e-06,0.0,0.0,9.009888577391,0.3316380709875375,0.8420720943358673,107.0,133.0,116.0,133.4219970703125
77.60000000000001,4.8747613413192964e-06,0.0,0.0,9.009888577391,0.3316380709875375,0.8420720943358673,107.0,133.0,116.0,133.4219970703125
77.65,1.1672519165361743e-06,0.0,0.0,9.009888577391,0.3316380709875375,0.8420720943358673,107.0,133.0,116.0,133.4219970703125
77.7,7.895733726895205e-07,0.0,0.0,9.009888577391,0.3316380709875375,0.8420720943358673,107.0,133.0,116.0,133.4219970703125
77.75,1.4761842431542498e-06,0.0,0.0,9.009888577391,0.3316380709875375,0.8420720943358673,107.0,133.0,116.0,133.4219970703125
77.80000000000001,2.7474806146763958e-06,0.0,0.0,9.009888577391,0.3316380709875375,0.8420720943358673,107.0,133.0,116.0,133.4219970703125
77.85000000000001,2.7463520093708352e-06,0.0,0.0,9.009888577391,0.3316380709875375,0.8420720943358673,107.0,133.0,116.0,133.4219970703125
77.9,3.3642726544676997e-06,0.0,0.0,9.009888577391,0.3316380709875375,0.8420720943358673,107.0,133.0,116.0,133.4219970703125
77.95,3.982178517987794e-06,0.0,0.0,9.009888577391,0.3316380709875375,0.8420720943358673,107.0,133.0,116.0,133.4219970703125
78.0,4.566056816681876e-06,0.0,0.0,9.009888577391,0.3316380709875375,0.8420720943358673,107.0,133.0,116.0,133.4219970703125
78.05000000000001,5.2180233848884545e-06,0.0,0.0,9.009888577391,0.3316380709875375,0.8420720943358673,107.0,133.0,116.0,133.4219970703125
78.10000000000001,4.806038967231194e-07,0.0,0.0,9.009888577391,0.3316380709875375,0.8420720943358673,107.0,133.0,116.0,133.4219970703125
78.15,1.0985225091228612e-06,0.0,0.0,9.009888577391,0.3316380709875375,0.8420720943358673,107.0,133.0,116.0,133.4219970703125
78.2,1.7164412270539718e-06,0.0,0.0,9.009888577391,0.3316380709875375,0.8420720943358673,107.0,133.0,116.0,133.4219970703125
78.25,2.334367257287552e-06,0.0,0.0,9.009888577391,0.3316380709875375,0.8420720943358673,107.0,133.0,116.0,133.4219970703125
78.30000000000001,2.952281536758532e-06,0.0,0.0,9.009888577391,0.3316380709875375,0.8420720943358673,107.0,133.0,116.0,133.4219970703125
78.35000000000001,3.5702001407866816e-06,0.0,0.0,9.009888577391,0.3316380709875375,0.8420720943358673,107.0,133.0,116.0,133.4219970703125
78.4,4.188133277643266e-06,0.0,0.0,9.009888577391,0.3316380709875375,0.8420720943358673,107.0,133.0,116.0,133.4219970703125
78.45,4.806037056589545e-06,0.0,0.0,9.009888577391,0.3316380709875375,0.8420720943358673,107.0,133.0,116.0,133.4219970703125
78.5,2.0597296864548975e-07,0.0,0.0,9.009888577391,0.3316380709875375,0.8420720943358673,107.0,133.0,116.0,133.4219970703125
78.55000000000001,8.238926797245709e-07,0.0,0.0,9.009888577391,0.3316380709875375,0.8420720943358673,107.0,133.0,116.0,133.4219970703125
78.60000000000001,1.441811398417296e-06,0.0,0.0,9.009888577391,0.3316380709875375,0.8420720943358673,107.0,133.0,116.0,133.4219970703125
78.65,2.0597299127422957e-06,0.0,0.0,9.009888577391,0.3316380709875375,0.8420720943358673,107.0,133.0,116.0,133.4219970703125
78.7,2.677652212920796e-06,0.0,0.0,9.009888577391,0.3316380709875375,0.8420720943358673,107.0,133.0,116.0,133.4219970703125
78.75,3.295600714882145e-06,0.0,0.0,9.009888577391,0.3316380709875375,0.8420720943358673,107.0,133.0,116.0,133.4219970703125
78.80000000000001,3.9821431104168735e-06,0.0,0.0,9.009888577391,0.3316380709875375,0.8420720943358673,107.0,133.0,116.0,133.4219970703125
78.85000000000001,4.600089437834824e-06,0.0,0.0,9.009888577391,0.3316380709875375,0.8420720943358673,107.0,133.0,116.0,133.4219970703125
78.9,0.0,0.0,0.0,9.009888577391,0.3316380709875375,0.8420720943358673,107.0,133.0,116.0,133.4219970703125
78.95,6.865995626129935e-07,0.0,0.0,9.009888577391,0.3316380709875375,0.8420720943358673,107.0,133.0,116.0,133.4219970703125
79.0,1.304512486654822e-06,0.0,0.0,9.009888577391,0.3316380709875375,0.8420720943358673,107.0,133.0,116.0,133.4219970703125
79.05000000000001,1.92242319098115e-06,0.0,0.0,9.009888577391,0.3316380709875375,0.8420720943358673,107.0,133.0,116.0,133.4219970703125
79.10000000000001,2.5403672756924404e-06,0.0,0.0,9.009888577391,0.3316380709875375,0.8420720943358673,107.0,133.0,116.0,133.4219970703125
79.15,3.1583141782461316e-06,0.0,0.0,9.009888577391,0.3316380709875375,0.8420720943358673,107.0,133.0,116.0,133.4219970703125
79.2,3.776185402720944e-06,0.0,0.0,9.009888577391,0.3316380709875375,0.8420720943358673,107.0,133.0,116.0,133.4219970703125
79.25,5.012577089283308e-06,0.0,0.0,9.009888577391,0.3316380709875375,0.8420720943358673,107.0,133.0,116.0,133.4219970703125
79.30000000000001,4.978301161622717e-06,0.0,0.0,9.009888577391,0.3316380709875375,0.8420720943358673,107.0,133.0,116.0,133.4219970703125
79.35000000000001,3.432885927995452e-07,0.0,0.0,9.009888577391,0.3316380709875375,0.8420720943358673,107.0,133.0,116.0,133.4219970703125
79.4,9.612076435900164e-07,0.0,0.0,9.009888577391,0.3316380709875375,0.8420720943358673,107.0,133.0,116.0,133.4219970703125
79.45,1.579126260331191e-06,0.0,0.0,9.009888577391,0.3316380709875375,0.8420720943358673,107.0,133.0,116.0,133.4219970703125
79.5,2.197044877113355e-06,0.0,0.0,9.009888577391,0.3316380709875375,0.8420720943358673,107.0,133.0,116.0,133.4219970703125
79.55000000000001,2.8149665242453963e-06,0.0,0.0,9.009888577391,0.3316380709875375,0.8420720943358673,107.0,133.0,116.0,133.4219970703125
79.60000000000001,3.432885191499673e-06,0.0,0.0,9.009888577391,0.3316380709875375,0.8420720943358673,107.0,133.0,116.0,133.4219970703125
79.65,4.05079315544716e-06,0.0,0.0,9.009888577391,0.3316380709875375,0.8420720943358673,107.0,133.0,116.0,133.4219970703125
79.7,5.286637625077257e-06,0.0,0.0,9.009888577391,0.3316380709875375,0.8420720943358673,107.0,133.0,116.0,133.4219970703125
79.75,1.0298663897189912e-07,0.0,0.0,9.009888577391,0.3316380709875375,0.8420720943358673,107.0,133.0,116.0,133.4219970703125
79.80000000000001,7.552333904887869e-07,0.0,0.0,9.009888577391,0.3316380709875375,0.8420720943358673,107.0,133.0,116.0,133.4219970703125
79.85000000000001,1.3731555799912585e-06,0.0,0.0,9.009888577391,0.3316380709875375,0.8420720943358673,107.0,133.0,116.0,133.4219970703125
79.9,1.991074295923117e-06,0.0,0.0,9.009888577391,0.3316380709875375,0.8420720943358673,107.0,133.0,116.0,133.4219970703125
79.95,2.6089929110619953e-06,0.0,0.0,9.009888577391,0.3316380709875375,0.8420720943358673,107.0,133.0,116.0,133.4219970703125
80.0,3.8448385239240605e-06,0.0,0.0,9.009888577391,0.3316380709875375,0.8420720943358673,107.0,133.0,116.0,133.4219970703125
80.05000000000001,3.844836721850449e-06,0.0,0.0,9.009888577391,0.3316380709875375,0.8420720943358673,107.0,133.0,116.0,133.4219970703125
80.10000000000001,4.462741213076619e-06,0.0,0.0,9.009888577391,0.3316380709875375,0.8420720943358673,107.0,133.0,116.0,133.4219970703125
80.15,5.080681305199955e-06,0.0,0.0,9.009888577391,0.3316380709875375,0.8420720943358673,107.0,133.0,116.0,133.4219970703125
80.2,5.49265439960661e-07,0.0,0.0,9.009888577391,0.3316380709875375,0.8420720943358673,107.0,133.0,116.0,133.4219970703125
80.25,1.235846548961709e-06,0.0,0.0,9.009888577391,0.3316380709875375,0.8420720943358673,107.0,133.0,116.0,133.4219970703125
80.30000000000001,1.8537593071847788e-06,0.0,0.0,9.009888577391,0.3316380709875375,0.8420720943358673,107.0,133.0,116.0,133.4219970703125
80.35000000000001,2.5062721927240408e-06,0.0,0.0,9.009888577391,0.3316380709875375,0.8420720943358673,107.0,133.0,116.0,133.4219970703125
80.4,3.1584310778342598e-06,0.0,0.0,9.009888577391,0.3316380709875375,0.8420720943358673,107.0,133.0,116.0,133.4219970703125
80.45,3.77631070806671e-06,0.0,0.0,9.009888577391,0.3316380709875375,0.8420720943358673,107.0,133.0,116.0,133.4219970703125
80.5,4.394121006694554e-06,0.0,0.0,9.009888577391,0.3316380709875375,0.8420720943358673,107.0,133.0,116.0,133.4219970703125
80.55000000000001,5.012100402769119e-06,0.0,0.0,9.009888577391,0.3316380709875375,0.8420720943358673,107.0,133.0,116.0,133.4219970703125
80.60000000000001,2.746313193360926e-07,0.0,0.0,9.009888577391,0.3316380709875375,0.8420720943358673,107.0,133.0,116.0,133.4219970703125
80.65,9.612146502155282e-07,0.0,0.0,9.009888577391,0.3316380709875375,0.8420720943358673,107.0,133.0,116.0,133.4219970703125
80.7,1.5796350324733744e-06,0.0,0.0,9.009888577391,0.3316380709875375,0.8420720943358673,107.0,133.0,116.0,133.4219970703125
80.75,2.2657226623907096e-06,0.0,0.0,9.009888577391,0.3316380709875375,0.8420720943358673,107.0,133.0,116.0,133.4219970703125
80.80000000000001,2.8836456122244943e-06,0.0,0.0,9.009888577391,0.3316380709875375,0.8420720943358673,107.0,133.0,116.0,133.4219970703125
80.85000000000001,2.8836335066545862e-06,0.0,0.0,9.009888577391,0.3316380709875375,0.8420720943358673,107.0,133.0,116.0,133.4219970703125
80.9,4.119555889163482e-06,0.0,0.0,9.009888577391,0.3316380709875375,0.8420720943358673,107.0,133.0,116.0,133.4219970703125
80.95,4.737400193363293e-06,0.0,0.0,9.009888577391,0.3316380709875375,0.8420720943358673,107.0,133.0,116.0,133.4219970703125
81.0,0.0,0.0,0.0,9.009888577391,0.3316380709875375,0.8420720943358673,107.0,133.0,116.0,133.4219970703125
81.05000000000001,6.865813369546143e-07,0.0,0.0,9.009888577391,0.3316380709875375,0.8420720943358673,107.0,133.0,116.0,133.4219970703125
81.10000000000001,1.3731660287944147e-06,0.0,0.0,9.009888577391,0.3316380709875375,0.8420720943358673,107.0,133.0,116.0,133.4219970703125
81.15,1.9910862635225318e-06,0.0,0.0,9.009888577391,0.3316380709875375,0.8420720943358673,107.0,133.0,116.0,133.4219970703125
81.2,2.6092402607572804e-06,0.0,0.0,9.009888577391,0.3316380709875375,0.8420720943358673,107.0,133.0,116.0,133.4219970703125
81.25,3.2270848358631127e-06,0.0,0.0,9.009888577391,0.3316380709875375,0.8420720943358673,107.0,133.0,116.0,133.4219970703125
81.30000000000001,3.844846742829518e-06,0.0,0.0,9.009888577391,0.3316380709875375,0.8420720943358673,107.0,133.0,116.0,133.4219970703125
81.35000000000001,3.84485101512459e-06,0.0,0.0,9.009888577391,0.3316380709875375,0.8420720943358673,107.0,133.0,116.0,133.4219970703125
81.4,5.0806972579926235e-06,0.0,0.0,9.009888577391,0.3316380709875375,0.8420720943358673,107.0,133.0,116.0,133.4219970703125
81.45,4.1194600011745846e-07,0.0,0.0,9.009888577391,0.3316380709875375,0.8420720943358673,107.0,133.0,116.0,133.4219970703125
81.5,1.0985305483187237e-06,0.0,0.0,9.009888577391,0.3316380709875375,0.8420720943358673,107.0,133.0,116.0,133.4219970703125
81.55000000000001,1.1328554344687365e-06,0.0,0.0,9.009888577391,0.3316380709875375,0.8420720943358673,107.0,133.0,116.0,133.4219970703125
81.60000000000001,2.4030386123842595e-06,0.0,0.0,9.009888577391,0.3316380709875375,0.8420720943358673,107.0,133.0,116.0,133.4219970703125
81.65,3.0209614095253693e-06,0.0,0.0,9.009888577391,0.3316380709875375,0.8420720943358673,107.0,133.0,116.0,133.4219970703125
81.7,3.0209491096717292e-06,0.0,0.0,9.009888577391,0.3316380709875375,0.8420720943358673,107.0,133.0,116.0,133.4219970703125
81.75,4.2568883355646334e-06,0.0,0.0,9.009888577391,0.3316380709875375,0.8420720943358673,107.0,133.0,116.0,133.4219970703125
81.80000000000001,4.256801030969956e-06,0.0,0.0,9.009888577391,0.3316380709875375,0.8420720943358673,107.0,133.0,116.0,133.4219970703125
81.85000000000001,1.3731563803426594e-07,0.0,0.0,9.009888577391,0.3316380709875375,0.8420720943358673,107.0,133.0,116.0,133.4219970703125
81.9,8.239019446327406e-07,0.0,0.0,9.009888577391,0.3316380709875375,0.8420720943358673,107.0,133.0,116.0,133.4219970703125
81.95,1.5104869938839571e-06,0.0,0.0,9.009888577391,0.3316380709875375,0.8420720943358673,107.0,133.0,116.0,133.4219970703125
82.0,2.1284131623071108e-06,0.0,0.0,9.009888577391,0.3316380709875375,0.8420720943358673,107.0,133.0,116.0,133.4219970703125
82.05000000000001,2.7463330142405294e-06,0.0,0.0,9.009888577391,0.3316380709875375,0.8420720943358673,107.0,133.0,116.0,133.4219970703125
82.10000000000001,3.364256160620746e-06,0.0,0.0,9.009888577391,0.3316380709875375,0.8420720943358673,107.0,133.0,116.0,133.4219970703125
82.15,3.982249302268941e-06,0.0,0.0,9.009888577391,0.3316380709875375,0.8420720943358673,107.0,133.0,116.0,133.4219970703125
82.2,4.600099297523942e-06,0.0,0.0,9.009888577391,0.3316380709875375,0.8420720943358673,107.0,133.0,116.0,133.4219970703125
82.25,5.2180457835933496e-06,0.0,0.0,9.009888577391,0.3316380709875375,0.8420720943358673,107.0,133.0,116.0,133.4219970703125
82.30000000000001,5.49265439960788e-07,0.0,0.0,9.009888577391,0.3316380709875375,0.8420720943358673,107.0,133.0,116.0,133.4219970703125
82.35000000000001,1.2022483158922884e-06,0.0,0.0,9.009888577391,0.3316380709875375,0.8420720943358673,107.0,133.0,116.0,133.4219970703125
82.4,1.8537764579845043e-06,0.0,0.0,9.009888577391,0.3316380709875375,0.8420720943358673,107.0,133.0,116.0,133.4219970703125
82.45,2.4716962852658086e-06,0.0,0.0,9.009888577391,0.3316380709875375,0.8420720943358673,107.0,133.0,116.0,133.4219970703125
82.5,3.089622492833275e-06,0.0,0.0,9.009888577391,0.3316380709875375,0.8420720943358673,107.0,133.0,116.0,133.4219970703125
82.55000000000001,3.707563726280513e-06,0.0,0.0,9.009888577391,0.3316380709875375,0.8420720943358673,107.0,133.0,116.0,133.4219970703125
82.60000000000001,4.325530588680541e-06,0.0,0.0,9.009888577391,0.3316380709875375,0.8420720943358673,107.0,133.0,116.0,133.4219970703125
82.65,4.325456803376723e-06,0.0,0.0,9.009888577391,0.3316380709875375,0.8420720943358673,107.0,133.0,116.0,133.4219970703125
82.7,2.0597296864549345e-07,0.0,0.0,9.009888577391,0.3316380709875375,0.8420720943358673,107.0,133.0,116.0,133.4219970703125
82.75,8.238926797245709e-07,0.0,0.0,9.009888577391,0.3316380709875375,0.8420720943358673,107.0,133.0,116.0,133.4219970703125
82.80000000000001,1.441811398417296e-06,0.0,0.0,9.009888577391,0.3316380709875375,0.8420720943358673,107.0,133.0,116.0,133.4219970703125
82.85000000000001,2.0597299127422957e-06,0.0,0.0,9.009888577391,0.3316380709875375,0.8420720943358673,107.0,133.0,116.0,133.4219970703125
82.9,2.677652212920834e-06,0.0,0.0,9.009888577391,0.3316380709875375,0.8420720943358673,107.0,133.0,116.0,133.4219970703125
82.95,3.3299001130720397e-06,0.0,0.0,9.009888577391,0.3316380709875375,0.8420720943358673,107.0,133.0,116.0,133.4219970703125
83.0,4.016489461400773e-06,0.0,0.0,9.009888577391,0.3316380709875375,0.8420720943358673,107.0,133.0,116.0,133.4219970703125
83.05000000000001,4.668741105384575e-06,0.0,0.0,9.009888577391,0.3316380709875375,0.8420720943358673,107.0,133.0,116.0,133.4219970703125
83.10000000000001,0.0,0.0,0.0,9.009888577391,0.3316380709875375,0.8420720943358673,107.0,133.0,116.0,133.4219970703125
83.15,6.179188208543376e-07,0.0,0.0,9.009888577391,0.3316380709875375,0.8420720943358673,107.0,133.0,116.0,133.4219970703125
83.2,1.2358374796143515e-06,0.0,0.0,9.009888577391,0.3316380709875375,0.8420720943358673,107.0,133.0,116.0,133.4219970703125
83.25,1.8537596744968797e-06,0.0,0.0,9.009888577391,0.3316380709875375,0.8420720943358673,107.0,133.0,116.0,133.4219970703125
83.30000000000001,2.4716782897883313e-06,0.0,0.0,9.009888577391,0.3316380709875375,0.8420720943358673,107.0,133.0,116.0,133.4219970703125
83.35000000000001,3.0895962059454816e-06,0.0,0.0,9.009888577391,0.3316380709875375,0.8420720943358673,107.0,133.0,116.0,133.4219970703125
83.4,3.7075328956327345e-06,0.0,0.0,9.009888577391,0.3316380709875375,0.8420720943358673,107.0,133.0,116.0,133.4219970703125
83.45,4.3254373855996296e-06,0.0,0.0,9.009888577391,0.3316380709875375,0.8420720943358673,107.0,133.0,116.0,133.4219970703125
83.5,4.9433409126822824e-06,0.0,0.0,9.009888577391,0.3316380709875375,0.8420720943358673,107.0,133.0,116.0,133.4219970703125
83.55000000000001,3.432885927995452e-07,0.0,0.0,9.009888577391,0.3316380709875375,0.8420720943358673,107.0,133.0,116.0,133.4219970703125
83.60000000000001,9.612076435900164e-07,0.0,0.0,9.009888577391,0.3316380709875375,0.8420720943358673,107.0,133.0,116.0,133.4219970703125
83.65,1.5791262603312297e-06,0.0,0.0,9.009888577391,0.3316380709875375,0.8420720943358673,107.0,133.0,116.0,133.4219970703125
83.7,2.197044877113355e-06,0.0,0.0,9.009888577391,0.3316380709875375,0.8420720943358673,107.0,133.0,116.0,133.4219970703125
83.75,2.8149671773704554e-06,0.0,0.0,9.009888577391,0.3316380709875375,0.8420720943358673,107.0,133.0,116.0,133.4219970703125
83.80000000000001,3.4328864782638292e-06,0.0,0.0,9.009888577391,0.3316380709875375,0.8420720943358673,107.0,133.0,116.0,133.4219970703125
83.85000000000001,4.050793155258766e-06,0.0,0.0,9.009888577391,0.3316380709875375,0.8420720943358673,107.0,133.0,116.0,133.4219970703125
83.9,4.6687332504004e-06,0.0,0.0,9.009888577391,0.3316380709875375,0.8420720943358673,107.0,133.0,116.0,133.4219970703125
83.95,1.0298673325545147e-07,0.0,0.0,9.009888577391,0.3316380709875375,0.8420720943358673,107.0,133.0,116.0,133.4219970703125
84.0,6.179730987199244e-07,0.0,0.0,9.009888577391,0.3316380709875375,0.8420720943358673,107.0,133.0,116.0,133.4219970703125
84.05000000000001,1.167278053160851e-06,0.0,0.0,9.009888577391,0.3316380709875375,0.8420720943358673,107.0,133.0,116.0,133.4219970703125
84.10000000000001,1.7851016202039554e-06,0.0,0.0,9.009888577391,0.3316380709875375,0.8420720943358673,107.0,133.0,116.0,133.4219970703125
84.15,3.6388543653414622e-06,0.0,0.0,9.009888577391,0.3316380709875375,0.8420720943358673,107.0,133.0,116.0,133.4219970703125
84.2,2.9180541810982755e-06,0.0,0.0,9.009888577391,0.3316380709875375,0.8420720943358673,107.0,133.0,116.0,133.4219970703125
84.25,3.501639881365491e-06,0.0,0.0,9.009888577391,0.3316380709875375,0.8420720943358673,107.0,133.0,116.0,133.4219970703125
84.30000000000001,4.085236128681411e-06,0.0,0.0,9.009888577391,0.3316380709875375,0.8420720943358673,107.0,133.0,116.0,133.4219970703125
84.35000000000001,6.591143336426961e-06,0.0,0.0,9.009888577391,0.3316380709875375,0.8420720943358673,107.0,133.0,116.0,133.4219970703125
84.4,4.119761612820098e-07,0.0,0.0,9.009888577391,0.3316380709875375,0.8420720943358673,107.0,133.0,116.0,133.4219970703125
84.45,9.26975090277537e-07,0.0,0.0,9.009888577391,0.3316380709875375,0.8420720943358673,107.0,133.0,116.0,133.4219970703125
84.5,2.8492946825045923e-06,0.0,0.0,9.009888577391,0.3316380709875375,0.8420720943358673,107.0,133.0,116.0,133.4219970703125
84.55000000000001,2.094160475579546e-06,0.0,0.0,9.009888577391,0.3316380709875375,0.8420720943358673,107.0,133.0,116.0,133.4219970703125
84.60000000000001,2.6777352632679092e-06,0.0,0.0,9.009888577391,0.3316380709875375,0.8420720943358673,107.0,133.0,116.0,133.4219970703125
84.65,3.2955919711463716e-06,0.0,0.0,9.009888577391,0.3316380709875375,0.8420720943358673,107.0,133.0,116.0,133.4219970703125
84.7,3.913514239040463e-06,0.0,0.0,9.009888577391,0.3316380709875375,0.8420720943358673,107.0,133.0,116.0,133.4219970703125
84.75,4.531402046047278e-06,0.0,0.0,9.009888577391,0.3316380709875375,0.8420720943358673,107.0,133.0,116.0,133.4219970703125
84.80000000000001,2.746341843066914e-07,0.0,0.0,9.009888577391,0.3316380709875375,0.8420720943358673,107.0,133.0,116.0,133.4219970703125
84.85000000000001,9.612458761607668e-07,0.0,0.0,9.009888577391,0.3316380709875375,0.8420720943358673,107.0,133.0,116.0,133.4219970703125
84.9,1.5791775238167074e-06,0.0,0.0,9.009888577391,0.3316380709875375,0.8420720943358673,107.0,133.0,116.0,133.4219970703125
84.95,2.197076945089209e-06,0.0,0.0,9.009888577391,0.3316380709875375,0.8420720943358673,107.0,133.0,116.0,133.4219970703125
85.0,3.433733499292014e-06,0.0,0.0,9.009888577391,0.3316380709875375,0.8420720943358673,107.0,133.0,116.0,133.4219970703125
85.05000000000001,3.3995093408654955e-06,0.0,0.0,9.009888577391,0.3316380709875375,0.8420720943358673,107.0,133.0,116.0,133.4219970703125
85.10000000000001,2.7806485866604286e-06,0.0,0.0,9.009888577391,0.3316380709875375,0.8420720943358673,107.0,133.0,116.0,133.4219970703125
85.15,3.3985671398879763e-06,0.0,0.0,9.009888577391,0.3316380709875375,0.8420720943358673,107.0,133.0,116.0,133.4219970703125
85.2,0.0,0.0,0.0,9.009888577391,0.3316380709875375,0.8420720943358673,107.0,133.0,116.0,133.4219970703125
85.25,6.865995626129935e-07,0.0,0.0,9.009888577391,0.3316380709875375,0.8420720943358673,107.0,133.0,116.0,133.4219970703125
85.30000000000001,1.3045442365591588e-06,0.0,0.0,9.009888577391,0.3316380709875375,0.8420720943358673,107.0,133.0,116.0,133.4219970703125
85.35000000000001,1.922934300034858e-06,0.0,0.0,9.009888577391,0.3316380709875375,0.8420720943358673,107.0,133.0,116.0,133.4219970703125
85.4,1.2701686940184175e-06,0.0,0.0,9.009888577391,0.3316380709875375,0.8420720943358673,107.0,133.0,116.0,133.4219970703125
85.45,3.192630842232302e-06,0.0,0.0,9.009888577391,0.3316380709875375,0.8420720943358673,107.0,133.0,116.0,133.4219970703125
85.5,3.844875050982957e-06,0.0,0.0,9.009888577391,0.3316380709875375,0.8420720943358673,107.0,133.0,116.0,133.4219970703125
85.55000000000001,4.428512071521144e-06,0.0,0.0,9.009888577391,0.3316380709875375,0.8420720943358673,107.0,133.0,116.0,133.4219970703125
85.60000000000001,5.046381658592311e-06,0.0,0.0,9.009888577391,0.3316380709875375,0.8420720943358673,107.0,133.0,116.0,133.4219970703125
85.65,3.0897804810266803e-07,0.0,0.0,9.009888577391,0.3316380709875375,0.8420720943358673,107.0,133.0,116.0,133.4219970703125
85.7,8.239754580872463e-07,0.0,0.0,9.009888577391,0.3316380709875375,0.8420720943358673,107.0,133.0,116.0,133.4219970703125
85.75,1.441893663615203e-06,0.0,0.0,9.009888577391,0.3316380709875375,0.8420720943358673,107.0,133.0,116.0,133.4219970703125
85.80000000000001,1.991162783298514e-06,0.0,0.0,9.009888577391,0.3316380709875375,0.8420720943358673,107.0,133.0,116.0,133.4219970703125
85.85000000000001,2.6089924253367785e-06,0.0,0.0,9.009888577391,0.3316380709875375,0.8420720943358673,107.0,133.0,116.0,133.4219970703125
85.9,4.462760179846065e-06,0.0,0.0,9.009888577391,0.3316380709875375,0.8420720943358673,107.0,133.0,116.0,133.4219970703125
85.95,5.0463595181196286e-06,0.0,0.0,9.009888577391,0.3316380709875375,0.8420720943358673,107.0,133.0,116.0,133.4219970703125
86.0,4.3946487374283246e-06,0.0,0.0,9.009888577391,0.3316380709875375,0.8420720943358673,107.0,133.0,116.0,133.4219970703125
86.05000000000001,1.373156307053014e-07,0.0,0.0,9.009888577391,0.3316380709875375,0.8420720943358673,107.0,133.0,116.0,133.4219970703125
86.10000000000001,8.239242111028816e-07,0.0,0.0,9.009888577391,0.3316380709875375,0.8420720943358673,107.0,133.0,116.0,133.4219970703125
86.15,1.4418691593471572e-06,0.0,0.0,9.009888577391,0.3316380709875375,0.8420720943358673,107.0,133.0,116.0,133.4219970703125
86.2,2.0602528589993497e-06,0.0,0.0,9.009888577391,0.3316380709875375,0.8420720943358673,107.0,133.0,116.0,133.4219970703125
86.25,2.644622404775444e-06,0.0,0.0,9.009888577391,0.3316380709875375,0.8420720943358673,107.0,133.0,116.0,133.4219970703125
86.30000000000001,2.0254168514956396e-06,0.0,0.0,9.009888577391,0.3316380709875375,0.8420720943358673,107.0,133.0,116.0,133.4219970703125
86.35000000000001,3.913552102865561e-06,0.0,0.0,9.009888577391,0.3316380709875375,0.8420720943358673,107.0,133.0,116.0,133.4219970703125
86.4,3.2612575411222434e-06,0.0,0.0,9.009888577391,0.3316380709875375,0.8420720943358673,107.0,133.0,116.0,133.4219970703125
86.45,3.879159785551214e-06,0.0,0.0,9.009888577391,0.3316380709875375,0.8420720943358673,107.0,133.0,116.0,133.4219970703125
86.5,5.492782136977651e-07,0.0,0.0,9.009888577391,0.3316380709875375,0.8420720943358673,107.0,133.0,116.0,133.4219970703125
86.55000000000001,1.1672227400934336e-06,0.0,0.0,9.009888577391,0.3316380709875375,0.8420720943358673,107.0,133.0,116.0,133.4219970703125
86.60000000000001,1.7856257427209696e-06,0.0,0.0,9.009888577391,0.3316380709875375,0.8420720943358673,107.0,133.0,116.0,133.4219970703125
86.65,2.403059806695706e-06,0.0,0.0,9.009888577391,0.3316380709875375,0.8420720943358673,107.0,133.0,116.0,133.4219970703125
86.7,3.0209803410373937e-06,0.0,0.0,9.009888577391,0.3316380709875375,0.8420720943358673,107.0,133.0,116.0,133.4219970703125
86.75,3.638845601472746e-06,0.0,0.0,9.009888577391,0.3316380709875375,0.8420720943358673,107.0,133.0,116.0,133.4219970703125
86.80000000000001,4.8752495403551745e-06,0.0,0.0,9.009888577391,0.3316380709875375,0.8420720943358673,107.0,133.0,116.0,133.4219970703125
86.85000000000001,4.874694055546938e-06,0.0,0.0,9.009888577391,0.3316380709875375,0.8420720943358673,107.0,133.0,116.0,133.4219970703125
86.9,2.0597966658849226e-07,0.0,0.0,9.009888577391,0.3316380709875375,0.8420720943358673,107.0,133.0,116.0,133.4219970703125
86.95,7.209760231772816e-07,0.0,0.0,9.009888577391,0.3316380709875375,0.8420720943358673,107.0,133.0,116.0,133.4219970703125
87.0,1.3388958143979071e-06,0.0,0.0,9.009888577391,0.3316380709875375,0.8420720943358673,107.0,133.0,116.0,133.4219970703125
87.05000000000001,1.888162338488358e-06,0.0,0.0,9.009888577391,0.3316380709875375,0.8420720943358673,107.0,133.0,116.0,133.4219970703125
87.10000000000001,2.543460724219716e-06,0.0,0.0,9.009888577391,0.3316380709875375,0.8420720943358673,107.0,133.0,116.0,133.4219970703125
87.15,3.089688600373507e-06,0.0,0.0,9.009888577391,0.3316380709875375,0.8420720943358673,107.0,133.0,116.0,133.4219970703125
87.2,3.673279443456238e-06,0.0,0.0,9.009888577391,0.3316380709875375,0.8420720943358673,107.0,133.0,116.0,133.4219970703125
87.25,4.256876176641913e-06,0.0,0.0,9.009888577391,0.3316380709875375,0.8420720943358673,107.0,133.0,116.0,133.4219970703125
87.30000000000001,0.0,0.0,0.0,9.009888577391,0.3316380709875375,0.8420720943358673,107.0,133.0,116.0,133.4219970703125
87.35000000000001,6.865995626129935e-07,0.0,0.0,9.009888577391,0.3316380709875375,0.8420720943358673,107.0,133.0,116.0,133.4219970703125
87.4,1.3045442365591588e-06,0.0,0.0,9.009888577391,0.3316380709875375,0.8420720943358673,107.0,133.0,116.0,133.4219970703125
87.45,1.922934300034858e-06,0.0,0.0,9.009888577391,0.3316380709875375,0.8420720943358673,107.0,133.0,116.0,133.4219970703125
87.5,1.2701686940237708e-06,0.0,0.0,9.009888577391,0.3316380709875375,0.8420720943358673,107.0,133.0,116.0,133.4219970703125
87.55000000000001,3.192630842232302e-06,0.0,0.0,9.009888577391,0.3316380709875375,0.8420720943358673,107.0,133.0,116.0,133.4219970703125
87.60000000000001,3.844875050982957e-06,0.0,0.0,9.009888577391,0.3316380709875375,0.8420720943358673,107.0,133.0,116.0,133.4219970703125
87.65,4.42876046028165e-06,0.0,0.0,9.009888577391,0.3316380709875375,0.8420720943358673,107.0,133.0,116.0,133.4219970703125
87.7,5.080719707370316e-06,0.0,0.0,9.009888577391,0.3316380709875375,0.8420720943358673,107.0,133.0,116.0,133.4219970703125
87.75,3.0897804810266803e-07,0.0,0.0,9.009888577391,0.3316380709875375,0.8420720943358673,107.0,133.0,116.0,133.4219970703125
87.80000000000001,8.239754580872463e-07,0.0,0.0,9.009888577391,0.3316380709875375,0.8420720943358673,107.0,133.0,116.0,133.4219970703125
87.85000000000001,2.746308331302104e-06,0.0,0.0,9.009888577391,0.3316380709875375,0.8420720943358673,107.0,133.0,116.0,133.4219970703125
87.9,1.991163197984207e-06,0.0,0.0,9.009888577391,0.3316380709875375,0.8420720943358673,107.0,133.0,116.0,133.4219970703125
87.95,2.6089920495398753e-06,0.0,0.0,9.009888577391,0.3316380709875375,0.8420720943358673,107.0,133.0,116.0,133.4219970703125
88.0,4.462755875462941e-06,0.0,0.0,9.009888577391,0.3316380709875375,0.8420720943358673,107.0,133.0,116.0,133.4219970703125
88.05000000000001,5.046355064320547e-06,0.0,0.0,9.009888577391,0.3316380709875375,0.8420720943358673,107.0,133.0,116.0,133.4219970703125
88.10000000000001,5.629954816449014e-06,0.0,0.0,9.009888577391,0.3316380709875375,0.8420720943358673,107.0,133.0,116.0,133.4219970703125
88.15,1.373156307053014e-07,0.0,0.0,9.009888577391,0.3316380709875375,0.8420720943358673,107.0,133.0,116.0,133.4219970703125
88.2,8.239242111028816e-07,0.0,0.0,9.009888577391,0.3316380709875375,0.8420720943358673,107.0,133.0,116.0,133.4219970703125
88.25,1.441856147365618e-06,0.0,0.0,9.009888577391,0.3316380709875375,0.8420720943358673,107.0,133.0,116.0,133.4219970703125
88.30000000000001,2.0597567050893392e-06,0.0,0.0,9.009888577391,0.3316380709875375,0.8420720943358673,107.0,133.0,116.0,133.4219970703125
88.35000000000001,2.644596918807566e-06,0.0,0.0,9.009888577391,0.3316380709875375,0.8420720943358673,107.0,133.0,116.0,133.4219970703125
88.4,2.025411988788865e-06,0.0,0.0,9.009888577391,0.3316380709875375,0.8420720943358673,107.0,133.0,116.0,133.4219970703125
88.45,3.9135434762293685e-06,0.0,0.0,9.009888577391,0.3316380709875375,0.8420720943358673,107.0,133.0,116.0,133.4219970703125
88.5,3.261257460305484e-06,0.0,0.0,9.009888577391,0.3316380709875375,0.8420720943358673,107.0,133.0,116.0,133.4219970703125
88.55000000000001,3.879159785755969e-06,0.0,0.0,9.009888577391,0.3316380709875375,0.8420720943358673,107.0,133.0,116.0,133.4219970703125
88.60000000000001,5.492782136977651e-07,0.0,0.0,9.009888577391,0.3316380709875375,0.8420720943358673,107.0,133.0,116.0,133.4219970703125
88.65,1.1672227400934336e-06,0.0,0.0,9.009888577391,0.3316380709875375,0.8420720943358673,107.0,133.0,116.0,133.4219970703125
88.7,2.4044654135763685e-06,0.0,0.0,9.009888577391,0.3316380709875375,0.8420720943358673,107.0,133.0,116.0,133.4219970703125
88.75,2.4030511980253607e-06,0.0,0.0,9.009888577391,0.3316380709875375,0.8420720943358673,107.0,133.0,116.0,133.4219970703125
88.80000000000001,3.020959616066174e-06,0.0,0.0,9.009888577391,0.3316380709875375,0.8420720943358673,107.0,133.0,116.0,133.4219970703125
88.85000000000001,3.6054798036686433e-06,0.0,0.0,9.009888577391,0.3316380709875375,0.8420720943358673,107.0,133.0,116.0,133.4219970703125
88.9,4.223072016082065e-06,0.0,0.0,9.009888577391,0.3316380709875375,0.8420720943358673,107.0,133.0,116.0,133.4219970703125
88.95,4.840986657928343e-06,0.0,0.0,9.009888577391,0.3316380709875375,0.8420720943358673,107.0,133.0,116.0,133.4219970703125
89.0,2.0597296864548975e-07,0.0,0.0,9.009888577391,0.3316380709875375,0.8420720943358673,107.0,133.0,116.0,133.4219970703125
89.05000000000001,8.238926797245709e-07,0.0,0.0,9.009888577391,0.3316380709875375,0.8420720943358673,107.0,133.0,116.0,133.4219970703125
89.10000000000001,1.4425385521661652e-06,0.0,0.0,9.009888577391,0.3316380709875375,0.8420720943358673,107.0,133.0,116.0,133.4219970703125
89.15,2.059729383923644e-06,0.0,0.0,9.009888577391,0.3316380709875375,0.8420720943358673,107.0,133.0,116.0,133.4219970703125
89.2,2.6776516499695745e-06,0.0,0.0,9.009888577391,0.3316380709875375,0.8420720943358673,107.0,133.0,116.0,133.4219970703125
89.25,3.2955702447853498e-06,0.0,0.0,9.009888577391,0.3316380709875375,0.8420720943358673,107.0,133.0,116.0,133.4219970703125
89.30000000000001,3.913489051190936e-06,0.0,0.0,9.009888577391,0.3316380709875375,0.8420720943358673,107.0,133.0,116.0,133.4219970703125
89.35000000000001,3.2613933646612933e-06,0.0,0.0,9.009888577391,0.3316380709875375,0.8420720943358673,107.0,133.0,116.0,133.4219970703125
89.4,0.0,0.0,0.0,9.009888577391,0.3316380709875375,0.8420720943358673,107.0,133.0,116.0,133.4219970703125
89.45,6.865995626129935e-07,0.0,0.0,9.009888577391,0.3316380709875375,0.8420720943358673,107.0,133.0,116.0,133.4219970703125
89.5,1.3045442365591588e-06,0.0,0.0,9.009888577391,0.3316380709875375,0.8420720943358673,107.0,133.0,116.0,133.4219970703125
89.55000000000001,1.9224160043659483e-06,0.0,0.0,9.009888577391,0.3316380709875375,0.8420720943358673,107.0,133.0,116.0,133.4219970703125
89.60000000000001,1.270200672533908e-06,0.0,0.0,9.009888577391,0.3316380709875375,0.8420720943358673,107.0,133.0,116.0,133.4219970703125
89.65,3.1583065535906567e-06,0.0,0.0,9.009888577391,0.3316380709875375,0.8420720943358673,107.0,133.0,116.0,133.4219970703125
89.7,3.7762383802963517e-06,0.0,0.0,9.009888577391,0.3316380709875375,0.8420720943358673,107.0,133.0,116.0,133.4219970703125
89.75,4.3598611902167045e-06,0.0,0.0,9.009888577391,0.3316380709875375,0.8420720943358673,107.0,133.0,116.0,133.4219970703125
89.80000000000001,4.977744662408314e-06,0.0,0.0,9.009888577391,0.3316380709875375,0.8420720943358673,107.0,133.0,116.0,133.4219970703125
89.85000000000001,4.119535349598651e-07,0.0,0.0,9.009888577391,0.3316380709875375,0.8420720943358673,107.0,133.0,116.0,133.4219970703125
89.9,1.0642378945975266e-06,0.0,0.0,9.009888577391,0.3316380709875375,0.8420720943358673,107.0,133.0,116.0,133.4219970703125
89.95,1.064211537713963e-06,0.0,0.0,9.009888577391,0.3316380709875375,0.8420720943358673,107.0,133.0,116.0,133.4219970703125
90.0,2.3343974254548896e-06,0.0,0.0,9.009888577391,0.3316380709875375,0.8420720943358673,107.0,133.0,116.0,133.4219970703125
