Time (s),Ego Speed (km/h),Lead Speed (km/h),Smoothed Lead Speed (km/h),Distance Between (m),Ego Distance Covered (m),Lead Vehicle Distance Covered (m),Ego X (m),Ego Y (m),Lead X (m),Lead Y (m)
0.0,8.808552074432374,7.056000137329102,7.056000137329102,15.009240886466912,0.0,0.0,107.0,133.0,122.0,133.4239959716797
0.05,8.176752376625457,8.820000171661377,7.938000154495239,15.00956002183064,0.12767809629440308,0.11269998550415039,107.0,133.0,122.0,133.4239959716797
0.1,4.182156085997465,10.584000205993652,8.820000171661377,15.008386109979977,0.20569339394569397,0.2498999983072281,107.0,133.0,122.0,133.4239959716797
0.15000000000000002,1.8224747657868776,10.747439861297607,9.301860094070435,15.006738060788946,0.2426924929022789,0.40529029071331024,107.0,133.0,122.0,133.4239959716797
0.2,0.4837715864219776,7.768655776977541,8.995219230651855,15.0060405445516,0.25596868991851807,0.5298077911138535,107.0,133.0,122.0,133.4239959716797
0.25,0.2288257151844696,4.894776105880743,8.311812043190004,15.006058523547937,0.25621649622917175,0.6134719923138618,107.0,133.0,122.0,133.4239959716797
0.30000000000000004,0.5667011976242113,0.2858883018613525,7.165251508714483,15.006203855940255,0.2625238001346588,0.6421069949865341,107.0,133.0,122.0,133.4239959716797
0.35000000000000003,0.6878628015524778,1.2601333397479655,6.427111737593668,15.006186439099478,0.2715811990201473,0.6545059978961945,107.0,133.0,122.0,133.4239959716797
0.4,0.6900155961525306,1.81846296546511,5.915039651801606,15.006126428072847,0.28124579787254333,0.6770130023360252,107.0,133.0,122.0,133.4239959716797
0.45,0.6322968184948331,2.0269728720120805,5.526232973822653,15.006060271226296,0.29039159789681435,0.7043372988700867,107.0,133.0,122.0,133.4239959716797
0.5,0.5494715988637049,1.9688721142311902,5.017520171512862,15.006013202768626,0.2984977997839451,0.7322819977998734,107.0,133.0,122.0,133.4239959716797
0.55,0.46111319661238154,1.7295322128948023,4.308473375636205,15.0059928650924,0.3053919989615679,0.7578397989273071,107.0,133.0,122.0,133.4239959716797
0.6000000000000001,0.3775104045869918,1.3871364163729119,3.3887869966741304,15.005993677648108,0.311090799048543,0.7791418991982937,107.0,133.0,122.0,133.4239959716797
0.65,0.3034144878387613,1.00696340226384,2.414739350770754,15.006004731232217,0.3157045990228653,0.7953073885291815,107.0,133.0,122.0,133.4239959716797
0.7000000000000001,0.24040009081375155,0.6386228197041549,1.7017360550434155,15.006016214925873,0.31938099954277277,0.8062361981719732,107.0,133.0,122.0,133.4239959716797
0.75,0.18831527978200407,0.31574798285862116,1.2438332427412033,15.006022515699614,0.3222741186618805,0.8123877979815006,107.0,133.0,122.0,133.4239959716797
0.8,0.14614487886449745,0.05750502296999003,1.2209949148520671,15.006022362801032,0.32452787924557924,0.8145665992051363,107.0,133.0,122.0,133.4239959716797
0.8500000000000001,0.11254319697636313,0.1299309308164235,1.107974673958913,15.006017347903875,0.32626889925450087,0.8153951987624168,107.0,133.0,122.0,133.4239959716797
0.9,0.0861004784704261,0.24808918695718288,0.9509372961081202,15.006010113557227,0.32760450919158757,0.8182500991970301,107.0,133.0,122.0,133.4239959716797
0.9500000000000001,0.06550523713273475,0.30600271060670414,0.7788402799675824,15.006003004386201,0.328622879111208,0.8222384992986917,107.0,133.0,122.0,133.4239959716797
1.0,0.0495932400228889,0.3157817409178542,0.6135312426362488,15.005997431489737,0.3293954291148111,0.8266194993630052,107.0,133.0,122.0,133.4239959716797
1.05,0.03738923929635307,0.29079330967743583,0.46965735231451217,15.005993834123727,0.32997892511775717,0.8308338299393654,107.0,133.0,122.0,133.4239959716797
1.1,0.02808010820323597,0.24392817479563297,0.35533652815678424,15.005991972127505,0.3304178061080165,0.8345057098194957,107.0,133.0,122.0,133.4239959716797
1.1500000000000001,0.0210189599543822,0.18643326681000105,0.2732835146114003,15.005991297138785,0.3307467861159239,0.8374264996964484,107.0,133.0,122.0,133.4239959716797
1.2000000000000002,0.0,0.12728371636238092,0.2221496042772229,15.005991235253763,0.3307467861159239,0.8395254646893591,107.0,133.0,122.0,133.4239959716797
1.25,0.0053130600138067184,0.07294128045944871,0.19786893403730565,15.005991380816678,0.3310057271155529,0.8408359696622938,107.0,133.0,122.0,133.4239959716797
1.3,0.006701003853248268,0.02744673598714945,0.19486310533902157,15.005991501038352,0.33109293109737337,0.8414610796608031,107.0,133.0,122.0,133.4239959716797
1.35,0.006827472103922519,0.0072446889797028145,0.18259448115534951,15.005991535985231,0.33118803211255,0.8415421396493912,107.0,133.0,122.0,133.4239959716797
1.4000000000000001,0.006306804204365415,0.030858026959082623,0.1608713651555395,15.005991493069182,0.3312789741321467,0.8418509396724403,107.0,133.0,122.0,133.4239959716797
1.4500000000000002,0.005510339839385966,0.0,0.1302710940948691,15.005991508683186,0.33136011310853064,0.8418509396724403,107.0,133.0,122.0,133.4239959716797
1.5,0.004640219919757808,0.0,0.09869292000308365,15.005991522361349,0.3314293880830519,0.8418509396724403,107.0,133.0,122.0,133.4239959716797
1.55,0.0038088000849615033,0.0,0.06961358903534007,15.005991533939316,0.3314867991139181,0.8418509396724403,107.0,133.0,122.0,133.4239959716797
1.6,0.0030653927475745866,0.0,0.04522077155577677,15.00599154350167,0.3315334140788764,0.8418509396724403,107.0,133.0,122.0,133.4239959716797
1.6500000000000001,0.0008350487815629128,0.0,0.026577444874776666,15.005991546346793,0.3315471491077915,0.8418509396724403,107.0,133.0,122.0,133.4239959716797
1.7000000000000002,0.001298692810818836,0.0,0.013849073238538576,15.005991549664463,0.3315630891593173,0.8418509396724403,107.0,133.0,122.0,133.4239959716797
1.75,0.0014158584084532934,0.0,0.006554945192593704,15.005991553706224,0.33158239908516407,0.8418509396724403,107.0,133.0,122.0,133.4239959716797
1.8,0.0013611384086624405,0.0,0.00381027159387876,15.005991557770717,0.33160169911570847,0.8418509396724403,107.0,133.0,122.0,133.4239959716797
1.85,0.0012117384235584363,0.0,0.0030858026959084783,15.005991561520077,0.3316193991340697,0.8418509396724403,107.0,133.0,122.0,133.4239959716797
1.9000000000000001,0.0010340208079840534,0.0,2.1614654510671015e-16,15.00599156479283,0.3316347690997645,0.8418509396724403,107.0,133.0,122.0,133.4239959716797
1.9500000000000002,0.0008578080053628133,0.0,2.1614654510671015e-16,15.005991567551723,0.33164766908157617,0.8418509396724403,107.0,133.0,122.0,133.4239959716797
2.0,0.0006972875981425803,0.0,2.1614654510671015e-16,15.005991569809911,0.3316581890685484,0.8418509396724403,107.0,133.0,122.0,133.4239959716797
2.0500000000000003,0.0001031925635054954,0.0,2.1614654510671015e-16,15.005991571034336,0.3316638791002333,0.8418509396724403,107.0,133.0,122.0,133.4239959716797
2.1,0.00024277356129722357,0.0,2.1614654510671015e-16,15.0059915716183,0.3316665891325101,0.8418509396724403,107.0,133.0,122.0,133.4239959716797
2.15,0.0002900786571166787,0.0,2.1614654510671015e-16,15.005991572448679,0.33167043910361826,0.8418509396724403,107.0,133.0,122.0,133.4239959716797
2.2,0.0002911428146688269,0.0,2.1614654510671015e-16,15.005991573321097,0.3316744790645316,0.8418509396724403,107.0,133.0,122.0,133.4239959716797
2.25,0.00026673515903416446,0.0,2.1614654510671015e-16,15.005991574155766,0.33167833916377276,0.8418509396724403,107.0,133.0,122.0,133.4239959716797
2.3000000000000003,0.00022863026721049013,0.0,2.1614654510671015e-16,15.005991574898188,0.33168176910839975,0.8418509396724403,107.0,133.0,122.0,133.4239959716797
2.35,0.0001918984152272235,0.0,2.1614654510671015e-16,15.005991575526512,0.3316846691304818,0.8418509396724403,107.0,133.0,122.0,133.4239959716797
2.4000000000000004,0.00015612769858939287,0.0,2.1614654510671015e-16,15.005991576038262,0.33168702910188586,0.8418509396724403,107.0,133.0,122.0,133.4239959716797
2.45,0.00012560948093719485,0.0,2.1614654510671015e-16,15.005991576461433,0.33168897905852646,0.8418509396724403,107.0,133.0,122.0,133.4239959716797
2.5,4.023324057836332e-05,0.0,2.1614654510671015e-16,15.005991576461433,0.33168897905852646,0.8418509396724403,107.0,133.0,122.0,133.4239959716797
2.5500000000000003,5.636808306500808e-05,0.0,2.1614654510671015e-16,15.00599157670021,0.3316900790669024,0.8418509396724403,107.0,133.0,122.0,133.4239959716797
2.6,6.186060745876426e-05,0.0,2.1614654510671015e-16,15.00599157670021,0.3316900790669024,0.8418509396724403,107.0,133.0,122.0,133.4239959716797
2.6500000000000004,5.9904008586241494e-05,0.0,2.1614654510671015e-16,15.005991577049878,0.33169168909080327,0.8418509396724403,107.0,133.0,122.0,133.4239959716797
2.7,5.307229455612358e-05,0.0,2.1614654510671015e-16,15.005991577049878,0.33169168909080327,0.8418509396724403,107.0,133.0,122.0,133.4239959716797
2.75,4.6893285469148984e-05,0.0,2.1614654510671015e-16,15.00599157735625,0.33169309911318123,0.8418509396724403,107.0,133.0,122.0,133.4239959716797
2.8000000000000003,3.6869041632674225e-05,0.0,2.1614654510671015e-16,15.00599157735625,0.33169309911318123,0.8418509396724403,107.0,133.0,122.0,133.4239959716797
2.85,2.9316846184945015e-05,0.0,2.1614654510671015e-16,15.00599157735625,0.33169309911318123,0.8418509396724403,107.0,133.0,122.0,133.4239959716797
2.9000000000000004,5.5958825946213624e-06,0.0,2.1614654510671015e-16,15.005991577604036,0.33169423905201256,0.8418509396724403,107.0,133.0,122.0,133.4239959716797
2.95,8.994896604044497e-06,0.0,2.1614654510671015e-16,15.005991577604036,0.33169423905201256,0.8418509396724403,107.0,133.0,122.0,133.4239959716797
3.0,9.40611627163341e-06,0.0,2.1614654510671015e-16,15.005991577604036,0.33169423905201256,0.8418509396724403,107.0,133.0,122.0,133.4239959716797
3.0500000000000003,1.143163550960699e-05,0.0,2.1614654510671015e-16,15.005991577604036,0.33169423905201256,0.8418509396724403,107.0,133.0,122.0,133.4239959716797
3.1,5.939039982436546e-06,0.0,2.1614654510671015e-16,15.005991577604036,0.33169423905201256,0.8418509396724403,107.0,133.0,122.0,133.4239959716797
3.1500000000000004,7.071879067758154e-06,0.0,2.1614654510671015e-16,15.005991577604036,0.33169423905201256,0.8418509396724403,107.0,133.0,122.0,133.4239959716797
3.2,5.905042468075917e-06,0.0,2.1614654510671015e-16,15.005991577604036,0.33169423905201256,0.8418509396724403,107.0,133.0,122.0,133.4239959716797
3.25,6.557041733913135e-06,0.0,2.1614654510671015e-16,15.005991577604036,0.33169423905201256,0.8418509396724403,107.0,133.0,122.0,133.4239959716797
3.3000000000000003,0.0,0.0,2.1614654510671015e-16,15.005991577604036,0.33169423905201256,0.8418509396724403,107.0,133.0,122.0,133.4239959716797
3.35,2.9523154300939016e-06,0.0,2.1614654510671015e-16,15.005991577836717,0.3316953091416508,0.8418509396724403,107.0,133.0,122.0,133.4239959716797
3.4000000000000004,6.007563642783184e-06,0.0,2.1614654510671015e-16,15.005991577836717,0.3316953091416508,0.8418509396724403,107.0,133.0,122.0,133.4239959716797
3.45,4.875642600014597e-06,0.0,2.1614654510671015e-16,15.005991577836717,0.3316953091416508,0.8418509396724403,107.0,133.0,122.0,133.4239959716797
3.5,3.810538128809426e-06,0.0,2.1614654510671015e-16,15.005991577836717,0.3316953091416508,0.8418509396724403,107.0,133.0,122.0,133.4239959716797
3.5500000000000003,5.767765421744963e-06,0.0,2.1614654510671015e-16,15.005991577836717,0.3316953091416508,0.8418509396724403,107.0,133.0,122.0,133.4239959716797
3.6,6.865993079652572e-06,0.0,2.1614654510671015e-16,15.005991577836717,0.3316953091416508,0.8418509396724403,107.0,133.0,122.0,133.4239959716797
3.6500000000000004,4.257113896396534e-06,0.0,2.1614654510671015e-16,15.005991577836717,0.3316953091416508,0.8418509396724403,107.0,133.0,122.0,133.4239959716797
3.7,6.4882857015658145e-06,0.0,2.1614654510671015e-16,15.005991577836717,0.3316953091416508,0.8418509396724403,107.0,133.0,122.0,133.4239959716797
3.75,6.179301717596703e-07,0.0,2.1614654510671015e-16,15.005991577836717,0.3316953091416508,0.8418509396724403,107.0,133.0,122.0,133.4239959716797
3.8000000000000003,1.6477963321405195e-06,0.0,2.1614654510671015e-16,15.005991577836717,0.3316953091416508,0.8418509396724403,107.0,133.0,122.0,133.4239959716797
3.85,2.6776939089719624e-06,0.0,2.1614654510671015e-16,15.005991577836717,0.3316953091416508,0.8418509396724403,107.0,133.0,122.0,133.4239959716797
3.9000000000000004,3.021027090548484e-06,0.0,2.1614654510671015e-16,15.005991577836717,0.3316953091416508,0.8418509396724403,107.0,133.0,122.0,133.4239959716797
3.95,4.668748804185828e-06,0.0,2.1614654510671015e-16,15.005991577836717,0.3316953091416508,0.8418509396724403,107.0,133.0,122.0,133.4239959716797
4.0,5.01213859986348e-06,0.0,2.1614654510671015e-16,15.005991577836717,0.3316953091416508,0.8418509396724403,107.0,133.0,122.0,133.4239959716797
4.05,5.973364676918288e-06,0.0,2.1614654510671015e-16,15.005991577836717,0.3316953091416508,0.8418509396724403,107.0,133.0,122.0,133.4239959716797
4.1000000000000005,3.5702243042058546e-06,0.0,2.1614654510671015e-16,15.005991577836717,0.3316953091416508,0.8418509396724403,107.0,133.0,122.0,133.4239959716797
4.15,1.3731563069820028e-07,0.0,2.1614654510671015e-16,15.005991577836717,0.3316953091416508,0.8418509396724403,107.0,133.0,122.0,133.4239959716797
4.2,8.239239710718415e-07,0.0,2.1614654510671015e-16,15.005991577836717,0.3316953091416508,0.8418509396724403,107.0,133.0,122.0,133.4239959716797
4.25,1.4418443490183695e-06,0.0,2.1614654510671015e-16,15.005991577836717,0.3316953091416508,0.8418509396724403,107.0,133.0,122.0,133.4239959716797
4.3,2.0597911264245773e-06,0.0,2.1614654510671015e-16,15.005991577836717,0.3316953091416508,0.8418509396724403,107.0,133.0,122.0,133.4239959716797
4.3500000000000005,1.4074827442241414e-06,0.0,2.1614654510671015e-16,15.005991577836717,0.3316953091416508,0.8418509396724403,107.0,133.0,122.0,133.4239959716797
4.4,3.3299398564116854e-06,0.0,2.1614654510671015e-16,15.005991577836717,0.3316953091416508,0.8418509396724403,107.0,133.0,122.0,133.4239959716797
4.45,3.9821716256956805e-06,0.0,2.1614654510671015e-16,15.005991577836717,0.3316953091416508,0.8418509396724403,107.0,133.0,122.0,133.4239959716797
4.5,4.634428008220393e-06,0.0,2.1614654510671015e-16,15.005991577836717,0.3316953091416508,0.8418509396724403,107.0,133.0,122.0,133.4239959716797
4.55,5.286680859292135e-06,0.0,2.1614654510671015e-16,15.005991577836717,0.3316953091416508,0.8418509396724403,107.0,133.0,122.0,133.4239959716797
4.6000000000000005,4.80603900397351e-07,0.0,2.1614654510671015e-16,15.005991577836717,0.3316953091416508,0.8418509396724403,107.0,133.0,122.0,133.4239959716797
4.65,1.0985225179800368e-06,0.0,2.1614654510671015e-16,15.005991577836717,0.3316953091416508,0.8418509396724403,107.0,133.0,122.0,133.4239959716797
4.7,1.7164412410229645e-06,0.0,2.1614654510671015e-16,15.005991577836717,0.3316953091416508,0.8418509396724403,107.0,133.0,122.0,133.4239959716797
4.75,2.334362883122505e-06,0.0,2.1614654510671015e-16,15.005991577836717,0.3316953091416508,0.8418509396724403,107.0,133.0,122.0,133.4239959716797
4.800000000000001,2.9522815505767535e-06,0.0,2.1614654510671015e-16,15.005991577836717,0.3316953091416508,0.8418509396724403,107.0,133.0,122.0,133.4239959716797
4.8500000000000005,3.570200159276625e-06,0.0,2.1614654510671015e-16,15.005991577836717,0.3316953091416508,0.8418509396724403,107.0,133.0,122.0,133.4239959716797
4.9,4.188133301045552e-06,0.0,2.1614654510671015e-16,15.005991577836717,0.3316953091416508,0.8418509396724403,107.0,133.0,122.0,133.4239959716797
4.95,4.80603642625785e-06,0.0,2.1614654510671015e-16,15.005991577836717,0.3316953091416508,0.8418509396724403,107.0,133.0,122.0,133.4239959716797
5.0,2.0597296939202022e-07,0.0,2.1614654510671015e-16,15.005991577836717,0.3316953091416508,0.8418509396724403,107.0,133.0,122.0,133.4239959716797
5.050000000000001,8.23892685387653e-07,0.0,2.1614654510671015e-16,15.005991577836717,0.3316953091416508,0.8418509396724403,107.0,133.0,122.0,133.4239959716797
5.1000000000000005,1.4418114091611905e-06,0.0,2.1614654510671015e-16,15.005991577836717,0.3316953091416508,0.8418509396724403,107.0,133.0,122.0,133.4239959716797
5.15,2.0597299285785147e-06,0.0,2.1614654510671015e-16,15.005991577836717,0.3316953091416508,0.8418509396724403,107.0,133.0,122.0,133.4239959716797
5.2,2.677652233852758e-06,0.0,2.1614654510671015e-16,15.005991577836717,0.3316953091416508,0.8418509396724403,107.0,133.0,122.0,133.4239959716797
5.25,3.2956007219376606e-06,0.0,2.1614654510671015e-16,15.005991577836717,0.3316953091416508,0.8418509396724403,107.0,133.0,122.0,133.4239959716797
5.300000000000001,3.98214304952302e-06,0.0,2.1614654510671015e-16,15.005991577836717,0.3316953091416508,0.8418509396724403,107.0,133.0,122.0,133.4239959716797
5.3500000000000005,4.60008930396056e-06,0.0,2.1614654510671015e-16,15.005991577836717,0.3316953091416508,0.8418509396724403,107.0,133.0,122.0,133.4239959716797
5.4,0.0,0.0,2.1614654510671015e-16,15.005991577836717,0.3316953091416508,0.8418509396724403,107.0,133.0,122.0,133.4239959716797
5.45,6.522696499038761e-07,0.0,2.1614654510671015e-16,15.005991577836717,0.3316953091416508,0.8418509396724403,107.0,133.0,122.0,133.4239959716797
5.5,1.3045054994876177e-06,0.0,2.1614654510671015e-16,15.005991577836717,0.3316953091416508,0.8418509396724403,107.0,133.0,122.0,133.4239959716797
5.550000000000001,1.8904236572236329e-06,0.0,2.1614654510671015e-16,15.005991577836717,0.3316953091416508,0.8418509396724403,107.0,133.0,122.0,133.4239959716797
5.6000000000000005,2.574681969508792e-06,0.0,2.1614654510671015e-16,15.005991577836717,0.3316953091416508,0.8418509396724403,107.0,133.0,122.0,133.4239959716797
5.65,3.193752144796365e-06,0.0,2.1614654510671015e-16,15.005991577836717,0.3316953091416508,0.8418509396724403,107.0,133.0,122.0,133.4239959716797
5.7,3.844868829258274e-06,0.0,2.1614654510671015e-16,15.005991577836717,0.3316953091416508,0.8418509396724403,107.0,133.0,122.0,133.4239959716797
5.75,5.0807373616128874e-06,0.0,2.1614654510671015e-16,15.005991577836717,0.3316953091416508,0.8418509396724403,107.0,133.0,122.0,133.4239959716797
5.800000000000001,5.080724929453229e-06,0.0,2.1614654510671015e-16,15.005991577836717,0.3316953091416508,0.8418509396724403,107.0,133.0,122.0,133.4239959716797
5.8500000000000005,4.119534578912656e-07,0.0,2.1614654510671015e-16,15.005991577836717,0.3316953091416508,0.8418509396724403,107.0,133.0,122.0,133.4239959716797
5.9,1.0985671038852474e-06,0.0,2.1614654510671015e-16,15.005991577836717,0.3316953091416508,0.8418509396724403,107.0,133.0,122.0,133.4239959716797
5.95,4.4628191771043895e-07,0.0,2.1614654510671015e-16,15.005991577836717,0.3316953091416508,0.8418509396724403,107.0,133.0,122.0,133.4239959716797
6.0,2.334406678211872e-06,0.0,2.1614654510671015e-16,15.005991577836717,0.3316953091416508,0.8418509396724403,107.0,133.0,122.0,133.4239959716797
6.050000000000001,2.9523118652791853e-06,0.0,2.1614654510671015e-16,15.005991577836717,0.3316953091416508,0.8418509396724403,107.0,133.0,122.0,133.4239959716797
6.1000000000000005,3.5367874608225516e-06,0.0,2.1614654510671015e-16,15.005991577836717,0.3316953091416508,0.8418509396724403,107.0,133.0,122.0,133.4239959716797
6.15,2.9179621828446813e-06,0.0,2.1614654510671015e-16,15.005991577836717,0.3316953091416508,0.8418509396724403,107.0,133.0,122.0,133.4239959716797
6.2,4.772325485517391e-06,0.0,2.1614654510671015e-16,15.005991577836717,0.3316953091416508,0.8418509396724403,107.0,133.0,122.0,133.4239959716797
6.25,1.0298673326191108e-07,0.0,2.1614654510671015e-16,15.005991577836717,0.3316953091416508,0.8418509396724403,107.0,133.0,122.0,133.4239959716797
6.300000000000001,6.179729546270251e-07,0.0,2.1614654510671015e-16,15.005991577836717,0.3316953091416508,0.8418509396724403,107.0,133.0,122.0,133.4239959716797
6.3500000000000005,1.2015866122171922e-06,0.0,2.1614654510671015e-16,15.005991577836717,0.3316953091416508,0.8418509396724403,107.0,133.0,122.0,133.4239959716797
6.4,1.8194295602747792e-06,0.0,2.1614654510671015e-16,15.005991577836717,0.3316953091416508,0.8418509396724403,107.0,133.0,122.0,133.4239959716797
6.45,2.403095564839991e-06,0.0,2.1614654510671015e-16,15.005991577836717,0.3316953091416508,0.8418509396724403,107.0,133.0,122.0,133.4239959716797
6.5,2.952360496802515e-06,0.0,2.1614654510671015e-16,15.005991577836717,0.3316953091416508,0.8418509396724403,107.0,133.0,122.0,133.4239959716797
6.550000000000001,3.5702128500812766e-06,0.0,2.1614654510671015e-16,15.005991577836717,0.3316953091416508,0.8418509396724403,107.0,133.0,122.0,133.4239959716797
6.6000000000000005,4.188149307402798e-06,0.0,2.1614654510671015e-16,15.005991577836717,0.3316953091416508,0.8418509396724403,107.0,133.0,122.0,133.4239959716797
6.65,4.806056741480884e-06,0.0,2.1614654510671015e-16,15.005991577836717,0.3316953091416508,0.8418509396724403,107.0,133.0,122.0,133.4239959716797
6.7,5.149334826957985e-07,0.0,2.1614654510671015e-16,15.005991577836717,0.3316953091416508,0.8418509396724403,107.0,133.0,122.0,133.4239959716797
6.75,0.7928698903318591,0.0,2.1614654510671015e-16,15.002994424042171,0.33469366366416836,0.8418509396724403,107.00299835205078,133.0,122.0,133.4239959716797
6.800000000000001,1.8551846066707702,0.0,2.1614654510671015e-16,14.98296969126955,0.3547232765170426,0.8418509396724403,107.02300262451172,133.00100708007812,122.0,133.4239959716797
6.8500000000000005,2.692805818791456,0.016662018551893223,0.0016662018551895385,14.949957653157037,0.38773531567346786,0.8421518396353349,107.05599975585938,133.0019989013672,122.0,133.4239959716797
6.9,3.076852877208583,0.021415947152769177,0.003807796570466456,14.908945163497028,0.428748050141608,0.8423447896493599,107.09700012207031,133.0030059814453,122.0,133.4239959716797
6.95,3.06559661064607,0.02003224401784304,0.005811020972250761,14.865935003141367,0.4717587550489226,0.8425392196513712,107.13999938964844,133.00399780273438,122.0,133.4239959716797
7.0,2.9196289844604855,0.018900444712133303,0.00770106544346409,14.823895464869427,0.5138061122665332,0.8427454095799476,107.18199920654297,133.00599670410156,122.0,133.4239959716797
7.050000000000001,2.9893760354769245,0.017960727154755347,0.009497138158939624,14.782882969728242,0.5548188454447595,0.8429701306158677,107.2229995727539,133.0070037841797,122.0,133.4239959716797
7.1000000000000005,2.8935897117309177,0.017220864979832714,0.011219224656922896,14.740843468022662,0.595867909878283,0.8439998338087842,107.26399993896484,133.00900268554688,121.9990005493164,133.4239959716797
7.15,2.7174829861437484,0.016652646264489635,0.012884489283371861,14.701829506026876,0.6348819848399789,0.8442722798297562,107.3030014038086,133.00999450683594,121.9990005493164,133.4239959716797
7.2,2.6074648239341793,0.016175492444188103,0.014502038527790672,14.665792010573075,0.6709329280013935,0.8445689868329007,107.33899688720703,133.01199340820312,121.9990005493164,133.4239959716797
7.25,2.576001261725251,0.015683712192492264,0.0160704097470399,14.62977478976466,0.7069501236737474,0.8448860648293428,107.375,133.01300048828125,121.9990005493164,133.4239959716797
7.300000000000001,2.656670200349801,0.015096627332463045,0.017580072480286202,14.59175946305093,0.7439663893823384,0.845939839775846,107.41200256347656,133.01400756835938,121.99800109863281,133.4239959716797
7.3500000000000005,2.8341364870638506,0.014338084588285196,0.0173476790839254,14.553723932693243,0.7820133193612018,0.8462841547957478,107.44999694824219,133.01600646972656,121.99800109863281,133.4239959716797
7.4,3.103264445841272,0.6728197301375416,0.08248805738240264,14.523680952063716,0.8230623831759392,0.8572859583740615,107.49099731445312,133.01800537109375,122.00900268554688,133.4239959716797
7.45,3.425053356497192,1.2190175956484681,0.20238659254546518,14.493658548284582,0.8690783224020413,0.8732853564416952,107.53700256347656,133.0189971923828,122.0250015258789,133.4239959716797
7.5,3.759368503620957,0.8024764308808459,0.2807441911623364,14.456594204947239,0.9191640310137175,0.886287279857432,107.58699798583984,133.02200317382812,122.03800201416016,133.4239959716797
7.550000000000001,4.053967869236896,1.477478560045861,0.42669597445144697,14.421548543609285,0.9742006479017247,0.9062853044616662,107.64199829101562,133.0240020751953,122.05799865722656,133.4239959716797
7.6000000000000005,4.288875489208525,1.0705852348329488,0.5320324114367586,14.380481131877689,1.0322763629183649,0.9232845446161123,107.69999694824219,133.02699279785156,122.07499694824219,133.4239959716797
7.65,4.451742671013113,1.752569594898036,0.7056241063001132,14.342438041400833,1.0933142428253935,0.9462876699159604,107.76100158691406,133.0290069580078,122.0979995727539,133.4239959716797
7.7,4.561882789560873,1.353540140934757,0.8393605711491702,14.300379540315983,1.1563811055978097,0.9672914927028966,107.8239974975586,133.03199768066406,122.11900329589844,133.4239959716797
7.75,4.63593564558253,2.0417245604945014,1.041964655979371,14.263281609303753,1.22050883166267,0.9942919400192576,107.88800048828125,133.03599548339844,122.14600372314453,133.4239959716797
7.800000000000001,4.7048029079146705,1.6488617366810505,1.2053411669142298,14.222207140140437,1.2855807404902635,1.0182864203438091,107.9530029296875,133.03900146484375,122.16999816894531,133.4239959716797
7.8500000000000005,4.782655988012279,2.3416874630661826,1.4380761047620196,14.18714270519648,1.3516434276760745,1.0492846888410536,108.01899719238281,133.04200744628906,122.20099639892578,133.4239959716797
7.9,4.887360204722511,1.953054868658581,1.5660996186141234,14.149054758916003,1.4187639339565754,1.0782918074055456,108.08599853515625,133.04600524902344,122.2300033569336,133.4239959716797
7.95,5.016884216585124,2.6498857139135077,1.7091864304406275,14.115955314572723,1.4868821425287062,1.1132879306757595,108.15399932861328,133.0500030517578,122.26499938964844,133.4239959716797
8.0,5.168811271532256,2.2653844135489436,1.8554772287074375,14.077887535761143,1.5579442497657463,1.1462852347723953,108.2249984741211,133.05299377441406,122.2979965209961,133.4239959716797
8.05,5.329173007586046,2.9652486336154666,2.0042542360643982,14.044770572187138,1.6311136675544178,1.1862862196799828,108.2979965209961,133.05799865722656,122.33799743652344,133.4239959716797
8.1,5.47436730915899,2.583993876982707,2.155595100279374,14.00667760107386,1.7062247126359402,1.223288897362772,108.37300109863281,133.06199645996094,122.375,133.4239959716797
8.15,5.6100643511244614,3.2859840362566186,2.308936544415232,13.973588520416875,1.7833242799749889,1.2672876492508507,108.44999694824219,133.0659942626953,122.41899871826172,133.4239959716797
8.200000000000001,5.752362917303263,2.9074510306529016,2.4643276333870463,13.93647046503093,1.862485033863932,1.3092875255655567,108.52899932861328,133.0709991455078,122.46099853515625,133.4239959716797
8.25,5.896609462166442,3.611415183250067,2.621296695662603,13.904382153481507,1.9435849109910732,1.3582911384535903,108.61000061035156,133.0749969482422,122.51000213623047,133.4239959716797
8.3,6.0412175569571485,3.234941594809453,2.7799046814754433,13.867266222086258,2.0267358535446265,1.404288788952868,108.69300079345703,133.0800018310547,122.55599975585938,133.4239959716797
8.35,6.183923855981896,3.9407783678803607,2.939813771956861,13.835154875386396,2.1118821582982257,1.4572901965164884,108.77799987792969,133.0850067138672,122.60900115966797,133.4239959716797
8.4,6.324370763581211,3.5665583355575503,3.101164118646758,13.799048552120915,2.199023112436257,1.5082927169808882,108.86499786376953,133.08999633789062,122.66000366210938,133.4239959716797
8.450000000000001,6.4495135177683505,4.274317628350088,3.2636073100904164,13.767931292208907,2.288168234722596,1.5662913755244583,108.9540023803711,133.09500122070312,122.71800231933594,133.4239959716797
8.5,6.569861920746202,3.900853786662648,3.427154247401787,13.733825460672998,2.378303631131747,1.6222911441954666,109.04399871826172,133.10000610351562,122.77400207519531,133.4239959716797
8.55,6.715832945810637,4.609513192420963,3.591580703282337,13.70368695626235,2.471499080923821,1.6852870554508752,109.13700103759766,133.1060028076172,122.83699798583984,133.4239959716797
8.6,6.889636784409847,4.237741496343621,3.756955465218428,13.669561365828606,2.5656919321759677,1.7452922540851727,109.23100280761719,133.11199951171875,122.89700317382812,133.4239959716797
8.65,7.077712543462932,4.947805196917356,3.9231375812845015,13.639426937711,2.662877240438391,1.8122859678479775,109.3280029296875,133.1179962158203,122.96399688720703,133.4239959716797
8.700000000000001,7.268406241442456,4.577797306818846,4.090172208901096,13.604306174431423,2.763055358246667,1.8772884184420422,109.4280014038086,133.12399291992188,123.02899932861328,133.4239959716797
8.75,7.435202149454189,5.289660947781002,4.257996785354189,13.57418349820243,2.865292912991034,1.9492940577686317,109.52999877929688,133.13099670410156,123.10099792480469,133.4250030517578
8.8,7.585120645616425,4.920192919452353,4.426521917818479,13.540058400286432,2.9694695561285824,2.01929376042435,109.63400268554688,133.13699340820312,123.1709976196289,133.4250030517578
8.85,7.738694205494802,5.630868719108115,4.595530952941255,13.509926557891653,3.0766931711004544,2.0962972395343926,109.74099731445312,133.1439971923828,123.24800109863281,133.4250030517578
8.9,7.892855877115241,5.263380794062667,4.765213198791766,13.475785494309852,3.184921735427913,2.1702947436565996,109.8489990234375,133.1510009765625,123.3219985961914,133.4250030517578
8.950000000000001,8.04690634365111,5.970780911640207,4.934859527120778,13.44665128256092,3.296142536282189,2.2522954761024523,109.95999908447266,133.1580047607422,123.40399932861328,133.4250030517578
9.0,8.200254867590335,5.607180678155842,5.105492216270097,13.41252412282158,3.4093573983416667,2.331297861793218,110.072998046875,133.1649932861328,123.48300170898438,133.4250030517578
9.05,8.352610655617635,6.311160909230709,5.275656987951072,13.383388392749836,3.5245759578308262,2.4172963969501517,110.18800354003906,133.1719970703125,123.56900024414062,133.4250030517578
9.1,8.503922420564269,5.950836829182093,5.446966521234918,13.350248039520826,3.6418456161372466,2.5012960349711713,110.30500030517578,133.17999267578125,123.65299987792969,133.4250030517578
9.15,8.65424373548066,6.650856860730454,5.6172716876162285,13.322107966752727,3.76111823822987,2.592299452975815,110.42400360107422,133.18800354003906,123.74400329589844,133.4250030517578
9.200000000000001,8.803874476956262,6.295392939893196,5.789031250923664,13.28999230974139,3.882315344000473,2.6812963435736115,110.54499816894531,133.19500732421875,123.83300018310547,133.4250030517578
9.25,8.939650848433164,6.992676710664032,5.959332827211966,13.262859690649307,4.005576043218485,2.77729701506763,110.66799926757812,133.2030029296875,123.92900085449219,133.4250030517578
9.3,9.058327530813512,6.6415326456523305,6.131466799831964,13.231734080661795,4.130831501011842,2.87129878789139,110.79299926757812,133.21099853515625,124.02300262451172,133.4250030517578
9.35,9.185371083132308,7.335972861002943,6.301977214021447,13.204610030525304,4.258081847398834,2.971297262191882,110.91999816894531,133.218994140625,124.12300109863281,133.4250030517578
9.4,9.333310274995705,6.988428960357361,6.474482030650916,13.175476551265323,4.386396408049307,3.0702962879923117,111.0479965209961,133.22799682617188,124.22200012207031,133.4250030517578
9.450000000000001,9.496109842475386,7.678548899259535,6.645258829412849,13.149361127049097,4.517644513184461,3.175299645157902,111.17900085449219,133.23599243164062,124.3270034790039,133.4250030517578
9.5,9.66735602626146,7.338924592831119,6.818433220880377,13.119252486714439,4.65088116362362,3.2782964733440965,111.31199645996094,133.24400329589844,124.43000030517578,133.4250030517578
9.55,9.84032766093084,8.024652584272037,6.989782388384509,13.093132632136113,4.787180393227735,3.388297083987291,111.447998046875,133.2530059814453,124.54000091552734,133.4250030517578
9.600000000000001,9.994331406676718,7.692912682190042,7.163989973685304,13.065032362574916,4.924414550819024,3.4972982453515304,111.58499908447266,133.26100158691406,124.64900207519531,133.4250030517578
9.65,10.135196348486833,8.373420458201485,7.336246333432406,13.038923312836577,5.064703101488696,3.611296658792732,111.7249984741211,133.27000427246094,124.76300048828125,133.4250030517578
9.700000000000001,10.282148693036856,8.048592498923215,7.511566289335408,13.010821282883834,5.206986491237655,3.7252950733124015,111.86699676513672,133.2790069580078,124.87699890136719,133.4250030517578
9.75,10.43280329441062,8.722729068638678,7.684571525132872,12.98573390297287,5.3512131129201235,3.8442983696242985,112.01100158691406,133.28700256347656,124.99600219726562,133.4250030517578
9.8,10.586127105575306,8.40445256397513,7.860863516965152,12.95965157017942,5.496488970679035,3.9632981706786974,112.15599822998047,133.29600524902344,125.11499786376953,133.42599487304688
9.850000000000001,10.740665707163764,9.071605094892842,8.034426740354142,12.934564105487556,5.645761849167636,4.087298720455898,112.30500030517578,133.30499267578125,125.23899841308594,133.42599487304688
9.9,10.895090635518086,8.757108571797831,8.21129470149819,12.907492249794284,5.7959771337167245,4.21029982017805,112.45500183105469,133.31300354003906,125.36199951171875,133.42599487304688
9.950000000000001,11.04838969859835,9.416809285339275,8.385120740106164,12.885414121817677,5.948243933217054,4.340297074089756,112.60700225830078,133.32200622558594,125.49199676513672,133.42599487304688
10.0,11.186685307482627,9.10904446205508,8.562132727028558,12.859352085699237,6.102505292776422,4.468303056500319,112.76100158691406,133.33099365234375,125.62000274658203,133.42599487304688
10.05,11.31745144907542,9.761149161783207,8.735782384779677,12.836286618506726,6.259760881170025,4.602298113178411,112.91799926757812,133.33999633789062,125.75399780273438,133.42599487304688
10.100000000000001,11.447816633016785,9.457885299012291,8.9122796464619,12.81023658189775,6.4180142914372205,4.73430189823092,113.07599639892578,133.3489990234375,125.88600158691406,133.42599487304688
10.15,11.58194577136542,10.103364729295013,9.085274073571254,12.789187601666038,6.578217604747259,4.873301837731158,113.23600006103516,133.35699462890625,126.0250015258789,133.42599487304688
10.200000000000001,11.733358014737885,9.806292691319552,9.261044092810888,12.766139827877547,6.739472219180781,5.011302326793208,113.39700317382812,133.36599731445312,126.16300201416016,133.42599487304688
10.25,11.883712274346344,10.44669695476688,9.43344088142371,12.746108277609265,6.903660853903648,5.155299519719434,113.56099700927734,133.37399291992188,126.30699920654297,133.42599487304688
10.3,12.03475268523292,10.156753154820038,9.608670940508201,12.72207278902355,7.069905161864019,5.297297811460152,113.72699737548828,133.38299560546875,126.4489974975586,133.42599487304688
10.350000000000001,12.198892523744695,10.791504609948092,9.780660892013724,12.702044038671293,7.239101259615731,5.446299887197551,113.89600372314453,133.39100646972656,126.5979995727539,133.42599487304688
10.4,12.369051351393487,10.509192874635387,9.955869322297481,12.679027514962407,7.409336835464796,5.59330306168567,114.06600189208984,133.39999389648438,126.74500274658203,133.42599487304688
10.450000000000001,12.540142405718981,11.137428922869939,10.127931286050549,12.660016444588072,7.582518734701178,5.747302390848499,114.23899841308594,133.4080047607422,126.89900207519531,133.42599487304688
10.5,12.693091687495244,10.859689387601483,10.302995778605188,12.636005539761202,7.758702759438147,5.899302818694096,114.41500091552734,133.41600036621094,127.0510025024414,133.42599487304688
10.55,12.832697521076053,11.48266916537703,10.47514777896457,12.616996923816481,7.935885210930705,6.057299950599014,114.59200286865234,133.4239959716797,127.20899963378906,133.42599487304688
10.600000000000001,12.978485312686628,11.211156646551645,10.650474913718506,12.59499502640004,8.11506523173431,6.2142976318012995,114.77100372314453,133.4320068359375,127.36599731445312,133.42599487304688
10.65,13.128736798479363,11.826613364585022,10.822799777247507,12.5760042003133,8.297239985443753,6.3772996465204965,114.9530029296875,133.44000244140625,127.52899932861328,133.42599487304688
10.700000000000001,13.282860213532743,11.561041187688604,10.998274626884413,12.555019586164324,8.480413231998861,6.539302210498002,115.13600158691406,133.447998046875,127.69100189208984,133.42599487304688
10.75,13.439592030109608,12.171169536790568,11.170721885086781,12.537038454598447,8.666582018767558,6.707301478628227,115.3219985961914,133.45599365234375,127.85900115966797,133.42599487304688
10.8,13.59729178819566,11.911644990025952,11.346211068607372,12.516042971867986,8.853717217029418,6.873297270860598,115.50900268554688,133.46299743652344,128.02499389648438,133.427001953125
10.850000000000001,13.754588618279724,12.515509415835542,11.518611549196118,12.499074512852678,9.043841075564426,7.046301421802412,115.6989974975586,133.47000122070312,128.197998046875,133.427001953125
10.9,13.91041581842003,12.261457433995728,11.693838005132152,12.477105201284603,9.236968906981545,7.217306671253943,115.89199829101562,133.4770050048828,128.36900329589844,133.427001953125
10.950000000000001,14.064379544260635,12.858733495891771,11.865968462434335,12.461128863085545,9.431094985120934,7.395300446209975,116.08599853515625,133.48399353027344,128.5469970703125,133.427001953125
11.0,14.216445696503563,12.611665557400435,12.041166079414229,12.44117411369004,9.627219226439136,7.571310578445494,116.28199768066406,133.49099731445312,128.72300720214844,133.427001953125
11.05,14.367092134070662,13.202640788270473,12.213163241703572,12.424193124839515,9.826314683478499,7.75330215612934,116.48100280761719,133.4969940185547,128.90499877929688,133.427001953125
11.100000000000001,14.516925890760486,12.960757023735704,12.388123279421979,12.405245357031847,10.027433069942726,7.935308992436495,116.68199920654297,133.50399780273438,129.08700561523438,133.427001953125
11.15,14.659539306180749,13.545216846667818,12.559983627630256,12.390277343533898,10.229525538851858,8.122305452918521,116.88400268554688,133.50999450683594,129.2740020751953,133.427001953125
11.200000000000001,14.790504729453922,13.31031712569989,12.734911221431386,12.371329998965452,10.434607879418271,8.308310091935466,117.08899688720703,133.51600646972656,129.4600067138672,133.427001953125
11.25,14.907809017874701,13.888729317989108,12.906667199551242,12.356360317298297,10.640669579950018,8.499304355143883,117.29499816894531,133.52099609375,129.6510009765625,133.427001953125
11.3,15.003243053567987,13.659409450302068,13.081443645578853,12.339402026023881,10.848756188439047,8.690298618159426,117.50299835205078,133.52699279785156,129.8419952392578,133.427001953125
11.350000000000001,15.072704901428347,14.231628958123837,13.253055599807684,12.327442216237834,11.057815739231438,8.887307340872626,117.71199798583984,133.53199768066406,130.03900146484375,133.42799377441406
11.4,15.116991977631868,14.00979696036608,13.42788955244472,12.312479025547852,11.267874455626714,9.082299406605289,117.9219970703125,133.53700256347656,130.23399353027344,133.42799377441406
11.450000000000001,15.140316915444874,14.577265739161561,13.599742776771697,12.304529091172569,11.477940799253934,9.284310515509862,118.13200378417969,133.54200744628906,130.43600463867188,133.42799377441406
11.5,15.148778736329422,14.362273590204172,13.77480358005207,12.294565108252337,11.687977933853428,9.484307464035078,118.34200286865234,133.54600524902344,130.63600158691406,133.42799377441406
11.55,15.148789893802427,14.92135413492548,13.94667491471757,12.291605927485275,11.898015068452613,9.691308196943318,118.552001953125,133.5500030517578,130.84300231933594,133.42799377441406
11.600000000000001,15.153230208151678,14.71485750903296,14.122084963247294,12.285649871716972,12.109051473532865,9.89631002828039,118.76300048828125,133.5540008544922,131.04800415039062,133.42799377441406
11.65,15.170483449558526,15.261913172630386,14.293754595843552,12.286690920159499,12.319088608126942,10.107308563858973,118.9729995727539,133.55799865722656,131.25900268554688,133.42799377441406
11.700000000000001,15.204331538191045,15.065245878856087,14.46924747115917,12.285716072818186,12.530108554491651,10.317300019230466,119.18399810791016,133.56100463867188,131.468994140625,133.42799377441406
11.75,15.261311793641603,15.6009255411065,14.640467093470908,12.289746373694523,12.742135263453502,10.533303437566126,119.39600372314453,133.56399536132812,131.68499755859375,133.42799377441406
11.8,15.342063764684388,15.415309807552648,14.816057129195968,12.29277816646319,12.954154559567334,10.74829977574536,119.60800170898438,133.56700134277344,131.89999389648438,133.42799377441406
11.850000000000001,15.44303674973154,15.940765317073716,14.986970765090955,12.299811885329927,13.168172558014787,10.969310371350964,119.8219985961914,133.57000732421875,132.12100219726562,133.4290008544922
11.9,15.549248485734555,15.768326311283795,15.162823700182727,12.303832495897472,13.384185224731354,11.189311592322628,120.03800201416016,133.57200622558594,132.34100341796875,133.4290008544922
11.950000000000001,15.657277083990545,16.283341375476137,15.333431263814186,12.312862043445694,13.600201717400775,11.414302437361783,120.25399780273438,133.5749969482422,132.5659942626953,133.4290008544922
12.0,15.772590692365256,16.121160853651144,15.50931999015888,12.318889806951015,13.81921260954989,11.639308541108152,120.4729995727539,133.57699584960938,132.79100036621094,133.4290008544922
12.05,15.889071749541875,16.621273993199747,15.679311975986305,12.328907749892355,14.039222910942286,11.86930426895352,120.69300079345703,133.57899475097656,133.02099609375,133.4290008544922
12.100000000000001,16.003117537211555,16.471332928092064,15.854959517892217,12.33693485759114,14.26023262195265,12.098308175405162,120.91400146484375,133.58099365234375,133.25,133.4290008544922
12.15,16.112565815052374,16.959529334512347,16.024721134080416,12.347960376964776,14.48424056401844,12.333308786056001,121.13800048828125,133.58299255371094,133.48500061035156,133.4290008544922
12.200000000000001,16.21681195178747,16.82233412703217,16.200429958898024,12.358973698177362,14.708241851317238,12.568309396577233,121.36199951171875,133.58399963378906,133.72000122070312,133.4290008544922
12.25,16.31684597757208,17.29850565358038,16.370187970145412,12.371985823102332,14.934242019959722,12.807307809953974,121.58799743652344,133.5850067138672,133.95899963378906,133.4290008544922
12.3,16.41473102940246,17.17344175641814,16.54600116503196,12.382991442341408,15.162248632731455,13.046306223187173,121.81600189208984,133.58599853515625,134.197998046875,133.4290008544922
12.350000000000001,16.512913124665346,17.63683309280905,16.71560794260549,12.399988562298205,15.390247683068802,13.291303348254742,122.04399871826172,133.58700561523438,134.4429931640625,133.42999267578125
12.4,16.6137015461583,17.5240464179776,16.891179953274868,12.41300059458828,15.6212526198916,13.535306644277208,122.2750015258789,133.58799743652344,134.68699645996094,133.42999267578125
12.450000000000001,16.718733840239146,17.97552102104263,17.060397917831516,12.431024979257781,15.852249993410052,13.784314823247726,122.50599670410156,133.58900451660156,134.93600463867188,133.42999267578125
12.5,16.82885087184201,17.87565700491617,17.235847532958022,12.445028856884397,16.08525381333391,14.031308862555072,122.73899841308594,133.58999633789062,135.18299865722656,133.42999267578125
12.55,16.944047356810866,18.18461018373839,17.392181152011887,12.461034005315156,16.32025442368563,14.282315945226287,122.9739990234375,133.58999633789062,135.4340057373047,133.42999267578125
12.600000000000001,17.06353267173703,18.89701335136365,17.634749194339044,12.48102900251731,16.556254484720977,14.538312652040881,123.20999908447266,133.58999633789062,135.69000244140625,133.42999267578125
12.65,17.18618989255223,17.88156219817593,17.726952480705403,12.49202205758638,16.794253447123623,14.787305576608695,123.447998046875,133.58999633789062,135.93899536132812,133.42999267578125
12.700000000000001,17.31064900022915,18.697897983110654,17.914508866313252,12.511030614176759,17.034261053168372,15.046308262760371,123.68800354003906,133.59100341796875,136.197998046875,133.42999267578125
12.75,17.43583080047053,18.781598439883364,18.062818144943552,12.53102796215901,17.27625991380026,15.30831693118421,123.93000030517578,133.58999633789062,136.4600067138672,133.42999267578125
12.8,17.56086967465185,19.1350819929093,18.25898216859267,12.553029346380969,17.519256129620672,15.573316332169615,124.1729965209961,133.58999633789062,136.72500610351562,133.42999267578125
12.850000000000001,17.67842151682072,19.13490163899884,18.40878902321165,12.574016109964965,17.764258876203062,15.839307553583161,124.41799926757812,133.58999633789062,136.99099731445312,133.42999267578125
12.9,17.783373885195388,19.48068252779866,18.604452634193756,12.598995239446424,18.0102610734687,16.110305530487285,124.66400146484375,133.58999633789062,137.26199340820312,133.43099975585938
12.950000000000001,17.88062211071288,19.48316639978896,18.75521717206839,12.621991211017857,18.258264155370124,16.381316887619537,124.91200256347656,133.58900451660156,137.5330047607422,133.43099975585938
13.0,17.975279638802792,19.82494941042582,18.950146412619354,12.647982527012264,18.50726470468676,16.65631078725318,125.16100311279297,133.58900451660156,137.80799865722656,133.43099975585938
13.05,18.072423612259566,19.829342347609582,19.114619629006476,12.673968969337286,18.757266767820223,16.932311763945613,125.41100311279297,133.58799743652344,138.08399963378906,133.43099975585938
13.100000000000001,18.175857291866215,20.169218239063692,19.24184011777648,12.700962743313648,19.009267650689306,17.211318721983844,125.66300201416016,133.58700561523438,138.36300659179688,133.43099975585938
13.15,18.287931886282415,20.174797364340577,19.471163634392944,12.727953510717334,19.263265458123126,17.49230932336455,125.91699981689453,133.58700561523438,138.6439971923828,133.43099975585938
13.200000000000001,18.40067668380868,20.514746985401967,19.652848534622073,12.757945395276545,19.51826470039533,17.77731298594159,126.1719970703125,133.58599853515625,138.9290008544922,133.43099975585938
13.25,18.515060094702843,20.52147788406235,19.826836479039972,12.786930602015511,19.774270955331094,18.062316649965524,126.4280014038086,133.5850067138672,139.21400451660156,133.43099975585938
13.3,18.64315469066539,20.858905733710156,19.999218853120055,12.81792215535206,20.032268526939088,18.35131811558758,126.68599700927734,133.58399963378906,139.5030059814453,133.43099975585938
13.350000000000001,18.78089426010539,20.866573857992748,20.17238607501945,12.84890622728122,20.292270663897064,18.642320226226833,126.94599914550781,133.58399963378906,139.79400634765625,133.4320068359375
13.4,18.924717034079222,21.204938970618826,20.344811719301468,12.880882200138307,20.554273637648848,18.936311315597454,127.20800018310547,133.58299255371094,140.08799743652344,133.4320068359375
13.450000000000001,19.070479921004278,21.212821665947622,20.517777245917333,12.911866743944657,20.818275440203678,19.23130948574438,127.47200012207031,133.58200073242188,140.38299560546875,133.4320068359375
13.5,19.20396758104479,21.549530263557163,20.690235331230465,12.944865281205798,21.084276187318025,19.530320716401192,127.73799896240234,133.58099365234375,140.6820068359375,133.4320068359375
13.55,19.325105044720065,21.55878282284873,20.86317937875438,12.976841868470725,21.352275764561114,19.83030851005638,128.00599670410156,133.5800018310547,140.98199462890625,133.4320068359375
13.600000000000001,19.45123992091153,21.8947344154915,21.03573099639716,13.009833070508863,21.622281915318712,20.133317543303917,128.2760009765625,133.57899475097656,141.28500366210938,133.4320068359375
13.65,19.581055709732293,21.90524697616545,21.208775957579647,13.043805285081177,21.893279824160306,20.438311832174957,128.5469970703125,133.5780029296875,141.58999633789062,133.43299865722656
13.700000000000001,19.714721962832495,22.240765995349555,21.381377858574407,13.079787424228522,22.166291935584177,20.74731756948441,128.82000732421875,133.57699584960938,141.8990020751953,133.43299865722656
13.75,19.85151643968753,22.251458803400855,21.554375950508255,13.113771097462246,22.441287620700788,21.056308048288518,129.09500122070312,133.5760040283203,142.20799255371094,133.43299865722656
13.8,19.99047144947485,22.585357346381944,21.727021111775436,13.149779704155563,22.71828041857497,21.36931158832759,129.3719940185547,133.5760040283203,142.52099609375,133.43299865722656
13.850000000000001,20.130615576692673,22.597274101314976,21.90009113610766,13.186769202215126,22.996282120631513,21.68431402996013,129.64999389648438,133.5749969482422,142.83599853515625,133.43299865722656
13.9,20.271188626138034,22.92973412596831,22.072570651642607,13.223759013181192,23.27728973034405,22.00232245281362,129.93099975585938,133.57400512695312,143.1540069580078,133.43299865722656
13.950000000000001,20.411402751262187,22.941901506680463,22.24547863571589,13.259741784094741,23.560296282945906,22.321322697154102,130.21400451660156,133.572998046875,143.47300720214844,133.43299865722656
14.0,20.55078879995058,23.273101538019795,22.417835763162156,13.297728420751566,23.845286412139167,22.64432231402493,130.49899291992188,133.57200622558594,143.79600524902344,133.4340057373047
14.05,20.68920408570336,23.287285939580833,22.590686074835368,13.33569512359878,24.131298927350596,22.968312182363803,130.78500366210938,133.5709991455078,144.1199951171875,133.4340057373047
14.100000000000001,20.821461614553343,23.61826967921798,22.763039601208014,13.373702767292722,24.420300392195077,23.295323290771357,131.07400512695312,133.5709991455078,144.44700622558594,133.4340057373047
14.15,20.954440240710568,23.634218758859635,22.935936779477437,13.412692098038358,24.710295374414002,23.624318041895133,131.36399841308594,133.57000732421875,144.7760009765625,133.4340057373047
14.200000000000001,21.10278958723739,23.9646617667028,23.108326356612757,13.452673190822214,25.002304557315423,23.95631877433139,131.656005859375,133.56900024414062,145.10800170898438,133.4340057373047
14.25,21.262698359320247,23.98025035617327,23.28120551189,13.491662658364088,25.297304445266885,24.29031840824491,131.9510040283203,133.5679931640625,145.44200134277344,133.4340057373047
14.3,21.419039647311106,24.30903854994715,23.45357363224652,13.53267626690449,25.593294435501285,24.6273240235022,132.2469940185547,133.5679931640625,145.7790069580078,133.4340057373047
14.350000000000001,21.569048340163956,24.325598742644825,23.626406096379505,13.572632902904406,25.8923073109029,24.9663147323604,132.54600524902344,133.56700134277344,146.1179962158203,133.43499755859375
14.4,21.72794643632109,24.652874600705424,23.798720143853217,13.61363686613979,26.193303868708448,25.30832523043894,132.8470001220703,133.5659942626953,146.4600067138672,133.43499755859375
14.450000000000001,21.890949637154154,24.671197755145265,23.9716497686997,13.653628305940746,26.496297643122922,25.65131229106814,133.14999389648438,133.5659942626953,146.80299377441406,133.43499755859375
14.5,22.055105098326642,24.998006696014397,24.14414028449916,13.69461733942986,26.80130719028564,25.997320591889448,133.4550018310547,133.56500244140625,147.1490020751953,133.43499755859375
14.55,22.217568324228953,25.018022431145756,24.317213933655648,13.734608828499727,27.10930584751229,26.345312535318847,133.76300048828125,133.56500244140625,147.4969940185547,133.43499755859375
14.600000000000001,22.37628985771821,25.344542981999478,24.4898412639338,13.776604932139636,27.41930504193776,26.697317540250037,134.072998046875,133.56399536132812,147.8489990234375,133.43499755859375
14.65,22.51931478631999,25.365566369518625,24.662976024999697,13.817603506100967,27.7313015018987,27.05031436648148,134.38499450683594,133.56399536132812,148.20199584960938,133.43499755859375
14.700000000000001,22.648227686542516,25.689783224908826,24.8354881708203,13.85957540871174,28.04531368837544,27.40631859859424,134.69900512695312,133.56300354003906,148.55799865722656,133.43600463867188
14.75,22.78347702118539,25.710590318880115,25.008522167090984,13.901581096536674,28.361307951071268,27.764320307628076,135.01499938964844,133.56300354003906,148.91600036621094,133.43600463867188
14.8,22.92527897230592,26.034266441622453,25.18104495625851,13.94557035558259,28.67830929384479,28.125312739331847,135.33200073242188,133.56300354003906,149.27699279785156,133.43600463867188
14.850000000000001,23.074496988470575,26.056838214766714,25.354168903470704,13.987582215739103,28.998302944013567,28.487327509883688,135.65199279785156,133.56199645996094,149.63900756835938,133.43600463867188
14.9,23.23030192081019,26.38094692450578,25.526976135850738,14.031571525754531,29.320309169599508,28.853324824407082,135.9739990234375,133.56199645996094,150.0050048828125,133.43600463867188
14.950000000000001,23.39089646115945,26.40380708802543,25.70023706913876,14.075560846596959,29.644314296552714,29.2213210402629,136.29800415039062,133.56199645996094,150.3730010986328,133.43600463867188
15.0,23.553939151239174,26.725177799562022,25.87295417949352,14.119556621550919,29.970304574889482,29.591316157527494,136.62399291992188,133.56100463867188,150.7429962158203,133.43600463867188
15.05,23.717090194516206,26.750521903635253,26.04620412674247,14.16355253135005,30.298307504577128,29.96332675705711,136.95199584960938,133.56100463867188,151.11500549316406,133.43699645996094
15.100000000000001,23.878298258528808,27.07081458190589,26.21883128673311,14.208533722966315,30.629316415709958,30.339318578427495,137.2830047607422,133.56100463867188,151.49099731445312,133.43699645996094
15.15,24.036265558896257,27.09572609913089,26.391847259694337,14.252538399597416,30.962308969421006,30.716317479821562,137.61599731445312,133.56100463867188,151.8679962158203,133.43699645996094
15.200000000000001,24.190236766396776,27.415191369812835,26.56438807418474,14.297534870798623,31.29731568328821,31.096322362720947,137.9510040283203,133.56100463867188,152.2480010986328,133.43699645996094
15.25,24.341147418129793,27.440714001541565,26.737400442450884,14.342546610567192,31.634306039733527,31.478326146924534,138.28799438476562,133.56100463867188,152.6300048828125,133.43699645996094
15.3,24.48053973486084,27.75859483781016,26.909833282069656,14.387527844757761,31.974317636413247,31.86332065385111,138.6280059814453,133.56100463867188,153.01499938964844,133.43699645996094
15.350000000000001,24.609708026960163,27.786062393118275,27.082755699904816,14.432530987574731,32.315307282753366,32.24932224078634,138.968994140625,133.55999755859375,153.4010009765625,133.43699645996094
15.4,24.74748007231148,28.102791381933883,27.25494014564763,14.479517836861046,32.65830960208952,32.63932293079453,139.31199645996094,133.55999755859375,153.79100036621094,133.43800354003906
15.450000000000001,24.893495411272216,28.130725856174454,27.427632022462536,14.525521458062263,33.00331082279274,33.0303294005397,139.65699768066406,133.55999755859375,154.1820068359375,133.43800354003906
15.5,25.04764930762029,28.44785138268815,27.59989938077515,14.573508662924159,33.350310944863054,33.42531841430734,140.00399780273438,133.55999755859375,154.57699584960938,133.43800354003906
15.55,25.208316102627638,28.4779110249686,27.772638292908482,14.620527787835966,33.69931142132494,33.821329766863336,140.35299682617188,133.56100463867188,154.97300720214844,133.43800354003906
15.600000000000001,25.37298095191437,28.79388298704201,27.944945133422095,14.66952203159619,34.050309346129765,34.22132366344478,140.70399475097656,133.56100463867188,155.3730010986328,133.43800354003906
15.65,25.53890584271748,28.82275473274001,28.117647996783006,14.715502153281054,34.40431325237989,34.621318789597595,141.05799865722656,133.56100463867188,155.7729949951172,133.43899536132812
15.700000000000001,25.70353464086455,29.123464280207127,28.28847528782244,14.764496446649742,34.76031605999725,35.02631756899536,141.41400146484375,133.56100463867188,156.17799377441406,133.43899536132812
15.75,25.86499472031695,29.12519121013237,28.45692300868152,14.810500129618285,35.118317768981754,35.43032452701618,141.77200317382812,133.56100463867188,156.58200073242188,133.43899536132812
15.8,26.02224392486293,29.39483004651942,28.620546529552445,14.857510868708818,35.4793102006224,35.838329287856006,142.13299560546875,133.56100463867188,156.99000549316406,133.43899536132812
15.850000000000001,26.175100314743627,29.37020695330838,28.77896098557145,14.903499312901076,35.84231679241928,36.24732586990264,142.49600219726562,133.56100463867188,157.3990020751953,133.43899536132812
15.9,26.32424881322399,29.614611564841354,28.930143003862202,14.950494813448245,36.20631520550523,36.658321353387535,142.86000061035156,133.56100463867188,157.80999755859375,133.43899536132812
15.950000000000001,26.470913352352895,29.568674994165367,29.07393791766129,14.994484317403334,36.573320940221656,37.06931807065234,143.2270050048828,133.56199645996094,158.2209930419922,133.44000244140625
16.0,26.616712657261733,29.792631300083546,29.208415909400827,15.0385044712962,36.94230897733108,37.4823277142754,143.5959930419922,133.56199645996094,158.63400268554688,133.44000244140625
16.05,26.763124843484793,29.72941529421211,29.33356633632518,15.081502327919447,37.31331117459678,37.89632917915118,143.9669952392578,133.56199645996094,159.04800415039062,133.44000244140625
16.1,26.911373760584063,29.936847473531806,29.44786278497416,15.123493145553672,37.68631227322962,38.311322465335856,144.33999633789062,133.56199645996094,159.46299743652344,133.44000244140625
16.150000000000002,27.06225078771491,29.85966166376401,29.551553478076563,15.163500392063506,38.061312273229625,38.72633101030205,144.71499633789062,133.56199645996094,159.8780059814453,133.44000244140625
16.2,27.216042590397144,30.05366648743919,29.644573698799768,15.203492509863944,38.43831251970481,39.1433243773727,145.0919952392578,133.56300354003906,160.2949981689453,133.4409942626953
16.25,27.372462511887072,29.965144159903588,29.72856899377689,15.240493884513246,38.81831740251731,39.56033182371581,145.4720001220703,133.56300354003906,160.71200561523438,133.4409942626953
16.3,27.520855527437725,30.14827595029505,29.80391358415445,15.27749526522664,39.19931410661887,39.97833109132756,145.85299682617188,133.56300354003906,161.1300048828125,133.4409942626953
16.35,27.660895454644848,30.050569737395488,29.871949862563167,15.312505748323064,39.58231099631624,40.3963303589659,146.23599243164062,133.56399536132812,161.54800415039062,133.4409942626953
16.400000000000002,27.810079731716616,30.2249193303043,29.932980639109463,15.346501236073975,39.96831258323031,40.81632852794231,146.6219940185547,133.56399536132812,161.96800231933594,133.4409942626953
16.45,27.966860002554284,30.41096596573411,30.01720973626634,15.38148049755688,40.355321250222495,41.23832680001357,147.00900268554688,133.56399536132812,162.38999938964844,133.44200134277344
16.5,28.130120466898195,30.55201324396805,30.093147930654794,15.41547601282318,40.74532063987098,41.6623227717458,147.3990020751953,133.56399536132812,162.81399536132812,133.44200134277344
16.55,28.29773597016605,30.414818042419835,30.161688205475564,15.44648888969766,41.13732022452582,42.08532692216594,147.79100036621094,133.56500244140625,163.23699951171875,133.44200134277344
16.6,28.467224269399086,30.551656190537866,30.22316907717617,15.47547967161749,41.53232449698692,42.509322893904994,148.18600463867188,133.56500244140625,163.66099548339844,133.44200134277344
16.650000000000002,28.636101444444776,30.414783714441704,30.278681282243934,15.502486876508035,41.9283205907371,42.93232704433128,148.58200073242188,133.56500244140625,164.08399963378906,133.44200134277344
16.7,28.8023504571047,30.551656195393935,30.32848025303941,15.526488197509066,42.32831571687541,43.356324176095335,148.98199462890625,133.5659942626953,164.50799560546875,133.4429931640625
16.75,28.964673546705676,30.414783720364355,30.373444209085484,15.548490681680093,42.72931669343791,43.779328326544196,149.38299560546875,133.5659942626953,164.93099975585938,133.4429931640625
16.8,29.12263985399685,30.551656199120632,30.413782233968043,15.56847907079346,43.13332365144581,44.20332429824818,149.78700256347656,133.5659942626953,165.35499572753906,133.4429931640625
16.85,29.26117059792533,30.414783723890345,30.45020363261753,15.586491860291815,43.538323682856095,44.626328448717565,150.19200134277344,133.56700134277344,165.7779998779297,133.4429931640625
16.900000000000002,29.36989055676758,30.551656201612627,30.48287731974836,15.602482565693485,43.94632844359854,45.05032442041373,150.60000610351562,133.56700134277344,166.20199584960938,133.4429931640625
16.95,29.46006757996564,30.41478372479522,30.483259095654468,15.617488776010498,44.35431794555361,45.47332976970733,151.00799560546875,133.56700134277344,166.625,133.44400024414062
17.0,29.521700668837198,30.55165620130336,30.48322339138799,15.631488487965637,44.76432280729824,45.8973257414035,151.41799926757812,133.5679931640625,167.0489959716797,133.44400024414062
17.05,29.555109130903258,30.41478372384276,30.483219959530288,15.644488567329086,45.1743264694132,46.320329891875865,151.8280029296875,133.5679931640625,167.4720001220703,133.44400024414062
17.1,29.57335983896499,30.55165620091898,30.483219960568398,15.657488647659566,45.5853219528178,46.74432586357411,152.23899841308594,133.5679931640625,167.89599609375,133.44400024414062
17.150000000000002,29.580092036784485,30.41478372306753,30.483219961430983,15.668489889600716,45.99631743622307,47.1663229339641,152.64999389648438,133.5679931640625,168.3179931640625,133.44400024414062
17.2,29.580019557815746,30.551656200210132,30.483219961912603,15.681489971187524,46.40732941221532,47.590335360424874,153.06100463867188,133.56900024414062,168.74200439453125,133.44500732421875
17.25,29.576960166970387,30.41478372211845,30.483219962088008,15.694490053179118,46.81731781554096,48.01332425209663,153.4709930419922,133.56900024414062,169.1649932861328,133.44500732421875
17.3,29.57339609649457,30.55165619974038,30.48321996214998,15.707490136130657,47.22832855773253,48.437335482592616,153.8820037841797,133.56900024414062,169.58900451660156,133.44500732421875
17.35,29.570333287244587,30.414783721495027,30.483219961910446,15.719491146695686,47.639325274977985,48.86032437425628,154.29299926757812,133.57000732421875,170.01199340820312,133.44500732421875
17.400000000000002,29.56792281015523,30.551656200094033,30.48321996175859,15.732506482667281,48.050320758378234,49.28433560475404,154.70399475097656,133.57000732421875,170.43600463867188,133.44500732421875
17.45,29.565436819834105,30.414783721624044,30.48321996144147,15.745483459827241,48.4603244204888,49.70732565922185,155.11399841308594,133.57000732421875,170.85899353027344,133.4459991455078
17.5,29.56072269186576,30.551656200481563,30.483219961359293,15.758498803643894,48.87131990388802,50.13133688972142,155.52499389648438,133.57000732421875,171.2830047607422,133.4459991455078
17.55,29.55082097949026,30.41478372196586,30.483219961171606,15.771491460918739,49.281324765631204,50.554325781381216,155.93499755859375,133.5709991455078,171.70599365234375,133.4459991455078
17.6,29.533146449665,30.55165620099687,30.4832199611794,15.784506799610552,49.692320249030224,50.978337011881706,156.3459930419922,133.5709991455078,172.1300048828125,133.4459991455078
17.650000000000002,29.50578336335717,30.41478372227216,30.48321996109986,15.797491622093883,50.10232391114023,51.40132590353963,156.75599670410156,133.5709991455078,172.55299377441406,133.4459991455078
17.7,29.467732639612496,30.551656201593122,30.48321996123816,15.812497871992237,50.51132049317226,51.825338330010865,157.1649932861328,133.5709991455078,172.9770050048828,133.44700622558594
17.75,29.418808857223198,30.41478372268072,30.483219961294388,15.826482415300621,50.92033357382171,52.24832722166817,157.57400512695312,133.57200622558594,173.39999389648438,133.44700622558594
17.8,29.359479006082083,30.551656202249227,30.483219961545274,15.84250364467773,51.32832307577613,52.67233845217152,157.98199462890625,133.57200622558594,173.82400512695312,133.44700622558594
17.85,29.291655359811287,30.41478372321259,30.483219961717026,15.858479099862999,51.73533601523077,53.09532734382697,158.38900756835938,133.57200622558594,174.2469940185547,133.44700622558594
17.900000000000002,29.21771027964184,30.551656202831992,30.483219961990823,15.876499170653473,52.14132661581831,53.51933857433131,158.7949981689453,133.57200622558594,174.67100524902344,133.44700622558594
17.95,29.14002298611388,30.41478372378176,30.483219962206597,15.892482116208853,52.54733247519483,53.94133681023565,159.2010040283203,133.57200622558594,175.09300231933594,133.447998046875
18.0,29.06049892753461,30.551656203524377,30.48321996251088,15.912493540832065,52.951325391900184,54.36533278195142,159.60499572753906,133.572998046875,175.51699829101562,133.447998046875
18.05,28.98068649559826,30.414783724635388,30.48321996277783,15.932497196687834,53.3543252698309,54.788336932392944,160.00799560546875,133.572998046875,175.94000244140625,133.447998046875
18.1,28.906923428434336,30.551656204326047,30.48321996311075,15.95448443602805,53.75633332647212,55.212332904109715,160.41000366210938,133.572998046875,176.36399841308594,133.447998046875
18.150000000000002,28.851411420834104,30.414783725283556,30.483219963411887,15.976486935311534,54.15733430303484,55.63533705455063,160.81100463867188,133.572998046875,176.78700256347656,133.447998046875
18.2,28.822215141186604,30.551656205147694,30.483219963767347,16.00048827706609,54.557328199519226,56.05933302626842,161.21099853515625,133.572998046875,177.21099853515625,133.447998046875
18.25,28.82268198457837,30.414783726027185,30.483219964101988,16.023490005047787,54.95732209600434,56.48233837552483,161.61099243164062,133.572998046875,177.63400268554688,133.44900512695312
18.3,28.851950210004965,30.55165620605124,30.483219964482192,16.04649212622757,55.35832433716532,56.90633434724262,162.01199340820312,133.57400512695312,178.05799865722656,133.44900512695312
18.35,28.906706750476133,30.414783726714237,30.483219964832358,16.068494633265235,55.759325313732184,57.32933849768237,162.41299438476562,133.57400512695312,178.4810028076172,133.44900512695312
18.400000000000002,28.98216225618659,30.551656206894663,30.48321996523863,16.090481884050085,56.161333370378884,57.75333446940118,162.81500244140625,133.57400512695312,178.90499877929688,133.44900512695312
18.45,29.06978514080722,30.414783727544844,30.48321996561494,16.11048555352939,56.56433324831531,58.176338619840344,163.21800231933594,133.57400512695312,179.3280029296875,133.44900512695312
18.5,29.160614677918286,30.551656207745374,30.48321996603704,16.12947451900654,56.96933202761888,58.60033575160386,163.6230010986328,133.57400512695312,179.7519989013672,133.4499969482422
18.55,29.24715956028753,30.414783728348404,30.483219966408342,16.146472308067487,57.375337886998906,59.02333990204246,164.0290069580078,133.57400512695312,180.1750030517578,133.4499969482422
18.6,29.32394721422757,30.551656208716416,30.48321996684738,16.164477148865732,57.781328487588155,59.4473358737618,164.43499755859375,133.57400512695312,180.5989990234375,133.4499969482422
18.650000000000002,29.382950741577755,30.414783729291017,30.483219967248125,16.17948372966607,58.189334453842314,59.870340024199834,164.84300231933594,133.5749969482422,181.02200317382812,133.4499969482422
18.7,29.41340696894729,30.551656209597382,30.48321996769309,16.1944826722024,58.59833103587374,60.29433599592022,165.2519989013672,133.5749969482422,181.4459991455078,133.4499969482422
18.75,29.410166041802253,30.41478373018027,30.483219968108397,16.20846682983646,59.006335796616106,60.71633426795781,165.66000366210938,133.5749969482422,181.8679962158203,133.4510040283203
18.8,29.373409910727478,30.551656210521482,30.48321996855542,16.224488090099687,59.41432529857085,61.14034549846725,166.0679931640625,133.5749969482422,182.29200744628906,133.4510040283203
18.85,29.308573377653904,30.414783731011006,30.4832199689851,16.239471783612245,59.822330059317146,61.563334390115635,166.4759979248047,133.5749969482422,182.71499633789062,133.4510040283203
18.900000000000002,29.224297883130696,30.55165621148668,30.4832199694443,16.25747663051575,60.22833591869838,61.98734562062561,166.8820037841797,133.5749969482422,183.13900756835938,133.4510040283203
18.95,29.130447095872807,30.414783731960352,30.48321996988585,16.275466219985923,60.633334698002365,62.41033451227344,167.28700256347656,133.5749969482422,183.56199645996094,133.4510040283203
19.0,29.0420654323964,30.55165621252778,30.483219970364093,16.29547002880757,61.037327652462196,62.83433164403853,167.6909942626953,133.5760040283203,183.98599243164062,133.45199584960938
19.05,28.972803420520666,30.41478373293309,30.483219970822557,16.315473722567482,61.440327530395855,63.257335794474855,168.093994140625,133.5760040283203,184.40899658203125,133.45199584960938
19.1,28.929530961926762,30.551656213509858,30.4832199713019,16.337461003423282,61.8423355870379,63.681331766195775,168.49600219726562,133.5760040283203,184.83299255371094,133.45199584960938
19.150000000000002,28.92153838337709,30.41478373390733,30.483219971763532,16.359463544115258,62.243336563600465,64.10433591663154,168.89700317382812,133.5760040283203,185.25599670410156,133.45199584960938
19.200000000000003,28.950734555818283,30.551656214571146,30.483219972260905,16.38146608676246,62.64532936145262,64.52833188835352,169.2989959716797,133.5760040283203,185.67999267578125,133.45199584960938
19.25,29.011214339122834,30.41478373494693,30.483219972737572,16.401462203231812,63.048329239385026,64.95133723760594,169.70199584960938,133.5760040283203,186.10299682617188,133.4530029296875
19.3,29.094950841607588,30.551656215483185,30.483219973233748,16.421458114592355,63.4523374148375,65.37533320932792,170.1060028076172,133.57699584960938,186.52699279785156,133.4530029296875
19.35,29.195101632549935,30.41478373592518,30.483219973725163,16.4404700243314,63.85632911406344,65.79833735976369,170.50999450683594,133.57699584960938,186.9499969482422,133.4530029296875
19.400000000000002,29.300869208754946,30.551656216527917,30.483219974229293,16.45745257421001,64.26334205352389,66.22233333148621,170.91700744628906,133.57699584960938,187.37399291992188,133.4530029296875
19.450000000000003,29.397638309658284,30.414783736910913,30.483219974724346,16.472466796806458,64.671331555483,66.64533748192198,171.3249969482422,133.57699584960938,187.7969970703125,133.4530029296875
19.5,29.47241071719208,30.55165621752871,30.483219975224436,16.488450126645578,65.07933631622848,67.06933461368871,171.73300170898438,133.57699584960938,188.2209930419922,133.45399475097656
19.55,29.51931902734002,30.414783737895263,30.483219975720658,16.50045845963166,65.48933997833879,67.49134694283552,172.14300537109375,133.57699584960938,188.64300537109375,133.45399475097656
19.6,29.530010176253956,30.551656218527615,30.483219976222436,16.5144731707668,65.89932961853403,67.91534291455804,172.55299377441406,133.5780029296875,189.06700134277344,133.45399475097656
19.650000000000002,29.502973543100666,30.4147837388569,30.483219976717397,16.527473292664492,66.30933328064444,68.33834706499326,172.96299743652344,133.5780029296875,189.49000549316406,133.45399475097656
19.700000000000003,29.442819945169916,30.551656219561753,30.483219977216457,16.541465208780117,66.71933694275738,68.76234303671524,173.3730010986328,133.5780029296875,189.91400146484375,133.45399475097656
19.75,29.358362489107783,30.41478373986829,30.483219977708597,16.556456664717455,67.12734170350599,69.1853483859671,173.781005859375,133.5780029296875,190.33700561523438,133.4550018310547
19.8,29.260515410807002,30.551656220609022,30.48321997822118,16.57345448717998,67.53433938417811,69.60934435768962,174.18800354003906,133.5780029296875,190.76100158691406,133.4550018310547
19.85,29.166661157959716,30.414783740819644,30.483219978710622,16.59146674529706,67.9393393779408,70.03234850812484,174.59300231933594,133.57899475097656,191.1840057373047,133.4550018310547
19.900000000000002,29.091133470798113,30.55165622163003,30.48321997922083,16.610463407855764,68.3443381572427,70.45634447984791,174.9980010986328,133.57899475097656,191.60800170898438,133.4550018310547
19.950000000000003,29.03364398436545,30.414783741816365,30.48321997971138,16.630467123487488,68.74733803517486,70.87934863028313,175.4010009765625,133.57899475097656,192.031005859375,133.4550018310547
20.0,28.998975179582303,30.551656222642297,30.483219980222735,16.65145527856345,69.15033791310515,71.30334576205038,175.8040008544922,133.57899475097656,192.4550018310547,133.45599365234375
20.05,28.995411453726447,30.414783743026284,30.48321998073584,16.671459005787884,69.55333779103485,71.72634991248559,176.20700073242188,133.57899475097656,192.8780059814453,133.45599365234375
20.1,29.02464196259377,30.55165622376361,30.483219981259435,16.692454528925026,69.95633766896542,72.15034588420865,176.61000061035156,133.57899475097656,193.302001953125,133.45599365234375
20.150000000000002,29.085626426437344,30.414783743908778,30.483219981764627,16.71145864879257,70.36034588216357,72.57335003464387,177.01400756835938,133.5800018310547,193.72500610351562,133.45599365234375
20.200000000000003,29.17242193542174,30.551656224719054,30.483219982280353,16.731462371294956,70.76433758138799,72.99734600636694,177.41799926757812,133.5800018310547,194.1490020751953,133.45599365234375
20.25,29.277760336502357,30.41478374507899,30.483219982801423,16.74846019582049,71.17034344077032,73.42035015680216,177.82400512695312,133.5800018310547,194.57200622558594,133.45599365234375
20.3,29.401957483220194,30.55165622583122,30.483219983323643,16.76445880816665,71.57833294273192,73.8443473245376,178.23199462890625,133.5800018310547,194.99600219726562,133.45700073242188
20.35,29.53951333393905,30.414783745974397,30.483219983839113,16.777443688346008,71.98734478356121,74.26634439489477,178.64100646972656,133.5800018310547,195.41799926757812,133.45700073242188
20.400000000000002,29.678222762728275,30.551656226811186,30.48321998435723,16.78945203300729,72.39933208825641,74.69034036661783,179.05299377441406,133.5800018310547,195.8419952392578,133.45700073242188
20.450000000000003,29.80303448758697,30.414783747061335,30.483219984881725,16.79945356283639,72.81234292271863,75.11334451705304,179.46600341796875,133.58099365234375,196.26499938964844,133.45700073242188
20.5,29.894870051266405,30.55165622791943,30.483219985409438,16.808456003443176,73.2273362088537,75.5373404887761,179.88099670410156,133.58099365234375,196.68899536132812,133.45700073242188
20.55,29.940339838085322,30.414783748061467,30.483219985912957,16.816444107585596,73.64234475377572,75.96034580197545,180.29600524902344,133.58099365234375,197.11199951171875,133.45799255371094
20.6,29.93454460706189,30.55165622892589,30.483219986429184,16.824439499375128,74.05834511998751,76.38434177369852,180.71200561523438,133.58099365234375,197.53599548339844,133.45799255371094
20.650000000000002,29.882198175955406,30.414783749155948,30.483219986953902,16.83144309629656,74.47434548620316,76.80734592413374,181.1280059814453,133.58099365234375,197.95899963378906,133.45799255371094
20.700000000000003,29.792093048362673,30.551656230037217,30.483219987485718,16.841444721772735,74.88834817594208,77.2313418958568,181.54200744628906,133.58200073242188,198.38299560546875,133.45799255371094
20.75,29.678116620832093,30.41478375023794,30.48321998800161,16.85145421601491,75.30134256072162,77.65434604629145,181.9550018310547,133.58200073242188,198.80599975585938,133.45799255371094
20.8,29.552978739652893,30.551656231095592,30.48321998852805,16.86444697737819,75.71233804413471,78.07834321402689,182.36599731445312,133.58200073242188,199.22999572753906,133.45899963378906
20.85,29.423343317049778,30.414783751217275,30.483219989052337,16.87845417329052,76.12133462617943,78.5013473644621,182.77499389648438,133.58200073242188,199.6529998779297,133.45899963378906
20.900000000000002,29.303932048518536,30.55165623210858,30.48321998958208,16.894444960059033,76.52933938693164,78.92534333618573,183.18299865722656,133.58200073242188,200.07699584960938,133.45899963378906
20.950000000000003,29.205219723800028,30.41478375232568,30.483219990108513,16.911450043696092,76.93534645775806,79.34834748662095,183.58900451660156,133.58299255371094,200.5,133.45899963378906
21.0,29.137396179962614,30.551656233190982,30.48321999063567,16.930446726118166,77.3403452370569,79.77234345834403,183.99400329589844,133.58299255371094,200.9239959716797,133.45899963378906
21.05,29.110719908201965,30.41478375329718,30.48321999115924,16.948444276966786,77.74534401635384,80.19534880759535,184.3990020751953,133.58299255371094,201.3470001220703,133.4600067138672
21.1,29.129763975204664,30.55165623428633,30.483219991695286,16.96844802349073,78.14933571557354,80.61934477931844,184.80299377441406,133.58299255371094,201.77099609375,133.4600067138672
21.150000000000002,29.19265385026252,30.41478375438164,30.48321999221785,16.9854458683868,78.55433449487474,81.04134184967508,185.20799255371094,133.58299255371094,202.1929931640625,133.4600067138672
21.200000000000003,29.290143845804337,30.47511950394485,30.47556631960861,17.002443713640115,78.96034035425878,81.46434600178199,185.61399841308594,133.58299255371094,202.61599731445312,133.4600067138672
21.25,29.409661478289593,30.413812133382567,30.47546915792308,17.01745001926122,79.36834635790164,81.88735015217596,186.02200317382812,133.58399963378906,203.03900146484375,133.4600067138672
21.3,29.53699316841854,30.551728325036777,30.475476367317196,17.031434766082782,79.77835002002382,82.3113472839755,186.4320068359375,133.58399963378906,203.46299743652344,133.46099853515625
21.35,29.6599715404803,30.414783744817804,30.47547636667725,17.043443120101546,80.18934550343299,82.73435143438542,186.84300231933594,133.58399963378906,203.88600158691406,133.46099853515625
21.400000000000002,29.768080597439564,30.551656228715103,30.475476366337897,17.05444442087645,80.60233988820606,83.1583474061444,187.25599670410156,133.58399963378906,204.30999755859375,133.46099853515625
21.450000000000003,29.842849568153508,30.41478374657632,30.47547636576296,17.063446872354124,81.01634135305294,83.5813515565548,187.6699981689453,133.58399963378906,204.73300170898438,133.46099853515625
21.5,29.871578920310856,30.551656230434265,30.475476365487292,17.07243406588156,81.4313498979751,84.0053475283132,188.0850067138672,133.58399963378906,205.15699768066406,133.46099853515625
21.55,29.859806427045694,30.4147837490234,30.475476365059915,17.080444722234443,81.84634440606642,84.42835287754285,188.5,133.5850067138672,205.5800018310547,133.46200561523438
21.6,29.809444399371664,30.55165623230735,30.475476364862022,17.09043897017957,82.26034587091343,84.85234884929744,188.91400146484375,133.5850067138672,206.00399780273438,133.46200561523438
21.650000000000002,29.73557157382669,30.414783751163377,30.475476364540196,17.100448476588166,82.67334025568563,85.275352999712,189.32699584960938,133.5850067138672,206.427001953125,133.46200561523438
21.700000000000003,29.65363406399499,30.55165623460573,30.483130037606287,17.111434520776942,83.08634989924843,85.6993489714589,189.74000549316406,133.5850067138672,206.8509979248047,133.46200561523438
21.75,29.574326383427064,30.414783753155405,30.48322719958357,17.123442877605978,83.49734538265436,86.12235312187553,190.1510009765625,133.5850067138672,207.2740020751953,133.46200561523438
21.8,29.504233488695412,30.55165623632031,30.483219990711923,17.137434826567098,83.90735024440234,86.54635025366399,190.56100463867188,133.58599853515625,207.697998046875,133.46299743652344
21.85,29.447138802012446,30.41478375506193,30.483219991736338,17.150434980128193,84.31634682643671,86.96834732400471,190.97000122070312,133.58599853515625,208.1199951171875,133.46299743652344
21.900000000000002,29.40969936371004,30.551656237955232,30.48321999266035,17.165449242857616,84.72534340846907,87.39235855453408,191.37899780273438,133.58599853515625,208.54400634765625,133.46299743652344
21.950000000000003,29.401384020453058,30.41478375693283,30.483219993696004,17.180432989264705,85.13334816921135,87.8153474461652,191.78700256347656,133.58599853515625,208.9669952392578,133.46299743652344
22.0,29.425468078427084,30.551656239611347,30.483219994613712,17.19544725336408,85.54234475124294,88.23935867669273,192.1959991455078,133.58599853515625,209.39100646972656,133.46299743652344
22.05,29.47845994742451,30.414783758672467,30.483219995578615,17.20943920517703,85.95134257315048,88.66234876718555,192.60499572753906,133.58700561523438,209.81399536132812,133.46400451660156
22.1,29.55452657325915,30.551656241109725,30.483219996458853,17.223446416194484,86.36134623526377,89.0863599977111,193.01499938964844,133.58700561523438,210.23800659179688,133.46400451660156
22.150000000000002,29.648126722498407,30.41478376034461,30.483219997376978,17.23543951871146,86.77234171866778,89.50934888934536,193.42599487304688,133.58700561523438,210.66099548339844,133.46400451660156
22.200000000000003,29.749970072961343,30.551656242647567,30.483219998181163,17.246440825809053,87.18535136222881,89.9333601198697,193.83900451660156,133.58700561523438,211.0850067138672,133.46400451660156
22.25,29.8461623440466,30.41478376196799,30.483219999062424,17.2554280240504,87.5993528270779,90.35634901150455,194.2530059814453,133.58700561523438,211.50799560546875,133.46400451660156
22.3,29.918308285598986,30.551656244224873,30.483219999852885,17.264452834297035,88.0143472984234,90.78036024202834,194.66799926757812,133.58799743652344,211.9320068359375,133.46400451660156
22.35,29.953660303666705,30.28118656747737,30.46986028109443,17.270442291041746,88.43034766463504,91.20235847872465,195.08399963378906,133.58799743652344,212.35400390625,133.46499633789062
22.400000000000002,29.945884078272464,30.0545660444967,30.42015126174858,17.273432936623212,88.84634803084603,91.6213495760502,195.5,133.58799743652344,212.7729949951172,133.46499633789062
22.450000000000003,29.89670650625934,29.353829591601585,30.314055845215456,17.27044228917808,89.26134131698072,92.03335214370412,195.9149932861328,133.58799743652344,213.18499755859375,133.46499633789062
22.5,29.813835192579276,25.596424589054646,29.818532680159784,17.233440671652442,89.67634986190791,92.41135861464588,196.3300018310547,133.58799743652344,213.56300354003906,133.46499633789062
22.55,29.708101967664785,24.624451470811046,29.239499451373643,17.182454338073075,90.08934547455432,92.77335813663956,196.7429962158203,133.58900451660156,213.9250030517578,133.46499633789062
22.6,29.599453905537548,24.131926975533517,28.597526524816022,17.126448968523594,90.50134803804026,93.12937440251319,197.15499877929688,133.58900451660156,214.281005859375,133.46600341796875
22.650000000000002,29.499769990554373,23.50377400958628,27.906425549740185,17.06344927595677,90.91135170015714,93.47643569540267,197.56500244140625,133.58900451660156,214.6280059814453,133.46600341796875
22.700000000000003,29.398575465405344,22.770694518012824,27.128329377276714,16.99345203176205,91.32034828219378,93.81557166393233,197.9739990234375,133.58900451660156,214.9669952392578,133.46600341796875
22.75,29.29356320164644,21.96370973008392,26.283221974088303,16.916477578562297,91.72734596286178,94.14582329663705,198.38099670410156,133.58900451660156,215.2969970703125,133.46600341796875
22.8,29.188657377171644,21.10555601712541,25.338611951378358,16.830523354888847,92.13335303368508,94.46617372969924,198.78700256347656,133.58999633789062,215.61700439453125,133.46600341796875
22.85,29.084149827144323,20.457364016620378,24.356229696292658,16.74454586238613,92.53835181298368,94.78523378830086,199.19200134277344,133.58999633789062,215.93600463867188,133.46600341796875
22.900000000000002,28.982557104348704,19.6827780622597,23.31905089806896,16.65055531372951,92.94135169091442,95.09426090699542,199.59500122070312,133.58999633789062,216.2449951171875,133.46600341796875
22.950000000000003,28.87621280075919,18.948460509662457,22.278513989875044,16.54559068793085,93.34334448876662,95.39129298080941,199.9969940185547,133.58999633789062,216.54200744628906,133.46600341796875
23.0,28.749818458643357,18.19615974088573,21.53848750505815,16.432574083038244,93.74335364404085,95.67829126934963,200.39700317382812,133.58999633789062,216.82899475097656,133.4669952392578
23.05,28.601281509954777,17.422509752711658,20.818293333248214,16.309598310165512,94.14134863915928,95.95330422193204,200.7949981689453,133.58999633789062,217.10400390625,133.4669952392578
23.1,28.42895056866482,16.65248785204198,20.07034942089906,16.17760283886698,94.53734473291168,96.21729794469678,201.1909942626953,133.58999633789062,217.3679962158203,133.4669952392578
23.150000000000002,28.24401795640759,15.813352425356651,19.301307262476097,16.036610542102753,94.93035139433265,96.46929699918789,201.58399963378906,133.59100341796875,217.6199951171875,133.4669952392578
23.200000000000003,28.04788958585482,14.979422640579518,18.522180074732766,15.88561519712453,95.32135786406282,96.70930249758054,201.97500610351562,133.59100341796875,217.86000061035156,133.4669952392578
23.25,27.810650029227755,14.131266072689693,17.738935708993345,15.726623627115597,95.708351272271,96.93729952138516,202.36199951171875,133.59100341796875,218.08799743652344,133.4669952392578
23.3,27.522900816569663,13.261979026480091,16.954578009928817,15.558628973748034,96.09235395782667,97.15330353554748,202.74600219726562,133.59100341796875,218.3040008544922,133.4669952392578
23.35,27.19623767007543,12.388962105313489,16.147737818798127,15.382623219849451,96.47235884065265,97.35729938745828,203.12600708007812,133.59100341796875,218.50799560546875,133.4669952392578
23.400000000000002,26.84268031992003,11.498904980722234,15.32935051064438,15.198637031772687,96.84735884067021,97.54831059303443,203.50100708007812,133.59100341796875,218.69900512695312,133.4669952392578
23.450000000000003,26.473105263020788,10.607427060951641,14.495247165773298,15.007647066838556,97.21634687779813,97.72630668138412,203.8699951171875,133.59100341796875,218.8769989013672,133.4669952392578
23.5,26.097372722288007,9.704082059399797,13.646039397624708,14.808646370892053,97.58135237097908,97.8923100590156,204.23500061035156,133.59100341796875,219.04299926757812,133.4669952392578
23.55,25.72473692217082,8.79651041341967,12.783439463695508,14.602665779684356,97.94034727135704,98.04531374371591,204.593994140625,133.5919952392578,219.1959991455078,133.4669952392578
23.6,25.36020019646023,7.879325840646336,11.906123262555942,14.388666276161013,98.29435117761601,98.18531786969349,204.947998046875,133.5919952392578,219.33599853515625,133.4669952392578
23.650000000000002,25.005636998098247,6.958101358408564,11.020598155861133,14.16566449599146,98.64435728113706,98.31232259340264,205.29800415039062,133.5919952392578,219.46299743652344,133.4669952392578
23.700000000000003,24.659280934697833,6.030689797613664,10.125724871564548,13.935674568975243,98.98835142176463,98.42632814299971,205.64199829101562,133.5919952392578,219.57699584960938,133.4669952392578
23.75,24.313896497147873,5.099987973310315,9.222597061626612,13.696682503514191,99.3283477596564,98.52733481271005,205.98199462890625,133.5919952392578,219.67799377441406,133.4669952392578
23.8,23.96016074583913,4.165090272458669,8.312908186224469,13.449695402118113,99.66335447352421,98.61535829958153,206.31700134277344,133.5919952392578,219.76600646972656,133.4669952392578
23.85,23.58954039311628,3.246014321458375,7.3986134078389565,13.194698130204923,99.99234922450165,98.68936162625714,206.64599609375,133.5919952392578,219.83999633789062,133.4669952392578
23.900000000000002,23.19490804964486,0.5822250469346771,6.306945414460202,12.879703462957224,100.31734617274515,98.70122551924763,206.9709930419922,133.5919952392578,219.85000610351562,133.4669952392578
23.950000000000003,22.793616962041213,0.8375655513815499,5.329959263503193,12.563680899827272,100.6353545955989,98.71055731900138,207.28900146484375,133.5919952392578,219.8520050048828,133.4669952392578
24.0,22.38768072579785,0.9356392880539883,4.453114986368613,12.253672838963977,100.94934995692896,98.72184919825776,207.60299682617188,133.5919952392578,219.8560028076172,133.4669952392578
24.05,21.90283175696661,0.9128153661775813,3.664745481644404,11.949654589957612,101.2563567928715,98.73289171034511,207.91000366210938,133.5919952392578,219.85899353027344,133.4669952392578
24.1,21.309228429085827,0.8073363771616142,2.9575465352959314,11.654679189966002,101.55535276456831,98.74323152896956,208.20899963378906,133.5919952392578,219.86300659179688,133.4669952392578
24.150000000000002,20.630087932464143,0.6542975506266632,2.327166154517741,11.368698739329757,101.84534605074101,98.7518931138563,208.49899291992188,133.5919952392578,219.86700439453125,133.4669952392578
24.200000000000003,19.892664957273603,0.4831856185584648,1.772415736612221,11.090702735202296,102.12635191018072,98.75816565379009,208.77999877929688,133.5919952392578,219.8699951171875,133.4669952392578
24.25,19.12579175716439,0.3169099859555122,1.2941079378767406,10.823724445774689,102.39635618271942,98.76267730318422,209.0500030517578,133.5919952392578,219.8730010986328,133.4669952392578
24.3,18.354599569617662,0.17263132837899806,0.8948620434687736,10.566751787729116,102.65536082625012,98.76516019396513,209.3090057373047,133.59300231933594,219.875,133.4669952392578
24.35,17.597453573916173,0.07073997207906844,0.5773346085308428,10.319775969642723,102.90435376291815,98.76715929850086,209.55799865722656,133.59300231933594,219.8769989013672,133.4669952392578
24.400000000000002,16.861214139496802,0.07217281943435347,0.5263293857808106,10.082793646750444,103.14236039679285,98.76864876030842,209.79600524902344,133.59300231933594,219.8780059814453,133.4669952392578
24.450000000000003,16.14416441340389,0.11628789950965726,0.45420162059362135,9.855805246008446,103.37035723269342,98.77066186356775,210.0240020751953,133.59300231933594,219.87899780273438,133.4669952392578
24.5,15.438527670404165,0.141741961254204,0.3748118879136429,9.63882658134047,103.58835955325503,98.7729460278047,210.24200439453125,133.59300231933594,219.8800048828125,133.4669952392578
24.55,14.72842808246776,0.14659257684626115,0.29818960898051083,9.42984398612953,103.79735918704478,98.77501202770375,210.4510040283203,133.59300231933594,219.8800048828125,133.4669952392578
24.6,14.031720702340207,0.1356022674784787,0.23101619801219728,9.230871510036222,103.99634905560465,98.77689336775668,210.64999389648438,133.59300231933594,219.8800048828125,133.4669952392578
24.650000000000002,13.355424682917562,0.11436747329088988,0.17702319027861996,9.040871531027529,104.18535967654705,98.77875993524742,210.83900451660156,133.59300231933594,219.87899780273438,133.4669952392578
24.700000000000003,12.66314439089072,0.08799550331088521,0.13750417875386198,8.860896602674893,104.36535235329089,98.77996281518665,211.0189971923828,133.59300231933594,219.87899780273438,133.4669952392578
24.75,11.946816038477651,0.06068409067469843,0.11188158922578059,8.690915994980857,104.53535052311841,98.7807906091499,211.18899536132812,133.59300231933594,219.87899780273438,133.4669952392578
24.8,11.208564767168287,0.03551244031993218,0.09816970041987402,8.531921240828696,104.69436236463831,98.78127469415142,211.34800720214844,133.59300231933594,219.87899780273438,133.4669952392578
24.85,10.453572272778114,0.014647937180900438,0.09256049693005722,8.380952323191153,104.84435626161648,98.78228552651427,211.4980010986328,133.59300231933594,219.8780059814453,133.4669952392578
24.900000000000002,9.847404167194076,0.005020947285900347,0.0858453097152119,8.240969025950779,104.98435565167765,98.78231257351882,211.63800048828125,133.59300231933594,219.8780059814453,133.4669952392578
24.950000000000003,9.169956260996198,0.014231717537789262,0.0756396915180251,8.109987855998803,105.11535235613539,98.78249354250448,211.7689971923828,133.59300231933594,219.8780059814453,133.4669952392578
25.0,8.3334606401241,0.020439462964686735,0.06350944168907337,7.989992146752629,105.23536273226698,98.78276553034385,211.88900756835938,133.59300231933594,219.8780059814453,133.4669952392578
25.05,7.46038825735132,0.022834395849521467,0.0511336235893994,7.881012325315869,105.34435626258309,98.78307516951764,211.9980010986328,133.59300231933594,219.8780059814453,133.4669952392578
25.1,6.603552004361004,0.0,0.03757339684155153,7.785031705684079,105.44034930458355,98.78307516951764,212.093994140625,133.59300231933594,219.8780059814453,133.4669952392578
25.150000000000002,5.775768205636591,0.0,0.026136649512462546,7.70003625096029,105.52535601845238,98.78307516951764,212.1790008544922,133.59300231933594,219.8780059814453,133.4669952392578
25.200000000000003,4.9690803124449054,0.0,0.017337099181374025,7.626041130358951,105.59936114540695,98.78307516951764,212.2530059814453,133.59300231933594,219.8780059814453,133.4669952392578
25.25,4.169627944583614,0.0,0.01126869011390418,7.564053203763319,105.66135760537024,98.78307516951764,212.31500244140625,133.59300231933594,219.8780059814453,133.4669952392578
25.3,3.5814997427476403,0.0,0.007717446081910964,7.511066835393613,105.71435137983038,98.78307516951764,212.3679962158203,133.59300231933594,219.8780059814453,133.4669952392578
25.35,1.4050442164348724,0.0,0.0062526523638209205,7.476068121950963,105.7493550425414,98.78307516951764,212.4029998779297,133.59300231933594,219.8780059814453,133.4669952392578
25.400000000000002,6.473981107323758e-05,0.0,0.005750557635230886,7.472070885623171,105.75335288929236,98.78307516951764,212.40699768066406,133.59300231933594,219.8780059814453,133.4669952392578
25.450000000000003,3.826858563607224e-05,0.0,0.00432738588145196,7.472070885623171,105.75335288929236,98.78307516951764,212.40699768066406,133.59300231933594,219.8780059814453,133.4669952392578
25.5,3.374661476650025e-05,0.0,0.002283439584983286,7.47207088673079,105.7533644393221,98.78307516951764,212.40699768066406,133.59300231933594,219.8780059814453,133.4669952392578
25.55,3.229623390951925e-05,0.0,3.113932722786927e-14,7.472070888368799,105.75338118939143,98.78307516951764,212.40699768066406,133.59300231933594,219.8780059814453,133.4669952392578
25.6,2.9526202393666918e-05,0.0,3.113932722786927e-14,7.472070890136453,105.75339884936292,98.78307516951764,212.40699768066406,133.59300231933594,219.8780059814453,133.4669952392578
25.650000000000002,2.469838133184847e-05,0.0,3.113932722786927e-14,7.472070891839165,105.75341547929165,98.78307516951764,212.40699768066406,133.59300231933594,219.8780059814453,133.4669952392578
25.700000000000003,2.082576626995909e-05,0.0,3.113932722786927e-14,7.472070893382482,105.75343024936919,98.78307516951764,212.40699768066406,133.59300231933594,219.8780059814453,133.4669952392578
25.75,1.7035996059542076e-05,0.0,3.113932722786927e-14,7.472070894708191,105.7534427193128,98.78307516951764,212.40699768066406,133.59300231933594,219.8780059814453,133.4669952392578
25.8,1.5217430087901908e-06,0.0,3.113932722786927e-14,7.472070895434479,105.75344946930599,98.78307516951764,212.40699768066406,133.59300231933594,219.8780059814453,133.4669952392578
25.85,6.659919815196712e-06,0.0,3.113932722786927e-14,7.472070895814563,105.75345297934436,98.78307516951764,212.40699768066406,133.59300231933594,219.8780059814453,133.4669952392578
25.900000000000002,8.398422180248268e-06,0.0,3.113932722786927e-14,7.4720708963501075,105.7534578994051,98.78307516951764,212.40699768066406,133.59300231933594,219.8780059814453,133.4669952392578
25.950000000000003,8.64528214928467e-06,0.0,3.113932722786927e-14,7.472070896927323,105.7534631692939,98.78307516951764,212.40699768066406,133.59300231933594,219.8780059814453,133.4669952392578
26.0,9.676487664584863e-06,0.0,3.113932722786927e-14,7.472070897469577,105.75346808935464,98.78307516951764,212.40699768066406,133.59300231933594,219.8780059814453,133.4669952392578
26.05,7.802130228367755e-06,0.0,3.113932722786927e-14,7.472070897951698,105.75347243932956,98.78307516951764,212.40699768066406,133.59300231933594,219.8780059814453,133.4669952392578
26.1,7.925942594979477e-06,0.0,3.113932722786927e-14,7.472070898359307,105.75347609931086,98.78307516951764,212.40699768066406,133.59300231933594,219.8780059814453,133.4669952392578
26.150000000000002,7.673533532706187e-06,0.0,3.113932722786927e-14,7.472070898700362,105.75347914939229,98.78307516951764,212.40699768066406,133.59300231933594,219.8780059814453,133.4669952392578
26.200000000000003,5.1045556679634005e-06,0.0,3.113932722786927e-14,7.472070898978588,105.75348162938789,98.78307516951764,212.40699768066406,133.59300231933594,219.8780059814453,133.4669952392578
26.25,2.6109159341855475e-06,0.0,3.113932722786927e-14,7.472070898978588,105.75348162938789,98.78307516951764,212.40699768066406,133.59300231933594,219.8780059814453,133.4669952392578
26.3,1.6256748953648173e-06,0.0,3.113932722786927e-14,7.47207089913713,105.75348303929385,98.78307516951764,212.40699768066406,133.59300231933594,219.8780059814453,133.4669952392578
26.35,3.4240935260284137e-06,0.0,3.113932722786927e-14,7.472070899257638,105.75348410938349,98.78307516951764,212.40699768066406,133.59300231933594,219.8780059814453,133.4669952392578
26.400000000000002,2.5162710298999994e-06,0.0,3.113932722786927e-14,7.472070899378285,105.75348517935672,98.78307516951764,212.40699768066406,133.59300231933594,219.8780059814453,133.4669952392578
26.450000000000003,2.732102244658733e-06,0.0,3.113932722786927e-14,7.472070899378285,105.75348517935672,98.78307516951764,212.40699768066406,133.59300231933594,219.8780059814453,133.4669952392578
26.5,3.625508169597145e-06,0.0,3.113932722786927e-14,7.472070899575936,105.75348692931183,98.78307516951764,212.40699768066406,133.59300231933594,219.8780059814453,133.4669952392578
26.55,4.613381260827376e-06,0.0,3.113932722786927e-14,7.472070899575936,105.75348692931183,98.78307516951764,212.40699768066406,133.59300231933594,219.8780059814453,133.4669952392578
26.6,6.3212694631404785e-06,0.0,3.113932722786927e-14,7.472070899713977,105.7534881493444,98.78307516951764,212.40699768066406,133.59300231933594,219.8780059814453,133.4669952392578
26.650000000000002,9.026827001905585e-07,0.0,3.113932722786927e-14,7.472070899713977,105.7534881493444,98.78307516951764,212.40699768066406,133.59300231933594,219.8780059814453,133.4669952392578
26.700000000000003,1.5694118434410634e-06,0.0,3.113932722786927e-14,7.472070899713977,105.7534881493444,98.78307516951764,212.40699768066406,133.59300231933594,219.8780059814453,133.4669952392578
26.75,2.1564477458562e-06,0.0,3.113932722786927e-14,7.472070899713977,105.7534881493444,98.78307516951764,212.40699768066406,133.59300231933594,219.8780059814453,133.4669952392578
26.8,2.797963672377184e-06,0.0,3.113932722786927e-14,7.472070899713977,105.7534881493444,98.78307516951764,212.40699768066406,133.59300231933594,219.8780059814453,133.4669952392578
26.85,4.060010310809829e-06,0.0,3.113932722786927e-14,7.472070899835203,105.75348921931763,98.78307516951764,212.40699768066406,133.59300231933594,219.8780059814453,133.4669952392578
26.900000000000002,4.640935538345661e-06,0.0,3.113932722786927e-14,7.472070899835203,105.75348921931763,98.78307516951764,212.40699768066406,133.59300231933594,219.8780059814453,133.4669952392578
26.950000000000003,1.932935742410944e-06,0.0,3.113932722786927e-14,7.472070899835203,105.75348921931763,98.78307516951764,212.40699768066406,133.59300231933594,219.8780059814453,133.4669952392578
27.0,4.054113268930808e-06,0.0,3.113932722786927e-14,7.472070899835203,105.75348921931763,98.78307516951764,212.40699768066406,133.59300231933594,219.8780059814453,133.4669952392578
27.05,0.0,0.0,3.113932722786927e-14,7.472070899835203,105.75348921931763,98.78307516951764,212.40699768066406,133.59300231933594,219.8780059814453,133.4669952392578
27.1,2.1994846884204483e-06,0.0,3.113932722786927e-14,7.472070899835203,105.75348921931763,98.78307516951764,212.40699768066406,133.59300231933594,219.8780059814453,133.4669952392578
27.150000000000002,2.506696540875124e-06,0.0,3.113932722786927e-14,7.472070899835203,105.75348921931763,98.78307516951764,212.40699768066406,133.59300231933594,219.8780059814453,133.4669952392578
27.200000000000003,2.8155779850588432e-06,0.0,3.113932722786927e-14,7.472070899835203,105.75348921931763,98.78307516951764,212.40699768066406,133.59300231933594,219.8780059814453,133.4669952392578
27.25,1.9247940051371405e-06,0.0,3.113932722786927e-14,7.472070899835203,105.75348921931763,98.78307516951764,212.40699768066406,133.59300231933594,219.8780059814453,133.4669952392578
27.3,4.87560958690881e-06,0.0,3.113932722786927e-14,7.472070899835203,105.75348921931763,98.78307516951764,212.40699768066406,133.59300231933594,219.8780059814453,133.4669952392578
27.35,2.6787680252424658e-06,0.0,3.113932722786927e-14,7.472070899835203,105.75348921931763,98.78307516951764,212.40699768066406,133.59300231933594,219.8780059814453,133.4669952392578
27.400000000000002,4.943801643028483e-06,0.0,3.113932722786927e-14,7.472070899835203,105.75348921931763,98.78307516951764,212.40699768066406,133.59300231933594,219.8780059814453,133.4669952392578
27.450000000000003,4.6693054260800805e-06,0.0,3.113932722786927e-14,7.472070899835203,105.75348921931763,98.78307516951764,212.40699768066406,133.59300231933594,219.8780059814453,133.4669952392578
27.5,2.0609305632267088e-07,0.0,3.113932722786927e-14,7.472070899835203,105.75348921931763,98.78307516951764,212.40699768066406,133.59300231933594,219.8780059814453,133.4669952392578
27.55,9.105090402566065e-08,0.0,3.113932722786927e-14,7.472070899835203,105.75348921931763,98.78307516951764,212.40699768066406,133.59300231933594,219.8780059814453,133.4669952392578
27.6,1.1674538470230616e-06,0.0,3.113932722786927e-14,7.472070899835203,105.75348921931763,98.78307516951764,212.40699768066406,133.59300231933594,219.8780059814453,133.4669952392578
27.650000000000002,9.97951396171906e-07,0.0,3.113932722786927e-14,7.472070899835203,105.75348921931763,98.78307516951764,212.40699768066406,133.59300231933594,219.8780059814453,133.4669952392578
27.700000000000003,1.3390825109177745e-06,0.0,3.113932722786927e-14,7.472070899835203,105.75348921931763,98.78307516951764,212.40699768066406,133.59300231933594,219.8780059814453,133.4669952392578
27.75,1.0648070514189486e-06,0.0,3.113932722786927e-14,7.472070899835203,105.75348921931763,98.78307516951764,212.40699768066406,133.59300231933594,219.8780059814453,133.4669952392578
27.8,3.4345457853591766e-06,0.0,3.113932722786927e-14,7.472070899835203,105.75348921931763,98.78307516951764,212.40699768066406,133.59300231933594,219.8780059814453,133.4669952392578
27.85,3.913835154381585e-06,0.0,3.113932722786927e-14,7.472070899835203,105.75348921931763,98.78307516951764,212.40699768066406,133.59300231933594,219.8780059814453,133.4669952392578
27.900000000000002,6.865934249285557e-08,0.0,3.113932722786927e-14,7.472070899835203,105.75348921931763,98.78307516951764,212.40699768066406,133.59300231933594,219.8780059814453,133.4669952392578
27.950000000000003,1.6821296705234892e-06,0.0,3.113932722786927e-14,7.472070899835203,105.75348921931763,98.78307516951764,212.40699768066406,133.59300231933594,219.8780059814453,133.4669952392578
28.0,2.0620959322636494e-06,0.0,3.113932722786927e-14,7.472070899835203,105.75348921931763,98.78307516951764,212.40699768066406,133.59300231933594,219.8780059814453,133.4669952392578
28.05,1.7852830898859143e-06,0.0,3.113932722786927e-14,7.472070899835203,105.75348921931763,98.78307516951764,212.40699768066406,133.59300231933594,219.8780059814453,133.4669952392578
28.1,2.1971734282720188e-06,0.0,3.113932722786927e-14,7.472070899835203,105.75348921931763,98.78307516951764,212.40699768066406,133.59300231933594,219.8780059814453,133.4669952392578
28.150000000000002,2.5746846211326023e-06,0.0,3.113932722786927e-14,7.472070899835203,105.75348921931763,98.78307516951764,212.40699768066406,133.59300231933594,219.8780059814453,133.4669952392578
28.200000000000003,2.9527492416565915e-06,0.0,3.113932722786927e-14,7.472070899835203,105.75348921931763,98.78307516951764,212.40699768066406,133.59300231933594,219.8780059814453,133.4669952392578
28.25,2.6784276195738313e-06,0.0,3.113932722786927e-14,7.472070899835203,105.75348921931763,98.78307516951764,212.40699768066406,133.59300231933594,219.8780059814453,133.4669952392578
28.3,3.123929877609088e-06,0.0,3.113932722786927e-14,7.472070899835203,105.75348921931763,98.78307516951764,212.40699768066406,133.59300231933594,219.8780059814453,133.4669952392578
28.35,3.4351724589037595e-07,0.0,3.113932722786927e-14,7.472070899835203,105.75348921931763,98.78307516951764,212.40699768066406,133.59300231933594,219.8780059814453,133.4669952392578
28.400000000000002,6.872980539585026e-07,0.0,3.113932722786927e-14,7.472070899835203,105.75348921931763,98.78307516951764,212.40699768066406,133.59300231933594,219.8780059814453,133.4669952392578
28.450000000000003,1.0307079617402622e-06,0.0,3.113932722786927e-14,7.472070899835203,105.75348921931763,98.78307516951764,212.40699768066406,133.59300231933594,219.8780059814453,133.4669952392578
28.5,1.3739897658433572e-06,0.0,3.113932722786927e-14,7.472070899835203,105.75348921931763,98.78307516951764,212.40699768066406,133.59300231933594,219.8780059814453,133.4669952392578
28.55,1.7170489958555058e-06,0.0,3.113932722786927e-14,7.472070899835203,105.75348921931763,98.78307516951764,212.40699768066406,133.59300231933594,219.8780059814453,133.4669952392578
28.6,2.06012905773244e-06,0.0,3.113932722786927e-14,7.472070899835203,105.75348921931763,98.78307516951764,212.40699768066406,133.59300231933594,219.8780059814453,133.4669952392578
28.650000000000002,2.403254801824394e-06,0.0,3.113932722786927e-14,7.472070899835203,105.75348921931763,98.78307516951764,212.40699768066406,133.59300231933594,219.8780059814453,133.4669952392578
28.700000000000003,2.677682437168941e-06,0.0,3.113932722786927e-14,7.472070899835203,105.75348921931763,98.78307516951764,212.40699768066406,133.59300231933594,219.8780059814453,133.4669952392578
28.75,1.030191980691584e-07,0.0,3.113932722786927e-14,7.472070899835203,105.75348921931763,98.78307516951764,212.40699768066406,133.59300231933594,219.8780059814453,133.4669952392578
28.8,3.436023338871487e-07,0.0,3.113932722786927e-14,7.472070899835203,105.75348921931763,98.78307516951764,212.40699768066406,133.59300231933594,219.8780059814453,133.4669952392578
28.85,6.869880626829704e-07,0.0,3.113932722786927e-14,7.472070899835203,105.75348921931763,98.78307516951764,212.40699768066406,133.59300231933594,219.8780059814453,133.4669952392578
28.900000000000002,1.0303158450599768e-06,0.0,3.113932722786927e-14,7.472070899835203,105.75348921931763,98.78307516951764,212.40699768066406,133.59300231933594,219.8780059814453,133.4669952392578
28.950000000000003,1.3735973806113629e-06,0.0,3.113932722786927e-14,7.472070899835203,105.75348921931763,98.78307516951764,212.40699768066406,133.59300231933594,219.8780059814453,133.4669952392578
29.0,1.7168364662663213e-06,0.0,3.113932722786927e-14,7.472070899835203,105.75348921931763,98.78307516951764,212.40699768066406,133.59300231933594,219.8780059814453,133.4669952392578
29.05,2.0599111051269075e-06,0.0,3.113932722786927e-14,7.472070899835203,105.75348921931763,98.78307516951764,212.40699768066406,133.59300231933594,219.8780059814453,133.4669952392578
29.1,2.403045467168952e-06,0.0,3.113932722786927e-14,7.472070899835203,105.75348921931763,98.78307516951764,212.40699768066406,133.59300231933594,219.8780059814453,133.4669952392578
29.150000000000002,0.0,0.0,3.113932722786927e-14,7.472070899835203,105.75348921931763,98.78307516951764,212.40699768066406,133.59300231933594,219.8780059814453,133.4669952392578
29.200000000000003,3.435065453773468e-07,0.0,3.113932722786927e-14,7.472070899835203,105.75348921931763,98.78307516951764,212.40699768066406,133.59300231933594,219.8780059814453,133.4669952392578
29.25,6.871515931679264e-07,0.0,3.113932722786927e-14,7.472070899835203,105.75348921931763,98.78307516951764,212.40699768066406,133.59300231933594,219.8780059814453,133.4669952392578
29.3,9.617548571728386e-07,0.0,3.113932722786927e-14,7.472070899835203,105.75348921931763,98.78307516951764,212.40699768066406,133.59300231933594,219.8780059814453,133.4669952392578
29.35,1.3048856219674156e-06,0.0,3.113932722786927e-14,7.472070899835203,105.75348921931763,98.78307516951764,212.40699768066406,133.59300231933594,219.8780059814453,133.4669952392578
29.400000000000002,1.6480542436240285e-06,0.0,3.113932722786927e-14,7.472070899835203,105.75348921931763,98.78307516951764,212.40699768066406,133.59300231933594,219.8780059814453,133.4669952392578
29.450000000000003,1.991207350514673e-06,0.0,3.113932722786927e-14,7.472070899835203,105.75348921931763,98.78307516951764,212.40699768066406,133.59300231933594,219.8780059814453,133.4669952392578
29.5,2.3344080808399286e-06,0.0,3.113932722786927e-14,7.472070899835203,105.75348921931763,98.78307516951764,212.40699768066406,133.59300231933594,219.8780059814453,133.4669952392578
29.55,2.6776524519674334e-06,0.0,3.113932722786927e-14,7.472070899835203,105.75348921931763,98.78307516951764,212.40699768066406,133.59300231933594,219.8780059814453,133.4669952392578
29.6,2.060065776928963e-07,0.0,3.113932722786927e-14,7.472070899835203,105.75348921931763,98.78307516951764,212.40699768066406,133.59300231933594,219.8780059814453,133.4669952392578
29.650000000000002,5.494111181003959e-07,0.0,3.113932722786927e-14,7.472070899835203,105.75348921931763,98.78307516951764,212.40699768066406,133.59300231933594,219.8780059814453,133.4669952392578
29.700000000000003,8.927806612030012e-07,0.0,3.113932722786927e-14,7.472070899835203,105.75348921931763,98.78307516951764,212.40699768066406,133.59300231933594,219.8780059814453,133.4669952392578
29.75,1.2360825439679706e-06,0.0,3.113932722786927e-14,7.472070899835203,105.75348921931763,98.78307516951764,212.40699768066406,133.59300231933594,219.8780059814453,133.4669952392578
29.8,1.5793931115218373e-06,0.0,3.113932722786927e-14,7.472070899835203,105.75348921931763,98.78307516951764,212.40699768066406,133.59300231933594,219.8780059814453,133.4669952392578
29.85,1.9226553579377468e-06,0.0,3.113932722786927e-14,7.472070899835203,105.75348921931763,98.78307516951764,212.40699768066406,133.59300231933594,219.8780059814453,133.4669952392578
29.900000000000002,2.265913126897774e-06,0.0,3.113932722786927e-14,7.472070899835203,105.75348921931763,98.78307516951764,212.40699768066406,133.59300231933594,219.8780059814453,133.4669952392578
29.950000000000003,2.540398963228463e-06,0.0,3.113932722786927e-14,7.472070899835203,105.75348921931763,98.78307516951764,212.40699768066406,133.59300231933594,219.8780059814453,133.4669952392578
30.0,6.86587390880634e-08,0.0,3.113932722786927e-14,7.472070899835203,105.75348921931763,98.78307516951764,212.40699768066406,133.59300231933594,219.8780059814453,133.4669952392578
30.05,4.122508355822747e-07,0.0,3.113932722786927e-14,7.472070899835203,105.75348921931763,98.78307516951764,212.40699768066406,133.59300231933594,219.8780059814453,133.4669952392578
30.1,6.871484213292931e-07,0.0,3.113932722786927e-14,7.472070899835203,105.75348921931763,98.78307516951764,212.40699768066406,133.59300231933594,219.8780059814453,133.4669952392578
30.150000000000002,1.0302375562723848e-06,0.0,3.113932722786927e-14,7.472070899835203,105.75348921931763,98.78307516951764,212.40699768066406,133.59300231933594,219.8780059814453,133.4669952392578
30.200000000000003,1.3734222382619676e-06,0.0,3.113932722786927e-14,7.472070899835203,105.75348921931763,98.78307516951764,212.40699768066406,133.59300231933594,219.8780059814453,133.4669952392578
30.25,1.7166007683162726e-06,0.0,3.113932722786927e-14,7.472070899835203,105.75348921931763,98.78307516951764,212.40699768066406,133.59300231933594,219.8780059814453,133.4669952392578
30.3,2.059817082078765e-06,0.0,3.113932722786927e-14,7.472070899835203,105.75348921931763,98.78307516951764,212.40699768066406,133.59300231933594,219.8780059814453,133.4669952392578
30.35,2.4030588629558326e-06,0.0,3.113932722786927e-14,7.472070899835203,105.75348921931763,98.78307516951764,212.40699768066406,133.59300231933594,219.8780059814453,133.4669952392578
30.400000000000002,2.746309535365825e-06,0.0,3.113932722786927e-14,7.472070899835203,105.75348921931763,98.78307516951764,212.40699768066406,133.59300231933594,219.8780059814453,133.4669952392578
30.450000000000003,2.746886607305456e-07,0.0,3.113932722786927e-14,7.472070899835203,105.75348921931763,98.78307516951764,212.40699768066406,133.59300231933594,219.8780059814453,133.4669952392578
30.5,6.180737510339276e-07,0.0,3.113932722786927e-14,7.472070899835203,105.75348921931763,98.78307516951764,212.40699768066406,133.59300231933594,219.8780059814453,133.4669952392578
30.55,9.61381291832008e-07,0.0,3.113932722786927e-14,7.472070899835203,105.75348921931763,98.78307516951764,212.40699768066406,133.59300231933594,219.8780059814453,133.4669952392578
30.6,1.3046937719562796e-06,0.0,3.113932722786927e-14,7.472070899835203,105.75348921931763,98.78307516951764,212.40699768066406,133.59300231933594,219.8780059814453,133.4669952392578
30.650000000000002,1.647995956590042e-06,0.0,3.113932722786927e-14,7.472070899835203,105.75348921931763,98.78307516951764,212.40699768066406,133.59300231933594,219.8780059814453,133.4669952392578
30.700000000000003,1.9912562208062956e-06,0.0,3.113932722786927e-14,7.472070899835203,105.75348921931763,98.78307516951764,212.40699768066406,133.59300231933594,219.8780059814453,133.4669952392578
30.75,2.334524899032197e-06,0.0,3.113932722786927e-14,7.472070899835203,105.75348921931763,98.78307516951764,212.40699768066406,133.59300231933594,219.8780059814453,133.4669952392578
30.8,2.6090435612152767e-06,0.0,3.113932722786927e-14,7.472070899835203,105.75348921931763,98.78307516951764,212.40699768066406,133.59300231933594,219.8780059814453,133.4669952392578
30.85,1.3734981674569495e-07,0.0,3.113932722786927e-14,7.472070899835203,105.75348921931763,98.78307516951764,212.40699768066406,133.59300231933594,219.8780059814453,133.4669952392578
30.900000000000002,4.80977774354847e-07,0.0,3.113932722786927e-14,7.472070899835203,105.75348921931763,98.78307516951764,212.40699768066406,133.59300231933594,219.8780059814453,133.4669952392578
30.950000000000003,8.242195358180105e-07,0.0,3.113932722786927e-14,7.472070899835203,105.75348921931763,98.78307516951764,212.40699768066406,133.59300231933594,219.8780059814453,133.4669952392578
31.0,1.1674010072633112e-06,0.0,3.113932722786927e-14,7.472070899835203,105.75348921931763,98.78307516951764,212.40699768066406,133.59300231933594,219.8780059814453,133.4669952392578
31.05,1.51063142491464e-06,0.0,3.113932722786927e-14,7.472070899835203,105.75348921931763,98.78307516951764,212.40699768066406,133.59300231933594,219.8780059814453,133.4669952392578
31.1,1.8538506777349595e-06,0.0,3.113932722786927e-14,7.472070899835203,105.75348921931763,98.78307516951764,212.40699768066406,133.59300231933594,219.8780059814453,133.4669952392578
31.150000000000002,2.197088792047142e-06,0.0,3.113932722786927e-14,7.472070899835203,105.75348921931763,98.78307516951764,212.40699768066406,133.59300231933594,219.8780059814453,133.4669952392578
31.200000000000003,2.5403510123288474e-06,0.0,3.113932722786927e-14,7.472070899835203,105.75348921931763,98.78307516951764,212.40699768066406,133.59300231933594,219.8780059814453,133.4669952392578
31.25,0.0,0.0,3.113932722786927e-14,7.472070899835203,105.75348921931763,98.78307516951764,212.40699768066406,133.59300231933594,219.8780059814453,133.4669952392578
31.3,3.4331708703298526e-07,0.0,3.113932722786927e-14,7.472070899835203,105.75348921931763,98.78307516951764,212.40699768066406,133.59300231933594,219.8780059814453,133.4669952392578
31.35,6.866347327916691e-07,0.0,3.113932722786927e-14,7.472070899835203,105.75348921931763,98.78307516951764,212.40699768066406,133.59300231933594,219.8780059814453,133.4669952392578
31.400000000000002,1.0299520457668656e-06,0.0,3.113932722786927e-14,7.472070899835203,105.75348921931763,98.78307516951764,212.40699768066406,133.59300231933594,219.8780059814453,133.4669952392578
31.450000000000003,1.3732693081094694e-06,0.0,3.113932722786927e-14,7.472070899835203,105.75348921931763,98.78307516951764,212.40699768066406,133.59300231933594,219.8780059814453,133.4669952392578
31.5,1.7165830914672267e-06,0.0,3.113932722786927e-14,7.472070899835203,105.75348921931763,98.78307516951764,212.40699768066406,133.59300231933594,219.8780059814453,133.4669952392578
31.55,2.0598631553310754e-06,0.0,3.113932722786927e-14,7.472070899835203,105.75348921931763,98.78307516951764,212.40699768066406,133.59300231933594,219.8780059814453,133.4669952392578
31.6,2.4031385428082335e-06,0.0,3.113932722786927e-14,7.472070899835203,105.75348921931763,98.78307516951764,212.40699768066406,133.59300231933594,219.8780059814453,133.4669952392578
31.650000000000002,2.746372803196693e-06,0.0,3.113932722786927e-14,7.472070899835203,105.75348921931763,98.78307516951764,212.40699768066406,133.59300231933594,219.8780059814453,133.4669952392578
31.700000000000003,2.0605859788725296e-07,0.0,3.113932722786927e-14,7.472070899835203,105.75348921931763,98.78307516951764,212.40699768066406,133.59300231933594,219.8780059814453,133.4669952392578
31.75,5.494518520019479e-07,0.0,3.113932722786927e-14,7.472070899835203,105.75348921931763,98.78307516951764,212.40699768066406,133.59300231933594,219.8780059814453,133.4669952392578
31.8,8.927534835543755e-07,0.0,3.113932722786927e-14,7.472070899835203,105.75348921931763,98.78307516951764,212.40699768066406,133.59300231933594,219.8780059814453,133.4669952392578
31.85,1.2359739969966224e-06,0.0,3.113932722786927e-14,7.472070899835203,105.75348921931763,98.78307516951764,212.40699768066406,133.59300231933594,219.8780059814453,133.4669952392578
31.900000000000002,1.5792263905789598e-06,0.0,3.113932722786927e-14,7.472070899835203,105.75348921931763,98.78307516951764,212.40699768066406,133.59300231933594,219.8780059814453,133.4669952392578
31.950000000000003,1.9224670409019686e-06,0.0,3.113932722786927e-14,7.472070899835203,105.75348921931763,98.78307516951764,212.40699768066406,133.59300231933594,219.8780059814453,133.4669952392578
32.0,2.265724293720134e-06,0.0,3.113932722786927e-14,7.472070899835203,105.75348921931763,98.78307516951764,212.40699768066406,133.59300231933594,219.8780059814453,133.4669952392578
32.050000000000004,2.608997515998431e-06,0.0,3.113932722786927e-14,7.472070899835203,105.75348921931763,98.78307516951764,212.40699768066406,133.59300231933594,219.8780059814453,133.4669952392578
32.1,6.865776283663407e-08,0.0,3.113932722786927e-14,7.472070899835203,105.75348921931763,98.78307516951764,212.40699768066406,133.59300231933594,219.8780059814453,133.4669952392578
32.15,4.1196626656162764e-07,0.0,3.113932722786927e-14,7.472070899835203,105.75348921931763,98.78307516951764,212.40699768066406,133.59300231933594,219.8780059814453,133.4669952392578
32.2,7.552829554289574e-07,0.0,3.113932722786927e-14,7.472070899835203,105.75348921931763,98.78307516951764,212.40699768066406,133.59300231933594,219.8780059814453,133.4669952392578
32.25,1.098599983699585e-06,0.0,3.113932722786927e-14,7.472070899835203,105.75348921931763,98.78307516951764,212.40699768066406,133.59300231933594,219.8780059814453,133.4669952392578
32.300000000000004,1.4419162837807202e-06,0.0,3.113932722786927e-14,7.472070899835203,105.75348921931763,98.78307516951764,212.40699768066406,133.59300231933594,219.8780059814453,133.4669952392578
32.35,1.785191520795326e-06,0.0,3.113932722786927e-14,7.472070899835203,105.75348921931763,98.78307516951764,212.40699768066406,133.59300231933594,219.8780059814453,133.4669952392578
32.4,2.128470524928254e-06,0.0,3.113932722786927e-14,7.472070899835203,105.75348921931763,98.78307516951764,212.40699768066406,133.59300231933594,219.8780059814453,133.4669952392578
32.45,2.4717513281247504e-06,0.0,3.113932722786927e-14,7.472070899835203,105.75348921931763,98.78307516951764,212.40699768066406,133.59300231933594,219.8780059814453,133.4669952392578
32.5,2.8149880948661458e-06,0.0,3.113932722786927e-14,7.472070899835203,105.75348921931763,98.78307516951764,212.40699768066406,133.59300231933594,219.8780059814453,133.4669952392578
32.550000000000004,2.7466936964946463e-07,0.0,3.113932722786927e-14,7.472070899835203,105.75348921931763,98.78307516951764,212.40699768066406,133.59300231933594,219.8780059814453,133.4669952392578
32.6,6.18052549367393e-07,0.0,3.113932722786927e-14,7.472070899835203,105.75348921931763,98.78307516951764,212.40699768066406,133.59300231933594,219.8780059814453,133.4669952392578
32.65,9.613655161810885e-07,0.0,3.113932722786927e-14,7.472070899835203,105.75348921931763,98.78307516951764,212.40699768066406,133.59300231933594,219.8780059814453,133.4669952392578
32.7,1.304605121135848e-06,0.0,3.113932722786927e-14,7.472070899835203,105.75348921931763,98.78307516951764,212.40699768066406,133.59300231933594,219.8780059814453,133.4669952392578
32.75,1.6478653894689912e-06,0.0,3.113932722786927e-14,7.472070899835203,105.75348921931763,98.78307516951764,212.40699768066406,133.59300231933594,219.8780059814453,133.4669952392578
32.800000000000004,1.9911243829675602e-06,0.0,3.113932722786927e-14,7.472070899835203,105.75348921931763,98.78307516951764,212.40699768066406,133.59300231933594,219.8780059814453,133.4669952392578
32.85,2.3343830425728435e-06,0.0,3.113932722786927e-14,7.472070899835203,105.75348921931763,98.78307516951764,212.40699768066406,133.59300231933594,219.8780059814453,133.4669952392578
32.9,2.6776565400584378e-06,0.0,3.113932722786927e-14,7.472070899835203,105.75348921931763,98.78307516951764,212.40699768066406,133.59300231933594,219.8780059814453,133.4669952392578
32.95,1.3731912979508297e-07,0.0,3.113932722786927e-14,7.472070899835203,105.75348921931763,98.78307516951764,212.40699768066406,133.59300231933594,219.8780059814453,133.4669952392578
33.0,4.806339308248048e-07,0.0,3.113932722786927e-14,7.472070899835203,105.75348921931763,98.78307516951764,212.40699768066406,133.59300231933594,219.8780059814453,133.4669952392578
33.050000000000004,8.239509190269377e-07,0.0,3.113932722786927e-14,7.472070899835203,105.75348921931763,98.78307516951764,212.40699768066406,133.59300231933594,219.8780059814453,133.4669952392578
33.1,1.1672681709863495e-06,0.0,3.113932722786927e-14,7.472070899835203,105.75348921931763,98.78307516951764,212.40699768066406,133.59300231933594,219.8780059814453,133.4669952392578
33.15,1.5105588819862951e-06,0.0,3.113932722786927e-14,7.472070899835203,105.75348921931763,98.78307516951764,212.40699768066406,133.59300231933594,219.8780059814453,133.4669952392578
33.2,1.8538363469169969e-06,0.0,3.113932722786927e-14,7.472070899835203,105.75348921931763,98.78307516951764,212.40699768066406,133.59300231933594,219.8780059814453,133.4669952392578
33.25,2.1971139351203714e-06,0.0,3.113932722786927e-14,7.472070899835203,105.75348921931763,98.78307516951764,212.40699768066406,133.59300231933594,219.8780059814453,133.4669952392578
33.300000000000004,2.5403737310611346e-06,0.0,3.113932722786927e-14,7.472070899835203,105.75348921931763,98.78307516951764,212.40699768066406,133.59300231933594,219.8780059814453,133.4669952392578
33.35,0.0,0.0,3.113932722786927e-14,7.472070899835203,105.75348921931763,98.78307516951764,212.40699768066406,133.59300231933594,219.8780059814453,133.4669952392578
33.4,3.433434784062016e-07,0.0,3.113932722786927e-14,7.472070899835203,105.75348921931763,98.78307516951764,212.40699768066406,133.59300231933594,219.8780059814453,133.4669952392578
33.45,6.867288614485693e-07,0.0,3.113932722786927e-14,7.472070899835203,105.75348921931763,98.78307516951764,212.40699768066406,133.59300231933594,219.8780059814453,133.4669952392578
33.5,1.0299777166357913e-06,0.0,3.113932722786927e-14,7.472070899835203,105.75348921931763,98.78307516951764,212.40699768066406,133.59300231933594,219.8780059814453,133.4669952392578
33.550000000000004,1.373232447362795e-06,0.0,3.113932722786927e-14,7.472070899835203,105.75348921931763,98.78307516951764,212.40699768066406,133.59300231933594,219.8780059814453,133.4669952392578
33.6,1.7164975354169967e-06,0.0,3.113932722786927e-14,7.472070899835203,105.75348921931763,98.78307516951764,212.40699768066406,133.59300231933594,219.8780059814453,133.4669952392578
33.65,2.0597592696949635e-06,0.0,3.113932722786927e-14,7.472070899835203,105.75348921931763,98.78307516951764,212.40699768066406,133.59300231933594,219.8780059814453,133.4669952392578
33.7,2.4030273799553884e-06,0.0,3.113932722786927e-14,7.472070899835203,105.75348921931763,98.78307516951764,212.40699768066406,133.59300231933594,219.8780059814453,133.4669952392578
33.75,2.7463078029938233e-06,0.0,3.113932722786927e-14,7.472070899835203,105.75348921931763,98.78307516951764,212.40699768066406,133.59300231933594,219.8780059814453,133.4669952392578
33.800000000000004,2.0598394099214832e-07,0.0,3.113932722786927e-14,7.472070899835203,105.75348921931763,98.78307516951764,212.40699768066406,133.59300231933594,219.8780059814453,133.4669952392578
33.85,5.49301854837074e-07,0.0,3.113932722786927e-14,7.472070899835203,105.75348921931763,98.78307516951764,212.40699768066406,133.59300231933594,219.8780059814453,133.4669952392578
33.9,8.926191223361161e-07,0.0,3.113932722786927e-14,7.472070899835203,105.75348921931763,98.78307516951764,212.40699768066406,133.59300231933594,219.8780059814453,133.4669952392578
33.95,1.2359317958931303e-06,0.0,3.113932722786927e-14,7.472070899835203,105.75348921931763,98.78307516951764,212.40699768066406,133.59300231933594,219.8780059814453,133.4669952392578
34.0,1.579206642020215e-06,0.0,3.113932722786927e-14,7.472070899835203,105.75348921931763,98.78307516951764,212.40699768066406,133.59300231933594,219.8780059814453,133.4669952392578
34.050000000000004,1.9224859058537603e-06,0.0,3.113932722786927e-14,7.472070899835203,105.75348921931763,98.78307516951764,212.40699768066406,133.59300231933594,219.8780059814453,133.4669952392578
34.1,2.2657430702225574e-06,0.0,3.113932722786927e-14,7.472070899835203,105.75348921931763,98.78307516951764,212.40699768066406,133.59300231933594,219.8780059814453,133.4669952392578
34.15,2.608997155325764e-06,0.0,3.113932722786927e-14,7.472070899835203,105.75348921931763,98.78307516951764,212.40699768066406,133.59300231933594,219.8780059814453,133.4669952392578
34.2,6.865808218563341e-08,0.0,3.113932722786927e-14,7.472070899835203,105.75348921931763,98.78307516951764,212.40699768066406,133.59300231933594,219.8780059814453,133.4669952392578
34.25,4.1202724301631425e-07,0.0,3.113932722786927e-14,7.472070899835203,105.75348921931763,98.78307516951764,212.40699768066406,133.59300231933594,219.8780059814453,133.4669952392578
34.300000000000004,7.55411545569439e-07,0.0,3.113932722786927e-14,7.472070899835203,105.75348921931763,98.78307516951764,212.40699768066406,133.59300231933594,219.8780059814453,133.4669952392578
34.35,1.0986400145713608e-06,0.0,3.113932722786927e-14,7.472070899835203,105.75348921931763,98.78307516951764,212.40699768066406,133.59300231933594,219.8780059814453,133.4669952392578
34.4,1.4418944894307702e-06,0.0,3.113932722786927e-14,7.472070899835203,105.75348921931763,98.78307516951764,212.40699768066406,133.59300231933594,219.8780059814453,133.4669952392578
34.45,1.7851502509612126e-06,0.0,3.113932722786927e-14,7.472070899835203,105.75348921931763,98.78307516951764,212.40699768066406,133.59300231933594,219.8780059814453,133.4669952392578
34.5,2.1284076080758568e-06,0.0,3.113932722786927e-14,7.472070899835203,105.75348921931763,98.78307516951764,212.40699768066406,133.59300231933594,219.8780059814453,133.4669952392578
34.550000000000004,2.4716814187289486e-06,0.0,3.113932722786927e-14,7.472070899835203,105.75348921931763,98.78307516951764,212.40699768066406,133.59300231933594,219.8780059814453,133.4669952392578
34.6,2.814966007281545e-06,0.0,3.113932722786927e-14,7.472070899835203,105.75348921931763,98.78307516951764,212.40699768066406,133.59300231933594,219.8780059814453,133.4669952392578
34.65,2.7465028775476207e-07,0.0,3.113932722786927e-14,7.472070899835203,105.75348921931763,98.78307516951764,212.40699768066406,133.59300231933594,219.8780059814453,133.4669952392578
34.7,6.17966456415817e-07,0.0,3.113932722786927e-14,7.472070899835203,105.75348921931763,98.78307516951764,212.40699768066406,133.59300231933594,219.8780059814453,133.4669952392578
34.75,9.612837504393818e-07,0.0,3.113932722786927e-14,7.472070899835203,105.75348921931763,98.78307516951764,212.40699768066406,133.59300231933594,219.8780059814453,133.4669952392578
34.800000000000004,1.3045916338113407e-06,0.0,3.113932722786927e-14,7.472070899835203,105.75348921931763,98.78307516951764,212.40699768066406,133.59300231933594,219.8780059814453,133.4669952392578
34.85,1.6478662004701534e-06,0.0,3.113932722786927e-14,7.472070899835203,105.75348921931763,98.78307516951764,212.40699768066406,133.59300231933594,219.8780059814453,133.4669952392578
34.9,1.9911458446398023e-06,0.0,3.113932722786927e-14,7.472070899835203,105.75348921931763,98.78307516951764,212.40699768066406,133.59300231933594,219.8780059814453,133.4669952392578
34.95,2.3344035142525686e-06,0.0,3.113932722786927e-14,7.472070899835203,105.75348921931763,98.78307516951764,212.40699768066406,133.59300231933594,219.8780059814453,133.4669952392578
35.0,2.6776569614481603e-06,0.0,3.113932722786927e-14,7.472070899835203,105.75348921931763,98.78307516951764,212.40699768066406,133.59300231933594,219.8780059814453,133.4669952392578
35.050000000000004,1.3732440767502222e-07,0.0,3.113932722786927e-14,7.472070899835203,105.75348921931763,98.78307516951764,212.40699768066406,133.59300231933594,219.8780059814453,133.4669952392578
35.1,4.807035195146164e-07,0.0,3.113932722786927e-14,7.472070899835203,105.75348921931763,98.78307516951764,212.40699768066406,133.59300231933594,219.8780059814453,133.4669952392578
35.15,8.240528210648705e-07,0.0,3.113932722786927e-14,7.472070899835203,105.75348921931763,98.78307516951764,212.40699768066406,133.59300231933594,219.8780059814453,133.4669952392578
35.2,1.1672871040235654e-06,0.0,3.113932722786927e-14,7.472070899835203,105.75348921931763,98.78307516951764,212.40699768066406,133.59300231933594,219.8780059814453,133.4669952392578
35.25,1.5105459613489074e-06,0.0,3.113932722786927e-14,7.472070899835203,105.75348921931763,98.78307516951764,212.40699768066406,133.59300231933594,219.8780059814453,133.4669952392578
35.300000000000004,1.853804803272133e-06,0.0,3.113932722786927e-14,7.472070899835203,105.75348921931763,98.78307516951764,212.40699768066406,133.59300231933594,219.8780059814453,133.4669952392578
35.35,2.197060952297927e-06,0.0,3.113932722786927e-14,7.472070899835203,105.75348921931763,98.78307516951764,212.40699768066406,133.59300231933594,219.8780059814453,133.4669952392578
35.4,2.5403363240131194e-06,0.0,3.113932722786927e-14,7.472070899835203,105.75348921931763,98.78307516951764,212.40699768066406,133.59300231933594,219.8780059814453,133.4669952392578
35.45,0.0,0.0,3.113932722786927e-14,7.472070899835203,105.75348921931763,98.78307516951764,212.40699768066406,133.59300231933594,219.8780059814453,133.4669952392578
35.5,3.4331708703298526e-07,0.0,3.113932722786927e-14,7.472070899835203,105.75348921931763,98.78307516951764,212.40699768066406,133.59300231933594,219.8780059814453,133.4669952392578
35.550000000000004,6.866347327915012e-07,0.0,3.113932722786927e-14,7.472070899835203,105.75348921931763,98.78307516951764,212.40699768066406,133.59300231933594,219.8780059814453,133.4669952392578
35.6,1.0299520457668656e-06,0.0,3.113932722786927e-14,7.472070899835203,105.75348921931763,98.78307516951764,212.40699768066406,133.59300231933594,219.8780059814453,133.4669952392578
35.65,1.3732417745361153e-06,0.0,3.113932722786927e-14,7.472070899835203,105.75348921931763,98.78307516951764,212.40699768066406,133.59300231933594,219.8780059814453,133.4669952392578
35.7,1.716514993648836e-06,0.0,3.113932722786927e-14,7.472070899835203,105.75348921931763,98.78307516951764,212.40699768066406,133.59300231933594,219.8780059814453,133.4669952392578
35.75,2.0597957955617673e-06,0.0,3.113932722786927e-14,7.472070899835203,105.75348921931763,98.78307516951764,212.40699768066406,133.59300231933594,219.8780059814453,133.4669952392578
35.800000000000004,2.403037208029827e-06,0.0,3.113932722786927e-14,7.472070899835203,105.75348921931763,98.78307516951764,212.40699768066406,133.59300231933594,219.8780059814453,133.4669952392578
35.85,2.7463071680776586e-06,0.0,3.113932722786927e-14,7.472070899835203,105.75348921931763,98.78307516951764,212.40699768066406,133.59300231933594,219.8780059814453,133.4669952392578
35.9,2.059958797319574e-07,0.0,3.113932722786927e-14,7.472070899835203,105.75348921931763,98.78307516951764,212.40699768066406,133.59300231933594,219.8780059814453,133.4669952392578
35.95,5.493797855071117e-07,0.0,3.113932722786927e-14,7.472070899835203,105.75348921931763,98.78307516951764,212.40699768066406,133.59300231933594,219.8780059814453,133.4669952392578
36.0,8.926933789712887e-07,0.0,3.113932722786927e-14,7.472070899835203,105.75348921931763,98.78307516951764,212.40699768066406,133.59300231933594,219.8780059814453,133.4669952392578
36.050000000000004,1.2359319852583363e-06,0.0,3.113932722786927e-14,7.472070899835203,105.75348921931763,98.78307516951764,212.40699768066406,133.59300231933594,219.8780059814453,133.4669952392578
36.1,1.5791938931917308e-06,0.0,3.113932722786927e-14,7.472070899835203,105.75348921931763,98.78307516951764,212.40699768066406,133.59300231933594,219.8780059814453,133.4669952392578
36.15,1.9224424317648723e-06,0.0,3.113932722786927e-14,7.472070899835203,105.75348921931763,98.78307516951764,212.40699768066406,133.59300231933594,219.8780059814453,133.4669952392578
36.2,2.2657109258314025e-06,0.0,3.113932722786927e-14,7.472070899835203,105.75348921931763,98.78307516951764,212.40699768066406,133.59300231933594,219.8780059814453,133.4669952392578
36.25,2.6089924315799835e-06,0.0,3.113932722786927e-14,7.472070899835203,105.75348921931763,98.78307516951764,212.40699768066406,133.59300231933594,219.8780059814453,133.4669952392578
36.300000000000004,6.865776283663407e-08,0.0,3.113932722786927e-14,7.472070899835203,105.75348921931763,98.78307516951764,212.40699768066406,133.59300231933594,219.8780059814453,133.4669952392578
36.35,4.1196626656162764e-07,0.0,3.113932722786927e-14,7.472070899835203,105.75348921931763,98.78307516951764,212.40699768066406,133.59300231933594,219.8780059814453,133.4669952392578
36.4,7.552829554289574e-07,0.0,3.113932722786927e-14,7.472070899835203,105.75348921931763,98.78307516951764,212.40699768066406,133.59300231933594,219.8780059814453,133.4669952392578
36.45,1.098599983699585e-06,0.0,3.113932722786927e-14,7.472070899835203,105.75348921931763,98.78307516951764,212.40699768066406,133.59300231933594,219.8780059814453,133.4669952392578
36.5,1.4418833715825419e-06,0.0,3.113932722786927e-14,7.472070899835203,105.75348921931763,98.78307516951764,212.40699768066406,133.59300231933594,219.8780059814453,133.4669952392578
36.550000000000004,1.785162935653227e-06,0.0,3.113932722786927e-14,7.472070899835203,105.75348921931763,98.78307516951764,212.40699768066406,133.59300231933594,219.8780059814453,133.4669952392578
36.6,2.128445750146096e-06,0.0,3.113932722786927e-14,7.472070899835203,105.75348921931763,98.78307516951764,212.40699768066406,133.59300231933594,219.8780059814453,133.4669952392578
36.65,2.4716997693951725e-06,0.0,3.113932722786927e-14,7.472070899835203,105.75348921931763,98.78307516951764,212.40699768066406,133.59300231933594,219.8780059814453,133.4669952392578
36.7,2.8149669535960728e-06,0.0,3.113932722786927e-14,7.472070899835203,105.75348921931763,98.78307516951764,212.40699768066406,133.59300231933594,219.8780059814453,133.4669952392578
36.75,2.746693696494605e-07,0.0,3.113932722786927e-14,7.472070899835203,105.75348921931763,98.78307516951764,212.40699768066406,133.59300231933594,219.8780059814453,133.4669952392578
36.800000000000004,6.18052549367393e-07,0.0,3.113932722786927e-14,7.472070899835203,105.75348921931763,98.78307516951764,212.40699768066406,133.59300231933594,219.8780059814453,133.4669952392578
36.85,9.613326231635295e-07,0.0,3.113932722786927e-14,7.472070899835203,105.75348921931763,98.78307516951764,212.40699768066406,133.59300231933594,219.8780059814453,133.4669952392578
36.9,1.3045816885469862e-06,0.0,3.113932722786927e-14,7.472070899835203,105.75348921931763,98.78307516951764,212.40699768066406,133.59300231933594,219.8780059814453,133.4669952392578
36.95,1.64784109680526e-06,0.0,3.113932722786927e-14,7.472070899835203,105.75348921931763,98.78307516951764,212.40699768066406,133.59300231933594,219.8780059814453,133.4669952392578
37.0,1.991094957079068e-06,0.0,3.113932722786927e-14,7.472070899835203,105.75348921931763,98.78307516951764,212.40699768066406,133.59300231933594,219.8780059814453,133.4669952392578
37.050000000000004,2.334367411353249e-06,0.0,3.113932722786927e-14,7.472070899835203,105.75348921931763,98.78307516951764,212.40699768066406,133.59300231933594,219.8780059814453,133.4669952392578
37.1,2.6776511767204114e-06,0.0,3.113932722786927e-14,7.472070899835203,105.75348921931763,98.78307516951764,212.40699768066406,133.59300231933594,219.8780059814453,133.4669952392578
37.15,1.3731912979508297e-07,0.0,3.113932722786927e-14,7.472070899835203,105.75348921931763,98.78307516951764,212.40699768066406,133.59300231933594,219.8780059814453,133.4669952392578
37.2,4.806339308248048e-07,0.0,3.113932722786927e-14,7.472070899835203,105.75348921931763,98.78307516951764,212.40699768066406,133.59300231933594,219.8780059814453,133.4669952392578
37.25,8.239509190269377e-07,0.0,3.113932722786927e-14,7.472070899835203,105.75348921931763,98.78307516951764,212.40699768066406,133.59300231933594,219.8780059814453,133.4669952392578
37.300000000000004,1.167259191526564e-06,0.0,3.113932722786927e-14,7.472070899835203,105.75348921931763,98.78307516951764,212.40699768066406,133.59300231933594,219.8780059814453,133.4669952392578
37.35,1.5105355944730107e-06,0.0,3.113932722786927e-14,7.472070899835203,105.75348921931763,98.78307516951764,212.40699768066406,133.59300231933594,219.8780059814453,133.4669952392578
37.4,1.8538166788974503e-06,0.0,3.113932722786927e-14,7.472070899835203,105.75348921931763,98.78307516951764,212.40699768066406,133.59300231933594,219.8780059814453,133.4669952392578
37.45,2.197084977225385e-06,0.0,3.113932722786927e-14,7.472070899835203,105.75348921931763,98.78307516951764,212.40699768066406,133.59300231933594,219.8780059814453,133.4669952392578
37.5,2.5403381370099673e-06,0.0,3.113932722786927e-14,7.472070899835203,105.75348921931763,98.78307516951764,212.40699768066406,133.59300231933594,219.8780059814453,133.4669952392578
37.550000000000004,0.0,0.0,3.113932722786927e-14,7.472070899835203,105.75348921931763,98.78307516951764,212.40699768066406,133.59300231933594,219.8780059814453,133.4669952392578
37.6,3.433434784062016e-07,0.0,3.113932722786927e-14,7.472070899835203,105.75348921931763,98.78307516951764,212.40699768066406,133.59300231933594,219.8780059814453,133.4669952392578
37.65,6.867264629415076e-07,0.0,3.113932722786927e-14,7.472070899835203,105.75348921931763,98.78307516951764,212.40699768066406,133.59300231933594,219.8780059814453,133.4669952392578
37.7,1.029961406543752e-06,0.0,3.113932722786927e-14,7.472070899835203,105.75348921931763,98.78307516951764,212.40699768066406,133.59300231933594,219.8780059814453,133.4669952392578
37.75,1.3732206989213994e-06,0.0,3.113932722786927e-14,7.472070899835203,105.75348921931763,98.78307516951764,212.40699768066406,133.59300231933594,219.8780059814453,133.4669952392578
37.800000000000004,1.7164729458577282e-06,0.0,3.113932722786927e-14,7.472070899835203,105.75348921931763,98.78307516951764,212.40699768066406,133.59300231933594,219.8780059814453,133.4669952392578
37.85,2.059738255907299e-06,0.0,3.113932722786927e-14,7.472070899835203,105.75348921931763,98.78307516951764,212.40699768066406,133.59300231933594,219.8780059814453,133.4669952392578
37.9,2.403018583951725e-06,0.0,3.113932722786927e-14,7.472070899835203,105.75348921931763,98.78307516951764,212.40699768066406,133.59300231933594,219.8780059814453,133.4669952392578
37.95,2.746308171424811e-06,0.0,3.113932722786927e-14,7.472070899835203,105.75348921931763,98.78307516951764,212.40699768066406,133.59300231933594,219.8780059814453,133.4669952392578
38.0,2.0598394099214832e-07,0.0,3.113932722786927e-14,7.472070899835203,105.75348921931763,98.78307516951764,212.40699768066406,133.59300231933594,219.8780059814453,133.4669952392578
38.050000000000004,5.49301854837074e-07,0.0,3.113932722786927e-14,7.472070899835203,105.75348921931763,98.78307516951764,212.40699768066406,133.59300231933594,219.8780059814453,133.4669952392578
38.1,8.926191223361161e-07,0.0,3.113932722786927e-14,7.472070899835203,105.75348921931763,98.78307516951764,212.40699768066406,133.59300231933594,219.8780059814453,133.4669952392578
38.15,1.23589849887308e-06,0.0,3.113932722786927e-14,7.472070899835203,105.75348921931763,98.78307516951764,212.40699768066406,133.59300231933594,219.8780059814453,133.4669952392578
38.2,1.5791784640500375e-06,0.0,3.113932722786927e-14,7.472070899835203,105.75348921931763,98.78307516951764,212.40699768066406,133.59300231933594,219.8780059814453,133.4669952392578
38.25,1.9224618735138486e-06,0.0,3.113932722786927e-14,7.472070899835203,105.75348921931763,98.78307516951764,212.40699768066406,133.59300231933594,219.8780059814453,133.4669952392578
38.300000000000004,2.265712569033447e-06,0.0,3.113932722786927e-14,7.472070899835203,105.75348921931763,98.78307516951764,212.40699768066406,133.59300231933594,219.8780059814453,133.4669952392578
38.35,2.6089925624952964e-06,0.0,3.113932722786927e-14,7.472070899835203,105.75348921931763,98.78307516951764,212.40699768066406,133.59300231933594,219.8780059814453,133.4669952392578
38.400000000000006,6.865808218564266e-08,0.0,3.113932722786927e-14,7.472070899835203,105.75348921931763,98.78307516951764,212.40699768066406,133.59300231933594,219.8780059814453,133.4669952392578
38.45,4.120272430163117e-07,0.0,3.113932722786927e-14,7.472070899835203,105.75348921931763,98.78307516951764,212.40699768066406,133.59300231933594,219.8780059814453,133.4669952392578
38.5,7.553120644523372e-07,0.0,3.113932722786927e-14,7.472070899835203,105.75348921931763,98.78307516951764,212.40699768066406,133.59300231933594,219.8780059814453,133.4669952392578
38.550000000000004,1.098570661970139e-06,0.0,3.113932722786927e-14,7.472070899835203,105.75348921931763,98.78307516951764,212.40699768066406,133.59300231933594,219.8780059814453,133.4669952392578
38.6,1.4418302959465816e-06,0.0,3.113932722786927e-14,7.472070899835203,105.75348921931763,98.78307516951764,212.40699768066406,133.59300231933594,219.8780059814453,133.4669952392578
38.650000000000006,1.785102241296646e-06,0.0,3.113932722786927e-14,7.472070899835203,105.75348921931763,98.78307516951764,212.40699768066406,133.59300231933594,219.8780059814453,133.4669952392578
38.7,2.1283889068035565e-06,0.0,3.113932722786927e-14,7.472070899835203,105.75348921931763,98.78307516951764,212.40699768066406,133.59300231933594,219.8780059814453,133.4669952392578
38.75,2.4716838955466112e-06,0.0,3.113932722786927e-14,7.472070899835203,105.75348921931763,98.78307516951764,212.40699768066406,133.59300231933594,219.8780059814453,133.4669952392578
38.800000000000004,2.814984496679226e-06,0.0,3.113932722786927e-14,7.472070899835203,105.75348921931763,98.78307516951764,212.40699768066406,133.59300231933594,219.8780059814453,133.4669952392578
38.85,2.746364013600009e-07,0.0,3.113932722786927e-14,7.472070899835203,105.75348921931763,98.78307516951764,212.40699768066406,133.59300231933594,219.8780059814453,133.4669952392578
38.900000000000006,6.179258700766305e-07,0.0,3.113932722786927e-14,7.472070899835203,105.75348921931763,98.78307516951764,212.40699768066406,133.59300231933594,219.8780059814453,133.4669952392578
38.95,9.612176744173596e-07,0.0,3.113932722786927e-14,7.472070899835203,105.75348921931763,98.78307516951764,212.40699768066406,133.59300231933594,219.8780059814453,133.4669952392578
39.0,1.304508858331209e-06,0.0,3.113932722786927e-14,7.472070899835203,105.75348921931763,98.78307516951764,212.40699768066406,133.59300231933594,219.8780059814453,133.4669952392578
39.050000000000004,1.6477854510212313e-06,0.0,3.113932722786927e-14,7.472070899835203,105.75348921931763,98.78307516951764,212.40699768066406,133.59300231933594,219.8780059814453,133.4669952392578
39.1,1.9910757834658366e-06,0.0,3.113932722786927e-14,7.472070899835203,105.75348921931763,98.78307516951764,212.40699768066406,133.59300231933594,219.8780059814453,133.4669952392578
39.150000000000006,2.33436820508173e-06,0.0,3.113932722786927e-14,7.472070899835203,105.75348921931763,98.78307516951764,212.40699768066406,133.59300231933594,219.8780059814453,133.4669952392578
39.2,2.6776550621965964e-06,0.0,3.113932722786927e-14,7.472070899835203,105.75348921931763,98.78307516951764,212.40699768066406,133.59300231933594,219.8780059814453,133.4669952392578
39.25,1.3731912979508297e-07,0.0,3.113932722786927e-14,7.472070899835203,105.75348921931763,98.78307516951764,212.40699768066406,133.59300231933594,219.8780059814453,133.4669952392578
39.300000000000004,4.806093839095626e-07,0.0,3.113932722786927e-14,7.472070899835203,105.75348921931763,98.78307516951764,212.40699768066406,133.59300231933594,219.8780059814453,133.4669952392578
39.35,8.238979253845148e-07,0.0,3.113932722786927e-14,7.472070899835203,105.75348921931763,98.78307516951764,212.40699768066406,133.59300231933594,219.8780059814453,133.4669952392578
39.400000000000006,1.1671957618180756e-06,0.0,3.113932722786927e-14,7.472070899835203,105.75348921931763,98.78307516951764,212.40699768066406,133.59300231933594,219.8780059814453,133.4669952392578
39.45,1.510473091322625e-06,0.0,3.113932722786927e-14,7.472070899835203,105.75348921931763,98.78307516951764,212.40699768066406,133.59300231933594,219.8780059814453,133.4669952392578
39.5,1.8537593038126925e-06,0.0,3.113932722786927e-14,7.472070899835203,105.75348921931763,98.78307516951764,212.40699768066406,133.59300231933594,219.8780059814453,133.4669952392578
39.550000000000004,2.197048332144033e-06,0.0,3.113932722786927e-14,7.472070899835203,105.75348921931763,98.78307516951764,212.40699768066406,133.59300231933594,219.8780059814453,133.4669952392578
39.6,2.5403356671338367e-06,0.0,3.113932722786927e-14,7.472070899835203,105.75348921931763,98.78307516951764,212.40699768066406,133.59300231933594,219.8780059814453,133.4669952392578
39.650000000000006,0.0,0.0,3.113932722786927e-14,7.472070899835203,105.75348921931763,98.78307516951764,212.40699768066406,133.59300231933594,219.8780059814453,133.4669952392578
39.7,3.4330089379473387e-07,0.0,3.113932722786927e-14,7.472070899835203,105.75348921931763,98.78307516951764,212.40699768066406,133.59300231933594,219.8780059814453,133.4669952392578
39.75,6.865865770124893e-07,0.0,3.113932722786927e-14,7.472070899835203,105.75348921931763,98.78307516951764,212.40699768066406,133.59300231933594,219.8780059814453,133.4669952392578
39.800000000000004,1.0298746053747343e-06,0.0,3.113932722786927e-14,7.472070899835203,105.75348921931763,98.78307516951764,212.40699768066406,133.59300231933594,219.8780059814453,133.4669952392578
39.85,1.3731551722509647e-06,0.0,3.113932722786927e-14,7.472070899835203,105.75348921931763,98.78307516951764,212.40699768066406,133.59300231933594,219.8780059814453,133.4669952392578
39.900000000000006,1.7164457490074018e-06,0.0,3.113932722786927e-14,7.472070899835203,105.75348921931763,98.78307516951764,212.40699768066406,133.59300231933594,219.8780059814453,133.4669952392578
39.95,2.0597294746680963e-06,0.0,3.113932722786927e-14,7.472070899835203,105.75348921931763,98.78307516951764,212.40699768066406,133.59300231933594,219.8780059814453,133.4669952392578
40.0,2.403018205440982e-06,0.0,3.113932722786927e-14,7.472070899835203,105.75348921931763,98.78307516951764,212.40699768066406,133.59300231933594,219.8780059814453,133.4669952392578
40.050000000000004,2.746307293980486e-06,0.0,3.113932722786927e-14,7.472070899835203,105.75348921931763,98.78307516951764,212.40699768066406,133.59300231933594,219.8780059814453,133.4669952392578
40.1,2.0597388363861624e-07,0.0,3.113932722786927e-14,7.472070899835203,105.75348921931763,98.78307516951764,212.40699768066406,133.59300231933594,219.8780059814453,133.4669952392578
40.150000000000006,5.492641908202424e-07,0.0,3.113932722786927e-14,7.472070899835203,105.75348921931763,98.78307516951764,212.40699768066406,133.59300231933594,219.8780059814453,133.4669952392578
40.2,8.925535910811895e-07,0.0,3.113932722786927e-14,7.472070899835203,105.75348921931763,98.78307516951764,212.40699768066406,133.59300231933594,219.8780059814453,133.4669952392578
40.25,1.2358372399616848e-06,0.0,3.113932722786927e-14,7.472070899835203,105.75348921931763,98.78307516951764,212.40699768066406,133.59300231933594,219.8780059814453,133.4669952392578
40.300000000000004,1.5791294420411212e-06,0.0,3.113932722786927e-14,7.472070899835203,105.75348921931763,98.78307516951764,212.40699768066406,133.59300231933594,219.8780059814453,133.4669952392578
40.35,1.922415845039054e-06,0.0,3.113932722786927e-14,7.472070899835203,105.75348921931763,98.78307516951764,212.40699768066406,133.59300231933594,219.8780059814453,133.4669952392578
40.400000000000006,2.2657041555069044e-06,0.0,3.113932722786927e-14,7.472070899835203,105.75348921931763,98.78307516951764,212.40699768066406,133.59300231933594,219.8780059814453,133.4669952392578
40.45,2.608996877320143e-06,0.0,3.113932722786927e-14,7.472070899835203,105.75348921931763,98.78307516951764,212.40699768066406,133.59300231933594,219.8780059814453,133.4669952392578
40.5,6.865782668811257e-08,0.0,3.113932722786927e-14,7.472070899835203,105.75348921931763,98.78307516951764,212.40699768066406,133.59300231933594,219.8780059814453,133.4669952392578
40.550000000000004,4.119446933690419e-07,0.0,3.113932722786927e-14,7.472070899835203,105.75348921931763,98.78307516951764,212.40699768066406,133.59300231933594,219.8780059814453,133.4669952392578
40.6,7.552337455624479e-07,0.0,3.113932722786927e-14,7.472070899835203,105.75348921931763,98.78307516951764,212.40699768066406,133.59300231933594,219.8780059814453,133.4669952392578
40.650000000000006,1.0985262541578047e-06,0.0,3.113932722786927e-14,7.472070899835203,105.75348921931763,98.78307516951764,212.40699768066406,133.59300231933594,219.8780059814453,133.4669952392578
40.7,1.4418114848630855e-06,0.0,3.113932722786927e-14,7.472070899835203,105.75348921931763,98.78307516951764,212.40699768066406,133.59300231933594,219.8780059814453,133.4669952392578
40.75,1.7850996385875063e-06,0.0,3.113932722786927e-14,7.472070899835203,105.75348921931763,98.78307516951764,212.40699768066406,133.59300231933594,219.8780059814453,133.4669952392578
40.800000000000004,2.1283892251213443e-06,0.0,3.113932722786927e-14,7.472070899835203,105.75348921931763,98.78307516951764,212.40699768066406,133.59300231933594,219.8780059814453,133.4669952392578
40.85,2.4716782519037676e-06,0.0,3.113932722786927e-14,7.472070899835203,105.75348921931763,98.78307516951764,212.40699768066406,133.59300231933594,219.8780059814453,133.4669952392578
40.900000000000006,2.814967177378009e-06,0.0,3.113932722786927e-14,7.472070899835203,105.75348921931763,98.78307516951764,212.40699768066406,133.59300231933594,219.8780059814453,133.4669952392578
40.95,2.7463256019873583e-07,0.0,3.113932722786927e-14,7.472070899835203,105.75348921931763,98.78307516951764,212.40699768066406,133.59300231933594,219.8780059814453,133.4669952392578
41.0,6.179234159956695e-07,0.0,3.113932722786927e-14,7.472070899835203,105.75348921931763,98.78307516951764,212.40699768066406,133.59300231933594,219.8780059814453,133.4669952392578
41.050000000000004,9.612072510333207e-07,0.0,3.113932722786927e-14,7.472070899835203,105.75348921931763,98.78307516951764,212.40699768066406,133.59300231933594,219.8780059814453,133.4669952392578
41.1,1.3044981130260613e-06,0.0,3.113932722786927e-14,7.472070899835203,105.75348921931763,98.78307516951764,212.40699768066406,133.59300231933594,219.8780059814453,133.4669952392578
41.150000000000006,1.6477848402165823e-06,0.0,3.113932722786927e-14,7.472070899835203,105.75348921931763,98.78307516951764,212.40699768066406,133.59300231933594,219.8780059814453,133.4669952392578
41.2,1.991073626516568e-06,0.0,3.113932722786927e-14,7.472070899835203,105.75348921931763,98.78307516951764,212.40699768066406,133.59300231933594,219.8780059814453,133.4669952392578
41.25,2.334362512803651e-06,0.0,3.113932722786927e-14,7.472070899835203,105.75348921931763,98.78307516951764,212.40699768066406,133.59300231933594,219.8780059814453,133.4669952392578
41.300000000000004,2.677651603242239e-06,0.0,3.113932722786927e-14,7.472070899835203,105.75348921931763,98.78307516951764,212.40699768066406,133.59300231933594,219.8780059814453,133.4669952392578
41.35,1.3731770869026325e-07,0.0,3.113932722786927e-14,7.472070899835203,105.75348921931763,98.78307516951764,212.40699768066406,133.59300231933594,219.8780059814453,133.4669952392578
41.400000000000006,4.806037576130662e-07,0.0,3.113932722786927e-14,7.472070899835203,105.75348921931763,98.78307516951764,212.40699768066406,133.59300231933594,219.8780059814453,133.4669952392578
41.45,8.238937003751711e-07,0.0,3.113932722786927e-14,7.472070899835203,105.75348921931763,98.78307516951764,212.40699768066406,133.59300231933594,219.8780059814453,133.4669952392578
41.5,1.1671813228686395e-06,0.0,3.113932722786927e-14,7.472070899835203,105.75348921931763,98.78307516951764,212.40699768066406,133.59300231933594,219.8780059814453,133.4669952392578
41.550000000000004,1.5104704435542529e-06,0.0,3.113932722786927e-14,7.472070899835203,105.75348921931763,98.78307516951764,212.40699768066406,133.59300231933594,219.8780059814453,133.4669952392578
41.6,1.8537589378627703e-06,0.0,3.113932722786927e-14,7.472070899835203,105.75348921931763,98.78307516951764,212.40699768066406,133.59300231933594,219.8780059814453,133.4669952392578
41.650000000000006,2.197044232730761e-06,0.0,3.113932722786927e-14,7.472070899835203,105.75348921931763,98.78307516951764,212.40699768066406,133.59300231933594,219.8780059814453,133.4669952392578
41.7,2.540332821488772e-06,0.0,3.113932722786927e-14,7.472070899835203,105.75348921931763,98.78307516951764,212.40699768066406,133.59300231933594,219.8780059814453,133.4669952392578
41.75,0.0,0.0,3.113932722786927e-14,7.472070899835203,105.75348921931763,98.78307516951764,212.40699768066406,133.59300231933594,219.8780059814453,133.4669952392578
41.800000000000004,3.43289896183447e-07,0.0,3.113932722786927e-14,7.472070899835203,105.75348921931763,98.78307516951764,212.40699768066406,133.59300231933594,219.8780059814453,133.4669952392578
41.85,6.865777153889823e-07,0.0,3.113932722786927e-14,7.472070899835203,105.75348921931763,98.78307516951764,212.40699768066406,133.59300231933594,219.8780059814453,133.4669952392578
41.900000000000006,1.0298665115271065e-06,0.0,3.113932722786927e-14,7.472070899835203,105.75348921931763,98.78307516951764,212.40699768066406,133.59300231933594,219.8780059814453,133.4669952392578
41.95,1.3731552237058638e-06,0.0,3.113932722786927e-14,7.472070899835203,105.75348921931763,98.78307516951764,212.40699768066406,133.59300231933594,219.8780059814453,133.4669952392578
42.0,1.7164405889691032e-06,0.0,3.113932722786927e-14,7.472070899835203,105.75348921931763,98.78307516951764,212.40699768066406,133.59300231933594,219.8780059814453,133.4669952392578
42.050000000000004,2.059729132382761e-06,0.0,3.113932722786927e-14,7.472070899835203,105.75348921931763,98.78307516951764,212.40699768066406,133.59300231933594,219.8780059814453,133.4669952392578
42.1,2.4030185956884984e-06,0.0,3.113932722786927e-14,7.472070899835203,105.75348921931763,98.78307516951764,212.40699768066406,133.59300231933594,219.8780059814453,133.4669952392578
42.150000000000006,2.7463068576615684e-06,0.0,3.113932722786927e-14,7.472070899835203,105.75348921931763,98.78307516951764,212.40699768066406,133.59300231933594,219.8780059814453,133.4669952392578
42.2,2.0597388363861624e-07,0.0,3.113932722786927e-14,7.472070899835203,105.75348921931763,98.78307516951764,212.40699768066406,133.59300231933594,219.8780059814453,133.4669952392578
42.25,5.492636727276705e-07,0.0,3.113932722786927e-14,7.472070899835203,105.75348921931763,98.78307516951764,212.40699768066406,133.59300231933594,219.8780059814453,133.4669952392578
42.300000000000004,8.925540067858171e-07,0.0,3.113932722786927e-14,7.472070899835203,105.75348921931763,98.78307516951764,212.40699768066406,133.59300231933594,219.8780059814453,133.4669952392578
42.35,1.2358369218772685e-06,0.0,3.113932722786927e-14,7.472070899835203,105.75348921931763,98.78307516951764,212.40699768066406,133.59300231933594,219.8780059814453,133.4669952392578
42.400000000000006,1.57912591205649e-06,0.0,3.113932722786927e-14,7.472070899835203,105.75348921931763,98.78307516951764,212.40699768066406,133.59300231933594,219.8780059814453,133.4669952392578
42.45,1.922414934084574e-06,0.0,3.113932722786927e-14,7.472070899835203,105.75348921931763,98.78307516951764,212.40699768066406,133.59300231933594,219.8780059814453,133.4669952392578
42.5,2.2657031987715976e-06,0.0,3.113932722786927e-14,7.472070899835203,105.75348921931763,98.78307516951764,212.40699768066406,133.59300231933594,219.8780059814453,133.4669952392578
42.550000000000004,2.6089920567944994e-06,0.0,3.113932722786927e-14,7.472070899835203,105.75348921931763,98.78307516951764,212.40699768066406,133.59300231933594,219.8780059814453,133.4669952392578
42.6,6.865782668811257e-08,0.0,3.113932722786927e-14,7.472070899835203,105.75348921931763,98.78307516951764,212.40699768066406,133.59300231933594,219.8780059814453,133.4669952392578
42.650000000000006,4.1194476055730673e-07,0.0,3.113932722786927e-14,7.472070899835203,105.75348921931763,98.78307516951764,212.40699768066406,133.59300231933594,219.8780059814453,133.4669952392578
42.7,7.552340507613433e-07,0.0,3.113932722786927e-14,7.472070899835203,105.75348921931763,98.78307516951764,212.40699768066406,133.59300231933594,219.8780059814453,133.4669952392578
42.75,1.0985225506152106e-06,0.0,3.113932722786927e-14,7.472070899835203,105.75348921931763,98.78307516951764,212.40699768066406,133.59300231933594,219.8780059814453,133.4669952392578
42.800000000000004,1.4418109430467675e-06,0.0,3.113932722786927e-14,7.472070899835203,105.75348921931763,98.78307516951764,212.40699768066406,133.59300231933594,219.8780059814453,133.4669952392578
42.85,1.7851002843409147e-06,0.0,3.113932722786927e-14,7.472070899835203,105.75348921931763,98.78307516951764,212.40699768066406,133.59300231933594,219.8780059814453,133.4669952392578
42.900000000000006,2.1283901142857366e-06,0.0,3.113932722786927e-14,7.472070899835203,105.75348921931763,98.78307516951764,212.40699768066406,133.59300231933594,219.8780059814453,133.4669952392578
42.95,2.4716783132617196e-06,0.0,3.113932722786927e-14,7.472070899835203,105.75348921931763,98.78307516951764,212.40699768066406,133.59300231933594,219.8780059814453,133.4669952392578
43.0,2.814966764222032e-06,0.0,3.113932722786927e-14,7.472070899835203,105.75348921931763,98.78307516951764,212.40699768066406,133.59300231933594,219.8780059814453,133.4669952392578
43.050000000000004,2.7463256019873583e-07,0.0,3.113932722786927e-14,7.472070899835203,105.75348921931763,98.78307516951764,212.40699768066406,133.59300231933594,219.8780059814453,133.4669952392578
43.1,6.179207419340479e-07,0.0,3.113932722786927e-14,7.472070899835203,105.75348921931763,98.78307516951764,212.40699768066406,133.59300231933594,219.8780059814453,133.4669952392578
43.150000000000006,9.612072953693622e-07,0.0,3.113932722786927e-14,7.472070899835203,105.75348921931763,98.78307516951764,212.40699768066406,133.59300231933594,219.8780059814453,133.4669952392578
43.2,1.3044960775323952e-06,0.0,3.113932722786927e-14,7.472070899835203,105.75348921931763,98.78307516951764,212.40699768066406,133.59300231933594,219.8780059814453,133.4669952392578
43.25,1.6477850651364857e-06,0.0,3.113932722786927e-14,7.472070899835203,105.75348921931763,98.78307516951764,212.40699768066406,133.59300231933594,219.8780059814453,133.4669952392578
43.300000000000004,1.991074255009411e-06,0.0,3.113932722786927e-14,7.472070899835203,105.75348921931763,98.78307516951764,212.40699768066406,133.59300231933594,219.8780059814453,133.4669952392578
43.35,2.3343624893154014e-06,0.0,3.113932722786927e-14,7.472070899835203,105.75348921931763,98.78307516951764,212.40699768066406,133.59300231933594,219.8780059814453,133.4669952392578
43.400000000000006,2.6776513816016034e-06,0.0,3.113932722786927e-14,7.472070899835203,105.75348921931763,98.78307516951764,212.40699768066406,133.59300231933594,219.8780059814453,133.4669952392578
43.45,1.3731912979508297e-07,0.0,3.113932722786927e-14,7.472070899835203,105.75348921931763,98.78307516951764,212.40699768066406,133.59300231933594,219.8780059814453,133.4669952392578
43.5,4.806053664669265e-07,0.0,3.113932722786927e-14,7.472070899835203,105.75348921931763,98.78307516951764,212.40699768066406,133.59300231933594,219.8780059814453,133.4669952392578
43.550000000000004,8.238928972869598e-07,0.0,3.113932722786927e-14,7.472070899835203,105.75348921931763,98.78307516951764,212.40699768066406,133.59300231933594,219.8780059814453,133.4669952392578
43.6,1.1671812983774745e-06,0.0,3.113932722786927e-14,7.472070899835203,105.75348921931763,98.78307516951764,212.40699768066406,133.59300231933594,219.8780059814453,133.4669952392578
43.650000000000006,1.5104710217659774e-06,0.0,3.113932722786927e-14,7.472070899835203,105.75348921931763,98.78307516951764,212.40699768066406,133.59300231933594,219.8780059814453,133.4669952392578
43.7,1.8537588670477095e-06,0.0,3.113932722786927e-14,7.472070899835203,105.75348921931763,98.78307516951764,212.40699768066406,133.59300231933594,219.8780059814453,133.4669952392578
43.75,2.1970440423460157e-06,0.0,3.113932722786927e-14,7.472070899835203,105.75348921931763,98.78307516951764,212.40699768066406,133.59300231933594,219.8780059814453,133.4669952392578
43.800000000000004,2.540332878369055e-06,0.0,3.113932722786927e-14,7.472070899835203,105.75348921931763,98.78307516951764,212.40699768066406,133.59300231933594,219.8780059814453,133.4669952392578
43.85,0.0,0.0,3.113932722786927e-14,7.472070899835203,105.75348921931763,98.78307516951764,212.40699768066406,133.59300231933594,219.8780059814453,133.4669952392578
43.900000000000006,3.43289896183447e-07,0.0,3.113932722786927e-14,7.472070899835203,105.75348921931763,98.78307516951764,212.40699768066406,133.59300231933594,219.8780059814453,133.4669952392578
43.95,6.865777153889823e-07,0.0,3.113932722786927e-14,7.472070899835203,105.75348921931763,98.78307516951764,212.40699768066406,133.59300231933594,219.8780059814453,133.4669952392578
44.0,1.0298669652693076e-06,0.0,3.113932722786927e-14,7.472070899835203,105.75348921931763,98.78307516951764,212.40699768066406,133.59300231933594,219.8780059814453,133.4669952392578
44.050000000000004,1.3731560653398697e-06,0.0,3.113932722786927e-14,7.472070899835203,105.75348921931763,98.78307516951764,212.40699768066406,133.59300231933594,219.8780059814453,133.4669952392578
44.1,1.7164404460154335e-06,0.0,3.113932722786927e-14,7.472070899835203,105.75348921931763,98.78307516951764,212.40699768066406,133.59300231933594,219.8780059814453,133.4669952392578
44.150000000000006,2.059729106859228e-06,0.0,3.113932722786927e-14,7.472070899835203,105.75348921931763,98.78307516951764,212.40699768066406,133.59300231933594,219.8780059814453,133.4669952392578
44.2,2.4030179929237785e-06,0.0,3.113932722786927e-14,7.472070899835203,105.75348921931763,98.78307516951764,212.40699768066406,133.59300231933594,219.8780059814453,133.4669952392578
44.25,2.746307234765905e-06,0.0,3.113932722786927e-14,7.472070899835203,105.75348921931763,98.78307516951764,212.40699768066406,133.59300231933594,219.8780059814453,133.4669952392578
44.300000000000004,2.0597329386002169e-07,0.0,3.113932722786927e-14,7.472070899835203,105.75348921931763,98.78307516951764,212.40699768066406,133.59300231933594,219.8780059814453,133.4669952392578
44.35,5.492633621060164e-07,0.0,3.113932722786927e-14,7.472070899835203,105.75348921931763,98.78307516951764,212.40699768066406,133.59300231933594,219.8780059814453,133.4669952392578
44.400000000000006,8.925516575392683e-07,0.0,3.113932722786927e-14,7.472070899835203,105.75348921931763,98.78307516951764,212.40699768066406,133.59300231933594,219.8780059814453,133.4669952392578
44.45,1.2358373732953441e-06,0.0,3.113932722786927e-14,7.472070899835203,105.75348921931763,98.78307516951764,212.40699768066406,133.59300231933594,219.8780059814453,133.4669952392578
44.5,1.5791256019263504e-06,0.0,3.113932722786927e-14,7.472070899835203,105.75348921931763,98.78307516951764,212.40699768066406,133.59300231933594,219.8780059814453,133.4669952392578
44.550000000000004,1.9224147761437964e-06,0.0,3.113932722786927e-14,7.472070899835203,105.75348921931763,98.78307516951764,212.40699768066406,133.59300231933594,219.8780059814453,133.4669952392578
44.6,2.2657031500381063e-06,0.0,3.113932722786927e-14,7.472070899835203,105.75348921931763,98.78307516951764,212.40699768066406,133.59300231933594,219.8780059814453,133.4669952392578
44.650000000000006,2.60899208740351e-06,0.0,3.113932722786927e-14,7.472070899835203,105.75348921931763,98.78307516951764,212.40699768066406,133.59300231933594,219.8780059814453,133.4669952392578
44.7,6.865782668811257e-08,0.0,3.113932722786927e-14,7.472070899835203,105.75348921931763,98.78307516951764,212.40699768066406,133.59300231933594,219.8780059814453,133.4669952392578
44.75,4.119490295993399e-07,0.0,3.113932722786927e-14,7.472070899835203,105.75348921931763,98.78307516951764,212.40699768066406,133.59300231933594,219.8780059814453,133.4669952392578
44.800000000000004,7.55233297120561e-07,0.0,3.113932722786927e-14,7.472070899835203,105.75348921931763,98.78307516951764,212.40699768066406,133.59300231933594,219.8780059814453,133.4669952392578
44.85,1.0985221690600335e-06,0.0,3.113932722786927e-14,7.472070899835203,105.75348921931763,98.78307516951764,212.40699768066406,133.59300231933594,219.8780059814453,133.4669952392578
44.900000000000006,1.4418115169346123e-06,0.0,3.113932722786927e-14,7.472070899835203,105.75348921931763,98.78307516951764,212.40699768066406,133.59300231933594,219.8780059814453,133.4669952392578
44.95,1.7850996564906964e-06,0.0,3.113932722786927e-14,7.472070899835203,105.75348921931763,98.78307516951764,212.40699768066406,133.59300231933594,219.8780059814453,133.4669952392578
45.0,2.1283884740688796e-06,0.0,3.113932722786927e-14,7.472070899835203,105.75348921931763,98.78307516951764,212.40699768066406,133.59300231933594,219.8780059814453,133.4669952392578
45.050000000000004,2.471677171388792e-06,0.0,3.113932722786927e-14,7.472070899835203,105.75348921931763,98.78307516951764,212.40699768066406,133.59300231933594,219.8780059814453,133.4669952392578
45.1,2.8149661833897813e-06,0.0,3.113932722786927e-14,7.472070899835203,105.75348921931763,98.78307516951764,212.40699768066406,133.59300231933594,219.8780059814453,133.4669952392578
45.150000000000006,2.746306781150017e-07,0.0,3.113932722786927e-14,7.472070899835203,105.75348921931763,98.78307516951764,212.40699768066406,133.59300231933594,219.8780059814453,133.4669952392578
45.2,6.179203050653689e-07,0.0,3.113932722786927e-14,7.472070899835203,105.75348921931763,98.78307516951764,212.40699768066406,133.59300231933594,219.8780059814453,133.4669952392578
45.25,9.612074051722544e-07,0.0,3.113932722786927e-14,7.472070899835203,105.75348921931763,98.78307516951764,212.40699768066406,133.59300231933594,219.8780059814453,133.4669952392578
45.300000000000004,1.3044960336465708e-06,0.0,3.113932722786927e-14,7.472070899835203,105.75348921931763,98.78307516951764,212.40699768066406,133.59300231933594,219.8780059814453,133.4669952392578
45.35,1.647784757830331e-06,0.0,3.113932722786927e-14,7.472070899835203,105.75348921931763,98.78307516951764,212.40699768066406,133.59300231933594,219.8780059814453,133.4669952392578
45.400000000000006,1.991073928469667e-06,0.0,3.113932722786927e-14,7.472070899835203,105.75348921931763,98.78307516951764,212.40699768066406,133.59300231933594,219.8780059814453,133.4669952392578
45.45,2.334363162914574e-06,0.0,3.113932722786927e-14,7.472070899835203,105.75348921931763,98.78307516951764,212.40699768066406,133.59300231933594,219.8780059814453,133.4669952392578
45.5,2.677651323917237e-06,0.0,3.113932722786927e-14,7.472070899835203,105.75348921931763,98.78307516951764,212.40699768066406,133.59300231933594,219.8780059814453,133.4669952392578
45.550000000000004,1.3731574588446096e-07,0.0,3.113932722786927e-14,7.472070899835203,105.75348921931763,98.78307516951764,212.40699768066406,133.59300231933594,219.8780059814453,133.4669952392578
45.6,4.806043076131704e-07,0.0,3.113932722786927e-14,7.472070899835203,105.75348921931763,98.78307516951764,212.40699768066406,133.59300231933594,219.8780059814453,133.4669952392578
45.650000000000006,8.238941011588179e-07,0.0,3.113932722786927e-14,7.472070899835203,105.75348921931763,98.78307516951764,212.40699768066406,133.59300231933594,219.8780059814453,133.4669952392578
45.7,1.1671828829352948e-06,0.0,3.113932722786927e-14,7.472070899835203,105.75348921931763,98.78307516951764,212.40699768066406,133.59300231933594,219.8780059814453,133.4669952392578
45.75,1.510471961270328e-06,0.0,3.113932722786927e-14,7.472070899835203,105.75348921931763,98.78307516951764,212.40699768066406,133.59300231933594,219.8780059814453,133.4669952392578
45.800000000000004,1.8537593624314086e-06,0.0,3.113932722786927e-14,7.472070899835203,105.75348921931763,98.78307516951764,212.40699768066406,133.59300231933594,219.8780059814453,133.4669952392578
45.85,2.197044148629182e-06,0.0,3.113932722786927e-14,7.472070899835203,105.75348921931763,98.78307516951764,212.40699768066406,133.59300231933594,219.8780059814453,133.4669952392578
45.900000000000006,2.540333092800984e-06,0.0,3.113932722786927e-14,7.472070899835203,105.75348921931763,98.78307516951764,212.40699768066406,133.59300231933594,219.8780059814453,133.4669952392578
45.95,0.0,0.0,3.113932722786927e-14,7.472070899835203,105.75348921931763,98.78307516951764,212.40699768066406,133.59300231933594,219.8780059814453,133.4669952392578
46.0,3.4329463181898966e-07,0.0,3.113932722786927e-14,7.472070899835203,105.75348921931763,98.78307516951764,212.40699768066406,133.59300231933594,219.8780059814453,133.4669952392578
46.050000000000004,6.865792059531487e-07,0.0,3.113932722786927e-14,7.472070899835203,105.75348921931763,98.78307516951764,212.40699768066406,133.59300231933594,219.8780059814453,133.4669952392578
46.1,1.0298665639965343e-06,0.0,3.113932722786927e-14,7.472070899835203,105.75348921931763,98.78307516951764,212.40699768066406,133.59300231933594,219.8780059814453,133.4669952392578
46.150000000000006,1.3731596233743172e-06,0.0,3.113932722786927e-14,7.472070899835203,105.75348921931763,98.78307516951764,212.40699768066406,133.59300231933594,219.8780059814453,133.4669952392578
46.2,1.7164429865430274e-06,0.0,3.113932722786927e-14,7.472070899835203,105.75348921931763,98.78307516951764,212.40699768066406,133.59300231933594,219.8780059814453,133.4669952392578
46.25,2.059730232374327e-06,0.0,3.113932722786927e-14,7.472070899835203,105.75348921931763,98.78307516951764,212.40699768066406,133.59300231933594,219.8780059814453,133.4669952392578
46.300000000000004,2.403018863713473e-06,0.0,3.113932722786927e-14,7.472070899835203,105.75348921931763,98.78307516951764,212.40699768066406,133.59300231933594,219.8780059814453,133.4669952392578
46.35,2.7463069372553634e-06,0.0,3.113932722786927e-14,7.472070899835203,105.75348921931763,98.78307516951764,212.40699768066406,133.59300231933594,219.8780059814453,133.4669952392578
46.400000000000006,2.0598315380581852e-07,0.0,3.113932722786927e-14,7.472070899835203,105.75348921931763,98.78307516951764,212.40699768066406,133.59300231933594,219.8780059814453,133.4669952392578
46.45,5.492696174685389e-07,0.0,3.113932722786927e-14,7.472070899835203,105.75348921931763,98.78307516951764,212.40699768066406,133.59300231933594,219.8780059814453,133.4669952392578
46.5,8.925516481713025e-07,0.0,3.113932722786927e-14,7.472070899835203,105.75348921931763,98.78307516951764,212.40699768066406,133.59300231933594,219.8780059814453,133.4669952392578
46.550000000000004,1.235837326706659e-06,0.0,3.113932722786927e-14,7.472070899835203,105.75348921931763,98.78307516951764,212.40699768066406,133.59300231933594,219.8780059814453,133.4669952392578
46.6,1.5791258933788868e-06,0.0,3.113932722786927e-14,7.472070899835203,105.75348921931763,98.78307516951764,212.40699768066406,133.59300231933594,219.8780059814453,133.4669952392578
46.650000000000006,1.922415856654605e-06,0.0,3.113932722786927e-14,7.472070899835203,105.75348921931763,98.78307516951764,212.40699768066406,133.59300231933594,219.8780059814453,133.4669952392578
46.7,2.2657039716941844e-06,0.0,3.113932722786927e-14,7.472070899835203,105.75348921931763,98.78307516951764,212.40699768066406,133.59300231933594,219.8780059814453,133.4669952392578
46.75,2.608992610010469e-06,0.0,3.113932722786927e-14,7.472070899835203,105.75348921931763,98.78307516951764,212.40699768066406,133.59300231933594,219.8780059814453,133.4669952392578
46.800000000000004,6.865782668811257e-08,0.0,3.113932722786927e-14,7.472070899835203,105.75348921931763,98.78307516951764,212.40699768066406,133.59300231933594,219.8780059814453,133.4669952392578
46.85,4.119463861028204e-07,0.0,3.113932722786927e-14,7.472070899835203,105.75348921931763,98.78307516951764,212.40699768066406,133.59300231933594,219.8780059814453,133.4669952392578
46.900000000000006,7.552405135237042e-07,0.0,3.113932722786927e-14,7.472070899835203,105.75348921931763,98.78307516951764,212.40699768066406,133.59300231933594,219.8780059814453,133.4669952392578
46.95,1.0985221530932354e-06,0.0,3.113932722786927e-14,7.472070899835203,105.75348921931763,98.78307516951764,212.40699768066406,133.59300231933594,219.8780059814453,133.4669952392578
47.0,1.441811833745954e-06,0.0,3.113932722786927e-14,7.472070899835203,105.75348921931763,98.78307516951764,212.40699768066406,133.59300231933594,219.8780059814453,133.4669952392578
47.050000000000004,1.785099636673219e-06,0.0,3.113932722786927e-14,7.472070899835203,105.75348921931763,98.78307516951764,212.40699768066406,133.59300231933594,219.8780059814453,133.4669952392578
47.1,2.128389205108606e-06,0.0,3.113932722786927e-14,7.472070899835203,105.75348921931763,98.78307516951764,212.40699768066406,133.59300231933594,219.8780059814453,133.4669952392578
47.150000000000006,2.4716790638238627e-06,0.0,3.113932722786927e-14,7.472070899835203,105.75348921931763,98.78307516951764,212.40699768066406,133.59300231933594,219.8780059814453,133.4669952392578
47.2,2.8149662555151005e-06,0.0,3.113932722786927e-14,7.472070899835203,105.75348921931763,98.78307516951764,212.40699768066406,133.59300231933594,219.8780059814453,133.4669952392578
47.25,2.74633694961872e-07,0.0,3.113932722786927e-14,7.472070899835203,105.75348921931763,98.78307516951764,212.40699768066406,133.59300231933594,219.8780059814453,133.4669952392578
47.300000000000004,6.179184148653995e-07,0.0,3.113932722786927e-14,7.472070899835203,105.75348921931763,98.78307516951764,212.40699768066406,133.59300231933594,219.8780059814453,133.4669952392578
47.35,9.612083572834616e-07,0.0,3.113932722786927e-14,7.472070899835203,105.75348921931763,98.78307516951764,212.40699768066406,133.59300231933594,219.8780059814453,133.4669952392578
47.400000000000006,1.304496020106573e-06,0.0,3.113932722786927e-14,7.472070899835203,105.75348921931763,98.78307516951764,212.40699768066406,133.59300231933594,219.8780059814453,133.4669952392578
47.45,1.64778477349717e-06,0.0,3.113932722786927e-14,7.472070899835203,105.75348921931763,98.78307516951764,212.40699768066406,133.59300231933594,219.8780059814453,133.4669952392578
47.5,1.991073799850845e-06,0.0,3.113932722786927e-14,7.472070899835203,105.75348921931763,98.78307516951764,212.40699768066406,133.59300231933594,219.8780059814453,133.4669952392578
47.550000000000004,2.3343624947651127e-06,0.0,3.113932722786927e-14,7.472070899835203,105.75348921931763,98.78307516951764,212.40699768066406,133.59300231933594,219.8780059814453,133.4669952392578
47.6,2.6776512181967807e-06,0.0,3.113932722786927e-14,7.472070899835203,105.75348921931763,98.78307516951764,212.40699768066406,133.59300231933594,219.8780059814453,133.4669952392578
47.650000000000006,1.3731574588446096e-07,0.0,3.113932722786927e-14,7.472070899835203,105.75348921931763,98.78307516951764,212.40699768066406,133.59300231933594,219.8780059814453,133.4669952392578
47.7,4.806036876175994e-07,0.0,3.113932722786927e-14,7.472070899835203,105.75348921931763,98.78307516951764,212.40699768066406,133.59300231933594,219.8780059814453,133.4669952392578
47.75,8.238923879352104e-07,0.0,3.113932722786927e-14,7.472070899835203,105.75348921931763,98.78307516951764,212.40699768066406,133.59300231933594,219.8780059814453,133.4669952392578
47.800000000000004,1.1671818200771426e-06,0.0,3.113932722786927e-14,7.472070899835203,105.75348921931763,98.78307516951764,212.40699768066406,133.59300231933594,219.8780059814453,133.4669952392578
47.85,1.510470286441793e-06,0.0,3.113932722786927e-14,7.472070899835203,105.75348921931763,98.78307516951764,212.40699768066406,133.59300231933594,219.8780059814453,133.4669952392578
47.900000000000006,1.85375914923856e-06,0.0,3.113932722786927e-14,7.472070899835203,105.75348921931763,98.78307516951764,212.40699768066406,133.59300231933594,219.8780059814453,133.4669952392578
47.95,2.1970440740066444e-06,0.0,3.113932722786927e-14,7.472070899835203,105.75348921931763,98.78307516951764,212.40699768066406,133.59300231933594,219.8780059814453,133.4669952392578
48.0,2.5403330965355614e-06,0.0,3.113932722786927e-14,7.472070899835203,105.75348921931763,98.78307516951764,212.40699768066406,133.59300231933594,219.8780059814453,133.4669952392578
48.050000000000004,0.0,0.0,3.113932722786927e-14,7.472070899835203,105.75348921931763,98.78307516951764,212.40699768066406,133.59300231933594,219.8780059814453,133.4669952392578
48.1,3.432884907154392e-07,0.0,3.113932722786927e-14,7.472070899835203,105.75348921931763,98.78307516951764,212.40699768066406,133.59300231933594,219.8780059814453,133.4669952392578
48.150000000000006,6.865778645981941e-07,0.0,3.113932722786927e-14,7.472070899835203,105.75348921931763,98.78307516951764,212.40699768066406,133.59300231933594,219.8780059814453,133.4669952392578
48.2,1.029867831563915e-06,0.0,3.113932722786927e-14,7.472070899835203,105.75348921931763,98.78307516951764,212.40699768066406,133.59300231933594,219.8780059814453,133.4669952392578
48.25,1.3731552054572556e-06,0.0,3.113932722786927e-14,7.472070899835203,105.75348921931763,98.78307516951764,212.40699768066406,133.59300231933594,219.8780059814453,133.4669952392578
48.300000000000004,1.7164404615463343e-06,0.0,3.113932722786927e-14,7.472070899835203,105.75348921931763,98.78307516951764,212.40699768066406,133.59300231933594,219.8780059814453,133.4669952392578
48.35,2.0597292701080226e-06,0.0,3.113932722786927e-14,7.472070899835203,105.75348921931763,98.78307516951764,212.40699768066406,133.59300231933594,219.8780059814453,133.4669952392578
48.400000000000006,2.4030185597405073e-06,0.0,3.113932722786927e-14,7.472070899835203,105.75348921931763,98.78307516951764,212.40699768066406,133.59300231933594,219.8780059814453,133.4669952392578
48.45,2.7463081757253715e-06,0.0,3.113932722786927e-14,7.472070899835203,105.75348921931763,98.78307516951764,212.40699768066406,133.59300231933594,219.8780059814453,133.4669952392578
48.5,2.0597388363861624e-07,0.0,3.113932722786927e-14,7.472070899835203,105.75348921931763,98.78307516951764,212.40699768066406,133.59300231933594,219.8780059814453,133.4669952392578
48.550000000000004,5.492637127191196e-07,0.0,3.113932722786927e-14,7.472070899835203,105.75348921931763,98.78307516951764,212.40699768066406,133.59300231933594,219.8780059814453,133.4669952392578
48.6,8.925533281223909e-07,0.0,3.113932722786927e-14,7.472070899835203,105.75348921931763,98.78307516951764,212.40699768066406,133.59300231933594,219.8780059814453,133.4669952392578
48.650000000000006,1.235836877129653e-06,0.0,3.113932722786927e-14,7.472070899835203,105.75348921931763,98.78307516951764,212.40699768066406,133.59300231933594,219.8780059814453,133.4669952392578
48.7,1.5791256162849432e-06,0.0,3.113932722786927e-14,7.472070899835203,105.75348921931763,98.78307516951764,212.40699768066406,133.59300231933594,219.8780059814453,133.4669952392578
48.75,1.922414886718966e-06,0.0,3.113932722786927e-14,7.472070899835203,105.75348921931763,98.78307516951764,212.40699768066406,133.59300231933594,219.8780059814453,133.4669952392578
48.800000000000004,2.2657040574162286e-06,0.0,3.113932722786927e-14,7.472070899835203,105.75348921931763,98.78307516951764,212.40699768066406,133.59300231933594,219.8780059814453,133.4669952392578
48.85,2.6089920931454774e-06,0.0,3.113932722786927e-14,7.472070899835203,105.75348921931763,98.78307516951764,212.40699768066406,133.59300231933594,219.8780059814453,133.4669952392578
48.900000000000006,6.865782668811257e-08,0.0,3.113932722786927e-14,7.472070899835203,105.75348921931763,98.78307516951764,212.40699768066406,133.59300231933594,219.8780059814453,133.4669952392578
48.95,4.1194903640599303e-07,0.0,3.113932722786927e-14,7.472070899835203,105.75348921931763,98.78307516951764,212.40699768066406,133.59300231933594,219.8780059814453,133.4669952392578
49.0,7.552378063450627e-07,0.0,3.113932722786927e-14,7.472070899835203,105.75348921931763,98.78307516951764,212.40699768066406,133.59300231933594,219.8780059814453,133.4669952392578
49.050000000000004,1.0985221531109892e-06,0.0,3.113932722786927e-14,7.472070899835203,105.75348921931763,98.78307516951764,212.40699768066406,133.59300231933594,219.8780059814453,133.4669952392578
49.1,1.4418118337459302e-06,0.0,3.113932722786927e-14,7.472070899835203,105.75348921931763,98.78307516951764,212.40699768066406,133.59300231933594,219.8780059814453,133.4669952392578
49.150000000000006,1.785099638915709e-06,0.0,3.113932722786927e-14,7.472070899835203,105.75348921931763,98.78307516951764,212.40699768066406,133.59300231933594,219.8780059814453,133.4669952392578
49.2,2.128389205108606e-06,0.0,3.113932722786927e-14,7.472070899835203,105.75348921931763,98.78307516951764,212.40699768066406,133.59300231933594,219.8780059814453,133.4669952392578
49.25,2.4716790638238627e-06,0.0,3.113932722786927e-14,7.472070899835203,105.75348921931763,98.78307516951764,212.40699768066406,133.59300231933594,219.8780059814453,133.4669952392578
49.300000000000004,2.8149662555151005e-06,0.0,3.113932722786927e-14,7.472070899835203,105.75348921931763,98.78307516951764,212.40699768066406,133.59300231933594,219.8780059814453,133.4669952392578
49.35,2.74633694961872e-07,0.0,3.113932722786927e-14,7.472070899835203,105.75348921931763,98.78307516951764,212.40699768066406,133.59300231933594,219.8780059814453,133.4669952392578
49.400000000000006,6.179184162890112e-07,0.0,3.113932722786927e-14,7.472070899835203,105.75348921931763,98.78307516951764,212.40699768066406,133.59300231933594,219.8780059814453,133.4669952392578
49.45,9.612096503885218e-07,0.0,3.113932722786927e-14,7.472070899835203,105.75348921931763,98.78307516951764,212.40699768066406,133.59300231933594,219.8780059814453,133.4669952392578
49.5,1.3044961076368226e-06,0.0,3.113932722786927e-14,7.472070899835203,105.75348921931763,98.78307516951764,212.40699768066406,133.59300231933594,219.8780059814453,133.4669952392578
49.550000000000004,1.6477856216504912e-06,0.0,3.113932722786927e-14,7.472070899835203,105.75348921931763,98.78307516951764,212.40699768066406,133.59300231933594,219.8780059814453,133.4669952392578
49.6,1.9910736548845927e-06,0.0,3.113932722786927e-14,7.472070899835203,105.75348921931763,98.78307516951764,212.40699768066406,133.59300231933594,219.8780059814453,133.4669952392578
49.650000000000006,2.334363165189153e-06,0.0,3.113932722786927e-14,7.472070899835203,105.75348921931763,98.78307516951764,212.40699768066406,133.59300231933594,219.8780059814453,133.4669952392578
49.7,2.677651939556323e-06,0.0,3.113932722786927e-14,7.472070899835203,105.75348921931763,98.78307516951764,212.40699768066406,133.59300231933594,219.8780059814453,133.4669952392578
49.75,1.3731795391845935e-07,0.0,3.113932722786927e-14,7.472070899835203,105.75348921931763,98.78307516951764,212.40699768066406,133.59300231933594,219.8780059814453,133.4669952392578
49.800000000000004,4.806036170686895e-07,0.0,3.113932722786927e-14,7.472070899835203,105.75348921931763,98.78307516951764,212.40699768066406,133.59300231933594,219.8780059814453,133.4669952392578
49.85,8.238936890849505e-07,0.0,3.113932722786927e-14,7.472070899835203,105.75348921931763,98.78307516951764,212.40699768066406,133.59300231933594,219.8780059814453,133.4669952392578
49.900000000000006,1.1671814644178442e-06,0.0,3.113932722786927e-14,7.472070899835203,105.75348921931763,98.78307516951764,212.40699768066406,133.59300231933594,219.8780059814453,133.4669952392578
49.95,1.5104700187719814e-06,0.0,3.113932722786927e-14,7.472070899835203,105.75348921931763,98.78307516951764,212.40699768066406,133.59300231933594,219.8780059814453,133.4669952392578
50.0,1.8537607127336563e-06,0.0,3.113932722786927e-14,7.472070899835203,105.75348921931763,98.78307516951764,212.40699768066406,133.59300231933594,219.8780059814453,133.4669952392578
50.050000000000004,2.1970440231417586e-06,0.0,3.113932722786927e-14,7.472070899835203,105.75348921931763,98.78307516951764,212.40699768066406,133.59300231933594,219.8780059814453,133.4669952392578
50.1,2.540332821482463e-06,0.0,3.113932722786927e-14,7.472070899835203,105.75348921931763,98.78307516951764,212.40699768066406,133.59300231933594,219.8780059814453,133.4669952392578
50.150000000000006,0.0,0.0,3.113932722786927e-14,7.472070899835203,105.75348921931763,98.78307516951764,212.40699768066406,133.59300231933594,219.8780059814453,133.4669952392578
50.2,3.432885976110282e-07,0.0,3.113932722786927e-14,7.472070899835203,105.75348921931763,98.78307516951764,212.40699768066406,133.59300231933594,219.8780059814453,133.4669952392578
50.25,6.86577886830694e-07,0.0,3.113932722786927e-14,7.472070899835203,105.75348921931763,98.78307516951764,212.40699768066406,133.59300231933594,219.8780059814453,133.4669952392578
50.300000000000004,1.0298685720824784e-06,0.0,3.113932722786927e-14,7.472070899835203,105.75348921931763,98.78307516951764,212.40699768066406,133.59300231933594,219.8780059814453,133.4669952392578
50.35,1.373155603496915e-06,0.0,3.113932722786927e-14,7.472070899835203,105.75348921931763,98.78307516951764,212.40699768066406,133.59300231933594,219.8780059814453,133.4669952392578
50.400000000000006,1.7164405258230898e-06,0.0,3.113932722786927e-14,7.472070899835203,105.75348921931763,98.78307516951764,212.40699768066406,133.59300231933594,219.8780059814453,133.4669952392578
50.45,2.059729263090619e-06,0.0,3.113932722786927e-14,7.472070899835203,105.75348921931763,98.78307516951764,212.40699768066406,133.59300231933594,219.8780059814453,133.4669952392578
50.5,2.403019421519453e-06,0.0,3.113932722786927e-14,7.472070899835203,105.75348921931763,98.78307516951764,212.40699768066406,133.59300231933594,219.8780059814453,133.4669952392578
50.550000000000004,2.746307898646909e-06,0.0,3.113932722786927e-14,7.472070899835203,105.75348921931763,98.78307516951764,212.40699768066406,133.59300231933594,219.8780059814453,133.4669952392578
50.6,2.0597388363861624e-07,0.0,3.113932722786927e-14,7.472070899835203,105.75348921931763,98.78307516951764,212.40699768066406,133.59300231933594,219.8780059814453,133.4669952392578
50.650000000000006,5.492641908202424e-07,0.0,3.113932722786927e-14,7.472070899835203,105.75348921931763,98.78307516951764,212.40699768066406,133.59300231933594,219.8780059814453,133.4669952392578
50.7,8.925554434494631e-07,0.0,3.113932722786927e-14,7.472070899835203,105.75348921931763,98.78307516951764,212.40699768066406,133.59300231933594,219.8780059814453,133.4669952392578
50.75,1.2358378175757397e-06,0.0,3.113932722786927e-14,7.472070899835203,105.75348921931763,98.78307516951764,212.40699768066406,133.59300231933594,219.8780059814453,133.4669952392578
50.800000000000004,1.5791299170135185e-06,0.0,3.113932722786927e-14,7.472070899835203,105.75348921931763,98.78307516951764,212.40699768066406,133.59300231933594,219.8780059814453,133.4669952392578
50.85,1.9224150129691165e-06,0.0,3.113932722786927e-14,7.472070899835203,105.75348921931763,98.78307516951764,212.40699768066406,133.59300231933594,219.8780059814453,133.4669952392578
50.900000000000006,2.2657033111100825e-06,0.0,3.113932722786927e-14,7.472070899835203,105.75348921931763,98.78307516951764,212.40699768066406,133.59300231933594,219.8780059814453,133.4669952392578
50.95,2.6089920325990596e-06,0.0,3.113932722786927e-14,7.472070899835203,105.75348921931763,98.78307516951764,212.40699768066406,133.59300231933594,219.8780059814453,133.4669952392578
51.0,6.86578906313025e-08,0.0,3.113932722786927e-14,7.472070899835203,105.75348921931763,98.78307516951764,212.40699768066406,133.59300231933594,219.8780059814453,133.4669952392578
51.050000000000004,4.119461196545334e-07,0.0,3.113932722786927e-14,7.472070899835203,105.75348921931763,98.78307516951764,212.40699768066406,133.59300231933594,219.8780059814453,133.4669952392578
51.1,7.552374922850149e-07,0.0,3.113932722786927e-14,7.472070899835203,105.75348921931763,98.78307516951764,212.40699768066406,133.59300231933594,219.8780059814453,133.4669952392578
51.150000000000006,1.0985222150636697e-06,0.0,3.113932722786927e-14,7.472070899835203,105.75348921931763,98.78307516951764,212.40699768066406,133.59300231933594,219.8780059814453,133.4669952392578
51.2,1.4418108774722923e-06,0.0,3.113932722786927e-14,7.472070899835203,105.75348921931763,98.78307516951764,212.40699768066406,133.59300231933594,219.8780059814453,133.4669952392578
51.25,1.7851007591406896e-06,0.0,3.113932722786927e-14,7.472070899835203,105.75348921931763,98.78307516951764,212.40699768066406,133.59300231933594,219.8780059814453,133.4669952392578
51.300000000000004,2.1283895459716005e-06,0.0,3.113932722786927e-14,7.472070899835203,105.75348921931763,98.78307516951764,212.40699768066406,133.59300231933594,219.8780059814453,133.4669952392578
51.35,2.4716777191851666e-06,0.0,3.113932722786927e-14,7.472070899835203,105.75348921931763,98.78307516951764,212.40699768066406,133.59300231933594,219.8780059814453,133.4669952392578
51.400000000000006,2.8149661517063127e-06,0.0,3.113932722786927e-14,7.472070899835203,105.75348921931763,98.78307516951764,212.40699768066406,133.59300231933594,219.8780059814453,133.4669952392578
51.45,2.7463256019873583e-07,0.0,3.113932722786927e-14,7.472070899835203,105.75348921931763,98.78307516951764,212.40699768066406,133.59300231933594,219.8780059814453,133.4669952392578
51.5,6.179188443189647e-07,0.0,3.113932722786927e-14,7.472070899835203,105.75348921931763,98.78307516951764,212.40699768066406,133.59300231933594,219.8780059814453,133.4669952392578
51.550000000000004,9.61207852524876e-07,0.0,3.113932722786927e-14,7.472070899835203,105.75348921931763,98.78307516951764,212.40699768066406,133.59300231933594,219.8780059814453,133.4669952392578
51.6,1.3044959944090325e-06,0.0,3.113932722786927e-14,7.472070899835203,105.75348921931763,98.78307516951764,212.40699768066406,133.59300231933594,219.8780059814453,133.4669952392578
51.650000000000006,1.6477848831357794e-06,0.0,3.113932722786927e-14,7.472070899835203,105.75348921931763,98.78307516951764,212.40699768066406,133.59300231933594,219.8780059814453,133.4669952392578
51.7,1.991073651201181e-06,0.0,3.113932722786927e-14,7.472070899835203,105.75348921931763,98.78307516951764,212.40699768066406,133.59300231933594,219.8780059814453,133.4669952392578
51.75,2.334362535494253e-06,0.0,3.113932722786927e-14,7.472070899835203,105.75348921931763,98.78307516951764,212.40699768066406,133.59300231933594,219.8780059814453,133.4669952392578
51.800000000000004,2.6776512736322237e-06,0.0,3.113932722786927e-14,7.472070899835203,105.75348921931763,98.78307516951764,212.40699768066406,133.59300231933594,219.8780059814453,133.4669952392578
51.85,1.3731574588446096e-07,0.0,3.113932722786927e-14,7.472070899835203,105.75348921931763,98.78307516951764,212.40699768066406,133.59300231933594,219.8780059814453,133.4669952392578
51.900000000000006,4.806054741135774e-07,0.0,3.113932722786927e-14,7.472070899835203,105.75348921931763,98.78307516951764,212.40699768066406,133.59300231933594,219.8780059814453,133.4669952392578
51.95,8.23892591136872e-07,0.0,3.113932722786927e-14,7.472070899835203,105.75348921931763,98.78307516951764,212.40699768066406,133.59300231933594,219.8780059814453,133.4669952392578
52.0,1.1671824561278176e-06,0.0,3.113932722786927e-14,7.472070899835203,105.75348921931763,98.78307516951764,212.40699768066406,133.59300231933594,219.8780059814453,133.4669952392578
52.050000000000004,1.5104709526117207e-06,0.0,3.113932722786927e-14,7.472070899835203,105.75348921931763,98.78307516951764,212.40699768066406,133.59300231933594,219.8780059814453,133.4669952392578
52.1,1.8537591053519542e-06,0.0,3.113932722786927e-14,7.472070899835203,105.75348921931763,98.78307516951764,212.40699768066406,133.59300231933594,219.8780059814453,133.4669952392578
52.150000000000006,2.1970440266726426e-06,0.0,3.113932722786927e-14,7.472070899835203,105.75348921931763,98.78307516951764,212.40699768066406,133.59300231933594,219.8780059814453,133.4669952392578
52.2,2.540333883579599e-06,0.0,3.113932722786927e-14,7.472070899835203,105.75348921931763,98.78307516951764,212.40699768066406,133.59300231933594,219.8780059814453,133.4669952392578
52.25,0.0,0.0,3.113932722786927e-14,7.472070899835203,105.75348921931763,98.78307516951764,212.40699768066406,133.59300231933594,219.8780059814453,133.4669952392578
52.300000000000004,3.4329463181898966e-07,0.0,3.113932722786927e-14,7.472070899835203,105.75348921931763,98.78307516951764,212.40699768066406,133.59300231933594,219.8780059814453,133.4669952392578
52.35,6.865792059531487e-07,0.0,3.113932722786927e-14,7.472070899835203,105.75348921931763,98.78307516951764,212.40699768066406,133.59300231933594,219.8780059814453,133.4669952392578
52.400000000000006,1.0298665639965343e-06,0.0,3.113932722786927e-14,7.472070899835203,105.75348921931763,98.78307516951764,212.40699768066406,133.59300231933594,219.8780059814453,133.4669952392578
52.45,1.3731578882129783e-06,0.0,3.113932722786927e-14,7.472070899835203,105.75348921931763,98.78307516951764,212.40699768066406,133.59300231933594,219.8780059814453,133.4669952392578
52.5,1.7164419404712028e-06,0.0,3.113932722786927e-14,7.472070899835203,105.75348921931763,98.78307516951764,212.40699768066406,133.59300231933594,219.8780059814453,133.4669952392578
52.550000000000004,2.0597302304948427e-06,0.0,3.113932722786927e-14,7.472070899835203,105.75348921931763,98.78307516951764,212.40699768066406,133.59300231933594,219.8780059814453,133.4669952392578
52.6,2.4030183262552647e-06,0.0,3.113932722786927e-14,7.472070899835203,105.75348921931763,98.78307516951764,212.40699768066406,133.59300231933594,219.8780059814453,133.4669952392578
52.650000000000006,2.7463068384330946e-06,0.0,3.113932722786927e-14,7.472070899835203,105.75348921931763,98.78307516951764,212.40699768066406,133.59300231933594,219.8780059814453,133.4669952392578
52.7,2.0597700205037554e-07,0.0,3.113932722786927e-14,7.472070899835203,105.75348921931763,98.78307516951764,212.40699768066406,133.59300231933594,219.8780059814453,133.4669952392578
52.75,5.492691641783165e-07,0.0,3.113932722786927e-14,7.472070899835203,105.75348921931763,98.78307516951764,212.40699768066406,133.59300231933594,219.8780059814453,133.4669952392578
52.800000000000004,8.92551964917343e-07,0.0,3.113932722786927e-14,7.472070899835203,105.75348921931763,98.78307516951764,212.40699768066406,133.59300231933594,219.8780059814453,133.4669952392578
52.85,1.2358377534522209e-06,0.0,3.113932722786927e-14,7.472070899835203,105.75348921931763,98.78307516951764,212.40699768066406,133.59300231933594,219.8780059814453,133.4669952392578
52.900000000000006,1.5791258589018786e-06,0.0,3.113932722786927e-14,7.472070899835203,105.75348921931763,98.78307516951764,212.40699768066406,133.59300231933594,219.8780059814453,133.4669952392578
52.95,1.9224144997730046e-06,0.0,3.113932722786927e-14,7.472070899835203,105.75348921931763,98.78307516951764,212.40699768066406,133.59300231933594,219.8780059814453,133.4669952392578
53.0,2.2657045182172286e-06,0.0,3.113932722786927e-14,7.472070899835203,105.75348921931763,98.78307516951764,212.40699768066406,133.59300231933594,219.8780059814453,133.4669952392578
53.050000000000004,2.6089956473996347e-06,0.0,3.113932722786927e-14,7.472070899835203,105.75348921931763,98.78307516951764,212.40699768066406,133.59300231933594,219.8780059814453,133.4669952392578
53.1,6.865808218564266e-08,0.0,3.113932722786927e-14,7.472070899835203,105.75348921931763,98.78307516951764,212.40699768066406,133.59300231933594,219.8780059814453,133.4669952392578
53.150000000000006,4.119655006967968e-07,0.0,3.113932722786927e-14,7.472070899835203,105.75348921931763,98.78307516951764,212.40699768066406,133.59300231933594,219.8780059814453,133.4669952392578
53.2,7.552361525190881e-07,0.0,3.113932722786927e-14,7.472070899835203,105.75348921931763,98.78307516951764,212.40699768066406,133.59300231933594,219.8780059814453,133.4669952392578
53.25,1.098521979238988e-06,0.0,3.113932722786927e-14,7.472070899835203,105.75348921931763,98.78307516951764,212.40699768066406,133.59300231933594,219.8780059814453,133.4669952392578
53.300000000000004,1.4418110190533338e-06,0.0,3.113932722786927e-14,7.472070899835203,105.75348921931763,98.78307516951764,212.40699768066406,133.59300231933594,219.8780059814453,133.4669952392578
53.35,1.785101835368524e-06,0.0,3.113932722786927e-14,7.472070899835203,105.75348921931763,98.78307516951764,212.40699768066406,133.59300231933594,219.8780059814453,133.4669952392578
53.400000000000006,2.128393930688309e-06,0.0,3.113932722786927e-14,7.472070899835203,105.75348921931763,98.78307516951764,212.40699768066406,133.59300231933594,219.8780059814453,133.4669952392578
53.45,2.471677198639628e-06,0.0,3.113932722786927e-14,7.472070899835203,105.75348921931763,98.78307516951764,212.40699768066406,133.59300231933594,219.8780059814453,133.4669952392578
53.5,2.8149686578483715e-06,0.0,3.113932722786927e-14,7.472070899835203,105.75348921931763,98.78307516951764,212.40699768066406,133.59300231933594,219.8780059814453,133.4669952392578
53.550000000000004,2.7463256019873583e-07,0.0,3.113932722786927e-14,7.472070899835203,105.75348921931763,98.78307516951764,212.40699768066406,133.59300231933594,219.8780059814453,133.4669952392578
53.6,6.179186764367464e-07,0.0,3.113932722786927e-14,7.472070899835203,105.75348921931763,98.78307516951764,212.40699768066406,133.59300231933594,219.8780059814453,133.4669952392578
53.650000000000006,9.61209461999967e-07,0.0,3.113932722786927e-14,7.472070899835203,105.75348921931763,98.78307516951764,212.40699768066406,133.59300231933594,219.8780059814453,133.4669952392578
53.7,1.304496946703007e-06,0.0,3.113932722786927e-14,7.472070899835203,105.75348921931763,98.78307516951764,212.40699768066406,133.59300231933594,219.8780059814453,133.4669952392578
53.75,1.647786169599376e-06,0.0,3.113932722786927e-14,7.472070899835203,105.75348921931763,98.78307516951764,212.40699768066406,133.59300231933594,219.8780059814453,133.4669952392578
53.800000000000004,1.9910738593256715e-06,0.0,3.113932722786927e-14,7.472070899835203,105.75348921931763,98.78307516951764,212.40699768066406,133.59300231933594,219.8780059814453,133.4669952392578
53.85,2.3343634236506636e-06,0.0,3.113932722786927e-14,7.472070899835203,105.75348921931763,98.78307516951764,212.40699768066406,133.59300231933594,219.8780059814453,133.4669952392578
53.900000000000006,2.677652155392048e-06,0.0,3.113932722786927e-14,7.472070899835203,105.75348921931763,98.78307516951764,212.40699768066406,133.59300231933594,219.8780059814453,133.4669952392578
53.95,1.3731567122152517e-07,0.0,3.113932722786927e-14,7.472070899835203,105.75348921931763,98.78307516951764,212.40699768066406,133.59300231933594,219.8780059814453,133.4669952392578
54.0,4.806040227892509e-07,0.0,3.113932722786927e-14,7.472070899835203,105.75348921931763,98.78307516951764,212.40699768066406,133.59300231933594,219.8780059814453,133.4669952392578
54.050000000000004,8.238958715148164e-07,0.0,3.113932722786927e-14,7.472070899835203,105.75348921931763,98.78307516951764,212.40699768066406,133.59300231933594,219.8780059814453,133.4669952392578
54.1,1.1671813422146355e-06,0.0,3.113932722786927e-14,7.472070899835203,105.75348921931763,98.78307516951764,212.40699768066406,133.59300231933594,219.8780059814453,133.4669952392578
54.150000000000006,1.5104703421993606e-06,0.0,3.113932722786927e-14,7.472070899835203,105.75348921931763,98.78307516951764,212.40699768066406,133.59300231933594,219.8780059814453,133.4669952392578
54.2,1.8537587942666682e-06,0.0,3.113932722786927e-14,7.472070899835203,105.75348921931763,98.78307516951764,212.40699768066406,133.59300231933594,219.8780059814453,133.4669952392578
54.25,2.1970449566182454e-06,0.0,3.113932722786927e-14,7.472070899835203,105.75348921931763,98.78307516951764,212.40699768066406,133.59300231933594,219.8780059814453,133.4669952392578
54.300000000000004,2.540333778520226e-06,0.0,3.113932722786927e-14,7.472070899835203,105.75348921931763,98.78307516951764,212.40699768066406,133.59300231933594,219.8780059814453,133.4669952392578
54.35,0.0,0.0,3.113932722786927e-14,7.472070899835203,105.75348921931763,98.78307516951764,212.40699768066406,133.59300231933594,219.8780059814453,133.4669952392578
54.400000000000006,3.432935580716703e-07,0.0,3.113932722786927e-14,7.472070899835203,105.75348921931763,98.78307516951764,212.40699768066406,133.59300231933594,219.8780059814453,133.4669952392578
54.45,6.865776997213849e-07,0.0,3.113932722786927e-14,7.472070899835203,105.75348921931763,98.78307516951764,212.40699768066406,133.59300231933594,219.8780059814453,133.4669952392578
54.5,1.02986642063634e-06,0.0,3.113932722786927e-14,7.472070899835203,105.75348921931763,98.78307516951764,212.40699768066406,133.59300231933594,219.8780059814453,133.4669952392578
54.550000000000004,1.373155416973858e-06,0.0,3.113932722786927e-14,7.472070899835203,105.75348921931763,98.78307516951764,212.40699768066406,133.59300231933594,219.8780059814453,133.4669952392578
54.6,1.7164404976809823e-06,0.0,3.113932722786927e-14,7.472070899835203,105.75348921931763,98.78307516951764,212.40699768066406,133.59300231933594,219.8780059814453,133.4669952392578
54.650000000000006,2.0597303441550637e-06,0.0,3.113932722786927e-14,7.472070899835203,105.75348921931763,98.78307516951764,212.40699768066406,133.59300231933594,219.8780059814453,133.4669952392578
54.7,2.4030189230334797e-06,0.0,3.113932722786927e-14,7.472070899835203,105.75348921931763,98.78307516951764,212.40699768066406,133.59300231933594,219.8780059814453,133.4669952392578
54.75,2.746308926685053e-06,0.0,3.113932722786927e-14,7.472070899835203,105.75348921931763,98.78307516951764,212.40699768066406,133.59300231933594,219.8780059814453,133.4669952392578
54.800000000000004,2.0599419889850551e-07,0.0,3.113932722786927e-14,7.472070899835203,105.75348921931763,98.78307516951764,212.40699768066406,133.59300231933594,219.8780059814453,133.4669952392578
54.85,5.492688234571417e-07,0.0,3.113932722786927e-14,7.472070899835203,105.75348921931763,98.78307516951764,212.40699768066406,133.59300231933594,219.8780059814453,133.4669952392578
54.900000000000006,8.925533468901305e-07,0.0,3.113932722786927e-14,7.472070899835203,105.75348921931763,98.78307516951764,212.40699768066406,133.59300231933594,219.8780059814453,133.4669952392578
54.95,1.2358454506360644e-06,0.0,3.113932722786927e-14,7.472070899835203,105.75348921931763,98.78307516951764,212.40699768066406,133.59300231933594,219.8780059814453,133.4669952392578
55.0,1.5791267634317802e-06,0.0,3.113932722786927e-14,7.472070899835203,105.75348921931763,98.78307516951764,212.40699768066406,133.59300231933594,219.8780059814453,133.4669952392578
55.050000000000004,1.922416283809688e-06,0.0,3.113932722786927e-14,7.472070899835203,105.75348921931763,98.78307516951764,212.40699768066406,133.59300231933594,219.8780059814453,133.4669952392578
55.1,2.2657033289574547e-06,0.0,3.113932722786927e-14,7.472070899835203,105.75348921931763,98.78307516951764,212.40699768066406,133.59300231933594,219.8780059814453,133.4669952392578
55.150000000000006,2.608993850946984e-06,0.0,3.113932722786927e-14,7.472070899835203,105.75348921931763,98.78307516951764,212.40699768066406,133.59300231933594,219.8780059814453,133.4669952392578
55.2,6.865789063129321e-08,0.0,3.113932722786927e-14,7.472070899835203,105.75348921931763,98.78307516951764,212.40699768066406,133.59300231933594,219.8780059814453,133.4669952392578
55.25,4.1194589488633566e-07,0.0,3.113932722786927e-14,7.472070899835203,105.75348921931763,98.78307516951764,212.40699768066406,133.59300231933594,219.8780059814453,133.4669952392578
55.300000000000004,7.552338467986892e-07,0.0,3.113932722786927e-14,7.472070899835203,105.75348921931763,98.78307516951764,212.40699768066406,133.59300231933594,219.8780059814453,133.4669952392578
55.35,1.0985223813409648e-06,0.0,3.113932722786927e-14,7.472070899835203,105.75348921931763,98.78307516951764,212.40699768066406,133.59300231933594,219.8780059814453,133.4669952392578
55.400000000000006,1.4418108544426172e-06,0.0,3.113932722786927e-14,7.472070899835203,105.75348921931763,98.78307516951764,212.40699768066406,133.59300231933594,219.8780059814453,133.4669952392578
55.45,1.7850996633905796e-06,0.0,3.113932722786927e-14,7.472070899835203,105.75348921931763,98.78307516951764,212.40699768066406,133.59300231933594,219.8780059814453,133.4669952392578
55.5,2.1283887174998497e-06,0.0,3.113932722786927e-14,7.472070899835203,105.75348921931763,98.78307516951764,212.40699768066406,133.59300231933594,219.8780059814453,133.4669952392578
55.550000000000004,2.4716791829340872e-06,0.0,3.113932722786927e-14,7.472070899835203,105.75348921931763,98.78307516951764,212.40699768066406,133.59300231933594,219.8780059814453,133.4669952392578
55.6,2.814966181105537e-06,0.0,3.113932722786927e-14,7.472070899835203,105.75348921931763,98.78307516951764,212.40699768066406,133.59300231933594,219.8780059814453,133.4669952392578
55.650000000000006,2.746423086160912e-07,0.0,3.113932722786927e-14,7.472070899835203,105.75348921931763,98.78307516951764,212.40699768066406,133.59300231933594,219.8780059814453,133.4669952392578
55.7,6.179218715623706e-07,0.0,3.113932722786927e-14,7.472070899835203,105.75348921931763,98.78307516951764,212.40699768066406,133.59300231933594,219.8780059814453,133.4669952392578
55.75,9.612100317728776e-07,0.0,3.113932722786927e-14,7.472070899835203,105.75348921931763,98.78307516951764,212.40699768066406,133.59300231933594,219.8780059814453,133.4669952392578
55.800000000000004,1.3044973519573247e-06,0.0,3.113932722786927e-14,7.472070899835203,105.75348921931763,98.78307516951764,212.40699768066406,133.59300231933594,219.8780059814453,133.4669952392578
55.85,1.6477852750728806e-06,0.0,3.113932722786927e-14,7.472070899835203,105.75348921931763,98.78307516951764,212.40699768066406,133.59300231933594,219.8780059814453,133.4669952392578
55.900000000000006,1.991074227795485e-06,0.0,3.113932722786927e-14,7.472070899835203,105.75348921931763,98.78307516951764,212.40699768066406,133.59300231933594,219.8780059814453,133.4669952392578
55.95,2.334365421326013e-06,0.0,3.113932722786927e-14,7.472070899835203,105.75348921931763,98.78307516951764,212.40699768066406,133.59300231933594,219.8780059814453,133.4669952392578
56.0,2.6776519635520894e-06,0.0,3.113932722786927e-14,7.472070899835203,105.75348921931763,98.78307516951764,212.40699768066406,133.59300231933594,219.8780059814453,133.4669952392578
56.050000000000004,1.3731795391845935e-07,0.0,3.113932722786927e-14,7.472070899835203,105.75348921931763,98.78307516951764,212.40699768066406,133.59300231933594,219.8780059814453,133.4669952392578
56.1,4.806072923527564e-07,0.0,3.113932722786927e-14,7.472070899835203,105.75348921931763,98.78307516951764,212.40699768066406,133.59300231933594,219.8780059814453,133.4669952392578
56.150000000000006,8.238925629525072e-07,0.0,3.113932722786927e-14,7.472070899835203,105.75348921931763,98.78307516951764,212.40699768066406,133.59300231933594,219.8780059814453,133.4669952392578
56.2,1.167183609378825e-06,0.0,3.113932722786927e-14,7.472070899835203,105.75348921931763,98.78307516951764,212.40699768066406,133.59300231933594,219.8780059814453,133.4669952392578
56.25,1.5104711770583704e-06,0.0,3.113932722786927e-14,7.472070899835203,105.75348921931763,98.78307516951764,212.40699768066406,133.59300231933594,219.8780059814453,133.4669952392578
56.300000000000004,1.8537604601834685e-06,0.0,3.113932722786927e-14,7.472070899835203,105.75348921931763,98.78307516951764,212.40699768066406,133.59300231933594,219.8780059814453,133.4669952392578
56.35,2.197044861746084e-06,0.0,3.113932722786927e-14,7.472070899835203,105.75348921931763,98.78307516951764,212.40699768066406,133.59300231933594,219.8780059814453,133.4669952392578
56.400000000000006,2.54033295017357e-06,0.0,3.113932722786927e-14,7.472070899835203,105.75348921931763,98.78307516951764,212.40699768066406,133.59300231933594,219.8780059814453,133.4669952392578
56.45,0.0,0.0,3.113932722786927e-14,7.472070899835203,105.75348921931763,98.78307516951764,212.40699768066406,133.59300231933594,219.8780059814453,133.4669952392578
56.5,3.432916061385075e-07,0.0,3.113932722786927e-14,7.472070899835203,105.75348921931763,98.78307516951764,212.40699768066406,133.59300231933594,219.8780059814453,133.4669952392578
56.550000000000004,6.86581963003528e-07,0.0,3.113932722786927e-14,7.472070899835203,105.75348921931763,98.78307516951764,212.40699768066406,133.59300231933594,219.8780059814453,133.4669952392578
56.6,1.02986828620214e-06,0.0,3.113932722786927e-14,7.472070899835203,105.75348921931763,98.78307516951764,212.40699768066406,133.59300231933594,219.8780059814453,133.4669952392578
56.650000000000006,1.3731564487237478e-06,0.0,3.113932722786927e-14,7.472070899835203,105.75348921931763,98.78307516951764,212.40699768066406,133.59300231933594,219.8780059814453,133.4669952392578
56.7,1.7164408819930872e-06,0.0,3.113932722786927e-14,7.472070899835203,105.75348921931763,98.78307516951764,212.40699768066406,133.59300231933594,219.8780059814453,133.4669952392578
56.75,2.059730428467027e-06,0.0,3.113932722786927e-14,7.472070899835203,105.75348921931763,98.78307516951764,212.40699768066406,133.59300231933594,219.8780059814453,133.4669952392578
56.800000000000004,2.403019767405225e-06,0.0,3.113932722786927e-14,7.472070899835203,105.75348921931763,98.78307516951764,212.40699768066406,133.59300231933594,219.8780059814453,133.4669952392578
56.85,2.746306841356496e-06,0.0,3.113932722786927e-14,7.472070899835203,105.75348921931763,98.78307516951764,212.40699768066406,133.59300231933594,219.8780059814453,133.4669952392578
56.900000000000006,2.0597814487266283e-07,0.0,3.113932722786927e-14,7.472070899835203,105.75348921931763,98.78307516951764,212.40699768066406,133.59300231933594,219.8780059814453,133.4669952392578
56.95,5.492628856288562e-07,0.0,3.113932722786927e-14,7.472070899835203,105.75348921931763,98.78307516951764,212.40699768066406,133.59300231933594,219.8780059814453,133.4669952392578
57.0,8.925533804538971e-07,0.0,3.113932722786927e-14,7.472070899835203,105.75348921931763,98.78307516951764,212.40699768066406,133.59300231933594,219.8780059814453,133.4669952392578
57.050000000000004,1.2358375133081683e-06,0.0,3.113932722786927e-14,7.472070899835203,105.75348921931763,98.78307516951764,212.40699768066406,133.59300231933594,219.8780059814453,133.4669952392578
57.1,1.579126929934786e-06,0.0,3.113932722786927e-14,7.472070899835203,105.75348921931763,98.78307516951764,212.40699768066406,133.59300231933594,219.8780059814453,133.4669952392578
57.150000000000006,1.922414460115352e-06,0.0,3.113932722786927e-14,7.472070899835203,105.75348921931763,98.78307516951764,212.40699768066406,133.59300231933594,219.8780059814453,133.4669952392578
57.2,2.2657032091530888e-06,0.0,3.113932722786927e-14,7.472070899835203,105.75348921931763,98.78307516951764,212.40699768066406,133.59300231933594,219.8780059814453,133.4669952392578
57.25,2.6089934257847283e-06,0.0,3.113932722786927e-14,7.472070899835203,105.75348921931763,98.78307516951764,212.40699768066406,133.59300231933594,219.8780059814453,133.4669952392578
57.300000000000004,6.86578906313025e-08,0.0,3.113932722786927e-14,7.472070899835203,105.75348921931763,98.78307516951764,212.40699768066406,133.59300231933594,219.8780059814453,133.4669952392578
57.35,4.11944544054728e-07,0.0,3.113932722786927e-14,7.472070899835203,105.75348921931763,98.78307516951764,212.40699768066406,133.59300231933594,219.8780059814453,133.4669952392578
57.400000000000006,7.552338858423121e-07,0.0,3.113932722786927e-14,7.472070899835203,105.75348921931763,98.78307516951764,212.40699768066406,133.59300231933594,219.8780059814453,133.4669952392578
57.45,1.0985219923396226e-06,0.0,3.113932722786927e-14,7.472070899835203,105.75348921931763,98.78307516951764,212.40699768066406,133.59300231933594,219.8780059814453,133.4669952392578
57.5,1.4418108794549557e-06,0.0,3.113932722786927e-14,7.472070899835203,105.75348921931763,98.78307516951764,212.40699768066406,133.59300231933594,219.8780059814453,133.4669952392578
57.550000000000004,1.7850996189309394e-06,0.0,3.113932722786927e-14,7.472070899835203,105.75348921931763,98.78307516951764,212.40699768066406,133.59300231933594,219.8780059814453,133.4669952392578
57.6,2.128388555134065e-06,0.0,3.113932722786927e-14,7.472070899835203,105.75348921931763,98.78307516951764,212.40699768066406,133.59300231933594,219.8780059814453,133.4669952392578
57.650000000000006,2.471677186293023e-06,0.0,3.113932722786927e-14,7.472070899835203,105.75348921931763,98.78307516951764,212.40699768066406,133.59300231933594,219.8780059814453,133.4669952392578
57.7,2.8149660616445533e-06,0.0,3.113932722786927e-14,7.472070899835203,105.75348921931763,98.78307516951764,212.40699768066406,133.59300231933594,219.8780059814453,133.4669952392578
57.75,2.7463071301926773e-07,0.0,3.113932722786927e-14,7.472070899835203,105.75348921931763,98.78307516951764,212.40699768066406,133.59300231933594,219.8780059814453,133.4669952392578
57.800000000000004,6.17918430984958e-07,0.0,3.113932722786927e-14,7.472070899835203,105.75348921931763,98.78307516951764,212.40699768066406,133.59300231933594,219.8780059814453,133.4669952392578
57.85,9.612077165488314e-07,0.0,3.113932722786927e-14,7.472070899835203,105.75348921931763,98.78307516951764,212.40699768066406,133.59300231933594,219.8780059814453,133.4669952392578
57.900000000000006,1.3044960690145984e-06,0.0,3.113932722786927e-14,7.472070899835203,105.75348921931763,98.78307516951764,212.40699768066406,133.59300231933594,219.8780059814453,133.4669952392578
57.95,1.6477847880813632e-06,0.0,3.113932722786927e-14,7.472070899835203,105.75348921931763,98.78307516951764,212.40699768066406,133.59300231933594,219.8780059814453,133.4669952392578
58.0,1.9910740454040797e-06,0.0,3.113932722786927e-14,7.472070899835203,105.75348921931763,98.78307516951764,212.40699768066406,133.59300231933594,219.8780059814453,133.4669952392578
58.050000000000004,2.3343626698567802e-06,0.0,3.113932722786927e-14,7.472070899835203,105.75348921931763,98.78307516951764,212.40699768066406,133.59300231933594,219.8780059814453,133.4669952392578
58.1,2.677651182198651e-06,0.0,3.113932722786927e-14,7.472070899835203,105.75348921931763,98.78307516951764,212.40699768066406,133.59300231933594,219.8780059814453,133.4669952392578
58.150000000000006,1.3731574588446096e-07,0.0,3.113932722786927e-14,7.472070899835203,105.75348921931763,98.78307516951764,212.40699768066406,133.59300231933594,219.8780059814453,133.4669952392578
58.2,4.806091176954267e-07,0.0,3.113932722786927e-14,7.472070899835203,105.75348921931763,98.78307516951764,212.40699768066406,133.59300231933594,219.8780059814453,133.4669952392578
58.25,8.238946473162714e-07,0.0,3.113932722786927e-14,7.472070899835203,105.75348921931763,98.78307516951764,212.40699768066406,133.59300231933594,219.8780059814453,133.4669952392578
58.300000000000004,1.1671822037018356e-06,0.0,3.113932722786927e-14,7.472070899835203,105.75348921931763,98.78307516951764,212.40699768066406,133.59300231933594,219.8780059814453,133.4669952392578
58.35,1.510470018034404e-06,0.0,3.113932722786927e-14,7.472070899835203,105.75348921931763,98.78307516951764,212.40699768066406,133.59300231933594,219.8780059814453,133.4669952392578
58.400000000000006,1.853760787933861e-06,0.0,3.113932722786927e-14,7.472070899835203,105.75348921931763,98.78307516951764,212.40699768066406,133.59300231933594,219.8780059814453,133.4669952392578
58.45,2.197046410900402e-06,0.0,3.113932722786927e-14,7.472070899835203,105.75348921931763,98.78307516951764,212.40699768066406,133.59300231933594,219.8780059814453,133.4669952392578
58.5,2.540333017401598e-06,0.0,3.113932722786927e-14,7.472070899835203,105.75348921931763,98.78307516951764,212.40699768066406,133.59300231933594,219.8780059814453,133.4669952392578
58.550000000000004,0.0,0.0,3.113932722786927e-14,7.472070899835203,105.75348921931763,98.78307516951764,212.40699768066406,133.59300231933594,219.8780059814453,133.4669952392578
58.6,3.4329130819836954e-07,0.0,3.113932722786927e-14,7.472070899835203,105.75348921931763,98.78307516951764,212.40699768066406,133.59300231933594,219.8780059814453,133.4669952392578
58.650000000000006,6.865819110968816e-07,0.0,3.113932722786927e-14,7.472070899835203,105.75348921931763,98.78307516951764,212.40699768066406,133.59300231933594,219.8780059814453,133.4669952392578
58.7,1.0298682912835823e-06,0.0,3.113932722786927e-14,7.472070899835203,105.75348921931763,98.78307516951764,212.40699768066406,133.59300231933594,219.8780059814453,133.4669952392578
58.75,1.3731564502347251e-06,0.0,3.113932722786927e-14,7.472070899835203,105.75348921931763,98.78307516951764,212.40699768066406,133.59300231933594,219.8780059814453,133.4669952392578
58.800000000000004,1.7164408813788016e-06,0.0,3.113932722786927e-14,7.472070899835203,105.75348921931763,98.78307516951764,212.40699768066406,133.59300231933594,219.8780059814453,133.4669952392578
58.85,2.0597304281909333e-06,0.0,3.113932722786927e-14,7.472070899835203,105.75348921931763,98.78307516951764,212.40699768066406,133.59300231933594,219.8780059814453,133.4669952392578
58.900000000000006,2.4030197656294998e-06,0.0,3.113932722786927e-14,7.472070899835203,105.75348921931763,98.78307516951764,212.40699768066406,133.59300231933594,219.8780059814453,133.4669952392578
58.95,2.7463071557675343e-06,0.0,3.113932722786927e-14,7.472070899835203,105.75348921931763,98.78307516951764,212.40699768066406,133.59300231933594,219.8780059814453,133.4669952392578
59.0,2.0597898577478556e-07,0.0,3.113932722786927e-14,7.472070899835203,105.75348921931763,98.78307516951764,212.40699768066406,133.59300231933594,219.8780059814453,133.4669952392578
59.050000000000004,5.492688361533826e-07,0.0,3.113932722786927e-14,7.472070899835203,105.75348921931763,98.78307516951764,212.40699768066406,133.59300231933594,219.8780059814453,133.4669952392578
59.1,8.925518097131642e-07,0.0,3.113932722786927e-14,7.472070899835203,105.75348921931763,98.78307516951764,212.40699768066406,133.59300231933594,219.8780059814453,133.4669952392578
59.150000000000006,1.2358370847906554e-06,0.0,3.113932722786927e-14,7.472070899835203,105.75348921931763,98.78307516951764,212.40699768066406,133.59300231933594,219.8780059814453,133.4669952392578
59.2,1.5791271849795303e-06,0.0,3.113932722786927e-14,7.472070899835203,105.75348921931763,98.78307516951764,212.40699768066406,133.59300231933594,219.8780059814453,133.4669952392578
59.25,1.9224191384166155e-06,0.0,3.113932722786927e-14,7.472070899835203,105.75348921931763,98.78307516951764,212.40699768066406,133.59300231933594,219.8780059814453,133.4669952392578
59.300000000000004,2.2657031243712262e-06,0.0,3.113932722786927e-14,7.472070899835203,105.75348921931763,98.78307516951764,212.40699768066406,133.59300231933594,219.8780059814453,133.4669952392578
59.35,2.608994226192134e-06,0.0,3.113932722786927e-14,7.472070899835203,105.75348921931763,98.78307516951764,212.40699768066406,133.59300231933594,219.8780059814453,133.4669952392578
59.400000000000006,6.865782668811257e-08,0.0,3.113932722786927e-14,7.472070899835203,105.75348921931763,98.78307516951764,212.40699768066406,133.59300231933594,219.8780059814453,133.4669952392578
59.45,4.119446933690419e-07,0.0,3.113932722786927e-14,7.472070899835203,105.75348921931763,98.78307516951764,212.40699768066406,133.59300231933594,219.8780059814453,133.4669952392578
59.5,7.552403674096409e-07,0.0,3.113932722786927e-14,7.472070899835203,105.75348921931763,98.78307516951764,212.40699768066406,133.59300231933594,219.8780059814453,133.4669952392578
59.550000000000004,1.0985292821096421e-06,0.0,3.113932722786927e-14,7.472070899835203,105.75348921931763,98.78307516951764,212.40699768066406,133.59300231933594,219.8780059814453,133.4669952392578
59.6,1.4418149968547455e-06,0.0,3.113932722786927e-14,7.472070899835203,105.75348921931763,98.78307516951764,212.40699768066406,133.59300231933594,219.8780059814453,133.4669952392578
59.650000000000006,1.7851043371968693e-06,0.0,3.113932722786927e-14,7.472070899835203,105.75348921931763,98.78307516951764,212.40699768066406,133.59300231933594,219.8780059814453,133.4669952392578
59.7,2.1283884872686633e-06,0.0,3.113932722786927e-14,7.472070899835203,105.75348921931763,98.78307516951764,212.40699768066406,133.59300231933594,219.8780059814453,133.4669952392578
59.75,2.471679101357781e-06,0.0,3.113932722786927e-14,7.472070899835203,105.75348921931763,98.78307516951764,212.40699768066406,133.59300231933594,219.8780059814453,133.4669952392578
59.800000000000004,2.814968430288093e-06,0.0,3.113932722786927e-14,7.472070899835203,105.75348921931763,98.78307516951764,212.40699768066406,133.59300231933594,219.8780059814453,133.4669952392578
59.85,2.7463256019873583e-07,0.0,3.113932722786927e-14,7.472070899835203,105.75348921931763,98.78307516951764,212.40699768066406,133.59300231933594,219.8780059814453,133.4669952392578
59.900000000000006,6.179224830141267e-07,0.0,3.113932722786927e-14,7.472070899835203,105.75348921931763,98.78307516951764,212.40699768066406,133.59300231933594,219.8780059814453,133.4669952392578
59.95,9.612073694360925e-07,0.0,3.113932722786927e-14,7.472070899835203,105.75348921931763,98.78307516951764,212.40699768066406,133.59300231933594,219.8780059814453,133.4669952392578
60.0,1.3044959955155936e-06,0.0,3.113932722786927e-14,7.472070899835203,105.75348921931763,98.78307516951764,212.40699768066406,133.59300231933594,219.8780059814453,133.4669952392578
60.050000000000004,1.6477868799898847e-06,0.0,3.113932722786927e-14,7.472070899835203,105.75348921931763,98.78307516951764,212.40699768066406,133.59300231933594,219.8780059814453,133.4669952392578
60.1,1.991074266427501e-06,0.0,3.113932722786927e-14,7.472070899835203,105.75348921931763,98.78307516951764,212.40699768066406,133.59300231933594,219.8780059814453,133.4669952392578
60.150000000000006,2.3343634859994396e-06,0.0,3.113932722786927e-14,7.472070899835203,105.75348921931763,98.78307516951764,212.40699768066406,133.59300231933594,219.8780059814453,133.4669952392578
60.2,2.6776513793796886e-06,0.0,3.113932722786927e-14,7.472070899835203,105.75348921931763,98.78307516951764,212.40699768066406,133.59300231933594,219.8780059814453,133.4669952392578
60.25,1.3731574588446096e-07,0.0,3.113932722786927e-14,7.472070899835203,105.75348921931763,98.78307516951764,212.40699768066406,133.59300231933594,219.8780059814453,133.4669952392578
60.300000000000004,4.806042106661277e-07,0.0,3.113932722786927e-14,7.472070899835203,105.75348921931763,98.78307516951764,212.40699768066406,133.59300231933594,219.8780059814453,133.4669952392578
60.35,8.238948067930077e-07,0.0,3.113932722786927e-14,7.472070899835203,105.75348921931763,98.78307516951764,212.40699768066406,133.59300231933594,219.8780059814453,133.4669952392578
60.400000000000006,1.1671833272147845e-06,0.0,3.113932722786927e-14,7.472070899835203,105.75348921931763,98.78307516951764,212.40699768066406,133.59300231933594,219.8780059814453,133.4669952392578
60.45,1.5104700521696075e-06,0.0,3.113932722786927e-14,7.472070899835203,105.75348921931763,98.78307516951764,212.40699768066406,133.59300231933594,219.8780059814453,133.4669952392578
60.5,1.8537588224029127e-06,0.0,3.113932722786927e-14,7.472070899835203,105.75348921931763,98.78307516951764,212.40699768066406,133.59300231933594,219.8780059814453,133.4669952392578
60.550000000000004,2.197044190546036e-06,0.0,3.113932722786927e-14,7.472070899835203,105.75348921931763,98.78307516951764,212.40699768066406,133.59300231933594,219.8780059814453,133.4669952392578
60.6,2.5403328847106864e-06,0.0,3.113932722786927e-14,7.472070899835203,105.75348921931763,98.78307516951764,212.40699768066406,133.59300231933594,219.8780059814453,133.4669952392578
60.650000000000006,0.0,0.0,3.113932722786927e-14,7.472070899835203,105.75348921931763,98.78307516951764,212.40699768066406,133.59300231933594,219.8780059814453,133.4669952392578
60.7,3.4329855347560636e-07,0.0,3.113932722786927e-14,7.472070899835203,105.75348921931763,98.78307516951764,212.40699768066406,133.59300231933594,219.8780059814453,133.4669952392578
60.75,6.865777811341383e-07,0.0,3.113932722786927e-14,7.472070899835203,105.75348921931763,98.78307516951764,212.40699768066406,133.59300231933594,219.8780059814453,133.4669952392578
60.800000000000004,1.0298668860874621e-06,0.0,3.113932722786927e-14,7.472070899835203,105.75348921931763,98.78307516951764,212.40699768066406,133.59300231933594,219.8780059814453,133.4669952392578
60.85,1.3731560760342307e-06,0.0,3.113932722786927e-14,7.472070899835203,105.75348921931763,98.78307516951764,212.40699768066406,133.59300231933594,219.8780059814453,133.4669952392578
60.900000000000006,1.716443704582668e-06,0.0,3.113932722786927e-14,7.472070899835203,105.75348921931763,98.78307516951764,212.40699768066406,133.59300231933594,219.8780059814453,133.4669952392578
60.95,2.0597303848267576e-06,0.0,3.113932722786927e-14,7.472070899835203,105.75348921931763,98.78307516951764,212.40699768066406,133.59300231933594,219.8780059814453,133.4669952392578
61.0,2.403018915482816e-06,0.0,3.113932722786927e-14,7.472070899835203,105.75348921931763,98.78307516951764,212.40699768066406,133.59300231933594,219.8780059814453,133.4669952392578
61.050000000000004,2.7463070041074286e-06,0.0,3.113932722786927e-14,7.472070899835203,105.75348921931763,98.78307516951764,212.40699768066406,133.59300231933594,219.8780059814453,133.4669952392578
61.1,2.0597300898444786e-07,0.0,3.113932722786927e-14,7.472070899835203,105.75348921931763,98.78307516951764,212.40699768066406,133.59300231933594,219.8780059814453,133.4669952392578
61.150000000000006,5.492633304635132e-07,0.0,3.113932722786927e-14,7.472070899835203,105.75348921931763,98.78307516951764,212.40699768066406,133.59300231933594,219.8780059814453,133.4669952392578
61.2,8.925518611369275e-07,0.0,3.113932722786927e-14,7.472070899835203,105.75348921931763,98.78307516951764,212.40699768066406,133.59300231933594,219.8780059814453,133.4669952392578
61.25,1.2358368808930237e-06,0.0,3.113932722786927e-14,7.472070899835203,105.75348921931763,98.78307516951764,212.40699768066406,133.59300231933594,219.8780059814453,133.4669952392578
61.300000000000004,1.5791259126636467e-06,0.0,3.113932722786927e-14,7.472070899835203,105.75348921931763,98.78307516951764,212.40699768066406,133.59300231933594,219.8780059814453,133.4669952392578
61.35,1.922414587215028e-06,0.0,3.113932722786927e-14,7.472070899835203,105.75348921931763,98.78307516951764,212.40699768066406,133.59300231933594,219.8780059814453,133.4669952392578
61.400000000000006,2.2657035449856837e-06,0.0,3.113932722786927e-14,7.472070899835203,105.75348921931763,98.78307516951764,212.40699768066406,133.59300231933594,219.8780059814453,133.4669952392578
61.45,2.6089920076323815e-06,0.0,3.113932722786927e-14,7.472070899835203,105.75348921931763,98.78307516951764,212.40699768066406,133.59300231933594,219.8780059814453,133.4669952392578
61.5,6.865776283663407e-08,0.0,3.113932722786927e-14,7.472070899835203,105.75348921931763,98.78307516951764,212.40699768066406,133.59300231933594,219.8780059814453,133.4669952392578
61.550000000000004,4.1194539020690314e-07,0.0,3.113932722786927e-14,7.472070899835203,105.75348921931763,98.78307516951764,212.40699768066406,133.59300231933594,219.8780059814453,133.4669952392578
61.6,7.55233228909894e-07,0.0,3.113932722786927e-14,7.472070899835203,105.75348921931763,98.78307516951764,212.40699768066406,133.59300231933594,219.8780059814453,133.4669952392578
61.650000000000006,1.0985220781601085e-06,0.0,3.113932722786927e-14,7.472070899835203,105.75348921931763,98.78307516951764,212.40699768066406,133.59300231933594,219.8780059814453,133.4669952392578
61.7,1.4418108881289476e-06,0.0,3.113932722786927e-14,7.472070899835203,105.75348921931763,98.78307516951764,212.40699768066406,133.59300231933594,219.8780059814453,133.4669952392578
61.75,1.785099610394885e-06,0.0,3.113932722786927e-14,7.472070899835203,105.75348921931763,98.78307516951764,212.40699768066406,133.59300231933594,219.8780059814453,133.4669952392578
61.800000000000004,2.128388567811651e-06,0.0,3.113932722786927e-14,7.472070899835203,105.75348921931763,98.78307516951764,212.40699768066406,133.59300231933594,219.8780059814453,133.4669952392578
61.85,2.471677145566338e-06,0.0,3.113932722786927e-14,7.472070899835203,105.75348921931763,98.78307516951764,212.40699768066406,133.59300231933594,219.8780059814453,133.4669952392578
61.900000000000006,2.814966324473207e-06,0.0,3.113932722786927e-14,7.472070899835203,105.75348921931763,98.78307516951764,212.40699768066406,133.59300231933594,219.8780059814453,133.4669952392578
61.95,2.746307048858485e-07,0.0,3.113932722786927e-14,7.472070899835203,105.75348921931763,98.78307516951764,212.40699768066406,133.59300231933594,219.8780059814453,133.4669952392578
62.0,6.179187330210598e-07,0.0,3.113932722786927e-14,7.472070899835203,105.75348921931763,98.78307516951764,212.40699768066406,133.59300231933594,219.8780059814453,133.4669952392578
62.050000000000004,9.612075017832143e-07,0.0,3.113932722786927e-14,7.472070899835203,105.75348921931763,98.78307516951764,212.40699768066406,133.59300231933594,219.8780059814453,133.4669952392578
62.1,1.3044962460278558e-06,0.0,3.113932722786927e-14,7.472070899835203,105.75348921931763,98.78307516951764,212.40699768066406,133.59300231933594,219.8780059814453,133.4669952392578
62.150000000000006,1.6477849515058952e-06,0.0,3.113932722786927e-14,7.472070899835203,105.75348921931763,98.78307516951764,212.40699768066406,133.59300231933594,219.8780059814453,133.4669952392578
62.2,1.9910737484248103e-06,0.0,3.113932722786927e-14,7.472070899835203,105.75348921931763,98.78307516951764,212.40699768066406,133.59300231933594,219.8780059814453,133.4669952392578
62.25,2.3343633703217916e-06,0.0,3.113932722786927e-14,7.472070899835203,105.75348921931763,98.78307516951764,212.40699768066406,133.59300231933594,219.8780059814453,133.4669952392578
62.300000000000004,2.6776513769169475e-06,0.0,3.113932722786927e-14,7.472070899835203,105.75348921931763,98.78307516951764,212.40699768066406,133.59300231933594,219.8780059814453,133.4669952392578
62.35,1.3731574588446096e-07,0.0,3.113932722786927e-14,7.472070899835203,105.75348921931763,98.78307516951764,212.40699768066406,133.59300231933594,219.8780059814453,133.4669952392578
62.400000000000006,4.806092317269357e-07,0.0,3.113932722786927e-14,7.472070899835203,105.75348921931763,98.78307516951764,212.40699768066406,133.59300231933594,219.8780059814453,133.4669952392578
62.45,8.238927780270822e-07,0.0,3.113932722786927e-14,7.472070899835203,105.75348921931763,98.78307516951764,212.40699768066406,133.59300231933594,219.8780059814453,133.4669952392578
62.5,1.1671812962111953e-06,0.0,3.113932722786927e-14,7.472070899835203,105.75348921931763,98.78307516951764,212.40699768066406,133.59300231933594,219.8780059814453,133.4669952392578
62.550000000000004,1.51047003543778e-06,0.0,3.113932722786927e-14,7.472070899835203,105.75348921931763,98.78307516951764,212.40699768066406,133.59300231933594,219.8780059814453,133.4669952392578
62.6,1.8537594535947496e-06,0.0,3.113932722786927e-14,7.472070899835203,105.75348921931763,98.78307516951764,212.40699768066406,133.59300231933594,219.8780059814453,133.4669952392578
62.650000000000006,2.197044517146505e-06,0.0,3.113932722786927e-14,7.472070899835203,105.75348921931763,98.78307516951764,212.40699768066406,133.59300231933594,219.8780059814453,133.4669952392578
62.7,2.5403329531898735e-06,0.0,3.113932722786927e-14,7.472070899835203,105.75348921931763,98.78307516951764,212.40699768066406,133.59300231933594,219.8780059814453,133.4669952392578
62.75,0.0,0.0,3.113932722786927e-14,7.472070899835203,105.75348921931763,98.78307516951764,212.40699768066406,133.59300231933594,219.8780059814453,133.4669952392578
62.800000000000004,3.4329130819836954e-07,0.0,3.113932722786927e-14,7.472070899835203,105.75348921931763,98.78307516951764,212.40699768066406,133.59300231933594,219.8780059814453,133.4669952392578
62.85,6.865789519150692e-07,0.0,3.113932722786927e-14,7.472070899835203,105.75348921931763,98.78307516951764,212.40699768066406,133.59300231933594,219.8780059814453,133.4669952392578
62.900000000000006,1.0298668722715511e-06,0.0,3.113932722786927e-14,7.472070899835203,105.75348921931763,98.78307516951764,212.40699768066406,133.59300231933594,219.8780059814453,133.4669952392578
62.95,1.3731560291773046e-06,0.0,3.113932722786927e-14,7.472070899835203,105.75348921931763,98.78307516951764,212.40699768066406,133.59300231933594,219.8780059814453,133.4669952392578
63.0,1.7164412560027087e-06,0.0,3.113932722786927e-14,7.472070899835203,105.75348921931763,98.78307516951764,212.40699768066406,133.59300231933594,219.8780059814453,133.4669952392578
63.050000000000004,2.059729135199398e-06,0.0,3.113932722786927e-14,7.472070899835203,105.75348921931763,98.78307516951764,212.40699768066406,133.59300231933594,219.8780059814453,133.4669952392578
63.1,2.403018625341458e-06,0.0,3.113932722786927e-14,7.472070899835203,105.75348921931763,98.78307516951764,212.40699768066406,133.59300231933594,219.8780059814453,133.4669952392578
63.150000000000006,2.7463071468962004e-06,0.0,3.113932722786927e-14,7.472070899835203,105.75348921931763,98.78307516951764,212.40699768066406,133.59300231933594,219.8780059814453,133.4669952392578
63.2,2.0597898577478556e-07,0.0,3.113932722786927e-14,7.472070899835203,105.75348921931763,98.78307516951764,212.40699768066406,133.59300231933594,219.8780059814453,133.4669952392578
63.25,5.492628092331555e-07,0.0,3.113932722786927e-14,7.472070899835203,105.75348921931763,98.78307516951764,212.40699768066406,133.59300231933594,219.8780059814453,133.4669952392578
63.300000000000004,8.925518620436095e-07,0.0,3.113932722786927e-14,7.472070899835203,105.75348921931763,98.78307516951764,212.40699768066406,133.59300231933594,219.8780059814453,133.4669952392578
63.35,1.2358374390304217e-06,0.0,3.113932722786927e-14,7.472070899835203,105.75348921931763,98.78307516951764,212.40699768066406,133.59300231933594,219.8780059814453,133.4669952392578
63.400000000000006,1.5791256344471596e-06,0.0,3.113932722786927e-14,7.472070899835203,105.75348921931763,98.78307516951764,212.40699768066406,133.59300231933594,219.8780059814453,133.4669952392578
63.45,1.922415803339294e-06,0.0,3.113932722786927e-14,7.472070899835203,105.75348921931763,98.78307516951764,212.40699768066406,133.59300231933594,219.8780059814453,133.4669952392578
63.5,2.2657035561920507e-06,0.0,3.113932722786927e-14,7.472070899835203,105.75348921931763,98.78307516951764,212.40699768066406,133.59300231933594,219.8780059814453,133.4669952392578
63.550000000000004,2.608992726783123e-06,0.0,3.113932722786927e-14,7.472070899835203,105.75348921931763,98.78307516951764,212.40699768066406,133.59300231933594,219.8780059814453,133.4669952392578
63.6,6.865782668811257e-08,0.0,3.113932722786927e-14,7.472070899835203,105.75348921931763,98.78307516951764,212.40699768066406,133.59300231933594,219.8780059814453,133.4669952392578
63.650000000000006,4.119446933690419e-07,0.0,3.113932722786927e-14,7.472070899835203,105.75348921931763,98.78307516951764,212.40699768066406,133.59300231933594,219.8780059814453,133.4669952392578
63.7,7.55233270938311e-07,0.0,3.113932722786927e-14,7.472070899835203,105.75348921931763,98.78307516951764,212.40699768066406,133.59300231933594,219.8780059814453,133.4669952392578
63.75,1.0985251589073808e-06,0.0,3.113932722786927e-14,7.472070899835203,105.75348921931763,98.78307516951764,212.40699768066406,133.59300231933594,219.8780059814453,133.4669952392578
63.800000000000004,1.4418119134258856e-06,0.0,3.113932722786927e-14,7.472070899835203,105.75348921931763,98.78307516951764,212.40699768066406,133.59300231933594,219.8780059814453,133.4669952392578
63.85,1.7851023315026151e-06,0.0,3.113932722786927e-14,7.472070899835203,105.75348921931763,98.78307516951764,212.40699768066406,133.59300231933594,219.8780059814453,133.4669952392578
63.900000000000006,2.1283892383793957e-06,0.0,3.113932722786927e-14,7.472070899835203,105.75348921931763,98.78307516951764,212.40699768066406,133.59300231933594,219.8780059814453,133.4669952392578
63.95,2.471677596849833e-06,0.0,3.113932722786927e-14,7.472070899835203,105.75348921931763,98.78307516951764,212.40699768066406,133.59300231933594,219.8780059814453,133.4669952392578
64.0,2.8149668066683346e-06,0.0,3.113932722786927e-14,7.472070899835203,105.75348921931763,98.78307516951764,212.40699768066406,133.59300231933594,219.8780059814453,133.4669952392578
64.05,2.7463410889185416e-07,0.0,3.113932722786927e-14,7.472070899835203,105.75348921931763,98.78307516951764,212.40699768066406,133.59300231933594,219.8780059814453,133.4669952392578
64.10000000000001,6.179187349199e-07,0.0,3.113932722786927e-14,7.472070899835203,105.75348921931763,98.78307516951764,212.40699768066406,133.59300231933594,219.8780059814453,133.4669952392578
64.15,9.612077545126944e-07,0.0,3.113932722786927e-14,7.472070899835203,105.75348921931763,98.78307516951764,212.40699768066406,133.59300231933594,219.8780059814453,133.4669952392578
64.2,1.3044968297919728e-06,0.0,3.113932722786927e-14,7.472070899835203,105.75348921931763,98.78307516951764,212.40699768066406,133.59300231933594,219.8780059814453,133.4669952392578
64.25,1.647787217610619e-06,0.0,3.113932722786927e-14,7.472070899835203,105.75348921931763,98.78307516951764,212.40699768066406,133.59300231933594,219.8780059814453,133.4669952392578
64.3,1.9910737816158865e-06,0.0,3.113932722786927e-14,7.472070899835203,105.75348921931763,98.78307516951764,212.40699768066406,133.59300231933594,219.8780059814453,133.4669952392578
64.35000000000001,2.33436253486716e-06,0.0,3.113932722786927e-14,7.472070899835203,105.75348921931763,98.78307516951764,212.40699768066406,133.59300231933594,219.8780059814453,133.4669952392578
64.4,2.6776518727680655e-06,0.0,3.113932722786927e-14,7.472070899835203,105.75348921931763,98.78307516951764,212.40699768066406,133.59300231933594,219.8780059814453,133.4669952392578
64.45,1.3731574588446096e-07,0.0,3.113932722786927e-14,7.472070899835203,105.75348921931763,98.78307516951764,212.40699768066406,133.59300231933594,219.8780059814453,133.4669952392578
64.5,4.806043076131704e-07,0.0,3.113932722786927e-14,7.472070899835203,105.75348921931763,98.78307516951764,212.40699768066406,133.59300231933594,219.8780059814453,133.4669952392578
64.55,8.238941011588179e-07,0.0,3.113932722786927e-14,7.472070899835203,105.75348921931763,98.78307516951764,212.40699768066406,133.59300231933594,219.8780059814453,133.4669952392578
64.60000000000001,1.1671813227929567e-06,0.0,3.113932722786927e-14,7.472070899835203,105.75348921931763,98.78307516951764,212.40699768066406,133.59300231933594,219.8780059814453,133.4669952392578
64.65,1.5104719768062809e-06,0.0,3.113932722786927e-14,7.472070899835203,105.75348921931763,98.78307516951764,212.40699768066406,133.59300231933594,219.8780059814453,133.4669952392578
64.7,1.8537592729889751e-06,0.0,3.113932722786927e-14,7.472070899835203,105.75348921931763,98.78307516951764,212.40699768066406,133.59300231933594,219.8780059814453,133.4669952392578
64.75,2.1970441472185375e-06,0.0,3.113932722786927e-14,7.472070899835203,105.75348921931763,98.78307516951764,212.40699768066406,133.59300231933594,219.8780059814453,133.4669952392578
64.8,2.54033285004019e-06,0.0,3.113932722786927e-14,7.472070899835203,105.75348921931763,98.78307516951764,212.40699768066406,133.59300231933594,219.8780059814453,133.4669952392578
64.85000000000001,0.0,0.0,3.113932722786927e-14,7.472070899835203,105.75348921931763,98.78307516951764,212.40699768066406,133.59300231933594,219.8780059814453,133.4669952392578
64.9,3.432952377996777e-07,0.0,3.113932722786927e-14,7.472070899835203,105.75348921931763,98.78307516951764,212.40699768066406,133.59300231933594,219.8780059814453,133.4669952392578
64.95,6.865797684388437e-07,0.0,3.113932722786927e-14,7.472070899835203,105.75348921931763,98.78307516951764,212.40699768066406,133.59300231933594,219.8780059814453,133.4669952392578
65.0,1.029867217483969e-06,0.0,3.113932722786927e-14,7.472070899835203,105.75348921931763,98.78307516951764,212.40699768066406,133.59300231933594,219.8780059814453,133.4669952392578
65.05,1.3731559487881043e-06,0.0,3.113932722786927e-14,7.472070899835203,105.75348921931763,98.78307516951764,212.40699768066406,133.59300231933594,219.8780059814453,133.4669952392578
65.10000000000001,1.7164418125928272e-06,0.0,3.113932722786927e-14,7.472070899835203,105.75348921931763,98.78307516951764,212.40699768066406,133.59300231933594,219.8780059814453,133.4669952392578
65.15,2.0597295237593104e-06,0.0,3.113932722786927e-14,7.472070899835203,105.75348921931763,98.78307516951764,212.40699768066406,133.59300231933594,219.8780059814453,133.4669952392578
65.2,2.403019951700109e-06,0.0,3.113932722786927e-14,7.472070899835203,105.75348921931763,98.78307516951764,212.40699768066406,133.59300231933594,219.8780059814453,133.4669952392578
65.25,2.746308116684594e-06,0.0,3.113932722786927e-14,7.472070899835203,105.75348921931763,98.78307516951764,212.40699768066406,133.59300231933594,219.8780059814453,133.4669952392578
65.3,2.059775229786264e-07,0.0,3.113932722786927e-14,7.472070899835203,105.75348921931763,98.78307516951764,212.40699768066406,133.59300231933594,219.8780059814453,133.4669952392578
65.35000000000001,5.492691641783165e-07,0.0,3.113932722786927e-14,7.472070899835203,105.75348921931763,98.78307516951764,212.40699768066406,133.59300231933594,219.8780059814453,133.4669952392578
65.4,8.925608473590101e-07,0.0,3.113932722786927e-14,7.472070899835203,105.75348921931763,98.78307516951764,212.40699768066406,133.59300231933594,219.8780059814453,133.4669952392578
65.45,1.235836854352122e-06,0.0,3.113932722786927e-14,7.472070899835203,105.75348921931763,98.78307516951764,212.40699768066406,133.59300231933594,219.8780059814453,133.4669952392578
65.5,1.5791275148199846e-06,0.0,3.113932722786927e-14,7.472070899835203,105.75348921931763,98.78307516951764,212.40699768066406,133.59300231933594,219.8780059814453,133.4669952392578
65.55,1.9224153765743738e-06,5.987160571104979,0.598716057110529,7.57905048742542,105.75348921931763,98.89007619701093,212.40699768066406,133.59300231933594,219.98500061035156,133.4669952392578
65.60000000000001,2.265703335750621e-06,12.47449945889567,1.846166003000096,7.7500326651232205,105.75348921931763,99.0610823495206,212.40699768066406,133.59300231933594,220.156005859375,133.4669952392578
65.65,2.60899247361479e-06,14.74635302120132,3.320801305120228,7.952994146849848,105.75348921931763,99.26407374820214,212.40699768066406,133.59300231933594,220.35899353027344,133.4669952392578
65.7,6.865782668811257e-08,15.964210159845877,4.917222321104815,8.175974519170012,105.75348921931763,99.48709208937484,212.40699768066406,133.59300231933594,220.58200073242188,133.4669952392578
65.75,4.119490874881659e-07,17.736079255940467,6.690830246698863,8.421949536548155,105.75348921931763,99.73310799839902,212.40699768066406,133.59300231933594,220.8280029296875,133.4669952392578
65.8,7.55233651080389e-07,18.07822885598113,8.498653132296976,8.681917472122038,105.75348921931763,99.99311299487569,212.40699768066406,133.59300231933594,221.08799743652344,133.4669952392578
65.85000000000001,1.0985222175989755e-06,20.971531730638024,10.595806305360778,8.969899530372123,105.75348921931763,100.28112947128061,212.40699768066406,133.59300231933594,221.37600708007812,133.4669952392578
65.9,1.4418123021805174e-06,20.170009006579434,12.612807206018722,9.255868889851378,105.75348921931763,100.56712773574004,212.40699768066406,133.59300231933594,221.66200256347656,133.4669952392578
65.95,1.785099692906272e-06,22.93179662313688,14.90598686833241,9.570843792507992,105.75348921931763,100.8821311213332,212.40699768066406,133.59300231933594,221.9770050048828,133.4669952392578
66.0,2.128388540557563e-06,21.97342985602805,17.103329853935215,9.881806913275001,105.75348921931763,101.1931205062219,212.40699768066406,133.59300231933594,222.28799438476562,133.4669952392578
66.05,2.4716771430294668e-06,24.51819580426196,18.956433377250914,10.217778521936767,105.75348921931763,101.52911913670532,212.40699768066406,133.59300231933594,222.62399291992188,133.4669952392578
66.10000000000001,2.814966623724901e-06,23.44109596699027,20.053093028060374,10.548762122191047,105.75348921931763,101.86012879550313,212.40699768066406,133.59300231933594,222.9550018310547,133.4669952392578
66.15,2.746404117373304e-07,25.800158740479272,21.15847359998817,10.902740727197008,105.75348921931763,102.2141334618908,212.40699768066406,133.59300231933594,223.3090057373047,133.4669952392578
66.2,6.179212740877777e-07,24.629774203950134,22.025030004398594,11.249717466755422,105.75348921931763,102.56113484224717,212.40699768066406,133.59300231933594,223.656005859375,133.4669952392578
66.25,9.612076497084697e-07,26.838727242725135,22.93529480307706,11.617690646973855,105.75348921931763,102.92913186421036,212.40699768066406,133.59300231933594,224.0240020751953,133.4669952392578
66.3,1.3044969616636535e-06,25.592003167428473,23.686672234221795,11.977670088901663,105.75348921931763,103.2891334451318,212.40699768066406,133.59300231933594,224.38400268554688,133.4669952392578
66.35000000000001,1.647788886588115e-06,27.680791680053225,24.357598229163315,12.356647153019239,105.75348921931763,103.66813171393161,212.40699768066406,133.59300231933594,224.76300048828125,133.4669952392578
66.4,1.991073641478026e-06,26.37089047110026,24.977686375615395,12.72763024904556,105.75348921931763,104.03913444603158,212.40699768066406,133.59300231933594,225.13400268554688,133.4669952392578
66.45,2.3343628551427963e-06,28.36346507846484,25.520853221148194,13.117610872593318,105.75348921931763,104.4291340319122,212.40699768066406,133.59300231933594,225.5240020751953,133.4669952392578
66.5,0.04975635017702007,27.0016568312857,26.023675918673955,13.496591461084105,105.75348994935811,104.80813210236842,212.40699768066406,133.59300231933594,225.9029998779297,133.4669952392578
66.55,0.0089552894608567,28.916625043783796,26.463518842626137,13.893577705531381,105.75349010931276,105.20513535223304,212.40699768066406,133.59300231933594,226.3000030517578,133.4669952392578
66.60000000000001,0.02271046234238317,27.51273549291619,26.870682795218734,14.281538420261803,105.75448193060264,105.59213022066268,212.406005859375,133.59300231933594,226.68699645996094,133.46800231933594
66.65,0.009690674587358936,29.364602853503897,27.227127206521192,14.684523210992987,105.75448216063931,105.99513013381849,212.406005859375,133.59300231933594,227.08999633789062,133.46800231933594
66.7,0.0075744371870051065,27.92691105404572,27.556840891530747,15.077514611795603,105.75448216063931,106.38813561151025,212.406005859375,133.59300231933594,227.48300170898438,133.46800231933594
66.75,0.023731082900185385,29.727227405890854,27.84569090784732,15.484513878682966,105.75547398199011,106.79614039520975,212.40699768066406,133.59300231933594,227.89100646972656,133.46800231933594
66.8,0.00707722946036706,28.262643410392307,28.1127549321437,15.881489100463934,105.75547409200259,107.19312840224895,212.40699768066406,133.59300231933594,228.28799438476562,133.46800231933594
66.85000000000001,0.040019799052026066,30.020769793836276,28.346752743522007,16.29448623462676,105.75547428199239,107.60613806459577,212.40699768066406,133.59300231933594,228.7010040283203,133.46800231933594
66.9,0.025316404383382205,28.534765692801813,28.56314026569216,16.694468577247868,105.75648136207653,108.0071391258953,212.4080047607422,133.59300231933594,229.1020050048828,133.46800231933594
66.95,0.060257189677948735,30.258368052044705,28.752630563050143,17.110457534216067,105.7564815921132,108.4231395080791,212.4080047607422,133.59300231933594,229.51800537109375,133.46800231933594
67.0,0.04681226314106365,28.755262676600957,28.927991147581672,17.51245505611492,105.75747341340549,108.82613946337247,212.40899658203125,133.59300231933594,229.92100524902344,133.46800231933594
67.05,0.08245262443584576,30.45078855853759,29.081407499057047,17.930428641623003,105.7584804934948,109.24513056474055,212.41000366210938,133.59300231933594,230.33999633789062,133.46800231933594
67.10000000000001,0.07005925271398954,28.933929323691043,29.22352688213453,18.335433012882543,105.75947231478709,109.65113649196371,212.41099548339844,133.59300231933594,230.74600219726562,133.46800231933594
67.15,0.10728146126639848,30.60655607209334,29.347722203993477,18.755421623147722,105.76047939487637,110.0721417497525,212.41200256347656,133.59300231933594,231.16700744628906,133.46800231933594
67.2,0.09588096693167843,29.078648432992534,29.462895941888156,19.16241042352057,105.76247829624516,110.4811383894989,212.41400146484375,133.59300231933594,231.5760040283203,133.46800231933594
67.25,0.13360609375810434,30.7327362717899,29.56344682847806,19.583406895940712,105.76347011754558,110.90313546534179,212.4149932861328,133.59300231933594,231.9980010986328,133.46800231933594
67.3,0.12320065069532596,29.195932913019963,29.65677577874083,19.991388230516492,105.76548427770223,111.31313917608499,212.41700744628906,133.59300231933594,232.4080047607422,133.46800231933594
67.35000000000001,0.16266206034240008,30.834866962013987,29.7381854955586,20.413377214162956,105.76748317907244,111.73713515089247,212.41900634765625,133.59300231933594,232.83200073242188,133.46800231933594
67.4,0.1533833992049587,29.290973807690172,29.813806307047436,20.822366258610714,105.76948208044003,112.14813067538564,212.42100524902344,133.59300231933594,233.2429962158203,133.46800231933594
67.45,0.19348202252434796,30.917593280521807,29.879728829895146,21.244371129361387,105.77247280310004,112.57313372871793,212.4239959716797,133.59300231933594,233.66799926757812,133.46800231933594
67.5,0.18560916017572987,29.36793900768081,29.94099646300313,21.655359617368248,105.77447170446763,112.9861281484176,212.42599487304688,133.59300231933594,234.08099365234375,133.46800231933594
67.55,0.22810896481631368,30.984588727940334,29.994376479943405,22.078356852520116,105.7774776859167,113.41213828092717,212.4290008544922,133.59300231933594,234.5070037841797,133.46800231933594
67.60000000000001,0.22192812020842698,29.430364682191282,30.044020015793432,22.48833330081179,105.78048366736228,113.8251338868929,212.4320068359375,133.59300231933594,234.9199981689453,133.468994140625
67.65,0.2657710953028937,31.038840167203475,30.08724842530445,22.911331136692436,105.78448147009986,114.25213584021836,212.43600463867188,133.59300231933594,235.3470001220703,133.468994140625
67.7,0.29877839858698413,29.48090810088905,30.127474392094104,23.322335954324622,105.78747219276215,114.6661373315061,212.43899536132812,133.59300231933594,235.76100158691406,133.468994140625
67.75,0.6955563051820217,31.08272679095504,30.16247344401062,23.74032941633054,105.7964748791494,115.0931392846478,212.447998046875,133.59300231933594,236.18800354003906,133.468994140625
67.8,1.01324525358955,29.521872924198238,30.195067445128444,24.143308621384964,105.80848354734674,115.50813259410019,212.4600067138672,133.59300231933594,236.60299682617188,133.468994140625
67.85000000000001,1.1388401581927488,31.118257011513688,30.223406450078414,24.5563129083918,105.82348293742241,115.93614162732698,212.47500610351562,133.59300231933594,237.031005859375,133.468994140625
67.9,1.2502274421239044,29.555102769794274,30.249819346288824,24.953311093782343,105.84048122861896,116.35014311299197,212.49200439453125,133.59300231933594,237.44500732421875,133.468994140625
67.95,1.3142088288662155,31.14705816055483,30.272765834292123,25.363294516322036,105.85947842102215,116.7791287088602,212.51100158691406,133.59300231933594,237.87399291992188,133.468994140625
68.0,1.379095298658585,29.581994943632203,30.29417142788726,25.759301202573923,105.8784756134096,117.19413727238012,212.52999877929688,133.59300231933594,238.28900146484375,133.468994140625
68.05,1.4554298264850634,31.17034902362799,30.312747457456027,26.168293119612013,105.89847988593453,117.6231381272696,212.5500030517578,133.59300231933594,238.71800231933594,133.468994140625
68.10000000000001,1.5444108011704705,29.60380942792628,30.330091932029525,26.563277759333534,105.91848415845399,118.03813143019707,212.57000732421875,133.59300231933594,239.13299560546875,133.468994140625
68.15,1.573945714815715,31.189211058596026,30.345129021168777,26.97127814183253,105.9394802522418,118.46713228537533,212.59100341796875,133.59300231933594,239.56199645996094,133.468994140625
68.2,1.7219593813741139,29.621486915018487,30.35918690258172,27.36427941465195,105.96247524735912,118.88313266678674,212.61399841308594,133.59300231933594,239.97799682617188,133.468994140625
68.25,1.9102365306245888,31.20447509614084,30.371361733100294,27.767275215197056,105.98847622392879,119.31213352229499,212.63999938964844,133.59300231933594,240.40699768066406,133.468994140625
68.3,1.9991699095858981,29.635813609734843,30.38275580165395,28.156263695836916,106.01548428058375,119.72813390241475,212.66700744628906,133.59300231933594,240.822998046875,133.468994140625
68.35000000000001,2.199844839161503,31.21682434636078,30.392612535138664,28.55526628050112,106.04549945126801,120.15713475825942,212.69700622558594,133.593994140625,241.2519989013672,133.468994140625
68.4,2.2605264902198843,29.647441815598555,30.401846439719087,28.9412794742299,106.0764900518554,120.57414221731536,212.72799682617188,133.593994140625,241.66900634765625,133.468994140625
68.45,2.4402059583284372,31.226832150333195,30.409823838696923,29.337267715913182,106.10950971178089,121.00314307351381,212.76100158691406,133.59300231933594,242.09800720214844,133.468994140625
68.5,2.4717311576674623,29.65683844674942,30.417308189008644,29.719268128822378,106.14350629381566,121.41914345157558,212.7949981689453,133.59300231933594,242.51400756835938,133.468994140625
68.55,2.561867971903538,31.234896760535413,30.423762962699392,30.114253749801755,106.1785099559361,121.8491361294006,212.8300018310547,133.59300231933594,242.94400024414062,133.468994140625
68.60000000000001,2.6387460836722374,29.66447041787491,30.42982906169425,30.49324837699058,106.21551251942219,122.26513650667462,212.86700439453125,133.59300231933594,243.36000061035156,133.468994140625
68.65,2.77246451647314,31.241447327140406,30.435052688548687,30.886231254713085,106.25251508290032,122.69513036415673,212.9040069580078,133.59300231933594,243.7899932861328,133.47000122070312
68.7,2.8953144101306205,29.67066045026069,30.43997004207291,31.26324245950437,106.29250836903329,123.11213782079113,212.94400024414062,133.59300231933594,244.20700073242188,133.47000122070312
68.75,3.064053698765178,31.246741340294328,30.444196666488256,31.65123998240504,106.33350873524938,123.5411386779674,212.98500061035156,133.59300231933594,244.63600158691406,133.47000122070312
68.8,3.2091551995324012,29.675666030478105,30.44818190856258,32.02422303706011,106.37751508291365,123.95813087521026,213.0290069580078,133.59300231933594,245.05299377441406,133.47000122070312
68.85000000000001,3.3812101347828505,31.251060323246094,30.45160550625111,32.40823818314125,106.42350507315868,124.3881388127288,213.0749969482422,133.59300231933594,245.48300170898438,133.47000122070312
68.9,3.5183701546974637,29.67973435039485,30.454834759730737,32.776231776883336,106.47150922355597,124.80413918820832,213.1230010986328,133.59300231933594,245.8990020751953,133.47000122070312
68.95,3.672396143358889,31.25451756986719,30.457603301684138,33.15621875657238,106.521512275318,125.23413186720741,213.17300415039062,133.59300231933594,246.32899475097656,133.47000122070312
69.0,3.7927801317915297,29.683043935950085,30.460223850604205,33.52122176421064,106.57351422844411,125.65113932231397,213.22500610351562,133.59300231933594,246.74600219726562,133.47000122070312
69.05,3.9261962471035483,31.25732250680519,30.462466425231177,33.89721108306051,106.62751508293631,126.08113200156035,213.2790069580078,133.59300231933594,247.17599487304688,133.47000122070312
69.10000000000001,4.032360233943783,29.685708081151898,30.46459019155888,34.25720934712846,106.68351483879616,126.49713237621353,213.3350067138672,133.59300231933594,247.5919952392578,133.47000122070312
69.15,4.157676076338469,31.2595918629251,30.466404645137352,34.63022332666815,106.7405064159456,126.92714031447012,213.39199829101562,133.59300231933594,248.02200317382812,133.47000122070312
69.2,4.267044129156521,29.687905313793298,30.46812913149061,34.98921461472114,106.79850507317316,127.3441325100734,213.4499969482422,133.59300231933594,248.43899536132812,133.47000122070312
69.25,4.396680261641624,31.261428634456568,30.469597860906838,35.358215654951906,106.85950971184563,127.77414044853761,213.51100158691406,133.59300231933594,248.86900329589844,133.47000122070312
69.3,4.5152283427805235,29.689669964425352,30.470998254301566,35.71320925496201,106.92150617180685,128.19113264385018,213.572998046875,133.59300231933594,249.28599548339844,133.47000122070312
69.35000000000001,4.653648392513448,31.262904918656062,30.472182713842564,36.07921967998157,106.98550153313504,128.62114058250137,213.63699340820312,133.59300231933594,249.71600341796875,133.47000122070312
69.4,4.788036536457027,29.691074130492307,30.47331669185231,36.430215583867195,107.0505039745414,129.03714095629385,213.70199584960938,133.59300231933594,250.1320037841797,133.47000122070312
69.45,4.920948408530761,31.264092812880595,30.474274216153656,36.79219779439696,107.11851239739323,129.46713363632608,213.77000427246094,133.59300231933594,250.56199645996094,133.47000122070312
69.5,5.025132214254283,29.692224241052937,30.475192246663944,37.14020306926339,107.18751264153396,129.884141089969,213.83900451660156,133.59300231933594,250.97900390625,133.47000122070312
69.55,5.125788475472669,31.26506441461778,30.4759664374452,37.49919465018385,107.25851178704279,130.31413377015272,213.91000366210938,133.59300231933594,251.40899658203125,133.47000122070312
69.60000000000001,5.227488437124246,29.69319582699986,30.476715212029994,37.84420928987813,107.33050275384113,130.73114122361778,213.98199462890625,133.59300231933594,251.8260040283203,133.47000122070312
69.65,5.34402037997847,31.265857489157156,30.4773417746532,38.20120205130358,107.40350753832256,131.16113504780512,214.05499267578125,133.593994140625,252.25599670410156,133.4709930419922
69.7,5.4663845246958385,29.69395112198804,30.477946355472675,38.54220371663857,107.47951156664296,131.57814250109428,214.13099670410156,133.593994140625,252.67300415039062,133.4709930419922
69.75,5.594400623097099,31.266468603170882,30.478450352344105,38.89519876203826,107.55650741625233,132.0081351815327,214.20799255371094,133.593994140625,253.10299682617188,133.4709930419922
69.8,5.726628442556591,29.69456565659506,30.47893992156107,39.2342015975706,107.63451034594009,132.42514263468294,214.28599548339844,133.593994140625,253.52000427246094,133.4709930419922
69.85000000000001,5.8602964921180885,31.267007619746664,30.47935019167013,39.583183662806746,107.71551925707331,132.85513531524003,214.36700439453125,133.593994140625,253.9499969482422,133.4709930419922
69.9,5.992092570950654,29.695066896463196,30.479749468267215,39.91719695570263,107.79851181078456,133.2721427682662,214.4499969482422,133.593994140625,254.36700439453125,133.4709930419922
69.95,6.120288907191759,31.267405874245156,30.48008077440367,40.263188369643586,107.88251144457394,133.7021354489148,214.53399658203125,133.593994140625,254.7969970703125,133.4709930419922
70.0,6.244380821168166,29.69549947357944,30.48040829765632,40.59318867280966,107.96850997973031,134.11813582176288,214.6199951171875,133.593994140625,255.21299743652344,133.4709930419922
70.05,6.365268682072306,31.267728597906302,30.480674715985174,40.935197614325105,108.05650741625377,134.54814376128678,214.70799255371094,133.593994140625,255.64300537109375,133.4709930419922
70.10000000000001,6.484609012830179,29.69582562173312,30.4809376954585,41.263183815849075,108.14551193285537,134.96513595531317,214.7969970703125,133.593994140625,256.05999755859375,133.4709930419922
70.15,6.603697008778007,31.2680169894254,30.481153645485325,41.6021715802642,108.23651535082415,135.39512863613524,214.88800048828125,133.593994140625,256.489990234375,133.4709930419922
70.2,6.717817010036944,29.696076240281986,30.481366157314717,41.92619056026849,108.32951767016021,135.81215134765182,214.9810028076172,133.593994140625,256.9070129394531,133.4709930419922
70.25,6.838309212524578,31.268233283252297,30.481542625322856,42.26218766136281,108.42351181078536,136.2421440285384,215.0749969482422,133.593994140625,257.3370056152344,133.4709930419922
70.3,6.9749290153725845,29.696292527193854,30.48171531238274,42.58317019841938,108.51952011156664,136.65913622241055,215.17100524902344,133.593994140625,257.7539978027344,133.4709930419922
70.35000000000001,7.121593171916095,31.26841181162192,30.481855731570267,42.915169556938004,108.61751205492638,137.08912890335617,215.2689971923828,133.593994140625,258.1839904785156,133.4709930419922
70.4,7.267861652147897,29.696471049576125,30.481996146881563,43.232184865511066,108.71751815844301,137.50615161473277,215.36900329589844,133.593994140625,258.60101318359375,133.4709930419922
70.45,7.421293533025993,31.2685560077335,30.482111160230396,43.55917940195681,108.82051498461591,137.9361442957317,215.4720001220703,133.593994140625,259.031005859375,133.4709930419922
70.5,7.588153637527788,29.696615240522956,30.482222736924747,43.872166443866504,108.92451889086794,138.35313648947115,215.5760040283203,133.593994140625,259.447998046875,133.4709930419922
70.55,7.757929417706449,31.26866587156379,30.482316464290495,44.1951632309556,109.0315135197769,138.78312917052364,215.68299865722656,133.593994140625,259.87799072265625,133.4709930419922
70.60000000000001,7.924177552056722,29.696759432026916,30.482409845319875,44.5031759619189,109.14052230884184,139.20015188179448,215.79200744628906,133.593994140625,260.2950134277344,133.4709930419922
70.65,8.082649434004411,31.268734536700588,30.482481600047397,44.82217499667121,109.25151474048373,139.6301445628889,215.9029998779297,133.593994140625,260.7250061035156,133.4709930419922
70.7,8.231797375161367,29.696831526039077,30.482557128623107,45.12415782725611,109.3655131535702,140.0461308955242,216.01699829101562,133.593994140625,261.1409912109375,133.4720001220703
70.75,8.37151353083059,31.268806635026195,30.482614463800495,45.43917709949179,109.48052305604905,140.4761540942264,216.1320037841797,133.59500122070312,261.5710144042969,133.4720001220703
70.8,8.503346146621567,29.69694138604524,30.482679349685633,45.73817198250737,109.59851927186942,140.89314628784106,216.25,133.59500122070312,261.9880065917969,133.4720001220703
70.85000000000001,8.619086376255277,31.268878733353162,30.482726041858758,46.04916024578011,109.7175225677686,141.3231389690077,216.36900329589844,133.59500122070312,262.4179992675781,133.4720001220703
70.9,8.70429829994958,29.69697571574047,30.48277650847519,46.34615626302582,109.83751768495904,141.74013116258968,216.48899841308594,133.59500122070312,262.8349914550781,133.4720001220703
70.95,8.77089780827966,31.268916499399197,30.48281255764176,46.654184360509724,109.95951170352065,142.17015436136433,216.61099243164062,133.59500122070312,263.2650146484375,133.4720001220703
71.0,8.84034260165937,29.697047811180905,30.482855814707555,46.9491662515636,110.08152098087301,142.58714655491391,216.73300170898438,133.59500122070312,263.6820068359375,133.4720001220703
71.05,8.922134145188322,31.268950832182085,30.48288431076939,47.255164964381386,110.20551390080159,143.01713923613514,216.85699462890625,133.59500122070312,264.11199951171875,133.4720001220703
71.10000000000001,9.022502032915375,29.69708557461343,30.482916925028043,47.54814798643997,110.32952207951566,143.4341314296653,216.9810028076172,133.59500122070312,264.52899169921875,133.4720001220703
71.15,9.143822059662806,31.268988598204082,30.48294233117839,47.8511712712543,110.45652098088323,143.86415462848848,217.10800170898438,133.59500122070312,264.9590148925781,133.4720001220703
71.2,9.282386271913794,29.697119905288186,30.482971169103298,48.14017178672587,110.58451170353969,144.28114682198606,217.23599243164062,133.59500122070312,265.3760070800781,133.4720001220703
71.25,9.430634864051784,31.26902293095327,30.482992798696007,48.44015860685509,110.71451658635362,144.71113950324983,217.36599731445312,133.59500122070312,265.8059997558594,133.4720001220703
71.3,9.582339003593567,29.697157669151657,30.483014427006644,48.7251486103032,110.84652409654856,145.12813169672165,217.4980010986328,133.5959930419922,266.2229919433594,133.4720001220703
71.35000000000001,9.725438651792327,31.269022931394442,30.48302884681077,49.02116816573683,110.98052678209788,145.55815489558745,217.6320037841797,133.5959930419922,266.65301513671875,133.4720001220703
71.4,9.86735111347538,29.697157667851695,30.483047042021894,49.30116605412838,111.11752019030237,145.97514708904643,217.7689971923828,133.5959930419922,267.07000732421875,133.4720001220703
71.45,10.019378796259636,31.269060697340837,30.483061461816057,49.593157323900584,111.25552067858497,146.40513977034684,217.90699768066406,133.5959930419922,267.5,133.4720001220703
71.5,10.17432288432041,29.697191999082683,30.483075880606236,49.870149260510125,111.39552006823492,146.82213196379297,218.0469970703125,133.5959930419922,267.9169921875,133.4720001220703
71.55,10.327935010828197,31.269060697753346,30.483086867163358,50.15713568352619,111.5385254393298,147.25212464510554,218.19000244140625,133.5959930419922,268.34698486328125,133.4720001220703
71.60000000000001,10.477550897791128,29.697191997901363,30.483097509492154,50.42915328913924,111.68352971179146,147.66914735611635,218.3350067138672,133.5959930419922,268.7640075683594,133.4720001220703
71.65,10.621875304789295,31.269060698199127,30.48310471949166,50.71215719949854,111.83051762683075,148.09914003744112,218.48199462890625,133.5959930419922,269.1940002441406,133.4720001220703
71.7,10.760475640517583,29.697229762781706,30.483115705241016,50.981135893614784,111.97852788073705,148.51613344695548,218.6300048828125,133.5959930419922,269.6109924316406,133.47300720214844
71.75,10.8941432582216,31.269095030829003,30.48312291522859,51.26012678573299,112.12952885729955,148.94612612830485,218.781005859375,133.5959930419922,270.0409851074219,133.47300720214844
71.8,11.024967309252693,29.697229762153363,30.483130124528763,51.52515593377701,112.28152165515118,149.3631488392899,218.93299865722656,133.5959930419922,270.4580078125,133.47300720214844
71.85000000000001,11.155503827443066,31.269095031211407,30.483137334510463,51.801143270620756,112.43553190586567,149.7931415206391,219.08700561523438,133.5970001220703,270.88800048828125,133.47300720214844
71.9,11.287695098745614,29.697229761517868,30.48314454387708,52.0611370360677,112.59152250645178,150.2091266339634,219.2429962158203,133.5970001220703,271.3039855957031,133.47300720214844
71.95,11.422875084842127,31.26909503157459,30.483147977300455,52.333154701475294,112.74952726719401,150.6391498328966,219.4010009765625,133.5970001220703,271.7340087890625,133.47300720214844
72.0,11.561583572415898,29.697229761058715,30.48315175349806,52.59014250879087,112.9095309293034,151.0561420262848,219.56100463867188,133.5970001220703,272.1510009765625,133.47300720214844
72.05,11.703639387805671,31.269095031949202,30.483155186917646,52.858131880288404,113.07153349277996,151.4861347076464,219.72300720214844,133.5970001220703,272.58099365234375,133.47300720214844
72.10000000000001,11.848539630901888,29.69726409292637,30.48316239642015,53.111137168668805,113.2355196988347,151.90312690102184,219.88699340820312,133.5970001220703,272.99798583984375,133.47300720214844
72.15,11.995563322060326,31.26909503230515,30.48316582983075,53.37615109875636,113.40052824375664,152.3331500999673,220.052001953125,133.5970001220703,273.4280090332031,133.47300720214844
72.2,12.143487361710811,29.697264092576983,30.483169262810275,53.62514334969424,113.56852751133488,152.75014229333615,220.22000122070312,133.5970001220703,273.8450012207031,133.47300720214844
72.25,12.291267211452453,31.269095032644646,30.48316926299184,53.88513949190624,113.73852866325772,153.18013497471614,220.38999938964844,133.59800720214844,274.2749938964844,133.47300720214844
72.3,12.438111492006211,29.697264092394633,30.483172696015963,54.13013395261353,113.9105257335703,153.597127168085,220.56199645996094,133.59800720214844,274.6919860839844,133.47300720214844
72.35000000000001,12.58358763839531,31.269095032961975,30.48317269619102,54.38616049512457,114.08452170525005,154.02715036704885,220.73599243164062,133.59800720214844,275.12200927734375,133.47300720214844
72.4,12.727803788240212,29.69726409215293,30.483176129254524,54.62714191682455,114.260531837086,154.44414256040497,220.91200256347656,133.59800720214844,275.53900146484375,133.47300720214844
72.45,12.871191656090579,31.269095033265575,30.483176129423622,54.87914016174741,114.43852561150008,154.8741352417911,221.08999633789062,133.59800720214844,275.968994140625,133.47300720214844
72.5,13.014219876603176,29.697264092060724,30.483179562523823,55.11612380230564,114.6185335460704,155.29112743514085,221.27000427246094,133.59800720214844,276.385986328125,133.47300720214844
72.55,13.150911243139314,31.269095033599218,30.483179562688825,55.36415703195146,114.80052782582239,155.72115063411098,221.45199584960938,133.5989990234375,276.8160095214844,133.47300720214844
72.60000000000001,13.29177911205335,29.697264091954747,30.483179562591666,55.597142881115126,114.9845335631271,156.13814282746074,221.63600158691406,133.5989990234375,277.2330017089844,133.47300720214844
72.65,13.438299794578123,31.26909503388345,30.483179562749495,55.84213737223986,115.16953112172085,156.56813550885914,221.8209991455078,133.5989990234375,277.6629943847656,133.47300720214844
72.7,13.565343754580523,29.697264091917567,30.483179562683556,56.071125438983145,115.35753466175996,156.98512770220253,222.00900268554688,133.5989990234375,278.0799865722656,133.47300720214844
72.75,13.674567533886304,31.269095034184087,30.4831795628375,56.31114337745164,115.54753710316659,157.4151520449638,222.19900512695312,133.5989990234375,278.510009765625,133.4739990234375
72.8,13.780263679942035,29.697264091920356,30.483179562790077,56.538132566276154,115.73753954457382,157.8321442383072,222.38900756835938,133.5989990234375,278.927001953125,133.4739990234375
72.85000000000001,13.887579429247209,31.269095034515605,30.48317956294544,56.775131501428234,115.93053270863741,158.26213691970574,222.58200073242188,133.5989990234375,279.35699462890625,133.4739990234375
72.9,14.00133935195201,29.697264091909197,30.483179562921066,56.99913220128047,116.12352850026372,158.67912911304276,222.77499389648438,133.60000610351562,279.77398681640625,133.4739990234375
72.95,14.125359479965846,31.26909503481096,30.483179563075606,57.23315567986562,116.31952764577183,159.10915231201906,222.9709930419922,133.60000610351562,280.2040100097656,133.4739990234375
73.0,14.26061142879227,29.697264091901015,30.483179563059632,57.45314111040581,116.51653387135777,159.5261445053561,223.16799926757812,133.60000610351562,280.6210021972656,133.4739990234375
73.05,14.404574318217115,31.26909503510204,30.483179563209916,57.68412810615859,116.71553899831095,159.9561371867608,223.36700439453125,133.60000610351562,281.0509948730469,133.4739990234375
73.10000000000001,14.554587434458698,29.69726409189939,30.48317956320438,57.89912393275069,116.91753484792076,160.37312938009785,223.56900024414062,133.60000610351562,281.4679870605469,133.4739990234375
73.15,14.701143280170966,31.269095035363545,30.483179563352387,58.12614366114321,117.12053777760879,160.80315257908643,223.77200317382812,133.60000610351562,281.89801025390625,133.4739990234375
73.2,14.83841053287143,29.697264092029393,30.48317956336357,58.33714170205578,117.32653142995282,161.2201447724233,223.97799682617188,133.60000610351562,282.31500244140625,133.4739990234375
73.25,14.98334759399014,31.26909503566726,30.483179563511886,58.56013527001107,117.53353453846266,161.65013745383416,224.18499755859375,133.6009979248047,282.7449951171875,133.4739990234375
73.3,15.15963866783427,29.697264091958182,30.483179563515666,58.76812733608843,117.74253417225229,162.06712964717119,224.3939971923828,133.6009979248047,283.1619873046875,133.4739990234375
73.35000000000001,15.369338433359426,31.269095035945348,30.483179563658638,58.98515258828198,117.95553160877807,162.4971528461659,224.60699462890625,133.6009979248047,283.5920104980469,133.4739990234375
73.4,15.597254932759128,29.697264092275795,30.483179563695302,59.18612563453679,118.17054320546285,162.91313795943896,224.82200622558594,133.6009979248047,284.00799560546875,133.4739990234375
73.45,15.82783390568136,31.269095036234493,30.483179563837655,59.39813076369976,118.3885302660162,163.34313064085612,225.0399932861328,133.6009979248047,284.43798828125,133.4739990234375
73.5,16.047615381832674,29.697264092303357,30.483179563877894,59.59315290215295,118.61053038809207,163.76015335177084,225.26199340820312,133.6009979248047,284.8550109863281,133.4739990234375
73.55,16.247810274090575,31.269095036514223,30.48317956401911,59.79813901078352,118.83553649161038,164.19014603318783,225.48699951171875,133.6009979248047,285.2850036621094,133.4739990234375
73.60000000000001,16.424786241135944,29.69726409237422,30.483179564066592,59.98812790654961,119.06254373037694,164.60713822652488,225.71400451660156,133.6020050048828,285.7019958496094,133.4739990234375
73.65,16.58008992606295,31.269095036796415,30.483179564209877,60.18913147902505,119.29153237783788,165.0371309079419,225.9429931640625,133.6020050048828,286.1319885253906,133.4739990234375
73.7,16.719157882532343,29.697264092480367,30.483179564254975,60.37414387903424,119.52354226553392,165.45415361885645,226.1750030517578,133.6020050048828,286.54901123046875,133.4739990234375
73.75,16.849514012464844,31.269095037082657,30.483179564396515,60.57113228483797,119.75654397452007,165.88414747960618,226.4080047607422,133.6020050048828,286.97900390625,133.47500610351562
73.8,16.97897063925218,29.697264092728577,30.483179564473556,60.75312346290826,119.99154458487389,166.3011396729305,226.64300537109375,133.6020050048828,287.39599609375,133.47500610351562
73.85000000000001,17.103385566471356,31.269095037344215,30.483179564613447,60.94611620687032,120.22854409659506,166.73113235434752,226.8800048828125,133.6020050048828,287.82598876953125,133.47500610351562
73.9,17.231401981128425,29.697264092899328,30.4831795646758,61.124140113236564,120.46754250968304,167.14815506525574,227.11900329589844,133.6020050048828,288.2430114746094,133.47500610351562
73.95,17.37950622705697,31.269095037629004,30.483179564815252,61.31414214603466,120.70753274405904,167.5781477466789,227.35899353027344,133.6020050048828,288.6730041503906,133.47500610351562
74.0,17.54510624217031,29.69726409308693,30.48317956489361,61.48812454306361,120.95054624265808,167.99513994000304,227.6020050048828,133.60299682617188,289.0899963378906,133.47500610351562
74.05,17.723881249159536,31.269095037874262,30.483179565029616,61.67312170231072,121.19554135984569,168.4251326214262,227.8470001220703,133.60299682617188,289.5199890136719,133.47500610351562
74.10000000000001,17.895386409847283,29.697264093409423,30.48317956513314,61.842142945535215,121.44354245847886,168.84215533232805,228.09500122070312,133.60299682617188,289.93701171875,133.47500610351562
74.15,18.058942453562185,31.26913280366798,30.48318334182029,62.022135237399226,121.69354246361985,169.27214801374507,228.34500122070312,133.60299682617188,290.36700439453125,133.47500610351562
74.2,18.229863822495265,29.697264093550576,30.483183341927315,62.1871281736837,121.94554142050164,169.68914020705654,228.5970001220703,133.60299682617188,290.78399658203125,133.47500610351562
74.25,18.402841816712137,31.269132803927963,30.483187118611845,62.36312267608707,122.19953923390811,170.11913288847356,228.8509979248047,133.60299682617188,291.2139892578125,133.47500610351562
74.3,18.56203341409106,29.69726409365046,30.483187118704034,62.523141260447055,122.45654301908677,170.53615559936924,229.10800170898438,133.60299682617188,291.6310119628906,133.47500610351562
74.35000000000001,18.707761917352773,31.269095038694893,30.4831871188391,62.69413089392762,122.71554570465852,170.9661482807864,229.36700439453125,133.60299682617188,292.0610046386719,133.47500610351562
74.4,18.86040155911359,29.697264093975875,30.483187118946756,62.8491293503213,122.9775391133237,171.38314047410438,229.62899780273438,133.60299682617188,292.4779968261719,133.47500610351562
74.45,19.016714708639118,31.26909503894327,30.483187119078178,63.01612324635457,123.2405415304848,171.81313315552137,229.89199829101562,133.60400390625,292.9079895019531,133.47500610351562
74.5,19.175329815012194,29.69726409427815,30.4831871191973,63.16814624334977,123.50554092087295,172.23015586641688,230.15699768066406,133.60400390625,293.32501220703125,133.47500610351562
74.55,19.335637496954494,31.269095039214424,30.48318711933132,63.33013321150039,123.77354629256915,172.66014854784004,230.4250030517578,133.60400390625,293.7550048828125,133.47500610351562
74.60000000000001,19.496269609257336,29.697264094546515,30.483187119445027,63.47712082172527,124.04355056547614,173.07714074115785,230.69500732421875,133.60400390625,294.1719970703125,133.47500610351562
74.65,19.656290610097972,31.26913280498888,30.48318711957712,63.63512525738787,124.31553848082254,173.507133422581,230.9669952392578,133.60400390625,294.60198974609375,133.47500610351562
74.7,19.810045970502724,29.697264094818426,30.483187119703906,63.77814559354668,124.58954055622172,173.92415613348285,231.24099731445312,133.60400390625,295.0190124511719,133.47500610351562
74.75,19.954334214799225,31.26909503977435,30.483183343288545,63.93112990089519,124.86654861299307,174.354148814906,231.51800537109375,133.60400390625,295.4490051269531,133.47500610351562
74.8,20.106254518159222,29.697264094956992,30.4831833434192,64.07012192765893,125.14455026026516,174.771142187752,231.79600524902344,133.60499572753906,295.8659973144531,133.4759979248047
74.85000000000001,20.290934687687937,31.26909504001229,30.48318334355094,64.21912370193785,125.42554086089685,175.20113486916898,232.07699584960938,133.60499572753906,296.2959899902344,133.4759979248047
74.9,20.513162441355714,29.69726409524588,30.48318334367794,64.35213429796572,125.70854562165816,175.61715049999407,232.36000061035156,133.60499572753906,296.7120056152344,133.4759979248047
74.95,20.758322374519572,31.269132805781496,30.483187120361766,64.49512412402127,125.99554818514056,176.04714318141106,232.64700317382812,133.60499572753906,297.1419982910156,133.4759979248047
75.0,21.01118648443299,29.697264095446272,30.48318712047858,64.62111569337021,126.2865485513524,176.4641353747225,232.93800354003906,133.60499572753906,297.5589904785156,133.4759979248047
75.05,21.258217564169463,31.269095040545974,30.483187120611728,64.7571475278024,126.58053964021963,176.89415857371722,233.23199462890625,133.60499572753906,297.989013671875,133.4759979248047
75.10000000000001,21.48894252680943,29.697264095673642,30.483187120724438,64.87712714817904,126.87755196932122,177.31115076702866,233.5290069580078,133.60499572753906,298.406005859375,133.4759979248047
75.15,21.696050313028977,31.269132806313664,30.48318712085692,65.00713378113637,127.17754145270466,177.74114344844565,233.82899475097656,133.6060028076172,298.83599853515625,133.4759979248047
75.2,21.877850040281253,29.697264095904227,30.4831871209655,65.12111670748538,127.48055048590867,178.1581356417571,234.1320037841797,133.6060028076172,299.25299072265625,133.4759979248047
75.25,22.03531503767025,31.269095041066436,30.483187121094705,65.2461469767867,127.78554316169205,178.58815884075182,234.43699645996094,133.6060028076172,299.6830139160156,133.4759979248047
75.3,22.17333765976163,29.697264096172006,30.483187121216208,65.35613210997174,128.0925499976337,179.00515103406326,234.74400329589844,133.6060028076172,300.1000061035156,133.4759979248047
75.35000000000001,22.301498296713433,31.269095041329106,30.483187121347886,65.47713406867575,128.40154047615434,179.43514371548025,235.05299377441406,133.6060028076172,300.5299987792969,133.4759979248047
75.4,22.42836290482817,29.697264096430597,30.483187121466358,65.58312140851866,128.71254511483136,179.8521359087917,235.36399841308594,133.6060028076172,300.9469909667969,133.4759979248047
75.45,22.561275138472944,31.26913280708766,30.483187121596973,65.70014280278389,129.02555022627314,180.2821591077864,235.677001953125,133.60699462890625,301.37701416015625,133.4759979248047
75.5,22.705453520344655,29.69726409666495,30.48318712171884,65.80313942414399,129.33954558760348,180.69915130109786,235.99099731445312,133.60699462890625,301.79400634765625,133.4759979248047
75.55,22.853557795913378,31.269095041854968,30.483187121849745,65.91613053402673,129.65654693037794,181.12914398251485,236.30799865722656,133.60699462890625,302.2239990234375,133.4759979248047
75.60000000000001,22.99604704161483,29.69726409693043,30.483187121975426,66.01511410310721,129.9745553532299,181.5461361758263,236.62600708007812,133.60699462890625,302.6409912109375,133.4759979248047
75.65,23.139109633387434,31.269095042118586,30.483183345555915,66.12413793704978,130.29555449873806,181.976159374821,236.94700622558594,133.60699462890625,303.0710144042969,133.4759979248047
75.7,23.286026110341762,29.69726409730504,30.483183345695995,66.21813189309819,130.61855254561317,182.39315156813245,237.27000427246094,133.60699462890625,303.4880065917969,133.4759979248047
75.75,23.448206632743627,31.269095042398916,30.48318334582924,66.32413449401068,130.94254241377723,182.82314424954944,237.593994140625,133.60699462890625,303.9179992675781,133.4759979248047
75.8,23.63558702870352,29.697264097495147,30.48318334596155,66.41312357809471,131.2705468894997,183.24013765896137,237.9219970703125,133.60800170898438,304.3349914550781,133.4770050048828
75.85000000000001,23.840246908671077,31.269095042660442,30.483183346094687,66.51314474651183,131.6005487205553,183.6701608579561,238.2519989013672,133.60800170898438,304.7650146484375,133.4770050048828
75.9,24.05599441973611,29.697264097748658,30.48318334622649,66.59813603658166,131.932549452979,184.08715305126753,238.58399963378906,133.60800170898438,305.1820068359375,133.4770050048828
75.95,24.26061829118835,31.269132808422697,30.483183346359993,66.69212999602526,132.26854798813721,184.51714573268453,238.9199981689453,133.60800170898438,305.61199951171875,133.4770050048828
76.0,24.414626074053164,29.697264097928183,30.48318334648632,66.77011751627084,132.6075525047392,184.93413792599597,239.25900268554688,133.60800170898438,306.02899169921875,133.4770050048828
76.05,24.511178754247823,31.269132808688493,30.48318712316967,66.86014419909598,132.94754884263037,185.3641611249907,239.5989990234375,133.60800170898438,306.4590148925781,133.4770050048828
76.10000000000001,24.572343400821815,29.697264098169526,30.48318712329358,66.93613282254597,133.28855226060327,185.78115331830213,239.94000244140625,133.60800170898438,306.8760070800781,133.4770050048828
76.15,24.613598723703905,31.269095043450864,30.48318712342681,67.02512385633544,133.62955712095118,186.21114599971912,240.281005859375,133.60899353027344,307.3059997558594,133.4770050048828
76.2,24.651578735582206,29.697264098495715,30.48318712354588,67.10012065892874,133.97155236021797,186.62813819303057,240.6230010986328,133.60899353027344,307.7229919433594,133.4770050048828
76.25,24.700574256185753,31.269132809232225,30.48319090022921,67.18714136518211,134.31455467956155,187.05816139202528,240.96600341796875,133.60899353027344,308.15301513671875,133.4770050048828
76.3,24.77293462049927,29.697264098688514,30.483190900348546,67.26013927096618,134.65854882019065,187.47515358533673,241.30999755859375,133.60899353027344,308.57000732421875,133.4770050048828
76.35000000000001,24.874885996861522,31.26909504397766,30.483190900480263,67.34513056297362,135.00355004089496,187.90514626675372,241.65499877929688,133.60899353027344,309.0,133.4770050048828
76.4,25.008733800632765,29.69726409894586,30.483190900599986,67.41510723498436,135.34955834167621,188.32113138000113,242.00100708007812,133.60899353027344,309.4159851074219,133.4770050048828
76.45,25.17278717005762,31.269132809741233,30.48319090073184,67.49710781081151,135.69855736511454,188.7521311414831,242.35000610351562,133.60899353027344,309.84698486328125,133.4770050048828
76.5,25.35865358423873,29.697264099193674,30.483190900858393,67.56212736137503,136.0495567346718,189.16814677230818,242.7010040283203,133.61000061035156,310.26300048828125,133.4770050048828
76.55,25.554709841165195,31.26909504451499,30.48318712444104,67.6381312429876,136.40354538213725,189.59813945372517,243.05499267578125,133.61000061035156,310.6929931640625,133.4770050048828
76.60000000000001,25.750371289272543,29.69726409951066,30.48318712457516,67.69811342657388,136.7605552698373,190.0151316470366,243.41200256347656,133.61000061035156,311.1099853515625,133.4770050048828
76.65,25.93688662718749,31.269095044776336,30.483187124707705,67.7691429531221,137.11954880011413,190.44515484603133,243.77099609375,133.61000061035156,311.5400085449219,133.4770050048828
76.7,26.10749066244425,29.697264099818895,30.483187124840022,67.82512734210067,137.48055649054575,190.86214703934277,244.1320037841797,133.61000061035156,311.9570007324219,133.4770050048828
76.75,26.259338961886424,31.269095045049195,30.483183348421715,67.89112147842809,137.8445549036322,191.29213972076593,244.49600219726562,133.61000061035156,312.3869934082031,133.4770050048828
76.80000000000001,26.39199895157089,29.69726409995466,30.483183348548334,67.94211820203525,138.2105535619581,191.70913191408374,244.86199951171875,133.61099243164062,312.8039855957031,133.4770050048828
76.85000000000001,26.508242932156264,31.26909504529564,30.483183348680132,68.00414311250871,138.5785497777787,192.13915625686346,245.22999572753906,133.61099243164062,313.2340087890625,133.47799682617188
76.9,26.61501975213416,29.69726410020413,30.483183348805955,68.05213191201898,138.94755307367802,192.5561484501749,245.5989990234375,133.61099243164062,313.6510009765625,133.47799682617188
76.95,26.71913065530862,31.269095045570996,30.483179572388934,68.11212935650799,139.31754819086675,192.9861411315919,245.968994140625,133.61099243164062,314.08099365234375,133.47799682617188
77.0,26.826879049381322,29.69726410044606,30.48317957251417,68.15711218058783,139.68955746821163,193.40313332490334,246.34100341796875,133.61099243164062,314.49798583984375,133.47799682617188
77.05000000000001,26.943195069410837,31.269095045833865,30.48317957264606,68.21314431875655,140.0635517440535,193.83315652389805,246.71499633789062,133.61199951171875,314.9280090332031,133.47799682617188
77.10000000000001,27.071355728530335,29.697264100702885,30.483179572765284,68.25513642490299,140.43855174405374,194.2501487172095,247.08999633789062,133.61199951171875,315.3450012207031,133.47799682617188
77.15,27.20372724541668,31.269095046103768,30.483179572898024,68.30813009763828,140.81555064542096,194.6801413986265,247.4669952392578,133.61199951171875,315.7749938964844,133.47799682617188
77.2,27.322310929993815,29.69726410095969,30.4831795730121,68.34612440896176,141.19454844815533,195.09713359193793,247.8459930419922,133.61199951171875,316.1919860839844,133.47799682617188
77.25,27.42159814888402,31.269095046370555,30.48317957314424,68.39614262381001,141.57455333096794,195.52715679093265,248.2259979248047,133.61199951171875,316.62200927734375,133.47799682617188
77.30000000000001,27.51732342498782,29.697264101219023,30.48317957327068,68.43113095963784,141.956557115148,195.9441489842441,248.60800170898438,133.61199951171875,317.03900146484375,133.47799682617188
77.35000000000001,27.62550270538873,31.269095046637435,30.48317957340486,68.47812991840097,142.33955404466425,196.37414166566109,248.99099731445312,133.61300659179688,317.468994140625,133.47799682617188
77.4,27.747363350839052,29.697264101542835,30.483179573538735,68.5101122777736,142.7245638102893,196.79113385897253,249.37600708007812,133.61300659179688,317.885986328125,133.47799682617188
77.45,27.879266223431777,31.269095046913744,30.483179573673006,68.55414905792469,143.11055013841434,197.22115705796725,249.76199340820312,133.61300659179688,318.3160095214844,133.47799682617188
77.5,28.024095209648166,29.697264101790367,30.48317957380744,68.58213362244972,143.49955770677389,197.6381492512787,250.1510009765625,133.61300659179688,318.7330017089844,133.47799682617188
77.55000000000001,28.1899836364533,31.269095047179523,30.483179573942003,68.6221268315078,143.88955709642298,198.06814193269568,250.54100036621094,133.61300659179688,319.1629943847656,133.47799682617188
77.60000000000001,28.369946609794077,29.6972641020435,30.483179574076065,68.64611555896987,144.28256371903774,198.48513412600713,250.9340057373047,133.61399841308594,319.5799865722656,133.47799682617188
77.65,28.557435220841203,31.269095047449234,30.483179574210613,68.68014259220999,144.67855981278976,198.91515732500184,251.3300018310547,133.61399841308594,320.010009765625,133.47799682617188
77.7,28.733403655097963,29.697264102299208,30.483179574344565,68.69913974698925,145.0765548079086,199.3321495183133,251.72799682617188,133.61399841308594,320.427001953125,133.47799682617188
77.75,28.891406000889138,31.269095047716416,30.483179574479145,68.72912320914605,145.47656396318268,199.76214219973028,252.1280059814453,133.61399841308594,320.85699462890625,133.47799682617188
77.80000000000001,29.061292465996605,29.69726410247167,30.483179574604407,68.74311549095533,145.8795638411127,200.17913439304172,252.531005859375,133.61399841308594,321.27398681640625,133.47799682617188
77.85000000000001,29.253604760769402,31.269095047980265,30.48317957473869,68.76813985643982,146.28456387252334,200.6091587712855,252.93600463867188,133.61500549316406,321.7040100097656,133.47900390625
77.9,29.460134069357224,29.697264102741773,30.483179574858582,68.77613544590297,146.6925533744774,201.02514388453292,253.343994140625,133.61500549316406,322.1199951171875,133.47900390625
77.95,29.661015739782435,31.269132813746726,30.483183351541886,68.79612442088589,147.103564116666,201.45614364601488,253.7550048828125,133.61500549316406,322.5509948730469,133.47900390625
78.0,29.821357854432925,29.697264102972078,30.483183351660056,68.7991456548423,147.51655850143192,201.87215927683997,254.16799926757812,133.61500549316406,322.9670104980469,133.47900390625
78.05000000000001,29.93382357692886,31.269095048505342,30.48318335179264,68.81313793745421,147.93255886764302,202.30215195825696,254.58399963378906,133.61500549316406,323.3970031738281,133.47900390625
78.10000000000001,30.016334338036607,29.697264103232268,30.483183351911514,68.81413172376784,148.34856041619625,202.7191441515684,255.0,133.61599731445312,323.8139953613281,133.47900390625
78.15,30.080055003392673,31.269132814265493,30.48318712859314,68.82711692789817,148.76556786248932,203.1491368329854,255.41700744628906,133.61599731445312,324.2439880371094,133.47900390625
78.2,30.138014702543845,29.697264103479398,30.483187128711165,68.82514854762432,149.18455895136177,203.56615954387456,255.83599853515625,133.61599731445312,324.6610107421875,133.47900390625
78.25,30.20231208401421,31.269095049036846,30.483187128843205,68.83613485434971,149.60356529902236,203.99615222529155,256.2550048828125,133.61599731445312,325.09100341796875,133.47900390625
78.30000000000001,30.284355831343003,29.697264103605427,30.483187128956587,68.83314413723917,150.02354820918137,204.41314441860933,256.67498779296875,133.61599731445312,325.50799560546875,133.47900390625
78.35000000000001,30.391489627712183,31.269095049328534,30.483187129091412,68.84211829922393,150.44456992145976,204.84313710002633,257.09600830078125,133.61700439453125,325.93798828125,133.47900390625
78.4,30.527284039686805,29.697264103842716,30.483187129201507,68.83516030502507,150.8685506343504,205.26015981092183,257.5199890136719,133.61700439453125,326.3550109863281,133.47900390625
78.45,30.680965588239307,31.269095049569355,30.483183352783765,68.84013466063392,151.29356894489763,205.690152492345,257.94500732421875,133.61700439453125,326.7850036621094,133.47900390625
78.5,30.84573994906119,29.697264104143702,30.483183352900927,68.83012491476154,151.7205708980237,206.1071446856628,258.37200927734375,133.61700439453125,327.2019958496094,133.47900390625
78.55000000000001,31.028511311335777,31.269095049848115,30.4831833530352,68.83012491513762,152.1505635738069,206.53713736707982,258.802001953125,133.61700439453125,327.6319885253906,133.47900390625
78.60000000000001,30.99827147092408,29.6972641044065,30.483183353152622,68.81614988817883,152.58156447086,206.954160077969,259.2330017089844,133.6179962158203,328.04901123046875,133.47900390625
78.65,30.971883618580133,31.269095050113616,30.483179576737435,68.81614988853585,153.01155714664677,207.38415275939215,259.6629943847656,133.6179962158203,328.47900390625,133.47900390625
78.7,30.945530025557318,29.697264104657098,30.483179576855207,68.80314942639669,153.44154982243674,207.80114495270996,260.0929870605469,133.6179962158203,328.89599609375,133.47900390625
78.75,30.919179840754264,31.269095050392504,30.48317957699077,68.8031189092294,153.87157301580515,208.23113763412698,260.52301025390625,133.6179962158203,329.32598876953125,133.47900390625
78.80000000000001,30.892898327945666,29.697264104988815,30.483179577129107,68.79115604264538,154.3005586115156,208.64816034502266,260.9519958496094,133.6179962158203,329.7430114746094,133.47900390625
78.85000000000001,30.866620235951864,31.269095050677727,30.483179577264025,68.79213464564383,154.72957590681963,209.078153026446,261.3810119628906,133.61900329589844,330.1730041503906,133.47900390625
78.9,30.84037305870708,29.697264105253428,30.4831795774051,68.78114632827379,155.15755442244821,209.49514639929214,261.8089904785156,133.61900329589844,330.5899963378906,133.47999572753906
78.95,30.81412932948392,31.269095050953545,30.483179577543517,68.78212288912678,155.5865705357319,209.92513908071547,262.2380065917969,133.61900329589844,331.0199890136719,133.47999572753906
79.0,30.787923374948125,29.697264105528586,30.483179577682005,68.77214366110306,156.01357248885856,210.34216179161115,262.6650085449219,133.61900329589844,331.43701171875,133.47999572753906
79.05000000000001,30.761786107506236,31.269095051231403,30.483179577820334,68.77415781749269,156.44155100448452,210.77215447303448,263.0929870605469,133.61900329589844,331.86700439453125,133.47999572753906
79.10000000000001,31.71089158594852,29.697264105785745,30.48317957795826,68.75813612139113,156.87456492055338,211.18914666635246,263.5260009765625,133.61900329589844,332.28399658203125,133.47999572753906
79.15,32.85057938494092,31.269095051502955,30.483179578097197,68.73811864442308,157.324578220929,211.61913934777579,263.97601318359375,133.6199951171875,332.7139892578125,133.47999572753906
79.2,33.89533563639741,29.697264105989984,30.483179578230484,68.68916855043757,157.79055112177497,212.03616205867147,264.4419860839844,133.6199951171875,333.1310119628906,133.47999572753906
79.25,34.77935217974828,31.269095051766413,30.483179578367878,68.64113398282339,158.26857846586688,212.4661547400948,264.9200134277344,133.6199951171875,333.5610046386719,133.47999572753906
79.30000000000001,35.42282003045847,29.697264106244795,30.48317957849348,68.56914316557499,158.757561620322,212.88314693341277,265.40899658203125,133.6199951171875,333.9779968261719,133.47999572753906
79.35000000000001,35.77997728145741,31.269095052037933,30.4831795786295,68.5041408602495,159.25255673753588,213.3131396148361,265.90399169921875,133.6199951171875,334.4079895019531,133.47999572753906
79.4,35.86216679866968,29.697264106505077,30.483179578754665,68.42314944477265,159.7505741132149,213.73016232573178,266.4020080566406,133.62100219726562,334.82501220703125,133.47999572753906
79.45,35.73825531567939,31.269095052306007,30.48317957888991,68.35616350354249,160.24755287306698,214.1601550071551,266.89898681640625,133.62100219726562,335.2550048828125,133.47999572753906
79.5,35.501087639967665,29.697264106761157,30.48317957901317,68.27913935538595,160.741572423556,214.5771472004731,267.39300537109375,133.6219940185547,335.6719970703125,133.47999572753906
79.55000000000001,35.235011562485745,31.26909505256559,30.483179579146586,68.218134849075,161.23256973823217,215.00713988189642,267.8840026855469,133.6219940185547,336.10198974609375,133.47999572753906
79.60000000000001,35.01421944699095,29.697264107094995,30.483179579277515,68.14715111582925,161.72057633022786,215.4241625927856,268.37200927734375,133.6219940185547,336.5190124511719,133.47999572753906
79.65,34.91075442643962,31.26909505283699,30.483179579410915,68.09216066744442,162.20556272751668,215.85415527420875,268.85699462890625,133.6230010986328,336.9490051269531,133.47999572753906
79.7,34.93267795792323,29.69726410713392,30.483179579525306,68.02413713556824,162.6905785967022,216.27114746752656,269.3420104980469,133.6230010986328,337.3659973144531,133.47999572753906
79.75,35.08798268439112,31.269095053111034,30.48317957965977,67.96813750391046,163.1765710283488,216.70114014894358,269.8280029296875,133.6230010986328,337.7959899902344,133.47999572753906
79.80000000000001,35.372596808091615,29.697264107572263,30.483179579792516,67.89517223222494,163.66656226653046,217.11816285983926,270.3179931640625,133.62399291992188,338.2130126953125,133.47999572753906
79.85000000000001,35.75293647242916,31.26909505338884,30.48317957992761,67.83114649784645,164.16058082124061,217.5481555412626,270.81201171875,133.62399291992188,338.64300537109375,133.47999572753906
79.9,36.1846855405219,29.69726410784291,30.483179580061392,67.74813673923846,164.66058082128419,217.96514895068103,271.31201171875,133.62399291992188,339.05999755859375,133.4810028076172
79.95,36.629285382314066,31.42947813282313,30.499217888113105,67.67416450227408,165.16757034695553,218.39817686007447,271.8190002441406,133.625,339.4930114746094,133.4810028076172
80.0,37.04328501977777,29.536597648975583,30.48315124233455,67.58715909209457,165.6795637552017,218.82316468668913,272.33099365234375,133.625,339.9179992675781,133.4810028076172
80.05000000000001,37.39536645905411,31.314834691007764,30.487725206178766,67.5081500707741,166.1965620462419,219.2612199656464,272.8479919433594,133.625,340.3559875488281,133.4810028076172
80.10000000000001,37.69848662002963,29.711290370262624,30.48912783249553,67.40717069209478,166.7185652200794,219.68241461736585,273.3699951171875,133.625,340.7770080566406,133.4810028076172
80.15,37.92888749387526,31.233029311961953,30.485521258408028,67.31416207733129,167.2445671607186,220.11564395694853,273.89599609375,133.62600708007812,341.2099914550781,133.4810028076172
80.2,38.075768075966906,29.77777919845957,30.49357276754059,67.20415721390395,167.77258229743833,220.53394268735605,274.42401123046875,133.62600708007812,341.62799072265625,133.4810028076172
80.25,38.1448892629841,31.143970703371405,30.48106033256663,67.10318913776452,168.30258107674354,220.96324484918304,274.9540100097656,133.62600708007812,342.0570068359375,133.4810028076172
80.30000000000001,38.153887535172984,30.149601013134976,30.526294023122905,66.9842371413548,168.83157370577766,221.37414662842053,275.4830017089844,133.6269989013672,342.4670104980469,133.4810028076172
80.35000000000001,38.12220871738468,30.58407942361642,30.45779246014566,66.86826229918523,169.36157248510224,221.78839374269262,276.01300048828125,133.6269989013672,342.8810119628906,133.4810028076172
80.4,38.067846416176884,30.32336683265575,30.520402732626952,66.7532860922474,169.89056418435192,222.20247089952568,276.5419921875,133.6269989013672,343.2950134277344,133.4810028076172
80.45,38.01096747537313,30.19349175539278,30.39680409488391,66.64025111055686,170.4185802814973,222.6174490404293,277.07000732421875,133.6280059814453,343.7099914550781,133.4810028076172
80.5,37.969926007183915,30.806795994218398,30.523823929408195,66.52726010813886,170.9465649006591,223.03255524906945,277.5979919433594,133.6280059814453,344.125,133.4810028076172
80.55000000000001,37.96128395727695,9.090304271445856,28.301370887452002,66.17113732442941,171.4735729573116,223.21627830677838,278.125,133.6280059814453,344.2959899902344,133.54800415039062
80.60000000000001,37.94904395978286,9.972896611075903,26.32753151153333,65.69011151264479,172.00058194725332,223.34951738792836,278.6520080566406,133.62899780273438,344.3420104980469,133.67300415039062
80.65,37.915562651098824,5.936354749443549,23.797864055281487,65.10222022256785,172.52755948631997,223.42406280633324,279.1789855957031,133.62899780273438,344.281005859375,133.69900512695312
80.7,37.88208482239081,5.420911330730773,21.362177268508606,64.61223810338491,173.05456754296353,223.46569267885653,279.70599365234375,133.62899780273438,344.3179931640625,133.6929931640625
80.75,37.848964097611045,5.165756082554463,18.764355806426913,64.12628653800482,173.57956143945012,223.50784366749392,280.2309875488281,133.62899780273438,344.35699462890625,133.69000244140625
80.80000000000001,37.81548292542908,5.02676490654522,16.252072195767937,63.64333026562123,174.10556338008948,223.55320594476143,280.7569885253906,133.6300048828125,344.3999938964844,133.6929931640625
80.85000000000001,37.78236228933235,4.832755351121434,13.676939788518435,63.16437633206875,174.63058779415277,223.60141133359224,281.2820129394531,133.6300048828125,344.4460144042969,133.69900512695312
80.9,37.748881201405524,4.572271812463339,11.101830286499194,62.688420407866225,175.15457461055954,223.65182507376431,281.8059997558594,133.6300048828125,344.4939880371094,133.70700073242188
80.95,37.71576063790409,4.2508053505307455,8.50756164601299,62.21452153457211,175.67856142696613,223.70468776607615,282.3299865722656,133.6300048828125,344.54400634765625,133.71299743652344
81.0,37.68264010258959,4.153521951195482,5.842234241710698,61.74157688268888,176.20257876095073,223.75865870878192,282.85400390625,133.6300048828125,344.5950012207031,133.71800231933594
81.05000000000001,37.64952303132946,3.9704539470873677,5.330249209274849,61.27263625245655,176.72558901485706,223.8155284768538,283.37701416015625,133.6300048828125,344.64898681640625,133.7209930419922
81.10000000000001,36.90324221251344,4.795781221467969,4.812537670314056,60.79877633424786,177.2455789744371,223.86674226283682,283.8970031738281,133.63099670410156,344.69500732421875,133.73399353027344
81.15,35.2356477646912,4.410358158431014,4.6599380112128035,60.35190444094649,177.74356481476727,223.92253934956437,284.3949890136719,133.63099670410156,344.7460021972656,133.7480010986328
81.2,33.787079226529336,4.46024901971759,4.563871780111485,59.925003376724064,178.2205850792324,223.97744446256053,284.87200927734375,133.63099670410156,344.7959899902344,133.76100158691406
81.25,32.543350983151555,4.329763948931704,4.48027256674921,59.517166147857886,178.67956945489593,224.03391027875668,285.33099365234375,133.63099670410156,344.84698486328125,133.7740020751953
81.30000000000001,31.620420815888195,3.89708788339698,4.367304864434386,59.12936896441263,179.12356969937554,224.09552900427613,285.7749938964844,133.63099670410156,344.90301513671875,133.78799438476562
81.35000000000001,31.016304115116508,3.6576611592769703,4.249795445249939,58.75453379397756,179.55658361546526,224.15942857011984,286.2080078125,133.63099670410156,344.96099853515625,133.802001953125
81.4,30.695977977441814,11.604812009991289,4.953049465002733,58.49801061768308,179.984562131091,224.34048842998524,286.635986328125,133.63099670410156,345.1319885253906,133.83399963378906
81.45,30.61667086931221,11.528178103199094,5.680786740269569,58.26452831220506,180.41058752179416,224.5496352275866,287.06201171875,133.63099670410156,345.3240051269531,133.80099487304688
81.5,30.72791083552395,20.704724810219847,7.335907026172005,58.22258756182183,180.83658239505493,224.95561470297073,287.4880065917969,133.63099670410156,345.7070007324219,133.74200439453125
81.55000000000001,30.95712302590634,28.767865041854346,9.815648135648704,58.231842850318834,181.26456206025287,225.42887760565026,287.9159851074219,133.6300048828125,346.1419982910156,133.70700073242188
81.60000000000001,31.210631997107946,28.763563862124908,12.212426399714397,58.226366408326015,181.69656889653277,225.90852567446706,288.3479919433594,133.6300048828125,346.56500244140625,133.66799926757812
81.65,31.400389363123328,29.186360596395332,14.690026643510828,58.20590565250303,182.1315664554009,226.40204828258624,288.7829895019531,133.6300048828125,346.9739990234375,133.63099670410156
81.7,31.487833219127097,29.161087585499548,17.160110500089026,58.156829961883865,182.5685781743162,226.89492518034575,289.2200012207031,133.6300048828125,347.35400390625,133.5989990234375
81.75,31.437683765948982,29.150762040934794,19.642210309289332,58.04188137585384,183.0055898931321,227.36758029182673,289.6570129394531,133.6300048828125,347.6650085449219,133.5489959716797
81.80000000000001,31.226797600199458,28.501764346763746,22.10267795562601,57.858450609543,183.44156401423498,227.80073542625553,290.0929870605469,133.6300048828125,347.90399169921875,133.4969940185547
81.85000000000001,30.875399821468353,29.43795635839368,24.68070747553768,57.66039669962438,183.87158720759749,228.2224098324142,290.52301025390625,133.6300048828125,348.1199951171875,133.4429931640625
81.9,30.412978378611058,28.749881556417375,26.39521443018029,57.457344309213966,184.29758208067548,228.6311512015966,290.9490051269531,133.6300048828125,348.32501220703125,133.39199829101562
81.95,29.882953268901662,29.237336157893445,28.166130235649725,57.267550233591166,184.71558134831983,229.0413144046681,291.36700439453125,133.6300048828125,348.5329895019531,133.343994140625
82.0,29.3272922570077,28.92362211586857,28.988019966214598,57.08767775144617,185.1255850105112,229.4460573758918,291.7770080566406,133.6300048828125,348.7409973144531,133.29600524902344
82.05000000000001,28.754532058073035,28.973846542706596,29.00861811629982,56.922028382413906,185.52856962973385,229.8530958978563,292.17999267578125,133.6300048828125,348.9540100097656,133.2449951171875
82.10000000000001,28.217159853128177,28.974440902793177,29.02970582036665,56.773527342696035,185.9225820809695,230.26300269779625,292.5740051269531,133.6300048828125,349.1730041503906,133.1929931640625
82.15,27.756755458087376,28.9928724774518,29.010357008472294,56.63344439329545,186.31058256928387,230.674499730989,292.9620056152344,133.6300048828125,349.3919982910156,133.13999938964844
82.2,27.400607878960944,29.038476704619196,28.99809592038426,56.50081692027227,186.69357817476046,231.08780019660108,293.3450012207031,133.6300048828125,349.6109924316406,133.08099365234375
82.25,27.154584503874485,28.949905925853255,28.978010308876105,56.373652484355446,187.071568897417,231.50117859600888,293.7229919433594,133.6300048828125,349.8280029296875,133.0189971923828
82.30000000000001,27.012672047526294,29.039414101983617,29.031775284398087,56.24913806057716,187.44757597750848,231.91616628478164,294.0989990234375,133.6300048828125,350.0429992675781,132.95399475097656
82.35000000000001,26.957520714897036,28.993920993242646,28.98737174788298,56.125203228137764,187.8225759775465,232.3306571571636,294.4739990234375,133.6300048828125,350.2550048828125,132.88699340820312
82.4,26.950499837462225,28.988756386667603,29.011259230908003,56.00190280769207,188.19656889752733,232.74496434309984,294.8479919433594,133.6300048828125,350.4639892578125,132.8179931640625
82.45,26.94614493979452,28.9835964569914,28.9858852608178,55.87833089615797,188.57056181751287,233.15895674622953,295.22198486328125,133.6300048828125,350.6700134277344,132.7480010986328
82.5,26.90603989410135,28.978531884989803,28.991376237729924,55.755430926565516,188.94458525506147,233.57327056907405,295.59600830078125,133.6300048828125,350.8739929199219,132.67599487304688
82.55000000000001,26.802900819135978,30.15598324194115,29.10958990765338,55.54467562336291,189.31757109493057,234.07758726583702,295.968994140625,133.6300048828125,350.968994140625,132.48300170898438
82.60000000000001,26.631217361080832,29.490577463936784,29.161203563767742,55.39919172093037,189.68857329220302,234.6293779786989,296.3399963378906,133.6300048828125,351.1210021972656,132.60899353027344
82.65,26.395560836983744,28.803761110908525,29.142292427113414,55.21782755606048,190.05658476681248,235.05716705362707,296.7080078125,133.6300048828125,351.24200439453125,132.5659942626953
82.7,26.087942111756405,28.96803752612264,29.13524850926376,55.018659055950636,190.42056792111305,235.50632408255115,297.0719909667969,133.6300048828125,351.3330078125,132.57200622558594
82.75,25.71635029942856,29.557510481280868,29.19600896480652,54.78495806525814,190.78058379026862,235.96585768523124,297.4320068359375,133.6300048828125,351.37701416015625,132.51300048828125
82.80000000000001,25.31138575602655,28.73702745688114,29.165770300296277,54.55562864009254,191.13358061646682,236.39687207229593,297.7850036621094,133.6300048828125,351.41900634765625,132.4669952392578
82.85000000000001,24.908149815251456,28.59889053658163,29.126267254630175,54.3088394763614,191.48257963993385,236.84213723938302,298.1340026855469,133.6300048828125,351.4320068359375,132.447998046875
82.9,24.53673817744425,29.798870441422523,29.20727866010567,54.03104683661126,191.82459157612752,237.31325641165967,298.47601318359375,133.63099670410156,351.3970031738281,132.45199584960938
82.95,24.219756939638074,20.02699155022423,28.311618169428954,53.63359327620776,192.1625737538718,237.7153544945494,298.8139953613281,133.63099670410156,351.260009765625,132.2270050048828
83.0,23.983813645722318,28.735944682101604,28.287359449140133,53.34846853162536,192.4975652089511,238.1130316818738,299.14898681640625,133.63099670410156,351.2229919433594,132.03199768066406
83.05000000000001,23.847770469327088,28.746409790155596,28.146402103961577,53.06566249627427,192.82956594137568,238.5325778242117,299.4809875488281,133.63099670410156,351.1719970703125,132.05499267578125
83.10000000000001,23.77486956087349,28.762404292519605,28.073584786819858,52.729750296830396,193.15958303123534,238.91075453874987,299.8110046386719,133.63099670410156,351.0830078125,132.20799255371094
83.15,23.72598241839426,28.795349564885356,28.072743632217538,52.46313640844567,193.4895696035286,239.32169091675624,300.1409912109375,133.63099670410156,351.04400634765625,132.3000030517578
83.2,23.66780669015826,28.83007423397374,28.058947303002647,52.30692341558108,193.8185796133235,240.8297071711583,300.4700012207031,133.63099670410156,350.82598876953125,132.5030059814453
83.25,23.582702426240385,99.3922645148113,35.04242270635569,51.749689941865554,194.14658408906666,243.63771550356856,300.7980041503906,133.6320037841797,350.3190002441406,129.77200317382812
83.30000000000001,23.454219296657413,35.0163759331007,35.67035755397764,51.04522502253006,194.4735799386863,244.3331350813158,301.125,133.6320037841797,349.8630065917969,129.2469940185547
83.35000000000001,23.27267215320238,24.178801980840092,35.22834869840349,50.5007180025735,194.79758506564133,244.89487350523996,301.4490051269531,133.6320037841797,349.4939880371094,128.96200561523438
83.4,23.04119198383465,28.864729158595203,35.134934570120755,50.05600575751356,195.11856895236022,245.3554508203866,301.7699890136719,133.6320037841797,349.2239990234375,128.87600708007812
83.45,22.772128348283374,28.82501238881289,36.01473665397962,49.64566760885583,195.4365926340045,245.81301976880408,302.0880126953125,133.6320037841797,348.9809875488281,128.86700439453125
83.5,22.47988003545612,28.807365831681636,36.02187876893762,49.261904496490374,195.75058956177688,246.27010700812053,302.4020080566406,133.63299560546875,348.7569885253906,128.90199279785156
83.55000000000001,22.184967506918923,28.789746784364297,36.02621246835849,48.91339552978284,196.06058712038146,246.7270439034308,302.7120056152344,133.63299560546875,348.5610046386719,128.9770050048828
83.60000000000001,21.92112396043809,28.77298192917736,36.027270232024264,48.60819026768063,196.3665868762491,247.18383835899928,303.01800537109375,133.63299560546875,348.4010009765625,129.0850067138672
83.65,21.745191673386994,28.757898054423414,36.023525080978075,48.35333925251222,196.66858882937572,247.6402955934464,303.32000732421875,133.63299560546875,348.28399658203125,129.2169952392578
83.7,21.669159529457293,28.745158574379506,36.01503351501865,48.14925183170581,196.97059078250257,248.09627190869054,303.62200927734375,133.63299560546875,348.2139892578125,129.36199951171875
83.75,21.65436421503044,28.735439696473286,28.949351033184847,48.00040630856776,197.27057857548505,248.55249661001494,303.9219970703125,133.63299560546875,348.1940002441406,129.51199340820312
83.80000000000001,21.671499672707196,28.7291432918238,28.32062776905716,47.902075187711574,197.5715751333177,249.008601546073,304.2229919433594,133.63400268554688,348.22198486328125,129.65499877929688
83.85000000000001,21.686297102512693,28.726667625332205,28.77541433350637,47.85284943675153,197.87257000639488,249.46446602663315,304.52398681640625,133.63400268554688,348.2959899902344,129.77999877929688
83.9,21.671105254569326,28.728018618846814,28.761743279531533,47.8473578937992,198.17457195954253,249.920612405836,304.82598876953125,133.63400268554688,348.4119873046875,129.87899780273438
83.95,21.60990466411939,28.733198525532885,28.752561893203534,47.88119883503409,198.47459027009998,250.37690465503098,305.1260070800781,133.63400268554688,348.56298828125,129.9429931640625
84.0,21.496180581604687,28.74195572972172,28.746020883007542,47.94452480794512,198.77357098299277,250.83320926289232,305.42498779296875,133.63400268554688,348.739990234375,129.96499633789062
84.05000000000001,21.334324518979695,28.753863979029195,28.742432602474032,48.027474171185226,199.07157678387526,251.2894883610547,305.7229919433594,133.63499450683594,348.9330139160156,129.94200134277344
84.10000000000001,21.13679206793269,28.768366526031585,28.74197106215945,48.12390359236382,199.3655831315355,251.74627391186593,306.0169982910156,133.63499450683594,349.13299560546875,129.87100219726562
84.15,20.93285312084758,28.784725143786115,28.744653771095717,48.22199881396445,199.65757531904325,252.20370245238036,306.3089904785156,133.63499450683594,349.3290100097656,129.75100708007812
84.2,20.753537278542787,28.80216826121166,28.75035473977893,48.311678743962844,199.94657678389433,252.66098123737066,306.5979919433594,133.63499450683594,349.5090026855469,129.5850067138672
84.25,20.58646090228095,28.819873057378548,28.758798075869457,48.38513596979781,200.23359460616382,253.11903088677067,306.885009765625,133.63499450683594,349.6650085449219,129.3769989013672
84.30000000000001,20.417872189198636,28.83701949663615,28.769585696350696,48.43386352461629,200.5186000475635,253.57706206684475,307.1700134277344,133.63600158691406,349.7869873046875,129.13400268554688
84.35000000000001,20.266961161508366,28.852748334455242,28.782193767263003,48.453012275544644,200.80058246943943,254.0357520082572,307.4519958496094,133.63600158691406,349.8680114746094,128.86300659179688
84.4,20.13361625248425,28.86634157479058,28.79602606285738,48.438482724934474,201.08058124873637,254.4937492862498,307.73199462890625,133.63600158691406,349.90399169921875,128.5760040283203
84.45,19.99714025182111,28.877133746888116,28.8104195849929,48.3867525073076,201.35957294795514,254.95277867697604,308.010986328125,133.63600158691406,349.8909912109375,128.27999877929688
84.5,19.857603348332212,28.884619856404036,28.824685997661128,48.29895114687843,201.6355739245177,255.41147845644758,308.2869873046875,133.63600158691406,349.8280029296875,127.98799896240234
84.55000000000001,19.71335278965569,28.88845362485421,28.838144962243632,48.17738706894406,201.91060012697832,255.87025910709772,308.56201171875,133.63699340820312,349.718994140625,127.70899963378906
84.60000000000001,19.564060572896757,28.88844926240284,28.85015323588076,48.02385579580538,202.18357986330645,256.32910406170504,308.8349914550781,133.63699340820312,349.56500244140625,127.4540023803711
84.65,19.410231306560295,28.884615915533917,28.86014231305554,47.84720868475735,202.45359939455645,256.78737840594516,309.1050109863281,133.63699340820312,349.375,127.23100280761719
84.7,19.252984240912195,28.877123281446124,28.86763781507899,47.6520160297451,202.7215742480721,257.24578420662453,309.37298583984375,133.63699340820312,349.1549987792969,127.0469970703125
84.75,19.093684073427934,28.866299887850648,28.872280498126194,47.44596925825693,202.98759597658784,257.70424759451157,309.6390075683594,133.63699340820312,348.91400146484375,126.90799713134766
84.80000000000001,18.933699022062704,28.85270725887204,28.873849274349784,47.239418606124836,203.25160354494736,258.1619164533297,309.90301513671875,133.63699340820312,348.66400146484375,126.81700134277344
84.85000000000001,18.786027245331674,28.836966773647504,28.87227111826901,47.04041950580367,203.5135988887079,258.6198061557885,310.1650085449219,133.63800048828125,348.41400146484375,126.77400207519531
84.9,18.64829124091418,28.819811395584573,28.86761810034841,46.85882554257514,203.7735781367548,259.07705360273997,310.42498779296875,133.63800048828125,348.1759948730469,126.77799987792969
84.95,18.510411056425497,28.802115410683534,28.860116266727953,46.70238086986179,204.03160425980172,259.53428978164493,310.6830139160156,133.63800048828125,347.9590148925781,126.82599639892578
85.0,18.371198772226094,28.78465281717059,28.85011956280461,46.579573024836435,204.28758570511437,259.99121975926926,310.9389953613281,133.63800048828125,347.77301025390625,126.91200256347656
85.05000000000001,18.201495981337626,28.768303936620907,28.838104593981278,46.497876441384356,204.54057642777062,260.4473511274417,311.1919860839844,133.63800048828125,347.6260070800781,127.0270004272461
85.10000000000001,17.99442248202247,28.753809180395116,28.824640585780507,46.460252247693376,204.7915835078496,260.9036657296521,311.4429931640625,133.63800048828125,347.52301025390625,127.16400146484375
85.15,17.778102532062196,28.74193916005983,28.8103729102331,46.469008317766935,205.0405764933115,261.3598862577311,311.6919860839844,133.63800048828125,347.4670104980469,127.31199645996094
85.2,17.561307451100973,28.733177795426023,28.795978361631086,46.527325192510375,205.28560421405456,261.81604857143634,311.93701171875,133.63900756835938,347.46099853515625,127.46099853515625
85.25,17.31395135035682,28.72800372621956,28.782148745467982,46.63213913774521,205.52757809376104,262.2718742203042,312.1789855957031,133.63900756835938,347.50299072265625,127.5989990234375
85.30000000000001,17.045101960550028,28.726641675858765,28.769542187166657,46.78066454847478,205.7655846856671,262.72795624596097,312.4169921875,133.63900756835938,347.5899963378906,127.71800231933594
85.35000000000001,16.760629760548422,28.7291779085384,28.758763300655744,46.968263532232484,205.99959347486674,263.18403524267353,312.6510009765625,133.63900756835938,347.7170104980469,127.80699920654297
85.4,16.473386921316784,28.73545360980696,28.75032752207798,47.187609641894795,206.23058102416908,263.64047454724084,312.8819885253906,133.63900756835938,347.87701416015625,127.85900115966797
85.45,16.245902847004846,28.745197224207946,28.744635703430426,47.43139446940745,206.4565942084319,264.09688045707196,313.1080017089844,133.63900756835938,348.05999755859375,127.86900329589844
85.5,16.091498497293284,28.75795373023348,28.74196579473671,47.68936200759067,206.68160031267715,264.5536934108123,313.3330078125,133.63900756835938,348.2569885253906,127.83100128173828
85.55000000000001,15.983174973998636,28.773057399165,28.742441140991122,47.95403860703708,206.90358517665848,265.0107768187777,313.55499267578125,133.63900756835938,348.4570007324219,127.74500274658203
85.60000000000001,15.902138769675219,28.78982013615149,28.74604223656676,48.214799812206984,207.125602773515,265.46797023903406,313.7770080566406,133.63999938964844,348.64898681640625,127.61100006103516
85.65,15.828554412175512,28.807443763067873,28.75259269686756,48.46552770833646,207.34560399468614,265.9254849068659,313.99700927734375,133.63999938964844,348.822998046875,127.43199920654297
85.7,15.748201444782426,28.825084712642937,28.761783388589254,48.698542745677166,207.5645981356471,266.38322307786024,314.21600341796875,133.63999938964844,348.968994140625,127.21299743652344
85.75,15.641029800732754,28.841880043258662,28.77317102029316,48.90913813135918,207.78258519641244,266.84148095343215,314.4339904785156,133.63999938964844,349.0799865722656,126.96099853515625
85.80000000000001,15.492781272907784,28.85705979273776,28.786212831981054,49.09272112358839,207.99858861450153,267.2995508807532,314.6499938964844,133.63999938964844,349.14801025390625,126.68499755859375
85.85000000000001,15.303637861435918,28.869866256961927,28.800281666823405,49.24789285858973,208.21160130987016,267.75853588914725,314.8630065917969,133.63999938964844,349.16900634765625,126.39299774169922
85.9,15.077918540752162,28.879727502853584,28.814709056128073,49.37291569889871,208.42259984504526,268.216902016195,315.0740051269531,133.63999938964844,349.1409912109375,126.0979995727539
85.95,14.829086721381056,28.886166484482718,28.828805982155547,49.46989655205507,208.6306076575486,268.6753670488585,315.2820129394531,133.63999938964844,349.06500244140625,125.80899810791016
86.0,14.572945549547416,28.888857392320233,28.84189634836422,49.54079673380597,208.83358006965804,269.1344936225717,315.4849853515625,133.63999938964844,348.9410095214844,125.53600311279297
86.05000000000001,14.322997923623204,28.887727240679464,28.853363332515663,49.58858309162206,209.03459935676784,269.5928628504531,315.6860046386719,133.63999938964844,348.7760009765625,125.29000091552734
86.10000000000001,14.107753381559688,28.882757368411852,28.8626570557417,49.6196958622971,209.23159289780395,270.0517184412046,315.88299560546875,133.64100646972656,348.57598876953125,125.0770034790039
86.15,13.927033388521876,28.874223381071676,28.869335017542078,49.6382550868759,209.42559314194477,270.50961275501913,316.0769958496094,133.64100646972656,348.3489990234375,124.90699768066406
86.2,13.730617487658352,28.862505580168722,28.87307710429466,49.65078957212152,209.6176097435079,270.96827034631156,316.2690124511719,133.64100646972656,348.10400390625,124.78099822998047
86.25,13.504429551697108,28.848200892779438,28.87370918924674,49.665641434698856,209.8066051048361,271.42596406305546,316.4580078125,133.64100646972656,347.8529968261719,124.7040023803711
86.30000000000001,13.25898121309352,28.83198285787319,28.871201495760282,49.690299148787716,209.99160266342994,271.88332228945774,316.64300537109375,133.64100646972656,347.6059875488281,124.6760025024414
86.35000000000001,13.00413783036484,28.814583631811203,28.86567323324521,49.730965882041374,210.17360949936833,272.34072790015625,316.82501220703125,133.64100646972656,347.37298583984375,124.69400024414062
86.4,12.748897039090268,28.796851679717403,28.857385650931594,49.79426625667102,210.35259509507307,272.7978918809336,317.0039978027344,133.64100646972656,347.16400146484375,124.75299835205078
86.45,12.500533011304743,28.779646175615465,28.84673362004487,49.88662780499763,210.527582888043,273.254613091123,317.1789855957031,133.64100646972656,346.989013671875,124.8489990234375
86.5,12.264589541423277,28.763757040139566,28.834223584826805,50.01137533460465,210.69961047593415,273.71104744896445,317.35101318359375,133.64100646972656,346.85400390625,124.97200012207031
86.55000000000001,12.042865646576889,28.750010802381976,28.820451940997053,50.17258424954372,210.86760974351245,274.167209494512,317.5190124511719,133.64100646972656,346.7650146484375,125.11299896240234
86.60000000000001,11.835289233754015,28.738992650837837,28.80607546923965,50.36972353394786,211.03359781415412,274.62319812711337,317.68499755859375,133.64199829101562,346.7239990234375,125.26200103759766
86.65,11.639485367656155,28.731269412742886,28.791780072406777,50.603593665307095,211.19558511884216,275.07930989321,317.84698486328125,133.64199829101562,346.73199462890625,125.40899658203125
86.7,11.450124805911802,28.727219294863158,28.778251443876222,50.87184252806029,211.35558878095338,275.5354482888522,318.0069885253906,133.64199829101562,346.7879943847656,125.54299926757812
86.75,11.261160800345163,28.72700441890187,28.766131796488462,51.171305475846715,211.51360880048628,275.99136729982774,318.1650085449219,133.64199829101562,346.88800048828125,125.65299987792969
86.80000000000001,11.068165300685097,28.730668842527283,28.756000394953873,51.4978509393572,211.66860757978486,276.44767074866064,318.32000732421875,133.64199829101562,347.0260009765625,125.73200225830078
86.85000000000001,10.867861355955329,28.738015217788302,28.74834355355158,51.84545310347824,211.82058511884816,276.9038253809221,318.47198486328125,133.64199829101562,347.1929931640625,125.77200317382812
86.9,10.658988939388577,28.74869990199057,28.743528375778897,52.209064365140875,211.96960245283293,277.36067227541844,318.6210021972656,133.64199829101562,347.3819885253906,125.76799774169922
86.95,10.442880987616702,28.76219810939761,28.74178356915711,52.5806958568836,212.11559854658293,277.817057390473,318.7669982910156,133.64199829101562,347.5799865722656,125.71600341796875
87.0,10.221337371026346,28.777881388119496,28.743196003955102,52.95522571435759,212.25860391767677,278.27418456331833,318.9100036621094,133.64199829101562,347.77899169921875,125.61599731445312
87.05000000000001,9.99655277992965,28.7950164270136,28.747696566418266,53.325772739703346,212.39858804853645,278.7317357748987,319.04998779296875,133.64199829101562,347.9670104980469,125.46800231933594
87.10000000000001,9.771408563182023,28.81271307069119,28.755068608403604,53.685901415160025,212.53561197431816,279.18928076743765,319.18701171875,133.64199829101562,348.13299560546875,125.2760009765625
87.15,9.548137166998398,28.83019992172758,28.76496165930207,54.031669375868965,212.66961465986537,279.64701587320525,319.3210144042969,133.64199829101562,348.2699890136719,125.0469970703125
87.2,9.328141058063444,28.846597610907956,28.77689949090655,54.358331580301325,212.80059610517816,280.105593355809,319.4519958496094,133.64199829101562,348.3680114746094,124.78600311279297
87.25,9.119484929338245,28.86114590617563,28.79031363963393,54.66344234399146,212.92858682783447,280.5640847294689,319.5799865722656,133.64199829101562,348.4230041503906,124.50399780273438
87.30000000000001,8.903628461591381,28.873140050805144,28.804560760461715,54.94481067235598,213.05358682783447,281.0222818742903,319.7049865722656,133.64199829101562,348.42999267578125,124.21099853515625
87.35000000000001,8.663329115701366,28.881994063015473,28.818958644984434,55.20310062850071,213.17458902510026,281.48110467533365,319.82598876953125,133.64199829101562,348.38800048828125,123.91600036621094
87.4,8.409096868929225,28.887352156273977,28.832823870412778,55.43738114045281,213.29360757978895,281.93965113257565,319.94500732421875,133.64199829101562,348.2969970703125,123.63099670410156
87.45,8.148600699378036,28.88893452960425,28.84549751243344,55.6513982921487,213.4075907340879,282.39866673154813,320.0589904785156,133.64199829101562,348.1600036621094,123.36499786376953
87.5,7.889256378640929,28.886632006698715,28.856372574291363,55.848020367787385,213.51861368330927,282.8571460610425,320.1700134277344,133.64199829101562,347.9840087890625,123.12799835205078
87.55000000000001,7.636608564976946,28.880555230919924,28.864926454681996,56.03101554882074,213.62662008753748,283.31575865310776,320.27801513671875,133.64300537109375,347.7749938964844,122.927001953125
87.60000000000001,7.3935368701286555,28.871040851744056,28.870759232787282,56.204610603792226,213.73059347621052,283.77411754774784,320.3819885253906,133.64300537109375,347.5409851074219,122.7699966430664
87.65,7.159212635952624,28.858496212708385,28.87358886188536,56.37562099745357,213.8305995797263,284.23180755031717,320.48199462890625,133.64300537109375,347.29400634765625,122.65899658203125
87.7,6.929748567393762,28.84354215780776,28.87328331657534,56.54747031077795,213.9285915230857,284.6901334254034,320.5799865722656,133.64300537109375,347.0419921875,122.59600067138672
87.75,6.700716643560924,28.826894122241523,28.86985813818193,56.72727853675433,214.02261618128892,285.14749887369277,320.67401123046875,133.64300537109375,346.7980041503906,122.58200073242188
87.80000000000001,6.468732575575703,28.80931681539346,28.863475814640758,56.91977925087337,214.1145961617578,285.6043569162146,320.7659912109375,133.64300537109375,346.5719909667969,122.61199951171875
87.85000000000001,6.2928727709153485,28.791659776585835,28.854442385997793,57.129346043212855,214.20260885707268,286.0616534914881,320.85400390625,133.64300537109375,346.37200927734375,122.68399810791016
87.9,6.078564681326059,28.774755507522904,28.843182721122684,57.360488389699725,214.28860739223168,286.51821438086745,320.94000244140625,133.64300537109375,346.2080078125,122.78800201416016
87.95,5.6359443523783845,28.759437209162236,28.830232989078485,57.61749486881693,214.36859396450922,286.97457496358106,321.0199890136719,133.64300537109375,346.08599853515625,122.91699981689453
88.0,5.079384597540601,28.74642186506029,28.816211974914644,57.9022097693303,214.44259909157262,287.4307829640194,321.093994140625,133.64300537109375,346.010986328125,123.06199645996094
88.05000000000001,4.459644472491646,28.73633769849266,28.801790221671915,58.21642288674224,214.50860861335005,287.88703078870236,321.1600036621094,133.64300537109375,345.9849853515625,123.21199798583984
88.10000000000001,3.868128492900471,28.729650170435743,28.787651153541084,58.5600059398153,214.5656154496696,288.3430745124535,321.2170104980469,133.64300537109375,346.00799560546875,123.35600280761719
88.15,3.2879847055025238,28.726739206782838,28.77447545294853,58.93069453851145,214.6145961629351,288.799081803454,321.2659912109375,133.64300537109375,346.0769958496094,123.48400115966797
88.2,1.1115075055728285,28.727683118805576,28.762889549048317,59.33110431697008,214.6445949464298,289.2551719813949,321.2959899902344,133.64300537109375,346.1889953613281,123.58599853515625
88.25,2.8036210863442247e-05,28.732474415010806,28.753447578325243,59.76087455644171,214.64660927015757,289.7113009087494,321.2980041503906,133.64300537109375,346.33599853515625,123.65399932861328
88.30000000000001,6.594752414265105e-06,28.740864062723222,28.74660230305822,60.20524143660146,214.64661442013858,290.16774181662856,321.2980041503906,133.64300537109375,346.510986328125,123.68099975585938
88.35000000000001,1.1460477778874719e-05,28.75244583473116,28.74268090887275,60.65836934015217,214.64662079015216,290.6245181593218,321.2980041503906,133.64300537109375,346.7040100097656,123.66300201416016
88.4,1.6957286632825707e-05,28.76667986349243,28.741873344469703,61.11510589970672,214.64663227009987,291.08144381723866,321.2980041503906,133.64300537109375,346.90399169921875,123.59700012207031
88.45,1.8817080770549225e-05,28.78287279324114,28.744216902877593,61.5701183214802,214.64664528009416,291.53836774246014,321.2980041503906,133.64300537109375,347.1000061035156,123.48200225830078
88.5,1.8071025895838896e-05,28.80025815966065,28.749600532337627,62.01912728433541,214.646657940144,291.99589184371604,321.2980041503906,133.64300537109375,347.2829895019531,123.32099914550781
88.55000000000001,1.6085827069713984e-05,28.817978517412097,28.75776461422957,62.45691536039472,214.6466693501261,292.4536527454131,321.2980041503906,133.64300537109375,347.4410095214844,123.11699676513672
88.60000000000001,1.3975350051066629e-05,28.83520385836965,28.768319983022963,62.8799103868052,214.64667911003744,292.91138937106433,321.2980041503906,133.64300537109375,347.5669860839844,122.87799835205078
88.65,2.8607389285867306e-06,28.85114765193581,28.780760827538263,63.28501083754735,214.64668327013896,293.36986034727494,321.2980041503906,133.64300537109375,347.65301513671875,122.61000061035156
88.7,5.522810171406222e-06,28.864972752190656,28.79448979087677,63.66989974135052,214.6466865900711,293.8286636906657,321.2980041503906,133.64300537109375,347.6940002441406,122.322998046875
88.75,6.617709096434271e-06,28.876112208058647,28.808853570181554,64.03299634222353,214.6466908600687,294.28731356427073,321.2980041503906,133.64300537109375,347.6860046386719,122.02799987792969
88.80000000000001,6.249628774786636e-06,28.883990626812995,28.82316622659053,64.37428334133303,214.64669529013736,294.74594212147593,321.2980041503906,133.64300537109375,347.6289978027344,121.73500061035156
88.85000000000001,5.430903452363005e-06,28.888239400408196,28.836745583158233,64.69447517507304,214.64669933009827,295.20439906341136,321.2980041503906,133.64300537109375,347.52398681640625,121.45500183105469
88.9,4.652658121198855e-06,28.888631307137775,28.848940727522766,64.99612383330975,214.6467028800671,295.66328152503047,321.2980041503906,133.64300537109375,347.3760070800781,121.19599914550781
88.95,3.993205779307481e-06,28.88522322604555,28.859175770803205,65.28066266724105,214.64670589010166,296.1214881191099,321.2980041503906,133.64300537109375,347.1889953613281,120.97000122070312
89.0,3.3710600090277504e-06,28.878075338557267,28.86695748869287,65.55225144613598,214.6467083300504,296.58049615586236,321.2980041503906,133.64300537109375,346.97100830078125,120.78099822998047
89.05000000000001,0.0,28.867599703053944,28.871919607257052,65.81513135924232,214.6467083300504,297.03822273925533,321.2980041503906,133.64300537109375,346.7330017089844,120.63700103759766
89.10000000000001,1.7353796795626508e-06,28.854288454352208,28.87382806685531,66.07345007833243,214.6467105100437,297.4963959621554,321.2980041503906,133.64300537109375,346.4830017089844,120.54000091552734
89.15,2.7189610924745308e-06,28.83872321563555,28.87258562322528,66.33169274028184,214.6467105100437,297.95450136605376,321.2980041503906,133.64300537109375,346.23199462890625,120.49199676513672
89.2,1.8803960230672465e-06,28.821704087744685,28.868258756780683,66.59502172180017,214.64671226011524,298.41191589152885,321.2980041503906,133.64300537109375,345.99200439453125,120.49199676513672
89.25,2.069918947088881e-06,28.804021132137347,28.86104964918855,66.86805048584172,214.64671226011524,298.8687432200831,321.2980041503906,133.64300537109375,345.77301025390625,120.53500366210938
89.30000000000001,1.226306978125222e-06,28.78651759947475,28.851302346454723,67.15409085373386,214.64671390005788,299.32577487389483,321.2980041503906,133.64300537109375,345.5830078125,120.61699676513672
89.35000000000001,1.794637453070786e-06,28.77000403795818,28.83947881020972,67.45688205749839,214.64671390005788,299.78232203574856,321.2980041503906,133.64300537109375,345.4309997558594,120.7300033569336
89.4,2.5360338544599344e-06,28.755270288453264,28.826142708341273,67.77915036455427,214.64671516013732,300.2386375528848,321.2980041503906,133.64300537109375,345.322998046875,120.86499786376953
89.45,3.276646613630427e-06,28.74309141510239,28.811929527246964,68.12192556838107,214.64671516013732,300.69471253896813,321.2980041503906,133.64300537109375,345.2619934082031,121.01200103759766
89.5,2.1479742852217906e-07,28.733988642258318,28.79752085761707,68.48634793655138,214.64671516013732,301.15077649803914,321.2980041503906,133.64300537109375,345.2510070800781,121.16100311279297
89.55000000000001,2.447443309639875e-07,28.728402409106156,28.78360112822229,68.87146343922538,214.64671516013732,301.6066840221935,321.2980041503906,133.64300537109375,345.2879943847656,121.3010025024414
89.60000000000001,1.262521219511879e-06,28.72661484064606,28.770833766851673,69.27595753325734,214.64671516013732,302.062552175249,321.2980041503906,133.64300537109375,345.3699951171875,121.4219970703125
89.65,3.254986414957768e-07,28.728732701462192,28.75983471543434,69.69786975291468,214.646716270041,302.5187095741722,321.2980041503906,133.64300537109375,345.4930114746094,121.51499938964844
89.7,3.9114651102881664e-07,28.73459596652381,28.751123903312248,70.13404581735433,214.646716270041,302.97516484344425,321.2980041503906,133.64300537109375,345.6499938964844,121.5719985961914
89.75,1.559926463669031e-06,28.743983155493193,28.745120105647835,70.58061948912615,214.646716270041,303.4316192731806,321.2980041503906,133.64300537109375,345.83099365234375,121.58599853515625
89.80000000000001,7.726917599710056e-07,28.756425145200108,28.74211086022037,71.03343670771109,214.646716270041,303.88835492386886,321.2980041503906,133.64300537109375,346.0270080566406,121.55400085449219
89.85000000000001,1.347578152089746e-06,28.771303477051482,28.742240804129704,71.48818601721587,214.646716270041,304.3453045306923,321.2980041503906,133.64300537109375,346.22698974609375,121.4729995727539
89.9,6.866653593457005e-07,28.787960997682802,28.745509875052655,71.9404277580485,214.646716270041,304.8024435596726,321.2980041503906,133.64300537109375,346.4200134277344,121.34400177001953
89.95,5.547156197867964e-07,28.80551195671861,28.751751929214272,72.38621029441738,214.646716270041,305.2600076723887,321.2980041503906,133.64300537109375,346.59698486328125,121.16999816894531
90.0,1.2391316937927606e-06,28.823182647107256,28.760671329699164,72.82155285062429,214.646716270041,305.7178869729707,321.2980041503906,133.64300537109375,346.74700927734375,120.95500183105469
90.05000000000001,1.2045017543109747e-06,27.166936120631686,28.60452470085172,73.22552308896849,214.646716270041,306.1537880795286,321.2980041503906,133.64300537109375,346.8739929199219,120.7229995727539
90.10000000000001,6.536385771979819e-07,25.525949458388606,28.284458162625974,73.59716801999132,214.646716270041,306.56747073214626,321.2980041503906,133.64300537109375,346.97601318359375,120.47899627685547
90.15,1.272482378974903e-06,23.90323701051377,27.80190859353113,73.93528848805362,214.646716270041,306.9573880584391,321.2980041503906,133.64300537109375,347.04998779296875,120.2300033569336
