Time (s),Ego Speed (km/h),Lead Speed (km/h),Smoothed Lead Speed (km/h),Distance Between (m),Ego Distance Covered (m),Lead Vehicle Distance Covered (m),Ego X (m),Ego Y (m),Lead X (m),Lead Y (m)
0.0,8.808552074432374,7.056000137329102,7.056000137329102,8.017158539717958,0.0,0.0,107.0,133.0,115.0,133.42100524902344
0.05,8.173655605437343,8.820000171661377,7.938000154495239,8.017755352937932,0.12765909731388092,0.11269998550415039,107.0,133.0,115.0,133.42100524902344
0.1,4.18035578730676,10.584000205993652,8.820000171661377,8.015556070477459,0.20564299821853638,0.2498999983072281,107.0,133.0,115.0,133.42100524902344
0.15000000000000002,1.8214847087939152,10.747439861297607,9.301860094070435,8.012469144810085,0.24262429773807526,0.40529029071331024,107.0,133.0,115.0,133.42100524902344
0.2,0.48327119350865516,7.768655776977541,8.995219230651855,8.01116254881509,0.2558910958468914,0.5298077911138535,107.0,133.0,115.0,133.42100524902344
0.25,0.2290388435135895,4.894776105880743,8.311812043190004,8.011196288143692,0.2561344988644123,0.6134719923138618,107.0,133.0,115.0,133.42100524902344
0.30000000000000004,0.5667552173137903,0.2858883018613525,7.165251508714483,8.011468562943856,0.2624433971941471,0.6421069949865341,107.0,133.0,115.0,133.42100524902344
0.35000000000000003,0.6878268063069091,1.2601333397479655,6.427111737593668,8.011435934724275,0.27150069922208786,0.6545059978961945,107.0,133.0,115.0,133.42100524902344
0.4,0.6899364173413093,1.81846296546511,5.915039651801606,8.011323506123745,0.28116450086236,0.6770130023360252,107.0,133.0,115.0,133.42100524902344
0.45,0.6322068035604153,2.0269728720120805,5.526232973822653,8.011199560074663,0.29030919820070267,0.7043372988700867,107.0,133.0,115.0,133.42100524902344
0.5,0.5493851780900777,1.9688721142311902,5.017520171512862,8.011111371151893,0.29841409996151924,0.7322819977998734,107.0,133.0,115.0,133.42100524902344
0.55,0.4610340178014034,1.7295322128948023,4.308473375636205,8.01107325984101,0.30530709959566593,0.7578397989273071,107.0,133.0,115.0,133.42100524902344
0.6000000000000001,0.37744200825746477,1.3871364163729119,3.3887869966741304,8.01107477302269,0.3110048994421959,0.7791418991982937,107.0,133.0,115.0,133.42100524902344
0.65,0.3033583223820405,1.00696340226384,2.414739350770754,8.011095474441367,0.31561779975891113,0.7953073885291815,107.0,133.0,115.0,133.42100524902344
0.7000000000000001,0.2403558075429335,0.6386228197041549,1.7017360550434155,8.011116984629,0.3192934999242425,0.8062361981719732,107.0,133.0,115.0,133.42100524902344
0.75,0.18827712535860364,0.31574798285862116,1.2438332427412033,8.011128787882269,0.3221860993653536,0.8123877979815006,107.0,133.0,115.0,133.42100524902344
0.8,0.14611643403773011,0.05750502296999003,1.2209949148520671,8.011128503411179,0.32443935982882977,0.8145665992051363,107.0,133.0,115.0,133.42100524902344
0.8500000000000001,0.11252267807837801,0.1299309308164235,1.107974673958913,8.011119111393699,0.3261800496838987,0.8153951987624168,107.0,133.0,115.0,133.42100524902344
0.9,0.0860850021243481,0.24808918695718288,0.9509372961081202,8.011105561810037,0.3275153797585517,0.8182500991970301,107.0,133.0,115.0,133.42100524902344
0.9500000000000001,0.06549191996455356,0.30600271060670414,0.7788402799675824,8.01109224631108,0.32853352976962924,0.8222384992986917,107.0,133.0,115.0,133.42100524902344
1.0,0.04958244077895928,0.3157817409178542,0.6135312426362488,8.011081808091086,0.3293059298302978,0.8266194993630052,107.0,133.0,115.0,133.42100524902344
1.05,0.0373820409178758,0.29079330967743583,0.46965735231451217,8.01107507013757,0.32988926983671263,0.8308338299393654,107.0,133.0,115.0,133.42100524902344
1.1,0.02807693984382052,0.24392817479563297,0.35533652815678424,8.011071582549336,0.3303280738182366,0.8345057098194957,107.0,133.0,115.0,133.42100524902344
1.1500000000000001,0.021018096618365484,0.18643326681000105,0.2732835146114003,8.011070318312203,0.3306569768174086,0.8374264996964484,107.0,133.0,115.0,133.42100524902344
1.2000000000000002,0.0,0.12728371636238092,0.2221496042772229,8.011070202441626,0.3306569768174086,0.8395254646893591,107.0,133.0,115.0,133.42100524902344
1.25,0.005311764171641232,0.07294128045944871,0.19786893403730565,8.01107047513096,0.33091588082606904,0.8408359696622938,107.0,133.0,115.0,133.42100524902344
1.3,0.006697763829119343,0.02744673598714945,0.19486310533902157,8.011070700338612,0.33100308483699337,0.8414610796608031,107.0,133.0,115.0,133.42100524902344
1.35,0.006823799992171878,0.0072446889797028145,0.18259448115534951,8.011070765787991,0.3310981467948295,0.8415421396493912,107.0,133.0,115.0,133.42100524902344
1.4000000000000001,0.006304031890068237,0.030858026959082623,0.1608713651555395,8.011070685396408,0.3311890888144262,0.8418509396724403,107.0,133.0,115.0,133.42100524902344
1.4500000000000002,0.00550889982845515,0.0,0.1302710940948691,8.011070714617292,0.3312701518298127,0.8418509396724403,107.0,133.0,115.0,133.42100524902344
1.5,0.00464108409360592,0.0,0.09869292000308365,8.011070740238965,0.3313394268043339,0.8418509396724403,107.0,133.0,115.0,133.42100524902344
1.55,0.003806855902199512,0.0,0.06961358903534007,8.011070761926586,0.33139683783520013,0.8418509396724403,107.0,133.0,115.0,133.42100524902344
1.6,0.003066422465414193,0.0,0.04522077155577677,8.011070779823898,0.33144341479055583,0.8418509396724403,107.0,133.0,115.0,133.42100524902344
1.6500000000000001,0.0008348760090865914,0.0,0.026577444874776666,8.011070785168835,0.33145718986634165,0.8418509396724403,107.0,133.0,115.0,133.42100524902344
1.7000000000000002,0.0012982463702548787,0.0,0.013849073238538576,8.01107079138343,0.33147312980145216,0.8418509396724403,107.0,133.0,115.0,133.42100524902344
1.75,0.0014138315604970498,0.0,0.006554945192593704,8.01107079895044,0.33149242983199656,0.8418509396724403,107.0,133.0,115.0,133.42100524902344
1.8,0.0013568148137400112,0.0,0.00381027159387876,8.01107080656791,0.33151173987425864,0.8418509396724403,107.0,133.0,115.0,133.42100524902344
1.85,0.0012117060539348578,0.0,0.0030858026959084783,8.011070813575202,0.33152939984574914,0.8418509396724403,107.0,133.0,115.0,133.42100524902344
1.9000000000000001,0.0010340208071621252,0.0,2.1614654510671015e-16,8.011070819705578,0.331544769811444,0.8418509396724403,107.0,133.0,115.0,133.42100524902344
1.9500000000000002,0.0008571564189859967,0.0,2.1614654510671015e-16,8.011070824873418,0.3315576697932556,0.8418509396724403,107.0,133.0,115.0,133.42100524902344
2.0,0.0006977339819479593,0.0,2.1614654510671015e-16,8.011070829119488,0.33156822982709855,0.8418509396724403,107.0,133.0,115.0,133.42100524902344
2.0500000000000003,0.00010460015999280313,0.0,2.1614654510671015e-16,8.011070831380746,0.33157383976504207,0.8418509396724403,107.0,133.0,115.0,133.42100524902344
2.1,0.0002424988904018163,0.0,2.1614654510671015e-16,8.011070832490756,0.3315765898441896,0.8418509396724403,107.0,133.0,115.0,133.42100524902344
2.15,0.00029121157680163146,0.0,2.1614654510671015e-16,8.011070834029994,0.331580399768427,0.8418509396724403,107.0,133.0,115.0,133.42100524902344
2.2,0.0002912115810457699,0.0,2.1614654510671015e-16,8.011070835680362,0.3315844797762111,0.8418509396724403,107.0,133.0,115.0,133.42100524902344
2.25,0.0002666664156309909,0.0,2.1614654510671015e-16,8.011070837243828,0.3315883398754522,0.8418509396724403,107.0,133.0,115.0,133.42100524902344
2.3000000000000003,0.00022935095240186965,0.0,2.1614654510671015e-16,8.011070838618252,0.3315917297732085,0.8418509396724403,107.0,133.0,115.0,133.42100524902344
2.35,0.00019299673103661367,0.0,2.1614654510671015e-16,8.011070839795188,0.33159462979529053,0.8418509396724403,107.0,133.0,115.0,133.42100524902344
2.4000000000000004,0.00015739776140798973,0.0,2.1614654510671015e-16,8.01107084075793,0.3315969997784123,0.8418509396724403,107.0,133.0,115.0,133.42100524902344
2.45,0.00012904201387794705,0.0,2.1614654510671015e-16,8.011070841546422,0.33159893983975053,0.8418509396724403,107.0,133.0,115.0,133.42100524902344
2.5,4.232736138956607e-05,0.0,2.1614654510671015e-16,8.011070841546422,0.33159893983975053,0.8418509396724403,107.0,133.0,115.0,133.42100524902344
2.5500000000000003,5.674572091882277e-05,0.0,2.1614654510671015e-16,8.01107084200997,0.33160007977858186,0.8418509396724403,107.0,133.0,115.0,133.42100524902344
2.6,6.021289237547629e-05,0.0,2.1614654510671015e-16,8.01107084200997,0.33160007977858186,0.8418509396724403,107.0,133.0,115.0,133.42100524902344
2.6500000000000004,6.045300374504764e-05,0.0,2.1614654510671015e-16,8.011070842648751,0.33160164987202734,0.8418509396724403,107.0,133.0,115.0,133.42100524902344
2.7,5.396508015360033e-05,0.0,2.1614654510671015e-16,8.011070842648751,0.33160164987202734,0.8418509396724403,107.0,133.0,115.0,133.42100524902344
2.75,4.737386629134608e-05,0.0,2.1614654510671015e-16,8.011070843238837,0.3316030998248607,0.8418509396724403,107.0,133.0,115.0,133.42100524902344
2.8000000000000003,3.81049497968974e-05,0.0,2.1614654510671015e-16,8.011070843238837,0.3316030998248607,0.8418509396724403,107.0,133.0,115.0,133.42100524902344
2.85,2.9866124622326153e-05,0.0,2.1614654510671015e-16,8.011070843238837,0.3316030998248607,0.8418509396724403,107.0,133.0,115.0,133.42100524902344
2.9000000000000004,8.101816813324107e-06,0.0,2.1614654510671015e-16,8.011070843735594,0.33160431985743344,0.8418509396724403,107.0,133.0,115.0,133.42100524902344
2.95,9.612193555292078e-06,0.0,2.1614654510671015e-16,8.011070843735594,0.33160431985743344,0.8418509396724403,107.0,133.0,115.0,133.42100524902344
3.0,7.5872979696420915e-06,0.0,2.1614654510671015e-16,8.011070843735594,0.33160431985743344,0.8418509396724403,107.0,133.0,115.0,133.42100524902344
3.0500000000000003,8.994227535969677e-06,0.0,2.1614654510671015e-16,8.011070843735594,0.33160431985743344,0.8418509396724403,107.0,133.0,115.0,133.42100524902344
3.1,5.9055104142396175e-06,0.0,2.1614654510671015e-16,8.011070843735594,0.33160431985743344,0.8418509396724403,107.0,133.0,115.0,133.42100524902344
3.1500000000000004,4.223780710476175e-06,0.0,2.1614654510671015e-16,8.011070843735594,0.33160431985743344,0.8418509396724403,107.0,133.0,115.0,133.42100524902344
3.2,7.449536366459123e-06,0.0,2.1614654510671015e-16,8.011070843735594,0.33160431985743344,0.8418509396724403,107.0,133.0,115.0,133.42100524902344
3.25,7.312077185563391e-06,0.0,2.1614654510671015e-16,8.011070843735594,0.33160431985743344,0.8418509396724403,107.0,133.0,115.0,133.42100524902344
3.3000000000000003,0.0,0.0,2.1614654510671015e-16,8.011070843735594,0.33160431985743344,0.8418509396724403,107.0,133.0,115.0,133.42100524902344
3.35,3.055266324030269e-06,0.0,2.1614654510671015e-16,8.011070843735594,0.33160431985743344,0.8418509396724403,107.0,133.0,115.0,133.42100524902344
3.4000000000000004,6.144876378255521e-06,0.0,2.1614654510671015e-16,8.011070843735594,0.33160431985743344,0.8418509396724403,107.0,133.0,115.0,133.42100524902344
3.45,5.013293937160339e-06,0.0,2.1614654510671015e-16,8.011070844171359,0.33160538983065635,0.8418509396724403,107.0,133.0,115.0,133.42100524902344
3.5,5.218123838648294e-06,0.0,2.1614654510671015e-16,8.011070844171359,0.33160538983065635,0.8418509396724403,107.0,133.0,115.0,133.42100524902344
3.5500000000000003,5.870287771126464e-06,0.0,2.1614654510671015e-16,8.011070844171359,0.33160538983065635,0.8418509396724403,107.0,133.0,115.0,133.42100524902344
3.6,7.106143351835628e-06,0.0,2.1614654510671015e-16,8.011070844171359,0.33160538983065635,0.8418509396724403,107.0,133.0,115.0,133.42100524902344
3.6500000000000004,4.325588192520599e-06,0.0,2.1614654510671015e-16,8.011070844171359,0.33160538983065635,0.8418509396724403,107.0,133.0,115.0,133.42100524902344
3.7,5.973264718078114e-06,0.0,2.1614654510671015e-16,8.011070844171359,0.33160538983065635,0.8418509396724403,107.0,133.0,115.0,133.42100524902344
3.75,3.0897389774710667e-07,0.0,2.1614654510671015e-16,8.011070844171359,0.33160538983065635,0.8418509396724403,107.0,133.0,115.0,133.42100524902344
3.8000000000000003,8.239563406144161e-07,0.0,2.1614654510671015e-16,8.011070844171359,0.33160538983065635,0.8418509396724403,107.0,133.0,115.0,133.42100524902344
3.85,1.3389407367014927e-06,0.0,2.1614654510671015e-16,8.011070844171359,0.33160538983065635,0.8418509396724403,107.0,133.0,115.0,133.42100524902344
3.9000000000000004,1.8539253888963446e-06,0.0,2.1614654510671015e-16,8.011070844171359,0.33160538983065635,0.8418509396724403,107.0,133.0,115.0,133.42100524902344
3.95,2.9867259831842365e-06,0.0,2.1614654510671015e-16,8.011070844171359,0.33160538983065635,0.8418509396724403,107.0,133.0,115.0,133.42100524902344
4.0,4.874717222309166e-06,0.0,2.1614654510671015e-16,8.011070844171359,0.33160538983065635,0.8418509396724403,107.0,133.0,115.0,133.42100524902344
4.05,5.49265415771597e-06,0.0,2.1614654510671015e-16,8.011070844171359,0.33160538983065635,0.8418509396724403,107.0,133.0,115.0,133.42100524902344
4.1000000000000005,6.041908748072333e-06,0.0,2.1614654510671015e-16,8.011070844171359,0.33160538983065635,0.8418509396724403,107.0,133.0,115.0,133.42100524902344
4.15,1.029867255253595e-07,0.0,2.1614654510671015e-16,8.011070844171359,0.33160538983065635,0.8418509396724403,107.0,133.0,115.0,133.42100524902344
4.2,7.552508229855792e-07,0.0,2.1614654510671015e-16,8.011070844171359,0.33160538983065635,0.8418509396724403,107.0,133.0,115.0,133.42100524902344
4.25,1.27017934827972e-06,0.0,2.1614654510671015e-16,8.011070844171359,0.33160538983065635,0.8418509396724403,107.0,133.0,115.0,133.42100524902344
4.3,1.853765518934811e-06,0.0,2.1614654510671015e-16,8.011070844171359,0.33160538983065635,0.8418509396724403,107.0,133.0,115.0,133.42100524902344
4.3500000000000005,1.7507721144165927e-06,0.0,2.1614654510671015e-16,8.011070844171359,0.33160538983065635,0.8418509396724403,107.0,133.0,115.0,133.42100524902344
4.4,3.0209469802625733e-06,0.0,2.1614654510671015e-16,8.011070844171359,0.33160538983065635,0.8418509396724403,107.0,133.0,115.0,133.42100524902344
4.45,3.638866132503524e-06,0.0,2.1614654510671015e-16,8.011070844171359,0.33160538983065635,0.8418509396724403,107.0,133.0,115.0,133.42100524902344
4.5,3.6388604781122e-06,0.0,2.1614654510671015e-16,8.011070844171359,0.33160538983065635,0.8418509396724403,107.0,133.0,115.0,133.42100524902344
4.55,4.840454631999196e-06,0.0,2.1614654510671015e-16,8.011070844171359,0.33160538983065635,0.8418509396724403,107.0,133.0,115.0,133.42100524902344
4.6000000000000005,4.119474857279435e-07,0.0,2.1614654510671015e-16,8.011070844171359,0.33160538983065635,0.8418509396724403,107.0,133.0,115.0,133.42100524902344
4.65,1.0298719586462866e-06,0.0,2.1614654510671015e-16,8.011070844171359,0.33160538983065635,0.8418509396724403,107.0,133.0,115.0,133.42100524902344
4.7,1.5797132215592953e-06,0.0,2.1614654510671015e-16,8.011070844171359,0.33160538983065635,0.8418509396724403,107.0,133.0,115.0,133.42100524902344
4.75,2.1970633630297252e-06,0.0,2.1614654510671015e-16,8.011070844171359,0.33160538983065635,0.8418509396724403,107.0,133.0,115.0,133.42100524902344
4.800000000000001,2.7463254170333054e-06,0.0,2.1614654510671015e-16,8.011070844171359,0.33160538983065635,0.8418509396724403,107.0,133.0,115.0,133.42100524902344
4.8500000000000005,3.2955749430745543e-06,0.0,2.1614654510671015e-16,8.011070844171359,0.33160538983065635,0.8418509396724403,107.0,133.0,115.0,133.42100524902344
4.9,3.844839951540078e-06,0.0,2.1614654510671015e-16,8.011070844171359,0.33160538983065635,0.8418509396724403,107.0,133.0,115.0,133.42100524902344
4.95,4.394104141498907e-06,0.0,2.1614654510671015e-16,8.011070844171359,0.33160538983065635,0.8418509396724403,107.0,133.0,115.0,133.42100524902344
5.0,2.0597522267937003e-07,0.0,2.1614654510671015e-16,8.011070844171359,0.33160538983065635,0.8418509396724403,107.0,133.0,115.0,133.42100524902344
5.050000000000001,8.239139323532868e-07,0.0,2.1614654510671015e-16,8.011070844171359,0.33160538983065635,0.8418509396724403,107.0,133.0,115.0,133.42100524902344
5.1000000000000005,1.338830457472952e-06,0.0,2.1614654510671015e-16,8.011070844171359,0.33160538983065635,0.8418509396724403,107.0,133.0,115.0,133.42100524902344
5.15,1.922416687111277e-06,0.0,2.1614654510671015e-16,8.011070844171359,0.33160538983065635,0.8418509396724403,107.0,133.0,115.0,133.42100524902344
5.2,2.5406226416697474e-06,0.0,2.1614654510671015e-16,8.011070844171359,0.33160538983065635,0.8418509396724403,107.0,133.0,115.0,133.42100524902344
5.25,2.5403449118506735e-06,0.0,2.1614654510671015e-16,8.011070844171359,0.33160538983065635,0.8418509396724403,107.0,133.0,115.0,133.42100524902344
5.300000000000001,3.1239444046629324e-06,0.0,2.1614654510671015e-16,8.011070844171359,0.33160538983065635,0.8418509396724403,107.0,133.0,115.0,133.42100524902344
5.3500000000000005,4.325564200364662e-06,0.0,2.1614654510671015e-16,8.011070844171359,0.33160538983065635,0.8418509396724403,107.0,133.0,115.0,133.42100524902344
5.4,0.0,0.0,2.1614654510671015e-16,8.011070844171359,0.33160538983065635,0.8418509396724403,107.0,133.0,115.0,133.42100524902344
5.45,6.17930237635592e-07,0.0,2.1614654510671015e-16,8.011070844171359,0.33160538983065635,0.8418509396724403,107.0,133.0,115.0,133.42100524902344
5.5,1.1328551931845259e-06,0.0,2.1614654510671015e-16,8.011070844171359,0.33160538983065635,0.8418509396724403,107.0,133.0,115.0,133.42100524902344
5.550000000000001,1.6827645681917217e-06,0.0,2.1614654510671015e-16,8.011070844171359,0.33160538983065635,0.8418509396724403,107.0,133.0,115.0,133.42100524902344
5.6000000000000005,2.334367906273212e-06,0.0,2.1614654510671015e-16,8.011070844171359,0.33160538983065635,0.8418509396724403,107.0,133.0,115.0,133.42100524902344
5.65,2.8836355809458145e-06,0.0,2.1614654510671015e-16,8.011070844171359,0.33160538983065635,0.8418509396724403,107.0,133.0,115.0,133.42100524902344
5.7,3.467224014897887e-06,0.0,2.1614654510671015e-16,8.011070844171359,0.33160538983065635,0.8418509396724403,107.0,133.0,115.0,133.42100524902344
5.75,4.050834243330907e-06,0.0,2.1614654510671015e-16,8.011070844171359,0.33160538983065635,0.8418509396724403,107.0,133.0,115.0,133.42100524902344
5.800000000000001,3.982167818688808e-06,0.0,2.1614654510671015e-16,8.011070844171359,0.33160538983065635,0.8418509396724403,107.0,133.0,115.0,133.42100524902344
5.8500000000000005,3.089617111175685e-07,0.0,2.1614654510671015e-16,8.011070844171359,0.33160538983065635,0.8418509396724403,107.0,133.0,115.0,133.42100524902344
5.9,8.239003731248959e-07,0.0,2.1614654510671015e-16,8.011070844171359,0.33160538983065635,0.8418509396724403,107.0,133.0,115.0,133.42100524902344
5.95,1.441811653421712e-06,0.0,2.1614654510671015e-16,8.011070844171359,0.33160538983065635,0.8418509396724403,107.0,133.0,115.0,133.42100524902344
6.0,2.0597397691925243e-06,0.0,2.1614654510671015e-16,8.011070844171359,0.33160538983065635,0.8418509396724403,107.0,133.0,115.0,133.42100524902344
6.050000000000001,2.6778839706950226e-06,0.0,2.1614654510671015e-16,8.011070844171359,0.33160538983065635,0.8418509396724403,107.0,133.0,115.0,133.42100524902344
6.1000000000000005,3.2957109834188995e-06,0.0,2.1614654510671015e-16,8.011070844171359,0.33160538983065635,0.8418509396724403,107.0,133.0,115.0,133.42100524902344
6.15,3.844944129956048e-06,0.0,2.1614654510671015e-16,8.011070844171359,0.33160538983065635,0.8418509396724403,107.0,133.0,115.0,133.42100524902344
6.2,4.359786935466282e-06,0.0,2.1614654510671015e-16,8.011070844171359,0.33160538983065635,0.8418509396724403,107.0,133.0,115.0,133.42100524902344
6.25,1.0298665229156877e-07,0.0,2.1614654510671015e-16,8.011070844171359,0.33160538983065635,0.8418509396724403,107.0,133.0,115.0,133.42100524902344
6.300000000000001,6.179193727976823e-07,0.0,2.1614654510671015e-16,8.011070844171359,0.33160538983065635,0.8418509396724403,107.0,133.0,115.0,133.42100524902344
6.3500000000000005,1.2358437338381235e-06,0.0,2.1614654510671015e-16,8.011070844171359,0.33160538983065635,0.8418509396724403,107.0,133.0,115.0,133.42100524902344
6.4,1.8537822992031293e-06,0.0,2.1614654510671015e-16,8.011070844171359,0.33160538983065635,0.8418509396724403,107.0,133.0,115.0,133.42100524902344
6.45,2.4033029065658727e-06,0.0,2.1614654510671015e-16,8.011070844171359,0.33160538983065635,0.8418509396724403,107.0,133.0,115.0,133.42100524902344
6.5,2.3000356426650377e-06,0.0,2.1614654510671015e-16,8.011070844171359,0.33160538983065635,0.8418509396724403,107.0,133.0,115.0,133.42100524902344
6.550000000000001,2.952286582721243e-06,0.0,2.1614654510671015e-16,8.011070844171359,0.33160538983065635,0.8418509396724403,107.0,133.0,115.0,133.42100524902344
6.6000000000000005,4.18826019927659e-06,0.0,2.1614654510671015e-16,8.011070844171359,0.33160538983065635,0.8418509396724403,107.0,133.0,115.0,133.42100524902344
6.65,4.7717073720757845e-06,0.0,2.1614654510671015e-16,8.011070844171359,0.33160538983065635,0.8418509396724403,107.0,133.0,115.0,133.42100524902344
6.7,4.119444457927443e-07,0.0,2.1614654510671015e-16,8.011070844171359,0.33160538983065635,0.8418509396724403,107.0,133.0,115.0,133.42100524902344
6.75,9.612091583222073e-07,0.0,2.1614654510671015e-16,8.011070844171359,0.33160538983065635,0.8418509396724403,107.0,133.0,115.0,133.42100524902344
6.800000000000001,1.5791352214544766e-06,0.0,2.1614654510671015e-16,8.011070844171359,0.33160538983065635,0.8418509396724403,107.0,133.0,115.0,133.42100524902344
6.8500000000000005,1.5791342094508364e-06,0.0,2.1614654510671015e-16,8.011070844171359,0.33160538983065635,0.8418509396724403,107.0,133.0,115.0,133.42100524902344
6.9,2.780664418601915e-06,0.0,2.1614654510671015e-16,8.011070844171359,0.33160538983065635,0.8418509396724403,107.0,133.0,115.0,133.42100524902344
6.95,3.3299157166973808e-06,0.0,2.1614654510671015e-16,8.011070844171359,0.33160538983065635,0.8418509396724403,107.0,133.0,115.0,133.42100524902344
7.0,3.913499111714977e-06,0.0,2.1614654510671015e-16,8.011070844171359,0.33160538983065635,0.8418509396724403,107.0,133.0,115.0,133.42100524902344
7.050000000000001,3.913496744790068e-06,0.0,2.1614654510671015e-16,8.011070844171359,0.33160538983065635,0.8418509396724403,107.0,133.0,115.0,133.42100524902344
7.1000000000000005,2.0597522267937003e-07,0.0,2.1614654510671015e-16,8.011070844171359,0.33160538983065635,0.8418509396724403,107.0,133.0,115.0,133.42100524902344
7.15,8.239139323532868e-07,0.0,2.1614654510671015e-16,8.011070844171359,0.33160538983065635,0.8418509396724403,107.0,133.0,115.0,133.42100524902344
7.2,1.4074819966328842e-06,0.0,2.1614654510671015e-16,8.011070844171359,0.33160538983065635,0.8418509396724403,107.0,133.0,115.0,133.42100524902344
7.25,1.9567528237402633e-06,0.0,2.1614654510671015e-16,8.011070844171359,0.33160538983065635,0.8418509396724403,107.0,133.0,115.0,133.42100524902344
7.300000000000001,2.506008072749433e-06,0.0,2.1614654510671015e-16,8.011070844171359,0.33160538983065635,0.8418509396724403,107.0,133.0,115.0,133.42100524902344
7.3500000000000005,3.1584863605689575e-06,0.0,2.1614654510671015e-16,8.011070844171359,0.33160538983065635,0.8418509396724403,107.0,133.0,115.0,133.42100524902344
7.4,3.776332343674522e-06,0.0,2.1614654510671015e-16,8.011070844171359,0.33160538983065635,0.8418509396724403,107.0,133.0,115.0,133.42100524902344
7.45,4.359796173364611e-06,0.0,2.1614654510671015e-16,8.011070844171359,0.33160538983065635,0.8418509396724403,107.0,133.0,115.0,133.42100524902344
7.5,0.0,0.0,2.1614654510671015e-16,8.011070844171359,0.33160538983065635,0.8418509396724403,107.0,133.0,115.0,133.42100524902344
7.550000000000001,5.149385740462601e-07,0.0,2.1614654510671015e-16,8.011070844171359,0.33160538983065635,0.8418509396724403,107.0,133.0,115.0,133.42100524902344
7.6000000000000005,5.492923010355576e-07,0.0,2.1614654510671015e-16,8.011070844171359,0.33160538983065635,0.8418509396724403,107.0,133.0,115.0,133.42100524902344
7.65,1.7851138138128176e-06,0.0,2.1614654510671015e-16,8.011070844171359,0.33160538983065635,0.8418509396724403,107.0,133.0,115.0,133.42100524902344
7.7,2.403271397552325e-06,0.0,2.1614654510671015e-16,8.011070844171359,0.33160538983065635,0.8418509396724403,107.0,133.0,115.0,133.42100524902344
7.75,2.36870836474798e-06,0.0,2.1614654510671015e-16,8.011070844171359,0.33160538983065635,0.8418509396724403,107.0,133.0,115.0,133.42100524902344
7.800000000000001,2.9179591128328496e-06,0.0,2.1614654510671015e-16,8.011070844171359,0.33160538983065635,0.8418509396724403,107.0,133.0,115.0,133.42100524902344
7.8500000000000005,4.05097051301704e-06,0.0,2.1614654510671015e-16,8.011070844171359,0.33160538983065635,0.8418509396724403,107.0,133.0,115.0,133.42100524902344
7.9,4.634392819997272e-06,0.0,2.1614654510671015e-16,8.011070844171359,0.33160538983065635,0.8418509396724403,107.0,133.0,115.0,133.42100524902344
7.95,3.776184349528542e-07,0.0,2.1614654510671015e-16,8.011070844171359,0.33160538983065635,0.8418509396724403,107.0,133.0,115.0,133.42100524902344
8.0,1.0298666340650678e-06,0.0,2.1614654510671015e-16,8.011070844171359,0.33160538983065635,0.8418509396724403,107.0,133.0,115.0,133.42100524902344
8.05,1.647784976231766e-06,0.0,2.1614654510671015e-16,8.011070844171359,0.33160538983065635,0.8418509396724403,107.0,133.0,115.0,133.42100524902344
8.1,2.162728637316033e-06,0.0,2.1614654510671015e-16,8.011070844171359,0.33160538983065635,0.8418509396724403,107.0,133.0,115.0,133.42100524902344
8.15,3.2955801499617146e-06,0.0,2.1614654510671015e-16,8.011070844171359,0.33160538983065635,0.8418509396724403,107.0,133.0,115.0,133.42100524902344
8.200000000000001,3.2956007948420193e-06,0.0,2.1614654510671015e-16,8.011070844171359,0.33160538983065635,0.8418509396724403,107.0,133.0,115.0,133.42100524902344
8.25,3.913509278406528e-06,0.0,2.1614654510671015e-16,8.011070844171359,0.33160538983065635,0.8418509396724403,107.0,133.0,115.0,133.42100524902344
8.3,4.531404786831881e-06,0.0,2.1614654510671015e-16,8.011070844171359,0.33160538983065635,0.8418509396724403,107.0,133.0,115.0,133.42100524902344
8.35,1.0298664732723879e-07,0.0,2.1614654510671015e-16,8.011070844171359,0.33160538983065635,0.8418509396724403,107.0,133.0,115.0,133.42100524902344
8.4,7.552334510936355e-07,0.0,2.1614654510671015e-16,8.011070844171359,0.33160538983065635,0.8418509396724403,107.0,133.0,115.0,133.42100524902344
8.450000000000001,1.4074816319951704e-06,0.0,2.1614654510671015e-16,8.011070844171359,0.33160538983065635,0.8418509396724403,107.0,133.0,115.0,133.42100524902344
8.5,2.025951206087495e-06,0.0,2.1614654510671015e-16,8.011070844171359,0.33160538983065635,0.8418509396724403,107.0,133.0,115.0,133.42100524902344
8.55,2.5403410388071416e-06,0.0,2.1614654510671015e-16,8.011070844171359,0.33160538983065635,0.8418509396724403,107.0,133.0,115.0,133.42100524902344
8.6,3.055273182755286e-06,0.0,2.1614654510671015e-16,8.011070844171359,0.33160538983065635,0.8418509396724403,107.0,133.0,115.0,133.42100524902344
8.65,3.6389694401479465e-06,0.0,2.1614654510671015e-16,8.011070844171359,0.33160538983065635,0.8418509396724403,107.0,133.0,115.0,133.42100524902344
8.700000000000001,4.90904165655797e-06,0.0,2.1614654510671015e-16,8.011070844171359,0.33160538983065635,0.8418509396724403,107.0,133.0,115.0,133.42100524902344
8.75,4.909142740952648e-06,0.0,2.1614654510671015e-16,8.011070844171359,0.33160538983065635,0.8418509396724403,107.0,133.0,115.0,133.42100524902344
8.8,5.14933250163067e-07,0.0,2.1614654510671015e-16,8.011070844171359,0.33160538983065635,0.8418509396724403,107.0,133.0,115.0,133.42100524902344
8.85,1.1671814913285983e-06,0.0,2.1614654510671015e-16,8.011070844171359,0.33160538983065635,0.8418509396724403,107.0,133.0,115.0,133.42100524902344
8.9,1.8194296607507589e-06,0.0,2.1614654510671015e-16,8.011070844171359,0.33160538983065635,0.8418509396724403,107.0,133.0,115.0,133.42100524902344
8.950000000000001,2.3686889291655694e-06,0.0,2.1614654510671015e-16,8.011070844171359,0.33160538983065635,0.8418509396724403,107.0,133.0,115.0,133.42100524902344
9.0,3.5015426331654995e-06,0.0,2.1614654510671015e-16,8.011070844171359,0.33160538983065635,0.8418509396724403,107.0,133.0,115.0,133.42100524902344
9.05,3.3985916488079667e-06,0.0,2.1614654510671015e-16,8.011070844171359,0.33160538983065635,0.8418509396724403,107.0,133.0,115.0,133.42100524902344
9.1,3.982185422909093e-06,0.0,2.1614654510671015e-16,8.011070844171359,0.33160538983065635,0.8418509396724403,107.0,133.0,115.0,133.42100524902344
9.15,4.60011403702648e-06,0.0,2.1614654510671015e-16,8.011070844171359,0.33160538983065635,0.8418509396724403,107.0,133.0,115.0,133.42100524902344
9.200000000000001,2.0597813092397918e-07,0.0,2.1614654510671015e-16,8.011070844171359,0.33160538983065635,0.8418509396724403,107.0,133.0,115.0,133.42100524902344
9.25,7.209600902197487e-07,0.0,2.1614654510671015e-16,8.011070844171359,0.33160538983065635,0.8418509396724403,107.0,133.0,115.0,133.42100524902344
9.3,1.2359387481003752e-06,0.0,2.1614654510671015e-16,8.011070844171359,0.33160538983065635,0.8418509396724403,107.0,133.0,115.0,133.42100524902344
9.35,1.8538106518894222e-06,0.0,2.1614654510671015e-16,8.011070844171359,0.33160538983065635,0.8418509396724403,107.0,133.0,115.0,133.42100524902344
9.4,2.4373877538379147e-06,0.0,2.1614654510671015e-16,8.011070844171359,0.33160538983065635,0.8418509396724403,107.0,133.0,115.0,133.42100524902344
9.450000000000001,2.986680407818259e-06,0.0,2.1614654510671015e-16,8.011070844171359,0.33160538983065635,0.8418509396724403,107.0,133.0,115.0,133.42100524902344
9.5,4.874693045736961e-06,0.0,2.1614654510671015e-16,8.011070844171359,0.33160538983065635,0.8418509396724403,107.0,133.0,115.0,133.42100524902344
9.55,4.119475758749551e-06,0.0,2.1614654510671015e-16,8.011070844171359,0.33160538983065635,0.8418509396724403,107.0,133.0,115.0,133.42100524902344
9.600000000000001,0.0,0.0,2.1614654510671015e-16,8.011070844171359,0.33160538983065635,0.8418509396724403,107.0,133.0,115.0,133.42100524902344
9.65,6.522480655455207e-07,0.0,2.1614654510671015e-16,8.011070844171359,0.33160538983065635,0.8418509396724403,107.0,133.0,115.0,133.42100524902344
9.700000000000001,1.3044962482734645e-06,0.0,2.1614654510671015e-16,8.011070844171359,0.33160538983065635,0.8418509396724403,107.0,133.0,115.0,133.42100524902344
9.75,1.957334810931711e-06,0.0,2.1614654510671015e-16,8.011070844171359,0.33160538983065635,0.8418509396724403,107.0,133.0,115.0,133.42100524902344
9.8,2.4716828565785833e-06,0.0,2.1614654510671015e-16,8.011070844171359,0.33160538983065635,0.8418509396724403,107.0,133.0,115.0,133.42100524902344
9.850000000000001,2.9866155310257257e-06,0.0,2.1614654510671015e-16,8.011070844171359,0.33160538983065635,0.8418509396724403,107.0,133.0,115.0,133.42100524902344
9.9,3.5359940645025952e-06,0.0,2.1614654510671015e-16,8.011070844171359,0.33160538983065635,0.8418509396724403,107.0,133.0,115.0,133.42100524902344
9.950000000000001,4.188237089884746e-06,0.0,2.1614654510671015e-16,8.011070844171359,0.33160538983065635,0.8418509396724403,107.0,133.0,115.0,133.42100524902344
10.0,4.842115474565674e-06,0.0,2.1614654510671015e-16,8.011070844171359,0.33160538983065635,0.8418509396724403,107.0,133.0,115.0,133.42100524902344
10.05,3.0897389774710667e-07,0.0,2.1614654510671015e-16,8.011070844171359,0.33160538983065635,0.8418509396724403,107.0,133.0,115.0,133.42100524902344
10.100000000000001,8.239563406145222e-07,0.0,2.1614654510671015e-16,8.011070844171359,0.33160538983065635,0.8418509396724403,107.0,133.0,115.0,133.42100524902344
10.15,2.0254233333004595e-06,0.0,2.1614654510671015e-16,8.011070844171359,0.33160538983065635,0.8418509396724403,107.0,133.0,115.0,133.42100524902344
10.200000000000001,2.0254456131180475e-06,0.0,2.1614654510671015e-16,8.011070844171359,0.33160538983065635,0.8418509396724403,107.0,133.0,115.0,133.42100524902344
10.25,2.5748585451075456e-06,0.0,2.1614654510671015e-16,8.011070844171359,0.33160538983065635,0.8418509396724403,107.0,133.0,115.0,133.42100524902344
10.3,3.123992783972894e-06,0.0,2.1614654510671015e-16,8.011070844171359,0.33160538983065635,0.8418509396724403,107.0,133.0,115.0,133.42100524902344
10.350000000000001,3.7418885254713424e-06,0.0,2.1614654510671015e-16,8.011070844171359,0.33160538983065635,0.8418509396724403,107.0,133.0,115.0,133.42100524902344
10.4,4.291140855253924e-06,0.0,2.1614654510671015e-16,8.011070844171359,0.33160538983065635,0.8418509396724403,107.0,133.0,115.0,133.42100524902344
10.450000000000001,1.0298664732722993e-07,0.0,2.1614654510671015e-16,8.011070844171359,0.33160538983065635,0.8418509396724403,107.0,133.0,115.0,133.42100524902344
10.5,7.552334510936355e-07,0.0,2.1614654510671015e-16,8.011070844171359,0.33160538983065635,0.8418509396724403,107.0,133.0,115.0,133.42100524902344
10.55,1.3045011115906207e-06,0.0,2.1614654510671015e-16,8.011070844171359,0.33160538983065635,0.8418509396724403,107.0,133.0,115.0,133.42100524902344
10.600000000000001,1.819456028971336e-06,0.0,2.1614654510671015e-16,8.011070844171359,0.33160538983065635,0.8418509396724403,107.0,133.0,115.0,133.42100524902344
10.65,2.4717022871874017e-06,0.0,2.1614654510671015e-16,8.011070844171359,0.33160538983065635,0.8418509396724403,107.0,133.0,115.0,133.42100524902344
10.700000000000001,3.0896105960758064e-06,0.0,2.1614654510671015e-16,8.011070844171359,0.33160538983065635,0.8418509396724403,107.0,133.0,115.0,133.42100524902344
10.75,3.707532662380867e-06,0.0,2.1614654510671015e-16,8.011070844171359,0.33160538983065635,0.8418509396724403,107.0,133.0,115.0,133.42100524902344
10.8,4.359957211929346e-06,0.0,2.1614654510671015e-16,8.011070844171359,0.33160538983065635,0.8418509396724403,107.0,133.0,115.0,133.42100524902344
10.850000000000001,5.0121923959121635e-06,0.0,2.1614654510671015e-16,8.011070844171359,0.33160538983065635,0.8418509396724403,107.0,133.0,115.0,133.42100524902344
10.9,4.119690580818068e-07,0.0,2.1614654510671015e-16,8.011070844171359,0.33160538983065635,0.8418509396724403,107.0,133.0,115.0,133.42100524902344
10.950000000000001,1.029891630525099e-06,0.0,2.1614654510671015e-16,8.011070844171359,0.33160538983065635,0.8418509396724403,107.0,133.0,115.0,133.42100524902344
11.0,1.6826016391419245e-06,0.0,2.1614654510671015e-16,8.011070844171359,0.33160538983065635,0.8418509396724403,107.0,133.0,115.0,133.42100524902344
11.05,2.334368712023614e-06,0.0,2.1614654510671015e-16,8.011070844171359,0.33160538983065635,0.8418509396724403,107.0,133.0,115.0,133.42100524902344
11.100000000000001,2.986910372184185e-06,0.0,2.1614654510671015e-16,8.011070844171359,0.33160538983065635,0.8418509396724403,107.0,133.0,115.0,133.42100524902344
11.15,4.18813276693106e-06,0.0,2.1614654510671015e-16,8.011070844171359,0.33160538983065635,0.8418509396724403,107.0,133.0,115.0,133.42100524902344
11.200000000000001,4.085156565231934e-06,0.0,2.1614654510671015e-16,8.011070844171359,0.33160538983065635,0.8418509396724403,107.0,133.0,115.0,133.42100524902344
11.25,4.634421364025475e-06,0.0,2.1614654510671015e-16,8.011070844171359,0.33160538983065635,0.8418509396724403,107.0,133.0,115.0,133.42100524902344
11.3,2.4030182969365314e-07,0.0,2.1614654510671015e-16,8.011070844171359,0.33160538983065635,0.8418509396724403,107.0,133.0,115.0,133.42100524902344
11.350000000000001,8.925518820464802e-07,0.0,2.1614654510671015e-16,8.011070844171359,0.33160538983065635,0.8418509396724403,107.0,133.0,115.0,133.42100524902344
11.4,1.5104702265138273e-06,0.0,2.1614654510671015e-16,8.011070844171359,0.33160538983065635,0.8418509396724403,107.0,133.0,115.0,133.42100524902344
11.450000000000001,2.0254123035362845e-06,0.0,2.1614654510671015e-16,8.011070844171359,0.33160538983065635,0.8418509396724403,107.0,133.0,115.0,133.42100524902344
11.5,2.5746935041095203e-06,0.0,2.1614654510671015e-16,8.011070844171359,0.33160538983065635,0.8418509396724403,107.0,133.0,115.0,133.42100524902344
11.55,3.1926003728415986e-06,0.0,2.1614654510671015e-16,8.011070844171359,0.33160538983065635,0.8418509396724403,107.0,133.0,115.0,133.42100524902344
11.600000000000001,3.810494133214382e-06,0.0,2.1614654510671015e-16,8.011070844171359,0.33160538983065635,0.8418509396724403,107.0,133.0,115.0,133.42100524902344
11.65,4.428432812200726e-06,0.0,2.1614654510671015e-16,8.011070844171359,0.33160538983065635,0.8418509396724403,107.0,133.0,115.0,133.42100524902344
11.700000000000001,0.0,0.0,2.1614654510671015e-16,8.011070844171359,0.33160538983065635,0.8418509396724403,107.0,133.0,115.0,133.42100524902344
11.75,5.149668596554379e-07,0.0,2.1614654510671015e-16,8.011070844171359,0.33160538983065635,0.8418509396724403,107.0,133.0,115.0,133.42100524902344
11.8,1.167194913516785e-06,0.0,2.1614654510671015e-16,8.011070844171359,0.33160538983065635,0.8418509396724403,107.0,133.0,115.0,133.42100524902344
11.850000000000001,1.8199150118577692e-06,0.0,2.1614654510671015e-16,8.011070844171359,0.33160538983065635,0.8418509396724403,107.0,133.0,115.0,133.42100524902344
11.9,2.4716801628112672e-06,0.0,2.1614654510671015e-16,8.011070844171359,0.33160538983065635,0.8418509396724403,107.0,133.0,115.0,133.42100524902344
11.950000000000001,3.1242314697006244e-06,0.0,2.1614654510671015e-16,8.011070844171359,0.33160538983065635,0.8418509396724403,107.0,133.0,115.0,133.42100524902344
12.0,4.256786003367297e-06,0.0,2.1614654510671015e-16,8.011070844171359,0.33160538983065635,0.8418509396724403,107.0,133.0,115.0,133.42100524902344
12.05,4.771702610978441e-06,0.0,2.1614654510671015e-16,8.011070844171359,0.33160538983065635,0.8418509396724403,107.0,133.0,115.0,133.42100524902344
12.100000000000001,5.355304659290515e-06,0.0,2.1614654510671015e-16,8.011070844171359,0.33160538983065635,0.8418509396724403,107.0,133.0,115.0,133.42100524902344
12.15,3.776184349528542e-07,0.0,2.1614654510671015e-16,8.011070844171359,0.33160538983065635,0.8418509396724403,107.0,133.0,115.0,133.42100524902344
12.200000000000001,1.0298666340650678e-06,0.0,2.1614654510671015e-16,8.011070844171359,0.33160538983065635,0.8418509396724403,107.0,133.0,115.0,133.42100524902344
12.25,1.647784976231766e-06,0.0,2.1614654510671015e-16,8.011070844171359,0.33160538983065635,0.8418509396724403,107.0,133.0,115.0,133.42100524902344
12.3,2.162728637316033e-06,0.0,2.1614654510671015e-16,8.011070844171359,0.33160538983065635,0.8418509396724403,107.0,133.0,115.0,133.42100524902344
12.350000000000001,2.7120067164349267e-06,0.0,2.1614654510671015e-16,8.011070844171359,0.33160538983065635,0.8418509396724403,107.0,133.0,115.0,133.42100524902344
12.4,3.3299180584540153e-06,0.0,2.1614654510671015e-16,8.011070844171359,0.33160538983065635,0.8418509396724403,107.0,133.0,115.0,133.42100524902344
12.450000000000001,3.947842680246807e-06,0.0,2.1614654510671015e-16,8.011070844171359,0.33160538983065635,0.8418509396724403,107.0,133.0,115.0,133.42100524902344
12.5,4.5657368033837194e-06,0.0,2.1614654510671015e-16,8.011070844171359,0.33160538983065635,0.8418509396724403,107.0,133.0,115.0,133.42100524902344
12.55,1.0298670115968183e-07,0.0,2.1614654510671015e-16,8.011070844171359,0.33160538983065635,0.8418509396724403,107.0,133.0,115.0,133.42100524902344
12.600000000000001,6.179603251252776e-07,0.0,2.1614654510671015e-16,8.011070844171359,0.33160538983065635,0.8418509396724403,107.0,133.0,115.0,133.42100524902344
12.65,1.2701938539862536e-06,0.0,2.1614654510671015e-16,8.011070844171359,0.33160538983065635,0.8418509396724403,107.0,133.0,115.0,133.42100524902344
12.700000000000001,1.888085107870348e-06,0.0,2.1614654510671015e-16,8.011070844171359,0.33160538983065635,0.8418509396724403,107.0,133.0,115.0,133.42100524902344
12.75,2.540341206451211e-06,0.0,2.1614654510671015e-16,8.011070844171359,0.33160538983065635,0.8418509396724403,107.0,133.0,115.0,133.42100524902344
12.8,3.158257905197293e-06,0.0,2.1614654510671015e-16,8.011070844171359,0.33160538983065635,0.8418509396724403,107.0,133.0,115.0,133.42100524902344
12.850000000000001,4.428432776325764e-06,0.0,2.1614654510671015e-16,8.011070844171359,0.33160538983065635,0.8418509396724403,107.0,133.0,115.0,133.42100524902344
12.9,4.943341480185856e-06,0.0,2.1614654510671015e-16,8.011070844171359,0.33160538983065635,0.8418509396724403,107.0,133.0,115.0,133.42100524902344
12.950000000000001,5.458292782129868e-06,0.0,2.1614654510671015e-16,8.011070844171359,0.33160538983065635,0.8418509396724403,107.0,133.0,115.0,133.42100524902344
13.0,4.119690580818068e-07,0.0,2.1614654510671015e-16,8.011070844171359,0.33160538983065635,0.8418509396724403,107.0,133.0,115.0,133.42100524902344
13.05,1.029891630525099e-06,0.0,2.1614654510671015e-16,8.011070844171359,0.33160538983065635,0.8418509396724403,107.0,133.0,115.0,133.42100524902344
13.100000000000001,1.6821280364457638e-06,0.0,2.1614654510671015e-16,8.011070844171359,0.33160538983065635,0.8418509396724403,107.0,133.0,115.0,133.42100524902344
13.15,2.3000387724776216e-06,0.0,2.1614654510671015e-16,8.011070844171359,0.33160538983065635,0.8418509396724403,107.0,133.0,115.0,133.42100524902344
13.200000000000001,3.5702002229625656e-06,0.0,2.1614654510671015e-16,8.011070844171359,0.33160538983065635,0.8418509396724403,107.0,133.0,115.0,133.42100524902344
13.25,3.467223118715011e-06,0.0,2.1614654510671015e-16,8.011070844171359,0.33160538983065635,0.8418509396724403,107.0,133.0,115.0,133.42100524902344
13.3,4.050802153003702e-06,0.0,2.1614654510671015e-16,8.011070844171359,0.33160538983065635,0.8418509396724403,107.0,133.0,115.0,133.42100524902344
13.350000000000001,4.5657618157001105e-06,0.0,2.1614654510671015e-16,8.011070844171359,0.33160538983065635,0.8418509396724403,107.0,133.0,115.0,133.42100524902344
13.4,2.4030182969365314e-07,0.0,2.1614654510671015e-16,8.011070844171359,0.33160538983065635,0.8418509396724403,107.0,133.0,115.0,133.42100524902344
13.450000000000001,8.238964694525331e-07,0.0,2.1614654510671015e-16,8.011070844171359,0.33160538983065635,0.8418509396724403,107.0,133.0,115.0,133.42100524902344
13.5,1.4761420629267051e-06,0.0,2.1614654510671015e-16,8.011070844171359,0.33160538983065635,0.8418509396724403,107.0,133.0,115.0,133.42100524902344
13.55,2.0254034611487723e-06,0.0,2.1614654510671015e-16,8.011070844171359,0.33160538983065635,0.8418509396724403,107.0,133.0,115.0,133.42100524902344
13.600000000000001,2.540363421983586e-06,0.0,2.1614654510671015e-16,8.011070844171359,0.33160538983065635,0.8418509396724403,107.0,133.0,115.0,133.42100524902344
13.65,3.158272263594936e-06,0.0,2.1614654510671015e-16,8.011070844171359,0.33160538983065635,0.8418509396724403,107.0,133.0,115.0,133.42100524902344
13.700000000000001,3.7761860554020457e-06,0.0,2.1614654510671015e-16,8.011070844171359,0.33160538983065635,0.8418509396724403,107.0,133.0,115.0,133.42100524902344
13.75,4.428593315149486e-06,0.0,2.1614654510671015e-16,8.011070844171359,0.33160538983065635,0.8418509396724403,107.0,133.0,115.0,133.42100524902344
13.8,0.0,0.0,2.1614654510671015e-16,8.011070844171359,0.33160538983065635,0.8418509396724403,107.0,133.0,115.0,133.42100524902344
13.850000000000001,5.14968640182033e-07,0.0,2.1614654510671015e-16,8.011070844171359,0.33160538983065635,0.8418509396724403,107.0,133.0,115.0,133.42100524902344
13.9,1.1672034240440554e-06,0.0,2.1614654510671015e-16,8.011070844171359,0.33160538983065635,0.8418509396724403,107.0,133.0,115.0,133.42100524902344
13.950000000000001,1.8198799314644594e-06,0.0,2.1614654510671015e-16,8.011070844171359,0.33160538983065635,0.8418509396724403,107.0,133.0,115.0,133.42100524902344
14.0,2.4716829960151984e-06,0.0,2.1614654510671015e-16,8.011070844171359,0.33160538983065635,0.8418509396724403,107.0,133.0,115.0,133.42100524902344
14.05,3.1242122381915347e-06,0.0,2.1614654510671015e-16,8.011070844171359,0.33160538983065635,0.8418509396724403,107.0,133.0,115.0,133.42100524902344
14.100000000000001,4.291093064495882e-06,0.0,2.1614654510671015e-16,8.011070844171359,0.33160538983065635,0.8418509396724403,107.0,133.0,115.0,133.42100524902344
14.15,4.188156449648045e-06,0.0,2.1614654510671015e-16,8.011070844171359,0.33160538983065635,0.8418509396724403,107.0,133.0,115.0,133.42100524902344
14.200000000000001,4.80605798864911e-06,0.0,2.1614654510671015e-16,8.011070844171359,0.33160538983065635,0.8418509396724403,107.0,133.0,115.0,133.42100524902344
14.25,3.776184349528542e-07,0.0,2.1614654510671015e-16,8.011070844171359,0.33160538983065635,0.8418509396724403,107.0,133.0,115.0,133.42100524902344
14.3,9.612106460034596e-07,0.0,2.1614654510671015e-16,8.011070844171359,0.33160538983065635,0.8418509396724403,107.0,133.0,115.0,133.42100524902344
14.350000000000001,1.5791298465453572e-06,0.0,2.1614654510671015e-16,8.011070844171359,0.33160538983065635,0.8418509396724403,107.0,133.0,115.0,133.42100524902344
14.4,2.162726556620843e-06,0.0,2.1614654510671015e-16,8.011070844171359,0.33160538983065635,0.8418509396724403,107.0,133.0,115.0,133.42100524902344
14.450000000000001,3.36422998507901e-06,0.0,2.1614654510671015e-16,8.011070844171359,0.33160538983065635,0.8418509396724403,107.0,133.0,115.0,133.42100524902344
14.5,3.364244078396366e-06,0.0,2.1614654510671015e-16,8.011070844171359,0.33160538983065635,0.8418509396724403,107.0,133.0,115.0,133.42100524902344
14.55,3.9821502764253395e-06,0.0,2.1614654510671015e-16,8.011070844171359,0.33160538983065635,0.8418509396724403,107.0,133.0,115.0,133.42100524902344
14.600000000000001,4.6000866599593455e-06,0.0,2.1614654510671015e-16,8.011070844171359,0.33160538983065635,0.8418509396724403,107.0,133.0,115.0,133.42100524902344
14.65,1.0298670115968183e-07,0.0,2.1614654510671015e-16,8.011070844171359,0.33160538983065635,0.8418509396724403,107.0,133.0,115.0,133.42100524902344
14.700000000000001,6.179585530354426e-07,0.0,2.1614654510671015e-16,8.011070844171359,0.33160538983065635,0.8418509396724403,107.0,133.0,115.0,133.42100524902344
14.75,1.270184621367274e-06,0.0,2.1614654510671015e-16,8.011070844171359,0.33160538983065635,0.8418509396724403,107.0,133.0,115.0,133.42100524902344
14.8,1.88808510676216e-06,0.0,2.1614654510671015e-16,8.011070844171359,0.33160538983065635,0.8418509396724403,107.0,133.0,115.0,133.42100524902344
14.850000000000001,2.540337742719354e-06,0.0,2.1614654510671015e-16,8.011070844171359,0.33160538983065635,0.8418509396724403,107.0,133.0,115.0,133.42100524902344
14.9,3.158255213935981e-06,0.0,2.1614654510671015e-16,8.011070844171359,0.33160538983065635,0.8418509396724403,107.0,133.0,115.0,133.42100524902344
14.950000000000001,4.3940887744330855e-06,0.0,2.1614654510671015e-16,8.011070844171359,0.33160538983065635,0.8418509396724403,107.0,133.0,115.0,133.42100524902344
15.0,4.909036479347827e-06,0.0,2.1614654510671015e-16,8.011070844171359,0.33160538983065635,0.8418509396724403,107.0,133.0,115.0,133.42100524902344
15.05,5.458295810124036e-06,0.0,2.1614654510671015e-16,8.011070844171359,0.33160538983065635,0.8418509396724403,107.0,133.0,115.0,133.42100524902344
15.100000000000001,4.806053411776491e-07,0.0,2.1614654510671015e-16,8.011070844171359,0.33160538983065635,0.8418509396724403,107.0,133.0,115.0,133.42100524902344
15.15,1.0985250068338531e-06,0.0,2.1614654510671015e-16,8.011070844171359,0.33160538983065635,0.8418509396724403,107.0,133.0,115.0,133.42100524902344
15.200000000000001,1.7164443429612622e-06,0.0,2.1614654510671015e-16,8.011070844171359,0.33160538983065635,0.8418509396724403,107.0,133.0,115.0,133.42100524902344
15.25,2.231395234748634e-06,0.0,2.1614654510671015e-16,8.011070844171359,0.33160538983065635,0.8418509396724403,107.0,133.0,115.0,133.42100524902344
15.3,3.5015445804531772e-06,0.0,2.1614654510671015e-16,8.011070844171359,0.33160538983065635,0.8418509396724403,107.0,133.0,115.0,133.42100524902344
15.350000000000001,3.501553542769295e-06,0.0,2.1614654510671015e-16,8.011070844171359,0.33160538983065635,0.8418509396724403,107.0,133.0,115.0,133.42100524902344
15.4,4.119452174190556e-06,0.0,2.1614654510671015e-16,8.011070844171359,0.33160538983065635,0.8418509396724403,107.0,133.0,115.0,133.42100524902344
15.450000000000001,4.70304903192441e-06,0.0,2.1614654510671015e-16,8.011070844171359,0.33160538983065635,0.8418509396724403,107.0,133.0,115.0,133.42100524902344
15.5,2.0597813092397918e-07,0.0,2.1614654510671015e-16,8.011070844171359,0.33160538983065635,0.8418509396724403,107.0,133.0,115.0,133.42100524902344
15.55,7.552676566825205e-07,0.0,2.1614654510671015e-16,8.011070844171359,0.33160538983065635,0.8418509396724403,107.0,133.0,115.0,133.42100524902344
15.600000000000001,1.4074975278034917e-06,0.0,2.1614654510671015e-16,8.011070844171359,0.33160538983065635,0.8418509396724403,107.0,133.0,115.0,133.42100524902344
15.65,2.0254034455055154e-06,0.0,2.1614654510671015e-16,8.011070844171359,0.33160538983065635,0.8418509396724403,107.0,133.0,115.0,133.42100524902344
15.700000000000001,2.6776558099543816e-06,0.0,2.1614654510671015e-16,8.011070844171359,0.33160538983065635,0.8418509396724403,107.0,133.0,115.0,133.42100524902344
15.75,3.2955709306040442e-06,0.0,2.1614654510671015e-16,8.011070844171359,0.33160538983065635,0.8418509396724403,107.0,133.0,115.0,133.42100524902344
15.8,3.8104940666155745e-06,0.0,2.1614654510671015e-16,8.011070844171359,0.33160538983065635,0.8418509396724403,107.0,133.0,115.0,133.42100524902344
15.850000000000001,4.359893477502688e-06,0.0,2.1614654510671015e-16,8.011070844171359,0.33160538983065635,0.8418509396724403,107.0,133.0,115.0,133.42100524902344
15.9,0.0,0.0,2.1614654510671015e-16,8.011070844171359,0.33160538983065635,0.8418509396724403,107.0,133.0,115.0,133.42100524902344
15.950000000000001,6.522480655453683e-07,0.0,2.1614654510671015e-16,8.011070844171359,0.33160538983065635,0.8418509396724403,107.0,133.0,115.0,133.42100524902344
16.0,1.270166863664128e-06,0.0,2.1614654510671015e-16,8.011070844171359,0.33160538983065635,0.8418509396724403,107.0,133.0,115.0,133.42100524902344
16.05,1.8194416103210999e-06,0.0,2.1614654510671015e-16,8.011070844171359,0.33160538983065635,0.8418509396724403,107.0,133.0,115.0,133.42100524902344
16.1,2.36870815091135e-06,0.0,2.1614654510671015e-16,8.011070844171359,0.33160538983065635,0.8418509396724403,107.0,133.0,115.0,133.42100524902344
16.150000000000002,3.0211715597757566e-06,0.0,2.1614654510671015e-16,8.011070844171359,0.33160538983065635,0.8418509396724403,107.0,133.0,115.0,133.42100524902344
16.2,4.291093077464058e-06,0.0,2.1614654510671015e-16,8.011070844171359,0.33160538983065635,0.8418509396724403,107.0,133.0,115.0,133.42100524902344
16.25,4.188151477677645e-06,0.0,2.1614654510671015e-16,8.011070844171359,0.33160538983065635,0.8418509396724403,107.0,133.0,115.0,133.42100524902344
16.3,5.389639050570433e-06,0.0,2.1614654510671015e-16,8.011070844171359,0.33160538983065635,0.8418509396724403,107.0,133.0,115.0,133.42100524902344
16.35,3.776184349528542e-07,0.0,2.1614654510671015e-16,8.011070844171359,0.33160538983065635,0.8418509396724403,107.0,133.0,115.0,133.42100524902344
16.400000000000002,9.612105602583736e-07,0.0,2.1614654510671015e-16,8.011070844171359,0.33160538983065635,0.8418509396724403,107.0,133.0,115.0,133.42100524902344
16.45,1.5791342635838271e-06,0.0,2.1614654510671015e-16,8.011070844171359,0.33160538983065635,0.8418509396724403,107.0,133.0,115.0,133.42100524902344
16.5,2.162726556821995e-06,0.0,2.1614654510671015e-16,8.011070844171359,0.33160538983065635,0.8418509396724403,107.0,133.0,115.0,133.42100524902344
16.55,2.8149774909879534e-06,0.0,2.1614654510671015e-16,8.011070844171359,0.33160538983065635,0.8418509396724403,107.0,133.0,115.0,133.42100524902344
16.6,3.3985683664586025e-06,0.0,2.1614654510671015e-16,8.011070844171359,0.33160538983065635,0.8418509396724403,107.0,133.0,115.0,133.42100524902344
16.650000000000002,3.982153526040795e-06,0.0,2.1614654510671015e-16,8.011070844171359,0.33160538983065635,0.8418509396724403,107.0,133.0,115.0,133.42100524902344
16.7,4.600083427981801e-06,0.0,2.1614654510671015e-16,8.011070844171359,0.33160538983065635,0.8418509396724403,107.0,133.0,115.0,133.42100524902344
16.75,1.0298670115968183e-07,0.0,2.1614654510671015e-16,8.011070844171359,0.33160538983065635,0.8418509396724403,107.0,133.0,115.0,133.42100524902344
16.8,6.865901411332381e-07,0.0,2.1614654510671015e-16,8.011070844171359,0.33160538983065635,0.8418509396724403,107.0,133.0,115.0,133.42100524902344
16.85,1.33883073697142e-06,0.0,2.1614654510671015e-16,8.011070844171359,0.33160538983065635,0.8418509396724403,107.0,133.0,115.0,133.42100524902344
16.900000000000002,1.9915561408318573e-06,0.0,2.1614654510671015e-16,8.011070844171359,0.33160538983065635,0.8418509396724403,107.0,133.0,115.0,133.42100524902344
16.95,2.5403455237042517e-06,0.0,2.1614654510671015e-16,8.011070844171359,0.33160538983065635,0.8418509396724403,107.0,133.0,115.0,133.42100524902344
17.0,3.1582556208189164e-06,0.0,2.1614654510671015e-16,8.011070844171359,0.33160538983065635,0.8418509396724403,107.0,133.0,115.0,133.42100524902344
17.05,3.7763579478865737e-06,0.0,2.1614654510671015e-16,8.011070844171359,0.33160538983065635,0.8418509396724403,107.0,133.0,115.0,133.42100524902344
17.1,5.0120327831481245e-06,0.0,2.1614654510671015e-16,8.011070844171359,0.33160538983065635,0.8418509396724403,107.0,133.0,115.0,133.42100524902344
17.150000000000002,5.629934591638862e-06,0.0,2.1614654510671015e-16,8.011070844171359,0.33160538983065635,0.8418509396724403,107.0,133.0,115.0,133.42100524902344
17.2,4.462839948892325e-07,0.0,2.1614654510671015e-16,8.011070844171359,0.33160538983065635,0.8418509396724403,107.0,133.0,115.0,133.42100524902344
17.25,1.0985250144422656e-06,0.0,2.1614654510671015e-16,8.011070844171359,0.33160538983065635,0.8418509396724403,107.0,133.0,115.0,133.42100524902344
17.3,1.7507714113760354e-06,0.0,2.1614654510671015e-16,8.011070844171359,0.33160538983065635,0.8418509396724403,107.0,133.0,115.0,133.42100524902344
17.35,2.3000371445672957e-06,0.0,2.1614654510671015e-16,8.011070844171359,0.33160538983065635,0.8418509396724403,107.0,133.0,115.0,133.42100524902344
17.400000000000002,2.815179316022867e-06,0.0,2.1614654510671015e-16,8.011070844171359,0.33160538983065635,0.8418509396724403,107.0,133.0,115.0,133.42100524902344
17.45,3.398591980152811e-06,0.0,2.1614654510671015e-16,8.011070844171359,0.33160538983065635,0.8418509396724403,107.0,133.0,115.0,133.42100524902344
17.5,4.016509845059009e-06,0.0,2.1614654510671015e-16,8.011070844171359,0.33160538983065635,0.8418509396724403,107.0,133.0,115.0,133.42100524902344
17.55,4.634406147330185e-06,0.0,2.1614654510671015e-16,8.011070844171359,0.33160538983065635,0.8418509396724403,107.0,133.0,115.0,133.42100524902344
17.6,2.4030182969365314e-07,0.0,2.1614654510671015e-16,8.011070844171359,0.33160538983065635,0.8418509396724403,107.0,133.0,115.0,133.42100524902344
17.650000000000002,8.925518820464802e-07,0.0,2.1614654510671015e-16,8.011070844171359,0.33160538983065635,0.8418509396724403,107.0,133.0,115.0,133.42100524902344
17.7,1.5448000601229945e-06,0.0,2.1614654510671015e-16,8.011070844171359,0.33160538983065635,0.8418509396724403,107.0,133.0,115.0,133.42100524902344
17.75,2.197579112218305e-06,0.0,2.1614654510671015e-16,8.011070844171359,0.33160538983065635,0.8418509396724403,107.0,133.0,115.0,133.42100524902344
17.8,2.7119817326146404e-06,0.0,2.1614654510671015e-16,8.011070844171359,0.33160538983065635,0.8418509396724403,107.0,133.0,115.0,133.42100524902344
17.85,3.2269271710105095e-06,0.0,2.1614654510671015e-16,8.011070844171359,0.33160538983065635,0.8418509396724403,107.0,133.0,115.0,133.42100524902344
17.900000000000002,3.7418574498048454e-06,0.0,2.1614654510671015e-16,8.011070844171359,0.33160538983065635,0.8418509396724403,107.0,133.0,115.0,133.42100524902344
17.95,4.359863225574098e-06,0.0,2.1614654510671015e-16,8.011070844171359,0.33160538983065635,0.8418509396724403,107.0,133.0,115.0,133.42100524902344
18.0,0.0,0.0,2.1614654510671015e-16,8.011070844171359,0.33160538983065635,0.8418509396724403,107.0,133.0,115.0,133.42100524902344
18.05,6.522480655455207e-07,0.0,2.1614654510671015e-16,8.011070844171359,0.33160538983065635,0.8418509396724403,107.0,133.0,115.0,133.42100524902344
18.1,1.3044962482734645e-06,0.0,2.1614654510671015e-16,8.011070844171359,0.33160538983065635,0.8418509396724403,107.0,133.0,115.0,133.42100524902344
18.150000000000002,2.574673546299723e-06,0.0,2.1614654510671015e-16,8.011070844171359,0.33160538983065635,0.8418509396724403,107.0,133.0,115.0,133.42100524902344
18.2,2.4716800422475227e-06,0.0,2.1614654510671015e-16,8.011070844171359,0.33160538983065635,0.8418509396724403,107.0,133.0,115.0,133.42100524902344
18.25,2.9868299924430583e-06,0.0,2.1614654510671015e-16,8.011070844171359,0.33160538983065635,0.8418509396724403,107.0,133.0,115.0,133.42100524902344
18.3,4.153800215351552e-06,0.0,2.1614654510671015e-16,8.011070844171359,0.33160538983065635,0.8418509396724403,107.0,133.0,115.0,133.42100524902344
18.35,4.771699724017517e-06,0.0,2.1614654510671015e-16,8.011070844171359,0.33160538983065635,0.8418509396724403,107.0,133.0,115.0,133.42100524902344
18.400000000000002,5.389636994469893e-06,0.0,2.1614654510671015e-16,8.011070844171359,0.33160538983065635,0.8418509396724403,107.0,133.0,115.0,133.42100524902344
18.45,3.776184349528542e-07,0.0,2.1614654510671015e-16,8.011070844171359,0.33160538983065635,0.8418509396724403,107.0,133.0,115.0,133.42100524902344
18.5,1.0298666340650678e-06,0.0,2.1614654510671015e-16,8.011070844171359,0.33160538983065635,0.8418509396724403,107.0,133.0,115.0,133.42100524902344
18.55,1.647784976231766e-06,0.0,2.1614654510671015e-16,8.011070844171359,0.33160538983065635,0.8418509396724403,107.0,133.0,115.0,133.42100524902344
18.6,2.162728637316033e-06,0.0,2.1614654510671015e-16,8.011070844171359,0.33160538983065635,0.8418509396724403,107.0,133.0,115.0,133.42100524902344
18.650000000000002,2.7120067164349267e-06,0.0,2.1614654510671015e-16,8.011070844171359,0.33160538983065635,0.8418509396724403,107.0,133.0,115.0,133.42100524902344
18.7,3.3299180584540153e-06,0.0,2.1614654510671015e-16,8.011070844171359,0.33160538983065635,0.8418509396724403,107.0,133.0,115.0,133.42100524902344
18.75,3.947842680246807e-06,0.0,2.1614654510671015e-16,8.011070844171359,0.33160538983065635,0.8418509396724403,107.0,133.0,115.0,133.42100524902344
18.8,4.5657368033837194e-06,0.0,2.1614654510671015e-16,8.011070844171359,0.33160538983065635,0.8418509396724403,107.0,133.0,115.0,133.42100524902344
18.85,1.0298670115968183e-07,0.0,2.1614654510671015e-16,8.011070844171359,0.33160538983065635,0.8418509396724403,107.0,133.0,115.0,133.42100524902344
18.900000000000002,6.179603251252776e-07,0.0,2.1614654510671015e-16,8.011070844171359,0.33160538983065635,0.8418509396724403,107.0,133.0,115.0,133.42100524902344
18.95,1.2701938539862536e-06,0.0,2.1614654510671015e-16,8.011070844171359,0.33160538983065635,0.8418509396724403,107.0,133.0,115.0,133.42100524902344
19.0,1.8880851078688058e-06,0.0,2.1614654510671015e-16,8.011070844171359,0.33160538983065635,0.8418509396724403,107.0,133.0,115.0,133.42100524902344
19.05,2.5403412064521083e-06,0.0,2.1614654510671015e-16,8.011070844171359,0.33160538983065635,0.8418509396724403,107.0,133.0,115.0,133.42100524902344
19.1,3.158257905197293e-06,0.0,2.1614654510671015e-16,8.011070844171359,0.33160538983065635,0.8418509396724403,107.0,133.0,115.0,133.42100524902344
19.150000000000002,4.428432776325764e-06,0.0,2.1614654510671015e-16,8.011070844171359,0.33160538983065635,0.8418509396724403,107.0,133.0,115.0,133.42100524902344
19.200000000000003,4.943341480185856e-06,0.0,2.1614654510671015e-16,8.011070844171359,0.33160538983065635,0.8418509396724403,107.0,133.0,115.0,133.42100524902344
19.25,5.458292782129868e-06,0.0,2.1614654510671015e-16,8.011070844171359,0.33160538983065635,0.8418509396724403,107.0,133.0,115.0,133.42100524902344
19.3,4.119690580818068e-07,0.0,2.1614654510671015e-16,8.011070844171359,0.33160538983065635,0.8418509396724403,107.0,133.0,115.0,133.42100524902344
19.35,1.029891630525099e-06,0.0,2.1614654510671015e-16,8.011070844171359,0.33160538983065635,0.8418509396724403,107.0,133.0,115.0,133.42100524902344
19.400000000000002,1.682128036445843e-06,0.0,2.1614654510671015e-16,8.011070844171359,0.33160538983065635,0.8418509396724403,107.0,133.0,115.0,133.42100524902344
19.450000000000003,2.3000387724776216e-06,0.0,2.1614654510671015e-16,8.011070844171359,0.33160538983065635,0.8418509396724403,107.0,133.0,115.0,133.42100524902344
19.5,3.5702002229625656e-06,0.0,2.1614654510671015e-16,8.011070844171359,0.33160538983065635,0.8418509396724403,107.0,133.0,115.0,133.42100524902344
19.55,3.467223118715011e-06,0.0,2.1614654510671015e-16,8.011070844171359,0.33160538983065635,0.8418509396724403,107.0,133.0,115.0,133.42100524902344
19.6,4.050802153003702e-06,0.0,2.1614654510671015e-16,8.011070844171359,0.33160538983065635,0.8418509396724403,107.0,133.0,115.0,133.42100524902344
19.650000000000002,4.5657618157001105e-06,0.0,2.1614654510671015e-16,8.011070844171359,0.33160538983065635,0.8418509396724403,107.0,133.0,115.0,133.42100524902344
19.700000000000003,2.4030182969365314e-07,0.0,2.1614654510671015e-16,8.011070844171359,0.33160538983065635,0.8418509396724403,107.0,133.0,115.0,133.42100524902344
19.75,8.582228863823498e-07,0.0,2.1614654510671015e-16,8.011070844171359,0.33160538983065635,0.8418509396724403,107.0,133.0,115.0,133.42100524902344
19.8,1.4761450850447052e-06,0.0,2.1614654510671015e-16,8.011070844171359,0.33160538983065635,0.8418509396724403,107.0,133.0,115.0,133.42100524902344
19.85,2.1288401612367577e-06,0.0,2.1614654510671015e-16,8.011070844171359,0.33160538983065635,0.8418509396724403,107.0,133.0,115.0,133.42100524902344
19.900000000000002,2.643338743257474e-06,0.0,2.1614654510671015e-16,8.011070844171359,0.33160538983065635,0.8418509396724403,107.0,133.0,115.0,133.42100524902344
19.950000000000003,3.158293452532845e-06,0.0,2.1614654510671015e-16,8.011070844171359,0.33160538983065635,0.8418509396724403,107.0,133.0,115.0,133.42100524902344
20.0,3.776193462056219e-06,0.0,2.1614654510671015e-16,8.011070844171359,0.33160538983065635,0.8418509396724403,107.0,133.0,115.0,133.42100524902344
20.05,4.394093576872641e-06,0.0,2.1614654510671015e-16,8.011070844171359,0.33160538983065635,0.8418509396724403,107.0,133.0,115.0,133.42100524902344
20.1,0.0,0.0,2.1614654510671015e-16,8.011070844171359,0.33160538983065635,0.8418509396724403,107.0,133.0,115.0,133.42100524902344
20.150000000000002,6.522480655455207e-07,0.0,2.1614654510671015e-16,8.011070844171359,0.33160538983065635,0.8418509396724403,107.0,133.0,115.0,133.42100524902344
20.200000000000003,1.3044962482734645e-06,0.0,2.1614654510671015e-16,8.011070844171359,0.33160538983065635,0.8418509396724403,107.0,133.0,115.0,133.42100524902344
20.25,1.956744515442044e-06,0.0,2.1614654510671015e-16,8.011070844171359,0.33160538983065635,0.8418509396724403,107.0,133.0,115.0,133.42100524902344
20.3,2.5060077193633263e-06,0.0,2.1614654510671015e-16,8.011070844171359,0.33160538983065635,0.8418509396724403,107.0,133.0,115.0,133.42100524902344
20.35,3.0211723357190396e-06,0.0,2.1614654510671015e-16,8.011070844171359,0.33160538983065635,0.8418509396724403,107.0,133.0,115.0,133.42100524902344
20.400000000000002,4.153800157381382e-06,0.0,2.1614654510671015e-16,8.011070844171359,0.33160538983065635,0.8418509396724403,107.0,133.0,115.0,133.42100524902344
20.450000000000003,4.7030631991438685e-06,0.0,2.1614654510671015e-16,8.011070844171359,0.33160538983065635,0.8418509396724403,107.0,133.0,115.0,133.42100524902344
20.5,5.320996680583615e-06,0.0,2.1614654510671015e-16,8.011070844171359,0.33160538983065635,0.8418509396724403,107.0,133.0,115.0,133.42100524902344
20.55,3.776184349528542e-07,0.0,2.1614654510671015e-16,8.011070844171359,0.33160538983065635,0.8418509396724403,107.0,133.0,115.0,133.42100524902344
20.6,1.0298666340650678e-06,0.0,2.1614654510671015e-16,8.011070844171359,0.33160538983065635,0.8418509396724403,107.0,133.0,115.0,133.42100524902344
20.650000000000002,1.682114910347277e-06,0.0,2.1614654510671015e-16,8.011070844171359,0.33160538983065635,0.8418509396724403,107.0,133.0,115.0,133.42100524902344
20.700000000000003,2.265703283397558e-06,0.0,2.1614654510671015e-16,8.011070844171359,0.33160538983065635,0.8418509396724403,107.0,133.0,115.0,133.42100524902344
20.75,3.398556271207204e-06,0.0,2.1614654510671015e-16,8.011070844171359,0.33160538983065635,0.8418509396724403,107.0,133.0,115.0,133.42100524902344
20.8,3.295600525742583e-06,0.0,2.1614654510671015e-16,8.011070844171359,0.33160538983065635,0.8418509396724403,107.0,133.0,115.0,133.42100524902344
20.85,3.913512120460919e-06,0.0,2.1614654510671015e-16,8.011070844171359,0.33160538983065635,0.8418509396724403,107.0,133.0,115.0,133.42100524902344
20.900000000000002,4.531408710638711e-06,0.0,2.1614654510671015e-16,8.011070844171359,0.33160538983065635,0.8418509396724403,107.0,133.0,115.0,133.42100524902344
20.950000000000003,1.0298664732723879e-07,0.0,2.1614654510671015e-16,8.011070844171359,0.33160538983065635,0.8418509396724403,107.0,133.0,115.0,133.42100524902344
21.0,7.552334510936355e-07,0.0,2.1614654510671015e-16,8.011070844171359,0.33160538983065635,0.8418509396724403,107.0,133.0,115.0,133.42100524902344
21.05,1.4074816319951704e-06,0.0,2.1614654510671015e-16,8.011070844171359,0.33160538983065635,0.8418509396724403,107.0,133.0,115.0,133.42100524902344
21.1,1.957239826066529e-06,0.0,2.1614654510671015e-16,8.011070844171359,0.33160538983065635,0.8418509396724403,107.0,133.0,115.0,133.42100524902344
21.150000000000002,2.4716955503038055e-06,0.0,2.1614654510671015e-16,8.011070844171359,0.33160538983065635,0.8418509396724403,107.0,133.0,115.0,133.42100524902344
21.200000000000003,3.0209475401957326e-06,0.0,2.1614654510671015e-16,8.011070844171359,0.33160538983065635,0.8418509396724403,107.0,133.0,115.0,133.42100524902344
21.25,3.6733253805883133e-06,0.0,2.1614654510671015e-16,8.011070844171359,0.33160538983065635,0.8418509396724403,107.0,133.0,115.0,133.42100524902344
21.3,4.325563064818242e-06,0.0,2.1614654510671015e-16,8.011070844171359,0.33160538983065635,0.8418509396724403,107.0,133.0,115.0,133.42100524902344
21.35,4.977803832371724e-06,0.0,2.1614654510671015e-16,8.011070844171359,0.33160538983065635,0.8418509396724403,107.0,133.0,115.0,133.42100524902344
21.400000000000002,5.14933250163067e-07,0.0,2.1614654510671015e-16,8.011070844171359,0.33160538983065635,0.8418509396724403,107.0,133.0,115.0,133.42100524902344
21.450000000000003,1.1671814913285983e-06,0.0,2.1614654510671015e-16,8.011070844171359,0.33160538983065635,0.8418509396724403,107.0,133.0,115.0,133.42100524902344
21.5,1.8194296607507589e-06,0.0,2.1614654510671015e-16,8.011070844171359,0.33160538983065635,0.8418509396724403,107.0,133.0,115.0,133.42100524902344
21.55,2.4030244719141354e-06,0.0,2.1614654510671015e-16,8.011070844171359,0.33160538983065635,0.8418509396724403,107.0,133.0,115.0,133.42100524902344
21.6,2.917962151872472e-06,0.0,2.1614654510671015e-16,8.011070844171359,0.33160538983065635,0.8418509396724403,107.0,133.0,115.0,133.42100524902344
21.650000000000002,3.4329136895291794e-06,0.0,2.1614654510671015e-16,8.011070844171359,0.33160538983065635,0.8418509396724403,107.0,133.0,115.0,133.42100524902344
21.700000000000003,3.947884810273527e-06,0.0,2.1614654510671015e-16,8.011070844171359,0.33160538983065635,0.8418509396724403,107.0,133.0,115.0,133.42100524902344
21.75,4.5657734997050025e-06,0.0,2.1614654510671015e-16,8.011070844171359,0.33160538983065635,0.8418509396724403,107.0,133.0,115.0,133.42100524902344
21.8,2.4030182969365314e-07,0.0,2.1614654510671015e-16,8.011070844171359,0.33160538983065635,0.8418509396724403,107.0,133.0,115.0,133.42100524902344
21.85,8.925518820464802e-07,0.0,2.1614654510671015e-16,8.011070844171359,0.33160538983065635,0.8418509396724403,107.0,133.0,115.0,133.42100524902344
21.900000000000002,1.5448000601229945e-06,0.0,2.1614654510671015e-16,8.011070844171359,0.33160538983065635,0.8418509396724403,107.0,133.0,115.0,133.42100524902344
21.950000000000003,2.197579112218305e-06,0.0,2.1614654510671015e-16,8.011070844171359,0.33160538983065635,0.8418509396724403,107.0,133.0,115.0,133.42100524902344
22.0,2.7119817326146404e-06,0.0,2.1614654510671015e-16,8.011070844171359,0.33160538983065635,0.8418509396724403,107.0,133.0,115.0,133.42100524902344
22.05,3.2269271710105095e-06,0.0,2.1614654510671015e-16,8.011070844171359,0.33160538983065635,0.8418509396724403,107.0,133.0,115.0,133.42100524902344
22.1,3.7418574498048454e-06,0.0,2.1614654510671015e-16,8.011070844171359,0.33160538983065635,0.8418509396724403,107.0,133.0,115.0,133.42100524902344
22.150000000000002,4.39418042033974e-06,0.0,2.1614654510671015e-16,8.011070844171359,0.33160538983065635,0.8418509396724403,107.0,133.0,115.0,133.42100524902344
22.200000000000003,0.0,0.0,2.1614654510671015e-16,8.011070844171359,0.33160538983065635,0.8418509396724403,107.0,133.0,115.0,133.42100524902344
22.25,6.522480655455207e-07,0.0,2.1614654510671015e-16,8.011070844171359,0.33160538983065635,0.8418509396724403,107.0,133.0,115.0,133.42100524902344
22.3,1.3044962482734645e-06,0.0,2.1614654510671015e-16,8.011070844171359,0.33160538983065635,0.8418509396724403,107.0,133.0,115.0,133.42100524902344
22.35,1.956744515442044e-06,0.0,2.1614654510671015e-16,8.011070844171359,0.33160538983065635,0.8418509396724403,107.0,133.0,115.0,133.42100524902344
22.400000000000002,2.5060077193633263e-06,0.0,2.1614654510671015e-16,8.011070844171359,0.33160538983065635,0.8418509396724403,107.0,133.0,115.0,133.42100524902344
22.450000000000003,3.0211723357190396e-06,0.0,2.1614654510671015e-16,8.011070844171359,0.33160538983065635,0.8418509396724403,107.0,133.0,115.0,133.42100524902344
22.5,4.153800157381382e-06,0.0,2.1614654510671015e-16,8.011070844171359,0.33160538983065635,0.8418509396724403,107.0,133.0,115.0,133.42100524902344
22.55,4.737402672754322e-06,0.0,2.1614654510671015e-16,8.011070844171359,0.33160538983065635,0.8418509396724403,107.0,133.0,115.0,133.42100524902344
22.6,5.355301054517158e-06,0.0,2.1614654510671015e-16,8.011070844171359,0.33160538983065635,0.8418509396724403,107.0,133.0,115.0,133.42100524902344
22.650000000000002,3.776184349528542e-07,0.0,2.1614654510671015e-16,8.011070844171359,0.33160538983065635,0.8418509396724403,107.0,133.0,115.0,133.42100524902344
22.700000000000003,1.0298666340650678e-06,0.0,2.1614654510671015e-16,8.011070844171359,0.33160538983065635,0.8418509396724403,107.0,133.0,115.0,133.42100524902344
22.75,1.682114910347277e-06,0.0,2.1614654510671015e-16,8.011070844171359,0.33160538983065635,0.8418509396724403,107.0,133.0,115.0,133.42100524902344
22.8,2.2657032833976298e-06,0.0,2.1614654510671015e-16,8.011070844171359,0.33160538983065635,0.8418509396724403,107.0,133.0,115.0,133.42100524902344
22.85,2.7806478675407016e-06,0.0,2.1614654510671015e-16,8.011070844171359,0.33160538983065635,0.8418509396724403,107.0,133.0,115.0,133.42100524902344
22.900000000000002,3.2956001183646816e-06,0.0,2.1614654510671015e-16,8.011070844171359,0.33160538983065635,0.8418509396724403,107.0,133.0,115.0,133.42100524902344
22.950000000000003,3.879180273601819e-06,0.0,2.1614654510671015e-16,8.011070844171359,0.33160538983065635,0.8418509396724403,107.0,133.0,115.0,133.42100524902344
23.0,4.4971102594215824e-06,0.0,2.1614654510671015e-16,8.011070844171359,0.33160538983065635,0.8418509396724403,107.0,133.0,115.0,133.42100524902344
23.05,1.0298664732723879e-07,0.0,2.1614654510671015e-16,8.011070844171359,0.33160538983065635,0.8418509396724403,107.0,133.0,115.0,133.42100524902344
23.1,7.552334510936355e-07,0.0,2.1614654510671015e-16,8.011070844171359,0.33160538983065635,0.8418509396724403,107.0,133.0,115.0,133.42100524902344
23.150000000000002,1.4074816319951704e-06,0.0,2.1614654510671015e-16,8.011070844171359,0.33160538983065635,0.8418509396724403,107.0,133.0,115.0,133.42100524902344
23.200000000000003,2.6776629059145735e-06,0.0,2.1614654510671015e-16,8.011070844171359,0.33160538983065635,0.8418509396724403,107.0,133.0,115.0,133.42100524902344
23.25,2.5746646715283368e-06,0.0,2.1614654510671015e-16,8.011070844171359,0.33160538983065635,0.8418509396724403,107.0,133.0,115.0,133.42100524902344
23.3,3.0895976141947698e-06,0.0,2.1614654510671015e-16,8.011070844171359,0.33160538983065635,0.8418509396724403,107.0,133.0,115.0,133.42100524902344
23.35,3.6046630308504803e-06,0.0,2.1614654510671015e-16,8.011070844171359,0.33160538983065635,0.8418509396724403,107.0,133.0,115.0,133.42100524902344
23.400000000000002,4.806057514651119e-06,0.0,2.1614654510671015e-16,8.011070844171359,0.33160538983065635,0.8418509396724403,107.0,133.0,115.0,133.42100524902344
23.450000000000003,4.807711856604582e-06,0.0,2.1614654510671015e-16,8.011070844171359,0.33160538983065635,0.8418509396724403,107.0,133.0,115.0,133.42100524902344
23.5,4.119690580818068e-07,0.0,2.1614654510671015e-16,8.011070844171359,0.33160538983065635,0.8418509396724403,107.0,133.0,115.0,133.42100524902344
23.55,9.269527708241336e-07,0.0,2.1614654510671015e-16,8.011070844171359,0.33160538983065635,0.8418509396724403,107.0,133.0,115.0,133.42100524902344
23.6,2.1284142415212722e-06,0.0,2.1614654510671015e-16,8.011070844171359,0.33160538983065635,0.8418509396724403,107.0,133.0,115.0,133.42100524902344
23.650000000000002,3.3985571073829405e-06,0.0,2.1614654510671015e-16,8.011070844171359,0.33160538983065635,0.8418509396724403,107.0,133.0,115.0,133.42100524902344
23.700000000000003,2.64347530359007e-06,0.0,2.1614654510671015e-16,8.011070844171359,0.33160538983065635,0.8418509396724403,107.0,133.0,115.0,133.42100524902344
23.75,3.879171873675113e-06,0.0,2.1614654510671015e-16,8.011070844171359,0.33160538983065635,0.8418509396724403,107.0,133.0,115.0,133.42100524902344
23.8,3.844840917870362e-06,0.0,2.1614654510671015e-16,8.011070844171359,0.33160538983065635,0.8418509396724403,107.0,133.0,115.0,133.42100524902344
23.85,4.3598525462886044e-06,0.0,2.1614654510671015e-16,8.011070844171359,0.33160538983065635,0.8418509396724403,107.0,133.0,115.0,133.42100524902344
23.900000000000002,2.4030182969365314e-07,0.0,2.1614654510671015e-16,8.011070844171359,0.33160538983065635,0.8418509396724403,107.0,133.0,115.0,133.42100524902344
23.950000000000003,8.925518820464802e-07,0.0,2.1614654510671015e-16,8.011070844171359,0.33160538983065635,0.8418509396724403,107.0,133.0,115.0,133.42100524902344
24.0,1.5448000601229945e-06,0.0,2.1614654510671015e-16,8.011070844171359,0.33160538983065635,0.8418509396724403,107.0,133.0,115.0,133.42100524902344
24.05,2.128388622091886e-06,0.0,2.1614654510671015e-16,8.011070844171359,0.33160538983065635,0.8418509396724403,107.0,133.0,115.0,133.42100524902344
24.1,2.6433336430726076e-06,0.0,2.1614654510671015e-16,8.011070844171359,0.33160538983065635,0.8418509396724403,107.0,133.0,115.0,133.42100524902344
24.150000000000002,3.1582868645009024e-06,0.0,2.1614654510671015e-16,8.011070844171359,0.33160538983065635,0.8418509396724403,107.0,133.0,115.0,133.42100524902344
24.200000000000003,3.7418532156776525e-06,0.0,2.1614654510671015e-16,8.011070844171359,0.33160538983065635,0.8418509396724403,107.0,133.0,115.0,133.42100524902344
24.25,4.359788268204475e-06,0.0,2.1614654510671015e-16,8.011070844171359,0.33160538983065635,0.8418509396724403,107.0,133.0,115.0,133.42100524902344
24.3,0.0,0.0,2.1614654510671015e-16,8.011070844171359,0.33160538983065635,0.8418509396724403,107.0,133.0,115.0,133.42100524902344
24.35,6.522480655455207e-07,0.0,2.1614654510671015e-16,8.011070844171359,0.33160538983065635,0.8418509396724403,107.0,133.0,115.0,133.42100524902344
24.400000000000002,1.3044962482734645e-06,0.0,2.1614654510671015e-16,8.011070844171359,0.33160538983065635,0.8418509396724403,107.0,133.0,115.0,133.42100524902344
24.450000000000003,1.9573348109305302e-06,0.0,2.1614654510671015e-16,8.011070844171359,0.33160538983065635,0.8418509396724403,107.0,133.0,115.0,133.42100524902344
24.5,2.4716828565785833e-06,0.0,2.1614654510671015e-16,8.011070844171359,0.33160538983065635,0.8418509396724403,107.0,133.0,115.0,133.42100524902344
24.55,2.9866155310257257e-06,0.0,2.1614654510671015e-16,8.011070844171359,0.33160538983065635,0.8418509396724403,107.0,133.0,115.0,133.42100524902344
24.6,4.188144288686698e-06,0.0,2.1614654510671015e-16,8.011070844171359,0.33160538983065635,0.8418509396724403,107.0,133.0,115.0,133.42100524902344
24.650000000000002,4.806043779153225e-06,0.0,2.1614654510671015e-16,8.011070844171359,0.33160538983065635,0.8418509396724403,107.0,133.0,115.0,133.42100524902344
24.700000000000003,5.423945058998372e-06,0.0,2.1614654510671015e-16,8.011070844171359,0.33160538983065635,0.8418509396724403,107.0,133.0,115.0,133.42100524902344
24.75,3.776184349528542e-07,0.0,2.1614654510671015e-16,8.011070844171359,0.33160538983065635,0.8418509396724403,107.0,133.0,115.0,133.42100524902344
24.8,1.0298666340650678e-06,0.0,2.1614654510671015e-16,8.011070844171359,0.33160538983065635,0.8418509396724403,107.0,133.0,115.0,133.42100524902344
24.85,1.682114910347277e-06,0.0,2.1614654510671015e-16,8.011070844171359,0.33160538983065635,0.8418509396724403,107.0,133.0,115.0,133.42100524902344
24.900000000000002,2.231374098698642e-06,0.0,2.1614654510671015e-16,8.011070844171359,0.33160538983065635,0.8418509396724403,107.0,133.0,115.0,133.42100524902344
24.950000000000003,3.364227955159335e-06,0.0,2.1614654510671015e-16,8.011070844171359,0.33160538983065635,0.8418509396724403,107.0,133.0,115.0,133.42100524902344
25.0,3.261278418436285e-06,0.0,2.1614654510671015e-16,8.011070844171359,0.33160538983065635,0.8418509396724403,107.0,133.0,115.0,133.42100524902344
25.05,3.879173991269073e-06,0.0,2.1614654510671015e-16,8.011070844171359,0.33160538983065635,0.8418509396724403,107.0,133.0,115.0,133.42100524902344
25.1,4.497105233152347e-06,0.0,2.1614654510671015e-16,8.011070844171359,0.33160538983065635,0.8418509396724403,107.0,133.0,115.0,133.42100524902344
25.150000000000002,1.0298664732723879e-07,0.0,2.1614654510671015e-16,8.011070844171359,0.33160538983065635,0.8418509396724403,107.0,133.0,115.0,133.42100524902344
25.200000000000003,7.552334510936355e-07,0.0,2.1614654510671015e-16,8.011070844171359,0.33160538983065635,0.8418509396724403,107.0,133.0,115.0,133.42100524902344
25.25,1.4074816319951704e-06,0.0,2.1614654510671015e-16,8.011070844171359,0.33160538983065635,0.8418509396724403,107.0,133.0,115.0,133.42100524902344
25.3,2.060299582103584e-06,0.0,2.1614654510671015e-16,8.011070844171359,0.33160538983065635,0.8418509396724403,107.0,133.0,115.0,133.42100524902344
25.35,2.5746671313268217e-06,0.0,2.1614654510671015e-16,8.011070844171359,0.33160538983065635,0.8418509396724403,107.0,133.0,115.0,133.42100524902344
25.400000000000002,3.0895997590245306e-06,0.0,2.1614654510671015e-16,8.011070844171359,0.33160538983065635,0.8418509396724403,107.0,133.0,115.0,133.42100524902344
25.450000000000003,3.6046503930254956e-06,0.0,2.1614654510671015e-16,8.011070844171359,0.33160538983065635,0.8418509396724403,107.0,133.0,115.0,133.42100524902344
25.5,4.222526256708405e-06,0.0,2.1614654510671015e-16,8.011070844171359,0.33160538983065635,0.8418509396724403,107.0,133.0,115.0,133.42100524902344
25.55,5.4582843092648245e-06,0.0,2.1614654510671015e-16,8.011070844171359,0.33160538983065635,0.8418509396724403,107.0,133.0,115.0,133.42100524902344
25.6,4.119690580818068e-07,0.0,2.1614654510671015e-16,8.011070844171359,0.33160538983065635,0.8418509396724403,107.0,133.0,115.0,133.42100524902344
25.650000000000002,9.269527708241336e-07,0.0,2.1614654510671015e-16,8.011070844171359,0.33160538983065635,0.8418509396724403,107.0,133.0,115.0,133.42100524902344
25.700000000000003,1.5794982383404027e-06,0.0,2.1614654510671015e-16,8.011070844171359,0.33160538983065635,0.8418509396724403,107.0,133.0,115.0,133.42100524902344
25.75,2.231403461698859e-06,0.0,2.1614654510671015e-16,8.011070844171359,0.33160538983065635,0.8418509396724403,107.0,133.0,115.0,133.42100524902344
25.8,2.7808362663655063e-06,0.0,2.1614654510671015e-16,8.011070844171359,0.33160538983065635,0.8418509396724403,107.0,133.0,115.0,133.42100524902344
25.85,3.9135149533566934e-06,0.0,2.1614654510671015e-16,8.011070844171359,0.33160538983065635,0.8418509396724403,107.0,133.0,115.0,133.42100524902344
25.900000000000002,4.531416142986665e-06,0.0,2.1614654510671015e-16,8.011070844171359,0.33160538983065635,0.8418509396724403,107.0,133.0,115.0,133.42100524902344
25.950000000000003,4.497088377790825e-06,0.0,2.1614654510671015e-16,8.011070844171359,0.33160538983065635,0.8418509396724403,107.0,133.0,115.0,133.42100524902344
26.0,2.0597813092397918e-07,0.0,2.1614654510671015e-16,8.011070844171359,0.33160538983065635,0.8418509396724403,107.0,133.0,115.0,133.42100524902344
26.05,7.209582439317718e-07,0.0,2.1614654510671015e-16,8.011070844171359,0.33160538983065635,0.8418509396724403,107.0,133.0,115.0,133.42100524902344
26.1,1.9910772845326737e-06,0.0,2.1614654510671015e-16,8.011070844171359,0.33160538983065635,0.8418509396724403,107.0,133.0,115.0,133.42100524902344
26.150000000000002,1.9910856962258335e-06,0.0,2.1614654510671015e-16,8.011070844171359,0.33160538983065635,0.8418509396724403,107.0,133.0,115.0,133.42100524902344
26.200000000000003,3.2612409682898197e-06,0.0,2.1614654510671015e-16,8.011070844171359,0.33160538983065635,0.8418509396724403,107.0,133.0,115.0,133.42100524902344
26.25,3.261244012398512e-06,0.0,2.1614654510671015e-16,8.011070844171359,0.33160538983065635,0.8418509396724403,107.0,133.0,115.0,133.42100524902344
26.3,3.8791442801385445e-06,0.0,2.1614654510671015e-16,8.011070844171359,0.33160538983065635,0.8418509396724403,107.0,133.0,115.0,133.42100524902344
26.35,4.39409132274129e-06,0.0,2.1614654510671015e-16,8.011070844171359,0.33160538983065635,0.8418509396724403,107.0,133.0,115.0,133.42100524902344
26.400000000000002,0.0,0.0,2.1614654510671015e-16,8.011070844171359,0.33160538983065635,0.8418509396724403,107.0,133.0,115.0,133.42100524902344
26.450000000000003,5.835964902331484e-07,0.0,2.1614654510671015e-16,8.011070844171359,0.33160538983065635,0.8418509396724403,107.0,133.0,115.0,133.42100524902344
26.5,1.2358395152383997e-06,0.0,2.1614654510671015e-16,8.011070844171359,0.33160538983065635,0.8418509396724403,107.0,133.0,115.0,133.42100524902344
26.55,2.5060113783100206e-06,0.0,2.1614654510671015e-16,8.011070844171359,0.33160538983065635,0.8418509396724403,107.0,133.0,115.0,133.42100524902344
26.6,2.403027698758831e-06,0.0,2.1614654510671015e-16,8.011070844171359,0.33160538983065635,0.8418509396724403,107.0,133.0,115.0,133.42100524902344
26.650000000000002,2.9179597953474794e-06,0.0,2.1614654510671015e-16,8.011070844171359,0.33160538983065635,0.8418509396724403,107.0,133.0,115.0,133.42100524902344
26.700000000000003,3.5360084676506077e-06,0.0,2.1614654510671015e-16,8.011070844171359,0.33160538983065635,0.8418509396724403,107.0,133.0,115.0,133.42100524902344
26.75,4.806043801175818e-06,0.0,2.1614654510671015e-16,8.011070844171359,0.33160538983065635,0.8418509396724403,107.0,133.0,115.0,133.42100524902344
26.8,4.806157267035796e-06,0.0,2.1614654510671015e-16,8.011070844171359,0.33160538983065635,0.8418509396724403,107.0,133.0,115.0,133.42100524902344
26.85,3.776184349528542e-07,0.0,2.1614654510671015e-16,8.011070844171359,0.33160538983065635,0.8418509396724403,107.0,133.0,115.0,133.42100524902344
26.900000000000002,1.0298666340650678e-06,0.0,2.1614654510671015e-16,8.011070844171359,0.33160538983065635,0.8418509396724403,107.0,133.0,115.0,133.42100524902344
26.950000000000003,1.682114910347277e-06,0.0,2.1614654510671015e-16,8.011070844171359,0.33160538983065635,0.8418509396724403,107.0,133.0,115.0,133.42100524902344
27.0,2.265703283397558e-06,0.0,2.1614654510671015e-16,8.011070844171359,0.33160538983065635,0.8418509396724403,107.0,133.0,115.0,133.42100524902344
27.05,3.398556271207204e-06,0.0,2.1614654510671015e-16,8.011070844171359,0.33160538983065635,0.8418509396724403,107.0,133.0,115.0,133.42100524902344
27.1,3.295600525742583e-06,0.0,2.1614654510671015e-16,8.011070844171359,0.33160538983065635,0.8418509396724403,107.0,133.0,115.0,133.42100524902344
27.150000000000002,3.844882992331289e-06,0.0,2.1614654510671015e-16,8.011070844171359,0.33160538983065635,0.8418509396724403,107.0,133.0,115.0,133.42100524902344
27.200000000000003,4.4627723660487076e-06,0.0,2.1614654510671015e-16,8.011070844171359,0.33160538983065635,0.8418509396724403,107.0,133.0,115.0,133.42100524902344
27.25,1.0298670115967882e-07,0.0,2.1614654510671015e-16,8.011070844171359,0.33160538983065635,0.8418509396724403,107.0,133.0,115.0,133.42100524902344
27.3,6.179603251252776e-07,0.0,2.1614654510671015e-16,8.011070844171359,0.33160538983065635,0.8418509396724403,107.0,133.0,115.0,133.42100524902344
27.35,1.1329442399410837e-06,0.0,2.1614654510671015e-16,8.011070844171359,0.33160538983065635,0.8418509396724403,107.0,133.0,115.0,133.42100524902344
27.400000000000002,1.7508250822603554e-06,0.0,2.1614654510671015e-16,8.011070844171359,0.33160538983065635,0.8418509396724403,107.0,133.0,115.0,133.42100524902344
27.450000000000003,2.368688820747971e-06,0.0,2.1614654510671015e-16,8.011070844171359,0.33160538983065635,0.8418509396724403,107.0,133.0,115.0,133.42100524902344
27.5,2.883688057188466e-06,0.0,2.1614654510671015e-16,8.011070844171359,0.33160538983065635,0.8418509396724403,107.0,133.0,115.0,133.42100524902344
27.55,3.5015644088282285e-06,0.0,2.1614654510671015e-16,8.011070844171359,0.33160538983065635,0.8418509396724403,107.0,133.0,115.0,133.42100524902344
27.6,4.050873631384766e-06,0.0,2.1614654510671015e-16,8.011070844171359,0.33160538983065635,0.8418509396724403,107.0,133.0,115.0,133.42100524902344
27.650000000000002,4.634440860059338e-06,0.0,2.1614654510671015e-16,8.011070844171359,0.33160538983065635,0.8418509396724403,107.0,133.0,115.0,133.42100524902344
27.700000000000003,5.14933250163067e-07,0.0,2.1614654510671015e-16,8.011070844171359,0.33160538983065635,0.8418509396724403,107.0,133.0,115.0,133.42100524902344
27.75,1.1671814913285983e-06,0.0,2.1614654510671015e-16,8.011070844171359,0.33160538983065635,0.8418509396724403,107.0,133.0,115.0,133.42100524902344
27.8,1.8200641466198173e-06,0.0,2.1614654510671015e-16,8.011070844171359,0.33160538983065635,0.8418509396724403,107.0,133.0,115.0,133.42100524902344
27.85,2.334368564706832e-06,0.0,2.1614654510671015e-16,8.011070844171359,0.33160538983065635,0.8418509396724403,107.0,133.0,115.0,133.42100524902344
27.900000000000002,2.8492972601344506e-06,0.0,2.1614654510671015e-16,8.011070844171359,0.33160538983065635,0.8418509396724403,107.0,133.0,115.0,133.42100524902344
27.950000000000003,4.05080476322836e-06,0.0,2.1614654510671015e-16,8.011070844171359,0.33160538983065635,0.8418509396724403,107.0,133.0,115.0,133.42100524902344
28.0,4.668740068152883e-06,0.0,2.1614654510671015e-16,8.011070844171359,0.33160538983065635,0.8418509396724403,107.0,133.0,115.0,133.42100524902344
28.05,5.286641229475785e-06,0.0,2.1614654510671015e-16,8.011070844171359,0.33160538983065635,0.8418509396724403,107.0,133.0,115.0,133.42100524902344
28.1,2.4030182969365314e-07,0.0,2.1614654510671015e-16,8.011070844171359,0.33160538983065635,0.8418509396724403,107.0,133.0,115.0,133.42100524902344
28.150000000000002,8.925518820464802e-07,0.0,2.1614654510671015e-16,8.011070844171359,0.33160538983065635,0.8418509396724403,107.0,133.0,115.0,133.42100524902344
28.200000000000003,1.5448000601229945e-06,0.0,2.1614654510671015e-16,8.011070844171359,0.33160538983065635,0.8418509396724403,107.0,133.0,115.0,133.42100524902344
28.25,2.162729576628867e-06,0.0,2.1614654510671015e-16,8.011070844171359,0.33160538983065635,0.8418509396724403,107.0,133.0,115.0,133.42100524902344
28.3,2.6776589294012897e-06,0.0,2.1614654510671015e-16,8.011070844171359,0.33160538983065635,0.8418509396724403,107.0,133.0,115.0,133.42100524902344
28.35,3.1926059086304534e-06,0.0,2.1614654510671015e-16,8.011070844171359,0.33160538983065635,0.8418509396724403,107.0,133.0,115.0,133.42100524902344
28.400000000000002,3.707554078184235e-06,0.0,2.1614654510671015e-16,8.011070844171359,0.33160538983065635,0.8418509396724403,107.0,133.0,115.0,133.42100524902344
28.450000000000003,4.325451833648757e-06,0.0,2.1614654510671015e-16,8.011070844171359,0.33160538983065635,0.8418509396724403,107.0,133.0,115.0,133.42100524902344
28.5,0.0,0.0,2.1614654510671015e-16,8.011070844171359,0.33160538983065635,0.8418509396724403,107.0,133.0,115.0,133.42100524902344
28.55,5.14968640182033e-07,0.0,2.1614654510671015e-16,8.011070844171359,0.33160538983065635,0.8418509396724403,107.0,133.0,115.0,133.42100524902344
28.6,1.0299527345651175e-06,0.0,2.1614654510671015e-16,8.011070844171359,0.33160538983065635,0.8418509396724403,107.0,133.0,115.0,133.42100524902344
28.650000000000002,1.6478013881676379e-06,0.0,2.1614654510671015e-16,8.011070844171359,0.33160538983065635,0.8418509396724403,107.0,133.0,115.0,133.42100524902344
28.700000000000003,3.5702009611852907e-06,0.0,2.1614654510671015e-16,8.011070844171359,0.33160538983065635,0.8418509396724403,107.0,133.0,115.0,133.42100524902344
28.75,2.814984160086591e-06,0.0,2.1614654510671015e-16,8.011070844171359,0.33160538983065635,0.8418509396724403,107.0,133.0,115.0,133.42100524902344
28.8,3.3986598816221247e-06,0.0,2.1614654510671015e-16,8.011070844171359,0.33160538983065635,0.8418509396724403,107.0,133.0,115.0,133.42100524902344
28.85,4.050889611998224e-06,0.0,2.1614654510671015e-16,8.011070844171359,0.33160538983065635,0.8418509396724403,107.0,133.0,115.0,133.42100524902344
28.900000000000002,5.252340969305625e-06,0.0,2.1614654510671015e-16,8.011070844171359,0.33160538983065635,0.8418509396724403,107.0,133.0,115.0,133.42100524902344
28.950000000000003,3.0897389774710667e-07,0.0,2.1614654510671015e-16,8.011070844171359,0.33160538983065635,0.8418509396724403,107.0,133.0,115.0,133.42100524902344
29.0,8.582665912467963e-07,0.0,2.1614654510671015e-16,8.011070844171359,0.33160538983065635,0.8418509396724403,107.0,133.0,115.0,133.42100524902344
29.05,1.510971580857575e-06,0.0,2.1614654510671015e-16,8.011070844171359,0.33160538983065635,0.8418509396724403,107.0,133.0,115.0,133.42100524902344
29.1,2.162729174431774e-06,0.0,2.1614654510671015e-16,8.011070844171359,0.33160538983065635,0.8418509396724403,107.0,133.0,115.0,133.42100524902344
29.150000000000002,2.7806366192216152e-06,0.0,2.1614654510671015e-16,8.011070844171359,0.33160538983065635,0.8418509396724403,107.0,133.0,115.0,133.42100524902344
29.200000000000003,3.43288825823685e-06,0.0,2.1614654510671015e-16,8.011070844171359,0.33160538983065635,0.8418509396724403,107.0,133.0,115.0,133.42100524902344
29.25,3.982148338401714e-06,0.0,2.1614654510671015e-16,8.011070844171359,0.33160538983065635,0.8418509396724403,107.0,133.0,115.0,133.42100524902344
29.3,4.497105039688551e-06,0.0,2.1614654510671015e-16,8.011070844171359,0.33160538983065635,0.8418509396724403,107.0,133.0,115.0,133.42100524902344
29.35,1.0298664732723879e-07,0.0,2.1614654510671015e-16,8.011070844171359,0.33160538983065635,0.8418509396724403,107.0,133.0,115.0,133.42100524902344
29.400000000000002,7.552334510936355e-07,0.0,2.1614654510671015e-16,8.011070844171359,0.33160538983065635,0.8418509396724403,107.0,133.0,115.0,133.42100524902344
29.450000000000003,1.2701764201274964e-06,0.0,2.1614654510671015e-16,8.011070844171359,0.33160538983065635,0.8418509396724403,107.0,133.0,115.0,133.42100524902344
29.5,1.8880851119169245e-06,0.0,2.1614654510671015e-16,8.011070844171359,0.33160538983065635,0.8418509396724403,107.0,133.0,115.0,133.42100524902344
29.55,2.4716957850307035e-06,0.0,2.1614654510671015e-16,8.011070844171359,0.33160538983065635,0.8418509396724403,107.0,133.0,115.0,133.42100524902344
29.6,3.0896044013124283e-06,0.0,2.1614654510671015e-16,8.011070844171359,0.33160538983065635,0.8418509396724403,107.0,133.0,115.0,133.42100524902344
29.650000000000002,3.74204668396847e-06,0.0,2.1614654510671015e-16,8.011070844171359,0.33160538983065635,0.8418509396724403,107.0,133.0,115.0,133.42100524902344
29.700000000000003,4.943342823150811e-06,0.0,2.1614654510671015e-16,8.011070844171359,0.33160538983065635,0.8418509396724403,107.0,133.0,115.0,133.42100524902344
29.75,4.874798983049203e-06,0.0,2.1614654510671015e-16,8.011070844171359,0.33160538983065635,0.8418509396724403,107.0,133.0,115.0,133.42100524902344
29.8,4.462839948892325e-07,0.0,2.1614654510671015e-16,8.011070844171359,0.33160538983065635,0.8418509396724403,107.0,133.0,115.0,133.42100524902344
29.85,1.0985250144422656e-06,0.0,2.1614654510671015e-16,8.011070844171359,0.33160538983065635,0.8418509396724403,107.0,133.0,115.0,133.42100524902344
29.900000000000002,1.7507714113760354e-06,0.0,2.1614654510671015e-16,8.011070844171359,0.33160538983065635,0.8418509396724403,107.0,133.0,115.0,133.42100524902344
29.950000000000003,2.3000386269107295e-06,0.0,2.1614654510671015e-16,8.011070844171359,0.33160538983065635,0.8418509396724403,107.0,133.0,115.0,133.42100524902344
30.0,2.8151793155901204e-06,0.0,2.1614654510671015e-16,8.011070844171359,0.33160538983065635,0.8418509396724403,107.0,133.0,115.0,133.42100524902344
30.05,3.398591980152811e-06,0.0,2.1614654510671015e-16,8.011070844171359,0.33160538983065635,0.8418509396724403,107.0,133.0,115.0,133.42100524902344
30.1,4.016509845059009e-06,0.0,2.1614654510671015e-16,8.011070844171359,0.33160538983065635,0.8418509396724403,107.0,133.0,115.0,133.42100524902344
30.150000000000002,4.63440614733089e-06,0.0,2.1614654510671015e-16,8.011070844171359,0.33160538983065635,0.8418509396724403,107.0,133.0,115.0,133.42100524902344
30.200000000000003,2.4030182969365314e-07,0.0,2.1614654510671015e-16,8.011070844171359,0.33160538983065635,0.8418509396724403,107.0,133.0,115.0,133.42100524902344
30.25,8.925518820464802e-07,0.0,2.1614654510671015e-16,8.011070844171359,0.33160538983065635,0.8418509396724403,107.0,133.0,115.0,133.42100524902344
30.3,1.5448000601229945e-06,0.0,2.1614654510671015e-16,8.011070844171359,0.33160538983065635,0.8418509396724403,107.0,133.0,115.0,133.42100524902344
30.35,2.1627295766271976e-06,0.0,2.1614654510671015e-16,8.011070844171359,0.33160538983065635,0.8418509396724403,107.0,133.0,115.0,133.42100524902344
30.400000000000002,2.6776589294012897e-06,0.0,2.1614654510671015e-16,8.011070844171359,0.33160538983065635,0.8418509396724403,107.0,133.0,115.0,133.42100524902344
30.450000000000003,3.1926031800407434e-06,0.0,2.1614654510671015e-16,8.011070844171359,0.33160538983065635,0.8418509396724403,107.0,133.0,115.0,133.42100524902344
30.5,3.7075540780597827e-06,0.0,2.1614654510671015e-16,8.011070844171359,0.33160538983065635,0.8418509396724403,107.0,133.0,115.0,133.42100524902344
30.55,4.325451833648757e-06,0.0,2.1614654510671015e-16,8.011070844171359,0.33160538983065635,0.8418509396724403,107.0,133.0,115.0,133.42100524902344
30.6,0.0,0.0,2.1614654510671015e-16,8.011070844171359,0.33160538983065635,0.8418509396724403,107.0,133.0,115.0,133.42100524902344
30.650000000000002,5.14968640182033e-07,0.0,2.1614654510671015e-16,8.011070844171359,0.33160538983065635,0.8418509396724403,107.0,133.0,115.0,133.42100524902344
30.700000000000003,1.0299527345652255e-06,0.0,2.1614654510671015e-16,8.011070844171359,0.33160538983065635,0.8418509396724403,107.0,133.0,115.0,133.42100524902344
30.75,1.6134800142032509e-06,0.0,2.1614654510671015e-16,8.011070844171359,0.33160538983065635,0.8418509396724403,107.0,133.0,115.0,133.42100524902344
30.8,2.2313742405377275e-06,0.0,2.1614654510671015e-16,8.011070844171359,0.33160538983065635,0.8418509396724403,107.0,133.0,115.0,133.42100524902344
30.85,2.7463804877661643e-06,0.0,2.1614654510671015e-16,8.011070844171359,0.33160538983065635,0.8418509396724403,107.0,133.0,115.0,133.42100524902344
30.900000000000002,3.3642586517612024e-06,0.0,2.1614654510671015e-16,8.011070844171359,0.33160538983065635,0.8418509396724403,107.0,133.0,115.0,133.42100524902344
30.950000000000003,3.913560266768065e-06,0.0,2.1614654510671015e-16,8.011070844171359,0.33160538983065635,0.8418509396724403,107.0,133.0,115.0,133.42100524902344
31.0,4.5314442440764315e-06,0.0,2.1614654510671015e-16,8.011070844171359,0.33160538983065635,0.8418509396724403,107.0,133.0,115.0,133.42100524902344
31.05,3.0897389774710667e-07,0.0,2.1614654510671015e-16,8.011070844171359,0.33160538983065635,0.8418509396724403,107.0,133.0,115.0,133.42100524902344
31.1,8.239563406145222e-07,0.0,2.1614654510671015e-16,8.011070844171359,0.33160538983065635,0.8418509396724403,107.0,133.0,115.0,133.42100524902344
31.150000000000002,1.442218687836372e-06,0.0,2.1614654510671015e-16,8.011070844171359,0.33160538983065635,0.8418509396724403,107.0,133.0,115.0,133.42100524902344
31.200000000000003,2.0940908571011948e-06,0.0,2.1614654510671015e-16,8.011070844171359,0.33160538983065635,0.8418509396724403,107.0,133.0,115.0,133.42100524902344
31.25,2.6776667298200407e-06,0.0,2.1614654510671015e-16,8.011070844171359,0.33160538983065635,0.8418509396724403,107.0,133.0,115.0,133.42100524902344
31.3,3.810514898143902e-06,0.0,2.1614654510671015e-16,8.011070844171359,0.33160538983065635,0.8418509396724403,107.0,133.0,115.0,133.42100524902344
31.35,3.7762496348460777e-06,0.0,2.1614654510671015e-16,8.011070844171359,0.33160538983065635,0.8418509396724403,107.0,133.0,115.0,133.42100524902344
31.400000000000002,4.359786861751186e-06,0.0,2.1614654510671015e-16,8.011070844171359,0.33160538983065635,0.8418509396724403,107.0,133.0,115.0,133.42100524902344
31.450000000000003,1.0298664732722993e-07,0.0,2.1614654510671015e-16,8.011070844171359,0.33160538983065635,0.8418509396724403,107.0,133.0,115.0,133.42100524902344
31.5,6.865817775651373e-07,0.0,2.1614654510671015e-16,8.011070844171359,0.33160538983065635,0.8418509396724403,107.0,133.0,115.0,133.42100524902344
31.55,1.3388273810431793e-06,0.0,2.1614654510671015e-16,8.011070844171359,0.33160538983065635,0.8418509396724403,107.0,133.0,115.0,133.42100524902344
31.6,1.8537712044278572e-06,0.0,2.1614654510671015e-16,8.011070844171359,0.33160538983065635,0.8418509396724403,107.0,133.0,115.0,133.42100524902344
31.650000000000002,2.4373730419773203e-06,0.0,2.1614654510671015e-16,8.011070844171359,0.33160538983065635,0.8418509396724403,107.0,133.0,115.0,133.42100524902344
31.700000000000003,3.0552811833449595e-06,0.0,2.1614654510671015e-16,8.011070844171359,0.33160538983065635,0.8418509396724403,107.0,133.0,115.0,133.42100524902344
31.75,3.6731889675173077e-06,0.0,2.1614654510671015e-16,8.011070844171359,0.33160538983065635,0.8418509396724403,107.0,133.0,115.0,133.42100524902344
31.8,4.3256135327867285e-06,0.0,2.1614654510671015e-16,8.011070844171359,0.33160538983065635,0.8418509396724403,107.0,133.0,115.0,133.42100524902344
31.85,4.943482001300754e-06,0.0,2.1614654510671015e-16,8.011070844171359,0.33160538983065635,0.8418509396724403,107.0,133.0,115.0,133.42100524902344
31.900000000000002,4.119690580818068e-07,0.0,2.1614654510671015e-16,8.011070844171359,0.33160538983065635,0.8418509396724403,107.0,133.0,115.0,133.42100524902344
31.950000000000003,1.029891630525099e-06,0.0,2.1614654510671015e-16,8.011070844171359,0.33160538983065635,0.8418509396724403,107.0,133.0,115.0,133.42100524902344
32.0,1.6826016391419245e-06,0.0,2.1614654510671015e-16,8.011070844171359,0.33160538983065635,0.8418509396724403,107.0,133.0,115.0,133.42100524902344
32.050000000000004,2.334368712023614e-06,0.0,2.1614654510671015e-16,8.011070844171359,0.33160538983065635,0.8418509396724403,107.0,133.0,115.0,133.42100524902344
32.1,2.986910372184185e-06,0.0,2.1614654510671015e-16,8.011070844171359,0.33160538983065635,0.8418509396724403,107.0,133.0,115.0,133.42100524902344
32.15,4.188132766931027e-06,0.0,2.1614654510671015e-16,8.011070844171359,0.33160538983065635,0.8418509396724403,107.0,133.0,115.0,133.42100524902344
32.2,4.085156565231934e-06,0.0,2.1614654510671015e-16,8.011070844171359,0.33160538983065635,0.8418509396724403,107.0,133.0,115.0,133.42100524902344
32.25,4.634421364025475e-06,0.0,2.1614654510671015e-16,8.011070844171359,0.33160538983065635,0.8418509396724403,107.0,133.0,115.0,133.42100524902344
32.300000000000004,2.4030182969365314e-07,0.0,2.1614654510671015e-16,8.011070844171359,0.33160538983065635,0.8418509396724403,107.0,133.0,115.0,133.42100524902344
32.35,8.925518820464802e-07,0.0,2.1614654510671015e-16,8.011070844171359,0.33160538983065635,0.8418509396724403,107.0,133.0,115.0,133.42100524902344
32.4,1.5447999561715617e-06,0.0,2.1614654510671015e-16,8.011070844171359,0.33160538983065635,0.8418509396724403,107.0,133.0,115.0,133.42100524902344
32.45,2.059734096536786e-06,0.0,2.1614654510671015e-16,8.011070844171359,0.33160538983065635,0.8418509396724403,107.0,133.0,115.0,133.42100524902344
32.5,2.5746933388464217e-06,0.0,2.1614654510671015e-16,8.011070844171359,0.33160538983065635,0.8418509396724403,107.0,133.0,115.0,133.42100524902344
32.550000000000004,3.192612682142896e-06,0.0,2.1614654510671015e-16,8.011070844171359,0.33160538983065635,0.8418509396724403,107.0,133.0,115.0,133.42100524902344
32.6,3.810511657937881e-06,0.0,2.1614654510671015e-16,8.011070844171359,0.33160538983065635,0.8418509396724403,107.0,133.0,115.0,133.42100524902344
32.65,4.428435489380318e-06,0.0,2.1614654510671015e-16,8.011070844171359,0.33160538983065635,0.8418509396724403,107.0,133.0,115.0,133.42100524902344
32.7,0.0,0.0,2.1614654510671015e-16,8.011070844171359,0.33160538983065635,0.8418509396724403,107.0,133.0,115.0,133.42100524902344
32.75,6.522480655455207e-07,0.0,2.1614654510671015e-16,8.011070844171359,0.33160538983065635,0.8418509396724403,107.0,133.0,115.0,133.42100524902344
32.800000000000004,1.3044962482734645e-06,0.0,2.1614654510671015e-16,8.011070844171359,0.33160538983065635,0.8418509396724403,107.0,133.0,115.0,133.42100524902344
32.85,2.5746731557108917e-06,0.0,2.1614654510671015e-16,8.011070844171359,0.33160538983065635,0.8418509396724403,107.0,133.0,115.0,133.42100524902344
32.9,2.4716828298337954e-06,0.0,2.1614654510671015e-16,8.011070844171359,0.33160538983065635,0.8418509396724403,107.0,133.0,115.0,133.42100524902344
32.95,2.986811644459253e-06,0.0,2.1614654510671015e-16,8.011070844171359,0.33160538983065635,0.8418509396724403,107.0,133.0,115.0,133.42100524902344
33.0,4.153804181255924e-06,0.0,2.1614654510671015e-16,8.011070844171359,0.33160538983065635,0.8418509396724403,107.0,133.0,115.0,133.42100524902344
33.050000000000004,4.771702722759356e-06,0.0,2.1614654510671015e-16,8.011070844171359,0.33160538983065635,0.8418509396724403,107.0,133.0,115.0,133.42100524902344
33.1,5.389639243180446e-06,0.0,2.1614654510671015e-16,8.011070844171359,0.33160538983065635,0.8418509396724403,107.0,133.0,115.0,133.42100524902344
33.15,3.776184349528542e-07,0.0,2.1614654510671015e-16,8.011070844171359,0.33160538983065635,0.8418509396724403,107.0,133.0,115.0,133.42100524902344
33.2,1.0298666340650678e-06,0.0,2.1614654510671015e-16,8.011070844171359,0.33160538983065635,0.8418509396724403,107.0,133.0,115.0,133.42100524902344
33.25,1.682114910347277e-06,0.0,2.1614654510671015e-16,8.011070844171359,0.33160538983065635,0.8418509396724403,107.0,133.0,115.0,133.42100524902344
33.300000000000004,2.265703283397558e-06,0.0,2.1614654510671015e-16,8.011070844171359,0.33160538983065635,0.8418509396724403,107.0,133.0,115.0,133.42100524902344
33.35,2.7806478675407016e-06,0.0,2.1614654510671015e-16,8.011070844171359,0.33160538983065635,0.8418509396724403,107.0,133.0,115.0,133.42100524902344
33.4,3.2956001183646816e-06,0.0,2.1614654510671015e-16,8.011070844171359,0.33160538983065635,0.8418509396724403,107.0,133.0,115.0,133.42100524902344
33.45,3.879180273601819e-06,0.0,2.1614654510671015e-16,8.011070844171359,0.33160538983065635,0.8418509396724403,107.0,133.0,115.0,133.42100524902344
33.5,4.4971102594215824e-06,0.0,2.1614654510671015e-16,8.011070844171359,0.33160538983065635,0.8418509396724403,107.0,133.0,115.0,133.42100524902344
33.550000000000004,1.0298664732723879e-07,0.0,2.1614654510671015e-16,8.011070844171359,0.33160538983065635,0.8418509396724403,107.0,133.0,115.0,133.42100524902344
33.6,7.552334510936355e-07,0.0,2.1614654510671015e-16,8.011070844171359,0.33160538983065635,0.8418509396724403,107.0,133.0,115.0,133.42100524902344
33.65,1.4074816319951704e-06,0.0,2.1614654510671015e-16,8.011070844171359,0.33160538983065635,0.8418509396724403,107.0,133.0,115.0,133.42100524902344
33.7,2.6776629059145735e-06,0.0,2.1614654510671015e-16,8.011070844171359,0.33160538983065635,0.8418509396724403,107.0,133.0,115.0,133.42100524902344
33.75,2.5746646715283368e-06,0.0,2.1614654510671015e-16,8.011070844171359,0.33160538983065635,0.8418509396724403,107.0,133.0,115.0,133.42100524902344
33.800000000000004,3.0895976141947698e-06,0.0,2.1614654510671015e-16,8.011070844171359,0.33160538983065635,0.8418509396724403,107.0,133.0,115.0,133.42100524902344
33.85,3.6046630308504803e-06,0.0,2.1614654510671015e-16,8.011070844171359,0.33160538983065635,0.8418509396724403,107.0,133.0,115.0,133.42100524902344
33.9,4.806057514651119e-06,0.0,2.1614654510671015e-16,8.011070844171359,0.33160538983065635,0.8418509396724403,107.0,133.0,115.0,133.42100524902344
33.95,4.806119589941418e-06,0.0,2.1614654510671015e-16,8.011070844171359,0.33160538983065635,0.8418509396724403,107.0,133.0,115.0,133.42100524902344
34.0,5.14933250163067e-07,0.0,2.1614654510671015e-16,8.011070844171359,0.33160538983065635,0.8418509396724403,107.0,133.0,115.0,133.42100524902344
34.050000000000004,1.1671814913285983e-06,0.0,2.1614654510671015e-16,8.011070844171359,0.33160538983065635,0.8418509396724403,107.0,133.0,115.0,133.42100524902344
34.1,1.8194296607507589e-06,0.0,2.1614654510671015e-16,8.011070844171359,0.33160538983065635,0.8418509396724403,107.0,133.0,115.0,133.42100524902344
34.15,2.3686894390579423e-06,0.0,2.1614654510671015e-16,8.011070844171359,0.33160538983065635,0.8418509396724403,107.0,133.0,115.0,133.42100524902344
34.2,3.501542633199432e-06,0.0,2.1614654510671015e-16,8.011070844171359,0.33160538983065635,0.8418509396724403,107.0,133.0,115.0,133.42100524902344
34.25,3.3985909437488138e-06,0.0,2.1614654510671015e-16,8.011070844171359,0.33160538983065635,0.8418509396724403,107.0,133.0,115.0,133.42100524902344
34.300000000000004,4.016515670893444e-06,0.0,2.1614654510671015e-16,8.011070844171359,0.33160538983065635,0.8418509396724403,107.0,133.0,115.0,133.42100524902344
34.35,4.634410735382357e-06,0.0,2.1614654510671015e-16,8.011070844171359,0.33160538983065635,0.8418509396724403,107.0,133.0,115.0,133.42100524902344
34.4,2.4030182969365314e-07,0.0,2.1614654510671015e-16,8.011070844171359,0.33160538983065635,0.8418509396724403,107.0,133.0,115.0,133.42100524902344
34.45,8.925518820464802e-07,0.0,2.1614654510671015e-16,8.011070844171359,0.33160538983065635,0.8418509396724403,107.0,133.0,115.0,133.42100524902344
34.5,1.5448000601229945e-06,0.0,2.1614654510671015e-16,8.011070844171359,0.33160538983065635,0.8418509396724403,107.0,133.0,115.0,133.42100524902344
34.550000000000004,2.1283956760258864e-06,0.0,2.1614654510671015e-16,8.011070844171359,0.33160538983065635,0.8418509396724403,107.0,133.0,115.0,133.42100524902344
34.6,2.643333642423496e-06,0.0,2.1614654510671015e-16,8.011070844171359,0.33160538983065635,0.8418509396724403,107.0,133.0,115.0,133.42100524902344
34.65,3.158283757695901e-06,0.0,2.1614654510671015e-16,8.011070844171359,0.33160538983065635,0.8418509396724403,107.0,133.0,115.0,133.42100524902344
34.7,3.7418532154865047e-06,0.0,2.1614654510671015e-16,8.011070844171359,0.33160538983065635,0.8418509396724403,107.0,133.0,115.0,133.42100524902344
34.75,4.359788268205157e-06,0.0,2.1614654510671015e-16,8.011070844171359,0.33160538983065635,0.8418509396724403,107.0,133.0,115.0,133.42100524902344
34.800000000000004,0.0,0.0,2.1614654510671015e-16,8.011070844171359,0.33160538983065635,0.8418509396724403,107.0,133.0,115.0,133.42100524902344
34.85,6.522480655455207e-07,0.0,2.1614654510671015e-16,8.011070844171359,0.33160538983065635,0.8418509396724403,107.0,133.0,115.0,133.42100524902344
34.9,1.3044962482734645e-06,0.0,2.1614654510671015e-16,8.011070844171359,0.33160538983065635,0.8418509396724403,107.0,133.0,115.0,133.42100524902344
34.95,1.956744515442044e-06,0.0,2.1614654510671015e-16,8.011070844171359,0.33160538983065635,0.8418509396724403,107.0,133.0,115.0,133.42100524902344
35.0,2.5060077193633263e-06,0.0,2.1614654510671015e-16,8.011070844171359,0.33160538983065635,0.8418509396724403,107.0,133.0,115.0,133.42100524902344
35.050000000000004,3.0211723357180215e-06,0.0,2.1614654510671015e-16,8.011070844171359,0.33160538983065635,0.8418509396724403,107.0,133.0,115.0,133.42100524902344
35.1,4.153800157381382e-06,0.0,2.1614654510671015e-16,8.011070844171359,0.33160538983065635,0.8418509396724403,107.0,133.0,115.0,133.42100524902344
35.15,4.7030631991438685e-06,0.0,2.1614654510671015e-16,8.011070844171359,0.33160538983065635,0.8418509396724403,107.0,133.0,115.0,133.42100524902344
35.2,5.320996680583615e-06,0.0,2.1614654510671015e-16,8.011070844171359,0.33160538983065635,0.8418509396724403,107.0,133.0,115.0,133.42100524902344
35.25,3.776184349528542e-07,0.0,2.1614654510671015e-16,8.011070844171359,0.33160538983065635,0.8418509396724403,107.0,133.0,115.0,133.42100524902344
35.300000000000004,1.0298666340650678e-06,0.0,2.1614654510671015e-16,8.011070844171359,0.33160538983065635,0.8418509396724403,107.0,133.0,115.0,133.42100524902344
35.35,1.682114910347277e-06,0.0,2.1614654510671015e-16,8.011070844171359,0.33160538983065635,0.8418509396724403,107.0,133.0,115.0,133.42100524902344
35.4,2.265703283397582e-06,0.0,2.1614654510671015e-16,8.011070844171359,0.33160538983065635,0.8418509396724403,107.0,133.0,115.0,133.42100524902344
35.45,2.7806478675407016e-06,0.0,2.1614654510671015e-16,8.011070844171359,0.33160538983065635,0.8418509396724403,107.0,133.0,115.0,133.42100524902344
35.5,3.2956001183646816e-06,0.0,2.1614654510671015e-16,8.011070844171359,0.33160538983065635,0.8418509396724403,107.0,133.0,115.0,133.42100524902344
35.550000000000004,3.9135121205896745e-06,0.0,2.1614654510671015e-16,8.011070844171359,0.33160538983065635,0.8418509396724403,107.0,133.0,115.0,133.42100524902344
35.6,4.531408710736407e-06,0.0,2.1614654510671015e-16,8.011070844171359,0.33160538983065635,0.8418509396724403,107.0,133.0,115.0,133.42100524902344
35.65,1.0298664732723879e-07,0.0,2.1614654510671015e-16,8.011070844171359,0.33160538983065635,0.8418509396724403,107.0,133.0,115.0,133.42100524902344
35.7,7.552334510936355e-07,0.0,2.1614654510671015e-16,8.011070844171359,0.33160538983065635,0.8418509396724403,107.0,133.0,115.0,133.42100524902344
35.75,1.4074816319951704e-06,0.0,2.1614654510671015e-16,8.011070844171359,0.33160538983065635,0.8418509396724403,107.0,133.0,115.0,133.42100524902344
35.800000000000004,1.9228842782203634e-06,0.0,2.1614654510671015e-16,8.011070844171359,0.33160538983065635,0.8418509396724403,107.0,133.0,115.0,133.42100524902344
35.85,2.437372766032031e-06,0.0,2.1614654510671015e-16,8.011070844171359,0.33160538983065635,0.8418509396724403,107.0,133.0,115.0,133.42100524902344
35.9,3.020943822579016e-06,0.0,2.1614654510671015e-16,8.011070844171359,0.33160538983065635,0.8418509396724403,107.0,133.0,115.0,133.42100524902344
35.95,3.6733534145717685e-06,0.0,2.1614654510671015e-16,8.011070844171359,0.33160538983065635,0.8418509396724403,107.0,133.0,115.0,133.42100524902344
36.0,4.9433428268957576e-06,0.0,2.1614654510671015e-16,8.011070844171359,0.33160538983065635,0.8418509396724403,107.0,133.0,115.0,133.42100524902344
36.050000000000004,5.561281624795317e-06,0.0,2.1614654510671015e-16,8.011070844171359,0.33160538983065635,0.8418509396724403,107.0,133.0,115.0,133.42100524902344
36.1,5.14933250163067e-07,0.0,2.1614654510671015e-16,8.011070844171359,0.33160538983065635,0.8418509396724403,107.0,133.0,115.0,133.42100524902344
36.15,1.1328520559159342e-06,0.0,2.1614654510671015e-16,8.011070844171359,0.33160538983065635,0.8418509396724403,107.0,133.0,115.0,133.42100524902344
36.2,1.716448379766484e-06,0.0,2.1614654510671015e-16,8.011070844171359,0.33160538983065635,0.8418509396724403,107.0,133.0,115.0,133.42100524902344
36.25,2.3000406685976823e-06,0.0,2.1614654510671015e-16,8.011070844171359,0.33160538983065635,0.8418509396724403,107.0,133.0,115.0,133.42100524902344
36.300000000000004,3.5015445750336394e-06,0.0,2.1614654510671015e-16,8.011070844171359,0.33160538983065635,0.8418509396724403,107.0,133.0,115.0,133.42100524902344
36.35,3.5015581513658462e-06,0.0,2.1614654510671015e-16,8.011070844171359,0.33160538983065635,0.8418509396724403,107.0,133.0,115.0,133.42100524902344
36.4,4.119455525725688e-06,0.0,2.1614654510671015e-16,8.011070844171359,0.33160538983065635,0.8418509396724403,107.0,133.0,115.0,133.42100524902344
36.45,4.737390467422971e-06,0.0,2.1614654510671015e-16,8.011070844171359,0.33160538983065635,0.8418509396724403,107.0,133.0,115.0,133.42100524902344
36.5,2.0597813092397918e-07,0.0,2.1614654510671015e-16,8.011070844171359,0.33160538983065635,0.8418509396724403,107.0,133.0,115.0,133.42100524902344
36.550000000000004,7.209582439317718e-07,0.0,2.1614654510671015e-16,8.011070844171359,0.33160538983065635,0.8418509396724403,107.0,133.0,115.0,133.42100524902344
36.6,1.3731804541258296e-06,0.0,2.1614654510671015e-16,8.011070844171359,0.33160538983065635,0.8418509396724403,107.0,133.0,115.0,133.42100524902344
36.65,1.9910830718037733e-06,0.0,2.1614654510671015e-16,8.011070844171359,0.33160538983065635,0.8418509396724403,107.0,133.0,115.0,133.42100524902344
36.7,2.643329605873787e-06,0.0,2.1614654510671015e-16,8.011070844171359,0.33160538983065635,0.8418509396724403,107.0,133.0,115.0,133.42100524902344
36.75,3.261243868218712e-06,0.0,2.1614654510671015e-16,8.011070844171359,0.33160538983065635,0.8418509396724403,107.0,133.0,115.0,133.42100524902344
36.800000000000004,3.913718245293248e-06,0.0,2.1614654510671015e-16,8.011070844171359,0.33160538983065635,0.8418509396724403,107.0,133.0,115.0,133.42100524902344
36.85,4.42858088892583e-06,0.0,2.1614654510671015e-16,8.011070844171359,0.33160538983065635,0.8418509396724403,107.0,133.0,115.0,133.42100524902344
36.9,0.0,0.0,2.1614654510671015e-16,8.011070844171359,0.33160538983065635,0.8418509396724403,107.0,133.0,115.0,133.42100524902344
36.95,5.14968640182033e-07,0.0,2.1614654510671015e-16,8.011070844171359,0.33160538983065635,0.8418509396724403,107.0,133.0,115.0,133.42100524902344
37.0,1.1672034240440874e-06,0.0,2.1614654510671015e-16,8.011070844171359,0.33160538983065635,0.8418509396724403,107.0,133.0,115.0,133.42100524902344
37.050000000000004,2.437349297306325e-06,0.0,2.1614654510671015e-16,8.011070844171359,0.33160538983065635,0.8418509396724403,107.0,133.0,115.0,133.42100524902344
37.1,2.437353468677551e-06,0.0,2.1614654510671015e-16,8.011070844171359,0.33160538983065635,0.8418509396724403,107.0,133.0,115.0,133.42100524902344
37.15,3.089885639339144e-06,0.0,2.1614654510671015e-16,8.011070844171359,0.33160538983065635,0.8418509396724403,107.0,133.0,115.0,133.42100524902344
37.2,4.256784977495718e-06,0.0,2.1614654510671015e-16,8.011070844171359,0.33160538983065635,0.8418509396724403,107.0,133.0,115.0,133.42100524902344
37.25,4.153812539236749e-06,0.0,2.1614654510671015e-16,8.011070844171359,0.33160538983065635,0.8418509396724403,107.0,133.0,115.0,133.42100524902344
37.300000000000004,4.73741141610757e-06,0.0,2.1614654510671015e-16,8.011070844171359,0.33160538983065635,0.8418509396724403,107.0,133.0,115.0,133.42100524902344
37.35,3.776184349528542e-07,0.0,2.1614654510671015e-16,8.011070844171359,0.33160538983065635,0.8418509396724403,107.0,133.0,115.0,133.42100524902344
37.4,1.0298665522666456e-06,0.0,2.1614654510671015e-16,8.011070844171359,0.33160538983065635,0.8418509396724403,107.0,133.0,115.0,133.42100524902344
37.45,1.579134171314203e-06,0.0,2.1614654510671015e-16,8.011070844171359,0.33160538983065635,0.8418509396724403,107.0,133.0,115.0,133.42100524902344
37.5,2.19704420458308e-06,0.0,2.1614654510671015e-16,8.011070844171359,0.33160538983065635,0.8418509396724403,107.0,133.0,115.0,133.42100524902344
37.550000000000004,2.7463292516134418e-06,0.0,2.1614654510671015e-16,8.011070844171359,0.33160538983065635,0.8418509396724403,107.0,133.0,115.0,133.42100524902344
37.6,3.3642437550254655e-06,0.0,2.1614654510671015e-16,8.011070844171359,0.33160538983065635,0.8418509396724403,107.0,133.0,115.0,133.42100524902344
37.65,3.982150276180794e-06,0.0,2.1614654510671015e-16,8.011070844171359,0.33160538983065635,0.8418509396724403,107.0,133.0,115.0,133.42100524902344
37.7,4.60008177782602e-06,0.0,2.1614654510671015e-16,8.011070844171359,0.33160538983065635,0.8418509396724403,107.0,133.0,115.0,133.42100524902344
37.75,1.0298670115968183e-07,0.0,2.1614654510671015e-16,8.011070844171359,0.33160538983065635,0.8418509396724403,107.0,133.0,115.0,133.42100524902344
37.800000000000004,6.179585530354426e-07,0.0,2.1614654510671015e-16,8.011070844171359,0.33160538983065635,0.8418509396724403,107.0,133.0,115.0,133.42100524902344
37.85,1.270184621367274e-06,0.0,2.1614654510671015e-16,8.011070844171359,0.33160538983065635,0.8418509396724403,107.0,133.0,115.0,133.42100524902344
37.9,1.8880851067632607e-06,0.0,2.1614654510671015e-16,8.011070844171359,0.33160538983065635,0.8418509396724403,107.0,133.0,115.0,133.42100524902344
37.95,2.540337742719354e-06,0.0,2.1614654510671015e-16,8.011070844171359,0.33160538983065635,0.8418509396724403,107.0,133.0,115.0,133.42100524902344
38.0,3.1582560038542595e-06,0.0,2.1614654510671015e-16,8.011070844171359,0.33160538983065635,0.8418509396724403,107.0,133.0,115.0,133.42100524902344
38.050000000000004,4.3254378584364465e-06,0.0,2.1614654510671015e-16,8.011070844171359,0.33160538983065635,0.8418509396724403,107.0,133.0,115.0,133.42100524902344
38.1,4.840386794648746e-06,0.0,2.1614654510671015e-16,8.011070844171359,0.33160538983065635,0.8418509396724403,107.0,133.0,115.0,133.42100524902344
38.15,5.423949226056044e-06,0.0,2.1614654510671015e-16,8.011070844171359,0.33160538983065635,0.8418509396724403,107.0,133.0,115.0,133.42100524902344
38.2,5.14933250163067e-07,0.0,2.1614654510671015e-16,8.011070844171359,0.33160538983065635,0.8418509396724403,107.0,133.0,115.0,133.42100524902344
38.25,1.064199557640435e-06,0.0,2.1614654510671015e-16,8.011070844171359,0.33160538983065635,0.8418509396724403,107.0,133.0,115.0,133.42100524902344
38.300000000000004,1.7164444215487946e-06,0.0,2.1614654510671015e-16,8.011070844171359,0.33160538983065635,0.8418509396724403,107.0,133.0,115.0,133.42100524902344
38.35,2.3000371510534763e-06,0.0,2.1614654510671015e-16,8.011070844171359,0.33160538983065635,0.8418509396724403,107.0,133.0,115.0,133.42100524902344
38.400000000000006,2.8151793151588028e-06,0.0,2.1614654510671015e-16,8.011070844171359,0.33160538983065635,0.8418509396724403,107.0,133.0,115.0,133.42100524902344
38.45,3.3985919803169077e-06,0.0,2.1614654510671015e-16,8.011070844171359,0.33160538983065635,0.8418509396724403,107.0,133.0,115.0,133.42100524902344
38.5,4.016509845190226e-06,0.0,2.1614654510671015e-16,8.011070844171359,0.33160538983065635,0.8418509396724403,107.0,133.0,115.0,133.42100524902344
38.550000000000004,4.634406147431092e-06,0.0,2.1614654510671015e-16,8.011070844171359,0.33160538983065635,0.8418509396724403,107.0,133.0,115.0,133.42100524902344
38.6,2.4030182969365314e-07,0.0,2.1614654510671015e-16,8.011070844171359,0.33160538983065635,0.8418509396724403,107.0,133.0,115.0,133.42100524902344
38.650000000000006,8.925518820464802e-07,0.0,2.1614654510671015e-16,8.011070844171359,0.33160538983065635,0.8418509396724403,107.0,133.0,115.0,133.42100524902344
38.7,1.5448000601229945e-06,0.0,2.1614654510671015e-16,8.011070844171359,0.33160538983065635,0.8418509396724403,107.0,133.0,115.0,133.42100524902344
38.75,2.197579112218305e-06,0.0,2.1614654510671015e-16,8.011070844171359,0.33160538983065635,0.8418509396724403,107.0,133.0,115.0,133.42100524902344
38.800000000000004,2.7119817326146404e-06,0.0,2.1614654510671015e-16,8.011070844171359,0.33160538983065635,0.8418509396724403,107.0,133.0,115.0,133.42100524902344
38.85,3.2269271710105095e-06,0.0,2.1614654510671015e-16,8.011070844171359,0.33160538983065635,0.8418509396724403,107.0,133.0,115.0,133.42100524902344
38.900000000000006,3.7418574498048454e-06,0.0,2.1614654510671015e-16,8.011070844171359,0.33160538983065635,0.8418509396724403,107.0,133.0,115.0,133.42100524902344
38.95,4.359863225574098e-06,0.0,2.1614654510671015e-16,8.011070844171359,0.33160538983065635,0.8418509396724403,107.0,133.0,115.0,133.42100524902344
39.0,0.0,0.0,2.1614654510671015e-16,8.011070844171359,0.33160538983065635,0.8418509396724403,107.0,133.0,115.0,133.42100524902344
39.050000000000004,6.522480655455207e-07,0.0,2.1614654510671015e-16,8.011070844171359,0.33160538983065635,0.8418509396724403,107.0,133.0,115.0,133.42100524902344
39.1,1.3044962482734645e-06,0.0,2.1614654510671015e-16,8.011070844171359,0.33160538983065635,0.8418509396724403,107.0,133.0,115.0,133.42100524902344
39.150000000000006,2.574673546299723e-06,0.0,2.1614654510671015e-16,8.011070844171359,0.33160538983065635,0.8418509396724403,107.0,133.0,115.0,133.42100524902344
39.2,2.4716800422475227e-06,0.0,2.1614654510671015e-16,8.011070844171359,0.33160538983065635,0.8418509396724403,107.0,133.0,115.0,133.42100524902344
39.25,2.9868299924430583e-06,0.0,2.1614654510671015e-16,8.011070844171359,0.33160538983065635,0.8418509396724403,107.0,133.0,115.0,133.42100524902344
39.300000000000004,4.153800215351552e-06,0.0,2.1614654510671015e-16,8.011070844171359,0.33160538983065635,0.8418509396724403,107.0,133.0,115.0,133.42100524902344
39.35,4.771699724017517e-06,0.0,2.1614654510671015e-16,8.011070844171359,0.33160538983065635,0.8418509396724403,107.0,133.0,115.0,133.42100524902344
39.400000000000006,5.389636994469893e-06,0.0,2.1614654510671015e-16,8.011070844171359,0.33160538983065635,0.8418509396724403,107.0,133.0,115.0,133.42100524902344
39.45,3.776184349528542e-07,0.0,2.1614654510671015e-16,8.011070844171359,0.33160538983065635,0.8418509396724403,107.0,133.0,115.0,133.42100524902344
39.5,1.0298666340650678e-06,0.0,2.1614654510671015e-16,8.011070844171359,0.33160538983065635,0.8418509396724403,107.0,133.0,115.0,133.42100524902344
39.550000000000004,1.6821148121327992e-06,0.0,2.1614654510671015e-16,8.011070844171359,0.33160538983065635,0.8418509396724403,107.0,133.0,115.0,133.42100524902344
39.6,2.1970486189665356e-06,0.0,2.1614654510671015e-16,8.011070844171359,0.33160538983065635,0.8418509396724403,107.0,133.0,115.0,133.42100524902344
39.650000000000006,3.3299067852151934e-06,0.0,2.1614654510671015e-16,8.011070844171359,0.33160538983065635,0.8418509396724403,107.0,133.0,115.0,133.42100524902344
39.7,3.2956078808272992e-06,0.0,2.1614654510671015e-16,8.011070844171359,0.33160538983065635,0.8418509396724403,107.0,133.0,115.0,133.42100524902344
39.75,3.91351212071226e-06,0.0,2.1614654510671015e-16,8.011070844171359,0.33160538983065635,0.8418509396724403,107.0,133.0,115.0,133.42100524902344
39.800000000000004,4.531408710638711e-06,0.0,2.1614654510671015e-16,8.011070844171359,0.33160538983065635,0.8418509396724403,107.0,133.0,115.0,133.42100524902344
39.85,1.0298664732723879e-07,0.0,2.1614654510671015e-16,8.011070844171359,0.33160538983065635,0.8418509396724403,107.0,133.0,115.0,133.42100524902344
39.900000000000006,7.552334510936355e-07,0.0,2.1614654510671015e-16,8.011070844171359,0.33160538983065635,0.8418509396724403,107.0,133.0,115.0,133.42100524902344
39.95,1.4074816319951704e-06,0.0,2.1614654510671015e-16,8.011070844171359,0.33160538983065635,0.8418509396724403,107.0,133.0,115.0,133.42100524902344
40.0,2.6776629059145735e-06,0.0,2.1614654510671015e-16,8.011070844171359,0.33160538983065635,0.8418509396724403,107.0,133.0,115.0,133.42100524902344
40.050000000000004,2.5746646715283368e-06,0.0,2.1614654510671015e-16,8.011070844171359,0.33160538983065635,0.8418509396724403,107.0,133.0,115.0,133.42100524902344
40.1,3.0895976141906435e-06,0.0,2.1614654510671015e-16,8.011070844171359,0.33160538983065635,0.8418509396724403,107.0,133.0,115.0,133.42100524902344
40.150000000000006,3.6046630308504803e-06,0.0,2.1614654510671015e-16,8.011070844171359,0.33160538983065635,0.8418509396724403,107.0,133.0,115.0,133.42100524902344
40.2,4.806057514651119e-06,0.0,2.1614654510671015e-16,8.011070844171359,0.33160538983065635,0.8418509396724403,107.0,133.0,115.0,133.42100524902344
40.25,4.806119589941418e-06,0.0,2.1614654510671015e-16,8.011070844171359,0.33160538983065635,0.8418509396724403,107.0,133.0,115.0,133.42100524902344
40.300000000000004,5.14933250163067e-07,0.0,2.1614654510671015e-16,8.011070844171359,0.33160538983065635,0.8418509396724403,107.0,133.0,115.0,133.42100524902344
40.35,1.1671814913285983e-06,0.0,2.1614654510671015e-16,8.011070844171359,0.33160538983065635,0.8418509396724403,107.0,133.0,115.0,133.42100524902344
40.400000000000006,1.8194296607507589e-06,0.0,2.1614654510671015e-16,8.011070844171359,0.33160538983065635,0.8418509396724403,107.0,133.0,115.0,133.42100524902344
40.45,2.4030181494340415e-06,0.0,2.1614654510671015e-16,8.011070844171359,0.33160538983065635,0.8418509396724403,107.0,133.0,115.0,133.42100524902344
40.5,3.535870803989614e-06,0.0,2.1614654510671015e-16,8.011070844171359,0.33160538983065635,0.8418509396724403,107.0,133.0,115.0,133.42100524902344
40.550000000000004,3.432914080119576e-06,0.0,2.1614654510671015e-16,8.011070844171359,0.33160538983065635,0.8418509396724403,107.0,133.0,115.0,133.42100524902344
40.6,3.982185304466192e-06,0.0,2.1614654510671015e-16,8.011070844171359,0.33160538983065635,0.8418509396724403,107.0,133.0,115.0,133.42100524902344
40.650000000000006,4.600111375895417e-06,0.0,2.1614654510671015e-16,8.011070844171359,0.33160538983065635,0.8418509396724403,107.0,133.0,115.0,133.42100524902344
40.7,2.4030182969365314e-07,0.0,2.1614654510671015e-16,8.011070844171359,0.33160538983065635,0.8418509396724403,107.0,133.0,115.0,133.42100524902344
40.75,8.925518820464802e-07,0.0,2.1614654510671015e-16,8.011070844171359,0.33160538983065635,0.8418509396724403,107.0,133.0,115.0,133.42100524902344
40.800000000000004,1.5448000601229945e-06,0.0,2.1614654510671015e-16,8.011070844171359,0.33160538983065635,0.8418509396724403,107.0,133.0,115.0,133.42100524902344
40.85,2.197579112218305e-06,0.0,2.1614654510671015e-16,8.011070844171359,0.33160538983065635,0.8418509396724403,107.0,133.0,115.0,133.42100524902344
40.900000000000006,2.7119817326146404e-06,0.0,2.1614654510671015e-16,8.011070844171359,0.33160538983065635,0.8418509396724403,107.0,133.0,115.0,133.42100524902344
40.95,3.2269271710105095e-06,0.0,2.1614654510671015e-16,8.011070844171359,0.33160538983065635,0.8418509396724403,107.0,133.0,115.0,133.42100524902344
41.0,3.7418574498048454e-06,0.0,2.1614654510671015e-16,8.011070844171359,0.33160538983065635,0.8418509396724403,107.0,133.0,115.0,133.42100524902344
41.050000000000004,4.39418042033974e-06,0.0,2.1614654510671015e-16,8.011070844171359,0.33160538983065635,0.8418509396724403,107.0,133.0,115.0,133.42100524902344
41.1,0.0,0.0,2.1614654510671015e-16,8.011070844171359,0.33160538983065635,0.8418509396724403,107.0,133.0,115.0,133.42100524902344
41.150000000000006,6.522480655455207e-07,0.0,2.1614654510671015e-16,8.011070844171359,0.33160538983065635,0.8418509396724403,107.0,133.0,115.0,133.42100524902344
41.2,1.3044962482734645e-06,0.0,2.1614654510671015e-16,8.011070844171359,0.33160538983065635,0.8418509396724403,107.0,133.0,115.0,133.42100524902344
41.25,1.956744515442044e-06,0.0,2.1614654510671015e-16,8.011070844171359,0.33160538983065635,0.8418509396724403,107.0,133.0,115.0,133.42100524902344
41.300000000000004,2.5060077193633263e-06,0.0,2.1614654510671015e-16,8.011070844171359,0.33160538983065635,0.8418509396724403,107.0,133.0,115.0,133.42100524902344
41.35,3.0211723357190396e-06,0.0,2.1614654510671015e-16,8.011070844171359,0.33160538983065635,0.8418509396724403,107.0,133.0,115.0,133.42100524902344
41.400000000000006,4.153800157381382e-06,0.0,2.1614654510671015e-16,8.011070844171359,0.33160538983065635,0.8418509396724403,107.0,133.0,115.0,133.42100524902344
41.45,4.737402672754322e-06,0.0,2.1614654510671015e-16,8.011070844171359,0.33160538983065635,0.8418509396724403,107.0,133.0,115.0,133.42100524902344
41.5,5.355301054517158e-06,0.0,2.1614654510671015e-16,8.011070844171359,0.33160538983065635,0.8418509396724403,107.0,133.0,115.0,133.42100524902344
41.550000000000004,3.776184349528542e-07,0.0,2.1614654510671015e-16,8.011070844171359,0.33160538983065635,0.8418509396724403,107.0,133.0,115.0,133.42100524902344
41.6,1.0298666340650678e-06,0.0,2.1614654510671015e-16,8.011070844171359,0.33160538983065635,0.8418509396724403,107.0,133.0,115.0,133.42100524902344
41.650000000000006,1.682114910347277e-06,0.0,2.1614654510671015e-16,8.011070844171359,0.33160538983065635,0.8418509396724403,107.0,133.0,115.0,133.42100524902344
41.7,2.3000436107517032e-06,0.0,2.1614654510671015e-16,8.011070844171359,0.33160538983065635,0.8418509396724403,107.0,133.0,115.0,133.42100524902344
41.75,2.8149733818076557e-06,0.0,2.1614654510671015e-16,8.011070844171359,0.33160538983065635,0.8418509396724403,107.0,133.0,115.0,133.42100524902344
41.800000000000004,3.3299233566558145e-06,0.0,2.1614654510671015e-16,8.011070844171359,0.33160538983065635,0.8418509396724403,107.0,133.0,115.0,133.42100524902344
41.85,3.844878670013899e-06,0.0,2.1614654510671015e-16,8.011070844171359,0.33160538983065635,0.8418509396724403,107.0,133.0,115.0,133.42100524902344
41.900000000000006,4.462772365915071e-06,0.0,2.1614654510671015e-16,8.011070844171359,0.33160538983065635,0.8418509396724403,107.0,133.0,115.0,133.42100524902344
41.95,1.0298664732723879e-07,0.0,2.1614654510671015e-16,8.011070844171359,0.33160538983065635,0.8418509396724403,107.0,133.0,115.0,133.42100524902344
42.0,7.552334510936355e-07,0.0,2.1614654510671015e-16,8.011070844171359,0.33160538983065635,0.8418509396724403,107.0,133.0,115.0,133.42100524902344
42.050000000000004,1.4074816319951704e-06,0.0,2.1614654510671015e-16,8.011070844171359,0.33160538983065635,0.8418509396724403,107.0,133.0,115.0,133.42100524902344
42.1,2.6776629059145735e-06,0.0,2.1614654510671015e-16,8.011070844171359,0.33160538983065635,0.8418509396724403,107.0,133.0,115.0,133.42100524902344
42.150000000000006,2.5746646715283368e-06,0.0,2.1614654510671015e-16,8.011070844171359,0.33160538983065635,0.8418509396724403,107.0,133.0,115.0,133.42100524902344
42.2,3.089597614193933e-06,0.0,2.1614654510671015e-16,8.011070844171359,0.33160538983065635,0.8418509396724403,107.0,133.0,115.0,133.42100524902344
42.25,3.6046630308504803e-06,0.0,2.1614654510671015e-16,8.011070844171359,0.33160538983065635,0.8418509396724403,107.0,133.0,115.0,133.42100524902344
42.300000000000004,4.806057514651119e-06,0.0,2.1614654510671015e-16,8.011070844171359,0.33160538983065635,0.8418509396724403,107.0,133.0,115.0,133.42100524902344
42.35,4.806119589941418e-06,0.0,2.1614654510671015e-16,8.011070844171359,0.33160538983065635,0.8418509396724403,107.0,133.0,115.0,133.42100524902344
42.400000000000006,5.14933250163067e-07,0.0,2.1614654510671015e-16,8.011070844171359,0.33160538983065635,0.8418509396724403,107.0,133.0,115.0,133.42100524902344
42.45,1.1671814913285983e-06,0.0,2.1614654510671015e-16,8.011070844171359,0.33160538983065635,0.8418509396724403,107.0,133.0,115.0,133.42100524902344
42.5,1.8194296607507589e-06,0.0,2.1614654510671015e-16,8.011070844171359,0.33160538983065635,0.8418509396724403,107.0,133.0,115.0,133.42100524902344
42.550000000000004,2.403018149434092e-06,0.0,2.1614654510671015e-16,8.011070844171359,0.33160538983065635,0.8418509396724403,107.0,133.0,115.0,133.42100524902344
42.6,3.5358708039852056e-06,0.0,2.1614654510671015e-16,8.011070844171359,0.33160538983065635,0.8418509396724403,107.0,133.0,115.0,133.42100524902344
42.650000000000006,3.432914080119576e-06,0.0,2.1614654510671015e-16,8.011070844171359,0.33160538983065635,0.8418509396724403,107.0,133.0,115.0,133.42100524902344
42.7,3.982185304466161e-06,0.0,2.1614654510671015e-16,8.011070844171359,0.33160538983065635,0.8418509396724403,107.0,133.0,115.0,133.42100524902344
42.75,4.600111375895417e-06,0.0,2.1614654510671015e-16,8.011070844171359,0.33160538983065635,0.8418509396724403,107.0,133.0,115.0,133.42100524902344
42.800000000000004,2.4030182969365314e-07,0.0,2.1614654510671015e-16,8.011070844171359,0.33160538983065635,0.8418509396724403,107.0,133.0,115.0,133.42100524902344
42.85,8.925518820464802e-07,0.0,2.1614654510671015e-16,8.011070844171359,0.33160538983065635,0.8418509396724403,107.0,133.0,115.0,133.42100524902344
42.900000000000006,1.5448000601229945e-06,0.0,2.1614654510671015e-16,8.011070844171359,0.33160538983065635,0.8418509396724403,107.0,133.0,115.0,133.42100524902344
42.95,2.197579112218305e-06,0.0,2.1614654510671015e-16,8.011070844171359,0.33160538983065635,0.8418509396724403,107.0,133.0,115.0,133.42100524902344
43.0,2.7119817326146404e-06,0.0,2.1614654510671015e-16,8.011070844171359,0.33160538983065635,0.8418509396724403,107.0,133.0,115.0,133.42100524902344
43.050000000000004,3.2269271710105095e-06,0.0,2.1614654510671015e-16,8.011070844171359,0.33160538983065635,0.8418509396724403,107.0,133.0,115.0,133.42100524902344
43.1,3.7418574498044173e-06,0.0,2.1614654510671015e-16,8.011070844171359,0.33160538983065635,0.8418509396724403,107.0,133.0,115.0,133.42100524902344
43.150000000000006,4.39418042033974e-06,0.0,2.1614654510671015e-16,8.011070844171359,0.33160538983065635,0.8418509396724403,107.0,133.0,115.0,133.42100524902344
43.2,0.0,0.0,2.1614654510671015e-16,8.011070844171359,0.33160538983065635,0.8418509396724403,107.0,133.0,115.0,133.42100524902344
43.25,6.522480655455207e-07,0.0,2.1614654510671015e-16,8.011070844171359,0.33160538983065635,0.8418509396724403,107.0,133.0,115.0,133.42100524902344
43.300000000000004,1.3044962482734645e-06,0.0,2.1614654510671015e-16,8.011070844171359,0.33160538983065635,0.8418509396724403,107.0,133.0,115.0,133.42100524902344
43.35,1.956744515442044e-06,0.0,2.1614654510671015e-16,8.011070844171359,0.33160538983065635,0.8418509396724403,107.0,133.0,115.0,133.42100524902344
43.400000000000006,2.5060077193633263e-06,0.0,2.1614654510671015e-16,8.011070844171359,0.33160538983065635,0.8418509396724403,107.0,133.0,115.0,133.42100524902344
43.45,3.0211723357180215e-06,0.0,2.1614654510671015e-16,8.011070844171359,0.33160538983065635,0.8418509396724403,107.0,133.0,115.0,133.42100524902344
43.5,4.153800157381382e-06,0.0,2.1614654510671015e-16,8.011070844171359,0.33160538983065635,0.8418509396724403,107.0,133.0,115.0,133.42100524902344
43.550000000000004,4.737402672754322e-06,0.0,2.1614654510671015e-16,8.011070844171359,0.33160538983065635,0.8418509396724403,107.0,133.0,115.0,133.42100524902344
43.6,5.355301054517158e-06,0.0,2.1614654510671015e-16,8.011070844171359,0.33160538983065635,0.8418509396724403,107.0,133.0,115.0,133.42100524902344
43.650000000000006,3.776184349528542e-07,0.0,2.1614654510671015e-16,8.011070844171359,0.33160538983065635,0.8418509396724403,107.0,133.0,115.0,133.42100524902344
43.7,1.0298666340650678e-06,0.0,2.1614654510671015e-16,8.011070844171359,0.33160538983065635,0.8418509396724403,107.0,133.0,115.0,133.42100524902344
43.75,1.682114910347277e-06,0.0,2.1614654510671015e-16,8.011070844171359,0.33160538983065635,0.8418509396724403,107.0,133.0,115.0,133.42100524902344
43.800000000000004,2.265703283397582e-06,0.0,2.1614654510671015e-16,8.011070844171359,0.33160538983065635,0.8418509396724403,107.0,133.0,115.0,133.42100524902344
43.85,2.7806478675407016e-06,0.0,2.1614654510671015e-16,8.011070844171359,0.33160538983065635,0.8418509396724403,107.0,133.0,115.0,133.42100524902344
43.900000000000006,3.2956001183646816e-06,0.0,2.1614654510671015e-16,8.011070844171359,0.33160538983065635,0.8418509396724403,107.0,133.0,115.0,133.42100524902344
43.95,3.879180273601819e-06,0.0,2.1614654510671015e-16,8.011070844171359,0.33160538983065635,0.8418509396724403,107.0,133.0,115.0,133.42100524902344
44.0,4.4971102594215824e-06,0.0,2.1614654510671015e-16,8.011070844171359,0.33160538983065635,0.8418509396724403,107.0,133.0,115.0,133.42100524902344
44.050000000000004,1.0298664732723879e-07,0.0,2.1614654510671015e-16,8.011070844171359,0.33160538983065635,0.8418509396724403,107.0,133.0,115.0,133.42100524902344
44.1,7.552334510936355e-07,0.0,2.1614654510671015e-16,8.011070844171359,0.33160538983065635,0.8418509396724403,107.0,133.0,115.0,133.42100524902344
44.150000000000006,1.4074816319951704e-06,0.0,2.1614654510671015e-16,8.011070844171359,0.33160538983065635,0.8418509396724403,107.0,133.0,115.0,133.42100524902344
44.2,2.6776629059145735e-06,0.0,2.1614654510671015e-16,8.011070844171359,0.33160538983065635,0.8418509396724403,107.0,133.0,115.0,133.42100524902344
44.25,2.5746646715283368e-06,0.0,2.1614654510671015e-16,8.011070844171359,0.33160538983065635,0.8418509396724403,107.0,133.0,115.0,133.42100524902344
44.300000000000004,3.0895976141947698e-06,0.0,2.1614654510671015e-16,8.011070844171359,0.33160538983065635,0.8418509396724403,107.0,133.0,115.0,133.42100524902344
44.35,3.6046630308504803e-06,0.0,2.1614654510671015e-16,8.011070844171359,0.33160538983065635,0.8418509396724403,107.0,133.0,115.0,133.42100524902344
44.400000000000006,4.806057514651119e-06,0.0,2.1614654510671015e-16,8.011070844171359,0.33160538983065635,0.8418509396724403,107.0,133.0,115.0,133.42100524902344
44.45,4.806119589941418e-06,0.0,2.1614654510671015e-16,8.011070844171359,0.33160538983065635,0.8418509396724403,107.0,133.0,115.0,133.42100524902344
44.5,5.14933250163067e-07,0.0,2.1614654510671015e-16,8.011070844171359,0.33160538983065635,0.8418509396724403,107.0,133.0,115.0,133.42100524902344
44.550000000000004,1.1671814913285983e-06,0.0,2.1614654510671015e-16,8.011070844171359,0.33160538983065635,0.8418509396724403,107.0,133.0,115.0,133.42100524902344
44.6,1.8194296607507589e-06,0.0,2.1614654510671015e-16,8.011070844171359,0.33160538983065635,0.8418509396724403,107.0,133.0,115.0,133.42100524902344
44.650000000000006,2.403018149434092e-06,0.0,2.1614654510671015e-16,8.011070844171359,0.33160538983065635,0.8418509396724403,107.0,133.0,115.0,133.42100524902344
44.7,3.5358708039852056e-06,0.0,2.1614654510671015e-16,8.011070844171359,0.33160538983065635,0.8418509396724403,107.0,133.0,115.0,133.42100524902344
44.75,3.432914080119576e-06,0.0,2.1614654510671015e-16,8.011070844171359,0.33160538983065635,0.8418509396724403,107.0,133.0,115.0,133.42100524902344
44.800000000000004,3.982185304466192e-06,0.0,2.1614654510671015e-16,8.011070844171359,0.33160538983065635,0.8418509396724403,107.0,133.0,115.0,133.42100524902344
44.85,4.600114036891533e-06,0.0,2.1614654510671015e-16,8.011070844171359,0.33160538983065635,0.8418509396724403,107.0,133.0,115.0,133.42100524902344
44.900000000000006,2.4030182969365314e-07,0.0,2.1614654510671015e-16,8.011070844171359,0.33160538983065635,0.8418509396724403,107.0,133.0,115.0,133.42100524902344
44.95,8.925518820464802e-07,0.0,2.1614654510671015e-16,8.011070844171359,0.33160538983065635,0.8418509396724403,107.0,133.0,115.0,133.42100524902344
45.0,1.5448000601229945e-06,0.0,2.1614654510671015e-16,8.011070844171359,0.33160538983065635,0.8418509396724403,107.0,133.0,115.0,133.42100524902344
45.050000000000004,2.197579112218305e-06,0.0,2.1614654510671015e-16,8.011070844171359,0.33160538983065635,0.8418509396724403,107.0,133.0,115.0,133.42100524902344
45.1,2.7119817326146404e-06,0.0,2.1614654510671015e-16,8.011070844171359,0.33160538983065635,0.8418509396724403,107.0,133.0,115.0,133.42100524902344
45.150000000000006,3.2269271710105095e-06,0.0,2.1614654510671015e-16,8.011070844171359,0.33160538983065635,0.8418509396724403,107.0,133.0,115.0,133.42100524902344
45.2,3.7418574498044173e-06,0.0,2.1614654510671015e-16,8.011070844171359,0.33160538983065635,0.8418509396724403,107.0,133.0,115.0,133.42100524902344
45.25,4.39418042033974e-06,0.0,2.1614654510671015e-16,8.011070844171359,0.33160538983065635,0.8418509396724403,107.0,133.0,115.0,133.42100524902344
45.300000000000004,0.0,0.0,2.1614654510671015e-16,8.011070844171359,0.33160538983065635,0.8418509396724403,107.0,133.0,115.0,133.42100524902344
45.35,6.522480655455207e-07,0.0,2.1614654510671015e-16,8.011070844171359,0.33160538983065635,0.8418509396724403,107.0,133.0,115.0,133.42100524902344
45.400000000000006,1.3044962482734645e-06,0.0,2.1614654510671015e-16,8.011070844171359,0.33160538983065635,0.8418509396724403,107.0,133.0,115.0,133.42100524902344
45.45,1.956744515442044e-06,0.0,2.1614654510671015e-16,8.011070844171359,0.33160538983065635,0.8418509396724403,107.0,133.0,115.0,133.42100524902344
45.5,2.5060077193633263e-06,0.0,2.1614654510671015e-16,8.011070844171359,0.33160538983065635,0.8418509396724403,107.0,133.0,115.0,133.42100524902344
45.550000000000004,3.0211723357180215e-06,0.0,2.1614654510671015e-16,8.011070844171359,0.33160538983065635,0.8418509396724403,107.0,133.0,115.0,133.42100524902344
45.6,4.153800157381382e-06,0.0,2.1614654510671015e-16,8.011070844171359,0.33160538983065635,0.8418509396724403,107.0,133.0,115.0,133.42100524902344
45.650000000000006,4.737402672754322e-06,0.0,2.1614654510671015e-16,8.011070844171359,0.33160538983065635,0.8418509396724403,107.0,133.0,115.0,133.42100524902344
45.7,5.355301054517158e-06,0.0,2.1614654510671015e-16,8.011070844171359,0.33160538983065635,0.8418509396724403,107.0,133.0,115.0,133.42100524902344
45.75,3.776184349528542e-07,0.0,2.1614654510671015e-16,8.011070844171359,0.33160538983065635,0.8418509396724403,107.0,133.0,115.0,133.42100524902344
45.800000000000004,1.0298666340650678e-06,0.0,2.1614654510671015e-16,8.011070844171359,0.33160538983065635,0.8418509396724403,107.0,133.0,115.0,133.42100524902344
45.85,1.682114910347277e-06,0.0,2.1614654510671015e-16,8.011070844171359,0.33160538983065635,0.8418509396724403,107.0,133.0,115.0,133.42100524902344
45.900000000000006,2.2657032833976298e-06,0.0,2.1614654510671015e-16,8.011070844171359,0.33160538983065635,0.8418509396724403,107.0,133.0,115.0,133.42100524902344
45.95,2.7806478675407016e-06,0.0,2.1614654510671015e-16,8.011070844171359,0.33160538983065635,0.8418509396724403,107.0,133.0,115.0,133.42100524902344
46.0,3.2956001183646816e-06,0.0,2.1614654510671015e-16,8.011070844171359,0.33160538983065635,0.8418509396724403,107.0,133.0,115.0,133.42100524902344
46.050000000000004,3.879180273601819e-06,0.0,2.1614654510671015e-16,8.011070844171359,0.33160538983065635,0.8418509396724403,107.0,133.0,115.0,133.42100524902344
46.1,4.4971102594215824e-06,0.0,2.1614654510671015e-16,8.011070844171359,0.33160538983065635,0.8418509396724403,107.0,133.0,115.0,133.42100524902344
46.150000000000006,1.0298664732723879e-07,0.0,2.1614654510671015e-16,8.011070844171359,0.33160538983065635,0.8418509396724403,107.0,133.0,115.0,133.42100524902344
46.2,7.552334510936355e-07,0.0,2.1614654510671015e-16,8.011070844171359,0.33160538983065635,0.8418509396724403,107.0,133.0,115.0,133.42100524902344
46.25,1.4074816319951704e-06,0.0,2.1614654510671015e-16,8.011070844171359,0.33160538983065635,0.8418509396724403,107.0,133.0,115.0,133.42100524902344
46.300000000000004,2.6776629059145735e-06,0.0,2.1614654510671015e-16,8.011070844171359,0.33160538983065635,0.8418509396724403,107.0,133.0,115.0,133.42100524902344
46.35,2.5746646715283368e-06,0.0,2.1614654510671015e-16,8.011070844171359,0.33160538983065635,0.8418509396724403,107.0,133.0,115.0,133.42100524902344
46.400000000000006,3.0895976141906435e-06,0.0,2.1614654510671015e-16,8.011070844171359,0.33160538983065635,0.8418509396724403,107.0,133.0,115.0,133.42100524902344
46.45,3.6046630308504803e-06,0.0,2.1614654510671015e-16,8.011070844171359,0.33160538983065635,0.8418509396724403,107.0,133.0,115.0,133.42100524902344
46.5,4.806057514651119e-06,0.0,2.1614654510671015e-16,8.011070844171359,0.33160538983065635,0.8418509396724403,107.0,133.0,115.0,133.42100524902344
46.550000000000004,4.807711856604582e-06,0.0,2.1614654510671015e-16,8.011070844171359,0.33160538983065635,0.8418509396724403,107.0,133.0,115.0,133.42100524902344
46.6,4.119690580818068e-07,0.0,2.1614654510671015e-16,8.011070844171359,0.33160538983065635,0.8418509396724403,107.0,133.0,115.0,133.42100524902344
46.650000000000006,9.269527708241336e-07,0.0,2.1614654510671015e-16,8.011070844171359,0.33160538983065635,0.8418509396724403,107.0,133.0,115.0,133.42100524902344
46.7,2.1284142415212722e-06,0.0,2.1614654510671015e-16,8.011070844171359,0.33160538983065635,0.8418509396724403,107.0,133.0,115.0,133.42100524902344
46.75,3.3985571073829405e-06,0.0,2.1614654510671015e-16,8.011070844171359,0.33160538983065635,0.8418509396724403,107.0,133.0,115.0,133.42100524902344
46.800000000000004,2.64347530359007e-06,0.0,2.1614654510671015e-16,8.011070844171359,0.33160538983065635,0.8418509396724403,107.0,133.0,115.0,133.42100524902344
46.85,3.879171873675113e-06,0.0,2.1614654510671015e-16,8.011070844171359,0.33160538983065635,0.8418509396724403,107.0,133.0,115.0,133.42100524902344
46.900000000000006,3.844840917870362e-06,0.0,2.1614654510671015e-16,8.011070844171359,0.33160538983065635,0.8418509396724403,107.0,133.0,115.0,133.42100524902344
46.95,4.359852546288614e-06,0.0,2.1614654510671015e-16,8.011070844171359,0.33160538983065635,0.8418509396724403,107.0,133.0,115.0,133.42100524902344
47.0,2.4030182969365314e-07,0.0,2.1614654510671015e-16,8.011070844171359,0.33160538983065635,0.8418509396724403,107.0,133.0,115.0,133.42100524902344
47.050000000000004,8.925518820464802e-07,0.0,2.1614654510671015e-16,8.011070844171359,0.33160538983065635,0.8418509396724403,107.0,133.0,115.0,133.42100524902344
47.1,1.5448000601229945e-06,0.0,2.1614654510671015e-16,8.011070844171359,0.33160538983065635,0.8418509396724403,107.0,133.0,115.0,133.42100524902344
47.150000000000006,2.128388622091886e-06,0.0,2.1614654510671015e-16,8.011070844171359,0.33160538983065635,0.8418509396724403,107.0,133.0,115.0,133.42100524902344
47.2,2.6433336430726076e-06,0.0,2.1614654510671015e-16,8.011070844171359,0.33160538983065635,0.8418509396724403,107.0,133.0,115.0,133.42100524902344
47.25,3.1582868645009024e-06,0.0,2.1614654510671015e-16,8.011070844171359,0.33160538983065635,0.8418509396724403,107.0,133.0,115.0,133.42100524902344
47.300000000000004,3.7418532156776525e-06,0.0,2.1614654510671015e-16,8.011070844171359,0.33160538983065635,0.8418509396724403,107.0,133.0,115.0,133.42100524902344
47.35,4.359788268204475e-06,0.0,2.1614654510671015e-16,8.011070844171359,0.33160538983065635,0.8418509396724403,107.0,133.0,115.0,133.42100524902344
47.400000000000006,0.0,0.0,2.1614654510671015e-16,8.011070844171359,0.33160538983065635,0.8418509396724403,107.0,133.0,115.0,133.42100524902344
47.45,6.522480655455207e-07,0.0,2.1614654510671015e-16,8.011070844171359,0.33160538983065635,0.8418509396724403,107.0,133.0,115.0,133.42100524902344
47.5,1.3044962482734645e-06,0.0,2.1614654510671015e-16,8.011070844171359,0.33160538983065635,0.8418509396724403,107.0,133.0,115.0,133.42100524902344
47.550000000000004,1.957334810931711e-06,0.0,2.1614654510671015e-16,8.011070844171359,0.33160538983065635,0.8418509396724403,107.0,133.0,115.0,133.42100524902344
47.6,2.4716828565785833e-06,0.0,2.1614654510671015e-16,8.011070844171359,0.33160538983065635,0.8418509396724403,107.0,133.0,115.0,133.42100524902344
47.650000000000006,2.9866155310257257e-06,0.0,2.1614654510671015e-16,8.011070844171359,0.33160538983065635,0.8418509396724403,107.0,133.0,115.0,133.42100524902344
47.7,4.188144288689128e-06,0.0,2.1614654510671015e-16,8.011070844171359,0.33160538983065635,0.8418509396724403,107.0,133.0,115.0,133.42100524902344
47.75,4.806043779153225e-06,0.0,2.1614654510671015e-16,8.011070844171359,0.33160538983065635,0.8418509396724403,107.0,133.0,115.0,133.42100524902344
47.800000000000004,5.423945058998372e-06,0.0,2.1614654510671015e-16,8.011070844171359,0.33160538983065635,0.8418509396724403,107.0,133.0,115.0,133.42100524902344
47.85,3.776184349528542e-07,0.0,2.1614654510671015e-16,8.011070844171359,0.33160538983065635,0.8418509396724403,107.0,133.0,115.0,133.42100524902344
47.900000000000006,1.0298666340650678e-06,0.0,2.1614654510671015e-16,8.011070844171359,0.33160538983065635,0.8418509396724403,107.0,133.0,115.0,133.42100524902344
47.95,1.682114910347277e-06,0.0,2.1614654510671015e-16,8.011070844171359,0.33160538983065635,0.8418509396724403,107.0,133.0,115.0,133.42100524902344
48.0,2.231374098698642e-06,0.0,2.1614654510671015e-16,8.011070844171359,0.33160538983065635,0.8418509396724403,107.0,133.0,115.0,133.42100524902344
48.050000000000004,3.364227955159335e-06,0.0,2.1614654510671015e-16,8.011070844171359,0.33160538983065635,0.8418509396724403,107.0,133.0,115.0,133.42100524902344
48.1,3.261278418436253e-06,0.0,2.1614654510671015e-16,8.011070844171359,0.33160538983065635,0.8418509396724403,107.0,133.0,115.0,133.42100524902344
48.150000000000006,3.879173991269548e-06,0.0,2.1614654510671015e-16,8.011070844171359,0.33160538983065635,0.8418509396724403,107.0,133.0,115.0,133.42100524902344
48.2,4.497105233152347e-06,0.0,2.1614654510671015e-16,8.011070844171359,0.33160538983065635,0.8418509396724403,107.0,133.0,115.0,133.42100524902344
48.25,1.0298664732723879e-07,0.0,2.1614654510671015e-16,8.011070844171359,0.33160538983065635,0.8418509396724403,107.0,133.0,115.0,133.42100524902344
48.300000000000004,7.552334510936355e-07,0.0,2.1614654510671015e-16,8.011070844171359,0.33160538983065635,0.8418509396724403,107.0,133.0,115.0,133.42100524902344
48.35,1.4074816319951704e-06,0.0,2.1614654510671015e-16,8.011070844171359,0.33160538983065635,0.8418509396724403,107.0,133.0,115.0,133.42100524902344
48.400000000000006,2.060299582103584e-06,0.0,2.1614654510671015e-16,8.011070844171359,0.33160538983065635,0.8418509396724403,107.0,133.0,115.0,133.42100524902344
48.45,2.5746671313268217e-06,0.0,2.1614654510671015e-16,8.011070844171359,0.33160538983065635,0.8418509396724403,107.0,133.0,115.0,133.42100524902344
48.5,3.0895997590245306e-06,0.0,2.1614654510671015e-16,8.011070844171359,0.33160538983065635,0.8418509396724403,107.0,133.0,115.0,133.42100524902344
48.550000000000004,3.6046503930254956e-06,0.0,2.1614654510671015e-16,8.011070844171359,0.33160538983065635,0.8418509396724403,107.0,133.0,115.0,133.42100524902344
48.6,4.222526256708405e-06,0.0,2.1614654510671015e-16,8.011070844171359,0.33160538983065635,0.8418509396724403,107.0,133.0,115.0,133.42100524902344
48.650000000000006,5.4582843092652234e-06,0.0,2.1614654510671015e-16,8.011070844171359,0.33160538983065635,0.8418509396724403,107.0,133.0,115.0,133.42100524902344
48.7,4.119690580818068e-07,0.0,2.1614654510671015e-16,8.011070844171359,0.33160538983065635,0.8418509396724403,107.0,133.0,115.0,133.42100524902344
48.75,9.269527708241336e-07,0.0,2.1614654510671015e-16,8.011070844171359,0.33160538983065635,0.8418509396724403,107.0,133.0,115.0,133.42100524902344
48.800000000000004,1.5794982383404027e-06,0.0,2.1614654510671015e-16,8.011070844171359,0.33160538983065635,0.8418509396724403,107.0,133.0,115.0,133.42100524902344
48.85,2.231403461698859e-06,0.0,2.1614654510671015e-16,8.011070844171359,0.33160538983065635,0.8418509396724403,107.0,133.0,115.0,133.42100524902344
48.900000000000006,2.7808362663655063e-06,0.0,2.1614654510671015e-16,8.011070844171359,0.33160538983065635,0.8418509396724403,107.0,133.0,115.0,133.42100524902344
48.95,3.9135149533566934e-06,0.0,2.1614654510671015e-16,8.011070844171359,0.33160538983065635,0.8418509396724403,107.0,133.0,115.0,133.42100524902344
49.0,4.531416142986665e-06,0.0,2.1614654510671015e-16,8.011070844171359,0.33160538983065635,0.8418509396724403,107.0,133.0,115.0,133.42100524902344
49.050000000000004,4.497088377790825e-06,0.0,2.1614654510671015e-16,8.011070844171359,0.33160538983065635,0.8418509396724403,107.0,133.0,115.0,133.42100524902344
49.1,2.0597813092397918e-07,0.0,2.1614654510671015e-16,8.011070844171359,0.33160538983065635,0.8418509396724403,107.0,133.0,115.0,133.42100524902344
49.150000000000006,7.209582439316844e-07,0.0,2.1614654510671015e-16,8.011070844171359,0.33160538983065635,0.8418509396724403,107.0,133.0,115.0,133.42100524902344
49.2,1.9910772845326737e-06,0.0,2.1614654510671015e-16,8.011070844171359,0.33160538983065635,0.8418509396724403,107.0,133.0,115.0,133.42100524902344
49.25,1.9910856962258335e-06,0.0,2.1614654510671015e-16,8.011070844171359,0.33160538983065635,0.8418509396724403,107.0,133.0,115.0,133.42100524902344
49.300000000000004,3.2612409682898197e-06,0.0,2.1614654510671015e-16,8.011070844171359,0.33160538983065635,0.8418509396724403,107.0,133.0,115.0,133.42100524902344
49.35,3.261244012398512e-06,0.0,2.1614654510671015e-16,8.011070844171359,0.33160538983065635,0.8418509396724403,107.0,133.0,115.0,133.42100524902344
49.400000000000006,3.8791442801385445e-06,0.0,2.1614654510671015e-16,8.011070844171359,0.33160538983065635,0.8418509396724403,107.0,133.0,115.0,133.42100524902344
49.45,4.39409132274129e-06,0.0,2.1614654510671015e-16,8.011070844171359,0.33160538983065635,0.8418509396724403,107.0,133.0,115.0,133.42100524902344
49.5,0.0,0.0,2.1614654510671015e-16,8.011070844171359,0.33160538983065635,0.8418509396724403,107.0,133.0,115.0,133.42100524902344
49.550000000000004,5.835964902331484e-07,0.0,2.1614654510671015e-16,8.011070844171359,0.33160538983065635,0.8418509396724403,107.0,133.0,115.0,133.42100524902344
49.6,1.2358395152383997e-06,0.0,2.1614654510671015e-16,8.011070844171359,0.33160538983065635,0.8418509396724403,107.0,133.0,115.0,133.42100524902344
49.650000000000006,2.5060113783100206e-06,0.0,2.1614654510671015e-16,8.011070844171359,0.33160538983065635,0.8418509396724403,107.0,133.0,115.0,133.42100524902344
49.7,2.403027698758831e-06,0.0,2.1614654510671015e-16,8.011070844171359,0.33160538983065635,0.8418509396724403,107.0,133.0,115.0,133.42100524902344
49.75,2.9179597953474794e-06,0.0,2.1614654510671015e-16,8.011070844171359,0.33160538983065635,0.8418509396724403,107.0,133.0,115.0,133.42100524902344
49.800000000000004,3.5360084676506077e-06,0.0,2.1614654510671015e-16,8.011070844171359,0.33160538983065635,0.8418509396724403,107.0,133.0,115.0,133.42100524902344
49.85,4.806043801175818e-06,0.0,2.1614654510671015e-16,8.011070844171359,0.33160538983065635,0.8418509396724403,107.0,133.0,115.0,133.42100524902344
49.900000000000006,4.806157267035796e-06,0.0,2.1614654510671015e-16,8.011070844171359,0.33160538983065635,0.8418509396724403,107.0,133.0,115.0,133.42100524902344
49.95,3.776184349528542e-07,0.0,2.1614654510671015e-16,8.011070844171359,0.33160538983065635,0.8418509396724403,107.0,133.0,115.0,133.42100524902344
50.0,1.0298666340650678e-06,0.0,2.1614654510671015e-16,8.011070844171359,0.33160538983065635,0.8418509396724403,107.0,133.0,115.0,133.42100524902344
50.050000000000004,1.682114910347277e-06,0.0,2.1614654510671015e-16,8.011070844171359,0.33160538983065635,0.8418509396724403,107.0,133.0,115.0,133.42100524902344
50.1,2.265703283397558e-06,0.0,2.1614654510671015e-16,8.011070844171359,0.33160538983065635,0.8418509396724403,107.0,133.0,115.0,133.42100524902344
50.150000000000006,3.398556271207204e-06,0.0,2.1614654510671015e-16,8.011070844171359,0.33160538983065635,0.8418509396724403,107.0,133.0,115.0,133.42100524902344
50.2,3.295600525742583e-06,0.0,2.1614654510671015e-16,8.011070844171359,0.33160538983065635,0.8418509396724403,107.0,133.0,115.0,133.42100524902344
50.25,3.844882992331263e-06,0.0,2.1614654510671015e-16,8.011070844171359,0.33160538983065635,0.8418509396724403,107.0,133.0,115.0,133.42100524902344
50.300000000000004,4.4627723660487076e-06,0.0,2.1614654510671015e-16,8.011070844171359,0.33160538983065635,0.8418509396724403,107.0,133.0,115.0,133.42100524902344
50.35,1.0298670115967882e-07,0.0,2.1614654510671015e-16,8.011070844171359,0.33160538983065635,0.8418509396724403,107.0,133.0,115.0,133.42100524902344
50.400000000000006,6.179603251252776e-07,0.0,2.1614654510671015e-16,8.011070844171359,0.33160538983065635,0.8418509396724403,107.0,133.0,115.0,133.42100524902344
50.45,1.1329442399410837e-06,0.0,2.1614654510671015e-16,8.011070844171359,0.33160538983065635,0.8418509396724403,107.0,133.0,115.0,133.42100524902344
50.5,1.750825082260386e-06,0.0,2.1614654510671015e-16,8.011070844171359,0.33160538983065635,0.8418509396724403,107.0,133.0,115.0,133.42100524902344
50.550000000000004,2.368688820747971e-06,0.0,2.1614654510671015e-16,8.011070844171359,0.33160538983065635,0.8418509396724403,107.0,133.0,115.0,133.42100524902344
50.6,2.883688057188466e-06,0.0,2.1614654510671015e-16,8.011070844171359,0.33160538983065635,0.8418509396724403,107.0,133.0,115.0,133.42100524902344
50.650000000000006,3.501564408828197e-06,0.0,2.1614654510671015e-16,8.011070844171359,0.33160538983065635,0.8418509396724403,107.0,133.0,115.0,133.42100524902344
50.7,4.050873631384766e-06,0.0,2.1614654510671015e-16,8.011070844171359,0.33160538983065635,0.8418509396724403,107.0,133.0,115.0,133.42100524902344
50.75,4.634440860059338e-06,0.0,2.1614654510671015e-16,8.011070844171359,0.33160538983065635,0.8418509396724403,107.0,133.0,115.0,133.42100524902344
50.800000000000004,5.14933250163067e-07,0.0,2.1614654510671015e-16,8.011070844171359,0.33160538983065635,0.8418509396724403,107.0,133.0,115.0,133.42100524902344
50.85,1.1671814913285983e-06,0.0,2.1614654510671015e-16,8.011070844171359,0.33160538983065635,0.8418509396724403,107.0,133.0,115.0,133.42100524902344
50.900000000000006,1.8200641466212154e-06,0.0,2.1614654510671015e-16,8.011070844171359,0.33160538983065635,0.8418509396724403,107.0,133.0,115.0,133.42100524902344
50.95,2.334368564706832e-06,0.0,2.1614654510671015e-16,8.011070844171359,0.33160538983065635,0.8418509396724403,107.0,133.0,115.0,133.42100524902344
51.0,2.8492972601344506e-06,0.0,2.1614654510671015e-16,8.011070844171359,0.33160538983065635,0.8418509396724403,107.0,133.0,115.0,133.42100524902344
51.050000000000004,4.05080476322836e-06,0.0,2.1614654510671015e-16,8.011070844171359,0.33160538983065635,0.8418509396724403,107.0,133.0,115.0,133.42100524902344
51.1,4.668740068152883e-06,0.0,2.1614654510671015e-16,8.011070844171359,0.33160538983065635,0.8418509396724403,107.0,133.0,115.0,133.42100524902344
51.150000000000006,5.286641229475785e-06,0.0,2.1614654510671015e-16,8.011070844171359,0.33160538983065635,0.8418509396724403,107.0,133.0,115.0,133.42100524902344
51.2,2.4030182969365314e-07,0.0,2.1614654510671015e-16,8.011070844171359,0.33160538983065635,0.8418509396724403,107.0,133.0,115.0,133.42100524902344
51.25,8.925518820464802e-07,0.0,2.1614654510671015e-16,8.011070844171359,0.33160538983065635,0.8418509396724403,107.0,133.0,115.0,133.42100524902344
51.300000000000004,1.5448000601229945e-06,0.0,2.1614654510671015e-16,8.011070844171359,0.33160538983065635,0.8418509396724403,107.0,133.0,115.0,133.42100524902344
51.35,2.162729576628867e-06,0.0,2.1614654510671015e-16,8.011070844171359,0.33160538983065635,0.8418509396724403,107.0,133.0,115.0,133.42100524902344
51.400000000000006,2.6776589294012897e-06,0.0,2.1614654510671015e-16,8.011070844171359,0.33160538983065635,0.8418509396724403,107.0,133.0,115.0,133.42100524902344
51.45,3.1926059086304534e-06,0.0,2.1614654510671015e-16,8.011070844171359,0.33160538983065635,0.8418509396724403,107.0,133.0,115.0,133.42100524902344
51.5,3.707554078184235e-06,0.0,2.1614654510671015e-16,8.011070844171359,0.33160538983065635,0.8418509396724403,107.0,133.0,115.0,133.42100524902344
51.550000000000004,4.325451833648757e-06,0.0,2.1614654510671015e-16,8.011070844171359,0.33160538983065635,0.8418509396724403,107.0,133.0,115.0,133.42100524902344
51.6,0.0,0.0,2.1614654510671015e-16,8.011070844171359,0.33160538983065635,0.8418509396724403,107.0,133.0,115.0,133.42100524902344
51.650000000000006,5.14968640182033e-07,0.0,2.1614654510671015e-16,8.011070844171359,0.33160538983065635,0.8418509396724403,107.0,133.0,115.0,133.42100524902344
51.7,1.0299527345651175e-06,0.0,2.1614654510671015e-16,8.011070844171359,0.33160538983065635,0.8418509396724403,107.0,133.0,115.0,133.42100524902344
51.75,1.613480014003659e-06,0.0,2.1614654510671015e-16,8.011070844171359,0.33160538983065635,0.8418509396724403,107.0,133.0,115.0,133.42100524902344
51.800000000000004,2.2313742405484734e-06,0.0,2.1614654510671015e-16,8.011070844171359,0.33160538983065635,0.8418509396724403,107.0,133.0,115.0,133.42100524902344
51.85,2.7463804877661444e-06,0.0,2.1614654510671015e-16,8.011070844171359,0.33160538983065635,0.8418509396724403,107.0,133.0,115.0,133.42100524902344
51.900000000000006,3.364258651761186e-06,0.0,2.1614654510671015e-16,8.011070844171359,0.33160538983065635,0.8418509396724403,107.0,133.0,115.0,133.42100524902344
51.95,3.913560266768065e-06,0.0,2.1614654510671015e-16,8.011070844171359,0.33160538983065635,0.8418509396724403,107.0,133.0,115.0,133.42100524902344
52.0,4.5314442440764315e-06,0.0,2.1614654510671015e-16,8.011070844171359,0.33160538983065635,0.8418509396724403,107.0,133.0,115.0,133.42100524902344
52.050000000000004,3.0897389774710667e-07,0.0,2.1614654510671015e-16,8.011070844171359,0.33160538983065635,0.8418509396724403,107.0,133.0,115.0,133.42100524902344
52.1,8.239563406145222e-07,0.0,2.1614654510671015e-16,8.011070844171359,0.33160538983065635,0.8418509396724403,107.0,133.0,115.0,133.42100524902344
52.150000000000006,1.4074934576954024e-06,0.0,2.1614654510671015e-16,8.011070844171359,0.33160538983065635,0.8418509396724403,107.0,133.0,115.0,133.42100524902344
52.2,2.059761611958473e-06,0.0,2.1614654510671015e-16,8.011070844171359,0.33160538983065635,0.8418509396724403,107.0,133.0,115.0,133.42100524902344
52.25,2.6433373496521866e-06,0.0,2.1614654510671015e-16,8.011070844171359,0.33160538983065635,0.8418509396724403,107.0,133.0,115.0,133.42100524902344
52.300000000000004,3.776207008937831e-06,0.0,2.1614654510671015e-16,8.011070844171359,0.33160538983065635,0.8418509396724403,107.0,133.0,115.0,133.42100524902344
52.35,3.7419061247986334e-06,0.0,2.1614654510671015e-16,8.011070844171359,0.33160538983065635,0.8418509396724403,107.0,133.0,115.0,133.42100524902344
52.400000000000006,4.3254432153632245e-06,0.0,2.1614654510671015e-16,8.011070844171359,0.33160538983065635,0.8418509396724403,107.0,133.0,115.0,133.42100524902344
52.45,1.0298664732722993e-07,0.0,2.1614654510671015e-16,8.011070844171359,0.33160538983065635,0.8418509396724403,107.0,133.0,115.0,133.42100524902344
52.5,6.865817775651373e-07,0.0,2.1614654510671015e-16,8.011070844171359,0.33160538983065635,0.8418509396724403,107.0,133.0,115.0,133.42100524902344
52.550000000000004,1.3388273810431793e-06,0.0,2.1614654510671015e-16,8.011070844171359,0.33160538983065635,0.8418509396724403,107.0,133.0,115.0,133.42100524902344
52.6,1.8537712044278013e-06,0.0,2.1614654510671015e-16,8.011070844171359,0.33160538983065635,0.8418509396724403,107.0,133.0,115.0,133.42100524902344
52.650000000000006,2.4373730419773203e-06,0.0,2.1614654510671015e-16,8.011070844171359,0.33160538983065635,0.8418509396724403,107.0,133.0,115.0,133.42100524902344
52.7,3.0552811833449595e-06,0.0,2.1614654510671015e-16,8.011070844171359,0.33160538983065635,0.8418509396724403,107.0,133.0,115.0,133.42100524902344
52.75,3.673188967521635e-06,0.0,2.1614654510671015e-16,8.011070844171359,0.33160538983065635,0.8418509396724403,107.0,133.0,115.0,133.42100524902344
52.800000000000004,4.3256135327867285e-06,0.0,2.1614654510671015e-16,8.011070844171359,0.33160538983065635,0.8418509396724403,107.0,133.0,115.0,133.42100524902344
52.85,4.943482001300754e-06,0.0,2.1614654510671015e-16,8.011070844171359,0.33160538983065635,0.8418509396724403,107.0,133.0,115.0,133.42100524902344
52.900000000000006,4.119690580818068e-07,0.0,2.1614654510671015e-16,8.011070844171359,0.33160538983065635,0.8418509396724403,107.0,133.0,115.0,133.42100524902344
52.95,1.029891630525099e-06,0.0,2.1614654510671015e-16,8.011070844171359,0.33160538983065635,0.8418509396724403,107.0,133.0,115.0,133.42100524902344
53.0,1.6826016391419245e-06,0.0,2.1614654510671015e-16,8.011070844171359,0.33160538983065635,0.8418509396724403,107.0,133.0,115.0,133.42100524902344
53.050000000000004,2.334368712023614e-06,0.0,2.1614654510671015e-16,8.011070844171359,0.33160538983065635,0.8418509396724403,107.0,133.0,115.0,133.42100524902344
53.1,2.986910372184185e-06,0.0,2.1614654510671015e-16,8.011070844171359,0.33160538983065635,0.8418509396724403,107.0,133.0,115.0,133.42100524902344
53.150000000000006,4.188132766931027e-06,0.0,2.1614654510671015e-16,8.011070844171359,0.33160538983065635,0.8418509396724403,107.0,133.0,115.0,133.42100524902344
53.2,4.085156565231934e-06,0.0,2.1614654510671015e-16,8.011070844171359,0.33160538983065635,0.8418509396724403,107.0,133.0,115.0,133.42100524902344
53.25,4.634421364025475e-06,0.0,2.1614654510671015e-16,8.011070844171359,0.33160538983065635,0.8418509396724403,107.0,133.0,115.0,133.42100524902344
53.300000000000004,2.4030182969365314e-07,0.0,2.1614654510671015e-16,8.011070844171359,0.33160538983065635,0.8418509396724403,107.0,133.0,115.0,133.42100524902344
53.35,8.925518820464802e-07,0.0,2.1614654510671015e-16,8.011070844171359,0.33160538983065635,0.8418509396724403,107.0,133.0,115.0,133.42100524902344
53.400000000000006,1.5447999561715617e-06,0.0,2.1614654510671015e-16,8.011070844171359,0.33160538983065635,0.8418509396724403,107.0,133.0,115.0,133.42100524902344
53.45,2.059734096536786e-06,0.0,2.1614654510671015e-16,8.011070844171359,0.33160538983065635,0.8418509396724403,107.0,133.0,115.0,133.42100524902344
53.5,2.5746933388464217e-06,0.0,2.1614654510671015e-16,8.011070844171359,0.33160538983065635,0.8418509396724403,107.0,133.0,115.0,133.42100524902344
53.550000000000004,3.192612682142896e-06,0.0,2.1614654510671015e-16,8.011070844171359,0.33160538983065635,0.8418509396724403,107.0,133.0,115.0,133.42100524902344
53.6,3.810511657937881e-06,0.0,2.1614654510671015e-16,8.011070844171359,0.33160538983065635,0.8418509396724403,107.0,133.0,115.0,133.42100524902344
53.650000000000006,4.428435489380318e-06,0.0,2.1614654510671015e-16,8.011070844171359,0.33160538983065635,0.8418509396724403,107.0,133.0,115.0,133.42100524902344
53.7,0.0,0.0,2.1614654510671015e-16,8.011070844171359,0.33160538983065635,0.8418509396724403,107.0,133.0,115.0,133.42100524902344
53.75,6.522480655455207e-07,0.0,2.1614654510671015e-16,8.011070844171359,0.33160538983065635,0.8418509396724403,107.0,133.0,115.0,133.42100524902344
53.800000000000004,1.3044962482734645e-06,0.0,2.1614654510671015e-16,8.011070844171359,0.33160538983065635,0.8418509396724403,107.0,133.0,115.0,133.42100524902344
53.85,2.5746731557108917e-06,0.0,2.1614654510671015e-16,8.011070844171359,0.33160538983065635,0.8418509396724403,107.0,133.0,115.0,133.42100524902344
53.900000000000006,2.4716828298337954e-06,0.0,2.1614654510671015e-16,8.011070844171359,0.33160538983065635,0.8418509396724403,107.0,133.0,115.0,133.42100524902344
53.95,2.986615531025038e-06,0.0,2.1614654510671015e-16,8.011070844171359,0.33160538983065635,0.8418509396724403,107.0,133.0,115.0,133.42100524902344
54.0,4.153804185776528e-06,0.0,2.1614654510671015e-16,8.011070844171359,0.33160538983065635,0.8418509396724403,107.0,133.0,115.0,133.42100524902344
54.050000000000004,4.771702722685173e-06,0.0,2.1614654510671015e-16,8.011070844171359,0.33160538983065635,0.8418509396724403,107.0,133.0,115.0,133.42100524902344
54.1,5.389639243180446e-06,0.0,2.1614654510671015e-16,8.011070844171359,0.33160538983065635,0.8418509396724403,107.0,133.0,115.0,133.42100524902344
54.150000000000006,3.776184349528542e-07,0.0,2.1614654510671015e-16,8.011070844171359,0.33160538983065635,0.8418509396724403,107.0,133.0,115.0,133.42100524902344
54.2,1.0298666340650678e-06,0.0,2.1614654510671015e-16,8.011070844171359,0.33160538983065635,0.8418509396724403,107.0,133.0,115.0,133.42100524902344
54.25,1.682114910347277e-06,0.0,2.1614654510671015e-16,8.011070844171359,0.33160538983065635,0.8418509396724403,107.0,133.0,115.0,133.42100524902344
54.300000000000004,2.2657032833976298e-06,0.0,2.1614654510671015e-16,8.011070844171359,0.33160538983065635,0.8418509396724403,107.0,133.0,115.0,133.42100524902344
54.35,2.7806478675407016e-06,0.0,2.1614654510671015e-16,8.011070844171359,0.33160538983065635,0.8418509396724403,107.0,133.0,115.0,133.42100524902344
54.400000000000006,3.2956001183646816e-06,0.0,2.1614654510671015e-16,8.011070844171359,0.33160538983065635,0.8418509396724403,107.0,133.0,115.0,133.42100524902344
54.45,3.879180273601819e-06,0.0,2.1614654510671015e-16,8.011070844171359,0.33160538983065635,0.8418509396724403,107.0,133.0,115.0,133.42100524902344
54.5,4.4971102594215824e-06,0.0,2.1614654510671015e-16,8.011070844171359,0.33160538983065635,0.8418509396724403,107.0,133.0,115.0,133.42100524902344
54.550000000000004,1.0298664732723879e-07,0.0,2.1614654510671015e-16,8.011070844171359,0.33160538983065635,0.8418509396724403,107.0,133.0,115.0,133.42100524902344
54.6,7.552334510936355e-07,0.0,2.1614654510671015e-16,8.011070844171359,0.33160538983065635,0.8418509396724403,107.0,133.0,115.0,133.42100524902344
54.650000000000006,1.4074816319951704e-06,0.0,2.1614654510671015e-16,8.011070844171359,0.33160538983065635,0.8418509396724403,107.0,133.0,115.0,133.42100524902344
54.7,2.6776629059145735e-06,0.0,2.1614654510671015e-16,8.011070844171359,0.33160538983065635,0.8418509396724403,107.0,133.0,115.0,133.42100524902344
54.75,2.5746646715283368e-06,0.0,2.1614654510671015e-16,8.011070844171359,0.33160538983065635,0.8418509396724403,107.0,133.0,115.0,133.42100524902344
54.800000000000004,3.0895976141947698e-06,0.0,2.1614654510671015e-16,8.011070844171359,0.33160538983065635,0.8418509396724403,107.0,133.0,115.0,133.42100524902344
54.85,3.6046630308504803e-06,0.0,2.1614654510671015e-16,8.011070844171359,0.33160538983065635,0.8418509396724403,107.0,133.0,115.0,133.42100524902344
54.900000000000006,4.806057514651119e-06,0.0,2.1614654510671015e-16,8.011070844171359,0.33160538983065635,0.8418509396724403,107.0,133.0,115.0,133.42100524902344
54.95,4.806119589941418e-06,0.0,2.1614654510671015e-16,8.011070844171359,0.33160538983065635,0.8418509396724403,107.0,133.0,115.0,133.42100524902344
55.0,5.14933250163067e-07,0.0,2.1614654510671015e-16,8.011070844171359,0.33160538983065635,0.8418509396724403,107.0,133.0,115.0,133.42100524902344
55.050000000000004,1.1671814913285983e-06,0.0,2.1614654510671015e-16,8.011070844171359,0.33160538983065635,0.8418509396724403,107.0,133.0,115.0,133.42100524902344
55.1,1.8194296607507589e-06,0.0,2.1614654510671015e-16,8.011070844171359,0.33160538983065635,0.8418509396724403,107.0,133.0,115.0,133.42100524902344
55.150000000000006,2.403018149434092e-06,0.0,2.1614654510671015e-16,8.011070844171359,0.33160538983065635,0.8418509396724403,107.0,133.0,115.0,133.42100524902344
55.2,3.5358708039852056e-06,0.0,2.1614654510671015e-16,8.011070844171359,0.33160538983065635,0.8418509396724403,107.0,133.0,115.0,133.42100524902344
55.25,3.432914080119576e-06,0.0,2.1614654510671015e-16,8.011070844171359,0.33160538983065635,0.8418509396724403,107.0,133.0,115.0,133.42100524902344
55.300000000000004,3.982185304466161e-06,0.0,2.1614654510671015e-16,8.011070844171359,0.33160538983065635,0.8418509396724403,107.0,133.0,115.0,133.42100524902344
55.35,4.600114036891533e-06,0.0,2.1614654510671015e-16,8.011070844171359,0.33160538983065635,0.8418509396724403,107.0,133.0,115.0,133.42100524902344
55.400000000000006,2.4030182969365314e-07,0.0,2.1614654510671015e-16,8.011070844171359,0.33160538983065635,0.8418509396724403,107.0,133.0,115.0,133.42100524902344
55.45,8.925518820464802e-07,0.0,2.1614654510671015e-16,8.011070844171359,0.33160538983065635,0.8418509396724403,107.0,133.0,115.0,133.42100524902344
55.5,1.5448000601229945e-06,0.0,2.1614654510671015e-16,8.011070844171359,0.33160538983065635,0.8418509396724403,107.0,133.0,115.0,133.42100524902344
55.550000000000004,2.197579112218305e-06,0.0,2.1614654510671015e-16,8.011070844171359,0.33160538983065635,0.8418509396724403,107.0,133.0,115.0,133.42100524902344
55.6,2.7119817326146404e-06,0.0,2.1614654510671015e-16,8.011070844171359,0.33160538983065635,0.8418509396724403,107.0,133.0,115.0,133.42100524902344
55.650000000000006,3.2269271710105095e-06,0.0,2.1614654510671015e-16,8.011070844171359,0.33160538983065635,0.8418509396724403,107.0,133.0,115.0,133.42100524902344
55.7,3.7418574498044173e-06,0.0,2.1614654510671015e-16,8.011070844171359,0.33160538983065635,0.8418509396724403,107.0,133.0,115.0,133.42100524902344
55.75,4.359863225574098e-06,0.0,2.1614654510671015e-16,8.011070844171359,0.33160538983065635,0.8418509396724403,107.0,133.0,115.0,133.42100524902344
55.800000000000004,0.0,0.0,2.1614654510671015e-16,8.011070844171359,0.33160538983065635,0.8418509396724403,107.0,133.0,115.0,133.42100524902344
55.85,6.522480655455207e-07,0.0,2.1614654510671015e-16,8.011070844171359,0.33160538983065635,0.8418509396724403,107.0,133.0,115.0,133.42100524902344
55.900000000000006,1.3044962482734645e-06,0.0,2.1614654510671015e-16,8.011070844171359,0.33160538983065635,0.8418509396724403,107.0,133.0,115.0,133.42100524902344
55.95,2.574673546299723e-06,0.0,2.1614654510671015e-16,8.011070844171359,0.33160538983065635,0.8418509396724403,107.0,133.0,115.0,133.42100524902344
56.0,2.4716800422475227e-06,0.0,2.1614654510671015e-16,8.011070844171359,0.33160538983065635,0.8418509396724403,107.0,133.0,115.0,133.42100524902344
56.050000000000004,2.9866131052957114e-06,0.0,2.1614654510671015e-16,8.011070844171359,0.33160538983065635,0.8418509396724403,107.0,133.0,115.0,133.42100524902344
56.1,4.188140921195422e-06,0.0,2.1614654510671015e-16,8.011070844171359,0.33160538983065635,0.8418509396724403,107.0,133.0,115.0,133.42100524902344
56.150000000000006,4.806041303601011e-06,0.0,2.1614654510671015e-16,8.011070844171359,0.33160538983065635,0.8418509396724403,107.0,133.0,115.0,133.42100524902344
56.2,5.423943269111852e-06,0.0,2.1614654510671015e-16,8.011070844171359,0.33160538983065635,0.8418509396724403,107.0,133.0,115.0,133.42100524902344
56.25,3.776184349528542e-07,0.0,2.1614654510671015e-16,8.011070844171359,0.33160538983065635,0.8418509396724403,107.0,133.0,115.0,133.42100524902344
56.300000000000004,1.0298665522666456e-06,0.0,2.1614654510671015e-16,8.011070844171359,0.33160538983065635,0.8418509396724403,107.0,133.0,115.0,133.42100524902344
56.35,1.5448135242550473e-06,0.0,2.1614654510671015e-16,8.011070844171359,0.33160538983065635,0.8418509396724403,107.0,133.0,115.0,133.42100524902344
56.400000000000006,2.1284020598496975e-06,0.0,2.1614654510671015e-16,8.011070844171359,0.33160538983065635,0.8418509396724403,107.0,133.0,115.0,133.42100524902344
56.45,2.780652927559667e-06,0.0,2.1614654510671015e-16,8.011070844171359,0.33160538983065635,0.8418509396724403,107.0,133.0,115.0,133.42100524902344
56.5,3.3985644394967927e-06,0.0,2.1614654510671015e-16,8.011070844171359,0.33160538983065635,0.8418509396724403,107.0,133.0,115.0,133.42100524902344
56.550000000000004,3.9821498045838736e-06,0.0,2.1614654510671015e-16,8.011070844171359,0.33160538983065635,0.8418509396724403,107.0,133.0,115.0,133.42100524902344
56.6,4.600081894336875e-06,0.0,2.1614654510671015e-16,8.011070844171359,0.33160538983065635,0.8418509396724403,107.0,133.0,115.0,133.42100524902344
56.650000000000006,1.0298670115968183e-07,0.0,2.1614654510671015e-16,8.011070844171359,0.33160538983065635,0.8418509396724403,107.0,133.0,115.0,133.42100524902344
56.7,6.522727127243326e-07,0.0,2.1614654510671015e-16,8.011070844171359,0.33160538983065635,0.8418509396724403,107.0,133.0,115.0,133.42100524902344
56.75,1.3045065831419954e-06,0.0,2.1614654510671015e-16,8.011070844171359,0.33160538983065635,0.8418509396724403,107.0,133.0,115.0,133.42100524902344
56.800000000000004,1.9572042714586247e-06,0.0,2.1614654510671015e-16,8.011070844171359,0.33160538983065635,0.8418509396724403,107.0,133.0,115.0,133.42100524902344
56.85,2.6089943275867327e-06,0.0,2.1614654510671015e-16,8.011070844171359,0.33160538983065635,0.8418509396724403,107.0,133.0,115.0,133.42100524902344
56.900000000000006,3.1925811179095403e-06,0.0,2.1614654510671015e-16,8.011070844171359,0.33160538983065635,0.8418509396724403,107.0,133.0,115.0,133.42100524902344
56.95,3.7076961709007145e-06,0.0,2.1614654510671015e-16,8.011070844171359,0.33160538983065635,0.8418509396724403,107.0,133.0,115.0,133.42100524902344
57.0,4.874701265493129e-06,0.0,2.1614654510671015e-16,8.011070844171359,0.33160538983065635,0.8418509396724403,107.0,133.0,115.0,133.42100524902344
57.050000000000004,5.4926399045654145e-06,0.0,2.1614654510671015e-16,8.011070844171359,0.33160538983065635,0.8418509396724403,107.0,133.0,115.0,133.42100524902344
57.1,5.14933250163067e-07,0.0,2.1614654510671015e-16,8.011070844171359,0.33160538983065635,0.8418509396724403,107.0,133.0,115.0,133.42100524902344
57.150000000000006,1.1671814913285983e-06,0.0,2.1614654510671015e-16,8.011070844171359,0.33160538983065635,0.8418509396724403,107.0,133.0,115.0,133.42100524902344
57.2,1.7850998305333242e-06,0.0,2.1614654510671015e-16,8.011070844171359,0.33160538983065635,0.8418509396724403,107.0,133.0,115.0,133.42100524902344
57.25,2.3000426194509812e-06,0.0,2.1614654510671015e-16,8.011070844171359,0.33160538983065635,0.8418509396724403,107.0,133.0,115.0,133.42100524902344
57.300000000000004,3.4328944842165195e-06,0.0,2.1614654510671015e-16,8.011070844171359,0.33160538983065635,0.8418509396724403,107.0,133.0,115.0,133.42100524902344
57.35,3.3985919216376864e-06,0.0,2.1614654510671015e-16,8.011070844171359,0.33160538983065635,0.8418509396724403,107.0,133.0,115.0,133.42100524902344
57.400000000000006,4.016509845058425e-06,0.0,2.1614654510671015e-16,8.011070844171359,0.33160538983065635,0.8418509396724403,107.0,133.0,115.0,133.42100524902344
57.45,4.634406147330185e-06,0.0,2.1614654510671015e-16,8.011070844171359,0.33160538983065635,0.8418509396724403,107.0,133.0,115.0,133.42100524902344
57.5,2.4030182969365314e-07,0.0,2.1614654510671015e-16,8.011070844171359,0.33160538983065635,0.8418509396724403,107.0,133.0,115.0,133.42100524902344
57.550000000000004,8.925518820464802e-07,0.0,2.1614654510671015e-16,8.011070844171359,0.33160538983065635,0.8418509396724403,107.0,133.0,115.0,133.42100524902344
57.6,1.5448000601229945e-06,0.0,2.1614654510671015e-16,8.011070844171359,0.33160538983065635,0.8418509396724403,107.0,133.0,115.0,133.42100524902344
57.650000000000006,2.197579112218305e-06,0.0,2.1614654510671015e-16,8.011070844171359,0.33160538983065635,0.8418509396724403,107.0,133.0,115.0,133.42100524902344
57.7,2.7119817326146404e-06,0.0,2.1614654510671015e-16,8.011070844171359,0.33160538983065635,0.8418509396724403,107.0,133.0,115.0,133.42100524902344
57.75,3.2269271710105095e-06,0.0,2.1614654510671015e-16,8.011070844171359,0.33160538983065635,0.8418509396724403,107.0,133.0,115.0,133.42100524902344
57.800000000000004,3.7418574498048454e-06,0.0,2.1614654510671015e-16,8.011070844171359,0.33160538983065635,0.8418509396724403,107.0,133.0,115.0,133.42100524902344
57.85,4.359863225574098e-06,0.0,2.1614654510671015e-16,8.011070844171359,0.33160538983065635,0.8418509396724403,107.0,133.0,115.0,133.42100524902344
57.900000000000006,0.0,0.0,2.1614654510671015e-16,8.011070844171359,0.33160538983065635,0.8418509396724403,107.0,133.0,115.0,133.42100524902344
57.95,6.522480655455207e-07,0.0,2.1614654510671015e-16,8.011070844171359,0.33160538983065635,0.8418509396724403,107.0,133.0,115.0,133.42100524902344
58.0,1.3044962482734645e-06,0.0,2.1614654510671015e-16,8.011070844171359,0.33160538983065635,0.8418509396724403,107.0,133.0,115.0,133.42100524902344
58.050000000000004,1.956744515442044e-06,0.0,2.1614654510671015e-16,8.011070844171359,0.33160538983065635,0.8418509396724403,107.0,133.0,115.0,133.42100524902344
58.1,2.5060077193633263e-06,0.0,2.1614654510671015e-16,8.011070844171359,0.33160538983065635,0.8418509396724403,107.0,133.0,115.0,133.42100524902344
58.150000000000006,3.0211723357190396e-06,0.0,2.1614654510671015e-16,8.011070844171359,0.33160538983065635,0.8418509396724403,107.0,133.0,115.0,133.42100524902344
58.2,4.153800157381382e-06,0.0,2.1614654510671015e-16,8.011070844171359,0.33160538983065635,0.8418509396724403,107.0,133.0,115.0,133.42100524902344
58.25,4.737402672754322e-06,0.0,2.1614654510671015e-16,8.011070844171359,0.33160538983065635,0.8418509396724403,107.0,133.0,115.0,133.42100524902344
58.300000000000004,5.355301054517158e-06,0.0,2.1614654510671015e-16,8.011070844171359,0.33160538983065635,0.8418509396724403,107.0,133.0,115.0,133.42100524902344
58.35,3.776184349528542e-07,0.0,2.1614654510671015e-16,8.011070844171359,0.33160538983065635,0.8418509396724403,107.0,133.0,115.0,133.42100524902344
58.400000000000006,1.0298666340650678e-06,0.0,2.1614654510671015e-16,8.011070844171359,0.33160538983065635,0.8418509396724403,107.0,133.0,115.0,133.42100524902344
58.45,1.682114910347277e-06,0.0,2.1614654510671015e-16,8.011070844171359,0.33160538983065635,0.8418509396724403,107.0,133.0,115.0,133.42100524902344
58.5,2.265703283397558e-06,0.0,2.1614654510671015e-16,8.011070844171359,0.33160538983065635,0.8418509396724403,107.0,133.0,115.0,133.42100524902344
58.550000000000004,2.7806478675407016e-06,0.0,2.1614654510671015e-16,8.011070844171359,0.33160538983065635,0.8418509396724403,107.0,133.0,115.0,133.42100524902344
58.6,3.2956001183646816e-06,0.0,2.1614654510671015e-16,8.011070844171359,0.33160538983065635,0.8418509396724403,107.0,133.0,115.0,133.42100524902344
58.650000000000006,3.9135121205896745e-06,0.0,2.1614654510671015e-16,8.011070844171359,0.33160538983065635,0.8418509396724403,107.0,133.0,115.0,133.42100524902344
58.7,4.531397400413838e-06,0.0,2.1614654510671015e-16,8.011070844171359,0.33160538983065635,0.8418509396724403,107.0,133.0,115.0,133.42100524902344
58.75,1.0298664732723879e-07,0.0,2.1614654510671015e-16,8.011070844171359,0.33160538983065635,0.8418509396724403,107.0,133.0,115.0,133.42100524902344
58.800000000000004,7.552334510936355e-07,0.0,2.1614654510671015e-16,8.011070844171359,0.33160538983065635,0.8418509396724403,107.0,133.0,115.0,133.42100524902344
58.85,1.4074816319951704e-06,0.0,2.1614654510671015e-16,8.011070844171359,0.33160538983065635,0.8418509396724403,107.0,133.0,115.0,133.42100524902344
58.900000000000006,1.9228842782203634e-06,0.0,2.1614654510671015e-16,8.011070844171359,0.33160538983065635,0.8418509396724403,107.0,133.0,115.0,133.42100524902344
58.95,2.437372766032031e-06,0.0,2.1614654510671015e-16,8.011070844171359,0.33160538983065635,0.8418509396724403,107.0,133.0,115.0,133.42100524902344
59.0,3.020943822579016e-06,0.0,2.1614654510671015e-16,8.011070844171359,0.33160538983065635,0.8418509396724403,107.0,133.0,115.0,133.42100524902344
59.050000000000004,3.6733534145717685e-06,0.0,2.1614654510671015e-16,8.011070844171359,0.33160538983065635,0.8418509396724403,107.0,133.0,115.0,133.42100524902344
59.1,4.9433428268957576e-06,0.0,2.1614654510671015e-16,8.011070844171359,0.33160538983065635,0.8418509396724403,107.0,133.0,115.0,133.42100524902344
59.150000000000006,5.561281624795317e-06,0.0,2.1614654510671015e-16,8.011070844171359,0.33160538983065635,0.8418509396724403,107.0,133.0,115.0,133.42100524902344
59.2,5.14933250163067e-07,0.0,2.1614654510671015e-16,8.011070844171359,0.33160538983065635,0.8418509396724403,107.0,133.0,115.0,133.42100524902344
59.25,1.1328520559159342e-06,0.0,2.1614654510671015e-16,8.011070844171359,0.33160538983065635,0.8418509396724403,107.0,133.0,115.0,133.42100524902344
59.300000000000004,1.6821279223130822e-06,0.0,2.1614654510671015e-16,8.011070844171359,0.33160538983065635,0.8418509396724403,107.0,133.0,115.0,133.42100524902344
59.35,2.265715341820626e-06,0.0,2.1614654510671015e-16,8.011070844171359,0.33160538983065635,0.8418509396724403,107.0,133.0,115.0,133.42100524902344
59.400000000000006,3.5358708160070646e-06,0.0,2.1614654510671015e-16,8.011070844171359,0.33160538983065635,0.8418509396724403,107.0,133.0,115.0,133.42100524902344
59.45,3.5015535323448932e-06,0.0,2.1614654510671015e-16,8.011070844171359,0.33160538983065635,0.8418509396724403,107.0,133.0,115.0,133.42100524902344
59.5,4.085149475033669e-06,0.0,2.1614654510671015e-16,8.011070844171359,0.33160538983065635,0.8418509396724403,107.0,133.0,115.0,133.42100524902344
59.550000000000004,4.6687480525144735e-06,0.0,2.1614654510671015e-16,8.011070844171359,0.33160538983065635,0.8418509396724403,107.0,133.0,115.0,133.42100524902344
59.6,2.0597813092397918e-07,0.0,2.1614654510671015e-16,8.011070844171359,0.33160538983065635,0.8418509396724403,107.0,133.0,115.0,133.42100524902344
59.650000000000006,8.582259504509205e-07,0.0,2.1614654510671015e-16,8.011070844171359,0.33160538983065635,0.8418509396724403,107.0,133.0,115.0,133.42100524902344
59.7,1.5104716081229014e-06,0.0,2.1614654510671015e-16,8.011070844171359,0.33160538983065635,0.8418509396724403,107.0,133.0,115.0,133.42100524902344
59.75,2.094060343878151e-06,0.0,2.1614654510671015e-16,8.011070844171359,0.33160538983065635,0.8418509396724403,107.0,133.0,115.0,133.42100524902344
59.800000000000004,2.6090154908989315e-06,0.0,2.1614654510671015e-16,8.011070844171359,0.33160538983065635,0.8418509396724403,107.0,133.0,115.0,133.42100524902344
59.85,3.2269326645085373e-06,0.0,2.1614654510671015e-16,8.011070844171359,0.33160538983065635,0.8418509396724403,107.0,133.0,115.0,133.42100524902344
59.900000000000006,3.844839615527196e-06,0.0,2.1614654510671015e-16,8.011070844171359,0.33160538983065635,0.8418509396724403,107.0,133.0,115.0,133.42100524902344
59.95,4.4972299031131675e-06,0.0,2.1614654510671015e-16,8.011070844171359,0.33160538983065635,0.8418509396724403,107.0,133.0,115.0,133.42100524902344
60.0,0.0,0.0,2.1614654510671015e-16,8.011070844171359,0.33160538983065635,0.8418509396724403,107.0,133.0,115.0,133.42100524902344
60.050000000000004,6.17920064744765e-07,0.0,2.1614654510671015e-16,8.011070844171359,0.33160538983065635,0.8418509396724403,107.0,133.0,115.0,133.42100524902344
60.1,1.2701690249660335e-06,0.0,2.1614654510671015e-16,8.011070844171359,0.33160538983065635,0.8418509396724403,107.0,133.0,115.0,133.42100524902344
60.150000000000006,1.8537655303619328e-06,0.0,2.1614654510671015e-16,8.011070844171359,0.33160538983065635,0.8418509396724403,107.0,133.0,115.0,133.42100524902344
60.2,2.403032248856694e-06,0.0,2.1614654510671015e-16,8.011070844171359,0.33160538983065635,0.8418509396724403,107.0,133.0,115.0,133.42100524902344
60.25,3.02115084084938e-06,0.0,2.1614654510671015e-16,8.011070844171359,0.33160538983065635,0.8418509396724403,107.0,133.0,115.0,133.42100524902344
60.300000000000004,4.2910957184785645e-06,0.0,2.1614654510671015e-16,8.011070844171359,0.33160538983065635,0.8418509396724403,107.0,133.0,115.0,133.42100524902344
60.35,4.29110337076513e-06,0.0,2.1614654510671015e-16,8.011070844171359,0.33160538983065635,0.8418509396724403,107.0,133.0,115.0,133.42100524902344
60.400000000000006,4.874701613007371e-06,0.0,2.1614654510671015e-16,8.011070844171359,0.33160538983065635,0.8418509396724403,107.0,133.0,115.0,133.42100524902344
60.45,3.0897389774710667e-07,0.0,2.1614654510671015e-16,8.011070844171359,0.33160538983065635,0.8418509396724403,107.0,133.0,115.0,133.42100524902344
60.5,9.268950248328024e-07,0.0,2.1614654510671015e-16,8.011070844171359,0.33160538983065635,0.8418509396724403,107.0,133.0,115.0,133.42100524902344
60.550000000000004,1.5791342652442074e-06,0.0,2.1614654510671015e-16,8.011070844171359,0.33160538983065635,0.8418509396724403,107.0,133.0,115.0,133.42100524902344
60.6,2.1970471902951602e-06,0.0,2.1614654510671015e-16,8.011070844171359,0.33160538983065635,0.8418509396724403,107.0,133.0,115.0,133.42100524902344
60.650000000000006,2.8492940509521758e-06,0.0,2.1614654510671015e-16,8.011070844171359,0.33160538983065635,0.8418509396724403,107.0,133.0,115.0,133.42100524902344
60.7,3.3642348024025784e-06,0.0,2.1614654510671015e-16,8.011070844171359,0.33160538983065635,0.8418509396724403,107.0,133.0,115.0,133.42100524902344
60.75,3.879168000955905e-06,0.0,2.1614654510671015e-16,8.011070844171359,0.33160538983065635,0.8418509396724403,107.0,133.0,115.0,133.42100524902344
60.800000000000004,4.462751570825133e-06,0.0,2.1614654510671015e-16,8.011070844171359,0.33160538983065635,0.8418509396724403,107.0,133.0,115.0,133.42100524902344
60.85,1.0298664732723879e-07,0.0,2.1614654510671015e-16,8.011070844171359,0.33160538983065635,0.8418509396724403,107.0,133.0,115.0,133.42100524902344
60.900000000000006,7.552334510936355e-07,0.0,2.1614654510671015e-16,8.011070844171359,0.33160538983065635,0.8418509396724403,107.0,133.0,115.0,133.42100524902344
60.95,1.4074815211867105e-06,0.0,2.1614654510671015e-16,8.011070844171359,0.33160538983065635,0.8418509396724403,107.0,133.0,115.0,133.42100524902344
61.0,1.92285071457672e-06,0.0,2.1614654510671015e-16,8.011070844171359,0.33160538983065635,0.8418509396724403,107.0,133.0,115.0,133.42100524902344
61.050000000000004,2.4373795094353985e-06,0.0,2.1614654510671015e-16,8.011070844171359,0.33160538983065635,0.8418509396724403,107.0,133.0,115.0,133.42100524902344
61.1,3.0552703332868715e-06,0.0,2.1614654510671015e-16,8.011070844171359,0.33160538983065635,0.8418509396724403,107.0,133.0,115.0,133.42100524902344
61.150000000000006,3.707710447938568e-06,0.0,2.1614654510671015e-16,8.011070844171359,0.33160538983065635,0.8418509396724403,107.0,133.0,115.0,133.42100524902344
61.2,4.977685617549145e-06,0.0,2.1614654510671015e-16,8.011070844171359,0.33160538983065635,0.8418509396724403,107.0,133.0,115.0,133.42100524902344
61.25,5.595588539769837e-06,0.0,2.1614654510671015e-16,8.011070844171359,0.33160538983065635,0.8418509396724403,107.0,133.0,115.0,133.42100524902344
61.300000000000004,4.119690580818068e-07,0.0,2.1614654510671015e-16,8.011070844171359,0.33160538983065635,0.8418509396724403,107.0,133.0,115.0,133.42100524902344
61.35,1.0642074579736031e-06,0.0,2.1614654510671015e-16,8.011070844171359,0.33160538983065635,0.8418509396724403,107.0,133.0,115.0,133.42100524902344
61.400000000000006,1.7164483912919728e-06,0.0,2.1614654510671015e-16,8.011070844171359,0.33160538983065635,0.8418509396724403,107.0,133.0,115.0,133.42100524902344
61.45,2.3343655286686367e-06,0.0,2.1614654510671015e-16,8.011070844171359,0.33160538983065635,0.8418509396724403,107.0,133.0,115.0,133.42100524902344
61.5,3.6045376849790493e-06,0.0,2.1614654510671015e-16,8.011070844171359,0.33160538983065635,0.8418509396724403,107.0,133.0,115.0,133.42100524902344
61.550000000000004,3.5015533670627224e-06,0.0,2.1614654510671015e-16,8.011070844171359,0.33160538983065635,0.8418509396724403,107.0,133.0,115.0,133.42100524902344
61.6,4.016515436561608e-06,0.0,2.1614654510671015e-16,8.011070844171359,0.33160538983065635,0.8418509396724403,107.0,133.0,115.0,133.42100524902344
61.650000000000006,4.634413439882316e-06,0.0,2.1614654510671015e-16,8.011070844171359,0.33160538983065635,0.8418509396724403,107.0,133.0,115.0,133.42100524902344
61.7,2.4030182969365314e-07,0.0,2.1614654510671015e-16,8.011070844171359,0.33160538983065635,0.8418509396724403,107.0,133.0,115.0,133.42100524902344
61.75,8.925518820464802e-07,0.0,2.1614654510671015e-16,8.011070844171359,0.33160538983065635,0.8418509396724403,107.0,133.0,115.0,133.42100524902344
61.800000000000004,1.5104702265138273e-06,0.0,2.1614654510671015e-16,8.011070844171359,0.33160538983065635,0.8418509396724403,107.0,133.0,115.0,133.42100524902344
61.85,2.02540340159674e-06,0.0,2.1614654510671015e-16,8.011070844171359,0.33160538983065635,0.8418509396724403,107.0,133.0,115.0,133.42100524902344
61.900000000000006,2.57469350287345e-06,0.0,2.1614654510671015e-16,8.011070844171359,0.33160538983065635,0.8418509396724403,107.0,133.0,115.0,133.42100524902344
61.95,3.192597975595406e-06,0.0,2.1614654510671015e-16,8.011070844171359,0.33160538983065635,0.8418509396724403,107.0,133.0,115.0,133.42100524902344
62.0,3.8104941331433095e-06,0.0,2.1614654510671015e-16,8.011070844171359,0.33160538983065635,0.8418509396724403,107.0,133.0,115.0,133.42100524902344
62.050000000000004,4.462900170782278e-06,0.0,2.1614654510671015e-16,8.011070844171359,0.33160538983065635,0.8418509396724403,107.0,133.0,115.0,133.42100524902344
62.1,0.0,0.0,2.1614654510671015e-16,8.011070844171359,0.33160538983065635,0.8418509396724403,107.0,133.0,115.0,133.42100524902344
62.150000000000006,5.149668596554379e-07,0.0,2.1614654510671015e-16,8.011070844171359,0.33160538983065635,0.8418509396724403,107.0,133.0,115.0,133.42100524902344
62.2,1.1671949135168482e-06,0.0,2.1614654510671015e-16,8.011070844171359,0.33160538983065635,0.8418509396724403,107.0,133.0,115.0,133.42100524902344
62.25,2.4373493237663592e-06,0.0,2.1614654510671015e-16,8.011070844171359,0.33160538983065635,0.8418509396724403,107.0,133.0,115.0,133.42100524902344
62.300000000000004,2.4373506036243046e-06,0.0,2.1614654510671015e-16,8.011070844171359,0.33160538983065635,0.8418509396724403,107.0,133.0,115.0,133.42100524902344
62.35,3.0899050844963237e-06,0.0,2.1614654510671015e-16,8.011070844171359,0.33160538983065635,0.8418509396724403,107.0,133.0,115.0,133.42100524902344
62.400000000000006,4.222442318126772e-06,0.0,2.1614654510671015e-16,8.011070844171359,0.33160538983065635,0.8418509396724403,107.0,133.0,115.0,133.42100524902344
62.45,4.7373950026951905e-06,0.0,2.1614654510671015e-16,8.011070844171359,0.33160538983065635,0.8418509396724403,107.0,133.0,115.0,133.42100524902344
62.5,5.320996671117691e-06,0.0,2.1614654510671015e-16,8.011070844171359,0.33160538983065635,0.8418509396724403,107.0,133.0,115.0,133.42100524902344
62.550000000000004,3.776184349528542e-07,0.0,2.1614654510671015e-16,8.011070844171359,0.33160538983065635,0.8418509396724403,107.0,133.0,115.0,133.42100524902344
62.6,1.0298666340650678e-06,0.0,2.1614654510671015e-16,8.011070844171359,0.33160538983065635,0.8418509396724403,107.0,133.0,115.0,133.42100524902344
62.650000000000006,1.6821148121327992e-06,0.0,2.1614654510671015e-16,8.011070844171359,0.33160538983065635,0.8418509396724403,107.0,133.0,115.0,133.42100524902344
62.7,2.1970486189665356e-06,0.0,2.1614654510671015e-16,8.011070844171359,0.33160538983065635,0.8418509396724403,107.0,133.0,115.0,133.42100524902344
62.75,3.3299067852151934e-06,0.0,2.1614654510671015e-16,8.011070844171359,0.33160538983065635,0.8418509396724403,107.0,133.0,115.0,133.42100524902344
62.800000000000004,3.295607880827262e-06,0.0,2.1614654510671015e-16,8.011070844171359,0.33160538983065635,0.8418509396724403,107.0,133.0,115.0,133.42100524902344
62.85,3.91351212071226e-06,0.0,2.1614654510671015e-16,8.011070844171359,0.33160538983065635,0.8418509396724403,107.0,133.0,115.0,133.42100524902344
62.900000000000006,4.531408710638711e-06,0.0,2.1614654510671015e-16,8.011070844171359,0.33160538983065635,0.8418509396724403,107.0,133.0,115.0,133.42100524902344
62.95,1.0298664732723879e-07,0.0,2.1614654510671015e-16,8.011070844171359,0.33160538983065635,0.8418509396724403,107.0,133.0,115.0,133.42100524902344
63.0,7.552334510936355e-07,0.0,2.1614654510671015e-16,8.011070844171359,0.33160538983065635,0.8418509396724403,107.0,133.0,115.0,133.42100524902344
63.050000000000004,1.4074816319951704e-06,0.0,2.1614654510671015e-16,8.011070844171359,0.33160538983065635,0.8418509396724403,107.0,133.0,115.0,133.42100524902344
63.1,2.6776629059145735e-06,0.0,2.1614654510671015e-16,8.011070844171359,0.33160538983065635,0.8418509396724403,107.0,133.0,115.0,133.42100524902344
63.150000000000006,2.5746646715283368e-06,0.0,2.1614654510671015e-16,8.011070844171359,0.33160538983065635,0.8418509396724403,107.0,133.0,115.0,133.42100524902344
63.2,3.0895976141906435e-06,0.0,2.1614654510671015e-16,8.011070844171359,0.33160538983065635,0.8418509396724403,107.0,133.0,115.0,133.42100524902344
63.25,3.6046630308504803e-06,0.0,2.1614654510671015e-16,8.011070844171359,0.33160538983065635,0.8418509396724403,107.0,133.0,115.0,133.42100524902344
63.300000000000004,4.806057514651119e-06,0.0,2.1614654510671015e-16,8.011070844171359,0.33160538983065635,0.8418509396724403,107.0,133.0,115.0,133.42100524902344
63.35,4.806119589941418e-06,0.0,2.1614654510671015e-16,8.011070844171359,0.33160538983065635,0.8418509396724403,107.0,133.0,115.0,133.42100524902344
63.400000000000006,5.14933250163067e-07,0.0,2.1614654510671015e-16,8.011070844171359,0.33160538983065635,0.8418509396724403,107.0,133.0,115.0,133.42100524902344
63.45,1.1671814913285983e-06,0.0,2.1614654510671015e-16,8.011070844171359,0.33160538983065635,0.8418509396724403,107.0,133.0,115.0,133.42100524902344
63.5,1.8194296607507589e-06,0.0,2.1614654510671015e-16,8.011070844171359,0.33160538983065635,0.8418509396724403,107.0,133.0,115.0,133.42100524902344
63.550000000000004,2.403018149434092e-06,0.0,2.1614654510671015e-16,8.011070844171359,0.33160538983065635,0.8418509396724403,107.0,133.0,115.0,133.42100524902344
63.6,3.5358708039852056e-06,0.0,2.1614654510671015e-16,8.011070844171359,0.33160538983065635,0.8418509396724403,107.0,133.0,115.0,133.42100524902344
63.650000000000006,3.432914080119576e-06,0.0,2.1614654510671015e-16,8.011070844171359,0.33160538983065635,0.8418509396724403,107.0,133.0,115.0,133.42100524902344
63.7,3.982185304466161e-06,0.0,2.1614654510671015e-16,8.011070844171359,0.33160538983065635,0.8418509396724403,107.0,133.0,115.0,133.42100524902344
63.75,4.600114036891533e-06,0.0,2.1614654510671015e-16,8.011070844171359,0.33160538983065635,0.8418509396724403,107.0,133.0,115.0,133.42100524902344
63.800000000000004,2.4030182969365314e-07,0.0,2.1614654510671015e-16,8.011070844171359,0.33160538983065635,0.8418509396724403,107.0,133.0,115.0,133.42100524902344
63.85,8.925518820464802e-07,0.0,2.1614654510671015e-16,8.011070844171359,0.33160538983065635,0.8418509396724403,107.0,133.0,115.0,133.42100524902344
63.900000000000006,1.5448000601229945e-06,0.0,2.1614654510671015e-16,8.011070844171359,0.33160538983065635,0.8418509396724403,107.0,133.0,115.0,133.42100524902344
63.95,2.197579112218305e-06,0.0,2.1614654510671015e-16,8.011070844171359,0.33160538983065635,0.8418509396724403,107.0,133.0,115.0,133.42100524902344
64.0,2.7119817326146404e-06,0.0,2.1614654510671015e-16,8.011070844171359,0.33160538983065635,0.8418509396724403,107.0,133.0,115.0,133.42100524902344
64.05,3.2269271710105095e-06,0.0,2.1614654510671015e-16,8.011070844171359,0.33160538983065635,0.8418509396724403,107.0,133.0,115.0,133.42100524902344
64.10000000000001,3.7418574498048454e-06,0.0,2.1614654510671015e-16,8.011070844171359,0.33160538983065635,0.8418509396724403,107.0,133.0,115.0,133.42100524902344
64.15,4.39418042033974e-06,0.0,2.1614654510671015e-16,8.011070844171359,0.33160538983065635,0.8418509396724403,107.0,133.0,115.0,133.42100524902344
64.2,0.0,0.0,2.1614654510671015e-16,8.011070844171359,0.33160538983065635,0.8418509396724403,107.0,133.0,115.0,133.42100524902344
64.25,6.522480655455207e-07,0.0,2.1614654510671015e-16,8.011070844171359,0.33160538983065635,0.8418509396724403,107.0,133.0,115.0,133.42100524902344
64.3,1.3044962482734645e-06,0.0,2.1614654510671015e-16,8.011070844171359,0.33160538983065635,0.8418509396724403,107.0,133.0,115.0,133.42100524902344
64.35000000000001,1.956744515442044e-06,0.0,2.1614654510671015e-16,8.011070844171359,0.33160538983065635,0.8418509396724403,107.0,133.0,115.0,133.42100524902344
64.4,2.5060077193633263e-06,0.0,2.1614654510671015e-16,8.011070844171359,0.33160538983065635,0.8418509396724403,107.0,133.0,115.0,133.42100524902344
64.45,3.0211723357180215e-06,0.0,2.1614654510671015e-16,8.011070844171359,0.33160538983065635,0.8418509396724403,107.0,133.0,115.0,133.42100524902344
64.5,4.153800157381382e-06,0.0,2.1614654510671015e-16,8.011070844171359,0.33160538983065635,0.8418509396724403,107.0,133.0,115.0,133.42100524902344
64.55,4.737402672754322e-06,0.0,2.1614654510671015e-16,8.011070844171359,0.33160538983065635,0.8418509396724403,107.0,133.0,115.0,133.42100524902344
64.60000000000001,5.355301054517158e-06,0.0,2.1614654510671015e-16,8.011070844171359,0.33160538983065635,0.8418509396724403,107.0,133.0,115.0,133.42100524902344
64.65,3.776184349528542e-07,0.0,2.1614654510671015e-16,8.011070844171359,0.33160538983065635,0.8418509396724403,107.0,133.0,115.0,133.42100524902344
64.7,1.0298666340650678e-06,0.0,2.1614654510671015e-16,8.011070844171359,0.33160538983065635,0.8418509396724403,107.0,133.0,115.0,133.42100524902344
64.75,1.682114910347277e-06,0.0,2.1614654510671015e-16,8.011070844171359,0.33160538983065635,0.8418509396724403,107.0,133.0,115.0,133.42100524902344
64.8,2.3000436107517032e-06,0.0,2.1614654510671015e-16,8.011070844171359,0.33160538983065635,0.8418509396724403,107.0,133.0,115.0,133.42100524902344
64.85000000000001,2.8149733818076557e-06,0.0,2.1614654510671015e-16,8.011070844171359,0.33160538983065635,0.8418509396724403,107.0,133.0,115.0,133.42100524902344
64.9,3.3299233566558145e-06,0.0,2.1614654510671015e-16,8.011070844171359,0.33160538983065635,0.8418509396724403,107.0,133.0,115.0,133.42100524902344
64.95,3.844879392197436e-06,0.0,2.1614654510671015e-16,8.011070844171359,0.33160538983065635,0.8418509396724403,107.0,133.0,115.0,133.42100524902344
65.0,4.462778511114209e-06,0.0,2.1614654510671015e-16,8.011070844171359,0.33160538983065635,0.8418509396724403,107.0,133.0,115.0,133.42100524902344
65.05,1.0298664732723879e-07,0.0,2.1614654510671015e-16,8.011070844171359,0.33160538983065635,0.8418509396724403,107.0,133.0,115.0,133.42100524902344
65.10000000000001,7.552334510936355e-07,0.0,2.1614654510671015e-16,8.011070844171359,0.33160538983065635,0.8418509396724403,107.0,133.0,115.0,133.42100524902344
65.15,1.4074816319951704e-06,0.0,2.1614654510671015e-16,8.011070844171359,0.33160538983065635,0.8418509396724403,107.0,133.0,115.0,133.42100524902344
65.2,2.060299582103584e-06,0.0,2.1614654510671015e-16,8.011070844171359,0.33160538983065635,0.8418509396724403,107.0,133.0,115.0,133.42100524902344
65.25,2.5746671313268217e-06,0.0,2.1614654510671015e-16,8.011070844171359,0.33160538983065635,0.8418509396724403,107.0,133.0,115.0,133.42100524902344
65.3,3.0895997590245306e-06,0.0,2.1614654510671015e-16,8.011070844171359,0.33160538983065635,0.8418509396724403,107.0,133.0,115.0,133.42100524902344
65.35000000000001,3.6733254131984706e-06,0.0,2.1614654510671015e-16,8.011070844171359,0.33160538983065635,0.8418509396724403,107.0,133.0,115.0,133.42100524902344
65.4,4.943346910561773e-06,0.0,2.1614654510671015e-16,8.011070844171359,0.33160538983065635,0.8418509396724403,107.0,133.0,115.0,133.42100524902344
65.45,5.561284460292654e-06,0.0,2.1614654510671015e-16,8.011070844171359,0.33160538983065635,0.8418509396724403,107.0,133.0,115.0,133.42100524902344
65.5,5.14933250163067e-07,0.0,2.1614654510671015e-16,8.011070844171359,0.33160538983065635,0.8418509396724403,107.0,133.0,115.0,133.42100524902344
65.55,1.1671814913285983e-06,0.0,2.1614654510671015e-16,8.011070844171359,0.33160538983065635,0.8418509396724403,107.0,133.0,115.0,133.42100524902344
65.60000000000001,1.7507713332255815e-06,0.0,2.1614654510671015e-16,8.011070844171359,0.33160538983065635,0.8418509396724403,107.0,133.0,115.0,133.42100524902344
65.65,2.2657183056394175e-06,0.0,2.1614654510671015e-16,8.011070844171359,0.33160538983065635,0.8418509396724403,107.0,133.0,115.0,133.42100524902344
65.7,3.467221137631946e-06,0.0,2.1614654510671015e-16,8.011070844171359,0.33160538983065635,0.8418509396724403,107.0,133.0,115.0,133.42100524902344
65.75,3.467232228409561e-06,0.0,2.1614654510671015e-16,8.011070844171359,0.33160538983065635,0.8418509396724403,107.0,133.0,115.0,133.42100524902344
65.8,4.085147937120226e-06,0.0,2.1614654510671015e-16,8.011070844171359,0.33160538983065635,0.8418509396724403,107.0,133.0,115.0,133.42100524902344
65.85000000000001,4.70304640199816e-06,0.0,2.1614654510671015e-16,8.011070844171359,0.33160538983065635,0.8418509396724403,107.0,133.0,115.0,133.42100524902344
65.9,2.0597813092397918e-07,0.0,2.1614654510671015e-16,8.011070844171359,0.33160538983065635,0.8418509396724403,107.0,133.0,115.0,133.42100524902344
65.95,7.552676566825205e-07,0.0,2.1614654510671015e-16,8.011070844171359,0.33160538983065635,0.8418509396724403,107.0,133.0,115.0,133.42100524902344
66.0,1.4074975278034917e-06,0.0,2.1614654510671015e-16,8.011070844171359,0.33160538983065635,0.8418509396724403,107.0,133.0,115.0,133.42100524902344
66.05,2.0254034455041733e-06,0.0,2.1614654510671015e-16,8.011070844171359,0.33160538983065635,0.8418509396724403,107.0,133.0,115.0,133.42100524902344
66.10000000000001,2.6776558099543816e-06,0.0,2.1614654510671015e-16,8.011070844171359,0.33160538983065635,0.8418509396724403,107.0,133.0,115.0,133.42100524902344
66.15,3.261245129485683e-06,0.0,2.1614654510671015e-16,8.011070844171359,0.33160538983065635,0.8418509396724403,107.0,133.0,115.0,133.42100524902344
66.2,3.913685881121438e-06,0.0,2.1614654510671015e-16,8.011070844171359,0.33160538983065635,0.8418509396724403,107.0,133.0,115.0,133.42100524902344
66.25,4.4285565914858564e-06,0.0,2.1614654510671015e-16,8.011070844171359,0.33160538983065635,0.8418509396724403,107.0,133.0,115.0,133.42100524902344
66.3,0.0,0.0,2.1614654510671015e-16,8.011070844171359,0.33160538983065635,0.8418509396724403,107.0,133.0,115.0,133.42100524902344
66.35000000000001,6.17920064744765e-07,0.0,2.1614654510671015e-16,8.011070844171359,0.33160538983065635,0.8418509396724403,107.0,133.0,115.0,133.42100524902344
66.4,1.2701690249660335e-06,0.0,2.1614654510671015e-16,8.011070844171359,0.33160538983065635,0.8418509396724403,107.0,133.0,115.0,133.42100524902344
66.45,2.5060094910430835e-06,0.0,2.1614654510671015e-16,8.011070844171359,0.33160538983065635,0.8418509396724403,107.0,133.0,115.0,133.42100524902344
66.5,2.403038450914376e-06,0.0,2.1614654510671015e-16,8.011070844171359,0.33160538983065635,0.8418509396724403,107.0,133.0,115.0,133.42100524902344
66.55,3.0211345472242797e-06,0.0,2.1614654510671015e-16,8.011070844171359,0.33160538983065635,0.8418509396724403,107.0,133.0,115.0,133.42100524902344
66.60000000000001,4.291095718563241e-06,0.0,2.1614654510671015e-16,8.011070844171359,0.33160538983065635,0.8418509396724403,107.0,133.0,115.0,133.42100524902344
66.65,4.909033727059847e-06,0.0,2.1614654510671015e-16,8.011070844171359,0.33160538983065635,0.8418509396724403,107.0,133.0,115.0,133.42100524902344
66.7,4.909039252042256e-06,0.0,2.1614654510671015e-16,8.011070844171359,0.33160538983065635,0.8418509396724403,107.0,133.0,115.0,133.42100524902344
66.75,3.0897389774710667e-07,0.0,2.1614654510671015e-16,8.011070844171359,0.33160538983065635,0.8418509396724403,107.0,133.0,115.0,133.42100524902344
66.8,8.925808615622704e-07,0.0,2.1614654510671015e-16,8.011070844171359,0.33160538983065635,0.8418509396724403,107.0,133.0,115.0,133.42100524902344
66.85000000000001,1.5448144479615952e-06,0.0,2.1614654510671015e-16,8.011070844171359,0.33160538983065635,0.8418509396724403,107.0,133.0,115.0,133.42100524902344
66.9,2.162724531767182e-06,0.0,2.1614654510671015e-16,8.011070844171359,0.33160538983065635,0.8418509396724403,107.0,133.0,115.0,133.42100524902344
66.95,3.4328854518621343e-06,0.0,2.1614654510671015e-16,8.011070844171359,0.33160538983065635,0.8418509396724403,107.0,133.0,115.0,133.42100524902344
67.0,3.398558637013993e-06,0.0,2.1614654510671015e-16,8.011070844171359,0.33160538983065635,0.8418509396724403,107.0,133.0,115.0,133.42100524902344
67.05,3.913502359469102e-06,0.0,2.1614654510671015e-16,8.011070844171359,0.33160538983065635,0.8418509396724403,107.0,133.0,115.0,133.42100524902344
67.10000000000001,4.497091929820877e-06,0.0,2.1614654510671015e-16,8.011070844171359,0.33160538983065635,0.8418509396724403,107.0,133.0,115.0,133.42100524902344
67.15,1.0298664732723879e-07,0.0,2.1614654510671015e-16,8.011070844171359,0.33160538983065635,0.8418509396724403,107.0,133.0,115.0,133.42100524902344
67.2,7.552334510936355e-07,0.0,2.1614654510671015e-16,8.011070844171359,0.33160538983065635,0.8418509396724403,107.0,133.0,115.0,133.42100524902344
67.25,1.3045011115906207e-06,0.0,2.1614654510671015e-16,8.011070844171359,0.33160538983065635,0.8418509396724403,107.0,133.0,115.0,133.42100524902344
67.3,2.5403343757799555e-06,0.0,2.1614654510671015e-16,8.011070844171359,0.33160538983065635,0.8418509396724403,107.0,133.0,115.0,133.42100524902344
67.35000000000001,2.471695634315355e-06,0.0,2.1614654510671015e-16,8.011070844171359,0.33160538983065635,0.8418509396724403,107.0,133.0,115.0,133.42100524902344
67.4,3.0895962973290203e-06,0.0,2.1614654510671015e-16,8.011070844171359,0.33160538983065635,0.8418509396724403,107.0,133.0,115.0,133.42100524902344
67.45,3.7420466877312033e-06,0.0,2.1614654510671015e-16,8.011070844171359,0.33160538983065635,0.8418509396724403,107.0,133.0,115.0,133.42100524902344
67.5,4.9090365244484055e-06,0.0,2.1614654510671015e-16,8.011070844171359,0.33160538983065635,0.8418509396724403,107.0,133.0,115.0,133.42100524902344
67.55,5.492634394802342e-06,0.0,2.1614654510671015e-16,8.011070844171359,0.33160538983065635,0.8418509396724403,107.0,133.0,115.0,133.42100524902344
67.60000000000001,4.806053411776491e-07,0.0,2.1614654510671015e-16,8.011070844171359,0.33160538983065635,0.8418509396724403,107.0,133.0,115.0,133.42100524902344
67.65,1.0985250068338531e-06,0.0,2.1614654510671015e-16,8.011070844171359,0.33160538983065635,0.8418509396724403,107.0,133.0,115.0,133.42100524902344
67.7,1.7164443429612622e-06,0.0,2.1614654510671015e-16,8.011070844171359,0.33160538983065635,0.8418509396724403,107.0,133.0,115.0,133.42100524902344
67.75,2.3000406684106354e-06,0.0,2.1614654510671015e-16,8.011070844171359,0.33160538983065635,0.8418509396724403,107.0,133.0,115.0,133.42100524902344
67.8,3.4672210907453743e-06,0.0,2.1614654510671015e-16,8.011070844171359,0.33160538983065635,0.8418509396724403,107.0,133.0,115.0,133.42100524902344
67.85000000000001,3.46723757804027e-06,0.0,2.1614654510671015e-16,8.011070844171359,0.33160538983065635,0.8418509396724403,107.0,133.0,115.0,133.42100524902344
67.9,4.0851519070903196e-06,0.0,2.1614654510671015e-16,8.011070844171359,0.33160538983065635,0.8418509396724403,107.0,133.0,115.0,133.42100524902344
67.95,4.7030505832786145e-06,0.0,2.1614654510671015e-16,8.011070844171359,0.33160538983065635,0.8418509396724403,107.0,133.0,115.0,133.42100524902344
68.0,2.4030182969365314e-07,0.0,2.1614654510671015e-16,8.011070844171359,0.33160538983065635,0.8418509396724403,107.0,133.0,115.0,133.42100524902344
68.05,8.582226505526928e-07,0.0,2.1614654510671015e-16,8.011070844171359,0.33160538983065635,0.8418509396724403,107.0,133.0,115.0,133.42100524902344
68.10000000000001,1.4761450849549217e-06,0.0,2.1614654510671015e-16,8.011070844171359,0.33160538983065635,0.8418509396724403,107.0,133.0,115.0,133.42100524902344
68.15,2.1288401612381405e-06,0.0,2.1614654510671015e-16,8.011070844171359,0.33160538983065635,0.8418509396724403,107.0,133.0,115.0,133.42100524902344
68.2,2.643338743127963e-06,0.0,2.1614654510671015e-16,8.011070844171359,0.33160538983065635,0.8418509396724403,107.0,133.0,115.0,133.42100524902344
68.25,3.1582934525327823e-06,0.0,2.1614654510671015e-16,8.011070844171359,0.33160538983065635,0.8418509396724403,107.0,133.0,115.0,133.42100524902344
68.3,3.776193462056219e-06,0.0,2.1614654510671015e-16,8.011070844171359,0.33160538983065635,0.8418509396724403,107.0,133.0,115.0,133.42100524902344
68.35000000000001,4.394093576871883e-06,0.0,2.1614654510671015e-16,8.011070844171359,0.33160538983065635,0.8418509396724403,107.0,133.0,115.0,133.42100524902344
68.4,0.0,0.0,2.1614654510671015e-16,8.011070844171359,0.33160538983065635,0.8418509396724403,107.0,133.0,115.0,133.42100524902344
68.45,6.522480655455207e-07,0.0,2.1614654510671015e-16,8.011070844171359,0.33160538983065635,0.8418509396724403,107.0,133.0,115.0,133.42100524902344
68.5,1.3044962482734645e-06,0.0,2.1614654510671015e-16,8.011070844171359,0.33160538983065635,0.8418509396724403,107.0,133.0,115.0,133.42100524902344
68.55,1.956744515442044e-06,0.0,2.1614654510671015e-16,8.011070844171359,0.33160538983065635,0.8418509396724403,107.0,133.0,115.0,133.42100524902344
68.60000000000001,2.5060077193633263e-06,0.0,2.1614654510671015e-16,8.011070844171359,0.33160538983065635,0.8418509396724403,107.0,133.0,115.0,133.42100524902344
68.65,3.0211723357190396e-06,0.0,2.1614654510671015e-16,8.011070844171359,0.33160538983065635,0.8418509396724403,107.0,133.0,115.0,133.42100524902344
68.7,4.153800157381382e-06,0.0,2.1614654510671015e-16,8.011070844171359,0.33160538983065635,0.8418509396724403,107.0,133.0,115.0,133.42100524902344
68.75,4.7030631991438685e-06,0.0,2.1614654510671015e-16,8.011070844171359,0.33160538983065635,0.8418509396724403,107.0,133.0,115.0,133.42100524902344
68.8,5.320996680583615e-06,0.0,2.1614654510671015e-16,8.011070844171359,0.33160538983065635,0.8418509396724403,107.0,133.0,115.0,133.42100524902344
68.85000000000001,3.776184349528542e-07,0.0,2.1614654510671015e-16,8.011070844171359,0.33160538983065635,0.8418509396724403,107.0,133.0,115.0,133.42100524902344
68.9,1.0298666340650678e-06,0.0,2.1614654510671015e-16,8.011070844171359,0.33160538983065635,0.8418509396724403,107.0,133.0,115.0,133.42100524902344
68.95,1.682114910347277e-06,0.0,2.1614654510671015e-16,8.011070844171359,0.33160538983065635,0.8418509396724403,107.0,133.0,115.0,133.42100524902344
69.0,2.265703283397558e-06,0.0,2.1614654510671015e-16,8.011070844171359,0.33160538983065635,0.8418509396724403,107.0,133.0,115.0,133.42100524902344
69.05,3.398556271207204e-06,0.0,2.1614654510671015e-16,8.011070844171359,0.33160538983065635,0.8418509396724403,107.0,133.0,115.0,133.42100524902344
69.10000000000001,3.295600525742583e-06,0.0,2.1614654510671015e-16,8.011070844171359,0.33160538983065635,0.8418509396724403,107.0,133.0,115.0,133.42100524902344
69.15,3.913512120460919e-06,0.0,2.1614654510671015e-16,8.011070844171359,0.33160538983065635,0.8418509396724403,107.0,133.0,115.0,133.42100524902344
69.2,4.531408710638711e-06,0.0,2.1614654510671015e-16,8.011070844171359,0.33160538983065635,0.8418509396724403,107.0,133.0,115.0,133.42100524902344
69.25,1.0298664732723879e-07,0.0,2.1614654510671015e-16,8.011070844171359,0.33160538983065635,0.8418509396724403,107.0,133.0,115.0,133.42100524902344
69.3,7.552334510936355e-07,0.0,2.1614654510671015e-16,8.011070844171359,0.33160538983065635,0.8418509396724403,107.0,133.0,115.0,133.42100524902344
69.35000000000001,1.4074816319951704e-06,0.0,2.1614654510671015e-16,8.011070844171359,0.33160538983065635,0.8418509396724403,107.0,133.0,115.0,133.42100524902344
69.4,1.9228842782203634e-06,0.0,2.1614654510671015e-16,8.011070844171359,0.33160538983065635,0.8418509396724403,107.0,133.0,115.0,133.42100524902344
69.45,2.437372766032031e-06,0.0,2.1614654510671015e-16,8.011070844171359,0.33160538983065635,0.8418509396724403,107.0,133.0,115.0,133.42100524902344
69.5,3.0552703332269367e-06,0.0,2.1614654510671015e-16,8.011070844171359,0.33160538983065635,0.8418509396724403,107.0,133.0,115.0,133.42100524902344
69.55,3.7077104479392604e-06,0.0,2.1614654510671015e-16,8.011070844171359,0.33160538983065635,0.8418509396724403,107.0,133.0,115.0,133.42100524902344
69.60000000000001,4.977685617549145e-06,0.0,2.1614654510671015e-16,8.011070844171359,0.33160538983065635,0.8418509396724403,107.0,133.0,115.0,133.42100524902344
69.65,5.595588539769837e-06,0.0,2.1614654510671015e-16,8.011070844171359,0.33160538983065635,0.8418509396724403,107.0,133.0,115.0,133.42100524902344
69.7,4.119690580818068e-07,0.0,2.1614654510671015e-16,8.011070844171359,0.33160538983065635,0.8418509396724403,107.0,133.0,115.0,133.42100524902344
69.75,9.955753189291275e-07,0.0,2.1614654510671015e-16,8.011070844171359,0.33160538983065635,0.8418509396724403,107.0,133.0,115.0,133.42100524902344
69.8,1.6478056969806493e-06,0.0,2.1614654510671015e-16,8.011070844171359,0.33160538983065635,0.8418509396724403,107.0,133.0,115.0,133.42100524902344
69.85000000000001,2.2657133771598075e-06,0.0,2.1614654510671015e-16,8.011070844171359,0.33160538983065635,0.8418509396724403,107.0,133.0,115.0,133.42100524902344
69.9,2.9182362255534694e-06,0.0,2.1614654510671015e-16,8.011070844171359,0.33160538983065635,0.8418509396724403,107.0,133.0,115.0,133.42100524902344
69.95,3.5702029540365012e-06,0.0,2.1614654510671015e-16,8.011070844171359,0.33160538983065635,0.8418509396724403,107.0,133.0,115.0,133.42100524902344
70.0,4.153792317788399e-06,0.0,2.1614654510671015e-16,8.011070844171359,0.33160538983065635,0.8418509396724403,107.0,133.0,115.0,133.42100524902344
70.05,4.668748042735487e-06,0.0,2.1614654510671015e-16,8.011070844171359,0.33160538983065635,0.8418509396724403,107.0,133.0,115.0,133.42100524902344
70.10000000000001,2.0597813092397918e-07,0.0,2.1614654510671015e-16,8.011070844171359,0.33160538983065635,0.8418509396724403,107.0,133.0,115.0,133.42100524902344
70.15,7.552676566825205e-07,0.0,2.1614654510671015e-16,8.011070844171359,0.33160538983065635,0.8418509396724403,107.0,133.0,115.0,133.42100524902344
70.2,1.4074975278034917e-06,0.0,2.1614654510671015e-16,8.011070844171359,0.33160538983065635,0.8418509396724403,107.0,133.0,115.0,133.42100524902344
70.25,2.0254034455041733e-06,0.0,2.1614654510671015e-16,8.011070844171359,0.33160538983065635,0.8418509396724403,107.0,133.0,115.0,133.42100524902344
70.3,2.6776558099543816e-06,0.0,2.1614654510671015e-16,8.011070844171359,0.33160538983065635,0.8418509396724403,107.0,133.0,115.0,133.42100524902344
70.35000000000001,3.2955709306040442e-06,0.0,2.1614654510671015e-16,8.011070844171359,0.33160538983065635,0.8418509396724403,107.0,133.0,115.0,133.42100524902344
70.4,3.8104940666155745e-06,0.0,2.1614654510671015e-16,8.011070844171359,0.33160538983065635,0.8418509396724403,107.0,133.0,115.0,133.42100524902344
70.45,4.359893477502688e-06,0.0,2.1614654510671015e-16,8.011070844171359,0.33160538983065635,0.8418509396724403,107.0,133.0,115.0,133.42100524902344
70.5,0.0,0.0,2.1614654510671015e-16,8.011070844171359,0.33160538983065635,0.8418509396724403,107.0,133.0,115.0,133.42100524902344
70.55,6.522480655453683e-07,0.0,2.1614654510671015e-16,8.011070844171359,0.33160538983065635,0.8418509396724403,107.0,133.0,115.0,133.42100524902344
70.60000000000001,1.270166863664128e-06,0.0,2.1614654510671015e-16,8.011070844171359,0.33160538983065635,0.8418509396724403,107.0,133.0,115.0,133.42100524902344
70.65,1.8194416103210999e-06,0.0,2.1614654510671015e-16,8.011070844171359,0.33160538983065635,0.8418509396724403,107.0,133.0,115.0,133.42100524902344
70.7,2.3687081507645307e-06,0.0,2.1614654510671015e-16,8.011070844171359,0.33160538983065635,0.8418509396724403,107.0,133.0,115.0,133.42100524902344
70.75,3.0211715597757566e-06,0.0,2.1614654510671015e-16,8.011070844171359,0.33160538983065635,0.8418509396724403,107.0,133.0,115.0,133.42100524902344
70.8,4.291093077464058e-06,0.0,2.1614654510671015e-16,8.011070844171359,0.33160538983065635,0.8418509396724403,107.0,133.0,115.0,133.42100524902344
70.85000000000001,4.222455549500858e-06,0.0,2.1614654510671015e-16,8.011070844171359,0.33160538983065635,0.8418509396724403,107.0,133.0,115.0,133.42100524902344
70.9,4.771713399924563e-06,0.0,2.1614654510671015e-16,8.011070844171359,0.33160538983065635,0.8418509396724403,107.0,133.0,115.0,133.42100524902344
70.95,3.0897389774710667e-07,0.0,2.1614654510671015e-16,8.011070844171359,0.33160538983065635,0.8418509396724403,107.0,133.0,115.0,133.42100524902344
71.0,9.612161004693972e-07,0.0,2.1614654510671015e-16,8.011070844171359,0.33160538983065635,0.8418509396724403,107.0,133.0,115.0,133.42100524902344
71.05,1.613459421296813e-06,0.0,2.1614654510671015e-16,8.011070844171359,0.33160538983065635,0.8418509396724403,107.0,133.0,115.0,133.42100524902344
71.10000000000001,2.1970486267359673e-06,0.0,2.1614654510671015e-16,8.011070844171359,0.33160538983065635,0.8418509396724403,107.0,133.0,115.0,133.42100524902344
71.15,2.849299338327243e-06,0.0,2.1614654510671015e-16,8.011070844171359,0.33160538983065635,0.8418509396724403,107.0,133.0,115.0,133.42100524902344
71.2,3.398568267681434e-06,0.0,2.1614654510671015e-16,8.011070844171359,0.33160538983065635,0.8418509396724403,107.0,133.0,115.0,133.42100524902344
71.25,3.947855296760487e-06,0.0,2.1614654510671015e-16,8.011070844171359,0.33160538983065635,0.8418509396724403,107.0,133.0,115.0,133.42100524902344
71.3,4.565741470647722e-06,0.0,2.1614654510671015e-16,8.011070844171359,0.33160538983065635,0.8418509396724403,107.0,133.0,115.0,133.42100524902344
71.35000000000001,1.0298664732723879e-07,0.0,2.1614654510671015e-16,8.011070844171359,0.33160538983065635,0.8418509396724403,107.0,133.0,115.0,133.42100524902344
71.4,7.552334510936355e-07,0.0,2.1614654510671015e-16,8.011070844171359,0.33160538983065635,0.8418509396724403,107.0,133.0,115.0,133.42100524902344
71.45,1.3045011115906207e-06,0.0,2.1614654510671015e-16,8.011070844171359,0.33160538983065635,0.8418509396724403,107.0,133.0,115.0,133.42100524902344
71.5,1.9228461704672835e-06,0.0,2.1614654510671015e-16,8.011070844171359,0.33160538983065635,0.8418509396724403,107.0,133.0,115.0,133.42100524902344
71.55,2.506025105596658e-06,0.0,2.1614654510671015e-16,8.011070844171359,0.33160538983065635,0.8418509396724403,107.0,133.0,115.0,133.42100524902344
71.60000000000001,3.123926075597533e-06,0.0,2.1614654510671015e-16,8.011070844171359,0.33160538983065635,0.8418509396724403,107.0,133.0,115.0,133.42100524902344
71.65,3.7763889155239014e-06,0.0,2.1614654510671015e-16,8.011070844171359,0.33160538983065635,0.8418509396724403,107.0,133.0,115.0,133.42100524902344
71.7,5.0120297180952955e-06,0.0,2.1614654510671015e-16,8.011070844171359,0.33160538983065635,0.8418509396724403,107.0,133.0,115.0,133.42100524902344
71.75,5.526942144198132e-06,0.0,2.1614654510671015e-16,8.011070844171359,0.33160538983065635,0.8418509396724403,107.0,133.0,115.0,133.42100524902344
71.8,4.119690580818068e-07,0.0,2.1614654510671015e-16,8.011070844171359,0.33160538983065635,0.8418509396724403,107.0,133.0,115.0,133.42100524902344
71.85000000000001,1.029891630525099e-06,0.0,2.1614654510671015e-16,8.011070844171359,0.33160538983065635,0.8418509396724403,107.0,133.0,115.0,133.42100524902344
71.9,2.300034635908803e-06,0.0,2.1614654510671015e-16,8.011070844171359,0.33160538983065635,0.8418509396724403,107.0,133.0,115.0,133.42100524902344
71.95,2.3000389887244266e-06,0.0,2.1614654510671015e-16,8.011070844171359,0.33160538983065635,0.8418509396724403,107.0,133.0,115.0,133.42100524902344
72.0,3.5702002229701156e-06,0.0,2.1614654510671015e-16,8.011070844171359,0.33160538983065635,0.8418509396724403,107.0,133.0,115.0,133.42100524902344
72.05,3.5358731302426864e-06,0.0,2.1614654510671015e-16,8.011070844171359,0.33160538983065635,0.8418509396724403,107.0,133.0,115.0,133.42100524902344
72.10000000000001,4.050807751885411e-06,0.0,2.1614654510671015e-16,8.011070844171359,0.33160538983065635,0.8418509396724403,107.0,133.0,115.0,133.42100524902344
72.15,4.565766709363262e-06,0.0,2.1614654510671015e-16,8.011070844171359,0.33160538983065635,0.8418509396724403,107.0,133.0,115.0,133.42100524902344
72.2,2.4030182969365314e-07,0.0,2.1614654510671015e-16,8.011070844171359,0.33160538983065635,0.8418509396724403,107.0,133.0,115.0,133.42100524902344
72.25,8.925517928432014e-07,0.0,2.1614654510671015e-16,8.011070844171359,0.33160538983065635,0.8418509396724403,107.0,133.0,115.0,133.42100524902344
72.3,1.4418202793713857e-06,0.0,2.1614654510671015e-16,8.011070844171359,0.33160538983065635,0.8418509396724403,107.0,133.0,115.0,133.42100524902344
72.35000000000001,2.094486155022038e-06,0.0,2.1614654510671015e-16,8.011070844171359,0.33160538983065635,0.8418509396724403,107.0,133.0,115.0,133.42100524902344
72.4,2.6433388672550063e-06,0.0,2.1614654510671015e-16,8.011070844171359,0.33160538983065635,0.8418509396724403,107.0,133.0,115.0,133.42100524902344
72.45,3.2269266996262423e-06,0.0,2.1614654510671015e-16,8.011070844171359,0.33160538983065635,0.8418509396724403,107.0,133.0,115.0,133.42100524902344
72.5,3.844837817903129e-06,0.0,2.1614654510671015e-16,8.011070844171359,0.33160538983065635,0.8418509396724403,107.0,133.0,115.0,133.42100524902344
72.55,4.497241367789136e-06,0.0,2.1614654510671015e-16,8.011070844171359,0.33160538983065635,0.8418509396724403,107.0,133.0,115.0,133.42100524902344
72.60000000000001,0.0,0.0,2.1614654510671015e-16,8.011070844171359,0.33160538983065635,0.8418509396724403,107.0,133.0,115.0,133.42100524902344
72.65,5.149668596554379e-07,0.0,2.1614654510671015e-16,8.011070844171359,0.33160538983065635,0.8418509396724403,107.0,133.0,115.0,133.42100524902344
72.7,1.167194913516785e-06,0.0,2.1614654510671015e-16,8.011070844171359,0.33160538983065635,0.8418509396724403,107.0,133.0,115.0,133.42100524902344
72.75,2.4373493237663592e-06,0.0,2.1614654510671015e-16,8.011070844171359,0.33160538983065635,0.8418509396724403,107.0,133.0,115.0,133.42100524902344
72.8,2.4373506036243046e-06,0.0,2.1614654510671015e-16,8.011070844171359,0.33160538983065635,0.8418509396724403,107.0,133.0,115.0,133.42100524902344
72.85000000000001,3.0899050844963237e-06,0.0,2.1614654510671015e-16,8.011070844171359,0.33160538983065635,0.8418509396724403,107.0,133.0,115.0,133.42100524902344
72.9,4.222442318126772e-06,0.0,2.1614654510671015e-16,8.011070844171359,0.33160538983065635,0.8418509396724403,107.0,133.0,115.0,133.42100524902344
72.95,4.7373950026951905e-06,0.0,2.1614654510671015e-16,8.011070844171359,0.33160538983065635,0.8418509396724403,107.0,133.0,115.0,133.42100524902344
73.0,5.320996671117691e-06,0.0,2.1614654510671015e-16,8.011070844171359,0.33160538983065635,0.8418509396724403,107.0,133.0,115.0,133.42100524902344
73.05,3.776184349528542e-07,0.0,2.1614654510671015e-16,8.011070844171359,0.33160538983065635,0.8418509396724403,107.0,133.0,115.0,133.42100524902344
73.10000000000001,1.0298666340650678e-06,0.0,2.1614654510671015e-16,8.011070844171359,0.33160538983065635,0.8418509396724403,107.0,133.0,115.0,133.42100524902344
73.15,1.647784976231766e-06,0.0,2.1614654510671015e-16,8.011070844171359,0.33160538983065635,0.8418509396724403,107.0,133.0,115.0,133.42100524902344
73.2,2.162728637316033e-06,0.0,2.1614654510671015e-16,8.011070844171359,0.33160538983065635,0.8418509396724403,107.0,133.0,115.0,133.42100524902344
73.25,2.7120067164349267e-06,0.0,2.1614654510671015e-16,8.011070844171359,0.33160538983065635,0.8418509396724403,107.0,133.0,115.0,133.42100524902344
73.3,3.3299180584540153e-06,0.0,2.1614654510671015e-16,8.011070844171359,0.33160538983065635,0.8418509396724403,107.0,133.0,115.0,133.42100524902344
73.35000000000001,3.947842680246807e-06,0.0,2.1614654510671015e-16,8.011070844171359,0.33160538983065635,0.8418509396724403,107.0,133.0,115.0,133.42100524902344
73.4,4.5657368033837194e-06,0.0,2.1614654510671015e-16,8.011070844171359,0.33160538983065635,0.8418509396724403,107.0,133.0,115.0,133.42100524902344
73.45,1.0298670115968183e-07,0.0,2.1614654510671015e-16,8.011070844171359,0.33160538983065635,0.8418509396724403,107.0,133.0,115.0,133.42100524902344
73.5,6.179603251252776e-07,0.0,2.1614654510671015e-16,8.011070844171359,0.33160538983065635,0.8418509396724403,107.0,133.0,115.0,133.42100524902344
73.55,1.2701938539862536e-06,0.0,2.1614654510671015e-16,8.011070844171359,0.33160538983065635,0.8418509396724403,107.0,133.0,115.0,133.42100524902344
73.60000000000001,1.888085107870348e-06,0.0,2.1614654510671015e-16,8.011070844171359,0.33160538983065635,0.8418509396724403,107.0,133.0,115.0,133.42100524902344
73.65,2.540341206451211e-06,0.0,2.1614654510671015e-16,8.011070844171359,0.33160538983065635,0.8418509396724403,107.0,133.0,115.0,133.42100524902344
73.7,3.158257905197293e-06,0.0,2.1614654510671015e-16,8.011070844171359,0.33160538983065635,0.8418509396724403,107.0,133.0,115.0,133.42100524902344
73.75,4.428432776325764e-06,0.0,2.1614654510671015e-16,8.011070844171359,0.33160538983065635,0.8418509396724403,107.0,133.0,115.0,133.42100524902344
73.8,4.943341480185856e-06,0.0,2.1614654510671015e-16,8.011070844171359,0.33160538983065635,0.8418509396724403,107.0,133.0,115.0,133.42100524902344
73.85000000000001,5.458292782129868e-06,0.0,2.1614654510671015e-16,8.011070844171359,0.33160538983065635,0.8418509396724403,107.0,133.0,115.0,133.42100524902344
73.9,4.119690580818068e-07,0.0,2.1614654510671015e-16,8.011070844171359,0.33160538983065635,0.8418509396724403,107.0,133.0,115.0,133.42100524902344
73.95,1.029891630525099e-06,0.0,2.1614654510671015e-16,8.011070844171359,0.33160538983065635,0.8418509396724403,107.0,133.0,115.0,133.42100524902344
74.0,1.6821280364457638e-06,0.0,2.1614654510671015e-16,8.011070844171359,0.33160538983065635,0.8418509396724403,107.0,133.0,115.0,133.42100524902344
74.05,2.3000387724776216e-06,0.0,2.1614654510671015e-16,8.011070844171359,0.33160538983065635,0.8418509396724403,107.0,133.0,115.0,133.42100524902344
74.10000000000001,3.5702002229625656e-06,0.0,2.1614654510671015e-16,8.011070844171359,0.33160538983065635,0.8418509396724403,107.0,133.0,115.0,133.42100524902344
74.15,3.467223118715011e-06,0.0,2.1614654510671015e-16,8.011070844171359,0.33160538983065635,0.8418509396724403,107.0,133.0,115.0,133.42100524902344
74.2,4.050802153003702e-06,0.0,2.1614654510671015e-16,8.011070844171359,0.33160538983065635,0.8418509396724403,107.0,133.0,115.0,133.42100524902344
74.25,4.5657618157001105e-06,0.0,2.1614654510671015e-16,8.011070844171359,0.33160538983065635,0.8418509396724403,107.0,133.0,115.0,133.42100524902344
74.3,2.4030182969365314e-07,0.0,2.1614654510671015e-16,8.011070844171359,0.33160538983065635,0.8418509396724403,107.0,133.0,115.0,133.42100524902344
74.35000000000001,8.238963935816428e-07,0.0,2.1614654510671015e-16,8.011070844171359,0.33160538983065635,0.8418509396724403,107.0,133.0,115.0,133.42100524902344
74.4,1.4761420629267051e-06,0.0,2.1614654510671015e-16,8.011070844171359,0.33160538983065635,0.8418509396724403,107.0,133.0,115.0,133.42100524902344
74.45,1.99107382262724e-06,0.0,2.1614654510671015e-16,8.011070844171359,0.33160538983065635,0.8418509396724403,107.0,133.0,115.0,133.42100524902344
74.5,2.5746864749571777e-06,0.0,2.1614654510671015e-16,8.011070844171359,0.33160538983065635,0.8418509396724403,107.0,133.0,115.0,133.42100524902344
74.55,3.192593291190306e-06,0.0,2.1614654510671015e-16,8.011070844171359,0.33160538983065635,0.8418509396724403,107.0,133.0,115.0,133.42100524902344
74.60000000000001,3.8104929522378054e-06,0.0,2.1614654510671015e-16,8.011070844171359,0.33160538983065635,0.8418509396724403,107.0,133.0,115.0,133.42100524902344
74.65,4.4629122100013105e-06,0.0,2.1614654510671015e-16,8.011070844171359,0.33160538983065635,0.8418509396724403,107.0,133.0,115.0,133.42100524902344
74.7,0.0,0.0,2.1614654510671015e-16,8.011070844171359,0.33160538983065635,0.8418509396724403,107.0,133.0,115.0,133.42100524902344
74.75,5.14968640182033e-07,0.0,2.1614654510671015e-16,8.011070844171359,0.33160538983065635,0.8418509396724403,107.0,133.0,115.0,133.42100524902344
74.8,1.1672034240440554e-06,0.0,2.1614654510671015e-16,8.011070844171359,0.33160538983065635,0.8418509396724403,107.0,133.0,115.0,133.42100524902344
74.85000000000001,1.8198799314644594e-06,0.0,2.1614654510671015e-16,8.011070844171359,0.33160538983065635,0.8418509396724403,107.0,133.0,115.0,133.42100524902344
74.9,2.4716829960151984e-06,0.0,2.1614654510671015e-16,8.011070844171359,0.33160538983065635,0.8418509396724403,107.0,133.0,115.0,133.42100524902344
74.95,3.1242122381915347e-06,0.0,2.1614654510671015e-16,8.011070844171359,0.33160538983065635,0.8418509396724403,107.0,133.0,115.0,133.42100524902344
75.0,4.291093064495882e-06,0.0,2.1614654510671015e-16,8.011070844171359,0.33160538983065635,0.8418509396724403,107.0,133.0,115.0,133.42100524902344
75.05,4.188156449648045e-06,0.0,2.1614654510671015e-16,8.011070844171359,0.33160538983065635,0.8418509396724403,107.0,133.0,115.0,133.42100524902344
75.10000000000001,5.389641711412479e-06,0.0,2.1614654510671015e-16,8.011070844171359,0.33160538983065635,0.8418509396724403,107.0,133.0,115.0,133.42100524902344
75.15,3.776184349528542e-07,0.0,2.1614654510671015e-16,8.011070844171359,0.33160538983065635,0.8418509396724403,107.0,133.0,115.0,133.42100524902344
75.2,1.0298665522666456e-06,0.0,2.1614654510671015e-16,8.011070844171359,0.33160538983065635,0.8418509396724403,107.0,133.0,115.0,133.42100524902344
75.25,1.579134171314203e-06,0.0,2.1614654510671015e-16,8.011070844171359,0.33160538983065635,0.8418509396724403,107.0,133.0,115.0,133.42100524902344
75.3,2.1627265567214186e-06,0.0,2.1614654510671015e-16,8.011070844171359,0.33160538983065635,0.8418509396724403,107.0,133.0,115.0,133.42100524902344
75.35000000000001,2.7463293525532066e-06,0.0,2.1614654510671015e-16,8.011070844171359,0.33160538983065635,0.8418509396724403,107.0,133.0,115.0,133.42100524902344
75.4,3.364239002448725e-06,0.0,2.1614654510671015e-16,8.011070844171359,0.33160538983065635,0.8418509396724403,107.0,133.0,115.0,133.42100524902344
75.45,3.982147078105733e-06,0.0,2.1614654510671015e-16,8.011070844171359,0.33160538983065635,0.8418509396724403,107.0,133.0,115.0,133.42100524902344
75.5,4.600080884929721e-06,0.0,2.1614654510671015e-16,8.011070844171359,0.33160538983065635,0.8418509396724403,107.0,133.0,115.0,133.42100524902344
75.55,1.0298670115968183e-07,0.0,2.1614654510671015e-16,8.011070844171359,0.33160538983065635,0.8418509396724403,107.0,133.0,115.0,133.42100524902344
75.60000000000001,6.179603251252776e-07,0.0,2.1614654510671015e-16,8.011070844171359,0.33160538983065635,0.8418509396724403,107.0,133.0,115.0,133.42100524902344
75.65,1.2701938539862536e-06,0.0,2.1614654510671015e-16,8.011070844171359,0.33160538983065635,0.8418509396724403,107.0,133.0,115.0,133.42100524902344
75.7,1.8880851078688058e-06,0.0,2.1614654510671015e-16,8.011070844171359,0.33160538983065635,0.8418509396724403,107.0,133.0,115.0,133.42100524902344
75.75,2.5403412064521083e-06,0.0,2.1614654510671015e-16,8.011070844171359,0.33160538983065635,0.8418509396724403,107.0,133.0,115.0,133.42100524902344
75.8,3.158257905197293e-06,0.0,2.1614654510671015e-16,8.011070844171359,0.33160538983065635,0.8418509396724403,107.0,133.0,115.0,133.42100524902344
75.85000000000001,4.428432776325764e-06,0.0,2.1614654510671015e-16,8.011070844171359,0.33160538983065635,0.8418509396724403,107.0,133.0,115.0,133.42100524902344
75.9,4.943341480185856e-06,0.0,2.1614654510671015e-16,8.011070844171359,0.33160538983065635,0.8418509396724403,107.0,133.0,115.0,133.42100524902344
75.95,5.458292782129868e-06,0.0,2.1614654510671015e-16,8.011070844171359,0.33160538983065635,0.8418509396724403,107.0,133.0,115.0,133.42100524902344
76.0,4.119690580818068e-07,0.0,2.1614654510671015e-16,8.011070844171359,0.33160538983065635,0.8418509396724403,107.0,133.0,115.0,133.42100524902344
76.05,1.029891630525099e-06,0.0,2.1614654510671015e-16,8.011070844171359,0.33160538983065635,0.8418509396724403,107.0,133.0,115.0,133.42100524902344
76.10000000000001,1.6821280364457638e-06,0.0,2.1614654510671015e-16,8.011070844171359,0.33160538983065635,0.8418509396724403,107.0,133.0,115.0,133.42100524902344
76.15,2.3000387724776216e-06,0.0,2.1614654510671015e-16,8.011070844171359,0.33160538983065635,0.8418509396724403,107.0,133.0,115.0,133.42100524902344
76.2,3.5702002229625656e-06,0.0,2.1614654510671015e-16,8.011070844171359,0.33160538983065635,0.8418509396724403,107.0,133.0,115.0,133.42100524902344
76.25,3.5015462729724624e-06,0.0,2.1614654510671015e-16,8.011070844171359,0.33160538983065635,0.8418509396724403,107.0,133.0,115.0,133.42100524902344
76.3,4.016504405223883e-06,0.0,2.1614654510671015e-16,8.011070844171359,0.33160538983065635,0.8418509396724403,107.0,133.0,115.0,133.42100524902344
76.35000000000001,4.565770070216632e-06,0.0,2.1614654510671015e-16,8.011070844171359,0.33160538983065635,0.8418509396724403,107.0,133.0,115.0,133.42100524902344
76.4,2.4030182969365314e-07,0.0,2.1614654510671015e-16,8.011070844171359,0.33160538983065635,0.8418509396724403,107.0,133.0,115.0,133.42100524902344
76.45,8.925518820464802e-07,0.0,2.1614654510671015e-16,8.011070844171359,0.33160538983065635,0.8418509396724403,107.0,133.0,115.0,133.42100524902344
76.5,1.5447999561715617e-06,0.0,2.1614654510671015e-16,8.011070844171359,0.33160538983065635,0.8418509396724403,107.0,133.0,115.0,133.42100524902344
76.55,2.0597293560053085e-06,0.0,2.1614654510671015e-16,8.011070844171359,0.33160538983065635,0.8418509396724403,107.0,133.0,115.0,133.42100524902344
76.60000000000001,2.574693337789608e-06,0.0,2.1614654510671015e-16,8.011070844171359,0.33160538983065635,0.8418509396724403,107.0,133.0,115.0,133.42100524902344
76.65,3.1926034150571497e-06,0.0,2.1614654510671015e-16,8.011070844171359,0.33160538983065635,0.8418509396724403,107.0,133.0,115.0,133.42100524902344
76.7,3.8104959469701264e-06,0.0,2.1614654510671015e-16,8.011070844171359,0.33160538983065635,0.8418509396724403,107.0,133.0,115.0,133.42100524902344
76.75,4.462887325007028e-06,0.0,2.1614654510671015e-16,8.011070844171359,0.33160538983065635,0.8418509396724403,107.0,133.0,115.0,133.42100524902344
76.80000000000001,0.0,0.0,2.1614654510671015e-16,8.011070844171359,0.33160538983065635,0.8418509396724403,107.0,133.0,115.0,133.42100524902344
76.85000000000001,6.522480655453683e-07,0.0,2.1614654510671015e-16,8.011070844171359,0.33160538983065635,0.8418509396724403,107.0,133.0,115.0,133.42100524902344
76.9,1.2358393892631254e-06,0.0,2.1614654510671015e-16,8.011070844171359,0.33160538983065635,0.8418509396724403,107.0,133.0,115.0,133.42100524902344
76.95,1.8537661044720381e-06,0.0,2.1614654510671015e-16,8.011070844171359,0.33160538983065635,0.8418509396724403,107.0,133.0,115.0,133.42100524902344
77.0,2.403032248856694e-06,0.0,2.1614654510671015e-16,8.011070844171359,0.33160538983065635,0.8418509396724403,107.0,133.0,115.0,133.42100524902344
77.05000000000001,3.0211526558259192e-06,0.0,2.1614654510671015e-16,8.011070844171359,0.33160538983065635,0.8418509396724403,107.0,133.0,115.0,133.42100524902344
77.10000000000001,4.2910941170194776e-06,0.0,2.1614654510671015e-16,8.011070844171359,0.33160538983065635,0.8418509396724403,107.0,133.0,115.0,133.42100524902344
77.15,4.291103369696677e-06,0.0,2.1614654510671015e-16,8.011070844171359,0.33160538983065635,0.8418509396724403,107.0,133.0,115.0,133.42100524902344
77.2,4.8403969991912965e-06,0.0,2.1614654510671015e-16,8.011070844171359,0.33160538983065635,0.8418509396724403,107.0,133.0,115.0,133.42100524902344
77.25,3.0897389774710667e-07,0.0,2.1614654510671015e-16,8.011070844171359,0.33160538983065635,0.8418509396724403,107.0,133.0,115.0,133.42100524902344
77.30000000000001,9.268950248328024e-07,0.0,2.1614654510671015e-16,8.011070844171359,0.33160538983065635,0.8418509396724403,107.0,133.0,115.0,133.42100524902344
77.35000000000001,1.5791342652442074e-06,0.0,2.1614654510671015e-16,8.011070844171359,0.33160538983065635,0.8418509396724403,107.0,133.0,115.0,133.42100524902344
77.4,2.1970471902951602e-06,0.0,2.1614654510671015e-16,8.011070844171359,0.33160538983065635,0.8418509396724403,107.0,133.0,115.0,133.42100524902344
77.45,2.8492940509521758e-06,0.0,2.1614654510671015e-16,8.011070844171359,0.33160538983065635,0.8418509396724403,107.0,133.0,115.0,133.42100524902344
77.5,3.3642348024025784e-06,0.0,2.1614654510671015e-16,8.011070844171359,0.33160538983065635,0.8418509396724403,107.0,133.0,115.0,133.42100524902344
77.55000000000001,3.879168000955905e-06,0.0,2.1614654510671015e-16,8.011070844171359,0.33160538983065635,0.8418509396724403,107.0,133.0,115.0,133.42100524902344
77.60000000000001,4.462751570825133e-06,0.0,2.1614654510671015e-16,8.011070844171359,0.33160538983065635,0.8418509396724403,107.0,133.0,115.0,133.42100524902344
77.65,1.0298664732723879e-07,0.0,2.1614654510671015e-16,8.011070844171359,0.33160538983065635,0.8418509396724403,107.0,133.0,115.0,133.42100524902344
77.7,7.552334510936355e-07,0.0,2.1614654510671015e-16,8.011070844171359,0.33160538983065635,0.8418509396724403,107.0,133.0,115.0,133.42100524902344
77.75,1.4074815211867105e-06,0.0,2.1614654510671015e-16,8.011070844171359,0.33160538983065635,0.8418509396724403,107.0,133.0,115.0,133.42100524902344
77.80000000000001,1.92285071457672e-06,0.0,2.1614654510671015e-16,8.011070844171359,0.33160538983065635,0.8418509396724403,107.0,133.0,115.0,133.42100524902344
77.85000000000001,2.4373795094353985e-06,0.0,2.1614654510671015e-16,8.011070844171359,0.33160538983065635,0.8418509396724403,107.0,133.0,115.0,133.42100524902344
77.9,3.0552703332868715e-06,0.0,2.1614654510671015e-16,8.011070844171359,0.33160538983065635,0.8418509396724403,107.0,133.0,115.0,133.42100524902344
77.95,3.707710447938568e-06,0.0,2.1614654510671015e-16,8.011070844171359,0.33160538983065635,0.8418509396724403,107.0,133.0,115.0,133.42100524902344
78.0,4.977685617549145e-06,0.0,2.1614654510671015e-16,8.011070844171359,0.33160538983065635,0.8418509396724403,107.0,133.0,115.0,133.42100524902344
78.05000000000001,5.595588539769837e-06,0.0,2.1614654510671015e-16,8.011070844171359,0.33160538983065635,0.8418509396724403,107.0,133.0,115.0,133.42100524902344
78.10000000000001,4.119690580818068e-07,0.0,2.1614654510671015e-16,8.011070844171359,0.33160538983065635,0.8418509396724403,107.0,133.0,115.0,133.42100524902344
78.15,1.0642074579736031e-06,0.0,2.1614654510671015e-16,8.011070844171359,0.33160538983065635,0.8418509396724403,107.0,133.0,115.0,133.42100524902344
78.2,1.7164483912919728e-06,0.0,2.1614654510671015e-16,8.011070844171359,0.33160538983065635,0.8418509396724403,107.0,133.0,115.0,133.42100524902344
78.25,2.3343655286686367e-06,0.0,2.1614654510671015e-16,8.011070844171359,0.33160538983065635,0.8418509396724403,107.0,133.0,115.0,133.42100524902344
78.30000000000001,3.6045376849790493e-06,0.0,2.1614654510671015e-16,8.011070844171359,0.33160538983065635,0.8418509396724403,107.0,133.0,115.0,133.42100524902344
78.35000000000001,3.5015533670627224e-06,0.0,2.1614654510671015e-16,8.011070844171359,0.33160538983065635,0.8418509396724403,107.0,133.0,115.0,133.42100524902344
78.4,4.016515436561608e-06,0.0,2.1614654510671015e-16,8.011070844171359,0.33160538983065635,0.8418509396724403,107.0,133.0,115.0,133.42100524902344
78.45,4.634413439882316e-06,0.0,2.1614654510671015e-16,8.011070844171359,0.33160538983065635,0.8418509396724403,107.0,133.0,115.0,133.42100524902344
78.5,2.4030182969365314e-07,0.0,2.1614654510671015e-16,8.011070844171359,0.33160538983065635,0.8418509396724403,107.0,133.0,115.0,133.42100524902344
78.55000000000001,8.925518820464802e-07,0.0,2.1614654510671015e-16,8.011070844171359,0.33160538983065635,0.8418509396724403,107.0,133.0,115.0,133.42100524902344
78.60000000000001,1.5104702265138273e-06,0.0,2.1614654510671015e-16,8.011070844171359,0.33160538983065635,0.8418509396724403,107.0,133.0,115.0,133.42100524902344
78.65,2.0254034015980405e-06,0.0,2.1614654510671015e-16,8.011070844171359,0.33160538983065635,0.8418509396724403,107.0,133.0,115.0,133.42100524902344
78.7,2.57469350287345e-06,0.0,2.1614654510671015e-16,8.011070844171359,0.33160538983065635,0.8418509396724403,107.0,133.0,115.0,133.42100524902344
78.75,3.192597975595406e-06,0.0,2.1614654510671015e-16,8.011070844171359,0.33160538983065635,0.8418509396724403,107.0,133.0,115.0,133.42100524902344
78.80000000000001,3.8104941331433095e-06,0.0,2.1614654510671015e-16,8.011070844171359,0.33160538983065635,0.8418509396724403,107.0,133.0,115.0,133.42100524902344
78.85000000000001,4.462900170782593e-06,0.0,2.1614654510671015e-16,8.011070844171359,0.33160538983065635,0.8418509396724403,107.0,133.0,115.0,133.42100524902344
78.9,0.0,0.0,2.1614654510671015e-16,8.011070844171359,0.33160538983065635,0.8418509396724403,107.0,133.0,115.0,133.42100524902344
78.95,5.149668596554379e-07,0.0,2.1614654510671015e-16,8.011070844171359,0.33160538983065635,0.8418509396724403,107.0,133.0,115.0,133.42100524902344
79.0,1.167194913516785e-06,0.0,2.1614654510671015e-16,8.011070844171359,0.33160538983065635,0.8418509396724403,107.0,133.0,115.0,133.42100524902344
79.05000000000001,2.4373493237663592e-06,0.0,2.1614654510671015e-16,8.011070844171359,0.33160538983065635,0.8418509396724403,107.0,133.0,115.0,133.42100524902344
79.10000000000001,2.4373506036243046e-06,0.0,2.1614654510671015e-16,8.011070844171359,0.33160538983065635,0.8418509396724403,107.0,133.0,115.0,133.42100524902344
79.15,3.0899050844963237e-06,0.0,2.1614654510671015e-16,8.011070844171359,0.33160538983065635,0.8418509396724403,107.0,133.0,115.0,133.42100524902344
79.2,4.222442318126772e-06,0.0,2.1614654510671015e-16,8.011070844171359,0.33160538983065635,0.8418509396724403,107.0,133.0,115.0,133.42100524902344
79.25,4.7373950026951905e-06,0.0,2.1614654510671015e-16,8.011070844171359,0.33160538983065635,0.8418509396724403,107.0,133.0,115.0,133.42100524902344
79.30000000000001,5.320996671117691e-06,0.0,2.1614654510671015e-16,8.011070844171359,0.33160538983065635,0.8418509396724403,107.0,133.0,115.0,133.42100524902344
79.35000000000001,3.776184349528542e-07,0.0,2.1614654510671015e-16,8.011070844171359,0.33160538983065635,0.8418509396724403,107.0,133.0,115.0,133.42100524902344
79.4,1.0298666340650678e-06,0.0,2.1614654510671015e-16,8.011070844171359,0.33160538983065635,0.8418509396724403,107.0,133.0,115.0,133.42100524902344
79.45,1.6821148121327992e-06,0.0,2.1614654510671015e-16,8.011070844171359,0.33160538983065635,0.8418509396724403,107.0,133.0,115.0,133.42100524902344
79.5,2.1970486189665356e-06,0.0,2.1614654510671015e-16,8.011070844171359,0.33160538983065635,0.8418509396724403,107.0,133.0,115.0,133.42100524902344
79.55000000000001,3.3299067852151934e-06,0.0,2.1614654510671015e-16,8.011070844171359,0.33160538983065635,0.8418509396724403,107.0,133.0,115.0,133.42100524902344
79.60000000000001,3.295607880827262e-06,0.0,2.1614654510671015e-16,8.011070844171359,0.33160538983065635,0.8418509396724403,107.0,133.0,115.0,133.42100524902344
79.65,3.91351212071226e-06,0.0,2.1614654510671015e-16,8.011070844171359,0.33160538983065635,0.8418509396724403,107.0,133.0,115.0,133.42100524902344
79.7,4.531408710638711e-06,0.0,2.1614654510671015e-16,8.011070844171359,0.33160538983065635,0.8418509396724403,107.0,133.0,115.0,133.42100524902344
79.75,1.0298664732723879e-07,0.0,2.1614654510671015e-16,8.011070844171359,0.33160538983065635,0.8418509396724403,107.0,133.0,115.0,133.42100524902344
79.80000000000001,7.552334510936355e-07,0.0,2.1614654510671015e-16,8.011070844171359,0.33160538983065635,0.8418509396724403,107.0,133.0,115.0,133.42100524902344
79.85000000000001,1.4074816319951704e-06,0.0,2.1614654510671015e-16,8.011070844171359,0.33160538983065635,0.8418509396724403,107.0,133.0,115.0,133.42100524902344
79.9,2.6776629059145735e-06,0.0,2.1614654510671015e-16,8.011070844171359,0.33160538983065635,0.8418509396724403,107.0,133.0,115.0,133.42100524902344
79.95,2.5746646715283368e-06,0.0,2.1614654510671015e-16,8.011070844171359,0.33160538983065635,0.8418509396724403,107.0,133.0,115.0,133.42100524902344
80.0,3.0895976141906435e-06,0.0,2.1614654510671015e-16,8.011070844171359,0.33160538983065635,0.8418509396724403,107.0,133.0,115.0,133.42100524902344
80.05000000000001,3.6046630308504803e-06,0.0,2.1614654510671015e-16,8.011070844171359,0.33160538983065635,0.8418509396724403,107.0,133.0,115.0,133.42100524902344
80.10000000000001,4.806057514651119e-06,0.0,2.1614654510671015e-16,8.011070844171359,0.33160538983065635,0.8418509396724403,107.0,133.0,115.0,133.42100524902344
80.15,4.806119589941418e-06,0.0,2.1614654510671015e-16,8.011070844171359,0.33160538983065635,0.8418509396724403,107.0,133.0,115.0,133.42100524902344
80.2,5.14933250163067e-07,0.0,2.1614654510671015e-16,8.011070844171359,0.33160538983065635,0.8418509396724403,107.0,133.0,115.0,133.42100524902344
80.25,1.1671814913285983e-06,0.0,2.1614654510671015e-16,8.011070844171359,0.33160538983065635,0.8418509396724403,107.0,133.0,115.0,133.42100524902344
80.30000000000001,1.8194296607507589e-06,0.0,2.1614654510671015e-16,8.011070844171359,0.33160538983065635,0.8418509396724403,107.0,133.0,115.0,133.42100524902344
80.35000000000001,2.403018149434092e-06,0.0,2.1614654510671015e-16,8.011070844171359,0.33160538983065635,0.8418509396724403,107.0,133.0,115.0,133.42100524902344
80.4,3.5358708039852056e-06,0.0,2.1614654510671015e-16,8.011070844171359,0.33160538983065635,0.8418509396724403,107.0,133.0,115.0,133.42100524902344
80.45,3.432914080119576e-06,0.0,2.1614654510671015e-16,8.011070844171359,0.33160538983065635,0.8418509396724403,107.0,133.0,115.0,133.42100524902344
80.5,3.982185304466161e-06,0.0,2.1614654510671015e-16,8.011070844171359,0.33160538983065635,0.8418509396724403,107.0,133.0,115.0,133.42100524902344
80.55000000000001,4.600111375895417e-06,0.0,2.1614654510671015e-16,8.011070844171359,0.33160538983065635,0.8418509396724403,107.0,133.0,115.0,133.42100524902344
80.60000000000001,2.4030182969365314e-07,0.0,2.1614654510671015e-16,8.011070844171359,0.33160538983065635,0.8418509396724403,107.0,133.0,115.0,133.42100524902344
80.65,8.925518820464802e-07,0.0,2.1614654510671015e-16,8.011070844171359,0.33160538983065635,0.8418509396724403,107.0,133.0,115.0,133.42100524902344
80.7,1.5448000601229945e-06,0.0,2.1614654510671015e-16,8.011070844171359,0.33160538983065635,0.8418509396724403,107.0,133.0,115.0,133.42100524902344
80.75,2.197579112218305e-06,0.0,2.1614654510671015e-16,8.011070844171359,0.33160538983065635,0.8418509396724403,107.0,133.0,115.0,133.42100524902344
80.80000000000001,2.7119817326146404e-06,0.0,2.1614654510671015e-16,8.011070844171359,0.33160538983065635,0.8418509396724403,107.0,133.0,115.0,133.42100524902344
80.85000000000001,3.2269271710105095e-06,0.0,2.1614654510671015e-16,8.011070844171359,0.33160538983065635,0.8418509396724403,107.0,133.0,115.0,133.42100524902344
80.9,3.7418574498048454e-06,0.0,2.1614654510671015e-16,8.011070844171359,0.33160538983065635,0.8418509396724403,107.0,133.0,115.0,133.42100524902344
80.95,4.394180420567829e-06,0.0,2.1614654510671015e-16,8.011070844171359,0.33160538983065635,0.8418509396724403,107.0,133.0,115.0,133.42100524902344
81.0,0.0,0.0,2.1614654510671015e-16,8.011070844171359,0.33160538983065635,0.8418509396724403,107.0,133.0,115.0,133.42100524902344
81.05000000000001,6.522480655455207e-07,0.0,2.1614654510671015e-16,8.011070844171359,0.33160538983065635,0.8418509396724403,107.0,133.0,115.0,133.42100524902344
81.10000000000001,1.3044962482734645e-06,0.0,2.1614654510671015e-16,8.011070844171359,0.33160538983065635,0.8418509396724403,107.0,133.0,115.0,133.42100524902344
81.15,1.956744515442044e-06,0.0,2.1614654510671015e-16,8.011070844171359,0.33160538983065635,0.8418509396724403,107.0,133.0,115.0,133.42100524902344
81.2,2.5060077193633263e-06,0.0,2.1614654510671015e-16,8.011070844171359,0.33160538983065635,0.8418509396724403,107.0,133.0,115.0,133.42100524902344
81.25,3.0211723357180215e-06,0.0,2.1614654510671015e-16,8.011070844171359,0.33160538983065635,0.8418509396724403,107.0,133.0,115.0,133.42100524902344
81.30000000000001,4.153800157381382e-06,0.0,2.1614654510671015e-16,8.011070844171359,0.33160538983065635,0.8418509396724403,107.0,133.0,115.0,133.42100524902344
81.35000000000001,4.737402672754322e-06,0.0,2.1614654510671015e-16,8.011070844171359,0.33160538983065635,0.8418509396724403,107.0,133.0,115.0,133.42100524902344
81.4,5.355301054517158e-06,0.0,2.1614654510671015e-16,8.011070844171359,0.33160538983065635,0.8418509396724403,107.0,133.0,115.0,133.42100524902344
81.45,3.776184349528542e-07,0.0,2.1614654510671015e-16,8.011070844171359,0.33160538983065635,0.8418509396724403,107.0,133.0,115.0,133.42100524902344
81.5,1.0298666340650678e-06,0.0,2.1614654510671015e-16,8.011070844171359,0.33160538983065635,0.8418509396724403,107.0,133.0,115.0,133.42100524902344
81.55000000000001,1.682114910347277e-06,0.0,2.1614654510671015e-16,8.011070844171359,0.33160538983065635,0.8418509396724403,107.0,133.0,115.0,133.42100524902344
81.60000000000001,2.3000436107517032e-06,0.0,2.1614654510671015e-16,8.011070844171359,0.33160538983065635,0.8418509396724403,107.0,133.0,115.0,133.42100524902344
81.65,2.8149733818076557e-06,0.0,2.1614654510671015e-16,8.011070844171359,0.33160538983065635,0.8418509396724403,107.0,133.0,115.0,133.42100524902344
81.7,3.3299233566558145e-06,0.0,2.1614654510671015e-16,8.011070844171359,0.33160538983065635,0.8418509396724403,107.0,133.0,115.0,133.42100524902344
81.75,3.844879392197383e-06,0.0,2.1614654510671015e-16,8.011070844171359,0.33160538983065635,0.8418509396724403,107.0,133.0,115.0,133.42100524902344
81.80000000000001,4.462778511114209e-06,0.0,2.1614654510671015e-16,8.011070844171359,0.33160538983065635,0.8418509396724403,107.0,133.0,115.0,133.42100524902344
81.85000000000001,1.0298664732723879e-07,0.0,2.1614654510671015e-16,8.011070844171359,0.33160538983065635,0.8418509396724403,107.0,133.0,115.0,133.42100524902344
81.9,7.552334510936355e-07,0.0,2.1614654510671015e-16,8.011070844171359,0.33160538983065635,0.8418509396724403,107.0,133.0,115.0,133.42100524902344
81.95,1.4074816319951704e-06,0.0,2.1614654510671015e-16,8.011070844171359,0.33160538983065635,0.8418509396724403,107.0,133.0,115.0,133.42100524902344
82.0,2.6776629059145735e-06,0.0,2.1614654510671015e-16,8.011070844171359,0.33160538983065635,0.8418509396724403,107.0,133.0,115.0,133.42100524902344
82.05000000000001,2.5746646715283368e-06,0.0,2.1614654510671015e-16,8.011070844171359,0.33160538983065635,0.8418509396724403,107.0,133.0,115.0,133.42100524902344
82.10000000000001,3.0895976141947698e-06,0.0,2.1614654510671015e-16,8.011070844171359,0.33160538983065635,0.8418509396724403,107.0,133.0,115.0,133.42100524902344
82.15,3.6046630308504803e-06,0.0,2.1614654510671015e-16,8.011070844171359,0.33160538983065635,0.8418509396724403,107.0,133.0,115.0,133.42100524902344
82.2,4.8403971560039714e-06,0.0,2.1614654510671015e-16,8.011070844171359,0.33160538983065635,0.8418509396724403,107.0,133.0,115.0,133.42100524902344
82.25,4.8404724124517675e-06,0.0,2.1614654510671015e-16,8.011070844171359,0.33160538983065635,0.8418509396724403,107.0,133.0,115.0,133.42100524902344
82.30000000000001,5.14933250163067e-07,0.0,2.1614654510671015e-16,8.011070844171359,0.33160538983065635,0.8418509396724403,107.0,133.0,115.0,133.42100524902344
82.35000000000001,1.1671814913285983e-06,0.0,2.1614654510671015e-16,8.011070844171359,0.33160538983065635,0.8418509396724403,107.0,133.0,115.0,133.42100524902344
82.4,1.8194296607507589e-06,0.0,2.1614654510671015e-16,8.011070844171359,0.33160538983065635,0.8418509396724403,107.0,133.0,115.0,133.42100524902344
82.45,2.403018149434092e-06,0.0,2.1614654510671015e-16,8.011070844171359,0.33160538983065635,0.8418509396724403,107.0,133.0,115.0,133.42100524902344
82.5,3.5358708039852056e-06,0.0,2.1614654510671015e-16,8.011070844171359,0.33160538983065635,0.8418509396724403,107.0,133.0,115.0,133.42100524902344
82.55000000000001,3.432914080119576e-06,0.0,2.1614654510671015e-16,8.011070844171359,0.33160538983065635,0.8418509396724403,107.0,133.0,115.0,133.42100524902344
82.60000000000001,3.982185304466192e-06,0.0,2.1614654510671015e-16,8.011070844171359,0.33160538983065635,0.8418509396724403,107.0,133.0,115.0,133.42100524902344
82.65,4.600111375895417e-06,0.0,2.1614654510671015e-16,8.011070844171359,0.33160538983065635,0.8418509396724403,107.0,133.0,115.0,133.42100524902344
82.7,2.4030182969365314e-07,0.0,2.1614654510671015e-16,8.011070844171359,0.33160538983065635,0.8418509396724403,107.0,133.0,115.0,133.42100524902344
82.75,8.925518820464802e-07,0.0,2.1614654510671015e-16,8.011070844171359,0.33160538983065635,0.8418509396724403,107.0,133.0,115.0,133.42100524902344
82.80000000000001,1.5448000601229945e-06,0.0,2.1614654510671015e-16,8.011070844171359,0.33160538983065635,0.8418509396724403,107.0,133.0,115.0,133.42100524902344
82.85000000000001,2.197579112218305e-06,0.0,2.1614654510671015e-16,8.011070844171359,0.33160538983065635,0.8418509396724403,107.0,133.0,115.0,133.42100524902344
82.9,2.7119817326146404e-06,0.0,2.1614654510671015e-16,8.011070844171359,0.33160538983065635,0.8418509396724403,107.0,133.0,115.0,133.42100524902344
82.95,3.2269271710105095e-06,0.0,2.1614654510671015e-16,8.011070844171359,0.33160538983065635,0.8418509396724403,107.0,133.0,115.0,133.42100524902344
83.0,3.7418574498048454e-06,0.0,2.1614654510671015e-16,8.011070844171359,0.33160538983065635,0.8418509396724403,107.0,133.0,115.0,133.42100524902344
83.05000000000001,4.359863225574098e-06,0.0,2.1614654510671015e-16,8.011070844171359,0.33160538983065635,0.8418509396724403,107.0,133.0,115.0,133.42100524902344
83.10000000000001,0.0,0.0,2.1614654510671015e-16,8.011070844171359,0.33160538983065635,0.8418509396724403,107.0,133.0,115.0,133.42100524902344
83.15,5.14968640182033e-07,0.0,2.1614654510671015e-16,8.011070844171359,0.33160538983065635,0.8418509396724403,107.0,133.0,115.0,133.42100524902344
83.2,1.0299527345652255e-06,0.0,2.1614654510671015e-16,8.011070844171359,0.33160538983065635,0.8418509396724403,107.0,133.0,115.0,133.42100524902344
83.25,1.6480807725520013e-06,0.0,2.1614654510671015e-16,8.011070844171359,0.33160538983065635,0.8418509396724403,107.0,133.0,115.0,133.42100524902344
83.30000000000001,2.3015674468243926e-06,0.0,2.1614654510671015e-16,8.011070844171359,0.33160538983065635,0.8418509396724403,107.0,133.0,115.0,133.42100524902344
83.35000000000001,2.814997143315663e-06,0.0,2.1614654510671015e-16,8.011070844171359,0.33160538983065635,0.8418509396724403,107.0,133.0,115.0,133.42100524902344
83.4,3.4673168897570895e-06,0.0,2.1614654510671015e-16,8.011070844171359,0.33160538983065635,0.8418509396724403,107.0,133.0,115.0,133.42100524902344
83.45,4.668750223586423e-06,0.0,2.1614654510671015e-16,8.011070844171359,0.33160538983065635,0.8418509396724403,107.0,133.0,115.0,133.42100524902344
83.5,5.252358943264076e-06,0.0,2.1614654510671015e-16,8.011070844171359,0.33160538983065635,0.8418509396724403,107.0,133.0,115.0,133.42100524902344
83.55000000000001,3.776184349528542e-07,0.0,2.1614654510671015e-16,8.011070844171359,0.33160538983065635,0.8418509396724403,107.0,133.0,115.0,133.42100524902344
83.60000000000001,1.0298666340650678e-06,0.0,2.1614654510671015e-16,8.011070844171359,0.33160538983065635,0.8418509396724403,107.0,133.0,115.0,133.42100524902344
83.65,1.682114910347277e-06,0.0,2.1614654510671015e-16,8.011070844171359,0.33160538983065635,0.8418509396724403,107.0,133.0,115.0,133.42100524902344
83.7,2.2313746455991714e-06,0.0,2.1614654510671015e-16,8.011070844171359,0.33160538983065635,0.8418509396724403,107.0,133.0,115.0,133.42100524902344
83.75,3.364227955187721e-06,0.0,2.1614654510671015e-16,8.011070844171359,0.33160538983065635,0.8418509396724403,107.0,133.0,115.0,133.42100524902344
83.80000000000001,3.261278418436285e-06,0.0,2.1614654510671015e-16,8.011070844171359,0.33160538983065635,0.8418509396724403,107.0,133.0,115.0,133.42100524902344
83.85000000000001,3.879173991269548e-06,0.0,2.1614654510671015e-16,8.011070844171359,0.33160538983065635,0.8418509396724403,107.0,133.0,115.0,133.42100524902344
83.9,4.497105233152963e-06,0.0,2.1614654510671015e-16,8.011070844171359,0.33160538983065635,0.8418509396724403,107.0,133.0,115.0,133.42100524902344
83.95,1.0298664732723879e-07,0.0,2.1614654510671015e-16,8.011070844171359,0.33160538983065635,0.8418509396724403,107.0,133.0,115.0,133.42100524902344
84.0,7.552334510936355e-07,0.0,2.1614654510671015e-16,8.011070844171359,0.33160538983065635,0.8418509396724403,107.0,133.0,115.0,133.42100524902344
84.05000000000001,1.4074816319951704e-06,0.0,2.1614654510671015e-16,8.011070844171359,0.33160538983065635,0.8418509396724403,107.0,133.0,115.0,133.42100524902344
84.10000000000001,2.060299582103584e-06,0.0,2.1614654510671015e-16,8.011070844171359,0.33160538983065635,0.8418509396724403,107.0,133.0,115.0,133.42100524902344
84.15,2.5746671313268217e-06,0.0,2.1614654510671015e-16,8.011070844171359,0.33160538983065635,0.8418509396724403,107.0,133.0,115.0,133.42100524902344
84.2,3.0895997590245306e-06,0.0,2.1614654510671015e-16,8.011070844171359,0.33160538983065635,0.8418509396724403,107.0,133.0,115.0,133.42100524902344
84.25,3.638968388904006e-06,0.0,2.1614654510671015e-16,8.011070844171359,0.33160538983065635,0.8418509396724403,107.0,133.0,115.0,133.42100524902344
84.30000000000001,4.2911971985463954e-06,0.0,2.1614654510671015e-16,8.011070844171359,0.33160538983065635,0.8418509396724403,107.0,133.0,115.0,133.42100524902344
84.35000000000001,4.943439900631101e-06,0.0,2.1614654510671015e-16,8.011070844171359,0.33160538983065635,0.8418509396724403,107.0,133.0,115.0,133.42100524902344
84.4,5.14933250163067e-07,0.0,2.1614654510671015e-16,8.011070844171359,0.33160538983065635,0.8418509396724403,107.0,133.0,115.0,133.42100524902344
84.45,1.1671814913285983e-06,0.0,2.1614654510671015e-16,8.011070844171359,0.33160538983065635,0.8418509396724403,107.0,133.0,115.0,133.42100524902344
84.5,1.8194296607507589e-06,0.0,2.1614654510671015e-16,8.011070844171359,0.33160538983065635,0.8418509396724403,107.0,133.0,115.0,133.42100524902344
84.55000000000001,2.4030181494340415e-06,0.0,2.1614654510671015e-16,8.011070844171359,0.33160538983065635,0.8418509396724403,107.0,133.0,115.0,133.42100524902344
84.60000000000001,3.5358708039869894e-06,0.0,2.1614654510671015e-16,8.011070844171359,0.33160538983065635,0.8418509396724403,107.0,133.0,115.0,133.42100524902344
84.65,3.432914080119576e-06,0.0,2.1614654510671015e-16,8.011070844171359,0.33160538983065635,0.8418509396724403,107.0,133.0,115.0,133.42100524902344
84.7,3.947884810273527e-06,0.0,2.1614654510671015e-16,8.011070844171359,0.33160538983065635,0.8418509396724403,107.0,133.0,115.0,133.42100524902344
84.75,4.565776421676722e-06,0.0,2.1614654510671015e-16,8.011070844171359,0.33160538983065635,0.8418509396724403,107.0,133.0,115.0,133.42100524902344
84.80000000000001,2.4030182969365314e-07,0.0,2.1614654510671015e-16,8.011070844171359,0.33160538983065635,0.8418509396724403,107.0,133.0,115.0,133.42100524902344
84.85000000000001,8.925518820464802e-07,0.0,2.1614654510671015e-16,8.011070844171359,0.33160538983065635,0.8418509396724403,107.0,133.0,115.0,133.42100524902344
84.9,1.5448000601229945e-06,0.0,2.1614654510671015e-16,8.011070844171359,0.33160538983065635,0.8418509396724403,107.0,133.0,115.0,133.42100524902344
84.95,2.1627295766271976e-06,0.0,2.1614654510671015e-16,8.011070844171359,0.33160538983065635,0.8418509396724403,107.0,133.0,115.0,133.42100524902344
85.0,2.6776589294012897e-06,0.0,2.1614654510671015e-16,8.011070844171359,0.33160538983065635,0.8418509396724403,107.0,133.0,115.0,133.42100524902344
85.05000000000001,3.1926031800407434e-06,0.0,2.1614654510671015e-16,8.011070844171359,0.33160538983065635,0.8418509396724403,107.0,133.0,115.0,133.42100524902344
85.10000000000001,3.776193460779143e-06,0.0,2.1614654510671015e-16,8.011070844171359,0.33160538983065635,0.8418509396724403,107.0,133.0,115.0,133.42100524902344
85.15,4.3940935768133375e-06,0.0,2.1614654510671015e-16,8.011070844171359,0.33160538983065635,0.8418509396724403,107.0,133.0,115.0,133.42100524902344
85.2,0.0,0.0,2.1614654510671015e-16,8.011070844171359,0.33160538983065635,0.8418509396724403,107.0,133.0,115.0,133.42100524902344
85.25,6.522480655455207e-07,0.0,2.1614654510671015e-16,8.011070844171359,0.33160538983065635,0.8418509396724403,107.0,133.0,115.0,133.42100524902344
85.30000000000001,1.3044962482734645e-06,0.0,2.1614654510671015e-16,8.011070844171359,0.33160538983065635,0.8418509396724403,107.0,133.0,115.0,133.42100524902344
85.35000000000001,2.471679975461971e-06,0.0,2.1614654510671015e-16,8.011070844171359,0.33160538983065635,0.8418509396724403,107.0,133.0,115.0,133.42100524902344
85.4,2.3687091652132113e-06,0.0,2.1614654510671015e-16,8.011070844171359,0.33160538983065635,0.8418509396724403,107.0,133.0,115.0,133.42100524902344
85.45,2.986810926719284e-06,0.0,2.1614654510671015e-16,8.011070844171359,0.33160538983065635,0.8418509396724403,107.0,133.0,115.0,133.42100524902344
85.5,4.256787652882558e-06,0.0,2.1614654510671015e-16,8.011070844171359,0.33160538983065635,0.8418509396724403,107.0,133.0,115.0,133.42100524902344
85.55000000000001,4.8746900379766504e-06,0.0,2.1614654510671015e-16,8.011070844171359,0.33160538983065635,0.8418509396724403,107.0,133.0,115.0,133.42100524902344
85.60000000000001,4.874695601848878e-06,0.0,2.1614654510671015e-16,8.011070844171359,0.33160538983065635,0.8418509396724403,107.0,133.0,115.0,133.42100524902344
85.65,3.0897389774710667e-07,0.0,2.1614654510671015e-16,8.011070844171359,0.33160538983065635,0.8418509396724403,107.0,133.0,115.0,133.42100524902344
85.7,8.925808615622673e-07,0.0,2.1614654510671015e-16,8.011070844171359,0.33160538983065635,0.8418509396724403,107.0,133.0,115.0,133.42100524902344
85.75,1.5448144479615952e-06,0.0,2.1614654510671015e-16,8.011070844171359,0.33160538983065635,0.8418509396724403,107.0,133.0,115.0,133.42100524902344
85.80000000000001,2.162724531767182e-06,0.0,2.1614654510671015e-16,8.011070844171359,0.33160538983065635,0.8418509396724403,107.0,133.0,115.0,133.42100524902344
85.85000000000001,3.4328854518621343e-06,0.0,2.1614654510671015e-16,8.011070844171359,0.33160538983065635,0.8418509396724403,107.0,133.0,115.0,133.42100524902344
85.9,3.3299088707555524e-06,0.0,2.1614654510671015e-16,8.011070844171359,0.33160538983065635,0.8418509396724403,107.0,133.0,115.0,133.42100524902344
85.95,3.91349852133932e-06,0.0,2.1614654510671015e-16,8.011070844171359,0.33160538983065635,0.8418509396724403,107.0,133.0,115.0,133.42100524902344
86.0,4.4284586537031685e-06,0.0,2.1614654510671015e-16,8.011070844171359,0.33160538983065635,0.8418509396724403,107.0,133.0,115.0,133.42100524902344
86.05000000000001,1.0298664732723879e-07,0.0,2.1614654510671015e-16,8.011070844171359,0.33160538983065635,0.8418509396724403,107.0,133.0,115.0,133.42100524902344
86.10000000000001,7.552334510936355e-07,0.0,2.1614654510671015e-16,8.011070844171359,0.33160538983065635,0.8418509396724403,107.0,133.0,115.0,133.42100524902344
86.15,1.373155377425704e-06,0.0,2.1614654510671015e-16,8.011070844171359,0.33160538983065635,0.8418509396724403,107.0,133.0,115.0,133.42100524902344
86.2,1.8884961571621394e-06,0.0,2.1614654510671015e-16,8.011070844171359,0.33160538983065635,0.8418509396724403,107.0,133.0,115.0,133.42100524902344
86.25,2.437380468292881e-06,0.0,2.1614654510671015e-16,8.011070844171359,0.33160538983065635,0.8418509396724403,107.0,133.0,115.0,133.42100524902344
86.30000000000001,3.055270333347568e-06,0.0,2.1614654510671015e-16,8.011070844171359,0.33160538983065635,0.8418509396724403,107.0,133.0,115.0,133.42100524902344
86.35000000000001,3.707710447938568e-06,0.0,2.1614654510671015e-16,8.011070844171359,0.33160538983065635,0.8418509396724403,107.0,133.0,115.0,133.42100524902344
86.4,4.977685617549145e-06,0.0,2.1614654510671015e-16,8.011070844171359,0.33160538983065635,0.8418509396724403,107.0,133.0,115.0,133.42100524902344
86.45,5.595588539769837e-06,0.0,2.1614654510671015e-16,8.011070844171359,0.33160538983065635,0.8418509396724403,107.0,133.0,115.0,133.42100524902344
86.5,4.806058613453554e-07,0.0,2.1614654510671015e-16,8.011070844171359,0.33160538983065635,0.8418509396724403,107.0,133.0,115.0,133.42100524902344
86.55000000000001,1.1328522290808447e-06,0.0,2.1614654510671015e-16,8.011070844171359,0.33160538983065635,0.8418509396724403,107.0,133.0,115.0,133.42100524902344
86.60000000000001,1.750773924860013e-06,0.0,2.1614654510671015e-16,8.011070844171359,0.33160538983065635,0.8418509396724403,107.0,133.0,115.0,133.42100524902344
86.65,2.30004065985067e-06,0.0,2.1614654510671015e-16,8.011070844171359,0.33160538983065635,0.8418509396724403,107.0,133.0,115.0,133.42100524902344
86.7,3.4672210906786073e-06,0.0,2.1614654510671015e-16,8.011070844171359,0.33160538983065635,0.8418509396724403,107.0,133.0,115.0,133.42100524902344
86.75,3.4672375779076024e-06,0.0,2.1614654510671015e-16,8.011070844171359,0.33160538983065635,0.8418509396724403,107.0,133.0,115.0,133.42100524902344
86.80000000000001,4.085151906990842e-06,0.0,2.1614654510671015e-16,8.011070844171359,0.33160538983065635,0.8418509396724403,107.0,133.0,115.0,133.42100524902344
86.85000000000001,4.70305058320204e-06,0.0,2.1614654510671015e-16,8.011070844171359,0.33160538983065635,0.8418509396724403,107.0,133.0,115.0,133.42100524902344
86.9,2.4030182969365314e-07,0.0,2.1614654510671015e-16,8.011070844171359,0.33160538983065635,0.8418509396724403,107.0,133.0,115.0,133.42100524902344
86.95,8.582226505526928e-07,0.0,2.1614654510671015e-16,8.011070844171359,0.33160538983065635,0.8418509396724403,107.0,133.0,115.0,133.42100524902344
87.0,1.4761450849549217e-06,0.0,2.1614654510671015e-16,8.011070844171359,0.33160538983065635,0.8418509396724403,107.0,133.0,115.0,133.42100524902344
87.05000000000001,2.1288401612381405e-06,0.0,2.1614654510671015e-16,8.011070844171359,0.33160538983065635,0.8418509396724403,107.0,133.0,115.0,133.42100524902344
87.10000000000001,2.643338743127963e-06,0.0,2.1614654510671015e-16,8.011070844171359,0.33160538983065635,0.8418509396724403,107.0,133.0,115.0,133.42100524902344
87.15,3.1582934525327823e-06,0.0,2.1614654510671015e-16,8.011070844171359,0.33160538983065635,0.8418509396724403,107.0,133.0,115.0,133.42100524902344
87.2,3.776193462056219e-06,0.0,2.1614654510671015e-16,8.011070844171359,0.33160538983065635,0.8418509396724403,107.0,133.0,115.0,133.42100524902344
87.25,4.394093576871883e-06,0.0,2.1614654510671015e-16,8.011070844171359,0.33160538983065635,0.8418509396724403,107.0,133.0,115.0,133.42100524902344
87.30000000000001,0.0,0.0,2.1614654510671015e-16,8.011070844171359,0.33160538983065635,0.8418509396724403,107.0,133.0,115.0,133.42100524902344
87.35000000000001,6.522480655455207e-07,0.0,2.1614654510671015e-16,8.011070844171359,0.33160538983065635,0.8418509396724403,107.0,133.0,115.0,133.42100524902344
87.4,1.3044962482734645e-06,0.0,2.1614654510671015e-16,8.011070844171359,0.33160538983065635,0.8418509396724403,107.0,133.0,115.0,133.42100524902344
87.45,1.956744515442044e-06,0.0,2.1614654510671015e-16,8.011070844171359,0.33160538983065635,0.8418509396724403,107.0,133.0,115.0,133.42100524902344
87.5,2.5060077193633263e-06,0.0,2.1614654510671015e-16,8.011070844171359,0.33160538983065635,0.8418509396724403,107.0,133.0,115.0,133.42100524902344
87.55000000000001,3.0211723357180215e-06,0.0,2.1614654510671015e-16,8.011070844171359,0.33160538983065635,0.8418509396724403,107.0,133.0,115.0,133.42100524902344
87.60000000000001,4.153800157381382e-06,0.0,2.1614654510671015e-16,8.011070844171359,0.33160538983065635,0.8418509396724403,107.0,133.0,115.0,133.42100524902344
87.65,4.7030631991438685e-06,0.0,2.1614654510671015e-16,8.011070844171359,0.33160538983065635,0.8418509396724403,107.0,133.0,115.0,133.42100524902344
87.7,5.320996680583615e-06,0.0,2.1614654510671015e-16,8.011070844171359,0.33160538983065635,0.8418509396724403,107.0,133.0,115.0,133.42100524902344
87.75,3.776184349528542e-07,0.0,2.1614654510671015e-16,8.011070844171359,0.33160538983065635,0.8418509396724403,107.0,133.0,115.0,133.42100524902344
87.80000000000001,1.0298666340650678e-06,0.0,2.1614654510671015e-16,8.011070844171359,0.33160538983065635,0.8418509396724403,107.0,133.0,115.0,133.42100524902344
87.85000000000001,1.682114910347277e-06,0.0,2.1614654510671015e-16,8.011070844171359,0.33160538983065635,0.8418509396724403,107.0,133.0,115.0,133.42100524902344
87.9,2.265703283397558e-06,0.0,2.1614654510671015e-16,8.011070844171359,0.33160538983065635,0.8418509396724403,107.0,133.0,115.0,133.42100524902344
87.95,2.7806478675407016e-06,0.0,2.1614654510671015e-16,8.011070844171359,0.33160538983065635,0.8418509396724403,107.0,133.0,115.0,133.42100524902344
88.0,3.2956001183646816e-06,0.0,2.1614654510671015e-16,8.011070844171359,0.33160538983065635,0.8418509396724403,107.0,133.0,115.0,133.42100524902344
88.05000000000001,3.9135121205896745e-06,0.0,2.1614654510671015e-16,8.011070844171359,0.33160538983065635,0.8418509396724403,107.0,133.0,115.0,133.42100524902344
88.10000000000001,4.531408710736407e-06,0.0,2.1614654510671015e-16,8.011070844171359,0.33160538983065635,0.8418509396724403,107.0,133.0,115.0,133.42100524902344
88.15,1.0298664732723879e-07,0.0,2.1614654510671015e-16,8.011070844171359,0.33160538983065635,0.8418509396724403,107.0,133.0,115.0,133.42100524902344
88.2,7.552334510936355e-07,0.0,2.1614654510671015e-16,8.011070844171359,0.33160538983065635,0.8418509396724403,107.0,133.0,115.0,133.42100524902344
88.25,1.4074816319951704e-06,0.0,2.1614654510671015e-16,8.011070844171359,0.33160538983065635,0.8418509396724403,107.0,133.0,115.0,133.42100524902344
88.30000000000001,1.9228842782203634e-06,0.0,2.1614654510671015e-16,8.011070844171359,0.33160538983065635,0.8418509396724403,107.0,133.0,115.0,133.42100524902344
88.35000000000001,2.4373727660319863e-06,0.0,2.1614654510671015e-16,8.011070844171359,0.33160538983065635,0.8418509396724403,107.0,133.0,115.0,133.42100524902344
88.4,3.0552703332269367e-06,0.0,2.1614654510671015e-16,8.011070844171359,0.33160538983065635,0.8418509396724403,107.0,133.0,115.0,133.42100524902344
88.45,3.707710447938568e-06,0.0,2.1614654510671015e-16,8.011070844171359,0.33160538983065635,0.8418509396724403,107.0,133.0,115.0,133.42100524902344
88.5,4.977685617549145e-06,0.0,2.1614654510671015e-16,8.011070844171359,0.33160538983065635,0.8418509396724403,107.0,133.0,115.0,133.42100524902344
88.55000000000001,5.595588539769837e-06,0.0,2.1614654510671015e-16,8.011070844171359,0.33160538983065635,0.8418509396724403,107.0,133.0,115.0,133.42100524902344
88.60000000000001,4.119690580818068e-07,0.0,2.1614654510671015e-16,8.011070844171359,0.33160538983065635,0.8418509396724403,107.0,133.0,115.0,133.42100524902344
88.65,9.955753189291275e-07,0.0,2.1614654510671015e-16,8.011070844171359,0.33160538983065635,0.8418509396724403,107.0,133.0,115.0,133.42100524902344
88.7,1.6478056969806493e-06,0.0,2.1614654510671015e-16,8.011070844171359,0.33160538983065635,0.8418509396724403,107.0,133.0,115.0,133.42100524902344
88.75,2.2657133771598075e-06,0.0,2.1614654510671015e-16,8.011070844171359,0.33160538983065635,0.8418509396724403,107.0,133.0,115.0,133.42100524902344
88.80000000000001,2.9182362255534694e-06,0.0,2.1614654510671015e-16,8.011070844171359,0.33160538983065635,0.8418509396724403,107.0,133.0,115.0,133.42100524902344
88.85000000000001,3.5702029540365012e-06,0.0,2.1614654510671015e-16,8.011070844171359,0.33160538983065635,0.8418509396724403,107.0,133.0,115.0,133.42100524902344
88.9,4.153792317788399e-06,0.0,2.1614654510671015e-16,8.011070844171359,0.33160538983065635,0.8418509396724403,107.0,133.0,115.0,133.42100524902344
88.95,4.668748042735487e-06,0.0,2.1614654510671015e-16,8.011070844171359,0.33160538983065635,0.8418509396724403,107.0,133.0,115.0,133.42100524902344
89.0,2.0597813092397918e-07,0.0,2.1614654510671015e-16,8.011070844171359,0.33160538983065635,0.8418509396724403,107.0,133.0,115.0,133.42100524902344
89.05000000000001,7.552676566825205e-07,0.0,2.1614654510671015e-16,8.011070844171359,0.33160538983065635,0.8418509396724403,107.0,133.0,115.0,133.42100524902344
89.10000000000001,1.4074975278034917e-06,0.0,2.1614654510671015e-16,8.011070844171359,0.33160538983065635,0.8418509396724403,107.0,133.0,115.0,133.42100524902344
89.15,2.0254034455055154e-06,0.0,2.1614654510671015e-16,8.011070844171359,0.33160538983065635,0.8418509396724403,107.0,133.0,115.0,133.42100524902344
89.2,2.6776558099543816e-06,0.0,2.1614654510671015e-16,8.011070844171359,0.33160538983065635,0.8418509396724403,107.0,133.0,115.0,133.42100524902344
89.25,3.2955709306040442e-06,0.0,2.1614654510671015e-16,8.011070844171359,0.33160538983065635,0.8418509396724403,107.0,133.0,115.0,133.42100524902344
89.30000000000001,3.8104940666155745e-06,0.0,2.1614654510671015e-16,8.011070844171359,0.33160538983065635,0.8418509396724403,107.0,133.0,115.0,133.42100524902344
89.35000000000001,4.359893477502688e-06,0.0,2.1614654510671015e-16,8.011070844171359,0.33160538983065635,0.8418509396724403,107.0,133.0,115.0,133.42100524902344
89.4,0.0,0.0,2.1614654510671015e-16,8.011070844171359,0.33160538983065635,0.8418509396724403,107.0,133.0,115.0,133.42100524902344
89.45,6.522480655453683e-07,0.0,2.1614654510671015e-16,8.011070844171359,0.33160538983065635,0.8418509396724403,107.0,133.0,115.0,133.42100524902344
89.5,1.270166863664128e-06,0.0,2.1614654510671015e-16,8.011070844171359,0.33160538983065635,0.8418509396724403,107.0,133.0,115.0,133.42100524902344
89.55000000000001,1.8194416103210999e-06,0.0,2.1614654510671015e-16,8.011070844171359,0.33160538983065635,0.8418509396724403,107.0,133.0,115.0,133.42100524902344
89.60000000000001,2.36870815091135e-06,0.0,2.1614654510671015e-16,8.011070844171359,0.33160538983065635,0.8418509396724403,107.0,133.0,115.0,133.42100524902344
89.65,3.0211715597757566e-06,0.0,2.1614654510671015e-16,8.011070844171359,0.33160538983065635,0.8418509396724403,107.0,133.0,115.0,133.42100524902344
89.7,4.291093077465693e-06,0.0,2.1614654510671015e-16,8.011070844171359,0.33160538983065635,0.8418509396724403,107.0,133.0,115.0,133.42100524902344
89.75,4.222455549500858e-06,0.0,2.1614654510671015e-16,8.011070844171359,0.33160538983065635,0.8418509396724403,107.0,133.0,115.0,133.42100524902344
89.80000000000001,4.771713399924563e-06,0.0,2.1614654510671015e-16,8.011070844171359,0.33160538983065635,0.8418509396724403,107.0,133.0,115.0,133.42100524902344
89.85000000000001,3.0897389774710667e-07,0.0,2.1614654510671015e-16,8.011070844171359,0.33160538983065635,0.8418509396724403,107.0,133.0,115.0,133.42100524902344
89.9,9.612161004693972e-07,0.0,2.1614654510671015e-16,8.011070844171359,0.33160538983065635,0.8418509396724403,107.0,133.0,115.0,133.42100524902344
89.95,1.613459421296813e-06,0.0,2.1614654510671015e-16,8.011070844171359,0.33160538983065635,0.8418509396724403,107.0,133.0,115.0,133.42100524902344
90.0,2.1970486267359673e-06,0.0,2.1614654510671015e-16,8.011070844171359,0.33160538983065635,0.8418509396724403,107.0,133.0,115.0,133.42100524902344
