Time (s),Ego Speed (km/h),Lead Speed (km/h),Smoothed Lead Speed (km/h),Distance Between (m),Ego Distance Covered (m),Lead Vehicle Distance Covered (m),Ego X (m),Ego Y (m),Lead X (m),Lead Y (m)
0.0,8.808552074432374,7.056000137329102,7.056000137329102,17.00818027763516,0.0,0.0,107.0,133.0,124.0,133.4250030517578
0.05,8.174808311582975,8.820000171661377,7.938000154495239,17.008461709073096,0.1276656985282898,0.11269998550415039,107.0,133.0,124.0,133.4250030517578
0.1,4.181039857893304,10.584000205993652,8.820000171661377,17.00742533609168,0.20566119998693466,0.2498999983072281,107.0,133.0,124.0,133.4250030517578
0.15000000000000002,1.8218554973666248,10.747439861297629,9.30186009407044,17.005970813524755,0.24264910072088242,0.40529029071331024,107.0,133.0,124.0,133.4250030517578
0.2,0.4834584116982045,7.768655776977541,8.995219230651859,17.005355264316268,0.2559195011854172,0.5298077911138535,107.0,133.0,124.0,133.4250030517578
0.25,0.2289603620771305,4.894812154769908,8.311818051338202,17.005371147990743,0.25616440176963806,0.6134719923138618,107.0,133.0,124.0,133.4250030517578
0.30000000000000004,0.5667335987094704,0.2858883509983007,7.165256665575358,17.00549940904396,0.2624727040529251,0.6421069949865341,107.0,133.0,124.0,133.4250030517578
0.35000000000000003,0.6878411829476073,1.260133334573056,6.42711624920007,17.005484037756528,0.2715299017727375,0.6545059978961945,107.0,133.0,124.0,133.4250030517578
0.4,0.689965224266126,1.8184629641215373,5.915043661969122,17.005431076155073,0.2811941020190716,0.6770130023360252,107.0,133.0,124.0,133.4250030517578
0.45,0.6322392046452519,2.026972871978765,5.526236582970086,17.005372689551674,0.2903391011059284,0.7043372020125389,107.0,133.0,124.0,133.4250030517578
0.5,0.5494175791741951,1.968872116568315,5.017523780894008,17.00533114811955,0.298444502055645,0.7322818972170353,107.0,133.0,124.0,133.4250030517578
0.55,0.4610664188862694,1.7295322139274503,4.308476985120615,17.005313196867608,0.3053380008786917,0.7578396983444691,107.0,133.0,124.0,133.4250030517578
0.6000000000000001,0.37747078835970643,1.387140070533253,3.3887909715745748,17.005313911165008,0.3110362011939287,0.7791417986154556,107.0,133.0,124.0,133.4250030517578
0.65,0.30337849259402255,1.0069669496472946,2.4147436804095412,17.005323664170934,0.315649401396513,0.7953073885291815,107.0,133.0,124.0,133.4250030517578
0.7000000000000001,0.24037235677258423,0.6386228281153604,1.7017403855233233,17.005333797520294,0.3193254014477134,0.8062361981719732,107.0,133.0,124.0,133.4250030517578
0.75,0.1882936745882215,0.3157472793040423,1.2438338979767365,17.00533935801149,0.3222181713208556,0.8123878985643387,107.0,133.0,124.0,133.4250030517578
0.8,0.14612904042063904,0.05750396858834732,1.2209954597357413,17.0053392236367,0.32447163108736277,0.8145666979253292,107.0,133.0,124.0,133.4250030517578
0.8500000000000001,0.11253203898670187,0.12993203008830007,1.1079753292872656,17.005334798895557,0.3262123907916248,0.8153952974826097,107.0,133.0,124.0,133.4250030517578
0.9,0.0860947184265751,0.24809026433017028,0.9509380593081289,17.005328415377825,0.32754780096001923,0.8182502966374159,107.0,133.0,124.0,133.4250030517578
0.9500000000000001,0.06549947708888335,0.3060045080110389,0.7788412229113563,17.00532214225563,0.3285661010304466,0.8222386967390776,107.0,133.0,124.0,133.4250030517578
1.0,0.04958855956796255,0.31578104382813627,0.6135321156373384,17.005317224675736,0.3293385710567236,0.826619797386229,107.0,133.0,124.0,133.4250030517578
1.05,0.037385638430749484,0.2907933105346151,0.46965822529805495,17.005314050487453,0.3299219559994526,0.8308340273797512,107.0,133.0,124.0,133.4250030517578
1.1,0.028075536713031948,0.24392635226663864,0.35533685347139354,17.005312407463947,0.33036076099961065,0.8345059771090746,107.0,133.0,124.0,133.4250030517578
1.1500000000000001,0.02101680077613671,0.18643074620960082,0.2732832331276242,17.005311811882436,0.3306897020083852,0.8374267369508743,107.0,133.0,124.0,133.4250030517578
1.2000000000000002,0.0,0.12728264385513025,0.22214921470160118,17.005311757292198,0.3306897020083852,0.8395257000811398,107.0,133.0,124.0,133.4250030517578
1.25,0.005309027899223413,0.07293911418952835,0.19786839819014979,17.005311885754367,0.3309486439975444,0.8408361971378326,107.0,133.0,124.0,133.4250030517578
1.3,0.006698664044965228,0.027445366237740857,0.19486253795508915,17.00531199184251,0.33103584800846875,0.8414612771011889,107.0,133.0,124.0,133.4250030517578
1.35,0.006821676017764124,0.0072450133048761025,0.18259383627674675,17.005312022674435,0.3311309479759075,0.8415422970429063,107.0,133.0,124.0,133.4250030517578
1.4000000000000001,0.006306587951264059,0.030857520856162612,0.16087056192934596,17.005311984798418,0.3312218519859016,0.8418510870542377,107.0,133.0,124.0,133.4250030517578
1.4500000000000002,0.0055104479659794925,0.0,0.13027011112824208,17.005311998563826,0.33130291500128806,0.8418510870542377,107.0,133.0,124.0,133.4250030517578
1.5,0.004639716167144469,0.0,0.09869200674542844,17.00531201063372,0.3313721899758093,0.8418510870542377,107.0,133.0,124.0,133.4250030517578
1.55,0.003808907792549671,0.0,0.06961267569196693,17.00531202085036,0.3314296010066755,0.8418510870542377,107.0,133.0,124.0,133.4250030517578
1.6,0.0030642264057758046,0.0,0.04522004046530307,17.005312029288383,0.3314762159716338,0.8418510870542377,107.0,133.0,124.0,133.4250030517578
1.6500000000000001,0.0008350848238708383,0.0,0.026576965844342985,17.005312031799022,0.3314899510005489,0.8418510870542377,107.0,133.0,124.0,133.4250030517578
1.7000000000000002,0.0012987647904090002,0.0,0.013848701458829962,17.005312034726604,0.33150589105207473,0.8418510870542377,107.0,133.0,124.0,133.4250030517578
1.75,0.0014159268267627948,0.0,0.006554790039877127,17.0053120382931,0.3315252009779215,0.8418510870542377,107.0,133.0,124.0,133.4250030517578
1.8,0.0013612752444211913,0.0,0.0038102534161030418,17.00531204187969,0.3315445010084659,0.8418510870542377,107.0,133.0,124.0,133.4250030517578
1.85,0.0012118068407553945,0.0,0.0030857520856154316,17.00531204518821,0.3315622010268271,0.8418510870542377,107.0,133.0,124.0,133.4250030517578
1.9000000000000001,0.0010341215995273668,0.0,0.0,17.00531204807611,0.33157757099252194,0.8418510870542377,107.0,133.0,124.0,133.4250030517578
1.9500000000000002,0.0008579447865815318,0.0,0.0,17.005312050510703,0.3315904709743336,0.8418510870542377,107.0,133.0,124.0,133.4250030517578
2.0,0.0006972191739113327,0.0,0.0,17.005312052510888,0.3316010310081765,0.8418510870542377,107.0,133.0,124.0,133.4250030517578
2.0500000000000003,0.00010319256350381113,0.0,0.0,17.005312053583793,0.33160668099299073,0.8418510870542377,107.0,133.0,124.0,133.4250030517578
2.1,0.0002427735737906835,0.0,0.0,17.00531205409905,0.33160939102526754,0.8418510870542377,107.0,133.0,124.0,133.4250030517578
2.15,0.00029000986836827684,0.0,0.0,17.005312054831837,0.3316132409963757,0.8418510870542377,107.0,133.0,124.0,133.4250030517578
2.2,0.0002892549470909737,0.0,0.0,17.00531205560936,0.33161732100415975,0.8418510870542377,107.0,133.0,124.0,133.4250030517578
2.25,0.0002665292506326114,0.0,0.0,17.005312056338166,0.3316211410565302,0.8418510870542377,107.0,133.0,124.0,133.4250030517578
2.3000000000000003,0.00022842396628799686,0.0,0.0,17.005312056993336,0.33162457100115716,0.8418510870542377,107.0,133.0,124.0,133.4250030517578
2.35,0.00019182961241467886,0.0,0.0,17.00531205754783,0.3316274710232392,0.8418510870542377,107.0,133.0,124.0,133.4250030517578
2.4000000000000004,0.00015602471817411972,0.0,0.0,17.005312057999408,0.33162983099464327,0.8418510870542377,107.0,133.0,124.0,133.4250030517578
2.45,0.00012495709817702554,0.0,0.0,17.005312058372734,0.33163178095128387,0.8418510870542377,107.0,133.0,124.0,133.4250030517578
2.5,4.3563266704007765e-05,0.0,0.0,17.005312058372734,0.33163178095128387,0.8418510870542377,107.0,133.0,124.0,133.4250030517578
2.5500000000000003,5.6574006881508795e-05,0.0,0.0,17.00531205858348,0.3316328809596598,0.8418510870542377,107.0,133.0,124.0,133.4250030517578
2.6,6.196358228246442e-05,0.0,0.0,17.00531205858348,0.3316328809596598,0.8418510870542377,107.0,133.0,124.0,133.4250030517578
2.6500000000000004,6.004115712556985e-05,0.0,0.0,17.005312058892034,0.3316344909835607,0.8418510870542377,107.0,133.0,124.0,133.4250030517578
2.7,5.3312761893773386e-05,0.0,0.0,17.005312058892034,0.3316344909835607,0.8418510870542377,107.0,133.0,124.0,133.4250030517578
2.75,4.51767592662701e-05,0.0,0.0,17.005312059170066,0.33163594105280936,0.8418510870542377,107.0,133.0,124.0,133.4250030517578
2.8000000000000003,3.68690699926086e-05,0.0,0.0,17.005312059170066,0.33163594105280936,0.8418510870542377,107.0,133.0,124.0,133.4250030517578
2.85,2.931687117431577e-05,0.0,0.0,17.005312059170066,0.33163594105280936,0.8418510870542377,107.0,133.0,124.0,133.4250030517578
2.9000000000000004,8.170452733075252e-06,0.0,0.0,17.00531205938872,0.3316370809916407,0.8418510870542377,107.0,133.0,124.0,133.4250030517578
2.95,8.685311529475874e-06,0.0,0.0,17.00531205938872,0.3316370809916407,0.8418510870542377,107.0,133.0,124.0,133.4250030517578
3.0,1.077926444324315e-05,0.0,0.0,17.00531205938872,0.3316370809916407,0.8418510870542377,107.0,133.0,124.0,133.4250030517578
3.0500000000000003,7.964285524945914e-06,0.0,0.0,17.00531205938872,0.3316370809916407,0.8418510870542377,107.0,133.0,124.0,133.4250030517578
3.1,6.042220895238774e-06,0.0,0.0,17.00531205938872,0.3316370809916407,0.8418510870542377,107.0,133.0,124.0,133.4250030517578
3.1500000000000004,7.621059898075547e-06,0.0,0.0,17.00531205938872,0.3316370809916407,0.8418510870542377,107.0,133.0,124.0,133.4250030517578
3.2,7.586715847077159e-06,0.0,0.0,17.00531205938872,0.3316370809916407,0.8418510870542377,107.0,133.0,124.0,133.4250030517578
3.25,4.085174616270417e-06,0.0,0.0,17.00531205938872,0.3316370809916407,0.8418510870542377,107.0,133.0,124.0,133.4250030517578
3.3000000000000003,0.0,0.0,0.0,17.00531205938872,0.3316370809916407,0.8418510870542377,107.0,133.0,124.0,133.4250030517578
3.35,3.2955750100289012e-06,0.0,0.0,17.00531205938872,0.3316370809916407,0.8418510870542377,107.0,133.0,124.0,133.4250030517578
3.4000000000000004,6.591143912890496e-06,0.0,0.0,17.00531205938872,0.3316370809916407,0.8418510870542377,107.0,133.0,124.0,133.4250030517578
3.45,7.6211676256245044e-06,0.0,0.0,17.00531205960173,0.3316381910117343,0.8418510870542377,107.0,133.0,124.0,133.4250030517578
3.5,2.814994424136471e-06,0.0,0.0,17.00531205960173,0.3316381910117343,0.8418510870542377,107.0,133.0,124.0,133.4250030517578
3.5500000000000003,6.179282382970802e-06,0.0,0.0,17.00531205960173,0.3316381910117343,0.8418510870542377,107.0,133.0,124.0,133.4250030517578
3.6,6.076230915068761e-06,0.0,0.0,17.00531205960173,0.3316381910117343,0.8418510870542377,107.0,133.0,124.0,133.4250030517578
3.6500000000000004,5.698592457481728e-06,0.0,0.0,17.00531205960173,0.3316381910117343,0.8418510870542377,107.0,133.0,124.0,133.4250030517578
3.7,6.865996273330831e-06,0.0,0.0,17.00531205960173,0.3316381910117343,0.8418510870542377,107.0,133.0,124.0,133.4250030517578
3.75,5.492673555064728e-07,0.0,0.0,17.00531205960173,0.3316381910117343,0.8418510870542377,107.0,133.0,124.0,133.4250030517578
3.8000000000000003,1.5105114765496413e-06,0.0,0.0,17.00531205960173,0.3316381910117343,0.8418510870542377,107.0,133.0,124.0,133.4250030517578
3.85,2.5403464180491263e-06,0.0,0.0,17.00531205960173,0.3316381910117343,0.8418510870542377,107.0,133.0,124.0,133.4250030517578
3.9000000000000004,2.8836232078518003e-06,0.0,0.0,17.00531205960173,0.3316381910117343,0.8418510870542377,107.0,133.0,124.0,133.4250030517578
3.95,4.565750082537573e-06,0.0,0.0,17.00531205960173,0.3316381910117343,0.8418510870542377,107.0,133.0,124.0,133.4250030517578
4.0,4.943358134742726e-06,0.0,0.0,17.00531205960173,0.3316381910117343,0.8418510870542377,107.0,133.0,124.0,133.4250030517578
4.05,2.4030418728269997e-06,0.0,0.0,17.00531205960173,0.3316381910117343,0.8418510870542377,107.0,133.0,124.0,133.4250030517578
4.1000000000000005,3.056478817751497e-06,0.0,0.0,17.00531205960173,0.3316381910117343,0.8418510870542377,107.0,133.0,124.0,133.4250030517578
4.15,1.3731551965524157e-07,0.0,0.0,17.00531205960173,0.3316381910117343,0.8418510870542377,107.0,133.0,124.0,133.4250030517578
4.2,8.239019751766575e-07,0.0,0.0,17.00531205960173,0.3316381910117343,0.8418510870542377,107.0,133.0,124.0,133.4250030517578
4.25,1.5104915463785397e-06,0.0,0.0,17.00531205960173,0.3316381910117343,0.8418510870542377,107.0,133.0,124.0,133.4250030517578
4.3,2.1627515867725514e-06,0.0,0.0,17.00531205960173,0.3316381910117343,0.8418510870542377,107.0,133.0,124.0,133.4250030517578
4.3500000000000005,2.6776665659649716e-06,0.0,0.0,17.00531205960173,0.3316381910117343,0.8418510870542377,107.0,133.0,124.0,133.4250030517578
4.4,3.192586343353228e-06,0.0,0.0,17.00531205960173,0.3316381910117343,0.8418510870542377,107.0,133.0,124.0,133.4250030517578
4.45,3.811478101240522e-06,0.0,0.0,17.00531205960173,0.3316381910117343,0.8418510870542377,107.0,133.0,124.0,133.4250030517578
4.5,4.359783600862274e-06,0.0,0.0,17.00531205960173,0.3316381910117343,0.8418510870542377,107.0,133.0,124.0,133.4250030517578
4.55,6.350839796821727e-06,0.0,0.0,17.00531205960173,0.3316381910117343,0.8418510870542377,107.0,133.0,124.0,133.4250030517578
4.6000000000000005,5.493712226367985e-07,0.0,0.0,17.00531205960173,0.3316381910117343,0.8418510870542377,107.0,133.0,124.0,133.4250030517578
4.65,1.2361247576501292e-06,0.0,0.0,17.00531205960173,0.3316381910117343,0.8418510870542377,107.0,133.0,124.0,133.4250030517578
4.7,1.957026900434728e-06,0.0,0.0,17.00531205960173,0.3316381910117343,0.8418510870542377,107.0,133.0,124.0,133.4250030517578
4.75,2.644060276596681e-06,0.0,0.0,17.00531205960173,0.3316381910117343,0.8418510870542377,107.0,133.0,124.0,133.4250030517578
4.800000000000001,3.329987742266736e-06,0.0,0.0,17.00531205960173,0.3316381910117343,0.8418510870542377,107.0,133.0,124.0,133.4250030517578
4.8500000000000005,4.01690807059438e-06,0.0,0.0,17.00531205960173,0.3316381910117343,0.8418510870542377,107.0,133.0,124.0,133.4250030517578
4.9,3.4330134151481593e-06,0.0,0.0,17.00531205960173,0.3316381910117343,0.8418510870542377,107.0,133.0,124.0,133.4250030517578
4.95,4.11957921966051e-06,0.0,0.0,17.00531205960173,0.3316381910117343,0.8418510870542377,107.0,133.0,124.0,133.4250030517578
5.0,2.40311018236906e-07,0.0,0.0,17.00531205960173,0.3316381910117343,0.8418510870542377,107.0,133.0,124.0,133.4250030517578
5.050000000000001,8.582987959703321e-07,0.0,0.0,17.00531205960173,0.3316381910117343,0.8418510870542377,107.0,133.0,124.0,133.4250030517578
5.1000000000000005,1.5448239683582311e-06,0.0,0.0,17.00531205960173,0.3316381910117343,0.8418510870542377,107.0,133.0,124.0,133.4250030517578
5.15,2.1970572746361386e-06,0.0,0.0,17.00531205960173,0.3316381910117343,0.8418510870542377,107.0,133.0,124.0,133.4250030517578
5.2,2.7806592946374366e-06,0.0,0.0,17.00531205960173,0.3316381910117343,0.8418510870542377,107.0,133.0,124.0,133.4250030517578
5.25,3.432889877604757e-06,0.0,0.0,17.00531205960173,0.3316381910117343,0.8418510870542377,107.0,133.0,124.0,133.4250030517578
5.300000000000001,5.389634085865136e-06,0.0,0.0,17.00531205960173,0.3316381910117343,0.8418510870542377,107.0,133.0,124.0,133.4250030517578
5.3500000000000005,4.703066218301647e-06,0.0,0.0,17.00531205960173,0.3316381910117343,0.8418510870542377,107.0,133.0,124.0,133.4250030517578
5.4,0.0,0.0,0.0,17.00531205960173,0.3316381910117343,0.8418510870542377,107.0,133.0,124.0,133.4250030517578
5.45,5.149382973924865e-07,0.0,0.0,17.00531205960173,0.3316381910117343,0.8418510870542377,107.0,133.0,124.0,133.4250030517578
5.5,1.029881126299274e-06,0.0,0.0,17.00531205960173,0.3316381910117343,0.8418510870542377,107.0,133.0,124.0,133.4250030517578
5.550000000000001,1.7164426507117107e-06,0.0,0.0,17.00531205960173,0.3316381910117343,0.8418510870542377,107.0,133.0,124.0,133.4250030517578
5.6000000000000005,2.4030186101243716e-06,0.0,0.0,17.00531205960173,0.3316381910117343,0.8418510870542377,107.0,133.0,124.0,133.4250030517578
5.65,4.3605013086175235e-06,0.0,0.0,17.00531205960173,0.3316381910117343,0.8418510870542377,107.0,133.0,124.0,133.4250030517578
5.7,3.604542779184085e-06,0.0,0.0,17.00531205960173,0.3316381910117343,0.8418510870542377,107.0,133.0,124.0,133.4250030517578
5.75,4.29109214970165e-06,0.0,0.0,17.00531205960173,0.3316381910117343,0.8418510870542377,107.0,133.0,124.0,133.4250030517578
5.800000000000001,6.248468967080266e-06,0.0,0.0,17.00531205960173,0.3316381910117343,0.8418510870542377,107.0,133.0,124.0,133.4250030517578
5.8500000000000005,0.9330453380797679,0.0,0.0,16.999317230614267,0.3376348984965771,0.8418510870542377,107.00599670410156,133.0,124.0,133.4250030517578
5.9,2.006168772647344,0.01666201923082834,0.0016662019230820045,16.97729571050584,0.3596611135372978,0.84215199702885,107.02799987792969,133.00100708007812,124.0,133.4250030517578
5.95,2.8289097734444995,0.021414443770107726,0.003807646300092777,16.94227816738064,0.3946788291209151,0.842344406992197,107.06300354003906,133.0019989013672,124.0,133.4250030517578
6.0,3.1639872044000468,0.020027702201448182,0.005810416520237595,16.900266270487343,0.43669071981176466,0.8425373969366774,107.1050033569336,133.0030059814453,124.0,133.4250030517578
6.050000000000001,3.2067043713191836,0.01888723560633971,0.0076991400808715665,16.8552322126288,0.4817332644241138,0.8427411769516766,107.1500015258789,133.0050048828125,124.0,133.4250030517578
6.1000000000000005,3.027802323541202,0.017933893766816523,0.009492529457553219,16.81219648257394,0.5247789685527643,0.8429627669975162,107.19300079345703,133.0070037841797,124.0,133.4250030517578
6.15,3.077205561727399,0.01717881849463621,0.011210411307016839,16.768186675611073,0.5677896738911798,0.8439916234357785,107.23600006103516,133.00799560546875,123.9990005493164,133.4250030517578
6.2,2.9821786850871277,0.01659751292344032,0.012870162599360871,16.72615013539703,0.6098370314972307,0.8442601013822983,107.27799987792969,133.00999450683594,123.9990005493164,133.4250030517578
6.25,2.8064341639373263,0.016120672859229947,0.014482229885283865,16.686136519709034,0.6498506234215637,0.844552765426835,107.31800079345703,133.01100158691406,123.9990005493164,133.4250030517578
6.300000000000001,2.658732117194886,0.015646303664328943,0.01604686025171676,16.648096619333312,0.6879051732470643,0.8448667914209924,107.35600280761719,133.01300048828125,123.9990005493164,133.4250030517578
6.3500000000000005,2.629797584393418,0.015114690616104312,0.01755832931332719,16.611088075155457,0.7239147425740964,0.8459199755056628,107.39199829101562,133.01400756835938,123.99800109863281,133.4250030517578
6.4,2.677251978545511,0.014426073722676281,0.01733473476251199,16.574047406306992,0.7609712578627074,0.8462644805153698,107.42900085449219,133.01600646972656,123.99800109863281,133.4250030517578
6.45,2.864862205879108,0.6664634847105831,0.08183963885655952,16.54700592669205,0.7990258067088675,0.8572663094598277,107.46700286865234,133.01800537109375,124.00900268554688,133.4250030517578
6.5,3.1023574819743307,1.213592805371182,0.20119614917353287,16.519989278855082,0.8410373328978094,0.8722662412165514,107.50900268554688,133.0189971923828,124.02400207519531,133.4250030517578
6.550000000000001,3.4099684434620547,0.797685379342697,0.27907596354716857,16.487927541426778,0.887133069685101,0.886267424393665,107.55500030517578,133.02200317382812,124.03800201416016,133.4250030517578
6.6000000000000005,3.6854478056599005,1.4743826253987382,0.42472083671036076,16.457888925930465,0.9361697994567318,0.9052660005869824,107.60399627685547,133.0240020751953,124.05699920654297,133.4250030517578
6.65,3.9468986165292916,1.0690118422949622,0.5299041390903934,16.420848690745277,0.9902076372206766,0.9222651918077983,107.65799713134766,133.0260009765625,124.0739974975586,133.4250030517578
6.7,4.129821275360084,1.7527530018820772,0.7035196879862571,16.38878757821368,1.0462880133690107,0.9462677271292097,107.71399688720703,133.0290069580078,124.0979995727539,133.4250030517578
6.75,4.274700488210189,1.354598184149239,0.8373674391152578,16.349717742336818,1.1053694948912658,0.9662644688961627,107.77300262451172,133.03199768066406,124.11799621582031,133.4250030517578
6.800000000000001,4.358726973775727,2.044197488587759,1.0402225576076007,16.317664833969864,1.1654423087234225,0.9942719946820411,107.83300018310547,133.03500366210938,124.14600372314453,133.4250030517578
6.8500000000000005,4.434660773122588,1.651770155492532,1.2038881040952436,16.28060149397099,1.2265125925289397,1.0182664749411396,107.89399719238281,133.03799438476562,124.16999816894531,133.4250030517578
6.9,4.487656958135868,2.3462915988474577,1.4370746566077217,16.24950932731996,1.2886464139407927,1.0492647424823385,107.95600128173828,133.04200744628906,124.20099639892578,133.4250030517578
6.95,4.557601192149834,1.9584041860234465,1.566268726739008,16.216458643812768,1.3507149685701283,1.0782718577634804,108.01799774169922,133.0449981689453,124.2300033569336,133.4250030517578
7.0,4.635461853749356,2.656221551555713,1.7105316013574612,16.187389372941297,1.4147885102944477,1.113267978878011,108.08200073242188,133.04800415039062,124.26499938964844,133.4250030517578
7.050000000000001,4.755806077430408,2.2722313768002196,1.8579862011032138,16.155299957517578,1.4799137728015657,1.1462652797796689,108.14700317382812,133.052001953125,124.2979965209961,133.4250030517578
7.1000000000000005,4.89407108043631,2.9727076437974937,2.0078187029430894,16.1272232120071,1.5480243651202785,1.1862662630615515,108.21499633789062,133.05599975585938,124.33799743652344,133.4250030517578
7.15,5.052587535315863,2.59178785301081,2.160096304014674,16.096141955927735,1.6171403265070583,1.2242683866773931,108.28399658203125,133.05999755859375,124.3759994506836,133.4250030517578
7.2,5.207423052278444,3.294264069499311,2.3142474107763973,16.069072854784356,1.6882107001290017,1.2682671377702783,108.3550033569336,133.06300354003906,124.41999816894531,133.4250030517578
7.25,5.355888104152088,2.9156950180149974,2.4703570941629733,16.036993565020733,1.7623161120259168,1.310267013378991,108.42900085449219,133.06700134277344,124.46199798583984,133.4250030517578
7.300000000000001,5.491412884196613,3.620991284454944,2.6280364737496917,16.009918607453343,1.837419538528898,1.35827117564088,108.50399780273438,133.0709991455078,124.51000213623047,133.4250030517578
7.3500000000000005,5.616674013642263,3.2443662046639097,2.7872960786668295,15.979809456992996,1.9145854936567102,1.4052682759951676,108.58100128173828,133.0760040283203,124.55699920654297,133.4250030517578
7.4,5.7349379691349345,3.9503540505462165,2.9477023238367055,15.953727738089452,1.9936889609069064,1.4582696835014055,108.66000366210938,133.0800018310547,124.61000061035156,133.4250030517578
7.45,5.85049853743754,3.575187522298882,3.109380657464249,15.924635187597804,2.074837100577225,1.5102716542091597,108.74099731445312,133.0850067138672,124.66200256347656,133.4250030517578
7.5,5.9669637867116565,4.282525603445804,3.272011062653258,15.900532683044302,2.156989498386022,1.5682703127283324,108.822998046875,133.08999633789062,124.72000122070312,133.4250030517578
7.550000000000001,6.086709137693432,3.9085935560613008,3.435647280579366,15.872434185687654,2.2401404409394448,1.6232706308962528,108.90599822998047,133.09500122070312,124.7750015258789,133.4250030517578
7.6000000000000005,6.210772078049563,4.618081231643937,3.6001846393640102,15.849333123255903,2.3262844883312437,1.6862665421571046,108.99199676513672,133.10000610351562,124.83799743652344,133.4250030517578
7.65,6.338847130536482,4.245913426631518,3.7655971967260813,15.822236679510247,2.4134330593478124,1.7462717407681836,109.0790023803711,133.10499572753906,124.89800262451172,133.4250030517578
7.7,6.470013778864784,4.955833363515551,3.931754126127705,15.801124578052145,2.5026317498800106,1.8142725345954527,109.16799926757812,133.11099243164062,124.96600341796875,133.4250030517578
7.75,6.6029389613962906,4.585249119061166,4.098709536232322,15.77502228530803,2.593772689824562,1.8792673557350363,109.25900268554688,133.11599731445312,125.03099822998047,133.4250030517578
7.800000000000001,6.736464460360789,5.2957090033414715,4.2661813081209745,15.754913010301623,2.685963169301967,1.951265952141898,109.35099792480469,133.1219940185547,125.10299682617188,133.4250030517578
7.8500000000000005,6.869652608541443,4.924693017226945,4.434213989377278,15.729801454185123,2.7811544274767837,2.0212656547253967,109.44599914550781,133.1280059814453,125.1729965209961,133.4250030517578
7.9,7.002205803148292,5.63648504816356,4.602827089139011,15.710713836981336,2.8773422092725194,2.098275520999866,109.54199981689453,133.13400268554688,125.25,133.42599487304688
7.95,7.133752613646732,5.269573045422364,4.77226564145136,15.686605436700946,2.975525083135867,2.172273025073718,109.63999938964844,133.13999938964844,125.3239974975586,133.42599487304688
8.0,7.264601994929573,5.977656806832834,4.941778761790062,15.668502380598891,3.0757032009392513,2.2542737575195706,109.73999786376953,133.14599609375,125.40599822998047,133.42599487304688
8.05,7.3952535826358,5.613732991291298,5.112292705313062,15.645379658582007,3.1779483671525246,2.3332761431404823,109.84200286865234,133.1529998779297,125.48500061035156,133.42599487304688
8.1,7.526127189297366,6.317352734898233,5.282219855638493,15.628280358611361,3.2821173935465664,2.42027412898116,109.94599914550781,133.15899658203125,125.5719985961914,133.42599487304688
8.15,7.657592387049628,5.957280996483945,5.453356612623735,15.60716145993421,3.3873540694735422,2.504273766966079,110.0510025024414,133.16600036621094,125.65599822998047,133.42599487304688
8.200000000000001,7.789862509038013,6.657876953428674,5.623560971615047,15.591057249647024,3.494577684445403,2.595277184971798,110.15799713134766,133.17300415039062,125.74700164794922,133.42599487304688
8.25,7.923040437955843,6.30162081446946,5.795198141155877,15.57094363587622,3.603802646318132,2.6842740755602335,110.26699829101562,133.17999267578125,125.83599853515625,133.42599487304688
8.3,8.05709400606468,6.999084830689785,5.965535723890708,15.555836938369234,3.715023447172408,2.7802747470544946,110.37799835205078,133.18699645996094,125.93199920654297,133.42599487304688
8.35,8.191914015761766,6.647004781485277,6.137766900316542,15.535736492716547,3.8282392521505417,2.8732770692058303,110.49099731445312,133.19400024414062,126.0250015258789,133.42599487304688
8.4,8.327326193387654,7.341336421870294,6.308252037687216,15.52162738586285,3.9434578116396555,2.9742749941923217,110.60600280761719,133.2010040283203,126.1259994506836,133.42599487304688
8.450000000000001,8.463040621800655,6.993468939366424,6.4806416270816225,15.504516917849639,4.059730365009679,3.0732740199666257,110.72200012207031,133.20899963378906,126.2249984741211,133.42599487304688
8.5,8.59893080682735,7.682292835518175,6.651105229950156,15.490421823567877,4.178939582050694,3.1782773771295614,110.84100341796875,133.21600341796875,126.33000183105469,133.42599487304688
8.55,8.735042961426466,7.34014853941022,6.823746784762048,15.473318652296497,4.299200788828505,3.2812742053019193,110.96099853515625,133.2239990234375,126.43299865722656,133.42599487304688
8.6,8.87130537891734,8.024112710452533,6.994422782317477,15.461216245935145,4.4214641595048585,3.3912748159458435,111.08300018310547,133.23199462890625,126.54299926757812,133.42599487304688
8.65,9.007846789738363,7.688556775736475,7.16755036024273,15.445132282676965,4.545662344771844,3.499276526635084,111.20700073242188,133.23899841308594,126.6510009765625,133.42599487304688
8.700000000000001,9.144669269982785,8.365968638784643,7.338359528778328,15.434036700562464,4.671915230993839,3.6142743907599333,111.33300018310547,133.2469940185547,126.76599884033203,133.42599487304688
8.75,9.281891262234168,8.0370010650162,7.511897553833002,15.418947402537974,4.8001640207498415,3.727273354615086,111.46099853515625,133.2550048828125,126.87899780273438,133.42599487304688
8.8,9.407250477330564,8.707428890468893,7.682731959810913,15.408859230379713,4.930414545746501,3.8472761016104404,111.59100341796875,133.26300048828125,126.9990005493164,133.42599487304688
8.85,9.528538983894943,8.385084869262736,7.856539968588659,15.39477749724421,5.062652643830657,3.9652723186799803,111.7229995727539,133.27099609375,127.11699676513672,133.42599487304688
8.9,9.661779647661385,9.049680503583064,8.027374376759935,15.385696650903713,5.195896909862221,4.089272868459764,111.85600280761719,133.2790069580078,127.24099731445312,133.42599487304688
8.950000000000001,9.803966340559787,8.722801186384451,8.200307601461738,15.37362956137931,5.331190260458691,4.212278090881979,111.99099731445312,133.28799438476562,127.36399841308594,133.427001953125
9.0,9.952471717386924,9.354996595042557,8.367577977414175,15.364556856086315,5.46842530791055,4.340276443441312,112.12799835205078,133.29600524902344,127.49199676513672,133.427001953125
9.05,10.103876708952047,9.002880476730157,8.53385117114617,15.352497742956725,5.607655020038142,4.46728297515618,112.26699829101562,133.3040008544922,127.61900329589844,133.427001953125
9.1,10.25506507479395,9.60242503315656,8.691682403416573,15.342433910390456,5.7498782402177,4.5992791304777505,112.40899658203125,133.31199645996094,127.7509994506836,133.427001953125
9.15,10.40383161226803,9.22975246333265,8.84580197217619,15.328361834450023,5.893166706288017,4.728276934119466,112.552001953125,133.3209991455078,127.87999725341797,133.427001953125
9.200000000000001,10.54899993917553,9.802801084644472,8.989485216762173,15.317314893777617,6.039381579324735,4.863279070870893,112.697998046875,133.32899475097656,128.01499938964844,133.427001953125
9.25,10.690597214863624,9.413497100478487,9.127134820308402,15.30226079975467,6.186660163859692,4.995282855950056,112.84500122070312,133.33799743652344,128.14700317382812,133.427001953125
9.3,10.829529124146545,9.965124955694428,9.252904426830955,15.29020788419597,6.335876611074204,5.132276264640912,112.99400329589844,133.3459930419922,128.28399658203125,133.427001953125
9.35,10.966948993449146,9.562320661353471,9.370628006040027,15.272170003954434,6.488087989851063,5.266278951118081,113.14600372314453,133.35400390625,128.41799926757812,133.427001953125
9.4,11.104302181181119,10.096596982728954,9.475319653954617,15.258141696809247,6.641296646112169,5.405286519929469,113.29900360107422,133.36199951171875,128.5570068359375,133.427001953125
9.450000000000001,11.242634004911967,9.682849274077679,9.57132446272394,15.239093676560465,6.796556653617609,5.541272849002821,113.4540023803711,133.37100219726562,128.6929931640625,133.427001953125
9.5,11.382748453661996,10.203084552310916,9.656133258450774,15.223075260835769,6.953757803233974,5.682279319154552,113.61100006103516,133.37899780273438,128.83399963378906,133.427001953125
9.55,11.524902147485362,9.780516879937302,9.733896898771487,15.201049049588809,7.112955299459365,5.819272728316719,113.7699966430664,133.38699340820312,128.9709930419922,133.427001953125
9.600000000000001,11.6689390885102,10.289340967845206,9.802588492240352,15.181033477489798,7.274157583175149,5.9602791984591805,113.93099975585938,133.39500427246094,129.11199951171875,133.427001953125
9.65,11.814507084025736,9.859609006626933,9.86557414656978,15.157024314563522,7.437355580488492,6.09928676777305,114.09400177001953,133.4029998779297,129.25100708007812,133.427001953125
9.700000000000001,11.960933795044756,10.65222113423571,9.950516151528905,15.13800895081473,7.602550107733524,6.245282861793719,114.25900268554688,133.41099548339844,129.39700317382812,133.427001953125
9.75,12.10766361994555,10.196641253128012,10.028830566793857,15.112994014512214,7.770695303619765,6.388272974965824,114.427001953125,133.41799926757812,129.5399932861328,133.427001953125
9.8,12.254346568728367,10.657044816663735,10.098022552890788,15.090995822318138,7.939883058735106,6.5352761493135665,114.59600067138672,133.42599487304688,129.68699645996094,133.427001953125
9.850000000000001,12.400629306800363,10.196748539464641,10.161465340701906,15.06300516838647,8.111068221249003,6.6782815210965305,114.76699829101562,133.4340057373047,129.8300018310547,133.427001953125
9.9,12.533965055781806,10.657044816785076,10.217510124107516,15.037009073709864,8.28421346530592,6.825284695483665,114.94000244140625,133.4409942626953,129.9770050048828,133.427001953125
9.950000000000001,12.660960350609923,10.196748541221815,10.26890005082193,15.004018767673971,8.459348986662881,6.967286451000692,115.11499786376953,133.447998046875,130.11900329589844,133.42799377441406
10.0,12.79929575674022,10.657044817703799,10.314296077361217,14.974031009648614,8.636489451839456,7.114289625316967,115.29199981689453,133.4550018310547,130.26600646972656,133.42799377441406
10.05,12.946994190384752,10.196748542730967,10.355919243640585,14.938036922061794,8.815668791094142,7.257279738452022,115.47100067138672,133.46299743652344,130.40899658203125,133.42799377441406
10.100000000000001,13.102043928710225,10.657044817986366,10.3926896286547,14.904055723881553,8.996767858129939,7.404282912701488,115.6520004272461,133.468994140625,130.55599975585938,133.42799377441406
10.15,13.261373437731471,10.196748542643284,10.426403582256336,14.86408355839818,9.17990049186744,7.547288284688071,115.83499908447266,133.4759979248047,130.69900512695312,133.42799377441406
10.200000000000001,13.421762616305584,10.657044817486478,10.426885950581413,14.826098444856449,9.365030580396276,7.694276200126109,116.0199966430664,133.48300170898438,130.8459930419922,133.42799377441406
10.25,13.580380497018412,10.196784589966416,10.426900284265255,14.78112411969951,9.553129733842999,7.837281572129539,116.20800018310547,133.48899841308594,130.98899841308594,133.42799377441406
10.3,13.73551742072682,10.657044816733913,10.426900284272273,14.73714419152851,9.743226783269161,7.983277666281224,116.39800262451172,133.4949951171875,131.13499450683594,133.42799377441406
10.350000000000001,13.8865436124562,10.196784587687468,10.426903889094556,14.688189975351916,9.935348200528827,8.126283038267808,116.58999633789062,133.5019989013672,131.2779998779297,133.42799377441406
10.4,14.033769685458102,10.65704481596342,10.42690388901239,14.641219656507033,10.129412992746895,8.273286212521072,116.78399658203125,133.5070037841797,131.4250030517578,133.42799377441406
10.450000000000001,14.178348945010477,10.196784585743833,10.426907493464592,14.588237479389385,10.32551147889024,8.416276325669111,116.9800033569336,133.51300048828125,131.5679931640625,133.42799377441406
10.5,14.321757303903386,10.65704481542538,10.42690749323675,14.537279777768534,10.523600315088672,8.563279499945489,117.1780014038086,133.5189971923828,131.71499633789062,133.42799377441406
10.55,14.465508962350356,10.196784584031795,10.42691109736683,14.480321640460193,10.723659876615137,8.706284871853425,117.37799835205078,133.5240020751953,131.85800170898438,133.42799377441406
10.600000000000001,14.610793481566201,10.657044814961294,10.426911097064323,14.424349671840764,10.925725347148044,8.852280966089218,117.58000183105469,133.5290069580078,132.00399780273438,133.42799377441406
10.65,14.758294267552506,10.196784582828368,10.426914701082833,14.363397750937589,11.129781111031104,8.995286337965457,117.78399658203125,133.53399658203125,132.14700317382812,133.42799377441406
10.700000000000001,14.908229446129967,10.657044814765436,10.42691470081073,14.304439220587877,11.335843181606409,9.142289512290738,117.98999786376953,133.53900146484375,132.29400634765625,133.42799377441406
10.75,15.060317584577447,10.196784581878038,10.426914700001891,14.239462843507777,11.543881780425501,9.285279625348979,118.197998046875,133.54299926757812,132.43699645996094,133.42799377441406
10.8,15.214174799983029,10.657044814627035,10.426914699791205,14.175502576723083,11.754918185495308,9.43228279968667,118.40899658203125,133.5469970703125,132.58399963378906,133.42799377441406
10.850000000000001,15.362077819923888,10.196784581045259,10.426914699126986,14.106547885189263,11.966982868417544,9.575288171522642,118.62100219726562,133.552001953125,132.7270050048828,133.42799377441406
10.9,15.49095793735234,10.657044814440262,10.42691469897467,14.037577059050511,12.182000006637734,9.721284265802636,118.83599853515625,133.55499267578125,132.8730010986328,133.42799377441406
10.950000000000001,15.592244442436089,10.196784580388274,10.426914698439115,13.964619088047343,12.398040700113375,9.864289637623411,119.052001953125,133.5590057373047,133.01600646972656,133.42799377441406
11.0,15.66060958237256,10.657044814357276,10.426914698332304,13.89463370562953,12.615056548114122,10.011281003136212,119.26899719238281,133.56199645996094,133.16299438476562,133.4290008544922
11.05,15.695009064588074,10.196784579827519,10.426914697911878,13.82067866491746,12.832096239030262,10.154286374945935,119.48600006103516,133.5659942626953,133.30599975585938,133.4290008544922
11.100000000000001,15.700739554542873,10.6570448143293,10.426914697848677,13.74971330372261,13.050119281768199,10.301289549316623,119.7040023803711,133.56900024414062,133.4530029296875,133.4290008544922
11.15,15.686762092017181,10.196784579418306,10.426914697507671,13.67473324596018,13.26812313599073,10.444279662329379,119.9219970703125,133.5709991455078,133.5959930419922,133.4290008544922
11.200000000000001,15.66255381920987,10.65704481430088,10.426914697461214,13.602777892476347,13.486146178733465,10.590291015424249,120.13999938964844,133.57400512695312,133.74200439453125,133.4290008544922
11.25,15.636080161043312,10.19678457909963,10.426914697183374,13.528790936723093,13.703158253551392,10.733281128421176,120.35700225830078,133.5760040283203,133.88499450683594,133.4290008544922
11.3,15.614887139287791,10.65704481426889,10.426914697147557,13.458825006177848,13.92016269929539,10.880284302807437,120.5739974975586,133.5780029296875,134.03199768066406,133.4290008544922
11.350000000000001,15.601773577231855,10.196784578671295,10.426914696910162,13.384854469950067,14.137174774105127,11.023289674597288,120.79100036621094,133.5800018310547,134.1750030517578,133.4290008544922
11.4,15.592402077457368,10.657044814266127,10.426914696892748,13.314882072313752,14.354186848911137,11.170292848990552,121.00800323486328,133.58200073242188,134.32200622558594,133.4290008544922
11.450000000000001,15.580524807920275,10.196784578379091,10.426914696691831,13.241892739520205,14.570184914626228,11.313282961980601,121.2239990234375,133.58299255371094,134.46499633789062,133.4290008544922
11.5,15.560894448170268,10.657044814320393,10.426914696688144,13.171901986593989,14.786190680255261,11.459279056303158,121.44000244140625,133.58399963378906,134.61099243164062,133.4290008544922
11.55,15.530294245304292,10.19678457817095,10.426914696522486,13.09894045638208,15.002195717902836,11.60228442807439,121.65599822998047,133.58599853515625,134.75399780273438,133.4290008544922
11.600000000000001,15.48688657511938,10.657044814286568,10.426914696518214,13.029957367905515,15.218201483532422,11.749287602481767,121.87200164794922,133.58700561523438,134.9010009765625,133.4290008544922
11.65,15.430347248991156,10.19678457792305,10.426914696368687,12.958971100113224,15.432198370742128,11.892292974246192,122.08599853515625,133.58700561523438,135.04400634765625,133.4290008544922
11.700000000000001,15.361861313597593,10.657044814256828,10.426914696364282,12.891971700000266,15.646205185672127,12.039280889864557,122.30000305175781,133.58799743652344,135.1909942626953,133.4290008544922
11.75,15.28355296122488,10.196784577653498,10.42691469621967,12.821997514485242,15.85920500298972,12.182286261628983,122.51300048828125,133.58900451660156,135.33399963378906,133.4290008544922
11.8,15.197224682162853,10.657044814199894,10.426914696212771,12.757000160187781,16.07020353814927,12.3282823559685,122.7239990234375,133.58900451660156,135.47999572753906,133.4290008544922
11.850000000000001,15.104485280950625,10.19678457747256,10.426914696092897,12.690024288584057,16.280204964788503,12.471287727725215,122.93399810791016,133.58999633789062,135.6230010986328,133.4290008544922
11.9,15.007392002144133,10.657044814221535,10.426914696088437,12.628032842598195,16.489204598581363,12.618290902138819,123.14299774169922,133.58999633789062,135.77000427246094,133.4290008544922
11.950000000000001,14.90782060203918,10.196784577305431,10.426914695981072,12.563028082692144,16.69720478168974,12.76128101510269,123.35099792480469,133.58999633789062,135.91299438476562,133.4290008544922
12.0,14.806882585750147,10.657044814244085,10.42691469597344,12.504022111445272,16.90320606343026,12.90828753536012,123.55699920654297,133.58999633789062,136.05999755859375,133.42999267578125
12.05,14.704937860306808,10.196784577216839,10.426914695878029,12.442030752725797,17.10820789448684,13.051292907110103,123.76200103759766,133.58999633789062,136.2030029296875,133.42999267578125
12.100000000000001,14.601659917110155,10.657044814279656,10.42691469587734,12.385036281248002,17.311203194781385,13.197289001464082,123.96499633789062,133.58999633789062,136.3489990234375,133.42999267578125
12.15,14.496763540126123,10.196784577202475,10.426914695805282,12.326043120631521,17.513206673786094,13.340294373213107,124.16699981689453,133.58999633789062,136.49200439453125,133.42999267578125
12.200000000000001,14.389851893276012,10.65704481427175,10.426914695806772,12.272054464774588,17.714203072712472,13.48729754764017,124.36799621582031,133.58999633789062,136.63900756835938,133.42999267578125
12.25,14.280059677749364,10.196784577004088,10.42691469574183,12.216031282757642,17.91321067121937,13.630287660597329,124.56700134277344,133.58900451660156,136.78199768066406,133.42999267578125
12.3,14.165969358497039,10.657044814260292,10.42691469574787,12.166040113394432,18.11020926741139,13.77729083502892,124.76399993896484,133.58900451660156,136.9290008544922,133.42999267578125
12.350000000000001,14.046422795694086,10.196784576932302,10.426914695693844,12.113050885433166,18.30620841291957,13.920296206775083,124.95999908447266,133.58900451660156,137.07200622558594,133.42999267578125
12.4,13.921695458352593,10.657044814315585,10.42691469570325,12.066029393249424,18.50021127098397,14.067284122416766,125.15399932861328,133.58799743652344,137.218994140625,133.42999267578125
12.450000000000001,13.793074728545463,10.196784576892409,10.426914695661946,12.016030646793098,18.69221261375814,14.209282414081748,125.34600067138672,133.58799743652344,137.36099243164062,133.42999267578125
12.5,13.661932691760725,10.657044814321955,10.426914695669733,11.97202269773642,18.88321708096177,14.35628558851334,125.53700256347656,133.58700561523438,137.50799560546875,133.42999267578125
12.55,13.529781024506617,10.196784576861209,10.42691469563417,11.927036042234889,19.071212991606686,14.499290960251875,125.7249984741211,133.58700561523438,137.6510009765625,133.42999267578125
12.600000000000001,13.39777267923265,10.657044814278882,10.426914695634093,11.887025345008498,19.258219792676176,14.646294134682558,125.91200256347656,133.58599853515625,137.79800415039062,133.42999267578125
12.65,13.266735265143968,10.196784576707314,10.426914695584575,11.845021529435098,19.443217351270317,14.789284247628313,126.09700012207031,133.58599853515625,137.9409942626953,133.42999267578125
12.700000000000001,13.148262042511169,10.65704481425713,10.426914695583113,11.809016116582068,19.626218696227717,14.936287422062618,126.27999877929688,133.5850067138672,138.08799743652344,133.42999267578125
12.75,13.036483896124922,10.196784576695277,10.426914695552233,11.769018659265491,19.808217902770725,15.078285713723776,126.46199798583984,133.5850067138672,138.22999572753906,133.42999267578125
12.8,12.914717865217911,10.657044814293037,10.426914695555508,11.736011139595213,19.98822102517051,15.225288888158081,126.64199829101562,133.58399963378906,138.3769989013672,133.42999267578125
12.850000000000001,12.794120164180592,10.196784576696626,10.426914695531941,11.701018129262495,20.16622242897914,15.368294259892819,126.81999969482422,133.58399963378906,138.52000427246094,133.42999267578125
12.9,12.670680897905159,10.657044814337784,10.426914695534162,11.671008709472211,20.343227247050176,15.515297434330765,126.99700164794922,133.58299255371094,138.66700744628906,133.42999267578125
12.950000000000001,12.533237926977272,10.196784576662079,10.426914695511128,11.638993161611399,20.51822548006291,15.658287547273678,127.1719970703125,133.58200073242188,138.80999755859375,133.42999267578125
13.0,12.387114012883316,10.657044814323703,10.426914695511304,11.61299440756388,20.691229630453794,15.805290721711625,127.34500122070312,133.58200073242188,138.95700073242188,133.42999267578125
13.05,12.23710085187658,10.196784576587989,10.426914695483982,11.584978310038808,20.862230215626397,15.94829963945522,127.51599884033203,133.58099365234375,139.10000610351562,133.43099975585938
13.100000000000001,12.095151830653448,10.657044814279342,10.426914695484028,11.562976983976913,21.030229483204952,16.094295733822005,127.68399810791016,133.58099365234375,139.24600219726562,133.43099975585938
13.15,11.976494470934984,10.196784576586904,10.426914695471988,11.538971711327354,21.197232245314687,16.237301105552966,127.85099792480469,133.5800018310547,139.38900756835938,133.43099975585938
13.200000000000001,11.88958611639744,10.657044814357278,10.426914695482001,11.51996084790472,21.363232611525735,16.384289021205568,128.01699829101562,133.5800018310547,139.53599548339844,133.43099975585938
13.25,11.836162509310219,10.196784576561413,10.426914695468614,11.49794651156544,21.528244229626843,16.527294392937478,128.1820068359375,133.57899475097656,139.6790008544922,133.43099975585938
13.3,11.81214898142517,10.65704481423788,10.4269146954631,11.480952146051365,21.69223343502963,16.674297567379067,128.3459930419922,133.5780029296875,139.8260040283203,133.43099975585938
13.350000000000001,11.809699231793292,10.19678457649561,10.426914695443,11.459942519121897,21.856234899885333,16.817287680321037,128.50999450683594,133.5780029296875,139.968994140625,133.43099975585938
13.4,11.819525059747166,10.657044814287788,10.426914695437999,11.441940994887677,22.02023945679283,16.963299033477742,128.6739959716797,133.57699584960938,140.11500549316406,133.43099975585938
13.450000000000001,11.83334701475873,10.196784576496421,10.426914695421434,11.420931356026852,22.18424092165473,17.106289146420657,128.83799743652344,133.57699584960938,140.25799560546875,133.43099975585938
13.5,11.845367201763267,10.657044814289907,10.426914695418054,11.402914802871122,22.34925244734596,17.253292320862258,129.0030059814453,133.5760040283203,140.40499877929688,133.43099975585938
13.55,11.852170123115759,10.19678457648465,10.42691469540772,11.381920409955233,22.513253912199154,17.39629769259322,129.16700744628906,133.5760040283203,140.54800415039062,133.43099975585938
13.600000000000001,11.85285204824815,10.657044814338013,10.426914695413586,11.36391895416341,22.67825027179826,17.543300867033903,129.33200073242188,133.5749969482422,140.69500732421875,133.43099975585938
13.65,11.849969915966364,10.196784576460086,10.426914695400905,11.34289674396023,22.842254735705023,17.686290979975873,129.49600219726562,133.57400512695312,140.83799743652344,133.43099975585938
13.700000000000001,11.840458693833282,10.657044814325861,10.426914695397763,11.32390106393638,23.007248021839278,17.83228707434357,129.66099548339844,133.57400512695312,140.98399353027344,133.43099975585938
13.75,11.81676848098927,10.196784576446225,10.426914695386243,11.302893950828732,23.17125257873114,17.97529244607548,129.8249969482422,133.572998046875,141.1269989013672,133.43099975585938
13.8,11.783395639510976,10.65704481432449,10.426914695394904,11.28589700327771,23.335254043574924,18.12229562051708,129.98899841308594,133.572998046875,141.2740020751953,133.43099975585938
13.850000000000001,11.752866263900088,10.196784576468906,10.426914695392233,11.26589711716836,23.498251445930393,18.26530099224804,130.15199279785156,133.57200622558594,141.41700744628906,133.43099975585938
13.9,11.73486449922443,10.657044814350181,10.426914695398473,11.249876645416512,23.661261089485244,18.412288907899725,130.31500244140625,133.57200622558594,141.56399536132812,133.43099975585938
13.950000000000001,11.73547411580895,10.196784576432746,10.426914695392105,11.229876604678552,23.82425858540288,18.555294279630687,130.47799682617188,133.5709991455078,141.70700073242188,133.43099975585938
14.0,11.756568040486258,10.657044814318645,10.42691469539498,11.211872635046388,23.98826005024725,18.701290373998393,130.64199829101562,133.5709991455078,141.85299682617188,133.43099975585938
14.05,11.796165365659194,10.196784576442374,10.426914695390753,11.191860356763199,24.15125745260477,18.844299291742935,130.80499267578125,133.57000732421875,141.99600219726562,133.4320068359375
14.100000000000001,11.849874198361407,10.657044814355757,10.426914695392528,11.174863359947324,24.315258917452553,18.991302466184536,130.968994140625,133.57000732421875,142.14300537109375,133.4320068359375
14.15,11.912260395786053,10.196784576434952,10.426914695390014,11.151854864305262,24.481259283667683,19.134292579126516,131.13499450683594,133.57000732421875,142.28599548339844,133.4320068359375
14.200000000000001,11.978210597571984,10.657044814372975,10.426914695394725,11.132846690982802,24.647262704700356,19.281295753568116,131.30099487304688,133.56900024414062,142.43299865722656,133.4320068359375
14.25,12.036456538231791,10.1967845764472,10.426914695394824,11.109853440514694,24.813263070916076,19.424301125296246,131.4669952392578,133.56900024414062,142.5760040283203,133.4320068359375
14.3,12.080301772618592,10.657044814376611,10.426914695400036,11.087839545813058,24.981265356965917,19.570297219663953,131.63499450683594,133.5679931640625,142.7220001220703,133.4320068359375
14.350000000000001,12.107300176873355,10.19678457642755,10.4269146953959,11.062847533411569,25.149264624544408,19.713302591392093,131.80299377441406,133.5679931640625,142.86500549316406,133.4320068359375
14.4,12.111401176591448,10.657044814378454,10.426914695398727,11.041825601030096,25.317266819816542,19.860290507044695,131.9709930419922,133.56700134277344,143.01199340820312,133.4320068359375
14.450000000000001,12.092391443084102,10.196784576410009,10.426914695396453,11.016818319127738,25.485281346185495,20.003295878772825,132.13900756835938,133.56700134277344,143.15499877929688,133.4320068359375
14.5,12.053905380728354,10.657044814394494,10.42691469540404,10.995823804694625,25.653280613766537,20.150299053214415,132.3070068359375,133.56700134277344,143.302001953125,133.4320068359375
14.55,12.001883132077948,10.196784576439361,10.426914695403738,10.971826455370799,25.820275837944344,20.293304424941603,132.4739990234375,133.5659942626953,143.44500732421875,133.4320068359375
14.600000000000001,11.94284179006112,10.657044814396205,10.426914695407783,10.951823677310504,25.986276204163783,20.439300519312063,132.63999938964844,133.5659942626953,143.59100341796875,133.4320068359375
14.65,11.882252437335183,10.196784576460978,10.426914695410385,10.928815149170392,26.152276570381055,20.582290632250256,132.80599975585938,133.5659942626953,143.73399353027344,133.4320068359375
14.700000000000001,11.824038641448416,10.65704481439589,10.426914695412675,10.911806004047005,26.316281034290554,20.729293806694592,132.97000122070312,133.56500244140625,143.88099670410156,133.4320068359375
14.75,11.77018062922483,10.196784576387186,10.426914695406674,10.890811472903062,26.480282499137793,20.872299178425553,133.13400268554688,133.56500244140625,144.0240020751953,133.4320068359375
14.8,11.720247089972267,10.657044814366762,10.426914695405689,10.874821456094942,26.643276883906672,21.0193023528699,133.2969970703125,133.56500244140625,144.17100524902344,133.4320068359375
14.850000000000001,11.671933280596203,10.19678457638676,10.42691469540161,10.855798138161628,26.805282577583014,21.16229246581187,133.45899963378906,133.56399536132812,144.31399536132812,133.4320068359375
14.9,11.622252291823981,10.657044814398553,10.42691469540362,10.839808110938549,26.96728514106012,21.308303818972252,133.62100219726562,133.56399536132812,144.4600067138672,133.4320068359375
14.950000000000001,11.56846701411064,10.196784576394585,10.426914695402075,10.821804076897584,27.128280624459432,21.451293931911387,133.78199768066406,133.56399536132812,144.60299682617188,133.4320068359375
15.0,11.508598116621176,10.6570448144294,10.426914695405566,10.808804556735087,27.28828428656911,21.59829710635664,133.94200134277344,133.56399536132812,144.75,133.4320068359375
15.05,11.441673125194255,10.196784576425895,10.42691469540422,10.79280245618005,27.447283962063224,21.74130247808477,134.1009979248047,133.56300354003906,144.89300537109375,133.4320068359375
15.100000000000001,11.367907561283635,10.657044814431934,10.426914695407792,10.78078266878038,27.60628054409511,21.888293739928592,134.25999450683594,133.56300354003906,145.0399932861328,133.43299865722656
15.15,11.295799449115387,10.196784576423312,10.426914695404026,10.766776120291754,27.763293483549422,22.031299111656722,134.41700744628906,133.56300354003906,145.18299865722656,133.43299865722656
15.200000000000001,11.238630241881614,10.657044814399658,10.426914695404403,10.756782342713295,27.91928408413567,22.177295206028106,134.572998046875,133.56300354003906,145.32899475097656,133.43299865722656
15.25,11.204393352453879,10.196784576436627,10.426914695409346,10.743782805122574,28.075289943510672,22.320300577756235,134.72900390625,133.56300354003906,145.4720001220703,133.43299865722656
15.3,11.195717008111078,10.657044814430188,10.42691469541569,10.734783887767435,28.231283794933496,22.467303752201488,134.88499450683594,133.56199645996094,145.61900329589844,133.43299865722656
15.350000000000001,11.210332459617002,10.196784576531275,10.42691469543014,10.722776088852449,28.38628257423265,22.610293865140623,135.0399932861328,133.56199645996094,145.76199340820312,133.43299865722656
15.4,11.242696047077438,10.65704481441429,10.426914695431714,10.71377405531241,28.542288433614388,22.757297039585875,135.1959991455078,133.56199645996094,145.90899658203125,133.43299865722656
15.450000000000001,11.285894962028344,10.196784576499375,10.426914695442193,10.699782761364053,28.69928611428744,22.900302411314005,135.35299682617188,133.56199645996094,146.052001953125,133.43299865722656
15.5,11.333450694186993,10.657044814398867,10.426914695439141,10.689788981556974,28.856283794960923,23.047305585759258,135.50999450683594,133.56199645996094,146.19900512695312,133.43299865722656
15.55,11.380609940369368,10.19678457646958,10.426914695443509,10.673783679085062,29.014288555711623,23.189303877413764,135.66799926757812,133.56199645996094,146.34100341796875,133.43299865722656
15.600000000000001,11.417185575929897,10.657044814383445,10.42691469543866,10.662782896447014,29.17229331645852,23.336307051859016,135.8260040283203,133.56199645996094,146.48800659179688,133.43299865722656
15.65,11.430865744304432,10.196784576455222,10.426914695441852,10.64676562904765,29.331292991954562,23.47929716479815,135.98500061035156,133.56100463867188,146.63099670410156,133.43299865722656
15.700000000000001,11.42409764310789,10.65704481441429,10.426914695443315,10.634773088672706,29.490289573986114,23.626300339243404,136.1439971923828,133.56100463867188,146.7779998779297,133.43299865722656
15.75,11.402425126328247,10.196784576425431,10.426914695442196,10.619774787161465,29.648294334728533,23.769305710971533,136.302001953125,133.56100463867188,146.92100524902344,133.43299865722656
15.8,11.373660459855715,10.657044814429714,10.426914695442147,10.608758742608865,29.806299095471896,23.916293626627787,136.4600067138672,133.56100463867188,147.0679931640625,133.43299865722656
15.850000000000001,11.34518422659733,10.196784576408954,10.426914695429916,10.592783955246288,29.964288597426847,24.058307177071285,136.6179962158203,133.56100463867188,147.2100067138672,133.43299865722656
15.9,11.322900711144543,10.6570448144294,10.426914695431426,10.582774921179965,30.121286278092427,24.20529509272754,136.77499389648438,133.56100463867188,147.35699462890625,133.43299865722656
15.950000000000001,11.309724715611935,10.196784576408954,10.426914695422386,10.568768378932566,30.278299217547204,24.34830046445567,136.9320068359375,133.56100463867188,147.5,133.43299865722656
16.0,11.306304268269173,10.6570448144294,10.426914695425438,10.55877460586197,30.435296898211433,24.49530363890092,137.08900451660156,133.56100463867188,147.64700317382812,133.43299865722656
16.05,11.31069613906626,10.196784576408954,10.426914695419375,10.54377632008642,30.593286400164562,24.638293751840056,137.2469940185547,133.56100463867188,147.7899932861328,133.43299865722656
16.1,11.319947768737089,10.65704481441429,10.426914695422461,10.533755102968243,30.750299339617854,24.785300375865184,137.4040069580078,133.56100463867188,147.93699645996094,133.4340057373047
16.150000000000002,11.32974015801793,10.196784576424376,10.426914695419375,10.519763811743074,30.907297020282133,24.928305747593313,137.56100463867188,133.56100463867188,148.0800018310547,133.4340057373047
16.2,11.33006373547479,10.657044814414922,10.426914695419438,10.508763027378373,31.064294700946427,25.074301841964697,137.71800231933594,133.56100463867188,148.2259979248047,133.4340057373047
16.25,11.31566390995472,10.19678457642014,10.42691469541891,10.493764734674812,31.222299461688635,25.217307213692827,137.87600708007812,133.56100463867188,148.36900329589844,133.4340057373047
16.3,11.282687770694473,10.657044814430662,10.426914695419004,10.483770960471103,31.37929714235293,25.36431038813808,138.0330047607422,133.56100463867188,148.51600646972656,133.4340057373047
16.35,11.230847782958882,10.196784576486523,10.426914695426762,10.470771427313927,31.53528774294022,25.507300501077214,138.18899536132812,133.56100463867188,148.65899658203125,133.4340057373047
16.400000000000002,11.163923917371182,10.657044814494588,10.426914695433279,10.462776410412241,31.690286522240257,25.654303675522467,138.343994140625,133.56100463867188,148.80599975585938,133.4340057373047
16.45,11.087640225386783,10.196784576531739,10.426914695445557,10.450783886806779,31.845285301541622,25.797309047250597,138.49899291992188,133.56100463867188,148.94900512695312,133.4340057373047
16.5,11.015207763359314,10.657044814432412,10.42691469544586,10.443780620105606,31.998285179476174,25.94330514162198,138.65199279785156,133.56100463867188,149.09500122070312,133.4340057373047
16.55,10.955304015163678,10.196784576456277,10.426914695450591,10.433786852985497,32.15128505740887,26.08631051335011,138.80499267578125,133.56100463867188,149.23800659179688,133.4340057373047
16.6,10.912464234869171,10.657044814429714,10.426914695452133,10.429774088837746,32.30228603397277,26.233298429006364,138.95599365234375,133.56100463867188,149.38499450683594,133.4340057373047
16.650000000000002,10.894140335528364,10.196784576440853,10.42691469545378,10.420772071330644,32.45429409061344,26.376303800734494,139.10800170898438,133.56100463867188,149.5279998779297,133.4340057373047
16.7,10.901268658757106,10.65704481444514,10.426914695456803,10.416774565578676,32.60529506717677,26.523306975179747,139.25900268554688,133.56100463867188,149.6750030517578,133.4340057373047
16.75,10.930212571130536,10.196784576424376,10.426914695457226,10.407772549737215,32.75728786503156,26.66629708811888,139.41099548339844,133.56100463867188,149.8179931640625,133.4340057373047
16.8,10.974636962303203,10.65704481444514,10.426914695458674,10.401776292324652,32.90929592167872,26.812308441279264,139.56300354003906,133.56100463867188,149.96400451660156,133.4340057373047
16.85,11.027484748514137,10.196784576425431,10.426914695452565,10.391767273536246,33.06229579961677,26.9552985542184,139.71600341796875,133.56100463867188,150.10699462890625,133.4340057373047
16.900000000000002,11.083213014858261,10.65704481444514,10.426914695447621,10.385771017505299,33.21529567755525,27.10230172866365,139.86900329589844,133.56100463867188,150.25399780273438,133.4340057373047
16.95,11.13012122119523,10.196784576456277,10.426914695440075,10.373778507065445,33.37029445685891,27.24530710039178,140.0240020751953,133.56100463867188,150.39700317382812,133.4340057373047
17.0,11.16158516730252,10.657044814460878,10.426914695442921,10.36578350122747,33.52529323615948,27.392310274837033,140.1790008544922,133.56100463867188,150.54400634765625,133.4340057373047
17.05,11.172672887298813,10.19678457646641,10.426914695443935,10.353775736612812,33.6802920154574,27.535300387776168,140.33399963378906,133.56100463867188,150.68699645996094,133.4340057373047
17.1,11.152009252933391,10.657044814461512,10.426914695447115,10.344773728906617,33.83529079475431,27.681296482147552,140.48899841308594,133.56100463867188,150.83299255371094,133.4340057373047
17.150000000000002,11.10034957203055,10.196784576483346,10.426914695451364,10.333760830390428,33.989297752764195,27.82430529324872,140.64300537109375,133.56100463867188,150.9759979248047,133.43499755859375
17.2,11.027485396668327,10.657044814525417,10.426914695459391,10.326772824904937,34.14328945198949,27.971308467693973,140.7969970703125,133.56100463867188,151.1230010986328,133.43499755859375
17.25,10.941409287294041,10.196784576497256,10.42691469546668,10.317770810189433,34.29529750864019,28.114313839422103,140.94900512695312,133.56100463867188,151.26600646972656,133.43499755859375
17.3,10.857601658958123,10.657044814477095,10.426914695469874,10.312766300786164,34.447290306502765,28.261301755078357,141.1009979248047,133.56100463867188,151.41299438476562,133.43499755859375
17.35,10.788409300719447,10.196784576500429,10.426914695477375,10.305763039818475,34.59729946178442,28.404307126806486,141.25100708007812,133.56100463867188,151.55599975585938,133.43499755859375
17.400000000000002,10.740890045546328,10.657044814491568,10.426914695482017,10.302784718869264,34.746289579488455,28.55030322117787,141.39999389648438,133.56199645996094,151.70199584960938,133.43499755859375
17.45,10.725409684980143,10.196784576485006,10.42691469548489,10.296788470668991,34.89529165468428,28.693308592906,141.5489959716797,133.56199645996094,151.84500122070312,133.43499755859375
17.5,10.736857691522962,10.657044814445296,10.426914695483331,10.294789721347486,35.0442937298801,28.840311767351253,141.697998046875,133.56199645996094,151.99200439453125,133.43499755859375
17.55,10.757197935513073,10.196784576455222,10.426914695482212,10.287771212877658,35.19430288515606,28.983301880290387,141.84800720214844,133.56199645996094,152.13499450683594,133.43499755859375
17.6,10.775594139911572,10.657044814414448,10.426914695477505,10.285787721449548,35.34328970156645,29.13030505473564,141.9969940185547,133.56199645996094,152.28199768066406,133.43499755859375
17.650000000000002,10.78912975920264,10.196784576455222,10.426914695474693,10.278784471537547,35.493298856843424,29.27331042646377,142.14700317382812,133.56199645996094,152.4250030517578,133.43499755859375
17.7,10.799281875310385,10.65704481441429,10.42691469546358,10.274786974054031,35.64329275333038,29.419306520835153,142.2969970703125,133.56199645996094,152.5709991455078,133.43499755859375
17.75,10.810298296079463,10.1967845764717,10.426914695461026,10.267783725285577,35.79330190860536,29.562311892563283,142.44700622558594,133.56199645996094,152.71400451660156,133.43499755859375
17.8,10.825850008189809,10.6570448144294,10.426914695456256,10.264777973827014,35.943295805090976,29.709299808219537,142.5970001220703,133.56199645996094,152.86099243164062,133.43499755859375
17.85,10.848674164252126,10.1967845764717,10.426914695453382,10.256782980838004,36.09429678165459,29.852305179947667,142.7480010986328,133.56199645996094,153.00399780273438,133.43499755859375
17.900000000000002,10.872794268768953,10.657044814460562,10.426914695450282,10.252785484669927,36.245297758218165,29.99930835439292,142.8990020751953,133.56199645996094,153.1510009765625,133.43499755859375
17.95,10.886618237497064,10.1967845764717,10.426914695448952,10.244790493113966,36.39629873478137,30.14231372612105,143.0500030517578,133.56199645996094,153.29400634765625,133.43499755859375
18.0,10.890686688657935,10.65704481447646,10.426914695452068,10.239798534860297,36.54730306959712,30.288309820492433,143.2010040283203,133.56300354003906,153.44000244140625,133.43499755859375
18.05,10.8929904212753,10.196784576482898,10.426914695454835,10.231788297068379,36.69830404615962,30.431299933431568,143.3520050048828,133.56300354003906,153.58299255371094,133.43499755859375
18.1,10.899974486272054,10.657044814461353,10.426914695459526,10.226799063708114,36.85029684401119,30.57830310787682,143.50399780273438,133.56300354003906,153.72999572753906,133.43499755859375
18.150000000000002,10.909334361364525,10.196784576561946,10.426914695470197,10.218791519517856,37.0012978205737,30.721312025617586,143.65499877929688,133.56300354003906,153.8730010986328,133.43600463867188
18.2,10.920602244038939,10.657044814460878,10.426914695474855,10.213787023403663,37.15330587721432,30.86831520006284,143.8070068359375,133.56300354003906,154.02000427246094,133.43600463867188
18.25,10.94169865091143,10.196784576577368,10.426914695485422,10.205792036546773,37.30429159498778,31.011305313001973,143.95799255371094,133.56300354003906,154.16299438476562,133.43600463867188
18.3,10.976258362001335,10.657044814460878,10.42691469548857,10.199795797006205,37.45729147291769,31.158308487447226,144.11099243164062,133.56300354003906,154.30999755859375,133.43600463867188
18.35,11.016758458338721,10.196784576532341,10.426914695494634,10.189786808100841,37.60929952955914,31.30030677910173,144.26300048828125,133.56300354003906,154.45199584960938,133.43600463867188
18.400000000000002,11.049374160198475,10.65704481444514,10.426914695493092,10.182783568264448,37.76330648756776,31.447309953546984,144.41700744628906,133.56300354003906,154.5989990234375,133.43600463867188
18.45,11.064530155699824,10.196784576501493,10.42691469549607,10.17278983955704,37.91630636549767,31.590315325275114,144.57000732421875,133.56300354003906,154.74200439453125,133.43600463867188
18.5,11.055998486998716,10.657044814460248,10.42691469549445,10.165814298100523,38.07030125871741,31.737318499720367,144.7239990234375,133.56399536132812,154.88900756835938,133.43600463867188
18.55,11.024750117883638,10.196784576501493,10.42691469549631,10.155805326660962,38.22330113664815,31.8803086126595,144.8769989013672,133.56399536132812,155.03199768066406,133.43600463867188
18.6,10.976474666357811,10.657044814475986,10.426914695497771,10.149809099065504,38.37630101458131,32.02731178710476,145.02999877929688,133.56399536132812,155.1790008544922,133.43600463867188
18.650000000000002,10.916858396113563,10.196784576486069,10.426914695490183,10.13980013013777,38.52830907122749,32.16931007875926,145.1820068359375,133.56399536132812,155.3209991455078,133.43600463867188
18.7,10.851986672279775,10.65704481450634,10.426914695494728,10.135817903579424,38.67929478900789,32.31631325320451,145.33299255371094,133.56399536132812,155.46800231933594,133.43600463867188
18.75,10.786646315971563,10.196784576487588,10.42691469548575,10.128799420660123,38.82930394428759,32.45930336614365,145.48300170898438,133.56399536132812,155.61099243164062,133.43600463867188
18.8,10.731422826491707,10.657044814478525,10.426914695487515,10.125808936834131,38.97929784077668,32.6063065405889,145.63299560546875,133.56399536132812,155.75799560546875,133.43600463867188
18.85,10.691354458572047,10.196784576470646,10.426914695481347,10.120804454081453,39.12730809468468,32.74931191231703,145.781005859375,133.56399536132812,155.9010009765625,133.43600463867188
18.900000000000002,10.65996268690245,10.657044814475672,10.426914695484399,10.118820970134216,39.27629491109141,32.896315086762286,145.92999267578125,133.56399536132812,156.04800415039062,133.43600463867188
18.95,10.630226642281368,10.196784576486069,10.426914695482855,10.113816487934274,39.42329808491959,33.03831337841679,146.07699584960938,133.56399536132812,156.19000244140625,133.43600463867188
19.0,10.595414577575346,10.657044814475986,10.42691469548443,10.112809488480675,39.57130833882584,33.18531655286204,146.22500610351562,133.56399536132812,156.33700561523438,133.43600463867188
19.05,10.558442122880082,10.196784576481832,10.426914695482463,10.108824807203822,39.71829970380288,33.32830666580118,146.3719940185547,133.56500244140625,156.47999572753906,133.43600463867188
19.1,10.528994451380024,10.657044814476935,10.426914695482559,10.109816547714237,39.86431105634196,33.47530984024643,146.51800537109375,133.56500244140625,156.6269989013672,133.43600463867188
19.150000000000002,10.513477969124068,10.196784576498768,10.426914695483829,10.106826068625857,40.01030715009221,33.61831521197456,146.66400146484375,133.56500244140625,156.77000427246094,133.43600463867188
19.200000000000003,10.515062384124434,10.657044814509831,10.426914695484179,10.107820457519558,40.156303243843034,33.76532173226006,146.80999755859375,133.56500244140625,156.91700744628906,133.43699645996094
19.25,10.533637863545211,10.196784576501493,10.426914695485568,10.104814717228075,40.30229933759522,33.9083118451992,146.95599365234375,133.56500244140625,157.05999755859375,133.43699645996094
19.3,10.564814130415806,10.65704481447646,10.426914695485362,10.103807717938343,40.44930251142724,34.054307939570585,147.10299682617188,133.56500244140625,157.20599365234375,133.43699645996094
19.35,10.60556654776528,10.196784576502546,10.426914695488552,10.099810236201014,40.596305685260106,34.197313311298714,147.25,133.56500244140625,157.3489990234375,133.43699645996094
19.400000000000002,10.653950170626493,10.657044814460406,10.426914695487026,10.09881849455764,40.744300680383006,34.34431648574397,147.3979949951172,133.56500244140625,157.49600219726562,133.43699645996094
19.450000000000003,10.706042528135427,10.1967845764717,10.42691469548559,10.09381401403255,40.89231093429496,34.4873218574721,147.54600524902344,133.56500244140625,157.63900756835938,133.43699645996094
19.5,10.751618578455565,10.657044814491096,10.426914695487103,10.091800015856515,41.04131300949464,34.63430977312835,147.69500732421875,133.56500244140625,157.78599548339844,133.43699645996094
19.55,10.777430440597218,10.196784576456277,10.426914695484546,10.084824690978136,41.19131018511014,34.77731514485648,147.84500122070312,133.5659942626953,157.9290008544922,133.43699645996094
19.6,10.77580995054913,10.657044814475986,10.426914695484452,10.081818955513098,41.340312260305616,34.923311239227864,147.99400329589844,133.5659942626953,158.0749969482422,133.43699645996094
19.650000000000002,10.744813889721796,10.196784576456277,10.426914695480203,10.074831002621838,41.49030615679058,35.066316610955994,148.1439971923828,133.5659942626953,158.21800231933594,133.43699645996094
19.700000000000003,10.697006151020425,10.657044814491412,10.426914695478361,10.072832265128287,41.63930823198918,35.21331978540125,148.29299926757812,133.5659942626953,158.36500549316406,133.43699645996094
19.75,10.649666177352138,10.196784576501493,10.42691469547836,10.067827792975493,41.787303227111735,35.356309898340385,148.4409942626953,133.5659942626953,158.50799560546875,133.43699645996094
19.8,10.612045692815597,10.657044814491412,10.426914695479855,10.067827792955772,41.9343064009446,35.50331307278564,148.58799743652344,133.5659942626953,158.65499877929688,133.43699645996094
19.85,10.583498365957206,10.196784576499375,10.426914695479535,10.063830318548892,42.08130957477554,35.64631844451377,148.73500061035156,133.5659942626953,158.79800415039062,133.43699645996094
19.900000000000002,10.558082135979284,10.65704481452303,10.426914695485799,10.062823321191255,42.2283127486051,35.79231453888515,148.8820037841797,133.5659942626953,158.94400024414062,133.43699645996094
19.950000000000003,10.531441972704323,10.196784576514192,10.426914695490048,10.058825847112171,42.37531592243394,35.93531991061328,149.0290069580078,133.5659942626953,159.08700561523438,133.43699645996094
20.0,10.499833934614582,10.657044814540681,10.426914695495006,10.059817586821906,42.52131201618434,36.082307826269535,149.1750030517578,133.5659942626953,159.23399353027344,133.43699645996094
20.05,10.468406128523425,10.19678457651268,10.426914695500646,10.057831816702626,42.666319785777326,36.225313197997664,149.32000732421875,133.56700134277344,159.3769989013672,133.43699645996094
20.1,10.447381869849698,10.657044814492677,10.426914695502315,10.059845808602157,42.81130879944933,36.37231637244292,149.46499633789062,133.56700134277344,159.5240020751953,133.43699645996094
20.150000000000002,10.44302592989809,10.196784576545467,10.426914695511234,10.057847074217245,42.95631307191029,36.51532174417105,149.61000061035156,133.56700134277344,159.66700744628906,133.43699645996094
20.200000000000003,10.458649663833,10.657044814537663,10.42691469551586,10.057834107369088,43.10230916566101,36.66132131191692,149.75599670410156,133.56700134277344,159.81300354003906,133.43800354003906
20.25,10.494109742754262,10.196784576530222,10.426914695518732,10.055820112937079,43.24731343812438,36.80431142485606,149.9010009765625,133.56700134277344,159.95599365234375,133.43800354003906
20.3,10.545301733618095,10.657044814491256,10.426914695518716,10.056827110130813,43.39330953187883,36.95131459930131,150.0469970703125,133.56700134277344,160.10299682617188,133.43800354003906
20.35,10.60617799746782,10.196784576501493,10.426914695518928,10.052829636437936,43.54031270571334,37.09431997102944,150.19400024414062,133.56700134277344,160.24600219726562,133.43800354003906
20.400000000000002,10.671805853598428,10.657044814460562,10.426914695512682,10.05183789679461,43.68830770083763,37.241323145474695,150.3419952392578,133.56700134277344,160.39300537109375,133.43800354003906
20.450000000000003,10.730701998373531,10.196784576487124,10.426914695509975,10.045826429299536,43.83730977603897,37.38431325841383,150.49099731445312,133.56700134277344,160.53599548339844,133.43800354003906
20.5,10.775701296833784,10.657044814460562,10.426914695501962,10.042835953278473,43.98631185123757,37.530324611574216,150.63999938964844,133.56700134277344,160.6820068359375,133.43800354003906
20.55,10.803817693161527,10.196784576502546,10.42691469550095,10.035845544907085,44.13630902685218,37.673314724513354,150.7899932861328,133.5679931640625,160.8249969482422,133.43800354003906
20.6,10.807238012394428,10.657044814475672,10.426914695499248,10.032839815686518,44.28631818212562,37.820317898958606,150.94000244140625,133.5679931640625,160.9720001220703,133.43800354003906
20.650000000000002,10.783873999697713,10.196784576502546,10.426914695494956,10.025851877322946,44.436312078611074,37.963323270686736,151.08999633789062,133.5679931640625,161.11500549316406,133.43800354003906
20.700000000000003,10.738693528137452,10.657044814491412,10.42691469549033,10.022830891099805,44.58632123388947,38.11031118634299,151.24000549316406,133.5679931640625,161.26199340820312,133.43800354003906
20.75,10.679725212048576,10.196784576501493,10.426914695487458,10.017841686961445,44.73431622901416,38.25331655807112,151.38800048828125,133.5679931640625,161.40499877929688,133.43800354003906
20.8,10.613521376604956,10.657044814506657,10.426914695489,10.015842953895847,44.882311224140885,38.399312652442504,151.53599548339844,133.5679931640625,161.55099487304688,133.43800354003906
20.85,10.545697059694051,10.196784576513744,10.426914695490225,10.011845488028753,45.02931439797816,38.54231802417063,151.68299865722656,133.5679931640625,161.69400024414062,133.43800354003906
20.900000000000002,10.480933472601048,10.657044814507447,10.426914695494913,10.012852483205934,45.175310491735765,38.689321198615886,151.82899475097656,133.5679931640625,161.84100341796875,133.43800354003906
20.950000000000003,10.421208993687832,10.19678457656089,10.42691469550229,10.01083849285306,45.320314764201186,38.832311311555024,151.9739990234375,133.5679931640625,161.98399353027344,133.43800354003906
21.0,10.366993134616727,10.65704481450713,10.426914695506948,10.01384422092205,45.46431195658694,38.97931448600028,152.1179962158203,133.5679931640625,162.13099670410156,133.43800354003906
21.05,10.327429454557997,10.196784576639068,10.4269146955206,10.012852483239396,45.60830914897088,39.12231985772841,152.26199340820312,133.5679931640625,162.2740020751953,133.43800354003906
21.1,10.30676485080762,10.657044814506973,10.426914695523731,10.015842953903148,45.751314520064646,39.26831595209979,152.40499877929688,133.5679931640625,162.4199981689453,133.43800354003906
21.150000000000002,10.302481040845688,10.196784576593858,10.426914695532862,10.01584295393202,45.8943198911588,39.41132132382792,152.54800415039062,133.5679931640625,162.56300354003906,133.43800354003906
21.200000000000003,10.315297277634802,10.657044814491412,10.426914695532862,10.019868793224228,46.03731354985655,39.55832449827317,152.6909942626953,133.56900024414062,162.7100067138672,133.43800354003906
21.25,10.342549387950342,10.196784576578434,10.426914695540555,10.018833622757974,46.1813260010324,39.70131805095236,152.8350067138672,133.56900024414062,162.85299682617188,133.43899536132812
21.3,10.380385281219507,10.657044814491412,10.426914695539029,10.021839351169605,46.325323193421085,39.84832122539761,152.97900390625,133.56900024414062,163.0,133.43899536132812
21.35,10.424557197115323,10.196784576532341,10.426914695540889,10.020847613364394,46.46932038581041,39.99132659712574,153.1230010986328,133.56900024414062,163.14300537109375,133.43899536132812
21.400000000000002,10.471645644008042,10.657044814506657,10.42691469554081,10.021839351166701,46.61531647956684,40.138314512781996,153.2689971923828,133.56900024414062,163.2899932861328,133.43899536132812
21.450000000000003,10.519345206807333,10.196784576516917,10.426914695536414,10.018848880249672,46.760320752032996,40.2803280632255,153.41400146484375,133.56900024414062,163.4320068359375,133.43899536132812
21.5,10.566829335371095,10.65704481453719,10.42691469553942,10.018833622724655,46.907323925864944,40.42731597888175,153.56100463867188,133.56900024414062,163.57899475097656,133.43899536132812
21.55,10.614349506161144,10.19678457653386,10.426914695528898,10.014851414229497,47.054311840906884,40.57032135060988,153.70799255371094,133.56900024414062,163.7220001220703,133.43899536132812
21.6,10.655389469716285,10.657044814524298,10.42691469553063,10.013844418998342,47.20232209481474,40.71732452505513,153.8560028076172,133.56900024414062,163.86900329589844,133.43899536132812
21.650000000000002,10.67950962017473,10.196784576501493,10.426914695521393,10.008839958205794,47.35031708993242,40.86031463799427,154.00399780273438,133.56900024414062,164.01199340820312,133.43899536132812
21.700000000000003,10.689409330691436,10.657044814475672,10.42691469551982,10.007848220580025,47.49831208504961,41.007317812439524,154.15199279785156,133.56900024414062,164.15899658203125,133.43899536132812
21.75,10.688185366063818,10.196784576501493,10.426914695512124,10.000845027791941,47.64731416024541,41.14931610409403,154.30099487304688,133.56900024414062,164.30099487304688,133.43899536132812
21.8,10.681957459022769,10.657044814506657,10.426914695513648,9.999838032800275,47.795324414152915,41.29631927853928,154.44900512695312,133.56900024414062,164.447998046875,133.43899536132812
21.85,10.677313145878667,10.196784576514798,10.426914695511895,9.993841835818726,47.94432648934983,41.43932465026741,154.59800720214844,133.56900024414062,164.59100341796875,133.43899536132812
21.900000000000002,10.677565489553258,10.657044814538454,10.426914695515075,9.992850098442396,48.09232148446827,41.58632782471266,154.74600219726562,133.56900024414062,164.73800659179688,133.43899536132812
21.950000000000003,10.68343288182691,10.196784576529614,10.426914695516343,9.987845639429688,48.240316479586056,41.7293179376518,154.8939971923828,133.56900024414062,164.88099670410156,133.43899536132812
22.0,10.687212866596285,10.657044814556107,10.426914695518235,9.985846907415539,48.389318554781674,41.87632111209705,155.04299926757812,133.56900024414062,165.0279998779297,133.43899536132812
22.05,10.683073252821396,10.196784576547161,10.426914695519566,9.980870874934913,48.53731697636141,42.01932648382518,155.1909942626953,133.57000732421875,165.17100524902344,133.43899536132812
22.1,10.667016911148073,10.657044814556107,10.426914695522745,9.978856888321042,48.68532723026826,42.165322578196566,155.33900451660156,133.57000732421875,165.31700134277344,133.43899536132812
22.150000000000002,10.63699332483752,10.19678457656301,10.426914695528897,9.97386769458281,48.833322225386546,42.308327949924696,155.48699951171875,133.57000732421875,165.4600067138672,133.43899536132812
22.200000000000003,10.593108949257363,10.6570448145065,10.42691469553198,9.972860701378105,48.98131722050574,42.45531586558095,155.63499450683594,133.57000732421875,165.60699462890625,133.43899536132812
22.25,10.541952994150687,10.196784576517972,10.426914695533629,9.969841796436363,49.12732857304789,42.598324783321715,155.781005859375,133.57000732421875,165.75,133.44000244140625
22.3,10.48500088985739,10.657044814476144,10.426914695530575,9.970848790876413,49.27332466680152,42.74532795776697,155.927001953125,133.57000732421875,165.89700317382812,133.44000244140625
22.35,10.415989575427504,10.196784576487124,10.426914695527808,9.968834801996218,49.41832893926641,42.888318070706106,156.07200622558594,133.57000732421875,166.0399932861328,133.44000244140625
22.400000000000002,10.34690529818833,10.657044814491412,10.426914695523104,9.970848790879266,49.56232613165342,43.03432942386649,156.21600341796875,133.57000732421875,166.18600463867188,133.44000244140625
22.450000000000003,10.296325262603359,10.1967845764717,10.426914695517313,9.969841796447097,49.706323324038685,43.177319536805626,156.36000061035156,133.57000732421875,166.32899475097656,133.44000244140625
22.5,10.265004789105902,10.657044814491412,10.426914695510844,9.974846253919221,49.84832161505493,43.32432271125088,156.5019989013672,133.57000732421875,166.4759979248047,133.44000244140625
22.55,10.246933146554255,10.196784576486069,10.426914695504735,9.974846253949107,49.99132698614868,43.46732808297901,156.64500427246094,133.57000732421875,166.61900329589844,133.44000244140625
22.6,10.234477397553539,10.657044814491412,10.426914695498265,9.979850711846048,50.133325277164836,43.61433125742426,156.78700256347656,133.57000732421875,166.76600646972656,133.44000244140625
22.650000000000002,10.217736993144133,10.196784576502546,10.42691469549222,9.98084244901403,50.27532356818117,43.7573213703634,156.9290008544922,133.57000732421875,166.90899658203125,133.44000244140625
22.700000000000003,10.19689301442055,10.657044814507447,10.426914695492314,9.984839912702487,50.41732185919754,43.90331746473478,157.0709991455078,133.57000732421875,167.05499267578125,133.44000244140625
22.75,10.17910889451819,10.196784576527495,10.426914695493267,9.986838644690422,50.55832832892452,44.04632283646291,157.21200561523438,133.57000732421875,167.197998046875,133.44000244140625
22.8,10.169640929559101,10.657044814540843,10.426914695499736,9.991843103609234,50.70032661994076,44.193326010908166,157.35400390625,133.57000732421875,167.34500122070312,133.44000244140625
22.85,10.172413275006198,10.196784576547161,10.42691469550574,9.993857093331059,50.84131783087915,44.336331382636295,157.4949951171875,133.57000732421875,167.48800659179688,133.44000244140625
22.900000000000002,10.188973465609664,10.65704481457185,10.426914695513783,9.999838032805892,50.9823243006074,44.48331929829255,157.63600158691406,133.57000732421875,167.63499450683594,133.44000244140625
22.950000000000003,10.219500884248916,10.196784576544411,10.426914695521054,10.000845027804857,51.12432259162569,44.62632467002068,157.7779998779297,133.57000732421875,167.7779998779297,133.44000244140625
23.0,10.262557012220245,10.657044814522553,10.426914695524168,10.004842492851816,51.26632088264565,44.77232076439206,157.9199981689453,133.57000732421875,167.9239959716797,133.44000244140625
23.05,10.314577299641877,10.19678457654652,10.426914695530213,10.004842492871894,51.40932625374427,44.91532613612019,158.06300354003906,133.57000732421875,168.06700134277344,133.44000244140625
23.1,10.371709673036088,10.657044814491568,10.426914695530229,10.007861153769683,51.55332686181656,45.062329310565445,158.20700073242188,133.5709991455078,168.21400451660156,133.44000244140625
23.150000000000002,10.431037592986657,10.196784576515853,10.42691469553156,10.005847166217567,51.6983311342823,45.205319423504584,158.3520050048828,133.5709991455078,168.35699462890625,133.44000244140625
23.200000000000003,10.490617855758,10.657044814491412,10.426914695529955,10.007861153768193,51.843320147958124,45.352322597949836,158.4969940185547,133.5709991455078,168.50399780273438,133.44000244140625
23.25,10.549585240982799,10.196784576502546,10.426914695527461,10.004855429936299,51.989331500500086,45.495327969677966,158.64300537109375,133.5709991455078,168.64700317382812,133.44000244140625
23.3,10.608445345134736,10.65704481450634,10.426914695524012,10.004857750348142,52.13631941554111,45.64233448996347,158.7899932861328,133.5709991455078,168.79400634765625,133.4409942626953
23.35,10.667881380474132,10.196784576533394,10.426914695522635,9.998846295353108,52.28432966944862,45.78433278161797,158.93800354003906,133.5709991455078,168.93600463867188,133.4409942626953
23.400000000000002,10.721269782585129,10.65704481450634,10.426914695516084,9.996832305473406,52.43333174464464,45.931320697274224,159.08700561523438,133.5709991455078,169.08299255371094,133.4409942626953
23.450000000000003,10.75809715244524,10.196784576547584,10.4269146955164,9.990851366288085,52.58231856105101,46.07432606900235,159.23599243164062,133.5709991455078,169.2259979248047,133.4409942626953
23.5,10.773361262884617,10.65704481452208,10.426914695516354,9.9888526341788,52.7313206362465,46.221329243447606,159.38499450683594,133.5709991455078,169.3730010986328,133.4409942626953
23.55,10.764829674243638,10.196784576547584,10.42691469551646,9.981849443640488,52.881329791521665,46.364334615175736,159.53500366210938,133.5709991455078,169.51600646972656,133.4409942626953
23.6,10.733905700406087,10.65704481452208,10.42691469551951,9.979848624132359,53.03033527002536,46.51132253083199,159.6840057373047,133.57200622558594,169.66299438476562,133.4409942626953
23.650000000000002,10.686385504219047,10.19678457656089,10.426914695524015,9.97386769457624,53.17932208643936,46.65432790256012,159.83299255371094,133.57200622558594,169.80599975585938,133.4409942626953
23.700000000000003,10.629793010395872,10.657044814522871,10.426914695527161,9.971853708209874,53.32733234035515,46.8003239969315,159.9810028076172,133.57200622558594,169.95199584960938,133.4409942626953
23.75,10.57082556511638,10.196784576591739,10.42691469553608,9.967856250686008,53.474335514193335,46.94332936865963,160.1280059814453,133.57200622558594,170.09500122070312,133.4409942626953
23.8,10.521973292000451,10.657044814522553,10.4269146955377,9.96886324376204,53.62033160795094,47.090332543104886,160.2740020751953,133.57200622558594,170.24200439453125,133.4409942626953
23.85,10.489537012463094,10.196784576639068,10.426914695548268,9.965857522022372,53.76632770170479,47.233322656044024,160.4199981689453,133.57200622558594,170.38499450683594,133.4409942626953
23.900000000000002,10.475317445974985,10.657044814522397,10.426914695549874,9.96686451505919,53.91232379545579,47.38032583048928,160.5659942626953,133.57200622558594,170.53199768066406,133.4409942626953
23.950000000000003,10.47628905853865,10.196784576624708,10.426914695557587,9.964865786450046,54.057328067916735,47.523331202217406,160.71099853515625,133.57200622558594,170.6750030517578,133.4409942626953
24.0,10.487197293133656,10.657044814506657,10.426914695556045,9.964865786423271,54.20332416166723,47.66932729658879,160.85699462890625,133.57200622558594,170.8209991455078,133.4409942626953
24.05,10.509301275782834,10.196784576593858,10.426914695560672,9.96186006488941,54.349335514207745,47.81233266831692,161.0030059814453,133.57200622558594,170.96400451660156,133.4409942626953
24.1,10.541629419653557,10.657044814506657,10.42691469555913,9.962851800385605,54.495331607960395,47.959320583973174,161.1490020751953,133.57200622558594,171.11099243164062,133.4409942626953
24.150000000000002,10.574569543291643,10.196784576547584,10.4269146955578,9.958854343483853,54.64233478179159,48.1023259557013,161.29600524902344,133.57200622558594,171.25399780273438,133.4409942626953
24.200000000000003,10.601677467087095,10.65704481452208,10.42691469555772,9.958869600929221,54.78932269683329,48.249329130146556,161.4429931640625,133.57200622558594,171.4010009765625,133.4409942626953
24.25,10.618849627311025,10.196784576533394,10.426914695551885,9.954872144302504,54.93632587066285,48.392334501874686,161.58999633789062,133.57200622558594,171.54400634765625,133.4409942626953
24.3,10.617732965022917,10.657044814521765,10.426914695551806,9.952844953090631,55.084336124569425,48.53833406962056,161.73800659179688,133.57200622558594,171.69000244140625,133.44200134277344
24.35,10.595592942963965,10.196784576501493,10.42691469553805,9.948847491576819,55.23132403960862,48.6813241825597,161.88499450683594,133.57200622558594,171.83299255371094,133.44200134277344
24.400000000000002,10.553941024567225,10.65704481453719,10.42691469553953,9.948847491557094,55.37832721343801,48.82832735700495,162.03199768066406,133.57200622558594,171.97999572753906,133.44200134277344
24.450000000000003,10.497277316498673,10.196784576532341,10.426914695530293,9.9458570243526,55.52432330719164,48.97133272873308,162.17799377441406,133.57200622558594,172.1230010986328,133.44200134277344
24.5,10.438957075723408,10.65704481450634,10.426914695530261,9.947855754961587,55.669327579657384,49.118335903178334,162.322998046875,133.57200622558594,172.27000427246094,133.44200134277344
24.55,10.388665432797383,10.196784576516917,10.426914695522566,9.94585478069134,55.814335244084496,49.26132601611747,162.46800231933594,133.572998046875,172.41299438476562,133.44200134277344
24.6,10.35716557268181,10.657044814552615,10.426914695527163,9.947868766147781,55.95833243646959,49.407337369277855,162.61199951171875,133.572998046875,172.5590057373047,133.44200134277344
24.650000000000002,10.350757457867006,10.196784576532341,10.426914695525637,9.946861773425798,56.10232962885264,49.55032748221699,162.75599670410156,133.572998046875,172.70199584960938,133.44200134277344
24.700000000000003,10.362348899119533,10.657044814522397,10.426914695525669,9.950859229568168,56.24533499994662,49.697330656662245,162.8990020751953,133.572998046875,172.8489990234375,133.44200134277344
24.75,10.381789560948283,10.196784576543985,10.42691469552673,9.949867494257857,56.389332192330905,49.840336028390375,163.04299926757812,133.572998046875,172.99200439453125,133.44200134277344
24.8,10.402993213378744,10.657044814540843,10.426914695528636,9.95186622238587,56.53433646479405,49.98733920283563,163.18800354003906,133.572998046875,173.13900756835938,133.44200134277344
24.85,10.425205358374502,10.196784576579953,10.426914695536482,9.950859229588902,56.67833365717955,50.130329315774766,163.33200073242188,133.572998046875,173.28199768066406,133.44200134277344
24.900000000000002,10.445869110328525,10.657044814525255,10.426914695535288,9.952857957753888,56.82333792964248,50.27733249022002,163.4770050048828,133.572998046875,173.4290008544922,133.44200134277344
24.950000000000003,10.467181719369126,10.196784576532341,10.426914695535288,9.948860501465827,56.969334023394104,50.41933078187452,163.6230010986328,133.572998046875,173.5709991455078,133.44200134277344
25.0,10.493209012027856,10.657044814522237,10.426914695536878,9.950859229563424,57.11433829585633,50.566333956319774,163.76800537109375,133.572998046875,173.71800231933594,133.44200134277344
25.05,10.518229503845053,10.196784576533394,10.426914695538525,9.947853508696532,57.26033438960733,50.70932406925891,163.91400146484375,133.572998046875,173.86099243164062,133.44200134277344
25.1,10.531657703149545,10.657044814491256,10.426914695532389,9.948860501442999,57.40633048335783,50.856327243704165,164.05999755859375,133.572998046875,174.00799560546875,133.44200134277344
25.150000000000002,10.52715759041707,10.196784576502546,10.42691469552941,9.944863045431982,57.55333365718595,50.999332615432294,164.20700073242188,133.572998046875,174.1510009765625,133.44200134277344
25.200000000000003,10.51081367909525,10.65704481453719,10.42691469553089,9.945883353320855,57.69933322431076,51.14633578987755,164.35299682617188,133.57400512695312,174.29800415039062,133.44200134277344
25.25,10.488385237173581,10.196784576516917,10.426914695528183,9.942877636742123,57.84532931806172,51.289325902816685,164.49899291992188,133.57400512695312,174.4409942626953,133.44200134277344
25.3,10.456885360701358,10.65704481453719,10.426914695527817,9.943884628052471,57.9903335905243,51.43533725597707,164.6439971923828,133.57400512695312,174.58700561523438,133.44200134277344
25.35,10.415953560302151,10.196784576501493,10.42691469551997,9.941857525931008,58.13533786298767,51.578330808656254,164.78900146484375,133.57400512695312,174.72999572753906,133.4429931640625
25.400000000000002,10.367424880478488,10.65704481452208,10.426914695519653,9.944863246420661,58.279335055373615,51.72533398310151,164.93299865722656,133.57400512695312,174.8769989013672,133.4429931640625
25.450000000000003,10.31335325235499,10.196784576532341,10.426914695519653,9.943871511235562,58.4233322477599,51.86833935482964,165.07699584960938,133.57400512695312,175.02000427246094,133.4429931640625
25.5,10.255429548978803,10.657044814537505,10.42691469552118,9.948875959838697,58.56533053877898,52.01534252927489,165.218994140625,133.57400512695312,175.16700744628906,133.4429931640625
25.55,10.202617063600018,10.196784576525998,10.426914695520441,9.949867695165757,58.70732882979733,52.15833264221403,165.36099243164062,133.57400512695312,175.30999755859375,133.4429931640625
25.6,10.167696842057127,10.657044814569302,10.426914695528245,9.953849893969819,58.849342379603165,52.30432873658541,165.5030059814453,133.57400512695312,175.45599365234375,133.4429931640625
25.650000000000002,10.157077018289975,10.196784576561349,10.426914695534126,9.95586387971938,58.99033359054068,52.44733410831354,165.6439971923828,133.57400512695312,175.5989990234375,133.4429931640625
25.700000000000003,10.173313611649462,10.657044814602543,10.426914695540662,9.961860064867446,59.13134006026796,52.594337282758794,165.78500366210938,133.57400512695312,175.74600219726562,133.4429931640625
25.75,10.214569017808332,10.196784576574197,10.42691469554639,9.962867057884477,59.27333835128732,52.73734265448692,165.927001953125,133.57400512695312,175.88900756835938,133.4429931640625
25.8,10.273537304190729,10.657044814600471,10.426914695552718,9.967856250665921,59.41533664231076,52.88433057014318,166.06900024414062,133.57400512695312,176.03599548339844,133.4429931640625
25.85,10.341325557264714,10.196784576593858,10.426914695561953,9.967856250686449,59.55834201341438,53.02733594187131,166.21200561523438,133.57400512695312,176.1790008544922,133.4429931640625
25.900000000000002,10.411057023162693,10.657044814568513,10.426914695566596,9.96886324375911,59.703331027096944,53.17333203624269,166.35699462890625,133.57400512695312,176.3249969482422,133.4429931640625
25.950000000000003,10.477801566481919,10.19678457656089,10.426914695569451,9.96686451507105,59.84833529956627,53.31633740797082,166.5019989013672,133.57400512695312,176.46800231933594,133.4429931640625
26.0,10.538749093803508,10.657044814522237,10.426914695567925,9.967871508131699,59.994331393322064,53.46334058241607,166.6479949951172,133.57400512695312,176.61500549316406,133.4429931640625
26.05,10.58652159024793,10.196784576532341,10.42691469556856,9.963871883937706,60.141337912993265,53.60633069535521,166.7949981689453,133.5749969482422,176.75799560546875,133.4429931640625
26.1,10.610245183178758,10.657044814506657,10.426914695562294,9.963871883922685,60.28834108682199,53.753333869800464,166.94200134277344,133.5749969482422,176.90499877929688,133.4429931640625
26.150000000000002,10.605457521291921,10.196784576532341,10.426914695559393,9.959874432198216,60.43534426065029,53.896339241528594,167.08900451660156,133.5749969482422,177.04800415039062,133.4429931640625
26.200000000000003,10.582308968304863,10.657044814491412,10.42691469554828,9.958882698017504,60.582332175691526,54.04233533589998,167.23599243164062,133.5749969482422,177.19400024414062,133.4429931640625
26.25,10.552105116628976,10.196784576547584,10.426914695545618,9.954885246648054,60.72933534952407,54.18534070762811,167.38299560546875,133.5749969482422,177.33700561523438,133.4429931640625
26.3,10.51642957203536,10.657044814537505,10.42691469553932,9.955861723280409,60.87534670206892,54.33232862328436,167.5290069580078,133.5749969482422,177.48399353027344,133.4429931640625
26.35,10.476613538946241,10.196784576609282,10.426914695540862,9.952857957773475,61.02134279582471,54.47533754102513,167.6750030517578,133.5749969482422,177.6269989013672,133.44400024414062
26.400000000000002,10.434349639930204,10.657044814537505,10.426914695537763,9.954856686012656,61.166347068290776,54.62234071547038,167.82000732421875,133.5749969482422,177.7740020751953,133.44400024414062
26.450000000000003,10.39086094196385,10.196784576609282,10.426914695542603,9.95287321524625,61.31133608196682,54.76534608719851,167.96499633789062,133.5749969482422,177.91700744628906,133.44400024414062
26.5,10.353997518593582,10.657044814552775,10.426914695545657,9.9558636789044,61.455333274352576,54.91233400285476,168.10899353027344,133.5749969482422,178.06399536132812,133.44400024414062
26.55,10.335061550211977,10.196784576591739,10.426914695551597,9.954856686041452,61.59833864544746,55.054332294509265,168.2519989013672,133.5749969482422,178.20599365234375,133.44400024414062
26.6,10.339345370135488,10.657044814553721,10.426914695556302,9.9578624072685,61.742335837830296,55.20133546895452,168.39599609375,133.5749969482422,178.35299682617188,133.44400024414062
26.650000000000002,10.36677687292126,10.196784576639068,10.426914695566975,9.956870671837196,61.88633303021384,55.34434084068265,168.5399932861328,133.5749969482422,178.49600219726562,133.44400024414062
26.700000000000003,10.41332545699415,10.657044814568513,10.426914695574684,9.959861135699535,62.03034548138912,55.4913440151279,168.6840057373047,133.5749969482422,178.64300537109375,133.44400024414062
26.75,10.472761522587483,10.196784576654492,10.426914695585376,9.957862407287717,62.17533449506682,55.63433412806704,168.82899475097656,133.5749969482422,178.78599548339844,133.44400024414062
26.8,10.53100967530561,10.657044814553087,10.426914695586934,9.958854142737406,62.321345847612314,55.78133730251229,168.97500610351562,133.5749969482422,178.93299865722656,133.44400024414062
26.85,10.570681502260335,10.196784576624708,10.426914695588476,9.954885246650454,62.46833721259409,55.92434267424042,169.1219940185547,133.5760040283203,179.0760040283203,133.44400024414062
26.900000000000002,10.58976166012524,10.65704481452208,10.426914695586934,9.953878255104764,62.61534038642403,56.070338768611805,169.2689971923828,133.5760040283203,179.2220001220703,133.44400024414062
26.950000000000003,10.589941030108221,10.196784576593858,10.426914695585392,9.949880804088489,62.76234356025223,56.213344140339935,169.41600036621094,133.5760040283203,179.36500549316406,133.44400024414062
27.0,10.577089582768682,10.65704481455293,10.426914695585408,9.94986554662487,62.909346734080664,56.36033205599619,169.56300354003906,133.5760040283203,179.51199340820312,133.44400024414062
27.05,10.558189632354317,10.19678457656301,10.426914695582536,9.945868095894157,63.056349907910054,56.50333742772432,169.7100067138672,133.5760040283203,179.65499877929688,133.44400024414062
27.1,10.540225243008821,10.657044814568355,10.426914695583998,9.94687508725947,63.20234600166188,56.65034060216957,169.8560028076172,133.5760040283203,179.802001953125,133.44400024414062
27.150000000000002,10.529425169232,10.196784576578434,10.426914695577935,9.943884628072771,63.34834209541333,56.7933459738977,170.0019989013672,133.5760040283203,179.94500732421875,133.44400024414062
27.200000000000003,10.527553201735488,10.657044814568039,10.426914695577889,9.942877636722102,63.495345269242144,56.939342068269085,170.1490020751953,133.5760040283203,180.09100341796875,133.44400024414062
27.25,10.538965258082856,10.196784576578434,10.426914695570282,9.939871920304403,63.64134136299228,57.08233218120822,170.2949981689453,133.5760040283203,180.23399353027344,133.44400024414062
27.3,10.566613060111685,10.657044814583463,10.42691469557332,9.940878911559208,63.787337456742364,57.229335355653475,170.4409942626953,133.5760040283203,180.38099670410156,133.44400024414062
27.35,10.603081682881898,10.196784576595375,10.426914695570385,9.935861141654323,63.935347710649424,57.37234427339424,170.58900451660156,133.5760040283203,180.5240020751953,133.44500732421875
27.400000000000002,10.633609100086172,10.657044814601424,10.42691469557832,9.935876399095882,64.08233562568964,57.51934744783949,170.73599243164062,133.5760040283203,180.67100524902344,133.44500732421875
27.450000000000003,10.648081025235317,10.196784576595375,10.426914695578471,9.930856694062156,64.23034587959646,57.66233756077863,170.88400268554688,133.5760040283203,180.81399536132812,133.44500732421875
27.5,10.63987301577433,10.657044814570893,10.426914695580269,9.92888635921748,64.37834419813153,57.808348913939014,171.03199768066406,133.57699584960938,180.9600067138672,133.44500732421875
27.55,10.609093251098496,10.196784576620471,10.426914695586015,9.924873652455796,64.52534737196034,57.95133902687815,171.1790008544922,133.57699584960938,181.10299682617188,133.44500732421875
27.6,10.560745652396541,10.657044814600154,10.426914695589195,9.924873652436487,64.67235054579086,58.098342201323405,171.3260040283203,133.57699584960938,181.25,133.44500732421875
27.650000000000002,10.498465157741629,10.196784576590076,10.426914695590359,9.921883194360836,64.81834663954596,58.241347573051534,171.4720001220703,133.57699584960938,181.39300537109375,133.44500732421875
27.700000000000003,10.426932974740922,10.657044814633071,10.426914695596862,9.922874927875286,64.96434273330249,58.38833548870779,171.6179962158203,133.57699584960938,181.5399932861328,133.44500732421875
27.75,10.352232811377762,10.19678457660868,10.426914695599887,9.921883194367958,65.1083399256926,58.53134086043592,171.76199340820312,133.57699584960938,181.68299865722656,133.44500732421875
27.8,10.286568887747645,10.65704481460238,10.426914695601777,9.924873652442647,65.25134529679191,58.6773369548073,171.90499877929688,133.57699584960938,181.82899475097656,133.44500732421875
27.85,10.244665485260509,10.19678457662728,10.426914695604967,9.924873652473394,65.39435066788813,58.82034232653543,172.04800415039062,133.57699584960938,181.9720001220703,133.44500732421875
27.900000000000002,10.2339735576832,10.657044814570893,10.426914695601916,9.929878092885799,65.53634895890393,58.967345500980684,172.19000244140625,133.57699584960938,182.11900329589844,133.44500732421875
27.950000000000003,10.25416953629924,10.196784576579487,10.426914695600328,9.930869826591103,65.67834724992055,59.11033561391982,172.33200073242188,133.57699584960938,182.26199340820312,133.44500732421875
28.0,10.298628998600158,10.657044814568039,10.426914695600042,9.93486727632819,65.82135262101917,59.257338788365075,172.47500610351562,133.57699584960938,182.40899658203125,133.44500732421875
28.05,10.360621103698039,10.196784576533394,10.426914695591332,9.93488253379384,65.96434273333281,59.400344160093205,172.6179962158203,133.57699584960938,182.552001953125,133.44500732421875
28.1,10.425205285667507,10.65704481455293,10.42691469558661,9.936881258757468,66.10934700580542,59.54734733453846,172.76300048828125,133.57699584960938,182.69900512695312,133.44500732421875
28.150000000000002,10.471897201809323,10.196784576532341,10.426914695580837,9.933875542595715,66.25435127827518,59.68934562619296,172.9080047607422,133.57699584960938,182.84100341796875,133.44500732421875
28.200000000000003,10.49587317395105,10.65704481455293,10.426914695572822,9.934882533764137,66.40034737202933,59.83634880063821,173.0540008544922,133.57699584960938,182.98800659179688,133.44500732421875
28.25,10.502533653801242,10.196784576578434,10.426914695569799,9.93286855142032,66.54535164449128,59.97933891357735,173.19900512695312,133.57699584960938,183.13099670410156,133.44500732421875
28.3,10.4990411923012,10.657044814568355,10.426914695566396,9.933875542573817,66.69134773824128,60.126342088022604,173.34500122070312,133.57699584960938,183.2779998779297,133.44500732421875
28.35,10.488744922294845,10.196784576591739,10.426914695562841,9.93089851987868,66.83734730536611,60.26934745975073,173.49099731445312,133.5780029296875,183.42100524902344,133.44500732421875
28.400000000000002,10.469449319217663,10.657044814600154,10.426914695565767,9.931877020481895,66.98334339911722,60.416338721594556,173.63699340820312,133.5780029296875,183.5679931640625,133.4459991455078
28.450000000000003,10.439893483784646,10.196784576621981,10.426914695570016,9.929878295730738,67.12834767157995,60.559344093322686,173.78199768066406,133.5780029296875,183.71099853515625,133.4459991455078
28.5,10.400545236918965,10.657044814617805,10.426914695574993,9.931877020483306,67.2723448639657,60.70534018769407,173.92599487304688,133.5780029296875,183.85699462890625,133.4459991455078
28.55,10.353313452218183,10.196784576605502,10.426914695582203,9.930870029392004,67.41635731514125,60.8483455594222,174.07000732421875,133.5780029296875,184.0,133.4459991455078
28.6,10.308277231370564,10.657044814618125,10.426914695588724,9.933875745328807,67.56035450752746,60.99534873386745,174.21400451660156,133.5780029296875,184.14700317382812,133.4459991455078
28.650000000000002,10.279117114902483,10.196784576607165,10.426914695596206,9.9338757453553,67.70334461983417,61.13833884680659,174.35699462890625,133.5780029296875,184.2899932861328,133.4459991455078
28.700000000000003,10.273825662470607,10.657044814615102,10.426914695602424,9.938880186470792,67.84534291085014,61.28534202125184,174.49899291992188,133.5780029296875,184.43699645996094,133.4459991455078
28.75,10.294417310686153,10.196784576592794,10.426914695603859,9.938880186496197,67.98834828194407,61.42834739297997,174.64199829101562,133.5780029296875,184.5800018310547,133.4459991455078
28.8,10.337437394318139,10.65704481458378,10.426914695605403,9.940878911561612,68.1323454743291,61.574343487351356,174.78599548339844,133.5780029296875,184.7259979248047,133.4459991455078
28.85,10.398565184201333,10.19678457656301,10.42691469560253,9.939887177749975,68.27634266671743,61.717348859079486,174.92999267578125,133.5780029296875,184.86900329589844,133.4459991455078
28.900000000000002,10.472185625649812,10.65704481455293,10.426914695597807,9.941885902853379,68.42134693918675,61.86435203352474,175.0749969482422,133.5780029296875,185.01600646972656,133.4459991455078
28.950000000000003,10.550557666510658,10.196784576564065,10.426914695592016,9.938880186483992,68.56734303294596,62.00734214646388,175.2209930419922,133.5780029296875,185.15899658203125,133.4459991455078
29.0,10.627453400911818,10.657044814568039,10.42691469558704,9.938880186464479,68.71434620678204,62.15434532090913,175.3679962158203,133.5780029296875,185.30599975585938,133.4459991455078
29.05,10.691605831807042,10.196784576579487,10.426914695584438,9.933875745337879,68.862356460694,62.29735069263726,175.51600646972656,133.5780029296875,185.44900512695312,133.4459991455078
29.1,10.730233092609206,10.65704481458378,10.426914695581004,9.930898519857845,69.0113465783962,62.44334678700864,175.6649932861328,133.57899475097656,185.59500122070312,133.4459991455078
29.150000000000002,10.738225611997413,10.196784576624708,10.426914695582758,9.924902353868514,69.16034865359154,62.58635215873677,175.81399536132812,133.57899475097656,185.73800659179688,133.4459991455078
29.200000000000003,10.717165304734483,10.657044814614315,10.426914695582678,9.922888374580223,69.30935072878827,62.73334007439303,175.96299743652344,133.57899475097656,185.88499450683594,133.4459991455078
29.25,10.673677433203137,10.196784576623644,10.426914695585763,9.916892209463432,69.45835280398857,62.87634544612116,176.11199951171875,133.57899475097656,186.0279998779297,133.4459991455078
29.3,10.61654505566831,10.65704481459889,10.426914695587275,9.916892209448266,69.60535597782585,63.02334862056641,176.25900268554688,133.57899475097656,186.1750030517578,133.4459991455078
29.35,10.55430145744747,10.196784576638013,10.426914695594775,9.912879508994802,69.75235915166549,63.16633873350555,176.406005859375,133.57899475097656,186.3179931640625,133.4459991455078
29.400000000000002,10.493605400530535,10.657044814599677,10.426914695599448,9.912881306124262,69.8983552454255,63.31235355967745,176.552001953125,133.57899475097656,186.46400451660156,133.44700622558594
29.450000000000003,10.438236872657756,10.196784576652384,10.426914695608279,9.90987559125655,70.04435133918311,63.455343672616586,176.697998046875,133.57899475097656,186.60699462890625,133.44700622558594
29.5,10.396621002430917,10.657044814615102,10.426914695612986,9.912881306127318,70.1883485315702,63.60234684706184,176.8419952392578,133.57899475097656,186.75399780273438,133.44700622558594
29.55,10.371204822366439,10.196784576716013,10.426914695626639,9.911889572796976,70.3323457239543,63.74535221878997,176.98599243164062,133.57899475097656,186.89700317382812,133.44700622558594
29.6,10.360981537032309,10.657044814614787,10.426914695629739,9.914880030335555,70.47635817512625,63.89235539323522,177.1300048828125,133.57899475097656,187.04400634765625,133.44700622558594
29.650000000000002,10.369189532753465,10.196784576717079,10.426914695638976,9.913873039531603,70.62035536750939,64.03534550617435,177.2740020751953,133.57899475097656,187.18699645996094,133.44700622558594
29.700000000000003,10.394676969873718,10.65704481458378,10.426914695635924,9.915871763745905,70.76535963997232,64.18234868061961,177.41900634765625,133.57899475097656,187.33399963378906,133.44700622558594
29.75,10.43398915525827,10.196784576670982,10.426914695640658,9.913873039526813,70.90935683235911,64.32434697227411,177.56300354003906,133.57899475097656,187.4759979248047,133.44700622558594
29.8,10.482625130953362,10.65704481459889,10.426914695640658,9.914880030331405,71.05535292611481,64.47135014671937,177.70899963378906,133.57899475097656,187.6230010986328,133.44700622558594
29.85,10.528489647698445,10.196784576624708,10.426914695639327,9.911889572785546,71.20134901987059,64.61435551844751,177.85499572753906,133.57899475097656,187.76600646972656,133.44700622558594
29.900000000000002,10.556137444745266,10.657044814614629,10.426914695640821,9.912879508973331,71.34736384542482,64.76134343410376,178.00100708007812,133.5800018310547,187.91299438476562,133.44700622558594
29.950000000000003,10.557325354738424,10.196784576624708,10.426914695638056,9.908897323638058,71.49435176046474,64.9043488058319,178.1479949951172,133.5800018310547,188.05599975585938,133.44700622558594
30.0,10.528237338423146,10.657044814630055,10.42691469563955,9.909889055576702,71.64036311300389,65.05135198027716,178.29400634765625,133.5800018310547,188.2030029296875,133.44700622558594
30.05,10.470673244836394,10.196784576641651,10.426914695632114,9.906883344950165,71.78635920675625,65.19434209321629,178.44000244140625,133.5800018310547,188.3459930419922,133.44700622558594
30.1,10.400581286939644,10.657044814617167,10.426914695632352,9.907890334266561,71.93136347922338,65.34035344637668,178.5850067138672,133.5800018310547,188.49200439453125,133.44700622558594
30.150000000000002,10.332684895032584,10.196784576640132,10.426914695624657,9.90688334495693,72.07536067161432,65.48334355931581,178.72900390625,133.5800018310547,188.63499450683594,133.44700622558594
30.200000000000003,10.270333185412646,10.657044814614315,10.426914695627708,9.910896044972725,72.21835078392557,65.63034673376107,178.8719940185547,133.5800018310547,188.78199768066406,133.44700622558594
30.25,10.22299326035434,10.196784576609282,10.426914695621539,9.91188777699582,72.3603643337343,65.77335210548921,179.01400756835938,133.5800018310547,188.9250030517578,133.44700622558594
30.3,10.201501258903367,10.65704481462974,10.426914695624625,9.916892209456215,72.50236262475092,65.92035527993447,179.156005859375,133.5800018310547,189.07200622558594,133.44700622558594
30.35,10.208485318078651,10.196784576641651,10.42691469562632,9.918890931123206,72.64335383568846,66.0633453928736,179.2969970703125,133.5800018310547,189.21499633789062,133.44700622558594
30.400000000000002,10.24333345771728,10.657044814648978,10.426914695629753,9.922888374588489,72.78535212670617,66.20934148724498,179.43899536132812,133.5800018310547,189.36099243164062,133.44700622558594
30.450000000000003,10.301581620678345,10.196784576637407,10.426914695631023,9.922875130877133,72.9283574978061,66.35235029834615,179.58200073242188,133.5800018310547,189.50399780273438,133.447998046875
30.5,10.366273091711196,10.657044814664065,10.426914695634425,9.925880846380677,73.07235469019919,66.49935347279141,179.7259979248047,133.5800018310547,189.6510009765625,133.447998046875
30.55,10.415773393167198,10.196784576656007,10.426914695635862,9.924889112831595,73.21635188259046,66.64235884451955,179.8699951171875,133.5800018310547,189.79400634765625,133.447998046875
30.6,10.436005432397303,10.657044814664065,10.426914695640551,9.926872579964426,73.36135615505565,66.7893467601758,180.01499938964844,133.5800018310547,189.9409942626953,133.447998046875
30.650000000000002,10.420201435062442,10.196784576669916,10.426914695643529,9.924873855389068,73.50636042751698,66.93235213190394,180.16000366210938,133.5800018310547,190.08399963378906,133.447998046875
30.700000000000003,10.37836924630101,10.657044814614473,10.426914695643545,9.926885818366557,73.65036103558437,67.07834822627532,180.3040008544922,133.58099365234375,190.22999572753906,133.447998046875
30.75,10.331533128588383,10.196784576625761,10.426914695645191,9.925894086124828,73.7943582279703,67.22135359800346,180.447998046875,133.58099365234375,190.3730010986328,133.447998046875
30.8,10.29524559630453,10.657044814599205,10.426914695642138,9.92989153010627,73.93736359906806,67.36835677244872,180.59100341796875,133.58099365234375,190.52000427246094,133.447998046875
30.85,10.280557391141885,10.196784576594913,10.426914695637464,9.929891530130481,74.08035371137477,67.51134688538785,180.73399353027344,133.58099365234375,190.66299438476562,133.447998046875
30.900000000000002,10.293589078740354,10.65704481462974,10.42691469563554,9.933888974397423,74.2233590824687,67.65835005983311,180.8769989013672,133.58099365234375,190.80999755859375,133.447998046875
30.950000000000003,10.333405100523887,10.196784576593858,10.426914695631185,9.933888974420336,74.36636445356285,67.80135543156125,181.02000427246094,133.58099365234375,190.9530029296875,133.447998046875
31.0,10.397053735640943,10.65704481462974,10.426914695627753,9.935887696649326,74.51036164594886,67.94735152593263,181.16400146484375,133.58099365234375,191.0989990234375,133.447998046875
31.05,10.479276993284182,10.196784576640132,10.426914695626163,9.933888974414916,74.65536591841665,68.09035689766077,181.3090057373047,133.58099365234375,191.24200439453125,133.447998046875
31.1,10.57089699153146,10.65704481462974,10.426914695622731,9.934895964222129,74.80136201217631,68.23736007210603,181.4550018310547,133.58099365234375,191.38900756835938,133.447998046875
31.150000000000002,10.655281447374954,10.196784576640132,10.426914695619754,9.929891530118097,74.94935700730292,68.38035018504516,181.60299682617188,133.58099365234375,191.53199768066406,133.447998046875
31.200000000000003,10.714285750136904,10.657044814630687,10.426914695621374,9.928884540364557,75.09736726121453,68.52735335949042,181.75100708007812,133.58099365234375,191.6790008544922,133.447998046875
31.25,10.737756998858078,10.19678457663635,10.426914695622433,9.921896642401235,75.24736115769987,68.67035873121856,181.9010009765625,133.58099365234375,191.82200622558594,133.447998046875
31.3,10.724437766068336,10.657044814664223,10.426914695628934,9.919882663222953,75.3963632328956,68.81734664687481,182.0500030517578,133.58099365234375,191.968994140625,133.447998046875
31.35,10.681093239882884,10.196784576670378,10.426914695636482,9.91390005963579,75.54436165447918,68.95934493852931,182.197998046875,133.58200073242188,192.11099243164062,133.447998046875
31.400000000000002,10.61553744880187,10.657044814695075,10.426914695643015,9.912908328948507,75.69235664960635,69.10634811297457,182.3459930419922,133.58200073242188,192.25799560546875,133.447998046875
31.450000000000003,10.536589463675154,10.196784576651321,10.426914695648762,9.908897323639627,75.83935982344948,69.24935703071533,182.4929962158203,133.58200073242188,192.4010009765625,133.44900512695312
31.5,10.455300884902073,10.657044814646111,10.4269146956504,9.909889055579143,75.98537117600408,69.39636020516059,182.63900756835938,133.58200073242188,192.54800415039062,133.44900512695312
31.55,10.387189059143012,10.196784576669916,10.426914695653377,9.908882066234682,76.12936836839955,69.53935031809972,182.7830047607422,133.58200073242188,192.6909942626953,133.44900512695312
31.6,10.348560952135232,10.657044814691737,10.426914695659578,9.911887776967665,76.27336556078824,69.68635349254498,182.927001953125,133.58200073242188,192.83799743652344,133.44900512695312
31.650000000000002,10.335637430686392,10.196784576654492,10.426914695661015,9.910896045002932,76.41736275317217,69.82935886427312,183.0709991455078,133.58200073242188,192.9810028076172,133.44900512695312
31.700000000000003,10.34074951181162,10.657044814630055,10.426914695660951,9.913886498425542,76.56036812426596,69.9753549586445,183.21400451660156,133.58200073242188,193.1269989013672,133.44900512695312
31.75,10.363969303436528,10.196784576641187,10.426914695661436,9.912894766422076,76.70436531665024,70.11836033037264,183.35800170898438,133.58200073242188,193.27000427246094,133.44900512695312
31.8,10.401552864070387,10.657044814630055,10.42691469565802,9.915900477369572,76.84836250903703,70.2653635048179,183.5019989013672,133.58200073242188,193.41700744628906,133.44900512695312
31.85,10.448785515576482,10.196784576641187,10.426914695655102,9.913886498445786,76.9933667815038,70.40835361775703,183.64700317382812,133.58200073242188,193.55999755859375,133.44900512695312
31.900000000000002,10.500949142883904,10.657044814645166,10.42691469565011,9.914893487884196,77.139362875261,70.55535679220229,183.79299926757812,133.58200073242188,193.70700073242188,133.44900512695312
31.950000000000003,10.546777598086464,10.196784576672037,10.426914695652183,9.911903034397605,77.2853589690167,70.69836216393043,183.93899536132812,133.58200073242188,193.85000610351562,133.44900512695312
32.0,10.572301084975503,10.657044814676153,10.426914695655187,9.910896044967274,77.43236214284796,70.84435825830181,184.08599853515625,133.58200073242188,193.99600219726562,133.44900512695312
32.050000000000004,10.570645422300839,10.196784576686406,10.426914695656837,9.907905591696954,77.57835823659846,70.98736363002995,184.23199462890625,133.58200073242188,194.13900756835938,133.44900512695312
32.1,10.549189455136453,10.657044814676153,10.42691469565528,9.907890334264286,77.72536141042677,71.1343515456862,184.37899780273438,133.58200073242188,194.28599548339844,133.44900512695312
32.15,10.516897351944925,10.196784576686406,10.426914695658471,9.904899881159505,77.8713575041784,71.27735691741434,184.52499389648438,133.58200073242188,194.4290008544922,133.44900512695312
32.2,10.483453397014056,10.65704481469237,10.426914695664703,9.905904978772895,78.01737222528756,71.4243600918596,184.67100524902344,133.58299255371094,194.5760040283203,133.44900512695312
32.25,10.456057086549672,10.19678457669848,10.42691469567043,9.902899272423463,78.16336831904022,71.56735020479873,184.81700134277344,133.58299255371094,194.718994140625,133.44900512695312
32.300000000000004,10.434097305353498,10.65704481469237,10.426914695676661,9.903906260305117,78.30837259150294,71.71336155795912,184.96200561523438,133.58299255371094,194.86500549316406,133.44900512695312
32.35,10.41260530707245,10.196784576777718,10.426914695690314,9.902899272426477,78.45236978388677,71.85635167089825,185.1060028076172,133.58299255371094,195.00799560546875,133.44900512695312
32.4,10.392553546692868,10.657044814707321,10.42691469569653,9.904897990835146,78.59737405634831,72.00335484534351,185.25100708007812,133.58299255371094,195.15499877929688,133.44900512695312
32.45,10.375777089483028,10.19678457680857,10.426914695710185,9.903906260331302,78.74137124873137,72.14636021707165,185.39500427246094,133.58299255371094,195.29800415039062,133.44900512695312
32.5,10.363393437129847,10.657044814691579,10.426914695711726,9.90689860234683,78.88536844111424,72.29336673735715,185.53900146484375,133.58299255371094,195.44500732421875,133.4499969482422
32.550000000000004,10.36299690798397,10.196784576763356,10.426914695719422,9.905891613054001,79.02936563349708,72.43635685029628,185.68299865722656,133.58299255371094,195.58799743652344,133.4499969482422
32.6,10.37070107469959,10.657044814691579,10.426914695720964,9.90789033426819,79.17336282588013,72.58235294466766,185.82699584960938,133.58299255371094,195.73399353027344,133.4499969482422
32.65,10.374877612321228,10.19678457674793,10.426914695727115,9.906898602370003,79.31736001826347,72.7253583163958,185.9709930419922,133.58299255371094,195.8769989013672,133.4499969482422
32.7,10.374625288404367,10.65704481470669,10.426914695728547,9.909889055579471,79.46137246943566,72.87236149084106,186.11500549316406,133.58299255371094,196.0240020751953,133.4499969482422
32.75,10.376317019904642,10.196784576702708,10.426914695728971,9.908897323644606,79.60536966181873,73.0153668625692,186.25900268554688,133.58299255371094,196.16700744628906,133.4499969482422
32.800000000000004,10.38466922093384,10.657044814707005,10.426914695730435,9.91188777696354,79.74936685420185,73.16235477822545,186.4029998779297,133.58299255371094,196.31399536132812,133.4499969482422
32.85,10.403317672084881,10.196784576686406,10.426914695721305,9.909889055600866,79.89437112666322,73.30536014995359,186.54800415039062,133.58299255371094,196.45700073242188,133.4499969482422
32.9,10.433989280328806,10.657044814722115,10.426914695722783,9.911903034378117,80.03936014033606,73.45236332439885,186.6929931640625,133.58299255371094,196.60400390625,133.4499969482422
32.95,10.477189583026822,10.196784576686406,10.426914695710568,9.908897323640199,80.18436441279883,73.59436161605335,186.83799743652344,133.58299255371094,196.74600219726562,133.4499969482422
33.0,10.531765022869026,10.65704481470669,10.42691469571208,9.909917879644999,80.33036397992616,73.74136479049861,186.98399353027344,133.58399963378906,196.89300537109375,133.4499969482422
33.050000000000004,10.587097495616346,10.196784576686406,10.426914695704387,9.905905185191727,80.47736715375736,73.88435490343774,187.13099670410156,133.58399963378906,197.03599548339844,133.4499969482422
33.1,10.63548110565788,10.657044814691579,10.426914695704387,9.905905185173076,80.62437032758811,74.031358077883,187.2779998779297,133.58399963378906,197.18299865722656,133.4499969482422
33.15,10.679221277331386,10.196784576686406,10.426914695698233,9.900916017953826,80.77236532270672,74.17436344961114,187.42599487304688,133.58399963378906,197.3260040283203,133.4499969482422
33.2,10.71298963688503,10.657044814692052,10.42691469569677,9.89891729969437,80.92136739790263,74.3213666240564,187.5749969482422,133.58399963378906,197.47300720214844,133.4499969482422
33.25,10.728433139269793,10.19678457668217,10.426914695694716,9.89290588803492,81.07036947309794,74.46435673699553,187.7239990234375,133.58399963378906,197.61599731445312,133.4499969482422
33.300000000000004,10.721521168594721,10.657044814738805,10.426914695697896,9.889900182433555,81.21937154829374,74.61035283136691,187.8730010986328,133.58399963378906,197.76199340820312,133.4499969482422
33.35,10.689913130886778,10.196784576732954,10.42691469570255,9.884911016696272,81.36736654341331,74.75335820309505,188.02099609375,133.58399963378906,197.90499877929688,133.4499969482422
33.4,10.63720961732583,10.657044814771886,10.426914695707527,9.883904029152626,81.51537679732563,74.9003613775403,188.16900634765625,133.58399963378906,198.052001953125,133.4499969482422
33.45,10.57201344589692,10.196784576732504,10.426914695712137,9.878914863976552,81.66337179245147,75.04336674926844,188.31700134277344,133.58399963378906,198.19500732421875,133.4499969482422
33.5,10.502353241586784,10.657044814738487,10.426914695715315,9.879892986141815,81.8093678862116,75.19035811486266,188.46299743652344,133.58399963378906,198.3419952392578,133.4510040283203
33.550000000000004,10.434169330108809,10.19678457673356,10.426914695720031,9.877894265952381,81.95437215868137,75.3333634865908,188.60800170898438,133.58399963378906,198.48500061035156,133.4510040283203
33.6,10.371169577394673,10.657044814707005,10.426914695721575,9.878885997324677,82.09937643114877,75.47935958096218,188.7530059814453,133.58399963378906,198.63099670410156,133.4510040283203
33.65,10.319977589643795,10.196784576718134,10.426914695724745,9.878914863991074,82.24237008984821,75.62236495269032,188.89599609375,133.5850067138672,198.7740020751953,133.4510040283203
33.7,10.275373089955364,10.657044814752968,10.426914695730837,9.88291229903933,82.38537546094327,75.76936812713558,189.03900146484375,133.5850067138672,198.92100524902344,133.4510040283203
33.75,10.221625051198632,10.196784576702708,10.42691469573289,9.883904029192614,82.52737375195963,75.91235824007471,189.18099975585938,133.5850067138672,199.06399536132812,133.4510040283203
33.800000000000004,10.161973569040985,10.65704481472243,10.426914695731252,9.888908452212446,82.66937204297588,76.05936141451997,189.322998046875,133.5850067138672,199.21099853515625,133.4510040283203
33.85,10.110637370324607,10.196784576702708,10.426914695728227,9.890907170116728,82.81037851270285,76.2023667862481,189.46400451660156,133.5850067138672,199.35400390625,133.4510040283203
33.9,10.076760856338128,10.65704481472243,10.42691469572328,9.896903324147207,82.95037790235129,76.34836288061949,189.60400390625,133.5850067138672,199.5,133.4510040283203
33.95,10.06585350005431,10.196784576718134,10.426914695721843,9.89990903015405,83.09037729200006,76.49136825234763,189.74400329589844,133.5850067138672,199.64300537109375,133.4510040283203
34.0,10.07906542178613,10.657044814737857,10.42691469572178,9.907903903684614,83.22936960157273,76.63835616800388,189.88299560546875,133.5850067138672,199.7899932861328,133.4510040283203
34.050000000000004,10.11232912255936,10.196784576728268,10.42691469572125,9.909902622286252,83.37037607130456,76.78136153973202,190.0240020751953,133.5850067138672,199.93299865722656,133.4510040283203
34.1,10.158805609300563,10.657044814769659,10.426914695727515,9.91591403581957,83.51136728225026,76.92836471417728,190.1649932861328,133.5850067138672,200.0800018310547,133.4510040283203
34.15,10.212697008710048,10.196784576759573,10.426914695731659,9.917912754711947,83.65237375198636,77.07137008590541,190.30599975585938,133.5850067138672,200.22300720214844,133.4510040283203
34.2,10.269181353605935,10.657044814772206,10.426914695733583,9.921910192647845,83.79437204301145,77.2173661802768,190.447998046875,133.5850067138672,200.36900329589844,133.4510040283203
34.25,10.324117312630875,10.19678457675912,10.426914695739224,9.921894935268925,83.93737741411255,77.36035629321593,190.59100341796875,133.5850067138672,200.51199340820312,133.4510040283203
34.300000000000004,10.37570500852925,10.657044814739121,10.426914695740894,9.924900642610545,84.08137460650053,77.50735946766119,190.73500061035156,133.5850067138672,200.65899658203125,133.4510040283203
34.35,10.423477535275758,10.196784576777718,10.426914695748394,9.922901923499321,84.22637887896465,77.65036483938933,190.8800048828125,133.5850067138672,200.802001953125,133.4510040283203
34.4,10.460665413278647,10.657044814768867,10.426914695753037,9.924915900007802,84.37136789263812,77.79736801383459,191.02499389648438,133.5850067138672,200.94900512695312,133.4510040283203
34.45,10.47474166600136,10.196784576761237,10.426914695757349,9.922901923497689,84.51637216509918,77.94035812677372,191.1699981689453,133.5850067138672,201.0919952392578,133.4510040283203
34.5,10.472581321751466,10.657044814722274,10.426914695755789,9.92390891173576,84.6623682588495,78.08736130121898,191.3159942626953,133.5850067138672,201.23899841308594,133.4510040283203
34.550000000000004,10.472005403520605,10.196784576732504,10.426914695756214,9.920903204445343,84.80737592327344,78.22936305663865,191.46099853515625,133.58599853515625,201.38099670410156,133.45199584960938
34.6,10.483129030749842,10.657044814707005,10.426914695749948,9.921910192645433,84.9533720170244,78.3763662310839,191.60699462890625,133.58599853515625,201.5279998779297,133.45199584960938
34.65,10.50465706441749,10.196784576701653,10.426914695744156,9.918904485466609,85.09938336956387,78.51937160281204,191.7530059814453,133.58599853515625,201.67100524902344,133.45199584960938
34.7,10.534141616519468,10.657044814691579,10.426914695736093,9.919896216231432,85.2453794633139,78.6663595184683,191.8990020751953,133.58599853515625,201.8179931640625,133.45199584960938
34.75,10.567297159736619,10.19678457673356,10.426914695733538,9.91690576655961,85.39137555706394,78.80936489019643,192.0449981689453,133.58599853515625,201.96099853515625,133.45199584960938
34.800000000000004,10.592677303630964,10.657044814737857,10.426914695733412,9.916905766541726,85.5383787308921,78.9563680646417,192.19200134277344,133.58599853515625,202.10800170898438,133.45199584960938
34.85,10.602577011184671,10.19678457673356,10.426914695728996,9.912908328966298,85.68538190472023,79.09937343636983,192.33900451660156,133.58599853515625,202.25100708007812,133.45199584960938
34.9,10.600993421020794,10.657044814737857,10.426914695725895,9.910909610262712,85.83337689983766,79.24536953074121,192.48699951171875,133.58599853515625,202.39700317382812,133.45199584960938
34.95,10.592388868836638,10.19678457674793,10.426914695724566,9.906896915737507,85.98038007366647,79.38835964368035,192.63400268554688,133.58599853515625,202.5399932861328,133.45199584960938
35.0,10.574353241768186,10.65704481475344,10.426914695727683,9.906896915719303,86.1273832474959,79.5353628181256,192.781005859375,133.58599853515625,202.68699645996094,133.45199584960938
35.050000000000004,10.54674150172994,10.196784576760182,10.426914695730451,9.902914736277818,86.27437116253714,79.67836818985374,192.92799377441406,133.58599853515625,202.8300018310547,133.45199584960938
35.1,10.510381043067317,10.657044814738647,10.426914695733615,9.903906466748124,86.42038251507878,79.825371364299,193.07400512695312,133.58599853515625,202.9770050048828,133.45199584960938
35.15,10.46685714915016,10.196784576807515,10.426914695744202,9.901907748418358,86.56537152875384,79.96836147723813,193.218994140625,133.58599853515625,203.1199951171875,133.45199584960938
35.2,10.425600908720744,10.657044814738013,10.426914695748845,9.902914736259968,86.7103758012179,80.11437283039852,193.36399841308594,133.58599853515625,203.26600646972656,133.45199584960938
35.25,10.392409324320136,10.196784576870096,10.4269146957625,9.900900760577688,86.85538007368082,80.25736294333765,193.50900268554688,133.58599853515625,203.40899658203125,133.45199584960938
35.300000000000004,10.363393405826052,10.657044814769026,10.426914695765616,9.903920144026078,86.99938078765373,80.40436611778291,193.6529998779297,133.58700561523438,203.55599975585938,133.45199584960938
35.35,10.342800913253827,10.19678457682506,10.426914695774766,9.902928414932603,87.14337798003686,80.54737148951105,193.7969970703125,133.58700561523438,203.69900512695312,133.45199584960938
35.4,10.338049327055977,10.657044814722587,10.426914695773238,9.906910588870472,87.28638335113061,80.6943594051673,193.94000244140625,133.58700561523438,203.8459930419922,133.45199584960938
35.45,10.351513604986781,10.196784576778782,10.426914695776324,9.9059188597199,87.43038054351395,80.83736477689544,194.08399963378906,133.58700561523438,203.98899841308594,133.45199584960938
35.5,10.383553356298423,10.65704481472243,10.426914695773224,9.90791757543592,87.57437773589876,80.98336087126683,194.22799682617188,133.58700561523438,204.13499450683594,133.45199584960938
35.550000000000004,10.432045148354083,10.421569160733023,10.449393154170508,9.908910891678477,87.71938200836365,81.1293756974857,194.3730010986328,133.58700561523438,204.281005859375,133.4530029296875
35.6,10.491733561342432,10.660248874931586,10.449713560189801,9.91089435286983,87.86438628083069,81.27636361326985,194.51800537109375,133.58700561523438,204.42799377441406,133.4530029296875
35.65,10.54918950613532,10.196856674244431,10.449720769933492,9.907903903692336,88.01038237458721,81.41936898492045,194.66400146484375,133.58700561523438,204.5709991455078,133.4530029296875
35.7,10.58814118396027,10.657044814677132,10.449720769927405,9.907903903674049,88.15738554841946,81.5663721593935,194.81100463867188,133.58700561523438,204.71800231933594,133.4530029296875
35.75,10.599013350800774,10.196784577227065,10.4497207699631,9.903906466759432,88.30437346345963,81.70936227232887,194.95799255371094,133.58700561523438,204.86099243164062,133.4530029296875
35.800000000000004,10.579177003344048,10.65704481462717,10.449720769948915,9.90390646674479,88.4513766372878,81.85636544675324,195.10499572753906,133.58700561523438,205.00799560546875,133.4530029296875
35.85,10.532988904477934,10.196784577468245,10.449720770013235,9.899909030128551,88.59837981111832,81.99937081851381,195.2519989013672,133.58700561523438,205.1510009765625,133.4530029296875
35.9,10.46602892653121,10.657044814660178,10.449720770006994,9.89990903011282,88.74437590487437,82.14536691284974,195.3979949951172,133.58700561523438,205.2969970703125,133.4530029296875
35.95,10.388413048029522,10.19678457717928,10.449720770047046,9.898902042328821,88.88838835605605,82.28837228461029,195.54200744628906,133.58700561523438,205.44000244140625,133.4530029296875
36.0,10.312093236240692,10.65704481466504,10.449720770041306,9.901907748396615,89.03238554844962,82.43537545902747,195.68600463867188,133.58700561523438,205.58700561523438,133.4530029296875
36.050000000000004,10.250641028569408,10.196784577036011,10.427242311671606,9.90192122042351,89.17537910050214,82.57836557197986,195.82899475097656,133.58799743652344,205.72999572753906,133.4530029296875
36.1,10.218888808565325,10.657044814724223,10.42692190565087,9.906925638312188,89.31737739152068,82.72536874641418,195.9709930419922,133.58799743652344,205.8769989013672,133.4530029296875
36.15,10.223316833052351,10.196784576778178,10.426914695904244,9.907917367556792,89.45939094132542,82.86837411815272,196.11300659179688,133.58799743652344,206.02000427246094,133.4530029296875
36.2,10.260973341979286,10.6570448147377,10.426914695910302,9.911914799321433,89.60138923234273,83.01437021252319,196.2550048828125,133.58799743652344,206.16600036621094,133.4530029296875
36.25,10.322713111766888,10.196784576773066,10.426914695864902,9.91193005671943,89.74437934465398,83.15737558425415,196.3979949951172,133.58799743652344,206.3090057373047,133.4530029296875
36.300000000000004,10.399897254677514,10.65704481473566,10.42691469587575,9.914905244672223,89.8883917958376,83.30436349991041,196.54200744628906,133.58799743652344,206.45599365234375,133.4530029296875
36.35,10.4841735764001,10.196784576768847,10.42691469580581,9.912921786018673,90.03338080952355,83.44736887163855,196.68699645996094,133.58799743652344,206.5989990234375,133.4530029296875
36.4,10.55894500633903,10.657044814732712,10.426914695813064,9.913928772697952,90.17937690328553,83.59437204608014,196.83299255371094,133.58799743652344,206.74600219726562,133.4530029296875
36.45,10.606681481484074,10.196784576629383,10.426914695758075,9.908924354142371,90.3273871571985,83.73737741780828,196.9810028076172,133.58799743652344,206.88900756835938,133.4530029296875
36.5,10.617229210168702,10.657044814718365,10.426914695763406,9.90791736751877,90.47439033102789,83.88337351218335,197.1280059814453,133.58799743652344,207.03500366210938,133.4530029296875
36.550000000000004,10.588321406834558,10.196784576719715,10.426914695731778,9.903919936039909,90.62137824606728,84.02636362512249,197.27499389648438,133.58799743652344,207.17799377441406,133.4530029296875
36.6,10.527445100927482,10.657044814689382,10.426914695728295,9.903906466745642,90.76838141990014,84.17337014540799,197.4219970703125,133.58799743652344,207.3249969482422,133.45399475097656
36.65,10.447417377537466,10.196784576726161,10.426914695723093,9.901907748412967,90.91338569237212,84.31637551713612,197.56700134277344,133.58799743652344,207.46800231933594,133.45399475097656
36.7,10.359037481609201,10.482048899514528,10.409415104200775,9.901907748502515,91.05838996484826,84.46137979154533,197.71200561523438,133.58799743652344,207.61300659179688,133.45399475097656
36.75,10.271305625768997,9.598212492979881,10.349557895821457,9.896918583349182,91.20138007716837,84.59938035161387,197.85499572753906,133.58799743652344,207.75100708007812,133.45399475097656
36.800000000000004,10.191673615916844,7.9358789754504935,10.07744131189294,9.882912318038871,91.34337836819579,84.72737176699526,197.9969940185547,133.58799743652344,207.87899780273438,133.45399475097656
36.85,10.123129215847278,5.0257158339450285,9.560334437610559,9.832927870096446,91.4843884342089,84.81838750200434,198.13800048828125,133.58900451660156,207.97000122070312,133.45399475097656
36.9,10.066249216892984,4.740771637972705,8.968707119934557,9.777925578411038,91.62438782386056,84.90339160917011,198.2779998779297,133.58900451660156,208.05499267578125,133.45399475097656
36.95,10.026685562271341,4.355567335826141,8.384585395854232,9.717934046633978,91.7633953922207,84.98240441817799,198.41700744628906,133.58900451660156,208.13400268554688,133.45399475097656
37.0,10.010521063939047,3.877063375752363,7.7065872519576315,9.651946039657505,91.90238770179106,85.05540350162492,198.55599975585938,133.58900451660156,208.20700073242188,133.45399475097656
37.050000000000004,9.99601311311917,3.3249799976246908,7.019406794048129,9.57994646261657,92.04139527015148,85.12241895341066,198.69500732421875,133.58900451660156,208.2740020751953,133.45399475097656
37.1,9.94687332074897,2.7070569834650353,6.2244080109256945,9.499952329444389,92.18038757972232,85.18144737362529,198.83399963378906,133.58900451660156,208.33299255371094,133.45399475097656
37.15,9.835884793137515,2.050990151230915,5.40982856837617,9.413978063226276,92.31738098792597,85.23252131241037,198.9709930419922,133.58900451660156,208.38400268554688,133.45399475097656
37.2,9.639865482481897,1.370035470066983,4.498627225431416,9.321978139124518,92.45239075356093,85.27560424082664,199.1060028076172,133.58900451660156,208.427001953125,133.45399475097656
37.25,9.40482066383047,0.06850398646448534,3.545656374779876,9.19198753472426,92.58439453777181,85.2777426790128,199.23800659179688,133.58900451660156,208.4290008544922,133.45399475097656
37.300000000000004,9.103968591816258,0.21278518193521714,2.7733469954283487,9.06701634917568,92.71238526048809,85.28075669446271,199.36599731445312,133.58900451660156,208.4320068359375,133.45399475097656
37.35,8.668981150521768,0.29819482838261624,2.3005948948721073,8.948025751148847,92.83538635924566,85.28496002459212,199.48899841308594,133.58900451660156,208.43600463867188,133.45399475097656
37.4,8.20544470207991,0.3330570752082437,1.8598234385956611,8.83402455274482,92.95239075395857,85.2885157519681,199.6060028076172,133.58900451660156,208.43899536132812,133.45399475097656
37.45,7.742268747370617,0.3285282040920426,1.4571195254222513,8.7280340098984,93.06239136450574,85.29300873030257,199.71600341796875,133.58900451660156,208.4429931640625,133.45399475097656
37.5,7.282441045241239,0.2962677857714653,1.0990399664241615,8.628055433563835,93.16639527093055,85.29740895784326,199.82000732421875,133.58900451660156,208.44700622558594,133.45399475097656
37.550000000000004,6.817932591846728,0.24711081719485425,0.7912530483811778,8.534058048093524,93.26339539314132,85.30068810418028,199.91700744628906,133.58900451660156,208.4499969482422,133.45399475097656
37.6,6.339780492296216,0.1902685411420842,0.5395742041488827,8.446087335647219,93.3543835524323,85.30380193637859,200.00799560546875,133.58900451660156,208.4530029296875,133.45399475097656
37.65,5.842512615720907,0.13327563782124002,0.34780275280791517,8.364097343588082,93.43838318631707,85.3058250529571,200.0919952392578,133.58900451660156,208.4550018310547,133.45399475097656
37.7,5.3245445205725135,0.08241799690180855,0.21904100549139774,8.2901019070124,93.5143872147236,85.30782631814589,200.16799926757812,133.58900451660156,208.45700073242188,133.45399475097656
37.75,4.786704474791192,0.04455446162390451,0.21664605300733966,8.222102402034327,93.58439453902298,85.30986343262218,200.23800659179688,133.58900451660156,208.45899963378906,133.45399475097656
37.800000000000004,4.397436509901991,0.03162315437496289,0.19852985025131423,8.15913891697506,93.64739062848729,85.31043957298122,200.30099487304688,133.58999633789062,208.45899963378906,133.45399475097656
37.85,3.929112497468315,0.04014937119277589,0.17272530453233018,8.103146771335128,93.70439746443158,85.31164454224192,200.35800170898438,133.58999633789062,208.4600067138672,133.45399475097656
37.9,2.6362263708889118,0.04842530998134399,0.1442621280096402,8.056156186032329,93.75139453499744,85.3123136323192,200.40499877929688,133.58999633789062,208.4600067138672,133.45399475097656
37.95,0.016192374537543956,0.050687508477321744,0.11647805844816812,8.042150506970277,93.76540212880334,85.31293272224859,200.41900634765625,133.58999633789062,208.4600067138672,133.45399475097656
38.0,1.4870599163139911e-05,0.04746844438437786,0.09159812430945938,8.04215044610645,93.7654173488261,85.3134639923009,200.41900634765625,133.58999633789062,208.4600067138672,133.45399475097656
38.050000000000004,8.356314658176276e-06,0.04047392780656791,0.07093443537063074,8.04114348479535,93.76541928877103,85.31455640993626,200.41900634765625,133.58999633789062,208.45899963378906,133.45399475097656
38.1,1.5876298143333567e-05,0.03149594327483255,0.05505717558390557,8.041143480606868,93.76542954880259,85.31486620496106,200.41900634765625,133.58999633789062,208.45899963378906,133.45399475097656
38.15,1.951576005008799e-05,0.02204447719293871,0.04393405952107544,8.041143484957713,93.76544297882336,85.3150681169176,200.41900634765625,133.58999633789062,208.45899963378906,133.45399475097656
38.2,1.9752966531288517e-05,0.013278614013695246,0.0370201212322641,8.041143489924059,93.76545686880107,85.3151750428773,200.41900634765625,133.58999633789062,208.45899963378906,133.45399475097656
38.25,1.688142857840272e-05,0.006060623797285594,0.03317073744960221,8.041143492116545,93.7654697188407,85.31520494991527,200.41900634765625,133.58999633789062,208.45899963378906,133.45399475097656
38.300000000000004,1.4867138698365693e-05,0.0024624984749122957,0.030254671859597154,8.040136555221329,93.76548100879862,85.3162124212774,200.41900634765625,133.58999633789062,208.45799255371094,133.45399475097656
38.35,1.2182807561505014e-05,0.004891802697302182,0.02672891501004978,8.040136552444181,93.76549050875454,85.31627944530346,200.41900634765625,133.58999633789062,208.45799255371094,133.45399475097656
38.400000000000006,4.096994230176906e-06,0.006992345202366212,0.022585618532152,8.04013654902426,93.76549241878072,85.31636840430447,200.41900634765625,133.58999633789062,208.45799255371094,133.45399475097656
38.45,6.122345197757987e-06,0.0,0.01751686768441983,8.040136549160751,93.76549641881118,85.31636840430447,200.41900634765625,133.58999633789062,208.45799255371094,133.45399475097656
38.5,6.283756634011794e-06,0.0,0.012770023245982042,8.040136549319477,93.76550099882277,85.31636840430447,200.41900634765625,133.58999633789062,208.45799255371094,133.45399475097656
38.550000000000004,6.060276359298898e-06,0.0,0.008722630465325251,8.040136549476907,93.76550546882189,85.31636840430447,200.41900634765625,133.58999633789062,208.45799255371094,133.45399475097656
38.6,5.778203340962578e-06,0.0,0.0055730361378419965,8.040136549619891,93.76550946885234,85.31636840430447,200.41900634765625,133.58999633789062,208.45799255371094,133.45399475097656
38.650000000000006,4.704610717548823e-06,0.0,0.0033685884185481255,8.04013654974554,93.76551293884384,85.31636840430447,200.41900634765625,133.58999633789062,208.45799255371094,133.45399475097656
38.7,3.748049488250623e-06,0.0,0.0020407270171786005,8.040136549850226,93.76551579881905,85.31636840430447,200.41900634765625,133.58999633789062,208.45799255371094,133.45399475097656
38.75,3.7176547867994023e-06,0.0,0.0014346646374500415,8.040136549936264,93.7655181287553,85.31636840430447,200.41900634765625,133.58999633789062,208.45799255371094,133.45399475097656
38.800000000000004,5.607094782938662e-07,0.0,0.001188414789958812,8.040136549936264,93.7655181287553,85.31636840430447,200.41900634765625,133.58999633789062,208.45799255371094,133.45399475097656
38.85,1.1118622381108505e-06,0.0,0.0006992345202285937,8.040136550000213,93.76551984879168,85.31636840430447,200.41900634765625,133.58999633789062,208.45799255371094,133.45399475097656
38.900000000000006,1.290358248593181e-06,0.0,0.0,8.040136550000213,93.76551984879168,85.31636840430447,200.41900634765625,133.58999633789062,208.45799255371094,133.45399475097656
38.95,1.3096355965558636e-06,0.0,0.0,8.040136550070153,93.765521718771,85.31636840430447,200.41900634765625,133.58999633789062,208.45799255371094,133.45399475097656
39.0,1.1632846596590127e-06,0.0,0.0,8.040136550070153,93.765521718771,85.31636840430447,200.41900634765625,133.58999633789062,208.45799255371094,133.45399475097656
39.050000000000004,1.2616655454628205e-06,0.0,0.0,8.040136550131852,93.76552335883005,85.31636840430447,200.41900634765625,133.58999633789062,208.45799255371094,133.45399475097656
39.1,1.0727329691784196e-06,0.0,0.0,8.040136550131852,93.76552335883005,85.31636840430447,200.41900634765625,133.58999633789062,208.45799255371094,133.45399475097656
39.150000000000006,9.636815403786802e-07,0.0,0.0,8.04013655017645,93.76552453881575,85.31636840430447,200.41900634765625,133.58999633789062,208.45799255371094,133.45399475097656
39.2,0.0,0.0,0.0,8.04013655017645,93.76552453881575,85.31636840430447,200.41900634765625,133.58999633789062,208.45799255371094,133.45399475097656
39.25,1.388288145981535e-06,0.0,0.0,8.04013655017645,93.76552453881575,85.31636840430447,200.41900634765625,133.58999633789062,208.45799255371094,133.45399475097656
39.300000000000004,7.355619714501888e-07,0.0,0.0,8.04013655017645,93.76552453881575,85.31636840430447,200.41900634765625,133.58999633789062,208.45799255371094,133.45399475097656
39.35,1.2981187459693445e-06,0.0,0.0,8.04013655017645,93.76552453881575,85.31636840430447,200.41900634765625,133.58999633789062,208.45799255371094,133.45399475097656
39.400000000000006,1.1972998524672209e-06,0.0,0.0,8.040136550215518,93.7655255687421,85.31636840430447,200.41900634765625,133.58999633789062,208.45799255371094,133.45399475097656
39.45,4.670261702228306e-07,0.0,0.0,8.040136550215518,93.7655255687421,85.31636840430447,200.41900634765625,133.58999633789062,208.45799255371094,133.45399475097656
39.5,3.891289579855572e-07,0.0,0.0,8.040136550215518,93.7655255687421,85.31636840430447,200.41900634765625,133.58999633789062,208.45799255371094,133.45399475097656
39.550000000000004,2.9841139290750676e-07,0.0,0.0,8.040136550215518,93.7655255687421,85.31636840430447,200.41900634765625,133.58999633789062,208.45799255371094,133.45399475097656
39.6,8.335794197738569e-07,0.0,0.0,8.040136550215518,93.7655255687421,85.31636840430447,200.41900634765625,133.58999633789062,208.45799255371094,133.45399475097656
39.650000000000006,1.1887154095709952e-07,0.0,0.0,8.040136550215518,93.7655255687421,85.31636840430447,200.41900634765625,133.58999633789062,208.45799255371094,133.45399475097656
39.7,4.842038341517743e-07,0.0,0.0,8.040136550215518,93.7655255687421,85.31636840430447,200.41900634765625,133.58999633789062,208.45799255371094,133.45399475097656
39.75,3.5364090467749415e-07,0.0,0.0,8.040136550215518,93.7655255687421,85.31636840430447,200.41900634765625,133.58999633789062,208.45799255371094,133.45399475097656
39.800000000000004,4.897228619488174e-07,0.0,0.0,8.040136550215518,93.7655255687421,85.31636840430447,200.41900634765625,133.58999633789062,208.45799255371094,133.45399475097656
39.85,6.929790297635081e-07,0.0,0.0,8.040136550215518,93.7655255687421,85.31636840430447,200.41900634765625,133.58999633789062,208.45799255371094,133.45399475097656
39.900000000000006,5.515797134626766e-07,0.0,0.0,8.040136550215518,93.7655255687421,85.31636840430447,200.41900634765625,133.58999633789062,208.45799255371094,133.45399475097656
39.95,2.060206421258304e-06,0.0,0.0,8.040136550215518,93.7655255687421,85.31636840430447,200.41900634765625,133.58999633789062,208.45799255371094,133.45399475097656
40.0,2.802040173219776e-07,0.0,0.0,8.040136550215518,93.7655255687421,85.31636840430447,200.41900634765625,133.58999633789062,208.45799255371094,133.45399475097656
40.050000000000004,1.26810407006564e-09,0.0,0.0,8.040136550215518,93.7655255687421,85.31636840430447,200.41900634765625,133.58999633789062,208.45799255371094,133.45399475097656
40.1,1.3786477897090653e-07,0.0,0.0,8.040136550215518,93.7655255687421,85.31636840430447,200.41900634765625,133.58999633789062,208.45799255371094,133.45399475097656
40.150000000000006,9.632896872056407e-07,0.0,0.0,8.040136550215518,93.7655255687421,85.31636840430447,200.41900634765625,133.58999633789062,208.45799255371094,133.45399475097656
40.2,2.1635757074219678e-07,0.0,0.0,8.040136550215518,93.7655255687421,85.31636840430447,200.41900634765625,133.58999633789062,208.45799255371094,133.45399475097656
40.25,1.1250885282234146e-07,0.0,0.0,8.040136550215518,93.7655255687421,85.31636840430447,200.41900634765625,133.58999633789062,208.45799255371094,133.45399475097656
40.300000000000004,6.866574481025631e-07,0.0,0.0,8.040136550215518,93.7655255687421,85.31636840430447,200.41900634765625,133.58999633789062,208.45799255371094,133.45399475097656
40.35,2.1992667090290546e-06,0.0,0.0,8.040136550215518,93.7655255687421,85.31636840430447,200.41900634765625,133.58999633789062,208.45799255371094,133.45399475097656
40.400000000000006,3.0216539511422246e-06,0.0,0.0,8.040136550215518,93.7655255687421,85.31636840430447,200.41900634765625,133.58999633789062,208.45799255371094,133.45399475097656
40.45,1.9242288706016425e-06,0.0,0.0,8.040136550215518,93.7655255687421,85.31636840430447,200.41900634765625,133.58999633789062,208.45799255371094,133.45399475097656
40.5,1.3759223733853013e-07,0.0,0.0,8.040136550215518,93.7655255687421,85.31636840430447,200.41900634765625,133.58999633789062,208.45799255371094,133.45399475097656
40.550000000000004,3.4399480727059417e-07,0.0,0.0,8.040136550215518,93.7655255687421,85.31636840430447,200.41900634765625,133.58999633789062,208.45799255371094,133.45399475097656
40.6,6.186686526635995e-07,0.0,0.0,8.040136550215518,93.7655255687421,85.31636840430447,200.41900634765625,133.58999633789062,208.45799255371094,133.45399475097656
40.650000000000006,1.042727901091135e-07,0.0,0.0,8.040136550215518,93.7655255687421,85.31636840430447,200.41900634765625,133.58999633789062,208.45799255371094,133.45399475097656
40.7,2.7544031716220233e-07,0.0,0.0,8.040136550215518,93.7655255687421,85.31636840430447,200.41900634765625,133.58999633789062,208.45799255371094,133.45399475097656
40.75,2.416642632417787e-07,0.0,0.0,8.040136550215518,93.7655255687421,85.31636840430447,200.41900634765625,133.58999633789062,208.45799255371094,133.45399475097656
40.800000000000004,7.321014647983992e-08,0.0,0.0,8.040136550215518,93.7655255687421,85.31636840430447,200.41900634765625,133.58999633789062,208.45799255371094,133.45399475097656
40.85,7.289921460434361e-08,0.0,0.0,8.040136550215518,93.7655255687421,85.31636840430447,200.41900634765625,133.58999633789062,208.45799255371094,133.45399475097656
40.900000000000006,6.86589806640669e-08,0.0,0.0,8.040136550215518,93.7655255687421,85.31636840430447,200.41900634765625,133.58999633789062,208.45799255371094,133.45399475097656
40.95,2.0597887046700915e-07,0.0,0.0,8.040136550215518,93.7655255687421,85.31636840430447,200.41900634765625,133.58999633789062,208.45799255371094,133.45399475097656
41.0,2.7465306125539915e-07,0.0,0.0,8.040136550215518,93.7655255687421,85.31636840430447,200.41900634765625,133.58999633789062,208.45799255371094,133.45399475097656
41.050000000000004,2.0655548810852894e-07,0.0,0.0,8.040136550215518,93.7655255687421,85.31636840430447,200.41900634765625,133.58999633789062,208.45799255371094,133.45399475097656
41.1,4.83320225297592e-07,0.0,0.0,8.040136550215518,93.7655255687421,85.31636840430447,200.41900634765625,133.58999633789062,208.45799255371094,133.45399475097656
41.150000000000006,5.515366311086891e-07,0.0,0.0,8.040136550215518,93.7655255687421,85.31636840430447,200.41900634765625,133.58999633789062,208.45799255371094,133.45399475097656
41.2,6.20261322094097e-07,0.0,0.0,8.040136550215518,93.7655255687421,85.31636840430447,200.41900634765625,133.58999633789062,208.45799255371094,133.45399475097656
41.25,2.059810247332359e-07,0.0,0.0,8.040136550215518,93.7655255687421,85.31636840430447,200.41900634765625,133.58999633789062,208.45799255371094,133.45399475097656
41.300000000000004,0.0,0.0,0.0,8.040136550215518,93.7655255687421,85.31636840430447,200.41900634765625,133.58999633789062,208.45799255371094,133.45399475097656
41.35,1.3761651776737093e-07,0.0,0.0,8.040136550215518,93.7655255687421,85.31636840430447,200.41900634765625,133.58999633789062,208.45799255371094,133.45399475097656
41.400000000000006,3.0951298069583374e-07,0.0,0.0,8.040136550215518,93.7655255687421,85.31636840430447,200.41900634765625,133.58999633789062,208.45799255371094,133.45399475097656
41.45,4.813273382161078e-07,0.0,0.0,8.040136550215518,93.7655255687421,85.31636840430447,200.41900634765625,133.58999633789062,208.45799255371094,133.45399475097656
41.5,5.157898945646059e-07,0.0,0.0,8.040136550215518,93.7655255687421,85.31636840430447,200.41900634765625,133.58999633789062,208.45799255371094,133.45399475097656
41.550000000000004,5.497808689671806e-07,0.0,0.0,8.040136550215518,93.7655255687421,85.31636840430447,200.41900634765625,133.58999633789062,208.45799255371094,133.45399475097656
41.6,7.210525693759274e-07,0.0,0.0,8.040136550215518,93.7655255687421,85.31636840430447,200.41900634765625,133.58999633789062,208.45799255371094,133.45399475097656
41.650000000000006,8.925586603293329e-07,0.0,0.0,8.040136550215518,93.7655255687421,85.31636840430447,200.41900634765625,133.58999633789062,208.45799255371094,133.45399475097656
41.7,1.0642185191643992e-06,0.0,0.0,8.040136550215518,93.7655255687421,85.31636840430447,200.41900634765625,133.58999633789062,208.45799255371094,133.45399475097656
41.75,1.0307179695092764e-07,0.0,0.0,8.040136550215518,93.7655255687421,85.31636840430447,200.41900634765625,133.58999633789062,208.45799255371094,133.45399475097656
41.800000000000004,2.750477849761771e-07,0.0,0.0,8.040136550215518,93.7655255687421,85.31636840430447,200.41900634765625,133.58999633789062,208.45799255371094,133.45399475097656
41.85,3.7846041888579063e-07,0.0,0.0,8.040136550215518,93.7655255687421,85.31636840430447,200.41900634765625,133.58999633789062,208.45799255371094,133.45399475097656
41.900000000000006,3.7846278448754057e-07,0.0,0.0,8.040136550215518,93.7655255687421,85.31636840430447,200.41900634765625,133.58999633789062,208.45799255371094,133.45399475097656
41.95,4.811094178558757e-07,0.0,0.0,8.040136550215518,93.7655255687421,85.31636840430447,200.41900634765625,133.58999633789062,208.45799255371094,133.45399475097656
42.0,6.180321474024657e-07,0.0,0.0,8.040136550215518,93.7655255687421,85.31636840430447,200.41900634765625,133.58999633789062,208.45799255371094,133.45399475097656
42.050000000000004,7.895629216347315e-07,0.0,0.0,8.040136550215518,93.7655255687421,85.31636840430447,200.41900634765625,133.58999633789062,208.45799255371094,133.45399475097656
42.1,9.612297952432115e-07,0.0,0.0,8.040136550215518,93.7655255687421,85.31636840430447,200.41900634765625,133.58999633789062,208.45799255371094,133.45399475097656
42.150000000000006,3.432898724316748e-08,0.0,0.0,8.040136550215518,93.7655255687421,85.31636840430447,200.41900634765625,133.58999633789062,208.45799255371094,133.45399475097656
42.2,2.0611837180277824e-07,0.0,0.0,8.040136550215518,93.7655255687421,85.31636840430447,200.41900634765625,133.58999633789062,208.45799255371094,133.45399475097656
42.25,3.0921672472271825e-07,0.0,0.0,8.040136550215518,93.7655255687421,85.31636840430447,200.41900634765625,133.58999633789062,208.45799255371094,133.45399475097656
42.300000000000004,3.0922486193975194e-07,0.0,0.0,8.040136550215518,93.7655255687421,85.31636840430447,200.41900634765625,133.58999633789062,208.45799255371094,133.45399475097656
42.35,3.092329694856441e-07,0.0,0.0,8.040136550215518,93.7655255687421,85.31636840430447,200.41900634765625,133.58999633789062,208.45799255371094,133.45399475097656
42.400000000000006,3.4351370851408445e-07,0.0,0.0,8.040136550215518,93.7655255687421,85.31636840430447,200.41900634765625,133.58999633789062,208.45799255371094,133.45399475097656
42.45,5.149405890808421e-07,0.0,0.0,8.040136550215518,93.7655255687421,85.31636840430447,200.41900634765625,133.58999633789062,208.45799255371094,133.45399475097656
42.5,6.866254263716339e-07,0.0,0.0,8.040136550215518,93.7655255687421,85.31636840430447,200.41900634765625,133.58999633789062,208.45799255371094,133.45399475097656
42.550000000000004,7.553280927284428e-07,0.0,0.0,8.040136550215518,93.7655255687421,85.31636840430447,200.41900634765625,133.58999633789062,208.45799255371094,133.45399475097656
42.6,6.868120925247524e-08,0.0,0.0,8.040136550215518,93.7655255687421,85.31636840430447,200.41900634765625,133.58999633789062,208.45799255371094,133.45399475097656
42.650000000000006,1.0306197159009147e-07,0.0,0.0,8.040136550215518,93.7655255687421,85.31636840430447,200.41900634765625,133.58999633789062,208.45799255371094,133.45399475097656
42.7,1.0305474888117029e-07,0.0,0.0,8.040136550215518,93.7655255687421,85.31636840430447,200.41900634765625,133.58999633789062,208.45799255371094,133.45399475097656
42.75,1.0304783598615835e-07,0.0,0.0,8.040136550215518,93.7655255687421,85.31636840430447,200.41900634765625,133.58999633789062,208.45799255371094,133.45399475097656
42.800000000000004,1.0304130513296798e-07,0.0,0.0,8.040136550215518,93.7655255687421,85.31636840430447,200.41900634765625,133.58999633789062,208.45799255371094,133.45399475097656
42.85,1.0303515666003841e-07,0.0,0.0,8.040136550215518,93.7655255687421,85.31636840430447,200.41900634765625,133.58999633789062,208.45799255371094,133.45399475097656
42.900000000000006,1.0302939086299084e-07,0.0,0.0,8.040136550215518,93.7655255687421,85.31636840430447,200.41900634765625,133.58999633789062,208.45799255371094,133.45399475097656
42.95,1.0302400758733333e-07,0.0,0.0,8.040136550215518,93.7655255687421,85.31636840430447,200.41900634765625,133.58999633789062,208.45799255371094,133.45399475097656
43.0,3.4329026512766937e-08,0.0,0.0,8.040136550215518,93.7655255687421,85.31636840430447,200.41900634765625,133.58999633789062,208.45799255371094,133.45399475097656
43.050000000000004,3.433020702371112e-08,0.0,0.0,8.040136550215518,93.7655255687421,85.31636840430447,200.41900634765625,133.58999633789062,208.45799255371094,133.45399475097656
43.1,3.433254804353552e-08,0.0,0.0,8.040136550215518,93.7655255687421,85.31636840430447,200.41900634765625,133.58999633789062,208.45799255371094,133.45399475097656
43.150000000000006,3.4336038007744e-08,0.0,0.0,8.040136550215518,93.7655255687421,85.31636840430447,200.41900634765625,133.58999633789062,208.45799255371094,133.45399475097656
43.2,3.43406764401188e-08,0.0,0.0,8.040136550215518,93.7655255687421,85.31636840430447,200.41900634765625,133.58999633789062,208.45799255371094,133.45399475097656
43.25,3.434646293276484e-08,0.0,0.0,8.040136550215518,93.7655255687421,85.31636840430447,200.41900634765625,133.58999633789062,208.45799255371094,133.45399475097656
43.300000000000004,3.43533970387595e-08,0.0,0.0,8.040136550215518,93.7655255687421,85.31636840430447,200.41900634765625,133.58999633789062,208.45799255371094,133.45399475097656
43.35,3.436147780914942e-08,0.0,0.0,8.040136550215518,93.7655255687421,85.31636840430447,200.41900634765625,133.58999633789062,208.45799255371094,133.45399475097656
43.400000000000006,0.0,0.0,0.0,8.040136550215518,93.7655255687421,85.31636840430447,200.41900634765625,133.58999633789062,208.45799255371094,133.45399475097656
43.45,3.441314728348057e-08,0.0,0.0,8.040136550215518,93.7655255687421,85.31636840430447,200.41900634765625,133.58999633789062,208.45799255371094,133.45399475097656
43.5,3.442778674037588e-08,0.0,0.0,8.040136550215518,93.7655255687421,85.31636840430447,200.41900634765625,133.58999633789062,208.45799255371094,133.45399475097656
43.550000000000004,3.444281379730845e-08,0.0,0.0,8.040136550215518,93.7655255687421,85.31636840430447,200.41900634765625,133.58999633789062,208.45799255371094,133.45399475097656
43.6,3.4458979251888005e-08,0.0,0.0,8.040136550215518,93.7655255687421,85.31636840430447,200.41900634765625,133.58999633789062,208.45799255371094,133.45399475097656
43.650000000000006,3.4476281800547485e-08,0.0,0.0,8.040136550215518,93.7655255687421,85.31636840430447,200.41900634765625,133.58999633789062,208.45799255371094,133.45399475097656
43.7,6.873708447693715e-08,0.0,0.0,8.040136550215518,93.7655255687421,85.31636840430447,200.41900634765625,133.58999633789062,208.45799255371094,133.45399475097656
43.75,1.3731589005207154e-07,0.0,0.0,8.040136550215518,93.7655255687421,85.31636840430447,200.41900634765625,133.58999633789062,208.45799255371094,133.45399475097656
43.800000000000004,1.716462600248315e-07,0.0,0.0,8.040136550215518,93.7655255687421,85.31636840430447,200.41900634765625,133.58999633789062,208.45799255371094,133.45399475097656
43.85,3.4330171482899725e-08,0.0,0.0,8.040136550215518,93.7655255687421,85.31636840430447,200.41900634765625,133.58999633789062,208.45799255371094,133.45399475097656
43.900000000000006,3.433246146393073e-08,0.0,0.0,8.040136550215518,93.7655255687421,85.31636840430447,200.41900634765625,133.58999633789062,208.45799255371094,133.45399475097656
43.95,3.433590422439834e-08,0.0,0.0,8.040136550215518,93.7655255687421,85.31636840430447,200.41900634765625,133.58999633789062,208.45799255371094,133.45399475097656
44.0,6.866257030069198e-08,0.0,0.0,8.040136550215518,93.7655255687421,85.31636840430447,200.41900634765625,133.58999633789062,208.45799255371094,133.45399475097656
44.050000000000004,1.0300590582313811e-07,0.0,0.0,8.040136550215518,93.7655255687421,85.31636840430447,200.41900634765625,133.58999633789062,208.45799255371094,133.45399475097656
44.1,1.0300260415966217e-07,0.0,0.0,8.040136550215518,93.7655255687421,85.31636840430447,200.41900634765625,133.58999633789062,208.45799255371094,133.45399475097656
44.150000000000006,1.0299940749127057e-07,0.0,0.0,8.040136550215518,93.7655255687421,85.31636840430447,200.41900634765625,133.58999633789062,208.45799255371094,133.45399475097656
44.2,1.0299659383878737e-07,0.0,0.0,8.040136550215518,93.7655255687421,85.31636840430447,200.41900634765625,133.58999633789062,208.45799255371094,133.45399475097656
44.25,5.804443727609387e-11,0.0,0.0,8.040136550215518,93.7655255687421,85.31636840430447,200.41900634765625,133.58999633789062,208.45799255371094,133.45399475097656
44.300000000000004,3.432903791344158e-08,0.0,0.0,8.040136550215518,93.7655255687421,85.31636840430447,200.41900634765625,133.58999633789062,208.45799255371094,133.45399475097656
44.35,3.433027708035715e-08,0.0,0.0,8.040136550215518,93.7655255687421,85.31636840430447,200.41900634765625,133.58999633789062,208.45799255371094,133.45399475097656
44.400000000000006,3.4332665374842734e-08,0.0,0.0,8.040136550215518,93.7655255687421,85.31636840430447,200.41900634765625,133.58999633789062,208.45799255371094,133.45399475097656
44.45,3.433620251321403e-08,0.0,0.0,8.040136550215518,93.7655255687421,85.31636840430447,200.41900634765625,133.58999633789062,208.45799255371094,133.45399475097656
44.5,6.867200214531224e-08,0.0,0.0,8.040136550215518,93.7655255687421,85.31636840430447,200.41900634765625,133.58999633789062,208.45799255371094,133.45399475097656
44.550000000000004,1.0299232567794388e-07,0.0,0.0,8.040136550215518,93.7655255687421,85.31636840430447,200.41900634765625,133.58999633789062,208.45799255371094,133.45399475097656
44.6,1.0299034303892646e-07,0.0,0.0,8.040136550215518,93.7655255687421,85.31636840430447,200.41900634765625,133.58999633789062,208.45799255371094,133.45399475097656
44.650000000000006,1.0298885029042763e-07,0.0,0.0,8.040136550215518,93.7655255687421,85.31636840430447,200.41900634765625,133.58999633789062,208.45799255371094,133.45399475097656
44.7,3.433240568776377e-08,0.0,0.0,8.040136550215518,93.7655255687421,85.31636840430447,200.41900634765625,133.58999633789062,208.45799255371094,133.45399475097656
44.75,3.433580095448495e-08,0.0,0.0,8.040136550215518,93.7655255687421,85.31636840430447,200.41900634765625,133.58999633789062,208.45799255371094,133.45399475097656
44.800000000000004,3.434034513524547e-08,0.0,0.0,8.040136550215518,93.7655255687421,85.31636840430447,200.41900634765625,133.58999633789062,208.45799255371094,133.45399475097656
44.85,3.4346037526751616e-08,0.0,0.0,8.040136550215518,93.7655255687421,85.31636840430447,200.41900634765625,133.58999633789062,208.45799255371094,133.45399475097656
44.900000000000006,3.441317047800849e-08,0.0,0.0,8.040136550215518,93.7655255687421,85.31636840430447,200.41900634765625,133.58999633789062,208.45799255371094,133.45399475097656
44.95,6.865859774793596e-08,0.0,0.0,8.040136550215518,93.7655255687421,85.31636840430447,200.41900634765625,133.58999633789062,208.45799255371094,133.45399475097656
45.0,1.0299201220047064e-07,0.0,0.0,8.040136550215518,93.7655255687421,85.31636840430447,200.41900634765625,133.58999633789062,208.45799255371094,133.45399475097656
45.050000000000004,1.0299019366402409e-07,0.0,0.0,8.040136550215518,93.7655255687421,85.31636840430447,200.41900634765625,133.58999633789062,208.45799255371094,133.45399475097656
45.1,3.4329026512766937e-08,0.0,0.0,8.040136550215518,93.7655255687421,85.31636840430447,200.41900634765625,133.58999633789062,208.45799255371094,133.45399475097656
45.150000000000006,3.433020702371112e-08,0.0,0.0,8.040136550215518,93.7655255687421,85.31636840430447,200.41900634765625,133.58999633789062,208.45799255371094,133.45399475097656
45.2,3.433254804353552e-08,0.0,0.0,8.040136550215518,93.7655255687421,85.31636840430447,200.41900634765625,133.58999633789062,208.45799255371094,133.45399475097656
45.25,3.437797809346386e-08,0.0,0.0,8.040136550215518,93.7655255687421,85.31636840430447,200.41900634765625,133.58999633789062,208.45799255371094,133.45399475097656
45.300000000000004,6.868558804112374e-08,0.0,0.0,8.040136550215518,93.7655255687421,85.31636840430447,200.41900634765625,133.58999633789062,208.45799255371094,133.45399475097656
45.35,1.0299014776910474e-07,0.0,0.0,8.040136550215518,93.7655255687421,85.31636840430447,200.41900634765625,133.58999633789062,208.45799255371094,133.45399475097656
45.400000000000006,1.029887957675832e-07,0.0,0.0,8.040136550215518,93.7655255687421,85.31636840430447,200.41900634765625,133.58999633789062,208.45799255371094,133.45399475097656
45.45,1.0298770915178773e-07,0.0,0.0,8.040136550215518,93.7655255687421,85.31636840430447,200.41900634765625,133.58999633789062,208.45799255371094,133.45399475097656
45.5,0.0,0.0,0.0,8.040136550215518,93.7655255687421,85.31636840430447,200.41900634765625,133.58999633789062,208.45799255371094,133.45399475097656
45.550000000000004,3.4335727477165886e-08,0.0,0.0,8.040136550215518,93.7655255687421,85.31636840430447,200.41900634765625,133.58999633789062,208.45799255371094,133.45399475097656
45.6,3.4340225182072926e-08,0.0,0.0,8.040136550215518,93.7655255687421,85.31636840430447,200.41900634765625,133.58999633789062,208.45799255371094,133.45399475097656
45.650000000000006,3.4345870469001415e-08,0.0,0.0,8.040136550215518,93.7655255687421,85.31636840430447,200.41900634765625,133.58999633789062,208.45799255371094,133.45399475097656
45.7,6.866525772065392e-08,0.0,0.0,8.040136550215518,93.7655255687421,85.31636840430447,200.41900634765625,133.58999633789062,208.45799255371094,133.45399475097656
45.75,1.0298683883444165e-07,0.0,0.0,8.040136550215518,93.7655255687421,85.31636840430447,200.41900634765625,133.58999633789062,208.45799255371094,133.45399475097656
45.800000000000004,1.0298718951763886e-07,0.0,0.0,8.040136550215518,93.7655255687421,85.31636840430447,200.41900634765625,133.58999633789062,208.45799255371094,133.45399475097656
45.85,1.0298786925062184e-07,0.0,0.0,8.040136550215518,93.7655255687421,85.31636840430447,200.41900634765625,133.58999633789062,208.45799255371094,133.45399475097656
45.900000000000006,1.0298893207050206e-07,0.0,0.0,8.040136550215518,93.7655255687421,85.31636840430447,200.41900634765625,133.58999633789062,208.45799255371094,133.45399475097656
45.95,3.4330171482899725e-08,0.0,0.0,8.040136550215518,93.7655255687421,85.31636840430447,200.41900634765625,133.58999633789062,208.45799255371094,133.45399475097656
46.0,3.433246146393073e-08,0.0,0.0,8.040136550215518,93.7655255687421,85.31636840430447,200.41900634765625,133.58999633789062,208.45799255371094,133.45399475097656
46.050000000000004,3.433590422439834e-08,0.0,0.0,8.040136550215518,93.7655255687421,85.31636840430447,200.41900634765625,133.58999633789062,208.45799255371094,133.45399475097656
46.1,3.434049561715773e-08,0.0,0.0,8.040136550215518,93.7655255687421,85.31636840430447,200.41900634765625,133.58999633789062,208.45799255371094,133.45399475097656
46.150000000000006,6.865918135423214e-08,0.0,0.0,8.040136550215518,93.7655255687421,85.31636840430447,200.41900634765625,133.58999633789062,208.45799255371094,133.45399475097656
46.2,1.030025997863594e-07,0.0,0.0,8.040136550215518,93.7655255687421,85.31636840430447,200.41900634765625,133.58999633789062,208.45799255371094,133.45399475097656
46.25,1.029867755488576e-07,0.0,0.0,8.040136550215518,93.7655255687421,85.31636840430447,200.41900634765625,133.58999633789062,208.45799255371094,133.45399475097656
46.300000000000004,1.0298711434042317e-07,0.0,0.0,8.040136550215518,93.7655255687421,85.31636840430447,200.41900634765625,133.58999633789062,208.45799255371094,133.45399475097656
46.35,5.804443727609387e-11,0.0,0.0,8.040136550215518,93.7655255687421,85.31636840430447,200.41900634765625,133.58999633789062,208.45799255371094,133.45399475097656
46.400000000000006,3.432903791344158e-08,0.0,0.0,8.040136550215518,93.7655255687421,85.31636840430447,200.41900634765625,133.58999633789062,208.45799255371094,133.45399475097656
46.45,3.433027708035715e-08,0.0,0.0,8.040136550215518,93.7655255687421,85.31636840430447,200.41900634765625,133.58999633789062,208.45799255371094,133.45399475097656
46.5,3.4332665374842734e-08,0.0,0.0,8.040136550215518,93.7655255687421,85.31636840430447,200.41900634765625,133.58999633789062,208.45799255371094,133.45399475097656
46.550000000000004,3.437803043892343e-08,0.0,0.0,8.040136550215518,93.7655255687421,85.31636840430447,200.41900634765625,133.58999633789062,208.45799255371094,133.45399475097656
46.6,6.865831187539388e-08,0.0,0.0,8.040136550215518,93.7655255687421,85.31636840430447,200.41900634765625,133.58999633789062,208.45799255371094,133.45399475097656
46.650000000000006,1.0299022463628092e-07,0.0,0.0,8.040136550215518,93.7655255687421,85.31636840430447,200.41900634765625,133.58999633789062,208.45799255371094,133.45399475097656
46.7,1.0298877090650908e-07,0.0,0.0,8.040136550215518,93.7655255687421,85.31636840430447,200.41900634765625,133.58999633789062,208.45799255371094,133.45399475097656
46.75,1.0298770002894672e-07,0.0,0.0,8.040136550215518,93.7655255687421,85.31636840430447,200.41900634765625,133.58999633789062,208.45799255371094,133.45399475097656
46.800000000000004,3.433240568776377e-08,0.0,0.0,8.040136550215518,93.7655255687421,85.31636840430447,200.41900634765625,133.58999633789062,208.45799255371094,133.45399475097656
46.85,3.433580095448495e-08,0.0,0.0,8.040136550215518,93.7655255687421,85.31636840430447,200.41900634765625,133.58999633789062,208.45799255371094,133.45399475097656
46.900000000000006,3.434034513524547e-08,0.0,0.0,8.040136550215518,93.7655255687421,85.31636840430447,200.41900634765625,133.58999633789062,208.45799255371094,133.45399475097656
46.95,6.86912721099656e-08,0.0,0.0,8.040136550215518,93.7655255687421,85.31636840430447,200.41900634765625,133.58999633789062,208.45799255371094,133.45399475097656
47.0,1.0298673469498571e-07,0.0,0.0,8.040136550215518,93.7655255687421,85.31636840430447,200.41900634765625,133.58999633789062,208.45799255371094,133.45399475097656
47.050000000000004,1.0298708384442249e-07,0.0,0.0,8.040136550215518,93.7655255687421,85.31636840430447,200.41900634765625,133.58999633789062,208.45799255371094,133.45399475097656
47.1,1.029878181114693e-07,0.0,0.0,8.040136550215518,93.7655255687421,85.31636840430447,200.41900634765625,133.58999633789062,208.45799255371094,133.45399475097656
47.150000000000006,1.0298893544570406e-07,0.0,0.0,8.040136550215518,93.7655255687421,85.31636840430447,200.41900634765625,133.58999633789062,208.45799255371094,133.45399475097656
47.2,3.433353591237244e-08,0.0,0.0,8.040136550215518,93.7655255687421,85.31636840430447,200.41900634765625,133.58999633789062,208.45799255371094,133.45399475097656
47.25,3.4332040976069714e-08,0.0,0.0,8.040136550215518,93.7655255687421,85.31636840430447,200.41900634765625,133.58999633789062,208.45799255371094,133.45399475097656
47.300000000000004,3.4329974530723186e-08,0.0,0.0,8.040136550215518,93.7655255687421,85.31636840430447,200.41900634765625,133.58999633789062,208.45799255371094,133.45399475097656
47.35,3.432905719556374e-08,0.0,0.0,8.040136550215518,93.7655255687421,85.31636840430447,200.41900634765625,133.58999633789062,208.45799255371094,133.45399475097656
47.400000000000006,3.435164569460246e-08,0.0,0.0,8.040136550215518,93.7655255687421,85.31636840430447,200.41900634765625,133.58999633789062,208.45799255371094,133.45399475097656
47.45,3.432899420228602e-08,0.0,0.0,8.040136550215518,93.7655255687421,85.31636840430447,200.41900634765625,133.58999633789062,208.45799255371094,133.45399475097656
47.5,3.432902478908143e-08,0.0,0.0,8.040136550215518,93.7655255687421,85.31636840430447,200.41900634765625,133.58999633789062,208.45799255371094,133.45399475097656
47.550000000000004,3.4330173048923236e-08,0.0,0.0,8.040136550215518,93.7655255687421,85.31636840430447,200.41900634765625,133.58999633789062,208.45799255371094,133.45399475097656
47.6,0.0,0.0,0.0,8.040136550215518,93.7655255687421,85.31636840430447,200.41900634765625,133.58999633789062,208.45799255371094,133.45399475097656
47.650000000000006,6.865780530196067e-08,0.0,0.0,8.040136550215518,93.7655255687421,85.31636840430447,200.41900634765625,133.58999633789062,208.45799255371094,133.45399475097656
47.7,1.029887592159161e-07,0.0,0.0,8.040136550215518,93.7655255687421,85.31636840430447,200.41900634765625,133.58999633789062,208.45799255371094,133.45399475097656
47.75,1.0298731512002577e-07,0.0,0.0,8.040136550215518,93.7655255687421,85.31636840430447,200.41900634765625,133.58999633789062,208.45799255371094,133.45399475097656
47.800000000000004,1.0298891805281628e-07,0.0,0.0,8.040136550215518,93.7655255687421,85.31636840430447,200.41900634765625,133.58999633789062,208.45799255371094,133.45399475097656
47.85,1.029903791892435e-07,0.0,0.0,8.040136550215518,93.7655255687421,85.31636840430447,200.41900634765625,133.58999633789062,208.45799255371094,133.45399475097656
47.900000000000006,1.0299222314234513e-07,0.0,0.0,8.040136550215518,93.7655255687421,85.31636840430447,200.41900634765625,133.58999633789062,208.45799255371094,133.45399475097656
47.95,1.0299093588975454e-07,0.0,0.0,8.040136550215518,93.7655255687421,85.31636840430447,200.41900634765625,133.58999633789062,208.45799255371094,133.45399475097656
48.0,1.0299016742636602e-07,0.0,0.0,8.040136550215518,93.7655255687421,85.31636840430447,200.41900634765625,133.58999633789062,208.45799255371094,133.45399475097656
48.050000000000004,3.4330171482899725e-08,0.0,0.0,8.040136550215518,93.7655255687421,85.31636840430447,200.41900634765625,133.58999633789062,208.45799255371094,133.45399475097656
48.1,3.433246146393073e-08,0.0,0.0,8.040136550215518,93.7655255687421,85.31636840430447,200.41900634765625,133.58999633789062,208.45799255371094,133.45399475097656
48.150000000000006,3.435207508436424e-08,0.0,0.0,8.040136550215518,93.7655255687421,85.31636840430447,200.41900634765625,133.58999633789062,208.45799255371094,133.45399475097656
48.2,3.4339211072227e-08,0.0,0.0,8.040136550215518,93.7655255687421,85.31636840430447,200.41900634765625,133.58999633789062,208.45799255371094,133.45399475097656
48.25,3.433522461773753e-08,0.0,0.0,8.040136550215518,93.7655255687421,85.31636840430447,200.41900634765625,133.58999633789062,208.45799255371094,133.45399475097656
48.300000000000004,3.433089540668947e-08,0.0,0.0,8.040136550215518,93.7655255687421,85.31636840430447,200.41900634765625,133.58999633789062,208.45799255371094,133.45399475097656
48.35,3.433570462899111e-08,0.0,0.0,8.040136550215518,93.7655255687421,85.31636840430447,200.41900634765625,133.58999633789062,208.45799255371094,133.45399475097656
48.400000000000006,3.4340064765925416e-08,0.0,0.0,8.040136550215518,93.7655255687421,85.31636840430447,200.41900634765625,133.58999633789062,208.45799255371094,133.45399475097656
48.45,5.804443727609387e-11,0.0,0.0,8.040136550215518,93.7655255687421,85.31636840430447,200.41900634765625,133.58999633789062,208.45799255371094,133.45399475097656
48.5,3.432903791344158e-08,0.0,0.0,8.040136550215518,93.7655255687421,85.31636840430447,200.41900634765625,133.58999633789062,208.45799255371094,133.45399475097656
48.550000000000004,3.433027708035715e-08,0.0,0.0,8.040136550215518,93.7655255687421,85.31636840430447,200.41900634765625,133.58999633789062,208.45799255371094,133.45399475097656
48.6,3.4334001860594235e-08,0.0,0.0,8.040136550215518,93.7655255687421,85.31636840430447,200.41900634765625,133.58999633789062,208.45799255371094,133.45399475097656
48.650000000000006,3.4329271195663975e-08,0.0,0.0,8.040136550215518,93.7655255687421,85.31636840430447,200.41900634765625,133.58999633789062,208.45799255371094,133.45399475097656
48.7,3.432923072301646e-08,0.0,0.0,8.040136550215518,93.7655255687421,85.31636840430447,200.41900634765625,133.58999633789062,208.45799255371094,133.45399475097656
48.75,3.433023771103742e-08,0.0,0.0,8.040136550215518,93.7655255687421,85.31636840430447,200.41900634765625,133.58999633789062,208.45799255371094,133.45399475097656
48.800000000000004,3.4332393840715586e-08,0.0,0.0,8.040136550215518,93.7655255687421,85.31636840430447,200.41900634765625,133.58999633789062,208.45799255371094,133.45399475097656
48.85,3.4335698948965415e-08,0.0,0.0,8.040136550215518,93.7655255687421,85.31636840430447,200.41900634765625,133.58999633789062,208.45799255371094,133.45399475097656
48.900000000000006,3.433240568776377e-08,0.0,0.0,8.040136550215518,93.7655255687421,85.31636840430447,200.41900634765625,133.58999633789062,208.45799255371094,133.45399475097656
48.95,3.433580095448495e-08,0.0,0.0,8.040136550215518,93.7655255687421,85.31636840430447,200.41900634765625,133.58999633789062,208.45799255371094,133.45399475097656
49.0,6.866251207963948e-08,0.0,0.0,8.040136550215518,93.7655255687421,85.31636840430447,200.41900634765625,133.58999633789062,208.45799255371094,133.45399475097656
49.050000000000004,1.0299404477230312e-07,0.0,0.0,8.040136550215518,93.7655255687421,85.31636840430447,200.41900634765625,133.58999633789062,208.45799255371094,133.45399475097656
49.1,1.0299194134446266e-07,0.0,0.0,8.040136550215518,93.7655255687421,85.31636840430447,200.41900634765625,133.58999633789062,208.45799255371094,133.45399475097656
49.150000000000006,1.0298694344127149e-07,0.0,0.0,8.040136550215518,93.7655255687421,85.31636840430447,200.41900634765625,133.58999633789062,208.45799255371094,133.45399475097656
49.2,1.0299037776736135e-07,0.0,0.0,8.040136550215518,93.7655255687421,85.31636840430447,200.41900634765625,133.58999633789062,208.45799255371094,133.45399475097656
49.25,1.0299219888506563e-07,0.0,0.0,8.040136550215518,93.7655255687421,85.31636840430447,200.41900634765625,133.58999633789062,208.45799255371094,133.45399475097656
49.300000000000004,3.4329026512766937e-08,0.0,0.0,8.040136550215518,93.7655255687421,85.31636840430447,200.41900634765625,133.58999633789062,208.45799255371094,133.45399475097656
49.35,3.433020702371112e-08,0.0,0.0,8.040136550215518,93.7655255687421,85.31636840430447,200.41900634765625,133.58999633789062,208.45799255371094,133.45399475097656
49.400000000000006,3.434171896730345e-08,0.0,0.0,8.040136550215518,93.7655255687421,85.31636840430447,200.41900634765625,133.58999633789062,208.45799255371094,133.45399475097656
49.45,3.432988381727284e-08,0.0,0.0,8.040136550215518,93.7655255687421,85.31636840430447,200.41900634765625,133.58999633789062,208.45799255371094,133.45399475097656
49.5,3.434015740148453e-08,0.0,0.0,8.040136550215518,93.7655255687421,85.31636840430447,200.41900634765625,133.58999633789062,208.45799255371094,133.45399475097656
49.550000000000004,3.434552397904675e-08,0.0,0.0,8.040136550215518,93.7655255687421,85.31636840430447,200.41900634765625,133.58999633789062,208.45799255371094,133.45399475097656
49.6,3.435203724674102e-08,0.0,0.0,8.040136550215518,93.7655255687421,85.31636840430447,200.41900634765625,133.58999633789062,208.45799255371094,133.45399475097656
49.650000000000006,6.867159214802029e-08,0.0,0.0,8.040136550215518,93.7655255687421,85.31636840430447,200.41900634765625,133.58999633789062,208.45799255371094,133.45399475097656
49.7,0.0,0.0,0.0,8.040136550215518,93.7655255687421,85.31636840430447,200.41900634765625,133.58999633789062,208.45799255371094,133.45399475097656
49.75,6.865780530231834e-08,0.0,0.0,8.040136550215518,93.7655255687421,85.31636840430447,200.41900634765625,133.58999633789062,208.45799255371094,133.45399475097656
49.800000000000004,1.029887592159161e-07,0.0,0.0,8.040136550215518,93.7655255687421,85.31636840430447,200.41900634765625,133.58999633789062,208.45799255371094,133.45399475097656
49.85,1.0298770329619865e-07,0.0,0.0,8.040136550215518,93.7655255687421,85.31636840430447,200.41900634765625,133.58999633789062,208.45799255371094,133.45399475097656
49.900000000000006,1.0298703028026482e-07,0.0,0.0,8.040136550215518,93.7655255687421,85.31636840430447,200.41900634765625,133.58999633789062,208.45799255371094,133.45399475097656
49.95,1.0298674035689304e-07,0.0,0.0,8.040136550215518,93.7655255687421,85.31636840430447,200.41900634765625,133.58999633789062,208.45799255371094,133.45399475097656
50.0,1.0298674842995962e-07,0.0,0.0,8.040136550215518,93.7655255687421,85.31636840430447,200.41900634765625,133.58999633789062,208.45799255371094,133.45399475097656
50.050000000000004,1.0298710200474052e-07,0.0,0.0,8.040136550215518,93.7655255687421,85.31636840430447,200.41900634765625,133.58999633789062,208.45799255371094,133.45399475097656
50.1,1.0298782086746463e-07,0.0,0.0,8.040136550215518,93.7655255687421,85.31636840430447,200.41900634765625,133.58999633789062,208.45799255371094,133.45399475097656
50.150000000000006,3.4330171482899725e-08,0.0,0.0,8.040136550215518,93.7655255687421,85.31636840430447,200.41900634765625,133.58999633789062,208.45799255371094,133.45399475097656
50.2,3.433246146393073e-08,0.0,0.0,8.040136550215518,93.7655255687421,85.31636840430447,200.41900634765625,133.58999633789062,208.45799255371094,133.45399475097656
50.25,3.433938971719438e-08,0.0,0.0,8.040136550215518,93.7655255687421,85.31636840430447,200.41900634765625,133.58999633789062,208.45799255371094,133.45399475097656
50.300000000000004,3.4331449975362375e-08,0.0,0.0,8.040136550215518,93.7655255687421,85.31636840430447,200.41900634765625,133.58999633789062,208.45799255371094,133.45399475097656
50.35,3.433570153479021e-08,0.0,0.0,8.040136550215518,93.7655255687421,85.31636840430447,200.41900634765625,133.58999633789062,208.45799255371094,133.45399475097656
50.400000000000006,3.434005998359596e-08,0.0,0.0,8.040136550215518,93.7655255687421,85.31636840430447,200.41900634765625,133.58999633789062,208.45799255371094,133.45399475097656
50.45,3.4345566450951873e-08,0.0,0.0,8.040136550215518,93.7655255687421,85.31636840430447,200.41900634765625,133.58999633789062,208.45799255371094,133.45399475097656
50.5,3.434177934320471e-08,0.0,0.0,8.040136550215518,93.7655255687421,85.31636840430447,200.41900634765625,133.58999633789062,208.45799255371094,133.45399475097656
50.550000000000004,5.804443727609387e-11,0.0,0.0,8.040136550215518,93.7655255687421,85.31636840430447,200.41900634765625,133.58999633789062,208.45799255371094,133.45399475097656
50.6,3.432903791344158e-08,0.0,0.0,8.040136550215518,93.7655255687421,85.31636840430447,200.41900634765625,133.58999633789062,208.45799255371094,133.45399475097656
50.650000000000006,3.433027708035715e-08,0.0,0.0,8.040136550215518,93.7655255687421,85.31636840430447,200.41900634765625,133.58999633789062,208.45799255371094,133.45399475097656
50.7,3.433270631840854e-08,0.0,0.0,8.040136550215518,93.7655255687421,85.31636840430447,200.41900634765625,133.58999633789062,208.45799255371094,133.45399475097656
50.75,3.4335334942512887e-08,0.0,0.0,8.040136550215518,93.7655255687421,85.31636840430447,200.41900634765625,133.58999633789062,208.45799255371094,133.45399475097656
50.800000000000004,3.43320874302701e-08,0.0,0.0,8.040136550215518,93.7655255687421,85.31636840430447,200.41900634765625,133.58999633789062,208.45799255371094,133.45399475097656
50.85,3.4329952711767776e-08,0.0,0.0,8.040136550215518,93.7655255687421,85.31636840430447,200.41900634765625,133.58999633789062,208.45799255371094,133.45399475097656
50.900000000000006,3.432884876507322e-08,0.0,0.0,8.040136550215518,93.7655255687421,85.31636840430447,200.41900634765625,133.58999633789062,208.45799255371094,133.45399475097656
50.95,3.434551495679196e-08,0.0,0.0,8.040136550215518,93.7655255687421,85.31636840430447,200.41900634765625,133.58999633789062,208.45799255371094,133.45399475097656
51.0,3.433240568776377e-08,0.0,0.0,8.040136550215518,93.7655255687421,85.31636840430447,200.41900634765625,133.58999633789062,208.45799255371094,133.45399475097656
51.050000000000004,3.433580095448495e-08,0.0,0.0,8.040136550215518,93.7655255687421,85.31636840430447,200.41900634765625,133.58999633789062,208.45799255371094,133.45399475097656
51.1,3.434034513524547e-08,0.0,0.0,8.040136550215518,93.7655255687421,85.31636840430447,200.41900634765625,133.58999633789062,208.45799255371094,133.45399475097656
51.150000000000006,3.432919746980565e-08,0.0,0.0,8.040136550215518,93.7655255687421,85.31636840430447,200.41900634765625,133.58999633789062,208.45799255371094,133.45399475097656
51.2,3.432913148070972e-08,0.0,0.0,8.040136550215518,93.7655255687421,85.31636840430447,200.41900634765625,133.58999633789062,208.45799255371094,133.45399475097656
51.25,3.433018532243707e-08,0.0,0.0,8.040136550215518,93.7655255687421,85.31636840430447,200.41900634765625,133.58999633789062,208.45799255371094,133.45399475097656
51.300000000000004,3.4332388314957e-08,0.0,0.0,8.040136550215518,93.7655255687421,85.31636840430447,200.41900634765625,133.58999633789062,208.45799255371094,133.45399475097656
51.35,3.4335740190193076e-08,0.0,0.0,8.040136550215518,93.7655255687421,85.31636840430447,200.41900634765625,133.58999633789062,208.45799255371094,133.45399475097656
51.400000000000006,3.4329026512766937e-08,0.0,0.0,8.040136550215518,93.7655255687421,85.31636840430447,200.41900634765625,133.58999633789062,208.45799255371094,133.45399475097656
51.45,3.433020702371112e-08,0.0,0.0,8.040136550215518,93.7655255687421,85.31636840430447,200.41900634765625,133.58999633789062,208.45799255371094,133.45399475097656
51.5,6.865905820490765e-08,0.0,0.0,8.040136550215518,93.7655255687421,85.31636840430447,200.41900634765625,133.58999633789062,208.45799255371094,133.45399475097656
51.550000000000004,1.029901660194192e-07,0.0,0.0,8.040136550215518,93.7655255687421,85.31636840430447,200.41900634765625,133.58999633789062,208.45799255371094,133.45399475097656
51.6,1.0298778111694413e-07,0.0,0.0,8.040136550215518,93.7655255687421,85.31636840430447,200.41900634765625,133.58999633789062,208.45799255371094,133.45399475097656
51.650000000000006,1.0298891694566196e-07,0.0,0.0,8.040136550215518,93.7655255687421,85.31636840430447,200.41900634765625,133.58999633789062,208.45799255371094,133.45399475097656
51.7,1.0299038580057449e-07,0.0,0.0,8.040136550215518,93.7655255687421,85.31636840430447,200.41900634765625,133.58999633789062,208.45799255371094,133.45399475097656
51.75,1.0298764609137841e-07,0.0,0.0,8.040136550215518,93.7655255687421,85.31636840430447,200.41900634765625,133.58999633789062,208.45799255371094,133.45399475097656
51.800000000000004,0.0,0.0,0.0,8.040136550215518,93.7655255687421,85.31636840430447,200.41900634765625,133.58999633789062,208.45799255371094,133.45399475097656
51.85,3.4335727477165886e-08,0.0,0.0,8.040136550215518,93.7655255687421,85.31636840430447,200.41900634765625,133.58999633789062,208.45799255371094,133.45399475097656
51.900000000000006,3.433494279332318e-08,0.0,0.0,8.040136550215518,93.7655255687421,85.31636840430447,200.41900634765625,133.58999633789062,208.45799255371094,133.45399475097656
51.95,3.433204282651983e-08,0.0,0.0,8.040136550215518,93.7655255687421,85.31636840430447,200.41900634765625,133.58999633789062,208.45799255371094,133.45399475097656
52.0,3.4340058165957154e-08,0.0,0.0,8.040136550215518,93.7655255687421,85.31636840430447,200.41900634765625,133.58999633789062,208.45799255371094,133.45399475097656
52.050000000000004,3.4345506769402665e-08,0.0,0.0,8.040136550215518,93.7655255687421,85.31636840430447,200.41900634765625,133.58999633789062,208.45799255371094,133.45399475097656
52.1,6.866799720831059e-08,0.0,0.0,8.040136550215518,93.7655255687421,85.31636840430447,200.41900634765625,133.58999633789062,208.45799255371094,133.45399475097656
52.150000000000006,1.0298667894651386e-07,0.0,0.0,8.040136550215518,93.7655255687421,85.31636840430447,200.41900634765625,133.58999633789062,208.45799255371094,133.45399475097656
52.2,1.0298669465206111e-07,0.0,0.0,8.040136550215518,93.7655255687421,85.31636840430447,200.41900634765625,133.58999633789062,208.45799255371094,133.45399475097656
52.25,3.4330171482899725e-08,0.0,0.0,8.040136550215518,93.7655255687421,85.31636840430447,200.41900634765625,133.58999633789062,208.45799255371094,133.45399475097656
52.300000000000004,3.433246146393073e-08,0.0,0.0,8.040136550215518,93.7655255687421,85.31636840430447,200.41900634765625,133.58999633789062,208.45799255371094,133.45399475097656
52.35,3.433908937450624e-08,0.0,0.0,8.040136550215518,93.7655255687421,85.31636840430447,200.41900634765625,133.58999633789062,208.45799255371094,133.45399475097656
52.400000000000006,3.433521370815372e-08,0.0,0.0,8.040136550215518,93.7655255687421,85.31636840430447,200.41900634765625,133.58999633789062,208.45799255371094,133.45399475097656
52.45,3.4335493121775344e-08,0.0,0.0,8.040136550215518,93.7655255687421,85.31636840430447,200.41900634765625,133.58999633789062,208.45799255371094,133.45399475097656
52.5,3.4340060902791016e-08,0.0,0.0,8.040136550215518,93.7655255687421,85.31636840430447,200.41900634765625,133.58999633789062,208.45799255371094,133.45399475097656
52.550000000000004,6.865850446527315e-08,0.0,0.0,8.040136550215518,93.7655255687421,85.31636840430447,200.41900634765625,133.58999633789062,208.45799255371094,133.45399475097656
52.6,1.0298700901934224e-07,0.0,0.0,8.040136550215518,93.7655255687421,85.31636840430447,200.41900634765625,133.58999633789062,208.45799255371094,133.45399475097656
52.650000000000006,5.804443727609387e-11,0.0,0.0,8.040136550215518,93.7655255687421,85.31636840430447,200.41900634765625,133.58999633789062,208.45799255371094,133.45399475097656
52.7,3.432903791344158e-08,0.0,0.0,8.040136550215518,93.7655255687421,85.31636840430447,200.41900634765625,133.58999633789062,208.45799255371094,133.45399475097656
52.75,3.433027708035715e-08,0.0,0.0,8.040136550215518,93.7655255687421,85.31636840430447,200.41900634765625,133.58999633789062,208.45799255371094,133.45399475097656
52.800000000000004,6.86636116001971e-08,0.0,0.0,8.040136550215518,93.7655255687421,85.31636840430447,200.41900634765625,133.58999633789062,208.45799255371094,133.45399475097656
52.85,1.0298710110539275e-07,0.0,0.0,8.040136550215518,93.7655255687421,85.31636840430447,200.41900634765625,133.58999633789062,208.45799255371094,133.45399475097656
52.900000000000006,1.0298781950484311e-07,0.0,0.0,8.040136550215518,93.7655255687421,85.31636840430447,200.41900634765625,133.58999633789062,208.45799255371094,133.45399475097656
52.95,1.029889210734643e-07,0.0,0.0,8.040136550215518,93.7655255687421,85.31636840430447,200.41900634765625,133.58999633789062,208.45799255371094,133.45399475097656
53.0,1.3731786049222983e-07,0.0,0.0,8.040136550215518,93.7655255687421,85.31636840430447,200.41900634765625,133.58999633789062,208.45799255371094,133.45399475097656
53.050000000000004,1.7164467375834066e-07,0.0,0.0,8.040136550215518,93.7655255687421,85.31636840430447,200.41900634765625,133.58999633789062,208.45799255371094,133.45399475097656
53.1,3.433240568776377e-08,0.0,0.0,8.040136550215518,93.7655255687421,85.31636840430447,200.41900634765625,133.58999633789062,208.45799255371094,133.45399475097656
53.150000000000006,3.433701348135215e-08,0.0,0.0,8.040136550215518,93.7655255687421,85.31636840430447,200.41900634765625,133.58999633789062,208.45799255371094,133.45399475097656
53.2,3.4335197165873095e-08,0.0,0.0,8.040136550215518,93.7655255687421,85.31636840430447,200.41900634765625,133.58999633789062,208.45799255371094,133.45399475097656
53.25,3.433207654384243e-08,0.0,0.0,8.040136550215518,93.7655255687421,85.31636840430447,200.41900634765625,133.58999633789062,208.45799255371094,133.45399475097656
53.300000000000004,3.434002547304243e-08,0.0,0.0,8.040136550215518,93.7655255687421,85.31636840430447,200.41900634765625,133.58999633789062,208.45799255371094,133.45399475097656
53.35,3.434552111415445e-08,0.0,0.0,8.040136550215518,93.7655255687421,85.31636840430447,200.41900634765625,133.58999633789062,208.45799255371094,133.45399475097656
53.400000000000006,6.865965383860282e-08,0.0,0.0,8.040136550215518,93.7655255687421,85.31636840430447,200.41900634765625,133.58999633789062,208.45799255371094,133.45399475097656
53.45,1.0299019163635569e-07,0.0,0.0,8.040136550215518,93.7655255687421,85.31636840430447,200.41900634765625,133.58999633789062,208.45799255371094,133.45399475097656
53.5,3.4329026512766937e-08,0.0,0.0,8.040136550215518,93.7655255687421,85.31636840430447,200.41900634765625,133.58999633789062,208.45799255371094,133.45399475097656
53.550000000000004,3.433020702371112e-08,0.0,0.0,8.040136550215518,93.7655255687421,85.31636840430447,200.41900634765625,133.58999633789062,208.45799255371094,133.45399475097656
53.6,3.433254804353552e-08,0.0,0.0,8.040136550215518,93.7655255687421,85.31636840430447,200.41900634765625,133.58999633789062,208.45799255371094,133.45399475097656
53.650000000000006,6.866621560847403e-08,0.0,0.0,8.040136550215518,93.7655255687421,85.31636840430447,200.41900634765625,133.58999633789062,208.45799255371094,133.45399475097656
53.7,1.029870803528038e-07,0.0,0.0,8.040136550215518,93.7655255687421,85.31636840430447,200.41900634765625,133.58999633789062,208.45799255371094,133.45399475097656
53.75,1.0298669753630175e-07,0.0,0.0,8.040136550215518,93.7655255687421,85.31636840430447,200.41900634765625,133.58999633789062,208.45799255371094,133.45399475097656
53.800000000000004,1.0298669710020182e-07,0.0,0.0,8.040136550215518,93.7655255687421,85.31636840430447,200.41900634765625,133.58999633789062,208.45799255371094,133.45399475097656
53.85,1.0298707975281586e-07,0.0,0.0,8.040136550215518,93.7655255687421,85.31636840430447,200.41900634765625,133.58999633789062,208.45799255371094,133.45399475097656
53.900000000000006,0.0,0.0,0.0,8.040136550215518,93.7655255687421,85.31636840430447,200.41900634765625,133.58999633789062,208.45799255371094,133.45399475097656
53.95,3.4335727477165886e-08,0.0,0.0,8.040136550215518,93.7655255687421,85.31636840430447,200.41900634765625,133.58999633789062,208.45799255371094,133.45399475097656
54.0,3.4340225182072926e-08,0.0,0.0,8.040136550215518,93.7655255687421,85.31636840430447,200.41900634765625,133.58999633789062,208.45799255371094,133.45399475097656
54.050000000000004,6.865916502857836e-08,0.0,0.0,8.040136550215518,93.7655255687421,85.31636840430447,200.41900634765625,133.58999633789062,208.45799255371094,133.45399475097656
54.1,1.0300262499337632e-07,0.0,0.0,8.040136550215518,93.7655255687421,85.31636840430447,200.41900634765625,133.58999633789062,208.45799255371094,133.45399475097656
54.150000000000006,1.0298780390977686e-07,0.0,0.0,8.040136550215518,93.7655255687421,85.31636840430447,200.41900634765625,133.58999633789062,208.45799255371094,133.45399475097656
54.2,1.0298704675239523e-07,0.0,0.0,8.040136550215518,93.7655255687421,85.31636840430447,200.41900634765625,133.58999633789062,208.45799255371094,133.45399475097656
54.25,1.0298667915770719e-07,0.0,0.0,8.040136550215518,93.7655255687421,85.31636840430447,200.41900634765625,133.58999633789062,208.45799255371094,133.45399475097656
54.300000000000004,1.0298669465206111e-07,0.0,0.0,8.040136550215518,93.7655255687421,85.31636840430447,200.41900634765625,133.58999633789062,208.45799255371094,133.45399475097656
54.35,3.4330171482899725e-08,0.0,0.0,8.040136550215518,93.7655255687421,85.31636840430447,200.41900634765625,133.58999633789062,208.45799255371094,133.45399475097656
54.400000000000006,3.433246146393073e-08,0.0,0.0,8.040136550215518,93.7655255687421,85.31636840430447,200.41900634765625,133.58999633789062,208.45799255371094,133.45399475097656
54.45,3.433590422439834e-08,0.0,0.0,8.040136550215518,93.7655255687421,85.31636840430447,200.41900634765625,133.58999633789062,208.45799255371094,133.45399475097656
54.5,3.4384329500173506e-08,0.0,0.0,8.040136550215518,93.7655255687421,85.31636840430447,200.41900634765625,133.58999633789062,208.45799255371094,133.45399475097656
54.550000000000004,3.440089565057113e-08,0.0,0.0,8.040136550215518,93.7655255687421,85.31636840430447,200.41900634765625,133.58999633789062,208.45799255371094,133.45399475097656
54.6,6.865795973970321e-08,0.0,0.0,8.040136550215518,93.7655255687421,85.31636840430447,200.41900634765625,133.58999633789062,208.45799255371094,133.45399475097656
54.650000000000006,1.0299416424830624e-07,0.0,0.0,8.040136550215518,93.7655255687421,85.31636840430447,200.41900634765625,133.58999633789062,208.45799255371094,133.45399475097656
54.7,1.0299197900422381e-07,0.0,0.0,8.040136550215518,93.7655255687421,85.31636840430447,200.41900634765625,133.58999633789062,208.45799255371094,133.45399475097656
54.75,5.804443727609387e-11,0.0,0.0,8.040136550215518,93.7655255687421,85.31636840430447,200.41900634765625,133.58999633789062,208.45799255371094,133.45399475097656
54.800000000000004,3.432903791344158e-08,0.0,0.0,8.040136550215518,93.7655255687421,85.31636840430447,200.41900634765625,133.58999633789062,208.45799255371094,133.45399475097656
54.85,3.433027708035715e-08,0.0,0.0,8.040136550215518,93.7655255687421,85.31636840430447,200.41900634765625,133.58999633789062,208.45799255371094,133.45399475097656
54.900000000000006,3.4334001860594235e-08,0.0,0.0,8.040136550215518,93.7655255687421,85.31636840430447,200.41900634765625,133.58999633789062,208.45799255371094,133.45399475097656
54.95,3.440075074843047e-08,0.0,0.0,8.040136550215518,93.7655255687421,85.31636840430447,200.41900634765625,133.58999633789062,208.45799255371094,133.45399475097656
55.0,6.86976076181006e-08,0.0,0.0,8.040136550215518,93.7655255687421,85.31636840430447,200.41900634765625,133.58999633789062,208.45799255371094,133.45399475097656
55.050000000000004,1.029877327227406e-07,0.0,0.0,8.040136550215518,93.7655255687421,85.31636840430447,200.41900634765625,133.58999633789062,208.45799255371094,133.45399475097656
55.1,1.0298704645234395e-07,0.0,0.0,8.040136550215518,93.7655255687421,85.31636840430447,200.41900634765625,133.58999633789062,208.45799255371094,133.45399475097656
55.150000000000006,1.0298667906662476e-07,0.0,0.0,8.040136550215518,93.7655255687421,85.31636840430447,200.41900634765625,133.58999633789062,208.45799255371094,133.45399475097656
55.2,3.433240568776377e-08,0.0,0.0,8.040136550215518,93.7655255687421,85.31636840430447,200.41900634765625,133.58999633789062,208.45799255371094,133.45399475097656
55.25,3.433580095448495e-08,0.0,0.0,8.040136550215518,93.7655255687421,85.31636840430447,200.41900634765625,133.58999633789062,208.45799255371094,133.45399475097656
55.300000000000004,3.434034513524547e-08,0.0,0.0,8.040136550215518,93.7655255687421,85.31636840430447,200.41900634765625,133.58999633789062,208.45799255371094,133.45399475097656
55.35,6.866837728773165e-08,0.0,0.0,8.040136550215518,93.7655255687421,85.31636840430447,200.41900634765625,133.58999633789062,208.45799255371094,133.45399475097656
55.400000000000006,1.0300261114862394e-07,0.0,0.0,8.040136550215518,93.7655255687421,85.31636840430447,200.41900634765625,133.58999633789062,208.45799255371094,133.45399475097656
55.45,1.0299171976533408e-07,0.0,0.0,8.040136550215518,93.7655255687421,85.31636840430447,200.41900634765625,133.58999633789062,208.45799255371094,133.45399475097656
55.5,1.0298673284185727e-07,0.0,0.0,8.040136550215518,93.7655255687421,85.31636840430447,200.41900634765625,133.58999633789062,208.45799255371094,133.45399475097656
55.550000000000004,1.029870844549154e-07,0.0,0.0,8.040136550215518,93.7655255687421,85.31636840430447,200.41900634765625,133.58999633789062,208.45799255371094,133.45399475097656
55.6,3.4329026512766937e-08,0.0,0.0,8.040136550215518,93.7655255687421,85.31636840430447,200.41900634765625,133.58999633789062,208.45799255371094,133.45399475097656
55.650000000000006,3.433020702371112e-08,0.0,0.0,8.040136550215518,93.7655255687421,85.31636840430447,200.41900634765625,133.58999633789062,208.45799255371094,133.45399475097656
55.7,3.433254804353552e-08,0.0,0.0,8.040136550215518,93.7655255687421,85.31636840430447,200.41900634765625,133.58999633789062,208.45799255371094,133.45399475097656
55.75,3.435303077939342e-08,0.0,0.0,8.040136550215518,93.7655255687421,85.31636840430447,200.41900634765625,133.58999633789062,208.45799255371094,133.45399475097656
55.800000000000004,3.4413739916990086e-08,0.0,0.0,8.040136550215518,93.7655255687421,85.31636840430447,200.41900634765625,133.58999633789062,208.45799255371094,133.45399475097656
55.85,6.866658187030333e-08,0.0,0.0,8.040136550215518,93.7655255687421,85.31636840430447,200.41900634765625,133.58999633789062,208.45799255371094,133.45399475097656
55.900000000000006,1.029920972812164e-07,0.0,0.0,8.040136550215518,93.7655255687421,85.31636840430447,200.41900634765625,133.58999633789062,208.45799255371094,133.45399475097656
55.95,1.0299026432781756e-07,0.0,0.0,8.040136550215518,93.7655255687421,85.31636840430447,200.41900634765625,133.58999633789062,208.45799255371094,133.45399475097656
56.0,0.0,0.0,0.0,8.040136550215518,93.7655255687421,85.31636840430447,200.41900634765625,133.58999633789062,208.45799255371094,133.45399475097656
56.050000000000004,3.4335727477165886e-08,0.0,0.0,8.040136550215518,93.7655255687421,85.31636840430447,200.41900634765625,133.58999633789062,208.45799255371094,133.45399475097656
56.1,3.4340225182072926e-08,0.0,0.0,8.040136550215518,93.7655255687421,85.31636840430447,200.41900634765625,133.58999633789062,208.45799255371094,133.45399475097656
56.150000000000006,3.4345870469001415e-08,0.0,0.0,8.040136550215518,93.7655255687421,85.31636840430447,200.41900634765625,133.58999633789062,208.45799255371094,133.45399475097656
56.2,6.866821118855763e-08,0.0,0.0,8.040136550215518,93.7655255687421,85.31636840430447,200.41900634765625,133.58999633789062,208.45799255371094,133.45399475097656
56.25,1.0301198006668197e-07,0.0,0.0,8.040136550215518,93.7655255687421,85.31636840430447,200.41900634765625,133.58999633789062,208.45799255371094,133.45399475097656
56.300000000000004,1.0300812946503118e-07,0.0,0.0,8.040136550215518,93.7655255687421,85.31636840430447,200.41900634765625,133.58999633789062,208.45799255371094,133.45399475097656
56.35,1.0298779761222428e-07,0.0,0.0,8.040136550215518,93.7655255687421,85.31636840430447,200.41900634765625,133.58999633789062,208.45799255371094,133.45399475097656
56.400000000000006,1.0298704629788013e-07,0.0,0.0,8.040136550215518,93.7655255687421,85.31636840430447,200.41900634765625,133.58999633789062,208.45799255371094,133.45399475097656
56.45,3.4330171482899725e-08,0.0,0.0,8.040136550215518,93.7655255687421,85.31636840430447,200.41900634765625,133.58999633789062,208.45799255371094,133.45399475097656
56.5,3.433246146393073e-08,0.0,0.0,8.040136550215518,93.7655255687421,85.31636840430447,200.41900634765625,133.58999633789062,208.45799255371094,133.45399475097656
56.550000000000004,3.433590422439834e-08,0.0,0.0,8.040136550215518,93.7655255687421,85.31636840430447,200.41900634765625,133.58999633789062,208.45799255371094,133.45399475097656
56.6,3.4384329500173506e-08,0.0,0.0,8.040136550215518,93.7655255687421,85.31636840430447,200.41900634765625,133.58999633789062,208.45799255371094,133.45399475097656
56.650000000000006,3.440089565057113e-08,0.0,0.0,8.040136550215518,93.7655255687421,85.31636840430447,200.41900634765625,133.58999633789062,208.45799255371094,133.45399475097656
56.7,6.866374437229373e-08,0.0,0.0,8.040136550215518,93.7655255687421,85.31636840430447,200.41900634765625,133.58999633789062,208.45799255371094,133.45399475097656
56.75,1.0299414453559186e-07,0.0,0.0,8.040136550215518,93.7655255687421,85.31636840430447,200.41900634765625,133.58999633789062,208.45799255371094,133.45399475097656
56.800000000000004,1.0299197918610459e-07,0.0,0.0,8.040136550215518,93.7655255687421,85.31636840430447,200.41900634765625,133.58999633789062,208.45799255371094,133.45399475097656
56.85,5.804443727609387e-11,0.0,0.0,8.040136550215518,93.7655255687421,85.31636840430447,200.41900634765625,133.58999633789062,208.45799255371094,133.45399475097656
56.900000000000006,3.432903791344158e-08,0.0,0.0,8.040136550215518,93.7655255687421,85.31636840430447,200.41900634765625,133.58999633789062,208.45799255371094,133.45399475097656
56.95,3.433027708035715e-08,0.0,0.0,8.040136550215518,93.7655255687421,85.31636840430447,200.41900634765625,133.58999633789062,208.45799255371094,133.45399475097656
57.0,3.4334001860594235e-08,0.0,0.0,8.040136550215518,93.7655255687421,85.31636840430447,200.41900634765625,133.58999633789062,208.45799255371094,133.45399475097656
57.050000000000004,3.440075074843047e-08,0.0,0.0,8.040136550215518,93.7655255687421,85.31636840430447,200.41900634765625,133.58999633789062,208.45799255371094,133.45399475097656
57.1,6.866379527862529e-08,0.0,0.0,8.040136550215518,93.7655255687421,85.31636840430447,200.41900634765625,133.58999633789062,208.45799255371094,133.45399475097656
57.150000000000006,1.0298779579306866e-07,0.0,0.0,8.040136550215518,93.7655255687421,85.31636840430447,200.41900634765625,133.58999633789062,208.45799255371094,133.45399475097656
57.2,1.0298704650127258e-07,0.0,0.0,8.040136550215518,93.7655255687421,85.31636840430447,200.41900634765625,133.58999633789062,208.45799255371094,133.45399475097656
57.25,1.0298667908196434e-07,0.0,0.0,8.040136550215518,93.7655255687421,85.31636840430447,200.41900634765625,133.58999633789062,208.45799255371094,133.45399475097656
57.300000000000004,3.433240568776377e-08,0.0,0.0,8.040136550215518,93.7655255687421,85.31636840430447,200.41900634765625,133.58999633789062,208.45799255371094,133.45399475097656
57.35,3.433580095448495e-08,0.0,0.0,8.040136550215518,93.7655255687421,85.31636840430447,200.41900634765625,133.58999633789062,208.45799255371094,133.45399475097656
57.400000000000006,3.434034513524547e-08,0.0,0.0,8.040136550215518,93.7655255687421,85.31636840430447,200.41900634765625,133.58999633789062,208.45799255371094,133.45399475097656
57.45,6.865854638538336e-08,0.0,0.0,8.040136550215518,93.7655255687421,85.31636840430447,200.41900634765625,133.58999633789062,208.45799255371094,133.45399475097656
57.5,1.0300257807579382e-07,0.0,0.0,8.040136550215518,93.7655255687421,85.31636840430447,200.41900634765625,133.58999633789062,208.45799255371094,133.45399475097656
57.550000000000004,1.0299171994162416e-07,0.0,0.0,8.040136550215518,93.7655255687421,85.31636840430447,200.41900634765625,133.58999633789062,208.45799255371094,133.45399475097656
57.6,1.0298673282025108e-07,0.0,0.0,8.040136550215518,93.7655255687421,85.31636840430447,200.41900634765625,133.58999633789062,208.45799255371094,133.45399475097656
57.650000000000006,1.0298708439844969e-07,0.0,0.0,8.040136550215518,93.7655255687421,85.31636840430447,200.41900634765625,133.58999633789062,208.45799255371094,133.45399475097656
57.7,3.4329026512766937e-08,0.0,0.0,8.040136550215518,93.7655255687421,85.31636840430447,200.41900634765625,133.58999633789062,208.45799255371094,133.45399475097656
57.75,3.433020702371112e-08,0.0,0.0,8.040136550215518,93.7655255687421,85.31636840430447,200.41900634765625,133.58999633789062,208.45799255371094,133.45399475097656
57.800000000000004,3.433254804353552e-08,0.0,0.0,8.040136550215518,93.7655255687421,85.31636840430447,200.41900634765625,133.58999633789062,208.45799255371094,133.45399475097656
57.85,3.435303077942932e-08,0.0,0.0,8.040136550215518,93.7655255687421,85.31636840430447,200.41900634765625,133.58999633789062,208.45799255371094,133.45399475097656
57.900000000000006,6.869758646318397e-08,0.0,0.0,8.040136550215518,93.7655255687421,85.31636840430447,200.41900634765625,133.58999633789062,208.45799255371094,133.45399475097656
57.95,1.0298713448082093e-07,0.0,0.0,8.040136550215518,93.7655255687421,85.31636840430447,200.41900634765625,133.58999633789062,208.45799255371094,133.45399475097656
58.0,1.0298783187533292e-07,0.0,0.0,8.040136550215518,93.7655255687421,85.31636840430447,200.41900634765625,133.58999633789062,208.45799255371094,133.45399475097656
58.050000000000004,1.0298891795189024e-07,0.0,0.0,8.040136550215518,93.7655255687421,85.31636840430447,200.41900634765625,133.58999633789062,208.45799255371094,133.45399475097656
58.1,0.0,0.0,0.0,8.040136550215518,93.7655255687421,85.31636840430447,200.41900634765625,133.58999633789062,208.45799255371094,133.45399475097656
58.150000000000006,6.86604594416078e-08,0.0,0.0,8.040136550215518,93.7655255687421,85.31636840430447,200.41900634765625,133.58999633789062,208.45799255371094,133.45399475097656
58.2,1.0298875771506714e-07,0.0,0.0,8.040136550215518,93.7655255687421,85.31636840430447,200.41900634765625,133.58999633789062,208.45799255371094,133.45399475097656
58.25,1.0298770329609378e-07,0.0,0.0,8.040136550215518,93.7655255687421,85.31636840430447,200.41900634765625,133.58999633789062,208.45799255371094,133.45399475097656
58.300000000000004,1.0298703027976497e-07,0.0,0.0,8.040136550215518,93.7655255687421,85.31636840430447,200.41900634765625,133.58999633789062,208.45799255371094,133.45399475097656
58.35,1.0298674035647021e-07,0.0,0.0,8.040136550215518,93.7655255687421,85.31636840430447,200.41900634765625,133.58999633789062,208.45799255371094,133.45399475097656
58.400000000000006,1.0298809487988845e-07,0.0,0.0,8.040136550215518,93.7655255687421,85.31636840430447,200.41900634765625,133.58999633789062,208.45799255371094,133.45399475097656
58.45,1.0298779615384643e-07,0.0,0.0,8.040136550215518,93.7655255687421,85.31636840430447,200.41900634765625,133.58999633789062,208.45799255371094,133.45399475097656
58.5,1.0298704614539045e-07,0.0,0.0,8.040136550215518,93.7655255687421,85.31636840430447,200.41900634765625,133.58999633789062,208.45799255371094,133.45399475097656
58.550000000000004,3.4330171482899725e-08,0.0,0.0,8.040136550215518,93.7655255687421,85.31636840430447,200.41900634765625,133.58999633789062,208.45799255371094,133.45399475097656
58.6,3.433246146393073e-08,0.0,0.0,8.040136550215518,93.7655255687421,85.31636840430447,200.41900634765625,133.58999633789062,208.45799255371094,133.45399475097656
58.650000000000006,3.433590422439834e-08,0.0,0.0,8.040136550215518,93.7655255687421,85.31636840430447,200.41900634765625,133.58999633789062,208.45799255371094,133.45399475097656
58.7,6.868337380365121e-08,0.0,0.0,8.040136550215518,93.7655255687421,85.31636840430447,200.41900634765625,133.58999633789062,208.45799255371094,133.45399475097656
58.75,1.0298672441897578e-07,0.0,0.0,8.040136550215518,93.7655255687421,85.31636840430447,200.41900634765625,133.58999633789062,208.45799255371094,133.45399475097656
58.800000000000004,1.0298670981677523e-07,0.0,0.0,8.040136550215518,93.7655255687421,85.31636840430447,200.41900634765625,133.58999633789062,208.45799255371094,133.45399475097656
58.85,1.0298707675170146e-07,0.0,0.0,8.040136550215518,93.7655255687421,85.31636840430447,200.41900634765625,133.58999633789062,208.45799255371094,133.45399475097656
58.900000000000006,1.0298782678041177e-07,0.0,0.0,8.040136550215518,93.7655255687421,85.31636840430447,200.41900634765625,133.58999633789062,208.45799255371094,133.45399475097656
58.95,5.804443727609387e-11,0.0,0.0,8.040136550215518,93.7655255687421,85.31636840430447,200.41900634765625,133.58999633789062,208.45799255371094,133.45399475097656
59.0,3.432903791344158e-08,0.0,0.0,8.040136550215518,93.7655255687421,85.31636840430447,200.41900634765625,133.58999633789062,208.45799255371094,133.45399475097656
59.050000000000004,3.433027708035715e-08,0.0,0.0,8.040136550215518,93.7655255687421,85.31636840430447,200.41900634765625,133.58999633789062,208.45799255371094,133.45399475097656
59.1,3.4341282274484005e-08,0.0,0.0,8.040136550215518,93.7655255687421,85.31636840430447,200.41900634765625,133.58999633789062,208.45799255371094,133.45399475097656
59.150000000000006,3.433537113337206e-08,0.0,0.0,8.040136550215518,93.7655255687421,85.31636840430447,200.41900634765625,133.58999633789062,208.45799255371094,133.45399475097656
59.2,3.4332087429063306e-08,0.0,0.0,8.040136550215518,93.7655255687421,85.31636840430447,200.41900634765625,133.58999633789062,208.45799255371094,133.45399475097656
59.25,3.432995271153752e-08,0.0,0.0,8.040136550215518,93.7655255687421,85.31636840430447,200.41900634765625,133.58999633789062,208.45799255371094,133.45399475097656
59.300000000000004,3.4328967138478434e-08,0.0,0.0,8.040136550215518,93.7655255687421,85.31636840430447,200.41900634765625,133.58999633789062,208.45799255371094,133.45399475097656
59.35,3.435200547492191e-08,0.0,0.0,8.040136550215518,93.7655255687421,85.31636840430447,200.41900634765625,133.58999633789062,208.45799255371094,133.45399475097656
59.400000000000006,3.433240568776377e-08,0.0,0.0,8.040136550215518,93.7655255687421,85.31636840430447,200.41900634765625,133.58999633789062,208.45799255371094,133.45399475097656
59.45,3.433580095448495e-08,0.0,0.0,8.040136550215518,93.7655255687421,85.31636840430447,200.41900634765625,133.58999633789062,208.45799255371094,133.45399475097656
59.5,3.434275072467215e-08,0.0,0.0,8.040136550215518,93.7655255687421,85.31636840430447,200.41900634765625,133.58999633789062,208.45799255371094,133.45399475097656
59.550000000000004,6.866965635280311e-08,0.0,0.0,8.040136550215518,93.7655255687421,85.31636840430447,200.41900634765625,133.58999633789062,208.45799255371094,133.45399475097656
59.6,1.0299022864384588e-07,0.0,0.0,8.040136550215518,93.7655255687421,85.31636840430447,200.41900634765625,133.58999633789062,208.45799255371094,133.45399475097656
59.650000000000006,1.0298878262293655e-07,0.0,0.0,8.040136550215518,93.7655255687421,85.31636840430447,200.41900634765625,133.58999633789062,208.45799255371094,133.45399475097656
59.7,1.029877037065279e-07,0.0,0.0,8.040136550215518,93.7655255687421,85.31636840430447,200.41900634765625,133.58999633789062,208.45799255371094,133.45399475097656
59.75,1.029870078857805e-07,0.0,0.0,8.040136550215518,93.7655255687421,85.31636840430447,200.41900634765625,133.58999633789062,208.45799255371094,133.45399475097656
59.800000000000004,3.4329026512766937e-08,0.0,0.0,8.040136550215518,93.7655255687421,85.31636840430447,200.41900634765625,133.58999633789062,208.45799255371094,133.45399475097656
59.85,3.433020702371112e-08,0.0,0.0,8.040136550215518,93.7655255687421,85.31636840430447,200.41900634765625,133.58999633789062,208.45799255371094,133.45399475097656
59.900000000000006,3.4345524563226514e-08,0.0,0.0,8.040136550215518,93.7655255687421,85.31636840430447,200.41900634765625,133.58999633789062,208.45799255371094,133.45399475097656
59.95,3.435215840295118e-08,0.0,0.0,8.040136550215518,93.7655255687421,85.31636840430447,200.41900634765625,133.58999633789062,208.45799255371094,133.45399475097656
60.0,6.86716685135977e-08,0.0,0.0,8.040136550215518,93.7655255687421,85.31636840430447,200.41900634765625,133.58999633789062,208.45799255371094,133.45399475097656
60.050000000000004,1.0299022372872006e-07,0.0,0.0,8.040136550215518,93.7655255687421,85.31636840430447,200.41900634765625,133.58999633789062,208.45799255371094,133.45399475097656
60.1,1.0298879576727189e-07,0.0,0.0,8.040136550215518,93.7655255687421,85.31636840430447,200.41900634765625,133.58999633789062,208.45799255371094,133.45399475097656
60.150000000000006,1.0298770915149815e-07,0.0,0.0,8.040136550215518,93.7655255687421,85.31636840430447,200.41900634765625,133.58999633789062,208.45799255371094,133.45399475097656
60.2,0.0,0.0,0.0,8.040136550215518,93.7655255687421,85.31636840430447,200.41900634765625,133.58999633789062,208.45799255371094,133.45399475097656
60.25,3.4335727477165886e-08,0.0,0.0,8.040136550215518,93.7655255687421,85.31636840430447,200.41900634765625,133.58999633789062,208.45799255371094,133.45399475097656
60.300000000000004,3.435678219022588e-08,0.0,0.0,8.040136550215518,93.7655255687421,85.31636840430447,200.41900634765625,133.58999633789062,208.45799255371094,133.45399475097656
60.35,3.436843276699023e-08,0.0,0.0,8.040136550215518,93.7655255687421,85.31636840430447,200.41900634765625,133.58999633789062,208.45799255371094,133.45399475097656
60.400000000000006,6.86592181312431e-08,0.0,0.0,8.040136550215518,93.7655255687421,85.31636840430447,200.41900634765625,133.58999633789062,208.45799255371094,133.45399475097656
60.45,1.0299196674005524e-07,0.0,0.0,8.040136550215518,93.7655255687421,85.31636840430447,200.41900634765625,133.58999633789062,208.45799255371094,133.45399475097656
60.5,1.029901690352197e-07,0.0,0.0,8.040136550215518,93.7655255687421,85.31636840430447,200.41900634765625,133.58999633789062,208.45799255371094,133.45399475097656
60.550000000000004,1.0298667929065265e-07,0.0,0.0,8.040136550215518,93.7655255687421,85.31636840430447,200.41900634765625,133.58999633789062,208.45799255371094,133.45399475097656
60.6,1.0298669465200137e-07,0.0,0.0,8.040136550215518,93.7655255687421,85.31636840430447,200.41900634765625,133.58999633789062,208.45799255371094,133.45399475097656
60.650000000000006,3.4330171482899725e-08,0.0,0.0,8.040136550215518,93.7655255687421,85.31636840430447,200.41900634765625,133.58999633789062,208.45799255371094,133.45399475097656
60.7,3.434521108566738e-08,0.0,0.0,8.040136550215518,93.7655255687421,85.31636840430447,200.41900634765625,133.58999633789062,208.45799255371094,133.45399475097656
60.75,3.435208183187688e-08,0.0,0.0,8.040136550215518,93.7655255687421,85.31636840430447,200.41900634765625,133.58999633789062,208.45799255371094,133.45399475097656
60.800000000000004,3.435981047939025e-08,0.0,0.0,8.040136550215518,93.7655255687421,85.31636840430447,200.41900634765625,133.58999633789062,208.45799255371094,133.45399475097656
60.85,6.865789629958271e-08,0.0,0.0,8.040136550215518,93.7655255687421,85.31636840430447,200.41900634765625,133.58999633789062,208.45799255371094,133.45399475097656
60.900000000000006,1.0299408204437775e-07,0.0,0.0,8.040136550215518,93.7655255687421,85.31636840430447,200.41900634765625,133.58999633789062,208.45799255371094,133.45399475097656
60.95,1.0298677572942078e-07,0.0,0.0,8.040136550215518,93.7655255687421,85.31636840430447,200.41900634765625,133.58999633789062,208.45799255371094,133.45399475097656
61.0,1.0298711445007135e-07,0.0,0.0,8.040136550215518,93.7655255687421,85.31636840430447,200.41900634765625,133.58999633789062,208.45799255371094,133.45399475097656
61.050000000000004,5.804443727609387e-11,0.0,0.0,8.040136550215518,93.7655255687421,85.31636840430447,200.41900634765625,133.58999633789062,208.45799255371094,133.45399475097656
61.1,3.432903791344158e-08,0.0,0.0,8.040136550215518,93.7655255687421,85.31636840430447,200.41900634765625,133.58999633789062,208.45799255371094,133.45399475097656
61.150000000000006,3.433027708035715e-08,0.0,0.0,8.040136550215518,93.7655255687421,85.31636840430447,200.41900634765625,133.58999633789062,208.45799255371094,133.45399475097656
61.2,3.4332665374842734e-08,0.0,0.0,8.040136550215518,93.7655255687421,85.31636840430447,200.41900634765625,133.58999633789062,208.45799255371094,133.45399475097656
61.25,3.437754372626443e-08,0.0,0.0,8.040136550215518,93.7655255687421,85.31636840430447,200.41900634765625,133.58999633789062,208.45799255371094,133.45399475097656
61.300000000000004,6.865976529371728e-08,0.0,0.0,8.040136550215518,93.7655255687421,85.31636840430447,200.41900634765625,133.58999633789062,208.45799255371094,133.45399475097656
61.35,1.0299022251839964e-07,0.0,0.0,8.040136550215518,93.7655255687421,85.31636840430447,200.41900634765625,133.58999633789062,208.45799255371094,133.45399475097656
61.400000000000006,1.0298877079044337e-07,0.0,0.0,8.040136550215518,93.7655255687421,85.31636840430447,200.41900634765625,133.58999633789062,208.45799255371094,133.45399475097656
61.45,1.0298769994715848e-07,0.0,0.0,8.040136550215518,93.7655255687421,85.31636840430447,200.41900634765625,133.58999633789062,208.45799255371094,133.45399475097656
61.5,3.433240568776377e-08,0.0,0.0,8.040136550215518,93.7655255687421,85.31636840430447,200.41900634765625,133.58999633789062,208.45799255371094,133.45399475097656
61.550000000000004,3.433580095448495e-08,0.0,0.0,8.040136550215518,93.7655255687421,85.31636840430447,200.41900634765625,133.58999633789062,208.45799255371094,133.45399475097656
61.6,3.436075816049333e-08,0.0,0.0,8.040136550215518,93.7655255687421,85.31636840430447,200.41900634765625,133.58999633789062,208.45799255371094,133.45399475097656
61.650000000000006,6.868284076220398e-08,0.0,0.0,8.040136550215518,93.7655255687421,85.31636840430447,200.41900634765625,133.58999633789062,208.45799255371094,133.45399475097656
61.7,1.0298717390001156e-07,0.0,0.0,8.040136550215518,93.7655255687421,85.31636840430447,200.41900634765625,133.58999633789062,208.45799255371094,133.45399475097656
61.75,1.0298676441758981e-07,0.0,0.0,8.040136550215518,93.7655255687421,85.31636840430447,200.41900634765625,133.58999633789062,208.45799255371094,133.45399475097656
61.800000000000004,1.0298673286341822e-07,0.0,0.0,8.040136550215518,93.7655255687421,85.31636840430447,200.41900634765625,133.58999633789062,208.45799255371094,133.45399475097656
61.85,1.0298708439830435e-07,0.0,0.0,8.040136550215518,93.7655255687421,85.31636840430447,200.41900634765625,133.58999633789062,208.45799255371094,133.45399475097656
61.900000000000006,3.4329026512766937e-08,0.0,0.0,8.040136550215518,93.7655255687421,85.31636840430447,200.41900634765625,133.58999633789062,208.45799255371094,133.45399475097656
61.95,3.433020702371112e-08,0.0,0.0,8.040136550215518,93.7655255687421,85.31636840430447,200.41900634765625,133.58999633789062,208.45799255371094,133.45399475097656
62.0,3.433254804353552e-08,0.0,0.0,8.040136550215518,93.7655255687421,85.31636840430447,200.41900634765625,133.58999633789062,208.45799255371094,133.45399475097656
62.050000000000004,3.4336038006132594e-08,0.0,0.0,8.040136550215518,93.7655255687421,85.31636840430447,200.41900634765625,133.58999633789062,208.45799255371094,133.45399475097656
62.1,3.43406764401188e-08,0.0,0.0,8.040136550215518,93.7655255687421,85.31636840430447,200.41900634765625,133.58999633789062,208.45799255371094,133.45399475097656
62.150000000000006,6.868618373016351e-08,0.0,0.0,8.040136550215518,93.7655255687421,85.31636840430447,200.41900634765625,133.58999633789062,208.45799255371094,133.45399475097656
62.2,1.0301669342684337e-07,0.0,0.0,8.040136550215518,93.7655255687421,85.31636840430447,200.41900634765625,133.58999633789062,208.45799255371094,133.45399475097656
62.25,1.0298721331671966e-07,0.0,0.0,8.040136550215518,93.7655255687421,85.31636840430447,200.41900634765625,133.58999633789062,208.45799255371094,133.45399475097656
62.300000000000004,0.0,0.0,0.0,8.040136550215518,93.7655255687421,85.31636840430447,200.41900634765625,133.58999633789062,208.45799255371094,133.45399475097656
62.35,3.4335727477165886e-08,0.0,0.0,8.040136550215518,93.7655255687421,85.31636840430447,200.41900634765625,133.58999633789062,208.45799255371094,133.45399475097656
62.400000000000006,3.4340225182072926e-08,0.0,0.0,8.040136550215518,93.7655255687421,85.31636840430447,200.41900634765625,133.58999633789062,208.45799255371094,133.45399475097656
62.45,3.4345870469001415e-08,0.0,0.0,8.040136550215518,93.7655255687421,85.31636840430447,200.41900634765625,133.58999633789062,208.45799255371094,133.45399475097656
62.5,3.435266321567246e-08,0.0,0.0,8.040136550215518,93.7655255687421,85.31636840430447,200.41900634765625,133.58999633789062,208.45799255371094,133.45399475097656
62.550000000000004,6.865858997530657e-08,0.0,0.0,8.040136550215518,93.7655255687421,85.31636840430447,200.41900634765625,133.58999633789062,208.45799255371094,133.45399475097656
62.6,1.029920582098052e-07,0.0,0.0,8.040136550215518,93.7655255687421,85.31636840430447,200.41900634765625,133.58999633789062,208.45799255371094,133.45399475097656
62.650000000000006,1.029902240987958e-07,0.0,0.0,8.040136550215518,93.7655255687421,85.31636840430447,200.41900634765625,133.58999633789062,208.45799255371094,133.45399475097656
62.7,1.0298877030612088e-07,0.0,0.0,8.040136550215518,93.7655255687421,85.31636840430447,200.41900634765625,133.58999633789062,208.45799255371094,133.45399475097656
62.75,3.4330171482899725e-08,0.0,0.0,8.040136550215518,93.7655255687421,85.31636840430447,200.41900634765625,133.58999633789062,208.45799255371094,133.45399475097656
62.800000000000004,3.433246146393073e-08,0.0,0.0,8.040136550215518,93.7655255687421,85.31636840430447,200.41900634765625,133.58999633789062,208.45799255371094,133.45399475097656
62.85,3.433590422439834e-08,0.0,0.0,8.040136550215518,93.7655255687421,85.31636840430447,200.41900634765625,133.58999633789062,208.45799255371094,133.45399475097656
62.900000000000006,3.4388271458706094e-08,0.0,0.0,8.040136550215518,93.7655255687421,85.31636840430447,200.41900634765625,133.58999633789062,208.45799255371094,133.45399475097656
62.95,3.4400897044690294e-08,0.0,0.0,8.040136550215518,93.7655255687421,85.31636840430447,200.41900634765625,133.58999633789062,208.45799255371094,133.45399475097656
63.0,3.433352793594651e-08,0.0,0.0,8.040136550215518,93.7655255687421,85.31636840430447,200.41900634765625,133.58999633789062,208.45799255371094,133.45399475097656
63.050000000000004,3.4332118692061146e-08,0.0,0.0,8.040136550215518,93.7655255687421,85.31636840430447,200.41900634765625,133.58999633789062,208.45799255371094,133.45399475097656
63.1,3.432996102074455e-08,0.0,0.0,8.040136550215518,93.7655255687421,85.31636840430447,200.41900634765625,133.58999633789062,208.45799255371094,133.45399475097656
63.150000000000006,5.804443727609387e-11,0.0,0.0,8.040136550215518,93.7655255687421,85.31636840430447,200.41900634765625,133.58999633789062,208.45799255371094,133.45399475097656
63.2,3.432903791344158e-08,0.0,0.0,8.040136550215518,93.7655255687421,85.31636840430447,200.41900634765625,133.58999633789062,208.45799255371094,133.45399475097656
63.25,3.433027708035715e-08,0.0,0.0,8.040136550215518,93.7655255687421,85.31636840430447,200.41900634765625,133.58999633789062,208.45799255371094,133.45399475097656
63.300000000000004,3.4332665374842734e-08,0.0,0.0,8.040136550215518,93.7655255687421,85.31636840430447,200.41900634765625,133.58999633789062,208.45799255371094,133.45399475097656
63.35,6.867770058893473e-08,0.0,0.0,8.040136550215518,93.7655255687421,85.31636840430447,200.41900634765625,133.58999633789062,208.45799255371094,133.45399475097656
63.400000000000006,1.0298719002214512e-07,0.0,0.0,8.040136550215518,93.7655255687421,85.31636840430447,200.41900634765625,133.58999633789062,208.45799255371094,133.45399475097656
63.45,1.0298786880273767e-07,0.0,0.0,8.040136550215518,93.7655255687421,85.31636840430447,200.41900634765625,133.58999633789062,208.45799255371094,133.45399475097656
63.5,1.0298893144726074e-07,0.0,0.0,8.040136550215518,93.7655255687421,85.31636840430447,200.41900634765625,133.58999633789062,208.45799255371094,133.45399475097656
63.550000000000004,1.0299037713562648e-07,0.0,0.0,8.040136550215518,93.7655255687421,85.31636840430447,200.41900634765625,133.58999633789062,208.45799255371094,133.45399475097656
63.6,3.433240568776377e-08,0.0,0.0,8.040136550215518,93.7655255687421,85.31636840430447,200.41900634765625,133.58999633789062,208.45799255371094,133.45399475097656
63.650000000000006,3.433580095448495e-08,0.0,0.0,8.040136550215518,93.7655255687421,85.31636840430447,200.41900634765625,133.58999633789062,208.45799255371094,133.45399475097656
63.7,6.866251207963948e-08,0.0,0.0,8.040136550215518,93.7655255687421,85.31636840430447,200.41900634765625,133.58999633789062,208.45799255371094,133.45399475097656
63.75,1.0299404477230312e-07,0.0,0.0,8.040136550215518,93.7655255687421,85.31636840430447,200.41900634765625,133.58999633789062,208.45799255371094,133.45399475097656
63.800000000000004,1.0299194134446266e-07,0.0,0.0,8.040136550215518,93.7655255687421,85.31636840430447,200.41900634765625,133.58999633789062,208.45799255371094,133.45399475097656
63.85,1.0299019791375533e-07,0.0,0.0,8.040136550215518,93.7655255687421,85.31636840430447,200.41900634765625,133.58999633789062,208.45799255371094,133.45399475097656
63.900000000000006,1.0298665441991293e-07,0.0,0.0,8.040136550215518,93.7655255687421,85.31636840430447,200.41900634765625,133.58999633789062,208.45799255371094,133.45399475097656
63.95,1.0299980083081232e-07,0.0,0.0,8.040136550215518,93.7655255687421,85.31636840430447,200.41900634765625,133.58999633789062,208.45799255371094,133.45399475097656
64.0,3.4329026512766937e-08,0.0,0.0,8.040136550215518,93.7655255687421,85.31636840430447,200.41900634765625,133.58999633789062,208.45799255371094,133.45399475097656
64.05,3.433020702371112e-08,0.0,0.0,8.040136550215518,93.7655255687421,85.31636840430447,200.41900634765625,133.58999633789062,208.45799255371094,133.45399475097656
64.10000000000001,3.434433395186284e-08,0.0,0.0,8.040136550215518,93.7655255687421,85.31636840430447,200.41900634765625,133.58999633789062,208.45799255371094,133.45399475097656
64.15,3.4339435918533874e-08,0.0,0.0,8.040136550215518,93.7655255687421,85.31636840430447,200.41900634765625,133.58999633789062,208.45799255371094,133.45399475097656
64.2,3.434536614226348e-08,0.0,0.0,8.040136550215518,93.7655255687421,85.31636840430447,200.41900634765625,133.58999633789062,208.45799255371094,133.45399475097656
64.25,3.4352094348913576e-08,0.0,0.0,8.040136550215518,93.7655255687421,85.31636840430447,200.41900634765625,133.58999633789062,208.45799255371094,133.45399475097656
64.3,3.4359637343455374e-08,0.0,0.0,8.040136550215518,93.7655255687421,85.31636840430447,200.41900634765625,133.58999633789062,208.45799255371094,133.45399475097656
64.35000000000001,3.436832650458211e-08,0.0,0.0,8.040136550215518,93.7655255687421,85.31636840430447,200.41900634765625,133.58999633789062,208.45799255371094,133.45399475097656
64.4,0.0,0.0,0.0,8.040136550215518,93.7655255687421,85.31636840430447,200.41900634765625,133.58999633789062,208.45799255371094,133.45399475097656
64.45,3.4339481563404427e-08,0.0,0.0,8.040136550215518,93.7655255687421,85.31636840430447,200.41900634765625,133.58999633789062,208.45799255371094,133.45399475097656
64.5,3.43352112731638e-08,0.0,0.0,8.040136550215518,93.7655255687421,85.31636840430447,200.41900634765625,133.58999633789062,208.45799255371094,133.45399475097656
64.55,3.433204331669376e-08,0.0,0.0,8.040136550215518,93.7655255687421,85.31636840430447,200.41900634765625,133.58999633789062,208.45799255371094,133.45399475097656
64.60000000000001,3.433002428922905e-08,0.0,0.0,8.040136550215518,93.7655255687421,85.31636840430447,200.41900634765625,133.58999633789062,208.45799255371094,133.45399475097656
64.65,3.4329154427065143e-08,0.0,0.0,8.040136550215518,93.7655255687421,85.31636840430447,200.41900634765625,133.58999633789062,208.45799255371094,133.45399475097656
64.7,3.432943381195154e-08,0.0,0.0,8.040136550215518,93.7655255687421,85.31636840430447,200.41900634765625,133.58999633789062,208.45799255371094,133.45399475097656
64.75,3.432910519362859e-08,0.0,0.0,8.040136550215518,93.7655255687421,85.31636840430447,200.41900634765625,133.58999633789062,208.45799255371094,133.45399475097656
64.8,3.4330503804587665e-08,0.0,0.0,8.040136550215518,93.7655255687421,85.31636840430447,200.41900634765625,133.58999633789062,208.45799255371094,133.45399475097656
64.85000000000001,3.4330171482899725e-08,0.0,0.0,8.040136550215518,93.7655255687421,85.31636840430447,200.41900634765625,133.58999633789062,208.45799255371094,133.45399475097656
64.9,3.433246146393073e-08,0.0,0.0,8.040136550215518,93.7655255687421,85.31636840430447,200.41900634765625,133.58999633789062,208.45799255371094,133.45399475097656
64.95,6.866051380411591e-08,0.0,0.0,8.040136550215518,93.7655255687421,85.31636840430447,200.41900634765625,133.58999633789062,208.45799255371094,133.45399475097656
65.0,1.0298875875861612e-07,0.0,0.0,8.040136550215518,93.7655255687421,85.31636840430447,200.41900634765625,133.58999633789062,208.45799255371094,133.45399475097656
65.05,1.0298891366093294e-07,0.0,0.0,8.040136550215518,93.7655255687421,85.31636840430447,200.41900634765625,133.58999633789062,208.45799255371094,133.45399475097656
65.10000000000001,1.0299037624942121e-07,0.0,0.0,8.040136550215518,93.7655255687421,85.31636840430447,200.41900634765625,133.58999633789062,208.45799255371094,133.45399475097656
65.15,1.0298730313390615e-07,0.0,0.0,8.040136550215518,93.7655255687421,85.31636840430447,200.41900634765625,133.58999633789062,208.45799255371094,133.45399475097656
65.2,1.0298700917739162e-07,0.0,0.0,8.040136550215518,93.7655255687421,85.31636840430447,200.41900634765625,133.58999633789062,208.45799255371094,133.45399475097656
65.25,5.804443727609387e-11,0.0,0.0,8.040136550215518,93.7655255687421,85.31636840430447,200.41900634765625,133.58999633789062,208.45799255371094,133.45399475097656
65.3,3.432903791344158e-08,0.0,0.0,8.040136550215518,93.7655255687421,85.31636840430447,200.41900634765625,133.58999633789062,208.45799255371094,133.45399475097656
65.35000000000001,3.433027708035715e-08,0.0,0.0,8.040136550215518,93.7655255687421,85.31636840430447,200.41900634765625,133.58999633789062,208.45799255371094,133.45399475097656
65.4,6.866349359282352e-08,0.0,0.0,8.040136550215518,93.7655255687421,85.31636840430447,200.41900634765625,133.58999633789062,208.45799255371094,133.45399475097656
65.45,1.0298710112900009e-07,0.0,0.0,8.040136550215518,93.7655255687421,85.31636840430447,200.41900634765625,133.58999633789062,208.45799255371094,133.45399475097656
65.5,1.0298781950505357e-07,0.0,0.0,8.040136550215518,93.7655255687421,85.31636840430447,200.41900634765625,133.58999633789062,208.45799255371094,133.45399475097656
65.55,1.0298892107325929e-07,0.0,0.0,8.040136550215518,93.7655255687421,85.31636840430447,200.41900634765625,133.58999633789062,208.45799255371094,133.45399475097656
65.60000000000001,1.3731786049203814e-07,0.0,0.0,8.040136550215518,93.7655255687421,85.31636840430447,200.41900634765625,133.58999633789062,208.45799255371094,133.45399475097656
65.65,1.716446737583889e-07,0.0,0.0,8.040136550215518,93.7655255687421,85.31636840430447,200.41900634765625,133.58999633789062,208.45799255371094,133.45399475097656
65.7,3.433240568776377e-08,0.0,0.0,8.040136550215518,93.7655255687421,85.31636840430447,200.41900634765625,133.58999633789062,208.45799255371094,133.45399475097656
65.75,6.865779201372342e-08,0.0,0.0,8.040136550215518,93.7655255687421,85.31636840430447,200.41900634765625,133.58999633789062,208.45799255371094,133.45399475097656
65.8,1.0299657361782622e-07,0.0,0.0,8.040136550215518,93.7655255687421,85.31636840430447,200.41900634765625,133.58999633789062,208.45799255371094,133.45399475097656
65.85000000000001,1.0299406780235766e-07,0.0,0.0,8.040136550215518,93.7655255687421,85.31636840430447,200.41900634765625,133.58999633789062,208.45799255371094,133.45399475097656
65.9,1.029889552384862e-07,0.0,0.0,8.040136550215518,93.7655255687421,85.31636840430447,200.41900634765625,133.58999633789062,208.45799255371094,133.45399475097656
65.95,1.0299042456240269e-07,0.0,0.0,8.040136550215518,93.7655255687421,85.31636840430447,200.41900634765625,133.58999633789062,208.45799255371094,133.45399475097656
66.0,1.0299220614137842e-07,0.0,0.0,8.040136550215518,93.7655255687421,85.31636840430447,200.41900634765625,133.58999633789062,208.45799255371094,133.45399475097656
66.05,1.0299437079136426e-07,0.0,0.0,8.040136550215518,93.7655255687421,85.31636840430447,200.41900634765625,133.58999633789062,208.45799255371094,133.45399475097656
66.10000000000001,3.4329026512766937e-08,0.0,0.0,8.040136550215518,93.7655255687421,85.31636840430447,200.41900634765625,133.58999633789062,208.45799255371094,133.45399475097656
66.15,3.433020702371112e-08,0.0,0.0,8.040136550215518,93.7655255687421,85.31636840430447,200.41900634765625,133.58999633789062,208.45799255371094,133.45399475097656
66.2,3.433254804353552e-08,0.0,0.0,8.040136550215518,93.7655255687421,85.31636840430447,200.41900634765625,133.58999633789062,208.45799255371094,133.45399475097656
66.25,3.4336038006132594e-08,0.0,0.0,8.040136550215518,93.7655255687421,85.31636840430447,200.41900634765625,133.58999633789062,208.45799255371094,133.45399475097656
66.3,6.865794820975477e-08,0.0,0.0,8.040136550215518,93.7655255687421,85.31636840430447,200.41900634765625,133.58999633789062,208.45799255371094,133.45399475097656
66.35000000000001,1.0300613347639995e-07,0.0,0.0,8.040136550215518,93.7655255687421,85.31636840430447,200.41900634765625,133.58999633789062,208.45799255371094,133.45399475097656
66.4,1.0298688291675378e-07,0.0,0.0,8.040136550215518,93.7655255687421,85.31636840430447,200.41900634765625,133.58999633789062,208.45799255371094,133.45399475097656
66.45,1.0298674818493336e-07,0.0,0.0,8.040136550215518,93.7655255687421,85.31636840430447,200.41900634765625,133.58999633789062,208.45799255371094,133.45399475097656
66.5,0.0,0.0,0.0,8.040136550215518,93.7655255687421,85.31636840430447,200.41900634765625,133.58999633789062,208.45799255371094,133.45399475097656
66.55,3.4335727477165886e-08,0.0,0.0,8.040136550215518,93.7655255687421,85.31636840430447,200.41900634765625,133.58999633789062,208.45799255371094,133.45399475097656
66.60000000000001,3.4340225182072926e-08,0.0,0.0,8.040136550215518,93.7655255687421,85.31636840430447,200.41900634765625,133.58999633789062,208.45799255371094,133.45399475097656
66.65,3.4345870469001415e-08,0.0,0.0,8.040136550215518,93.7655255687421,85.31636840430447,200.41900634765625,133.58999633789062,208.45799255371094,133.45399475097656
66.7,6.865821150518324e-08,0.0,0.0,8.040136550215518,93.7655255687421,85.31636840430447,200.41900634765625,133.58999633789062,208.45799255371094,133.45399475097656
66.75,1.0298780266026032e-07,0.0,0.0,8.040136550215518,93.7655255687421,85.31636840430447,200.41900634765625,133.58999633789062,208.45799255371094,133.45399475097656
66.8,1.0298704670188414e-07,0.0,0.0,8.040136550215518,93.7655255687421,85.31636840430447,200.41900634765625,133.58999633789062,208.45799255371094,133.45399475097656
66.85000000000001,1.0298667914191424e-07,0.0,0.0,8.040136550215518,93.7655255687421,85.31636840430447,200.41900634765625,133.58999633789062,208.45799255371094,133.45399475097656
66.9,1.0298669467226199e-07,0.0,0.0,8.040136550215518,93.7655255687421,85.31636840430447,200.41900634765625,133.58999633789062,208.45799255371094,133.45399475097656
66.95,3.4330171482899725e-08,0.0,0.0,8.040136550215518,93.7655255687421,85.31636840430447,200.41900634765625,133.58999633789062,208.45799255371094,133.45399475097656
67.0,3.433246146393073e-08,0.0,0.0,8.040136550215518,93.7655255687421,85.31636840430447,200.41900634765625,133.58999633789062,208.45799255371094,133.45399475097656
67.05,3.433590422439834e-08,0.0,0.0,8.040136550215518,93.7655255687421,85.31636840430447,200.41900634765625,133.58999633789062,208.45799255371094,133.45399475097656
67.10000000000001,3.4388271458706094e-08,0.0,0.0,8.040136550215518,93.7655255687421,85.31636840430447,200.41900634765625,133.58999633789062,208.45799255371094,133.45399475097656
67.15,6.86579233213119e-08,0.0,0.0,8.040136550215518,93.7655255687421,85.31636840430447,200.41900634765625,133.58999633789062,208.45799255371094,133.45399475097656
67.2,1.0298883059239822e-07,0.0,0.0,8.040136550215518,93.7655255687421,85.31636840430447,200.41900634765625,133.58999633789062,208.45799255371094,133.45399475097656
67.25,1.0298772843971343e-07,0.0,0.0,8.040136550215518,93.7655255687421,85.31636840430447,200.41900634765625,133.58999633789062,208.45799255371094,133.45399475097656
67.3,1.0298700919011277e-07,0.0,0.0,8.040136550215518,93.7655255687421,85.31636840430447,200.41900634765625,133.58999633789062,208.45799255371094,133.45399475097656
67.35000000000001,5.804443727609387e-11,0.0,0.0,8.040136550215518,93.7655255687421,85.31636840430447,200.41900634765625,133.58999633789062,208.45799255371094,133.45399475097656
67.4,3.432903791344158e-08,0.0,0.0,8.040136550215518,93.7655255687421,85.31636840430447,200.41900634765625,133.58999633789062,208.45799255371094,133.45399475097656
67.45,3.433027708035715e-08,0.0,0.0,8.040136550215518,93.7655255687421,85.31636840430447,200.41900634765625,133.58999633789062,208.45799255371094,133.45399475097656
67.5,3.4332665374842734e-08,0.0,0.0,8.040136550215518,93.7655255687421,85.31636840430447,200.41900634765625,133.58999633789062,208.45799255371094,133.45399475097656
67.55,3.437803043892343e-08,0.0,0.0,8.040136550215518,93.7655255687421,85.31636840430447,200.41900634765625,133.58999633789062,208.45799255371094,133.45399475097656
67.60000000000001,6.866966020386344e-08,0.0,0.0,8.040136550215518,93.7655255687421,85.31636840430447,200.41900634765625,133.58999633789062,208.45799255371094,133.45399475097656
67.65,1.0299020893769059e-07,0.0,0.0,8.040136550215518,93.7655255687421,85.31636840430447,200.41900634765625,133.58999633789062,208.45799255371094,133.45399475097656
67.7,1.029887709055007e-07,0.0,0.0,8.040136550215518,93.7655255687421,85.31636840430447,200.41900634765625,133.58999633789062,208.45799255371094,133.45399475097656
67.75,1.0298770002878915e-07,0.0,0.0,8.040136550215518,93.7655255687421,85.31636840430447,200.41900634765625,133.58999633789062,208.45799255371094,133.45399475097656
67.8,3.433240568776377e-08,0.0,0.0,8.040136550215518,93.7655255687421,85.31636840430447,200.41900634765625,133.58999633789062,208.45799255371094,133.45399475097656
67.85000000000001,3.433580095448495e-08,0.0,0.0,8.040136550215518,93.7655255687421,85.31636840430447,200.41900634765625,133.58999633789062,208.45799255371094,133.45399475097656
67.9,3.434034513524547e-08,0.0,0.0,8.040136550215518,93.7655255687421,85.31636840430447,200.41900634765625,133.58999633789062,208.45799255371094,133.45399475097656
67.95,3.4329125763469745e-08,0.0,0.0,8.040136550215518,93.7655255687421,85.31636840430447,200.41900634765625,133.58999633789062,208.45799255371094,133.45399475097656
68.0,3.432913143050263e-08,0.0,0.0,8.040136550215518,93.7655255687421,85.31636840430447,200.41900634765625,133.58999633789062,208.45799255371094,133.45399475097656
68.05,3.433018515312633e-08,0.0,0.0,8.040136550215518,93.7655255687421,85.31636840430447,200.41900634765625,133.58999633789062,208.45799255371094,133.45399475097656
68.10000000000001,3.433238800451646e-08,0.0,0.0,8.040136550215518,93.7655255687421,85.31636840430447,200.41900634765625,133.58999633789062,208.45799255371094,133.45399475097656
68.15,3.433573983385446e-08,0.0,0.0,8.040136550215518,93.7655255687421,85.31636840430447,200.41900634765625,133.58999633789062,208.45799255371094,133.45399475097656
68.2,3.4329026512766937e-08,0.0,0.0,8.040136550215518,93.7655255687421,85.31636840430447,200.41900634765625,133.58999633789062,208.45799255371094,133.45399475097656
68.25,3.433020702371112e-08,0.0,0.0,8.040136550215518,93.7655255687421,85.31636840430447,200.41900634765625,133.58999633789062,208.45799255371094,133.45399475097656
68.3,6.865824879383218e-08,0.0,0.0,8.040136550215518,93.7655255687421,85.31636840430447,200.41900634765625,133.58999633789062,208.45799255371094,133.45399475097656
68.35000000000001,1.0299016780685278e-07,0.0,0.0,8.040136550215518,93.7655255687421,85.31636840430447,200.41900634765625,133.58999633789062,208.45799255371094,133.45399475097656
68.4,1.0298778120056849e-07,0.0,0.0,8.040136550215518,93.7655255687421,85.31636840430447,200.41900634765625,133.58999633789062,208.45799255371094,133.45399475097656
68.45,1.029889170651814e-07,0.0,0.0,8.040136550215518,93.7655255687421,85.31636840430447,200.41900634765625,133.58999633789062,208.45799255371094,133.45399475097656
68.5,1.0299038598523461e-07,0.0,0.0,8.040136550215518,93.7655255687421,85.31636840430447,200.41900634765625,133.58999633789062,208.45799255371094,133.45399475097656
68.55,1.3731623999758755e-07,0.0,0.0,8.040136550215518,93.7655255687421,85.31636840430447,200.41900634765625,133.58999633789062,208.45799255371094,133.45399475097656
68.60000000000001,0.0,0.0,0.0,8.040136550215518,93.7655255687421,85.31636840430447,200.41900634765625,133.58999633789062,208.45799255371094,133.45399475097656
68.65,3.4335727477165886e-08,0.0,0.0,8.040136550215518,93.7655255687421,85.31636840430447,200.41900634765625,133.58999633789062,208.45799255371094,133.45399475097656
68.7,6.866246904009697e-08,0.0,0.0,8.040136550215518,93.7655255687421,85.31636840430447,200.41900634765625,133.58999633789062,208.45799255371094,133.45399475097656
68.75,1.0298731418290624e-07,0.0,0.0,8.040136550215518,93.7655255687421,85.31636840430447,200.41900634765625,133.58999633789062,208.45799255371094,133.45399475097656
68.8,1.0298891805302633e-07,0.0,0.0,8.040136550215518,93.7655255687421,85.31636840430447,200.41900634765625,133.58999633789062,208.45799255371094,133.45399475097656
68.85000000000001,1.0299037918904625e-07,0.0,0.0,8.040136550215518,93.7655255687421,85.31636840430447,200.41900634765625,133.58999633789062,208.45799255371094,133.45399475097656
68.9,1.3731570251728126e-07,0.0,0.0,8.040136550215518,93.7655255687421,85.31636840430447,200.41900634765625,133.58999633789062,208.45799255371094,133.45399475097656
68.95,1.7164425818973976e-07,0.0,0.0,8.040136550215518,93.7655255687421,85.31636840430447,200.41900634765625,133.58999633789062,208.45799255371094,133.45399475097656
69.0,1.7164406121195656e-07,0.0,0.0,8.040136550215518,93.7655255687421,85.31636840430447,200.41900634765625,133.58999633789062,208.45799255371094,133.45399475097656
69.05,3.4330171482899725e-08,0.0,0.0,8.040136550215518,93.7655255687421,85.31636840430447,200.41900634765625,133.58999633789062,208.45799255371094,133.45399475097656
69.10000000000001,3.433246146393073e-08,0.0,0.0,8.040136550215518,93.7655255687421,85.31636840430447,200.41900634765625,133.58999633789062,208.45799255371094,133.45399475097656
69.15,3.4330022825807404e-08,0.0,0.0,8.040136550215518,93.7655255687421,85.31636840430447,200.41900634765625,133.58999633789062,208.45799255371094,133.45399475097656
69.2,3.4328955578285154e-08,0.0,0.0,8.040136550215518,93.7655255687421,85.31636840430447,200.41900634765625,133.58999633789062,208.45799255371094,133.45399475097656
69.25,3.432902378377372e-08,0.0,0.0,8.040136550215518,93.7655255687421,85.31636840430447,200.41900634765625,133.58999633789062,208.45799255371094,133.45399475097656
69.3,3.4331142632801034e-08,0.0,0.0,8.040136550215518,93.7655255687421,85.31636840430447,200.41900634765625,133.58999633789062,208.45799255371094,133.45399475097656
69.35000000000001,3.435964898295261e-08,0.0,0.0,8.040136550215518,93.7655255687421,85.31636840430447,200.41900634765625,133.58999633789062,208.45799255371094,133.45399475097656
69.4,3.433352811898984e-08,0.0,0.0,8.040136550215518,93.7655255687421,85.31636840430447,200.41900634765625,133.58999633789062,208.45799255371094,133.45399475097656
69.45,5.804443727609387e-11,0.0,0.0,8.040136550215518,93.7655255687421,85.31636840430447,200.41900634765625,133.58999633789062,208.45799255371094,133.45399475097656
69.5,3.432903791344158e-08,0.0,0.0,8.040136550215518,93.7655255687421,85.31636840430447,200.41900634765625,133.58999633789062,208.45799255371094,133.45399475097656
69.55,3.433027708035715e-08,0.0,0.0,8.040136550215518,93.7655255687421,85.31636840430447,200.41900634765625,133.58999633789062,208.45799255371094,133.45399475097656
69.60000000000001,3.432923822942936e-08,0.0,0.0,8.040136550215518,93.7655255687421,85.31636840430447,200.41900634765625,133.58999633789062,208.45799255371094,133.45399475097656
69.65,3.4335829410814664e-08,0.0,0.0,8.040136550215518,93.7655255687421,85.31636840430447,200.41900634765625,133.58999633789062,208.45799255371094,133.45399475097656
69.7,3.434009777337265e-08,0.0,0.0,8.040136550215518,93.7655255687421,85.31636840430447,200.41900634765625,133.58999633789062,208.45799255371094,133.45399475097656
69.75,3.434551091887398e-08,0.0,0.0,8.040136550215518,93.7655255687421,85.31636840430447,200.41900634765625,133.58999633789062,208.45799255371094,133.45399475097656
69.8,6.866799950827604e-08,0.0,0.0,8.040136550215518,93.7655255687421,85.31636840430447,200.41900634765625,133.58999633789062,208.45799255371094,133.45399475097656
69.85000000000001,1.0298666969093319e-07,0.0,0.0,8.040136550215518,93.7655255687421,85.31636840430447,200.41900634765625,133.58999633789062,208.45799255371094,133.45399475097656
69.9,6.865902098368078e-08,0.0,0.0,8.040136550215518,93.7655255687421,85.31636840430447,200.41900634765625,133.58999633789062,208.45799255371094,133.45399475097656
69.95,1.0298667347542814e-07,0.0,0.0,8.040136550215518,93.7655255687421,85.31636840430447,200.41900634765625,133.58999633789062,208.45799255371094,133.45399475097656
70.0,1.3731552436464613e-07,0.0,0.0,8.040136550215518,93.7655255687421,85.31636840430447,200.41900634765625,133.58999633789062,208.45799255371094,133.45399475097656
70.05,1.7164468301178529e-07,0.0,0.0,8.040136550215518,93.7655255687421,85.31636840430447,200.41900634765625,133.58999633789062,208.45799255371094,133.45399475097656
70.10000000000001,2.0597322721367075e-07,0.0,0.0,8.040136550215518,93.7655255687421,85.31636840430447,200.41900634765625,133.58999633789062,208.45799255371094,133.45399475097656
70.15,2.403019385821019e-07,0.0,0.0,8.040136550215518,93.7655255687421,85.31636840430447,200.41900634765625,133.58999633789062,208.45799255371094,133.45399475097656
70.2,2.403034107527908e-07,0.0,0.0,8.040136550215518,93.7655255687421,85.31636840430447,200.41900634765625,133.58999633789062,208.45799255371094,133.45399475097656
70.25,2.746308670169153e-07,0.0,0.0,8.040136550215518,93.7655255687421,85.31636840430447,200.41900634765625,133.58999633789062,208.45799255371094,133.45399475097656
70.3,3.4329026512766937e-08,0.0,0.0,8.040136550215518,93.7655255687421,85.31636840430447,200.41900634765625,133.58999633789062,208.45799255371094,133.45399475097656
70.35000000000001,3.433020702371112e-08,0.0,0.0,8.040136550215518,93.7655255687421,85.31636840430447,200.41900634765625,133.58999633789062,208.45799255371094,133.45399475097656
70.4,6.865824879383218e-08,0.0,0.0,8.040136550215518,93.7655255687421,85.31636840430447,200.41900634765625,133.58999633789062,208.45799255371094,133.45399475097656
70.45,1.0299180268001275e-07,0.0,0.0,8.040136550215518,93.7655255687421,85.31636840430447,200.41900634765625,133.58999633789062,208.45799255371094,133.45399475097656
70.5,1.0298680891805684e-07,0.0,0.0,8.040136550215518,93.7655255687421,85.31636840430447,200.41900634765625,133.58999633789062,208.45799255371094,133.45399475097656
70.55,1.0298712891844257e-07,0.0,0.0,8.040136550215518,93.7655255687421,85.31636840430447,200.41900634765625,133.58999633789062,208.45799255371094,133.45399475097656
70.60000000000001,1.0298783196119427e-07,0.0,0.0,8.040136550215518,93.7655255687421,85.31636840430447,200.41900634765625,133.58999633789062,208.45799255371094,133.45399475097656
70.65,1.0298891807188351e-07,0.0,0.0,8.040136550215518,93.7655255687421,85.31636840430447,200.41900634765625,133.58999633789062,208.45799255371094,133.45399475097656
70.7,0.0,0.0,0.0,8.040136550215518,93.7655255687421,85.31636840430447,200.41900634765625,133.58999633789062,208.45799255371094,133.45399475097656
70.75,3.4335727477165886e-08,0.0,0.0,8.040136550215518,93.7655255687421,85.31636840430447,200.41900634765625,133.58999633789062,208.45799255371094,133.45399475097656
70.8,3.4340225182072926e-08,0.0,0.0,8.040136550215518,93.7655255687421,85.31636840430447,200.41900634765625,133.58999633789062,208.45799255371094,133.45399475097656
70.85000000000001,3.4345870469001415e-08,0.0,0.0,8.040136550215518,93.7655255687421,85.31636840430447,200.41900634765625,133.58999633789062,208.45799255371094,133.45399475097656
70.9,6.865821150518324e-08,0.0,0.0,8.040136550215518,93.7655255687421,85.31636840430447,200.41900634765625,133.58999633789062,208.45799255371094,133.45399475097656
70.95,1.0299939735698744e-07,0.0,0.0,8.040136550215518,93.7655255687421,85.31636840430447,200.41900634765625,133.58999633789062,208.45799255371094,133.45399475097656
71.0,1.0299526879995521e-07,0.0,0.0,8.040136550215518,93.7655255687421,85.31636840430447,200.41900634765625,133.58999633789062,208.45799255371094,133.45399475097656
71.05,1.0298710113477078e-07,0.0,0.0,8.040136550215518,93.7655255687421,85.31636840430447,200.41900634765625,133.58999633789062,208.45799255371094,133.45399475097656
71.10000000000001,1.0298782069478425e-07,0.0,0.0,8.040136550215518,93.7655255687421,85.31636840430447,200.41900634765625,133.58999633789062,208.45799255371094,133.45399475097656
71.15,3.4330171482899725e-08,0.0,0.0,8.040136550215518,93.7655255687421,85.31636840430447,200.41900634765625,133.58999633789062,208.45799255371094,133.45399475097656
71.2,3.433246146393073e-08,0.0,0.0,8.040136550215518,93.7655255687421,85.31636840430447,200.41900634765625,133.58999633789062,208.45799255371094,133.45399475097656
71.25,3.433590422439834e-08,0.0,0.0,8.040136550215518,93.7655255687421,85.31636840430447,200.41900634765625,133.58999633789062,208.45799255371094,133.45399475097656
71.3,6.866825422962625e-08,0.0,0.0,8.040136550215518,93.7655255687421,85.31636840430447,200.41900634765625,133.58999633789062,208.45799255371094,133.45399475097656
71.35000000000001,1.0298892349246177e-07,0.0,0.0,8.040136550215518,93.7655255687421,85.31636840430447,200.41900634765625,133.58999633789062,208.45799255371094,133.45399475097656
71.4,1.3731785565353167e-07,0.0,0.0,8.040136550215518,93.7655255687421,85.31636840430447,200.41900634765625,133.58999633789062,208.45799255371094,133.45399475097656
71.45,1.7164430071583369e-07,0.0,0.0,8.040136550215518,93.7655255687421,85.31636840430447,200.41900634765625,133.58999633789062,208.45799255371094,133.45399475097656
71.5,2.05973337815339e-07,0.0,0.0,8.040136550215518,93.7655255687421,85.31636840430447,200.41900634765625,133.58999633789062,208.45799255371094,133.45399475097656
71.55,5.804443727609387e-11,0.0,0.0,8.040136550215518,93.7655255687421,85.31636840430447,200.41900634765625,133.58999633789062,208.45799255371094,133.45399475097656
71.60000000000001,3.432903791344158e-08,0.0,0.0,8.040136550215518,93.7655255687421,85.31636840430447,200.41900634765625,133.58999633789062,208.45799255371094,133.45399475097656
71.65,6.865924616514939e-08,0.0,0.0,8.040136550215518,93.7655255687421,85.31636840430447,200.41900634765625,133.58999633789062,208.45799255371094,133.45399475097656
71.7,1.029910222982817e-07,0.0,0.0,8.040136550215518,93.7655255687421,85.31636840430447,200.41900634765625,133.58999633789062,208.45799255371094,133.45399475097656
71.75,1.0298670203893323e-07,0.0,0.0,8.040136550215518,93.7655255687421,85.31636840430447,200.41900634765625,133.58999633789062,208.45799255371094,133.45399475097656
71.8,1.0298707667918845e-07,0.0,0.0,8.040136550215518,93.7655255687421,85.31636840430447,200.41900634765625,133.58999633789062,208.45799255371094,133.45399475097656
71.85000000000001,1.0298783435961569e-07,0.0,0.0,8.040136550215518,93.7655255687421,85.31636840430447,200.41900634765625,133.58999633789062,208.45799255371094,133.45399475097656
71.9,1.0298961583855946e-07,0.0,0.0,8.040136550215518,93.7655255687421,85.31636840430447,200.41900634765625,133.58999633789062,208.45799255371094,133.45399475097656
71.95,1.37315953397435e-07,0.0,0.0,8.040136550215518,93.7655255687421,85.31636840430447,200.41900634765625,133.58999633789062,208.45799255371094,133.45399475097656
72.0,6.865827667789303e-08,0.0,0.0,8.040136550215518,93.7655255687421,85.31636840430447,200.41900634765625,133.58999633789062,208.45799255371094,133.45399475097656
72.05,1.0299017790493046e-07,0.0,0.0,8.040136550215518,93.7655255687421,85.31636840430447,200.41900634765625,133.58999633789062,208.45799255371094,133.45399475097656
72.10000000000001,1.0298875469768369e-07,0.0,0.0,8.040136550215518,93.7655255687421,85.31636840430447,200.41900634765625,133.58999633789062,208.45799255371094,133.45399475097656
72.15,1.0298892997620913e-07,0.0,0.0,8.040136550215518,93.7655255687421,85.31636840430447,200.41900634765625,133.58999633789062,208.45799255371094,133.45399475097656
72.2,1.0299037684611933e-07,0.0,0.0,8.040136550215518,93.7655255687421,85.31636840430447,200.41900634765625,133.58999633789062,208.45799255371094,133.45399475097656
72.25,1.0299219731540534e-07,0.0,0.0,8.040136550215518,93.7655255687421,85.31636840430447,200.41900634765625,133.58999633789062,208.45799255371094,133.45399475097656
72.3,1.0299440085182399e-07,0.0,0.0,8.040136550215518,93.7655255687421,85.31636840430447,200.41900634765625,133.58999633789062,208.45799255371094,133.45399475097656
72.35000000000001,1.3731731245101254e-07,0.0,0.0,8.040136550215518,93.7655255687421,85.31636840430447,200.41900634765625,133.58999633789062,208.45799255371094,133.45399475097656
72.4,3.4329026512766937e-08,0.0,0.0,8.040136550215518,93.7655255687421,85.31636840430447,200.41900634765625,133.58999633789062,208.45799255371094,133.45399475097656
72.45,3.433020702371112e-08,0.0,0.0,8.040136550215518,93.7655255687421,85.31636840430447,200.41900634765625,133.58999633789062,208.45799255371094,133.45399475097656
72.5,3.434433395186284e-08,0.0,0.0,8.040136550215518,93.7655255687421,85.31636840430447,200.41900634765625,133.58999633789062,208.45799255371094,133.45399475097656
72.55,3.4339435918533874e-08,0.0,0.0,8.040136550215518,93.7655255687421,85.31636840430447,200.41900634765625,133.58999633789062,208.45799255371094,133.45399475097656
72.60000000000001,3.43327983199556e-08,0.0,0.0,8.040136550215518,93.7655255687421,85.31636840430447,200.41900634765625,133.58999633789062,208.45799255371094,133.45399475097656
72.65,3.436843390731389e-08,0.0,0.0,8.040136550215518,93.7655255687421,85.31636840430447,200.41900634765625,133.58999633789062,208.45799255371094,133.45399475097656
72.7,3.437808290400492e-08,0.0,0.0,8.040136550215518,93.7655255687421,85.31636840430447,200.41900634765625,133.58999633789062,208.45799255371094,133.45399475097656
72.75,3.4388874217141784e-08,0.0,0.0,8.040136550215518,93.7655255687421,85.31636840430447,200.41900634765625,133.58999633789062,208.45799255371094,133.45399475097656
72.8,0.0,0.0,0.0,8.040136550215518,93.7655255687421,85.31636840430447,200.41900634765625,133.58999633789062,208.45799255371094,133.45399475097656
72.85000000000001,3.4339481563404427e-08,0.0,0.0,8.040136550215518,93.7655255687421,85.31636840430447,200.41900634765625,133.58999633789062,208.45799255371094,133.45399475097656
72.9,3.43352112731638e-08,0.0,0.0,8.040136550215518,93.7655255687421,85.31636840430447,200.41900634765625,133.58999633789062,208.45799255371094,133.45399475097656
72.95,3.433204331669376e-08,0.0,0.0,8.040136550215518,93.7655255687421,85.31636840430447,200.41900634765625,133.58999633789062,208.45799255371094,133.45399475097656
73.0,3.433002428922905e-08,0.0,0.0,8.040136550215518,93.7655255687421,85.31636840430447,200.41900634765625,133.58999633789062,208.45799255371094,133.45399475097656
73.05,3.4329154427065143e-08,0.0,0.0,8.040136550215518,93.7655255687421,85.31636840430447,200.41900634765625,133.58999633789062,208.45799255371094,133.45399475097656
73.10000000000001,3.432943381195154e-08,0.0,0.0,8.040136550215518,93.7655255687421,85.31636840430447,200.41900634765625,133.58999633789062,208.45799255371094,133.45399475097656
73.15,3.4381322554083e-08,0.0,0.0,8.040136550215518,93.7655255687421,85.31636840430447,200.41900634765625,133.58999633789062,208.45799255371094,133.45399475097656
73.2,3.432935622124376e-08,0.0,0.0,8.040136550215518,93.7655255687421,85.31636840430447,200.41900634765625,133.58999633789062,208.45799255371094,133.45399475097656
73.25,3.4330171482899725e-08,0.0,0.0,8.040136550215518,93.7655255687421,85.31636840430447,200.41900634765625,133.58999633789062,208.45799255371094,133.45399475097656
73.3,3.433246146393073e-08,0.0,0.0,8.040136550215518,93.7655255687421,85.31636840430447,200.41900634765625,133.58999633789062,208.45799255371094,133.45399475097656
73.35000000000001,3.433590422439834e-08,0.0,0.0,8.040136550215518,93.7655255687421,85.31636840430447,200.41900634765625,133.58999633789062,208.45799255371094,133.45399475097656
73.4,3.4332499462253834e-08,0.0,0.0,8.040136550215518,93.7655255687421,85.31636840430447,200.41900634765625,133.58999633789062,208.45799255371094,133.45399475097656
73.45,3.4335702756191583e-08,0.0,0.0,8.040136550215518,93.7655255687421,85.31636840430447,200.41900634765625,133.58999633789062,208.45799255371094,133.45399475097656
73.5,3.4340061454381386e-08,0.0,0.0,8.040136550215518,93.7655255687421,85.31636840430447,200.41900634765625,133.58999633789062,208.45799255371094,133.45399475097656
73.55,3.433084228104042e-08,0.0,0.0,8.040136550215518,93.7655255687421,85.31636840430447,200.41900634765625,133.58999633789062,208.45799255371094,133.45399475097656
73.60000000000001,3.432996052500296e-08,0.0,0.0,8.040136550215518,93.7655255687421,85.31636840430447,200.41900634765625,133.58999633789062,208.45799255371094,133.45399475097656
73.65,5.804443727609387e-11,0.0,0.0,8.040136550215518,93.7655255687421,85.31636840430447,200.41900634765625,133.58999633789062,208.45799255371094,133.45399475097656
73.7,3.432903791344158e-08,0.0,0.0,8.040136550215518,93.7655255687421,85.31636840430447,200.41900634765625,133.58999633789062,208.45799255371094,133.45399475097656
73.75,3.433027708035715e-08,0.0,0.0,8.040136550215518,93.7655255687421,85.31636840430447,200.41900634765625,133.58999633789062,208.45799255371094,133.45399475097656
73.8,6.865825756470923e-08,0.0,0.0,8.040136550215518,93.7655255687421,85.31636840430447,200.41900634765625,133.58999633789062,208.45799255371094,133.45399475097656
73.85000000000001,1.0298784518336387e-07,0.0,0.0,8.040136550215518,93.7655255687421,85.31636840430447,200.41900634765625,133.58999633789062,208.45799255371094,133.45399475097656
73.9,1.0298704695596984e-07,0.0,0.0,8.040136550215518,93.7655255687421,85.31636840430447,200.41900634765625,133.58999633789062,208.45799255371094,133.45399475097656
73.95,1.0298667921859068e-07,0.0,0.0,8.040136550215518,93.7655255687421,85.31636840430447,200.41900634765625,133.58999633789062,208.45799255371094,133.45399475097656
74.0,1.0298669457184504e-07,0.0,0.0,8.040136550215518,93.7655255687421,85.31636840430447,200.41900634765625,133.58999633789062,208.45799255371094,133.45399475097656
74.05,1.0298709301386463e-07,0.0,0.0,8.040136550215518,93.7655255687421,85.31636840430447,200.41900634765625,133.58999633789062,208.45799255371094,133.45399475097656
74.10000000000001,3.433240568776377e-08,0.0,0.0,8.040136550215518,93.7655255687421,85.31636840430447,200.41900634765625,133.58999633789062,208.45799255371094,133.45399475097656
74.15,3.433580095448495e-08,0.0,0.0,8.040136550215518,93.7655255687421,85.31636840430447,200.41900634765625,133.58999633789062,208.45799255371094,133.45399475097656
74.2,3.435684595577553e-08,0.0,0.0,8.040136550215518,93.7655255687421,85.31636840430447,200.41900634765625,133.58999633789062,208.45799255371094,133.45399475097656
74.25,6.866358126066016e-08,0.0,0.0,8.040136550215518,93.7655255687421,85.31636840430447,200.41900634765625,133.58999633789062,208.45799255371094,133.45399475097656
74.3,1.0299408865186126e-07,0.0,0.0,8.040136550215518,93.7655255687421,85.31636840430447,200.41900634765625,133.58999633789062,208.45799255371094,133.45399475097656
74.35000000000001,1.0298775859480827e-07,0.0,0.0,8.040136550215518,93.7655255687421,85.31636840430447,200.41900634765625,133.58999633789062,208.45799255371094,133.45399475097656
74.4,1.0298702289619922e-07,0.0,0.0,8.040136550215518,93.7655255687421,85.31636840430447,200.41900634765625,133.58999633789062,208.45799255371094,133.45399475097656
74.45,1.0298667102002118e-07,0.0,0.0,8.040136550215518,93.7655255687421,85.31636840430447,200.41900634765625,133.58999633789062,208.45799255371094,133.45399475097656
74.5,3.4329026512766937e-08,0.0,0.0,8.040136550215518,93.7655255687421,85.31636840430447,200.41900634765625,133.58999633789062,208.45799255371094,133.45399475097656
74.55,3.433020702371112e-08,0.0,0.0,8.040136550215518,93.7655255687421,85.31636840430447,200.41900634765625,133.58999633789062,208.45799255371094,133.45399475097656
74.60000000000001,3.43452412759577e-08,0.0,0.0,8.040136550215518,93.7655255687421,85.31636840430447,200.41900634765625,133.58999633789062,208.45799255371094,133.45399475097656
74.65,3.43521590620251e-08,0.0,0.0,8.040136550215518,93.7655255687421,85.31636840430447,200.41900634765625,133.58999633789062,208.45799255371094,133.45399475097656
74.7,3.435993479719641e-08,0.0,0.0,8.040136550215518,93.7655255687421,85.31636840430447,200.41900634765625,133.58999633789062,208.45799255371094,133.45399475097656
74.75,3.433723409882567e-08,0.0,0.0,8.040136550215518,93.7655255687421,85.31636840430447,200.41900634765625,133.58999633789062,208.45799255371094,133.45399475097656
74.8,3.4335319589201824e-08,0.0,0.0,8.040136550215518,93.7655255687421,85.31636840430447,200.41900634765625,133.58999633789062,208.45799255371094,133.45399475097656
74.85000000000001,3.43320603898042e-08,0.0,0.0,8.040136550215518,93.7655255687421,85.31636840430447,200.41900634765625,133.58999633789062,208.45799255371094,133.45399475097656
74.9,0.0,0.0,0.0,8.040136550215518,93.7655255687421,85.31636840430447,200.41900634765625,133.58999633789062,208.45799255371094,133.45399475097656
74.95,3.4335727477165886e-08,0.0,0.0,8.040136550215518,93.7655255687421,85.31636840430447,200.41900634765625,133.58999633789062,208.45799255371094,133.45399475097656
75.0,3.4340225182072926e-08,0.0,0.0,8.040136550215518,93.7655255687421,85.31636840430447,200.41900634765625,133.58999633789062,208.45799255371094,133.45399475097656
75.05,3.4400077020954224e-08,0.0,0.0,8.040136550215518,93.7655255687421,85.31636840430447,200.41900634765625,133.58999633789062,208.45799255371094,133.45399475097656
75.10000000000001,3.432927824532959e-08,0.0,0.0,8.040136550215518,93.7655255687421,85.31636840430447,200.41900634765625,133.58999633789062,208.45799255371094,133.45399475097656
75.15,3.43302370337412e-08,0.0,0.0,8.040136550215518,93.7655255687421,85.31636840430447,200.41900634765625,133.58999633789062,208.45799255371094,133.45399475097656
75.2,3.433239275296136e-08,0.0,0.0,8.040136550215518,93.7655255687421,85.31636840430447,200.41900634765625,133.58999633789062,208.45799255371094,133.45399475097656
75.25,3.433569744162016e-08,0.0,0.0,8.040136550215518,93.7655255687421,85.31636840430447,200.41900634765625,133.58999633789062,208.45799255371094,133.45399475097656
75.3,3.434015065535142e-08,0.0,0.0,8.040136550215518,93.7655255687421,85.31636840430447,200.41900634765625,133.58999633789062,208.45799255371094,133.45399475097656
75.35000000000001,3.4331895365212564e-08,0.0,0.0,8.040136550215518,93.7655255687421,85.31636840430447,200.41900634765625,133.58999633789062,208.45799255371094,133.45399475097656
75.4,3.432995490817938e-08,0.0,0.0,8.040136550215518,93.7655255687421,85.31636840430447,200.41900634765625,133.58999633789062,208.45799255371094,133.45399475097656
75.45,3.432899031650553e-08,0.0,0.0,8.040136550215518,93.7655255687421,85.31636840430447,200.41900634765625,133.58999633789062,208.45799255371094,133.45399475097656
75.5,3.432917497195552e-08,0.0,0.0,8.040136550215518,93.7655255687421,85.31636840430447,200.41900634765625,133.58999633789062,208.45799255371094,133.45399475097656
75.55,3.4350623271691095e-08,0.0,0.0,8.040136550215518,93.7655255687421,85.31636840430447,200.41900634765625,133.58999633789062,208.45799255371094,133.45399475097656
75.60000000000001,3.433437979135515e-08,0.0,0.0,8.040136550215518,93.7655255687421,85.31636840430447,200.41900634765625,133.58999633789062,208.45799255371094,133.45399475097656
75.65,3.4340127370186365e-08,0.0,0.0,8.040136550215518,93.7655255687421,85.31636840430447,200.41900634765625,133.58999633789062,208.45799255371094,133.45399475097656
75.7,3.43455175117291e-08,0.0,0.0,8.040136550215518,93.7655255687421,85.31636840430447,200.41900634765625,133.58999633789062,208.45799255371094,133.45399475097656
75.75,5.804443727609387e-11,0.0,0.0,8.040136550215518,93.7655255687421,85.31636840430447,200.41900634765625,133.58999633789062,208.45799255371094,133.45399475097656
75.8,3.432903791344158e-08,0.0,0.0,8.040136550215518,93.7655255687421,85.31636840430447,200.41900634765625,133.58999633789062,208.45799255371094,133.45399475097656
75.85000000000001,3.433027708035715e-08,0.0,0.0,8.040136550215518,93.7655255687421,85.31636840430447,200.41900634765625,133.58999633789062,208.45799255371094,133.45399475097656
75.9,3.434431695952641e-08,0.0,0.0,8.040136550215518,93.7655255687421,85.31636840430447,200.41900634765625,133.58999633789062,208.45799255371094,133.45399475097656
75.95,3.433946602506292e-08,0.0,0.0,8.040136550215518,93.7655255687421,85.31636840430447,200.41900634765625,133.58999633789062,208.45799255371094,133.45399475097656
76.0,3.434527503931513e-08,0.0,0.0,8.040136550215518,93.7655255687421,85.31636840430447,200.41900634765625,133.58999633789062,208.45799255371094,133.45399475097656
76.05,3.435205067200475e-08,0.0,0.0,8.040136550215518,93.7655255687421,85.31636840430447,200.41900634765625,133.58999633789062,208.45799255371094,133.45399475097656
76.10000000000001,3.435964075008992e-08,0.0,0.0,8.040136550215518,93.7655255687421,85.31636840430447,200.41900634765625,133.58999633789062,208.45799255371094,133.45399475097656
76.15,3.4329141458832306e-08,0.0,0.0,8.040136550215518,93.7655255687421,85.31636840430447,200.41900634765625,133.58999633789062,208.45799255371094,133.45399475097656
76.2,6.865902098368078e-08,0.0,0.0,8.040136550215518,93.7655255687421,85.31636840430447,200.41900634765625,133.58999633789062,208.45799255371094,133.45399475097656
76.25,1.0298667347542814e-07,0.0,0.0,8.040136550215518,93.7655255687421,85.31636840430447,200.41900634765625,133.58999633789062,208.45799255371094,133.45399475097656
76.3,1.3731552436464613e-07,0.0,0.0,8.040136550215518,93.7655255687421,85.31636840430447,200.41900634765625,133.58999633789062,208.45799255371094,133.45399475097656
76.35000000000001,1.7164468301178529e-07,0.0,0.0,8.040136550215518,93.7655255687421,85.31636840430447,200.41900634765625,133.58999633789062,208.45799255371094,133.45399475097656
76.4,2.0597322721367075e-07,0.0,0.0,8.040136550215518,93.7655255687421,85.31636840430447,200.41900634765625,133.58999633789062,208.45799255371094,133.45399475097656
76.45,2.4030203516037105e-07,0.0,0.0,8.040136550215518,93.7655255687421,85.31636840430447,200.41900634765625,133.58999633789062,208.45799255371094,133.45399475097656
76.5,2.403062215423318e-07,0.0,0.0,8.040136550215518,93.7655255687421,85.31636840430447,200.41900634765625,133.58999633789062,208.45799255371094,133.45399475097656
76.55,2.4030745105033576e-07,0.0,0.0,8.040136550215518,93.7655255687421,85.31636840430447,200.41900634765625,133.58999633789062,208.45799255371094,133.45399475097656
76.60000000000001,3.4329026512766937e-08,0.0,0.0,8.040136550215518,93.7655255687421,85.31636840430447,200.41900634765625,133.58999633789062,208.45799255371094,133.45399475097656
76.65,6.8659261033661e-08,0.0,0.0,8.040136550215518,93.7655255687421,85.31636840430447,200.41900634765625,133.58999633789062,208.45799255371094,133.45399475097656
76.7,1.02991942762049e-07,0.0,0.0,8.040136550215518,93.7655255687421,85.31636840430447,200.41900634765625,133.58999633789062,208.45799255371094,133.45399475097656
76.75,1.0299016801611917e-07,0.0,0.0,8.040136550215518,93.7655255687421,85.31636840430447,200.41900634765625,133.58999633789062,208.45799255371094,133.45399475097656
76.80000000000001,1.0298877606053635e-07,0.0,0.0,8.040136550215518,93.7655255687421,85.31636840430447,200.41900634765625,133.58999633789062,208.45799255371094,133.45399475097656
76.85000000000001,1.029873296363229e-07,0.0,0.0,8.040136550215518,93.7655255687421,85.31636840430447,200.41900634765625,133.58999633789062,208.45799255371094,133.45399475097656
76.9,1.0299436817357611e-07,0.0,0.0,8.040136550215518,93.7655255687421,85.31636840430447,200.41900634765625,133.58999633789062,208.45799255371094,133.45399475097656
76.95,1.0299692602259679e-07,0.0,0.0,8.040136550215518,93.7655255687421,85.31636840430447,200.41900634765625,133.58999633789062,208.45799255371094,133.45399475097656
77.0,0.0,0.0,0.0,8.040136550215518,93.7655255687421,85.31636840430447,200.41900634765625,133.58999633789062,208.45799255371094,133.45399475097656
77.05000000000001,3.43370735304063e-08,0.0,0.0,8.040136550215518,93.7655255687421,85.31636840430447,200.41900634765625,133.58999633789062,208.45799255371094,133.45399475097656
77.10000000000001,3.43352112033031e-08,0.0,0.0,8.040136550215518,93.7655255687421,85.31636840430447,200.41900634765625,133.58999633789062,208.45799255371094,133.45399475097656
77.15,3.43320433172766e-08,0.0,0.0,8.040136550215518,93.7655255687421,85.31636840430447,200.41900634765625,133.58999633789062,208.45799255371094,133.45399475097656
77.2,3.43304290273972e-08,0.0,0.0,8.040136550215518,93.7655255687421,85.31636840430447,200.41900634765625,133.58999633789062,208.45799255371094,133.45399475097656
77.25,3.4359641107961045e-08,0.0,0.0,8.040136550215518,93.7655255687421,85.31636840430447,200.41900634765625,133.58999633789062,208.45799255371094,133.45399475097656
77.30000000000001,3.4368307950352685e-08,0.0,0.0,8.040136550215518,93.7655255687421,85.31636840430447,200.41900634765625,133.58999633789062,208.45799255371094,133.45399475097656
77.35000000000001,6.866636148954621e-08,0.0,0.0,8.040136550215518,93.7655255687421,85.31636840430447,200.41900634765625,133.58999633789062,208.45799255371094,133.45399475097656
77.4,1.0298704568973271e-07,0.0,0.0,8.040136550215518,93.7655255687421,85.31636840430447,200.41900634765625,133.58999633789062,208.45799255371094,133.45399475097656
77.45,3.4330171482899725e-08,0.0,0.0,8.040136550215518,93.7655255687421,85.31636840430447,200.41900634765625,133.58999633789062,208.45799255371094,133.45399475097656
77.5,3.433246146393073e-08,0.0,0.0,8.040136550215518,93.7655255687421,85.31636840430447,200.41900634765625,133.58999633789062,208.45799255371094,133.45399475097656
77.55000000000001,6.865779398796235e-08,0.0,0.0,8.040136550215518,93.7655255687421,85.31636840430447,200.41900634765625,133.58999633789062,208.45799255371094,133.45399475097656
77.60000000000001,1.0299655695789734e-07,0.0,0.0,8.040136550215518,93.7655255687421,85.31636840430447,200.41900634765625,133.58999633789062,208.45799255371094,133.45399475097656
77.65,1.0299406685600895e-07,0.0,0.0,8.040136550215518,93.7655255687421,85.31636840430447,200.41900634765625,133.58999633789062,208.45799255371094,133.45399475097656
77.7,1.0299100847334276e-07,0.0,0.0,8.040136550215518,93.7655255687421,85.31636840430447,200.41900634765625,133.58999633789062,208.45799255371094,133.45399475097656
77.75,1.0299439832420617e-07,0.0,0.0,8.040136550215518,93.7655255687421,85.31636840430447,200.41900634765625,133.58999633789062,208.45799255371094,133.45399475097656
77.80000000000001,1.0299691677491409e-07,0.0,0.0,8.040136550215518,93.7655255687421,85.31636840430447,200.41900634765625,133.58999633789062,208.45799255371094,133.45399475097656
77.85000000000001,5.804443727609387e-11,0.0,0.0,8.040136550215518,93.7655255687421,85.31636840430447,200.41900634765625,133.58999633789062,208.45799255371094,133.45399475097656
77.9,3.432903791344158e-08,0.0,0.0,8.040136550215518,93.7655255687421,85.31636840430447,200.41900634765625,133.58999633789062,208.45799255371094,133.45399475097656
77.95,3.433027708035715e-08,0.0,0.0,8.040136550215518,93.7655255687421,85.31636840430447,200.41900634765625,133.58999633789062,208.45799255371094,133.45399475097656
78.0,3.4332665374842734e-08,1.7581702778502852,0.17581702778502048,8.088133899522703,93.7655255687421,85.36438352686741,200.41900634765625,133.58999633789062,208.50599670410156,133.45399475097656
78.05000000000001,6.865784358683436e-08,6.700609282111783,0.8458779559961987,8.179124710947265,93.7655255687421,85.45539080604122,200.41900634765625,133.58999633789062,208.5970001220703,133.45399475097656
78.10000000000001,1.0299196604288967e-07,7.547007336060047,1.6005786896022034,8.28210740845993,93.7655255687421,85.55838837137881,200.41900634765625,133.58999633789062,208.6999969482422,133.45399475097656
78.15,1.0298689294183397e-07,7.346457304123162,2.33522442001452,8.38509043593715,93.7655255687421,85.661390507499,200.41900634765625,133.58999633789062,208.80299377441406,133.45399475097656
78.2,1.029871898082986e-07,8.142107206324082,3.149435140646928,8.498082446127052,93.7655255687421,85.77440503138875,200.41900634765625,133.58999633789062,208.91600036621094,133.45399475097656
78.25,1.0298786971824743e-07,7.886151065054735,3.9380502471524013,8.611075026946807,93.7655255687421,85.88741875609637,200.41900634765625,133.58999633789062,209.0290069580078,133.45399475097656
78.30000000000001,3.4332405689422264e-08,8.622085496986179,4.800258796851019,8.730048791313926,93.7655255687421,86.00641162669332,200.41900634765625,133.58999633789062,209.1479949951172,133.45399475097656
78.35000000000001,3.433580102998876e-08,8.32543332904515,5.632802129755534,8.849038154724964,93.7655255687421,86.12541717245465,200.41900634765625,133.58999633789062,209.26699829101562,133.45399475097656
78.4,3.43403452358273e-08,9.009772489867128,6.533779378742247,8.974023800840772,93.7655255687421,86.25041793196459,200.41900634765625,133.58999633789062,209.39199829101562,133.45399475097656
78.45,3.434603765249579e-08,8.681227364852381,7.401902115227484,9.096019300821508,93.7655255687421,86.37242726886234,200.41900634765625,133.58999633789062,209.51400756835938,133.45399475097656
78.5,6.86597855351359e-08,9.32301738243435,8.158386825685891,9.22498803451694,93.7655255687421,86.50142902617205,200.41900634765625,133.58999633789062,209.64300537109375,133.4550018310547
78.55000000000001,0.04980601058896968,8.969189413024493,8.385244838777162,9.350966400266492,93.76552621880526,86.6274211212912,200.41900634765625,133.58999633789062,209.7689971923828,133.4550018310547
78.60000000000001,0.008988052955271848,9.57639638462718,8.588183743633875,9.48396343264574,93.76653329889609,86.7594253110378,200.41799926757812,133.58999633789062,209.9010009765625,133.4550018310547
78.65,0.022733573942390204,9.20239006932112,8.773777020153672,9.612948167261244,93.76653333882655,86.88842371089845,200.41799926757812,133.58999633789062,210.02999877929688,133.4550018310547
78.7,0.009676602118620535,9.781578253542769,8.93772412487554,9.7479294023143,93.76653356886322,87.02341870691671,200.41799926757812,133.58999633789062,210.1649932861328,133.4550018310547
78.75,0.007579738458252358,9.391222438354893,9.088231262205557,9.87892884141806,93.76653356886322,87.15443117133844,200.41799926757812,133.58999633789062,210.29600524902344,133.4550018310547
78.80000000000001,0.023714978960608826,9.94784108206266,9.220806820713205,10.01590954188657,93.76653391880768,87.29142489364443,200.41799926757812,133.58999633789062,210.43299865722656,133.4550018310547
78.85000000000001,0.007002787088112177,9.544167304190493,9.34268021822774,10.148893149382662,93.76754099889182,87.42542785887,200.41900634765625,133.58999633789062,210.56700134277344,133.4550018310547
78.9,0.039857413580631815,10.082647460449307,9.449967715285958,10.28688154191685,93.76754118888162,87.56342849430396,200.41900634765625,133.58999633789062,210.7050018310547,133.4550018310547
78.95,0.025062268854690005,9.668068534632647,9.548651832263985,10.422871527223517,93.7675412988941,87.69943021357268,200.41900634765625,133.58999633789062,210.84100341796875,133.4550018310547
79.0,0.059906171026377346,10.191864225402428,9.635536516560794,10.56186756138724,93.76853312020333,87.8394296645434,200.4199981689453,133.58999633789062,210.9810028076172,133.4550018310547
79.05000000000001,0.046368001727256115,9.768431160156076,9.71546069127395,10.697842896461175,93.76954020028388,87.97642313889133,200.42100524902344,133.58999633789062,211.1179962158203,133.4550018310547
79.10000000000001,0.0818830929292997,10.280348937643854,9.785855946575618,10.838838268142448,93.7705320215843,88.11842145890706,200.4219970703125,133.58999633789062,211.25999450683594,133.4550018310547
79.15,0.06932808237328367,9.849753278874203,9.850592267530924,10.975821165135763,93.7715391016656,88.25642198855306,200.42300415039062,133.58999633789062,211.3979949951172,133.4550018310547
79.2,0.10638001013487984,10.35198760769498,9.907633202946148,11.11680509283122,93.77253092296601,88.39842376198735,200.4239959716797,133.58999633789062,211.5399932861328,133.45599365234375
79.25,0.09483479751480094,9.915631285560629,9.960074087666722,11.25479566362228,93.77353800304493,88.53743136337525,200.4250030517578,133.58999633789062,211.6790008544922,133.45599365234375
79.30000000000001,0.13244113884179293,10.41001843635183,10.00629182309564,11.396784005367874,93.77553690441775,88.68142857091544,200.427001953125,133.58999633789062,211.822998046875,133.45599365234375
79.35000000000001,0.12194856536435088,9.969018707489539,10.048776963425544,11.533783302078666,93.77753580578533,88.8204361692485,200.4290008544922,133.58999633789062,211.96200561523438,133.45599365234375
79.4,0.1613441013792257,10.457033925109394,10.086215609891553,11.675772117809998,93.77953470715815,88.96443337510567,200.43099975585938,133.58999633789062,212.1060028076172,133.45599365234375
79.45,0.1520276363820491,10.012217264390364,10.120630482867323,11.814755370938542,93.78153360852573,89.10542461303493,200.43299865722656,133.58999633789062,212.2469940185547,133.45599365234375
79.5,0.19210249594086928,10.495049268790842,10.150948987206165,11.956759888447165,93.78353250989653,89.24943707574185,200.43499755859375,133.58999633789062,212.39100646972656,133.45599365234375
79.55000000000001,0.18421344891443114,10.04724480692628,10.178830351883187,12.0947365430624,93.78653849134211,89.39042831035684,200.43800354003906,133.58999633789062,212.53199768066406,133.45599365234375
79.60000000000001,0.22670064675171164,10.52586435164498,10.2033818932833,12.236741472732929,93.78952921400213,89.53543259189513,200.4409942626953,133.58999633789062,212.677001953125,133.45599365234375
79.65,0.22050288044728905,10.075648041075075,10.225971369503387,12.37471851446572,93.79253519544771,89.67642382269779,200.44400024414062,133.58999633789062,212.8179931640625,133.45599365234375
79.7,0.2642133806082215,10.550811307518783,10.245853739485767,12.517704852784515,93.79554117689676,89.82243865490742,200.44700622558594,133.58999633789062,212.96400451660156,133.45700073242188
79.75,0.28574353476338116,10.098615748758055,10.264152185805509,12.654690607728524,93.79953897963566,89.96342988199422,200.4510040283203,133.58999633789062,213.10499572753906,133.45700073242188
79.80000000000001,0.7026943274946593,10.571042849842172,10.280254627154543,12.793695566235598,93.80659753534107,90.10944123921215,200.45799255371094,133.58900451660156,213.25100708007812,133.45700073242188
79.85000000000001,1.0647968945962387,10.117262865528582,10.295079042958447,12.921679540053852,93.82060510514879,90.25143954319806,200.4720001220703,133.58900451660156,213.39300537109375,133.45700073242188
79.9,1.1520846985878577,10.587386370926339,10.30811428754014,13.0516725158964,93.83563725117384,90.39642856008173,200.48699951171875,133.58999633789062,213.53799438476562,133.45700073242188
79.95,1.3157001577602108,10.132346402098618,10.320127201310967,13.17666608487624,93.85263554231427,90.5384268616045,200.50399780273438,133.58999633789062,213.67999267578125,133.45700073242188
80.0,1.3279303997112268,10.600670116818137,10.330689286113698,13.304665607386903,93.87064091341612,90.68443821626843,200.52200317382812,133.58999633789062,213.8260040283203,133.45700073242188
80.05000000000001,1.3760471155879028,10.144550400856875,10.340419845506755,13.427660614539858,93.88963810584072,90.82643651589053,200.54100036621094,133.58999633789062,213.96800231933594,133.45700073242188
80.10000000000001,1.3973328568481613,10.611397889695663,10.348973199311825,13.555660375382816,93.90863529830786,90.973439691109,200.55999755859375,133.58999633789062,214.11500549316406,133.45700073242188
80.15,1.5277646856321148,10.154449908161519,10.35685338602047,13.6776485729876,93.92863957078643,91.11543798928322,200.5800018310547,133.58999633789062,214.2570037841797,133.45700073242188
80.2,1.661850039462195,10.620074357421252,10.363779691010716,13.800634385495428,93.9516345659117,91.26143745285697,200.60299682617188,133.58999633789062,214.4029998779297,133.45799255371094
80.25,1.8087665760633589,10.162478351595118,10.370165951294423,13.91963228262082,93.97563664111003,91.40444282994018,200.6269989013672,133.58999633789062,214.54600524902344,133.45799255371094
80.30000000000001,1.9656107792668485,10.627130377332664,10.375774704043472,14.038615014102279,94.00264469776737,91.55043892424622,200.6540069580078,133.58999633789062,214.69200134277344,133.45799255371094
80.35000000000001,2.2205053018875343,10.168993634023346,10.38094778089295,14.150600395194536,94.03265986843924,91.69243722039604,200.6840057373047,133.58900451660156,214.83399963378906,133.45799255371094
80.4,2.253146705786788,10.632818283082907,10.385490972108606,14.266608036298534,94.06365046902859,91.83944039454599,200.71499633789062,133.58900451660156,214.9810028076172,133.45799255371094
80.45,2.4065034174245428,10.174249806710568,10.3896813125698,14.376604042997895,94.09564814969265,91.98143868992696,200.7469940185547,133.58900451660156,215.1230010986328,133.45799255371094
80.5,2.610929533678373,10.637425601967065,10.393356861084694,14.488598939954581,94.13065181182192,92.12844186392084,200.78199768066406,133.58900451660156,215.27000427246094,133.45799255371094
80.55000000000001,2.70468380184379,10.178533538410836,10.39675517484009,14.594591123432066,94.16766766536257,92.27143197996274,200.81900024414062,133.58999633789062,215.41299438476562,133.45799255371094
80.60000000000001,2.8237684007097785,10.641169479073968,10.39973233377792,14.70158779373391,94.20668173935492,92.41744333257354,200.85800170898438,133.58900451660156,215.5590057373047,133.45799255371094
80.65,2.9552114313526996,10.181989878889851,10.402486330850753,14.804589368301967,94.24668732203043,92.56043344811043,200.8979949951172,133.58999633789062,215.70199584960938,133.45799255371094
80.7,3.093861975154644,10.644194108189872,10.404898305927613,14.90758863717933,94.28969802676461,92.70644480066991,200.9409942626953,133.58900451660156,215.84800720214844,133.45799255371094
80.75,3.241260308430459,10.18479735177635,10.407130205945737,15.006568470853,94.33371554990627,92.84943846218968,200.98500061035156,133.58999633789062,215.99099731445312,133.45899963378906
80.80000000000001,3.391344535642999,10.646641966251236,10.409081364837595,15.107554005781129,94.37973148896255,92.99644163601907,201.031005859375,133.58900451660156,216.13800048828125,133.45899963378906
80.85000000000001,3.5431455938396366,10.187065817757547,10.410888583211015,15.20257550270621,94.42773062881636,93.13944700959156,201.07899475097656,133.58999633789062,216.281005859375,133.45899963378906
80.9,3.69147669561253,10.648622053761263,10.412468960278849,15.297557960187952,94.47874076065324,93.28544310334547,201.1300048828125,133.58999633789062,216.427001953125,133.45899963378906
80.95,3.83630446051221,10.18890170599276,10.41393415020707,15.388558060917914,94.53074271377875,93.42844847662882,201.1820068359375,133.58999633789062,216.57000732421875,133.45899963378906
81.0,3.975336416468871,10.65024165837384,10.415215755847747,15.480549986756381,94.5857353895602,93.57543639168945,201.23699951171875,133.58999633789062,216.7169952392578,133.45899963378906
81.05000000000001,4.110480776023426,10.1903779691898,10.416400198925643,15.566545459614561,94.64173514541959,93.71743468468772,201.29299926757812,133.58999633789062,216.85899353027344,133.45899963378906
81.10000000000001,4.241808552725438,10.651537685897472,10.417437019607993,15.655546842602803,94.69973380264625,93.86443785856626,201.3509979248047,133.58999633789062,217.00599670410156,133.45899963378906
81.15,4.372020661359349,10.191601895412802,10.418398221260288,15.73855176431381,94.7597313612403,94.00744323142376,201.41099548339844,133.58999633789062,217.1490020751953,133.45899963378906
81.2,4.50194466941552,10.652581374986275,10.419236947939927,15.8235402912009,94.8217430799906,94.15444640533556,201.47300720214844,133.58999633789062,217.29600524902344,133.45899963378906
81.25,4.633524494363723,10.192573483238428,10.420014561086136,15.902524084531194,94.885738441319,94.29744006563413,201.53700256347656,133.58999633789062,217.43899536132812,133.4600067138672
81.30000000000001,4.767192426318795,10.653445680605465,10.420694932521558,15.983530303002016,94.95074088272546,94.44345141829771,201.6020050048828,133.58999633789062,217.5850067138672,133.4600067138672
81.35000000000001,4.901688773097192,10.193365688098284,10.421324919555632,16.058524782446252,95.018734046788,94.58644153205904,201.6699981689453,133.58999633789062,217.72799682617188,133.4600067138672
81.4,5.034960625574518,10.654129744031957,10.421875688582702,16.136525168923065,95.08773429092867,94.73344470604769,201.73899841308594,133.58999633789062,217.875,133.4600067138672
81.45,5.1653169048134435,10.194013699703268,10.422386887953753,16.208529068380525,95.15873343643649,94.8764500784805,201.80999755859375,133.58999633789062,218.01800537109375,133.4600067138672
81.5,5.293008928253217,10.654669613546103,10.422829683470978,16.281524778253978,95.23173148331158,95.02244617243198,201.88299560546875,133.58999633789062,218.16400146484375,133.4600067138672
81.55000000000001,5.418504588797745,10.19455356675793,10.423247243227792,16.350522832421674,95.3057366102648,95.16545154477203,201.95700073242188,133.58999633789062,218.3070068359375,133.4600067138672
81.60000000000001,5.542668988232561,10.655137386527379,10.423607213290783,16.42150448556016,95.38174063858536,95.31243946004825,202.0330047607422,133.58999633789062,218.45399475097656,133.4600067138672
81.65,5.66697674041782,10.194949239935742,10.423941947743076,16.486520156659722,95.45972830948394,95.45544483230397,202.11099243164062,133.58999633789062,218.5970001220703,133.4600067138672
81.7,5.792760775159433,10.655497872166467,10.424233597461095,16.553519425235073,95.53973014053877,95.6024480064076,202.1909942626953,133.58999633789062,218.74400329589844,133.4600067138672
81.75,5.920597023015995,10.195309723518612,10.424507221489112,16.614499201200022,95.62173087296073,95.74544155954288,202.2729949951172,133.58999633789062,218.88699340820312,133.46099853515625
81.80000000000001,6.050556722557363,10.655785402487542,10.42474119367732,16.677500849420127,95.70473868546073,95.89145291239035,202.3560028076172,133.58999633789062,219.0330047607422,133.46099853515625
81.85000000000001,6.182209003966658,10.195597251965681,10.42496435006406,16.735497777606344,95.78973014053885,96.0344430257247,202.4409942626953,133.58999633789062,219.17599487304688,133.46099853515625
81.9,6.314977084576379,10.65603774283002,10.425155149943865,16.795493560232817,95.87673575577327,96.18144619989226,202.5279998779297,133.58999633789062,219.322998046875,133.46099853515625
81.95,6.44821294271733,10.195813541685798,10.42533513414212,16.849500567180254,95.96574596971399,96.32445157196229,202.61700439453125,133.59100341796875,219.46600341796875,133.46099853515625
82.0,6.581556942598933,10.656217127522462,10.425489885539756,16.90551392003657,96.05673412889371,96.47145474615688,202.70799255371094,133.59100341796875,219.61300659179688,133.46099853515625
82.05000000000001,6.714757181003579,10.195993783253956,10.425633907189358,16.95550023921991,96.14874462694065,96.61345303811495,202.8000030517578,133.59100341796875,219.7550048828125,133.46099853515625
82.10000000000001,6.847705078322899,10.65636132194974,10.425756300731596,17.00849246076008,96.24273876756568,96.7604409535442,202.8939971923828,133.59100341796875,219.90199279785156,133.46099853515625
82.15,6.980401062323825,10.196137118026048,10.425875088540625,17.054496369455205,96.33973888963602,96.9034463255308,202.99099731445312,133.59100341796875,220.0449981689453,133.46099853515625
82.2,7.113024948484872,10.656505516644302,10.42597585298841,17.10349092167063,96.43774609178446,97.05044949977271,203.08900451660156,133.59100341796875,220.19200134277344,133.46099853515625
82.25,7.245685312883653,10.196281311530377,10.426073011789587,17.14649660237908,96.53773693651104,97.1934584177431,203.18899536132812,133.59100341796875,220.3350067138672,133.46200561523438
82.30000000000001,7.378596733074675,10.65661366272994,10.426155837813827,17.192485294591155,96.63873486131574,97.34044633322192,203.2899932861328,133.59100341796875,220.48199462890625,133.46200561523438
82.35000000000001,7.511976789765188,10.196353407853543,10.426231453402611,17.23047861218001,96.74273876756575,97.48244462507371,203.3939971923828,133.59100341796875,220.62399291992188,133.46200561523438
82.4,7.645896716164522,10.656685759962603,10.426296255115869,17.272484884093657,96.84773449510483,97.62944779935873,203.49899291992188,133.59100341796875,220.77099609375,133.46200561523438
82.45,7.774021359163686,10.196425504149218,10.426357451362211,17.307487571938292,96.95573620408922,97.77245317125391,203.60699462890625,133.59100341796875,220.91400146484375,133.46200561523438
82.5,7.9074374731671755,10.656757857432655,10.426411524353231,17.345480903695638,97.06474499315173,97.91945634555724,203.71600341796875,133.59100341796875,221.06100463867188,133.46200561523438
82.55000000000001,8.05705326791949,10.196497600760106,10.426461906103846,17.37747770108194,97.17573742479246,98.06244645864764,203.82699584960938,133.59100341796875,221.20399475097656,133.46200561523438
82.60000000000001,8.216101000428436,10.656793905982365,10.426505164507109,17.411473348256237,97.28874401658997,98.20944963296719,203.94000244140625,133.59100341796875,221.3509979248047,133.46200561523438
82.65,8.379684886938003,10.196569697461236,10.426548422450626,17.43747361225545,97.4047413310445,98.35144792475828,204.05599975585938,133.59100341796875,221.4929962158203,133.46200561523438
82.7,8.54272975636732,10.656865145315072,10.426584385317703,17.46747157210439,97.521745725577,98.49845109909016,204.17300415039062,133.59100341796875,221.63999938964844,133.46200561523438
82.75,8.701129468957067,10.196605745603478,10.426616828725013,17.490481199334585,97.64174084276567,98.64145647093432,204.29299926757812,133.59100341796875,221.7830047607422,133.46200561523438
82.80000000000001,8.852617228492013,10.656901193991706,10.42664558185119,17.51546714054453,97.76373486132086,98.78844773267726,204.4149932861328,133.59100341796875,221.92999267578125,133.46299743652344
82.85000000000001,8.99658107376544,10.196641793720577,10.426674420437894,17.53347203128061,97.88873486132094,98.93145310450916,204.5399932861328,133.59100341796875,222.072998046875,133.46299743652344
82.9,9.134605442236326,10.656901193919769,10.42669596383361,17.554467566164238,98.0147419413991,99.07845627886618,204.66600036621094,133.59100341796875,222.22000122070312,133.46299743652344
82.95,9.268669568825024,10.196677841986439,10.426721197617333,17.568459504008345,98.14274792284449,99.22045457060993,204.79400634765625,133.59100341796875,222.36199951171875,133.46299743652344
83.0,9.400933831854461,10.656937242775042,10.426739136151571,17.586471644767887,98.27174953841524,99.36745774497378,204.92300415039062,133.5919952392578,222.50900268554688,133.46299743652344
83.05000000000001,9.533989455886019,10.196677841546297,10.426757160230192,17.597472935889122,98.40373806380612,99.51044785799452,205.05499267578125,133.5919952392578,222.65199279785156,133.46299743652344
83.10000000000001,9.66974529390582,10.656973291654538,10.426775098797409,17.61047307513889,98.53774074935326,99.65745103237556,205.18899536132812,133.5919952392578,222.7989959716797,133.46299743652344
83.15,9.809317159523998,10.19671388994846,10.42678951804613,17.61846846618155,98.67275051497835,99.80045640417035,205.32400512695312,133.5919952392578,222.94200134277344,133.46299743652344
83.2,9.952957393577009,10.656973291525944,10.426800332667217,17.62747091055157,98.81075100325963,99.94745957855748,205.46200561523438,133.5919952392578,223.08900451660156,133.46299743652344
83.25,10.099873795758054,10.196713889506004,10.42681114705747,17.63146860625048,98.94974331282997,100.09044969155539,205.6009979248047,133.5919952392578,223.23199462890625,133.46299743652344
83.30000000000001,10.248661323897291,10.656973291523588,10.426818356810658,17.635474222690085,99.09174160384563,100.23646451767583,205.7429962158203,133.5919952392578,223.3780059814453,133.46400451660156
83.35000000000001,10.398133756686958,10.19674907984388,10.42682908542299,17.63545896429279,99.23474697493947,100.37945463066589,205.88600158691406,133.5919952392578,223.52099609375,133.46400451660156
83.4,10.547353842012772,10.657009340414739,10.426839900072485,17.636466017858645,99.3807430686896,100.52645780505915,206.03199768066406,133.5919952392578,223.66799926757812,133.46400451660156
83.45,10.695493313208964,10.196749079550173,10.42684702382886,17.63147652525749,99.52873806380687,100.66946317683038,206.17999267578125,133.5919952392578,223.81100463867188,133.46400451660156
83.5,10.842229450486915,10.65700934054598,10.426854233605953,17.62946975839772,99.67774354230617,100.81645109244167,206.32899475097656,133.59300231933594,223.95799255371094,133.46400451660156
83.55000000000001,10.987453262489307,10.19674907937745,10.426861357389068,17.62046731397445,99.82975159894681,100.95945646420998,206.4810028076172,133.59300231933594,224.1009979248047,133.46400451660156
83.60000000000001,11.131345831944596,10.657009340390426,10.426864962262659,17.612471922879024,99.98374329816556,101.10545255854322,206.63499450683594,133.59300231933594,224.2469940185547,133.46400451660156
83.65,11.274553478072784,10.196749079154461,10.42686848118326,17.599471783553,100.13974915754056,101.24845793030765,206.79100036621094,133.59300231933594,224.38999938964844,133.46400451660156
83.7,11.41776197418772,10.657009340528738,10.426872086083538,17.589477545351485,100.29674683820463,101.39546110472125,206.947998046875,133.59300231933594,224.53700256347656,133.46400451660156
83.75,11.56154554724833,10.196749079031136,10.426875605036052,17.57246445352245,100.456750500314,101.53845121769572,207.10800170898438,133.59300231933594,224.67999267578125,133.46400451660156
83.80000000000001,11.706265536624308,10.657009340477503,10.426879209931444,17.557458209308248,100.61875306379056,101.68545773795316,207.27000427246094,133.59300231933594,224.82699584960938,133.46499633789062
83.85000000000001,11.85213735732253,10.196749078866077,10.426879209833663,17.536462674241402,100.78275452863431,101.82846310970699,207.4340057373047,133.59300231933594,224.97000122070312,133.46499633789062
83.9,11.999089790628096,10.657009340561109,10.4268792098483,17.51645893533185,100.94875489484525,101.9744592040501,207.60000610351562,133.59300231933594,225.11599731445312,133.46499633789062
83.95,12.146977779315263,10.196785127594378,10.426882814652721,17.491465707181195,101.11675416242339,102.11746457580297,207.76800537109375,133.59300231933594,225.25900268554688,133.46499633789062
84.0,12.295621940125676,10.657009340489596,10.426882814647083,17.468478624701895,101.28675522463841,102.26446775022734,207.93800354003906,133.593994140625,225.406005859375,133.46499633789062
84.05000000000001,12.444625732252051,10.19678512745332,10.42688641945467,17.43947245892308,101.45875229495093,102.40745786318833,208.11000061035156,133.593994140625,225.5489959716797,133.46499633789062
84.10000000000001,12.593737673968638,10.657009340495595,10.426886419465186,17.41248040067376,101.63274826663063,102.55446103761629,208.28399658203125,133.593994140625,225.6959991455078,133.46499633789062
84.15,12.74270540695152,10.196785127347482,10.426890024284488,17.37947654736927,101.8087583984666,102.69746640936245,208.4600067138672,133.593994140625,225.83900451660156,133.46499633789062
84.2,12.891421655803207,10.657009340484013,10.426890024280016,17.3484715436314,101.98675217288066,102.84445432500142,208.63800048828125,133.593994140625,225.98599243164062,133.46499633789062
84.25,13.039921610556746,10.196785127211644,10.426893629098066,17.31049346988897,102.1667448486619,102.98646787546308,208.8179931640625,133.593994140625,226.1280059814453,133.46499633789062
84.30000000000001,13.188277427526563,10.657045389316078,10.426897233981924,17.274460980264198,102.34975876467753,103.13345924104273,209.00100708007812,133.593994140625,226.27499389648438,133.46600341796875
84.35000000000001,13.336669234796602,10.196785127062771,10.426900838801593,17.2334770005053,102.53374924319316,103.27646461278792,209.18499755859375,133.593994140625,226.41799926757812,133.46600341796875
84.4,13.485241265346692,10.657045389437101,10.426904443689192,17.194476613749938,102.71975388186503,103.4234677872186,209.37100219726562,133.593994140625,226.56500244140625,133.46600341796875
84.45,13.63410170808873,10.19678512710891,10.426904443640646,17.14847264270642,102.90874924319316,103.56645790016815,209.55999755859375,133.593994140625,226.70799255371094,133.46600341796875
84.5,13.783393879598693,10.657045389406411,10.426908048532328,17.10447508945476,103.09976141952748,103.71346107460246,209.75100708007812,133.59500122070312,226.85499572753906,133.46600341796875
84.55000000000001,13.933225926415934,10.196785126972221,10.426908048484217,17.05448872227282,103.29174750351186,103.85545936626744,209.9429931640625,133.59500122070312,226.9969940185547,133.46600341796875
84.60000000000001,14.083561807666335,10.65704538939114,10.426911653373772,17.00648594899057,103.4867548277306,104.00246254070174,210.13800048828125,133.59500122070312,227.1439971923828,133.46600341796875
84.65,14.234401517226624,10.196785127009386,10.426911653339962,16.95248665294516,103.68376105331654,104.14546791244028,210.3350067138672,133.59500122070312,227.28700256347656,133.46600341796875
84.7,14.385601709428961,10.657045389401421,10.426915258231704,16.900501468347713,103.88275092148062,104.2924710868746,210.53399658203125,133.59500122070312,227.4340057373047,133.46600341796875
84.75,14.53709029265541,10.196785126855373,10.426915258196077,16.842489248097895,104.08375494980093,104.43546119982035,210.73500061035156,133.59500122070312,227.57699584960938,133.46600341796875
84.80000000000001,14.69012469437286,10.657045389439073,10.426915258208377,16.78649114025826,104.28675787948845,104.5824643742583,210.93800354003906,133.59500122070312,227.7239990234375,133.46600341796875
84.85000000000001,14.8322894909959,10.196785126854044,10.426915258187503,16.7244888970403,104.49175971054314,104.72547318536229,211.14300537109375,133.59500122070312,227.86700439453125,133.4669952392578
84.9,14.968010137694005,10.657045389423248,10.426915258186117,16.662494259766845,104.69975226425416,104.87146927972266,211.3509979248047,133.59500122070312,228.01300048828125,133.4669952392578
84.95,15.128678310204291,10.196785126913566,10.426915258166584,16.59650195224542,104.90875189804323,105.0144746514574,211.55999755859375,133.59500122070312,228.156005859375,133.4669952392578
85.0,15.32124118061461,10.6570453894446,10.426915258170403,16.532500952571457,105.1197527642683,105.1614625671091,211.77099609375,133.5959930419922,228.30299377441406,133.4669952392578
85.05000000000001,15.534218042233823,10.19678512683025,10.426915258156207,16.46051218685689,105.33474910216084,105.30446793884006,211.98599243164062,133.5959930419922,228.4459991455078,133.4669952392578
85.10000000000001,15.755438120035576,10.657045389406484,10.426915258157742,16.389515231058397,105.55275142150019,105.45147111328166,212.20399475097656,133.5959930419922,228.59300231933594,133.4669952392578
85.15,15.973705576141015,10.196785126800046,10.426915258136807,16.312506519321307,105.77275264220715,105.59446122622457,212.4239959716797,133.5959930419922,228.73599243164062,133.4669952392578
85.2,16.180524937954907,10.657045389424773,10.426915258139143,16.23452129866449,105.99675166564741,105.74047257938126,212.6479949951172,133.5959930419922,228.8820037841797,133.4669952392578
85.25,16.370064859449766,10.196785126801233,10.426915258133729,16.151516120106493,106.22274959045325,105.88346269232323,212.87399291992188,133.5959930419922,229.02499389648438,133.4669952392578
85.30000000000001,16.540957205905393,10.657045389430634,10.426915258132885,16.069518016407844,106.45175349670336,106.03046586676483,213.10299682617188,133.5959930419922,229.1719970703125,133.4669952392578
85.35000000000001,16.69402937088707,10.19678512671718,10.426915258119198,15.981515333727913,106.68275630432066,106.17347478450937,213.33399963378906,133.5959930419922,229.31500244140625,133.46800231933594
85.4,16.82532114030538,10.657045389449019,10.426915258121777,15.895519571469045,106.91575801330606,106.32047795895096,213.56700134277344,133.5959930419922,229.46200561523438,133.46800231933594
85.45,16.92950585628485,10.196785126798126,10.426915258110233,15.803512073563454,107.1507586236604,106.46346807189293,213.802001953125,133.5959930419922,229.60499572753906,133.46800231933594
85.5,17.00514155106631,10.657045389416314,10.426915258107403,15.714533985489595,107.38576139189666,106.60947942504872,214.03700256347656,133.5970001220703,229.75100708007812,133.46800231933594
85.55000000000001,17.05356203924825,10.196785126676591,10.426915258092038,15.620527772584131,107.62276090362508,106.75246953799069,214.2740020751953,133.5970001220703,229.8939971923828,133.46800231933594
85.60000000000001,17.080416710252006,10.657045389454245,10.426915258096813,15.530534521328569,107.85976041535639,106.89947271243228,214.51100158691406,133.5970001220703,230.04100036621094,133.46800231933594
85.65,17.093088704666197,10.19678512681567,10.426915258098374,15.436543642870456,108.09675992708974,107.04247808416419,214.7480010986328,133.5970001220703,230.1840057373047,133.46800231933594
85.7,17.09791405621501,10.65704538946333,10.42691525810223,15.345543421349271,108.3347512601112,107.18946599981679,214.98599243164062,133.5970001220703,230.33099365234375,133.46800231933594
85.75,17.09989327207461,10.196785126767162,10.426915258098823,15.251537364025136,108.57176603063127,107.33247137154775,215.22300720214844,133.5970001220703,230.4739990234375,133.46800231933594
85.80000000000001,17.102232983170868,10.657045389528967,10.426915258108655,15.160552478992319,108.80975736364861,107.47947454598844,215.46099853515625,133.5970001220703,230.62100219726562,133.46800231933594
85.85000000000001,17.105582052759857,10.196785126781606,10.426915258115098,15.065546259299158,109.0467568753739,107.62147630141096,215.697998046875,133.5970001220703,230.76300048828125,133.468994140625
85.9,17.109828895654317,10.65704538960504,10.426915258130702,14.97454614621763,109.2847634671752,107.76847947585256,215.93600463867188,133.5970001220703,230.91000366210938,133.468994140625
85.95,17.11332047794132,10.196785126797865,10.426915258130673,14.879548418731243,109.52275480018574,107.91146958879547,216.1739959716797,133.5970001220703,231.05299377441406,133.468994140625
86.0,17.11224071500269,10.657045389531968,10.426915258142241,14.789564182125849,109.75975645158532,108.05847276323706,216.41099548339844,133.59800720214844,231.1999969482422,133.468994140625
86.05000000000001,17.102413071655423,10.196785126748033,10.426915258149384,14.694566599434784,109.99776304338378,108.20147813496426,216.6490020751953,133.59800720214844,231.34300231933594,133.468994140625
86.10000000000001,17.080812890308128,10.65704538947093,10.426915258151054,14.604573751529205,110.23476255510417,108.34848130940495,216.88600158691406,133.59800720214844,231.49000549316406,133.468994140625
86.15,17.04578535369095,10.196785126620647,10.426915258131551,14.509576261893514,110.471762066825,108.49047960105851,217.1230010986328,133.59800720214844,231.6320037841797,133.468994140625
86.2,16.997328751972994,10.657045389474845,10.426915258132702,14.41958350382824,110.70876157854634,108.6374827755001,217.36000061035156,133.59800720214844,231.7790069580078,133.468994140625
86.25,16.936704784777138,10.196785126691317,10.426915258125117,14.327576712247197,110.94376218890108,108.78047288843923,217.59500122070312,133.59800720214844,231.9219970703125,133.468994140625
86.30000000000001,16.86614505349254,10.65704538945939,10.42691525811816,14.239582865310338,111.17876279925623,108.9274760628845,217.8300018310547,133.59800720214844,232.06900024414062,133.468994140625
86.35000000000001,16.78795325651688,10.196785126744846,10.426915258114484,14.14858931754746,111.41275632953368,109.07048498062903,218.06399536132812,133.59800720214844,232.21200561523438,133.47000122070312
86.4,16.704072624428044,10.657045389537787,10.426915258107758,14.0635708456303,111.64476621723263,109.2174728962853,218.29600524902344,133.59800720214844,232.35899353027344,133.47000122070312
86.45,16.616125304466923,10.196785126787994,10.42691525810677,13.975592335404688,111.8757537660642,109.36047826801344,218.52699279785156,133.59800720214844,232.5019989013672,133.47000122070312
86.5,16.525297515253904,10.657045389479768,10.42691525810155,13.891590162962952,112.10576689078191,109.50647436238484,218.7570037841797,133.5989990234375,232.6479949951172,133.47000122070312
86.55000000000001,16.4320561700132,10.196785126664185,10.426915258093166,13.805610616978516,112.33475553824516,109.64947973411674,218.98599243164062,133.5989990234375,232.79100036621094,133.47000122070312
86.60000000000001,16.335936088443017,10.657045389455858,10.42691525809166,13.725612298728244,112.56176054312996,109.79648290855833,219.21299743652344,133.5989990234375,232.93800354003906,133.47000122070312
86.65,16.236144148609664,10.196785126537444,10.42691525808334,13.641601139568237,112.78876554801423,109.93947302149653,219.44000244140625,133.5989990234375,233.08099365234375,133.47000122070312
86.7,16.131997156633208,10.65704538948211,10.426915258084067,13.564608752030074,113.01276457145302,110.08647619594086,219.66400146484375,133.5989990234375,233.22799682617188,133.47000122070312
86.75,16.023168967975565,10.196785126708782,10.426915258085813,13.484625818234994,113.23575651481343,110.22948156767183,219.88699340820312,133.5989990234375,233.37100219726562,133.47000122070312
86.80000000000001,15.909408967784632,10.657045389505518,10.426915258090427,13.408625287391105,113.45775663688481,110.3754776620423,220.10899353027344,133.5989990234375,233.51699829101562,133.47000122070312
86.85000000000001,15.790933429765648,10.196785126738817,10.426915258089824,13.331633021617959,113.67775785758901,110.5184830337695,220.32899475097656,133.5989990234375,233.66000366210938,133.47000122070312
86.9,15.66799298617608,10.657045389504562,10.4269152580865,13.260627606425198,113.89576017692602,110.66548955405409,220.5469970703125,133.5989990234375,233.8070068359375,133.4709930419922
86.95,15.541272562801893,10.196785126682832,10.426915258075985,13.186610688840661,114.11277067497387,110.8084796669923,220.76400756835938,133.5989990234375,233.9499969482422,133.4709930419922
87.0,15.411421032114202,10.657045389487356,10.426915258076743,13.118620744962227,114.32776701286548,110.95548284143665,220.97900390625,133.5989990234375,234.0970001220703,133.4709930419922
87.05000000000001,15.279121615923728,10.196785126681776,10.426915258078504,13.049639061125758,114.53975736931167,111.09848821316385,221.1909942626953,133.5989990234375,234.24000549316406,133.4709930419922
87.10000000000001,15.144805181178015,10.65704538946583,10.4269152580795,12.983632731536549,114.75176298454682,111.24448430753432,221.4029998779297,133.5989990234375,234.38600158691406,133.4709930419922
87.15,15.008904312457364,10.196785126680709,10.426915258093826,12.917641692674911,114.96076261833657,111.38748967926152,221.61199951171875,133.5989990234375,234.5290069580078,133.4709930419922
87.2,14.871781209420586,10.657045389465672,10.426915258092183,12.857631835595239,115.16776335075896,111.53447759491686,221.81900024414062,133.5989990234375,234.67599487304688,133.4709930419922
87.25,14.733648736605826,10.19678512670122,10.426915258091427,12.795638463016616,115.37276518181407,111.67748296664406,222.0240020751953,133.5989990234375,234.81900024414062,133.4709930419922
87.30000000000001,14.594544666576304,10.65704538948464,10.42691525808934,12.738649750452035,115.57675993279099,111.82448614108841,222.22799682617188,133.5989990234375,234.96600341796875,133.4709930419922
87.35000000000001,14.45450504071551,10.196785126642888,10.426915258079747,12.67965721302998,115.77875829285807,111.96747625402662,222.42999267578125,133.60000610351562,235.10899353027344,133.4709930419922
87.4,14.313744443523811,10.657045389465194,10.42691525807581,12.627647713932825,115.97776341981144,112.11448287805084,222.62899780273438,133.60000610351562,235.25599670410156,133.4720001220703
87.45,14.172444827092715,10.196785126642888,10.426915258071817,12.571650848212995,116.17576146668657,112.2564811697044,222.82699584960938,133.60000610351562,235.3979949951172,133.4720001220703
87.5,14.030569261456977,10.657045389482425,10.426915258071324,12.523649195814324,116.37076879090546,112.40348434414875,223.02200317382812,133.60000610351562,235.5449981689453,133.4720001220703
87.55000000000001,13.887936698121733,10.196785126662707,10.426915258069418,12.472656997527565,116.56476903504618,112.54648971587595,223.21600341796875,133.60000610351562,235.68800354003906,133.4720001220703
87.60000000000001,13.744693027888264,10.657045389485276,10.42691525807136,12.427661206964281,116.75677037781972,112.6934928903203,223.4080047607422,133.60000610351562,235.8350067138672,133.4720001220703
87.65,13.601413305955347,10.196785126739883,10.426915258077278,12.38065138124841,116.94677281922603,112.83648300325851,223.59800720214844,133.60000610351562,235.97799682617188,133.4720001220703
87.7,13.458421098198322,10.657045389485276,10.426915258079239,12.340660239682535,117.13376927918699,112.98348617770286,223.78500366210938,133.60000610351562,236.125,133.4720001220703
87.75,13.316149028574264,10.196785126743432,10.426915258083461,12.296671525950085,117.31975865906985,113.12548446935642,223.9709930419922,133.60000610351562,236.26699829101562,133.4720001220703
87.80000000000001,13.174848561980992,10.657045389482743,10.426915258083273,12.259670973414504,117.50376439637454,113.27248764380077,224.15499877929688,133.60000610351562,236.41400146484375,133.4720001220703
87.85000000000001,13.034413263030656,10.196785126703489,10.426915258089332,12.220671641407232,117.68577123231204,113.41549301553174,224.33700561523438,133.60000610351562,236.5570068359375,133.4720001220703
87.9,12.894733275567074,10.657045389464562,10.426915258089268,12.188649927932552,117.86477208680422,113.56248438112596,224.51600646972656,133.60000610351562,236.70399475097656,133.47300720214844
87.95,12.75559316253075,10.196785126641146,10.426915258089092,12.15366342942451,118.04276586121829,113.70548975285409,224.69400024414062,133.60000610351562,236.8470001220703,133.47300720214844
88.0,12.623904870444541,10.657045389425672,10.426915258083419,12.12467331680522,118.21876073426517,113.85249292729935,224.8699951171875,133.60000610351562,236.99400329589844,133.47300720214844
88.05000000000001,12.511332793200902,10.196785126639037,10.426915258081053,12.092662138213258,118.3937637860232,113.99548304023848,225.0449981689453,133.60000610351562,237.13699340820312,133.47300720214844
88.10000000000001,12.424680710068737,10.657045389468559,10.426915258079381,12.065670832277934,118.5667679364152,114.14149439339887,225.21800231933594,133.60000610351562,237.2830047607422,133.47300720214844
88.15,12.36585669580787,10.196785126662332,10.426915258071627,12.036665485049504,118.73876500673123,114.284484506338,225.38999938964844,133.60000610351562,237.42599487304688,133.47300720214844
88.2,12.332017137289249,10.65704538946647,10.426915258069746,12.012664748519125,118.90977025576215,114.43148768078326,225.56100463867188,133.60000610351562,237.572998046875,133.47300720214844
88.25,12.319128850786187,10.196785126690619,10.426915258064465,11.984681697010235,119.08076024600676,114.5744930525114,225.73199462890625,133.60000610351562,237.71600341796875,133.47300720214844
88.30000000000001,12.321684927705121,10.65704538946647,10.426915258062838,11.959684522031218,119.25277543451395,114.72149622695666,225.9040069580078,133.6009979248047,237.86300659179688,133.47300720214844
88.35000000000001,12.33216145192866,10.196785126671177,10.426915258059605,11.931686251342366,119.4237654247626,114.86448633989579,226.0749969482422,133.6009979248047,238.00599670410156,133.47300720214844
88.4,12.344257570365212,10.65704538946647,10.426915258059797,11.906667917704052,119.59477067379893,115.01048580318647,226.24600219726562,133.6009979248047,238.15199279785156,133.4739990234375
88.45,12.353689548335577,10.196785126690619,10.426915258064744,11.877677871741351,119.76676774412117,115.1534911749146,226.41799926757812,133.6009979248047,238.2949981689453,133.4739990234375
88.5,12.358585347368512,10.65704538946647,10.426915258068824,11.85367717134139,119.9377729931511,115.30049434935987,226.58900451660156,133.6009979248047,238.44200134277344,133.4739990234375
88.55000000000001,12.360025609486076,10.196785126687447,10.426915258073665,11.824687140209841,120.10977006346765,115.443499721088,226.76100158691406,133.6009979248047,238.5850067138672,133.4739990234375
88.60000000000001,12.36139375901437,10.657045389469367,10.426915258073745,11.79967943042527,120.2817671337822,115.59048763674426,226.93299865722656,133.6009979248047,238.73199462890625,133.4739990234375
88.65,12.36574967876899,10.196785126742377,10.426915258081747,11.77168117817631,120.45277238280703,115.7334930084724,227.10400390625,133.6009979248047,238.875,133.4739990234375
88.7,12.375829635300427,10.657045389505681,10.426915258085668,11.745681718138705,120.62476945312046,115.87948910284378,227.2760009765625,133.6009979248047,239.02099609375,133.4739990234375
88.75,12.394333040897447,10.196785126723988,10.426915258089007,11.716691717859327,120.7967665234339,116.02249447457191,227.447998046875,133.6009979248047,239.16400146484375,133.4739990234375
88.80000000000001,12.421045287868813,10.65704538950584,10.426915258092944,11.69070325564107,120.9697736049742,116.16949764901717,227.62100219726562,133.6020050048828,239.31100463867188,133.4739990234375
88.85000000000001,12.453913304153543,10.19678512670122,10.426915258095947,11.661698040834937,121.14177067528804,116.3124877619563,227.79299926757812,133.6020050048828,239.45399475097656,133.4739990234375
88.9,12.493405739296126,10.65704538948768,10.426915258098067,11.634706872915201,121.31576664696927,116.45949093640156,227.9669952392578,133.6020050048828,239.6009979248047,133.4739990234375
88.95,12.52929757714644,10.196785126681776,10.426915258097184,11.604698849071394,121.48877079736155,116.60249985414232,228.13999938964844,133.6020050048828,239.74400329589844,133.47500610351562
89.0,12.550213664354104,10.657045389448792,10.426915258095416,11.57670065194228,121.66377384912008,116.74950302858758,228.31500244140625,133.6020050048828,239.89100646972656,133.47500610351562
89.05000000000001,12.556405493505258,10.196785126720437,10.426915258098715,11.544704902078488,121.83776982079983,116.89150132024209,228.48899841308594,133.6020050048828,240.0330047607422,133.47500610351562
89.10000000000001,12.545425170317229,10.657045389485756,10.426915258100355,11.51769848347536,122.01176579247968,117.03848923589834,228.66299438476562,133.6020050048828,240.17999267578125,133.47500610351562
89.15,12.515725167456086,10.196785126729283,10.426915258099044,11.486694514136296,122.18577702294964,117.18149460762648,228.83700561523438,133.6020050048828,240.322998046875,133.47500610351562
89.2,12.469789407056332,10.657045389485916,10.426915258097067,11.459703369991582,122.35977299463214,117.32849778207174,229.01100158691406,133.6020050048828,240.47000122070312,133.47500610351562
89.25,12.410749038105985,10.196785126671177,10.426915258091785,11.429706437764063,122.53277714502735,117.47150315379987,229.1840057373047,133.6020050048828,240.61300659179688,133.47500610351562
89.30000000000001,12.342493014492332,10.65704538946647,10.426915258087849,11.405705847374492,122.70376713526721,117.61849106945613,229.35499572753906,133.6020050048828,240.75999450683594,133.47500610351562
89.35000000000001,12.270277625404226,10.196785126689566,10.426915258086684,11.376711807187148,122.87477526052746,117.76048936111063,229.5260009765625,133.60299682617188,240.90199279785156,133.47500610351562
89.4,12.198313711181026,10.657045389488648,10.42691525808678,11.353718270255952,123.04477342947806,117.90749253555589,229.6959991455078,133.60299682617188,241.0489959716797,133.47500610351562
89.45,12.129445716700129,10.196785126676474,10.42691525808625,11.327707786609821,123.21377977713816,118.05050134665706,229.86500549316406,133.60299682617188,241.19200134277344,133.4759979248047
89.5,12.075445318177731,10.657045389488811,10.42691525809025,11.306713014872487,123.38177904471819,118.19750452110232,230.0330047607422,133.60299682617188,241.33900451660156,133.4759979248047
89.55000000000001,12.034728926582515,10.196785126754024,10.42691525809361,11.282712457043862,123.54877123221871,118.34049463404145,230.1999969482422,133.60299682617188,241.48199462890625,133.4759979248047
89.60000000000001,11.99311304639479,10.65704538950793,10.426915258095827,11.262709454106615,123.71577867850782,118.48749780848671,230.36700439453125,133.60299682617188,241.62899780273438,133.4759979248047
89.65,11.947213345216058,10.196785126717257,10.426915258094624,11.23971592395372,123.88177904471875,118.63050318021484,230.5330047607422,133.60299682617188,241.77200317382812,133.4759979248047
89.7,11.901384882537794,10.65704538952657,10.42691525809869,11.219712930756682,124.04777941092969,118.77649927458623,230.69900512695312,133.60299682617188,241.91799926757812,133.4759979248047
89.75,11.864989215539646,10.196785126678595,10.42691525809943,11.19772642716519,124.21277269706252,118.91950464631437,230.86399841308594,133.60299682617188,242.06100463867188,133.4759979248047
89.80000000000001,11.844397556674862,10.657045389447028,10.426915258097486,11.180713973254104,124.37677416190662,119.06649256197062,231.0279998779297,133.60299682617188,242.20799255371094,133.4759979248047
89.85000000000001,11.843280886977608,10.19678512663017,10.426915258091547,11.15872747953428,124.54176744804056,119.20949793369876,231.1929931640625,133.60299682617188,242.3509979248047,133.4759979248047
89.9,11.862216872748998,10.657045389464562,10.426915258089139,11.141730291101075,124.70576891288712,119.35650110814402,231.35699462890625,133.60299682617188,242.4980010986328,133.4759979248047
89.95,11.897713038975741,10.196785126619593,10.42691525808345,11.11972854955762,124.87078053099046,119.49951002588477,231.52200317382812,133.60400390625,242.64100646972656,133.4770050048828
90.0,11.94444100819619,10.657045389427584,10.426915258077326,11.09972558414605,125.03678089720809,119.64550612025616,231.68800354003906,133.60400390625,242.78700256347656,133.4770050048828
90.05000000000001,11.997613138663345,10.421569722656905,10.449393717667615,11.079722623499466,125.20278126342608,119.79150221467454,231.85400390625,133.60400390625,242.93299865722656,133.4770050048828
