Time (s),Ego Speed (km/h),Lead Speed (km/h),Smoothed Lead Speed (km/h),Distance Between (m),Ego Distance Covered (m),Lead Vehicle Distance Covered (m),Ego X (m),Ego Y (m),Lead X (m),Lead Y (m)
0.0,8.808552074432374,7.056000137329102,7.056000137329102,15.009241864482519,0.0,0.0,107.0,133.0,122.0,133.4239959716797
0.05,8.174808311527325,8.820000171661377,7.938000154495239,15.009560776351947,0.1276656985282898,0.11269998550415039,107.0,133.0,122.0,133.4239959716797
0.1,4.181039857876534,10.584000205993652,8.820000171661377,15.008386374048685,0.20566119998693466,0.2498999983072281,107.0,133.0,122.0,133.4239959716797
0.15000000000000002,1.8218554973676693,10.747439861297607,9.301860094070435,15.006738096616896,0.24264910072088242,0.40529029071331024,107.0,133.0,122.0,133.4239959716797
0.2,0.48345841169801945,7.768655776977541,8.995219230651855,15.006040538916524,0.2559195011854172,0.5298077911138535,107.0,133.0,122.0,133.4239959716797
0.25,0.22895928919363465,4.894776105880743,8.311812043190004,15.00605853883401,0.25616440176963806,0.6134719923138618,107.0,133.0,122.0,133.4239959716797
0.30000000000000004,0.5667335987091648,0.2858883018613525,7.165251508714483,15.006203888425334,0.2624727040529251,0.6421069949865341,107.0,133.0,122.0,133.4239959716797
0.35000000000000003,0.6878411829480157,1.2601333397479655,6.427111737593668,15.006186469199603,0.2715299017727375,0.6545059978961945,107.0,133.0,122.0,133.4239959716797
0.4,0.6899652242660612,1.81846296546511,5.915039651801606,15.00612645141503,0.2811941020190716,0.6770130023360252,107.0,133.0,122.0,133.4239959716797
0.45,0.6322392046452826,2.0269728720120805,5.526232973822653,15.00606028548892,0.2903391011059284,0.7043372988700867,107.0,133.0,122.0,133.4239959716797
0.5,0.5494175791743363,1.9688721142311902,5.017520171512862,15.006013209617075,0.29844460263848305,0.7322819977998734,107.0,133.0,122.0,133.4239959716797
0.55,0.46106282472696447,1.7295322128948023,4.308473375636205,15.005992866589798,0.3053380008786917,0.7578397989273071,107.0,133.0,122.0,133.4239959716797
0.6000000000000001,0.3774707883600949,1.3871364163729119,3.3887869966741304,15.005993676161046,0.3110362011939287,0.7791418991982937,107.0,133.0,122.0,133.4239959716797
0.65,0.303379189968254,1.00696340226384,2.414739350770754,15.00600472854814,0.315649401396513,0.7953073885291815,107.0,133.0,122.0,133.4239959716797
0.7000000000000001,0.24037200808532375,0.6386228197041549,1.7017360550434155,15.006016212009206,0.3193254014477134,0.8062361981719732,107.0,133.0,122.0,133.4239959716797
0.75,0.18829403668670658,0.31574798285862116,1.2438332427412033,15.006022513208082,0.32221814058721066,0.8123877979815006,107.0,133.0,122.0,133.4239959716797
0.8,0.14612940251834952,0.05750502296999003,1.2209949148520671,15.006022360949277,0.32447159104049206,0.8145665992051363,107.0,133.0,122.0,133.4239959716797
0.8500000000000001,0.11253131479408571,0.1299309308164235,1.107974673958913,15.006017346617888,0.3262123907916248,0.8153951987624168,107.0,133.0,122.0,133.4239959716797
0.9,0.08609544262290764,0.24808918695718288,0.9509372961081202,15.006010112779931,0.32754780096001923,0.8182500991970301,107.0,133.0,122.0,133.4239959716797
0.9500000000000001,0.06549947708849993,0.30600271060670414,0.7788402799675824,15.006003003861046,0.3285661010304466,0.8222384992986917,107.0,133.0,122.0,133.4239959716797
1.0,0.04958855957008633,0.3157817409178542,0.6135312426362488,15.00599743118052,0.3293385710567236,0.8266194993630052,107.0,133.0,122.0,133.4239959716797
1.05,0.03738563843072138,0.29079330967743583,0.46965735231451217,15.005993833988574,0.3299219559994526,0.8308338299393654,107.0,133.0,122.0,133.4239959716797
1.1,0.028076760470868305,0.24392817479563297,0.35533652815678424,15.005991972079244,0.33036076099961065,0.8345057098194957,107.0,133.0,122.0,133.4239959716797
1.1500000000000001,0.021016800776152117,0.18643326681000105,0.2732835146114003,15.005991297127455,0.3306897020083852,0.8374264996964484,107.0,133.0,122.0,133.4239959716797
1.2000000000000002,0.0,0.12728371636238092,0.2221496042772229,15.005991235258373,0.3306897020083852,0.8395254646893591,107.0,133.0,122.0,133.4239959716797
1.25,0.005309027899059521,0.07294128045944871,0.19786893403730565,15.005991380833361,0.3309486439975444,0.8408359696622938,107.0,133.0,122.0,133.4239959716797
1.3,0.006698664044964203,0.02744673598714945,0.19486310533902157,15.005991501060496,0.33103584800846875,0.8414610796608031,107.0,133.0,122.0,133.4239959716797
1.35,0.006821676017716606,0.0072446889797028145,0.18259448115534951,15.005991536008485,0.3311309479759075,0.8415421396493912,107.0,133.0,122.0,133.4239959716797
1.4000000000000001,0.006306551909197016,0.030858026959082623,0.1608713651555395,15.005991493083584,0.3312218519859016,0.8418509396724403,107.0,133.0,122.0,133.4239959716797
1.4500000000000002,0.0055090800393377435,0.0,0.1302710940948691,15.005991508683186,0.33130291500128806,0.8418509396724403,107.0,133.0,122.0,133.4239959716797
1.5,0.004639608040454969,0.0,0.09869292000308365,15.005991522361349,0.3313721899758093,0.8418509396724403,107.0,133.0,122.0,133.4239959716797
1.55,0.00381016801138682,0.0,0.06961358903534007,15.005991533939316,0.3314296010066755,0.8418509396724403,107.0,133.0,122.0,133.4239959716797
1.6,0.0030654971022283342,0.0,0.04522077155577677,15.00599154350167,0.3314762159716338,0.8418509396724403,107.0,133.0,122.0,133.4239959716797
1.6500000000000001,0.0008350487815629128,0.0,0.026577444874776666,15.005991546346793,0.3314899510005489,0.8418509396724403,107.0,133.0,122.0,133.4239959716797
1.7000000000000002,0.0012986604357986097,0.0,0.013849073238538576,15.005991549664463,0.33150589105207473,0.8418509396724403,107.0,133.0,122.0,133.4239959716797
1.75,0.0014171615826656487,0.0,0.006554945192593704,15.005991553706224,0.3315252009779215,0.8418509396724403,107.0,133.0,122.0,133.4239959716797
1.8,0.0013603823613079489,0.0,0.00381027159387876,15.005991557770717,0.3315445010084659,0.8418509396724403,107.0,133.0,122.0,133.4239959716797
1.85,0.0012117060485761205,0.0,0.0030858026959084783,15.005991561520077,0.3315622010268271,0.8418509396724403,107.0,133.0,122.0,133.4239959716797
1.9000000000000001,0.0010340892245366317,0.0,2.1614654510671015e-16,15.00599156479283,0.33157757099252194,0.8418509396724403,107.0,133.0,122.0,133.4239959716797
1.9500000000000002,0.0008578764230727185,0.0,2.1614654510671015e-16,15.005991567551723,0.3315904709743336,0.8418509396724403,107.0,133.0,122.0,133.4239959716797
2.0,0.000697356008485497,0.0,2.1614654510671015e-16,15.005991569809911,0.3316009909613058,0.8418509396724403,107.0,133.0,122.0,133.4239959716797
2.0500000000000003,0.0001031925635054954,0.0,2.1614654510671015e-16,15.005991571034336,0.33160668099299073,0.8418509396724403,107.0,133.0,122.0,133.4239959716797
2.1,0.00024280775788382747,0.0,2.1614654510671015e-16,15.0059915716183,0.33160939102526754,0.8418509396724403,107.0,133.0,122.0,133.4239959716797
2.15,0.00029007865248921433,0.0,2.1614654510671015e-16,15.005991572448679,0.3316132409963757,0.8418509396724403,107.0,133.0,122.0,133.4239959716797
2.2,0.000291314535075463,0.0,2.1614654510671015e-16,15.005991573321097,0.33161728095728904,0.8418509396724403,107.0,133.0,122.0,133.4239959716797
2.25,0.0002668039219969173,0.0,2.1614654510671015e-16,15.005991574155766,0.3316211410565302,0.8418509396724403,107.0,133.0,122.0,133.4239959716797
2.3000000000000003,0.0002286302404243652,0.0,2.1614654510671015e-16,15.005991574898188,0.33162457100115716,0.8418509396724403,107.0,133.0,122.0,133.4239959716797
2.35,0.0001918296067311589,0.0,2.1614654510671015e-16,15.005991575526512,0.3316274710232392,0.8418509396724403,107.0,133.0,122.0,133.4239959716797
2.4000000000000004,0.00015605893032322245,0.0,2.1614654510671015e-16,15.005991576038262,0.33162983099464327,0.8418509396724403,107.0,133.0,122.0,133.4239959716797
2.45,0.00012502552168861322,0.0,2.1614654510671015e-16,15.005991576461433,0.33163178095128387,0.8418509396724403,107.0,133.0,122.0,133.4239959716797
2.5,4.356325726478802e-05,0.0,2.1614654510671015e-16,15.005991576461433,0.33163178095128387,0.8418509396724403,107.0,133.0,122.0,133.4239959716797
2.5500000000000003,5.794709487595943e-05,0.0,2.1614654510671015e-16,15.00599157670021,0.3316328809596598,0.8418509396724403,107.0,133.0,122.0,133.4239959716797
2.6,6.0796474024631056e-05,0.0,2.1614654510671015e-16,15.00599157670021,0.3316328809596598,0.8418509396724403,107.0,133.0,122.0,133.4239959716797
2.6500000000000004,6.038464729954787e-05,0.0,2.1614654510671015e-16,15.005991577049878,0.3316344909835607,0.8418509396724403,107.0,133.0,122.0,133.4239959716797
2.7,5.355290131839636e-05,0.0,2.1614654510671015e-16,15.005991577049878,0.3316344909835607,0.8418509396724403,107.0,133.0,122.0,133.4239959716797
2.75,4.7373872021588424e-05,0.0,2.1614654510671015e-16,15.00599157735625,0.33163590100593865,0.8418509396724403,107.0,133.0,122.0,133.4239959716797
2.8000000000000003,3.734964002826591e-05,0.0,2.1614654510671015e-16,15.00599157735625,0.33163590100593865,0.8418509396724403,107.0,133.0,122.0,133.4239959716797
2.85,2.979743582114289e-05,0.0,2.1614654510671015e-16,15.00599157735625,0.33163590100593865,0.8418509396724403,107.0,133.0,122.0,133.4239959716797
2.9000000000000004,9.475337892594819e-06,0.0,2.1614654510671015e-16,15.005991577612741,0.3316370809916407,0.8418509396724403,107.0,133.0,122.0,133.4239959716797
2.95,1.0024109089168946e-05,0.0,2.1614654510671015e-16,15.005991577612741,0.3316370809916407,0.8418509396724403,107.0,133.0,122.0,133.4239959716797
3.0,8.170276481021801e-06,0.0,2.1614654510671015e-16,15.005991577612741,0.3316370809916407,0.8418509396724403,107.0,133.0,122.0,133.4239959716797
3.0500000000000003,8.514573003818683e-06,0.0,2.1614654510671015e-16,15.005991577612741,0.3316370809916407,0.8418509396724403,107.0,133.0,122.0,133.4239959716797
3.1,6.591151166103465e-06,0.0,2.1614654510671015e-16,15.005991577612741,0.3316370809916407,0.8418509396724403,107.0,133.0,122.0,133.4239959716797
3.1500000000000004,4.223968794911822e-06,0.0,2.1614654510671015e-16,15.005991577612741,0.3316370809916407,0.8418509396724403,107.0,133.0,122.0,133.4239959716797
3.2,7.34686840238689e-06,0.0,2.1614654510671015e-16,15.005991577612741,0.3316370809916407,0.8418509396724403,107.0,133.0,122.0,133.4239959716797
3.25,4.497151699693843e-06,0.0,2.1614654510671015e-16,15.005991577612741,0.3316370809916407,0.8418509396724403,107.0,133.0,122.0,133.4239959716797
3.3000000000000003,0.0,0.0,2.1614654510671015e-16,15.005991577612741,0.3316370809916407,0.8418509396724403,107.0,133.0,122.0,133.4239959716797
3.35,3.0895955996946723e-06,0.0,2.1614654510671015e-16,15.005991577836717,0.3316381110344082,0.8418509396724403,107.0,133.0,122.0,133.4239959716797
3.4000000000000004,6.179184150864268e-06,0.0,2.1614654510671015e-16,15.005991577836717,0.3316381110344082,0.8418509396724403,107.0,133.0,122.0,133.4239959716797
3.45,5.013363611640032e-06,0.0,2.1614654510671015e-16,15.005991577836717,0.3316381110344082,0.8418509396724403,107.0,133.0,122.0,133.4239959716797
3.5,5.28694156448893e-06,0.0,2.1614654510671015e-16,15.005991577836717,0.3316381110344082,0.8418509396724403,107.0,133.0,122.0,133.4239959716797
3.5500000000000003,7.174779716195418e-06,0.0,2.1614654510671015e-16,15.005991577836717,0.3316381110344082,0.8418509396724403,107.0,133.0,122.0,133.4239959716797
3.6,6.968835316000684e-06,0.0,2.1614654510671015e-16,15.005991577836717,0.3316381110344082,0.8418509396724403,107.0,133.0,122.0,133.4239959716797
3.6500000000000004,4.257503956200981e-06,0.0,2.1614654510671015e-16,15.005991577836717,0.3316381110344082,0.8418509396724403,107.0,133.0,122.0,133.4239959716797
3.7,5.904858613967202e-06,0.0,2.1614654510671015e-16,15.005991577836717,0.3316381110344082,0.8418509396724403,107.0,133.0,122.0,133.4239959716797
3.75,6.866318089164193e-07,0.0,2.1614654510671015e-16,15.005991577836717,0.3316381110344082,0.8418509396724403,107.0,133.0,122.0,133.4239959716797
3.8000000000000003,3.4351476156711015e-07,0.0,2.1614654510671015e-16,15.005991577836717,0.3316381110344082,0.8418509396724403,107.0,133.0,122.0,133.4239959716797
3.85,2.6096667879749325e-06,0.0,2.1614654510671015e-16,15.005991577836717,0.3316381110344082,0.8418509396724403,107.0,133.0,122.0,133.4239959716797
3.9000000000000004,2.2660123799044547e-06,0.0,2.1614654510671015e-16,15.005991577836717,0.3316381110344082,0.8418509396724403,107.0,133.0,122.0,133.4239959716797
3.95,4.565863487802054e-06,0.0,2.1614654510671015e-16,15.005991577836717,0.3316381110344082,0.8418509396724403,107.0,133.0,122.0,133.4239959716797
4.0,5.527055829367466e-06,0.0,2.1614654510671015e-16,15.005991577836717,0.3316381110344082,0.8418509396724403,107.0,133.0,122.0,133.4239959716797
4.05,6.453892816407538e-06,0.0,2.1614654510671015e-16,15.005991577836717,0.3316381110344082,0.8418509396724403,107.0,133.0,122.0,133.4239959716797
4.1000000000000005,6.0419665689812095e-06,0.0,2.1614654510671015e-16,15.005991577836717,0.3316381110344082,0.8418509396724403,107.0,133.0,122.0,133.4239959716797
4.15,1.0298673326222004e-07,0.0,2.1614654510671015e-16,15.005991577836717,0.3316381110344082,0.8418509396724403,107.0,133.0,122.0,133.4239959716797
4.2,6.179729534465339e-07,0.0,2.1614654510671015e-16,15.005991577836717,0.3316381110344082,0.8418509396724403,107.0,133.0,122.0,133.4239959716797
4.25,1.132972077347471e-06,0.0,2.1614654510671015e-16,15.005991577836717,0.3316381110344082,0.8418509396724403,107.0,133.0,122.0,133.4239959716797
4.3,1.6479719705550282e-06,0.0,2.1614654510671015e-16,15.005991577836717,0.3316381110344082,0.8418509396724403,107.0,133.0,122.0,133.4239959716797
4.3500000000000005,2.2657468003226604e-06,0.0,2.1614654510671015e-16,15.005991577836717,0.3316381110344082,0.8418509396724403,107.0,133.0,122.0,133.4239959716797
4.4,2.8836672243461723e-06,0.0,2.1614654510671015e-16,15.005991577836717,0.3316381110344082,0.8418509396724403,107.0,133.0,122.0,133.4239959716797
4.45,3.4673517785992883e-06,0.0,2.1614654510671015e-16,15.005991577836717,0.3316381110344082,0.8418509396724403,107.0,133.0,122.0,133.4239959716797
4.5,5.321026567421121e-06,0.0,2.1614654510671015e-16,15.005991577836717,0.3316381110344082,0.8418509396724403,107.0,133.0,122.0,133.4239959716797
4.55,4.634793677349636e-06,0.0,2.1614654510671015e-16,15.005991577836717,0.3316381110344082,0.8418509396724403,107.0,133.0,122.0,133.4239959716797
4.6000000000000005,5.149334826782558e-07,0.0,2.1614654510671015e-16,15.005991577836717,0.3316381110344082,0.8418509396724403,107.0,133.0,122.0,133.4239959716797
4.65,1.1671818008755573e-06,0.0,2.1614654510671015e-16,15.005991577836717,0.3316381110344082,0.8418509396724403,107.0,133.0,122.0,133.4239959716797
4.7,1.8194300188513633e-06,0.0,2.1614654510671015e-16,15.005991577836717,0.3316381110344082,0.8418509396724403,107.0,133.0,122.0,133.4239959716797
4.75,2.471678237252675e-06,0.0,2.1614654510671015e-16,15.005991577836717,0.3316381110344082,0.8418509396724403,107.0,133.0,122.0,133.4239959716797
4.800000000000001,3.1239266604493137e-06,0.0,2.1614654510671015e-16,15.005991577836717,0.3316381110344082,0.8418509396724403,107.0,133.0,122.0,133.4239959716797
4.8500000000000005,3.7418519769656946e-06,0.0,2.1614654510671015e-16,15.005991577836717,0.3316381110344082,0.8418509396724403,107.0,133.0,122.0,133.4239959716797
4.9,4.256800162597775e-06,0.0,2.1614654510671015e-16,15.005991577836717,0.3316381110344082,0.8418509396724403,107.0,133.0,122.0,133.4239959716797
4.95,6.179184622434101e-06,0.0,2.1614654510671015e-16,15.005991577836717,0.3316381110344082,0.8418509396724403,107.0,133.0,122.0,133.4239959716797
5.0,2.0597965075035517e-07,0.0,2.1614654510671015e-16,15.005991577836717,0.3316381110344082,0.8418509396724403,107.0,133.0,122.0,133.4239959716797
5.050000000000001,7.895931061240933e-07,0.0,2.1614654510671015e-16,15.005991577836717,0.3316381110344082,0.8418509396724403,107.0,133.0,122.0,133.4239959716797
5.1000000000000005,1.441830438416854e-06,0.0,2.1614654510671015e-16,15.005991577836717,0.3316381110344082,0.8418509396724403,107.0,133.0,122.0,133.4239959716797
5.15,2.0254184812012556e-06,0.0,2.1614654510671015e-16,15.005991577836717,0.3316381110344082,0.8418509396724403,107.0,133.0,122.0,133.4239959716797
5.2,2.609034374113737e-06,0.0,2.1614654510671015e-16,15.005991577836717,0.3316381110344082,0.8418509396724403,107.0,133.0,122.0,133.4239959716797
5.25,3.1926170696859227e-06,0.0,2.1614654510671015e-16,15.005991577836717,0.3316381110344082,0.8418509396724403,107.0,133.0,122.0,133.4239959716797
5.300000000000001,0.33693888184053256,0.0,2.1614654510671015e-16,15.004992526546136,0.3326375627126294,0.8418509396724403,107.0009994506836,133.0,122.0,133.4239959716797
5.3500000000000005,1.6542304235985728,0.0,2.1614654510671015e-16,14.987972579125444,0.3496656676016615,0.8418509396724403,107.01799774169922,133.00100708007812,122.0,133.4239959716797
5.4,2.4096237565431786,0.016661983483189417,0.0016661983483191578,14.95798571395744,0.3796644517210814,0.8421518396353349,107.0479965209961,133.00100708007812,122.0,133.4239959716797
5.45,2.977467948044874,0.021416243590292264,0.0038078227073483845,14.918943313293394,0.4187171092151639,0.8423447496024892,107.08699798583984,133.0030059814453,122.0,133.4239959716797
5.5,2.9983298396420555,0.02003210657169644,0.005811033364518029,14.8769322012023,0.4607286356128786,0.8425390695920214,107.12899780273438,133.00399780273438,122.0,133.4239959716797
5.550000000000001,1.6480395625662634,0.01889766992846319,0.007700800357364347,14.842913076046575,0.49474775825844053,0.8427447996800765,107.16300201416016,133.0050048828125,122.0,133.4239959716797
5.6000000000000005,0.0001847995047991143,0.01795680170541632,0.00949648052790598,14.837917774903941,0.49974513333343185,0.8429690626217052,107.16799926757812,133.0050048828125,122.0,133.4239959716797
5.65,0.10461176488881364,0.017216736020016346,0.011218154129907613,14.836918686339173,0.4997658033394835,0.8439986557133637,107.16799926757812,133.0050048828125,121.9990005493164,133.4239959716797
5.7,0.23920767406850071,0.016642285944932673,0.01288238272440088,14.832922445696058,0.5037636115880517,0.8442705296985481,107.1719970703125,133.0050048828125,121.9990005493164,133.4239959716797
5.75,0.21904341473659453,0.016162182866391837,0.014498601011040066,14.829889645907347,0.5069289925055489,0.8445661687075302,107.17500305175781,133.00599670410156,121.9990005493164,133.4239959716797
5.800000000000001,0.5233384296278962,0.015665222373042086,0.016065123248344273,14.82589340759066,0.5109267960091437,0.8448825597080544,107.17900085449219,133.00599670410156,121.9990005493164,133.4239959716797
5.8500000000000005,0.9071533993832643,0.01505504201105999,0.01757062744945027,14.81489617914255,0.5209289355681935,0.8459357318167183,107.18900299072266,133.00599670410156,121.99800109863281,133.4239959716797
5.9,1.2657757697961398,0.014263024157184924,0.017330731516849822,14.798903703766713,0.536927778834728,0.8462777198107522,107.20500183105469,133.00599670410156,121.99800109863281,133.4239959716797
5.95,1.5703262022540914,0.6610819572476201,0.0812973028825826,14.789883809066414,0.5569497671632739,0.8572795221921603,107.2249984741211,133.0070037841797,122.00900268554688,133.4239959716797
6.0,1.6164860652006354,1.204053145956064,0.19969940682101933,14.782854869905137,0.578975284178532,0.8722794888662639,107.24700164794922,133.00799560546875,122.02400207519531,133.4239959716797
6.050000000000001,1.6590331497651614,0.7838479025295105,0.27619443008112404,14.772836005692927,0.6019923216935416,0.8852813650735388,107.2699966430664,133.00900268554688,122.03700256347656,133.4239959716797
6.1000000000000005,1.6784855268429584,1.4564622991127656,0.42004497982185895,14.769831222164896,0.624994946205749,0.9052793535841832,107.29299926757812,133.00900268554688,122.05699920654297,133.4239959716797
6.15,1.6319889682591413,1.0474740444033492,0.5230707106601923,14.76380142556563,0.6470204626296654,0.921279171750042,107.31500244140625,133.00999450683594,122.072998046875,133.4239959716797
6.2,1.6234663582121582,1.727747881900276,0.6941812702557266,14.763780857018011,0.670037500092067,0.944282283551185,107.33799743652344,133.01100158691406,122.09600067138672,133.4239959716797
6.25,1.7538594370800473,1.3260437698898964,0.8251694289580771,14.761747401471103,0.6930614972432587,0.9652784730235122,107.36100006103516,133.01199340820312,122.11699676513672,133.4239959716797
6.300000000000001,1.737556272526724,2.0122263834614764,1.0248255450669204,14.763717457255982,0.7170846907155097,0.9912794696614458,107.38500213623047,133.01300048828125,122.14299774169922,133.4239959716797
6.3500000000000005,1.83897369819031,1.616703221990598,1.1849903630648742,14.763689452811054,0.7421064913478058,1.0162810287347266,107.41000366210938,133.01400756835938,122.16799926757812,133.4239959716797
6.4,1.9061959661436905,2.3079483056517263,1.4143588912143283,14.767665834508044,0.7681187539651962,1.0462798474598107,107.43599700927734,133.01499938964844,122.197998046875,133.4239959716797
6.45,2.0080127948750253,1.9187147264766493,1.5401221681372312,14.768637039296065,0.7951379560607041,1.0742798894931176,107.46299743652344,133.01600646972656,122.22599792480469,133.4239959716797
6.5,2.1281825638135086,2.6151060375469153,1.6812274572963166,14.77461172161108,0.8241542406319349,1.1092836406684963,107.49199676513672,133.01699829101562,122.26100158691406,133.4239959716797
6.550000000000001,2.258952612667487,2.229873930296878,1.8258300600730533,14.775548234737435,0.8552244663190112,1.1412814971956216,107.52300262451172,133.0189971923828,122.29299926757812,133.4239959716797
6.6000000000000005,2.3479223538562954,2.9293458661876364,1.9731184167805402,14.783520905048949,0.8872379912520636,1.1812824809698743,107.55500030517578,133.02000427246094,122.33300018310547,133.4239959716797
6.65,2.426388055218299,2.547205577498889,2.1230915700900943,14.786498694456741,0.9202500252208992,1.2172857097798404,107.58799743652344,133.02099609375,122.36900329589844,133.4239959716797
6.7,2.5034402598636474,3.248544051376186,2.2751711870376856,14.79643518102147,0.9543129376241356,1.2612844610586866,107.62200164794922,133.0229949951172,122.41300201416016,133.4239959716797
6.75,2.6005241808113797,2.868668235494368,2.4294336335981326,14.801384203703213,0.9903638798001043,1.302284887545338,107.65799713134766,133.02499389648438,122.4540023803711,133.4239959716797
6.800000000000001,2.698423194787572,3.5721607409949248,2.5854270693514776,14.813346163838418,1.026381074875254,1.3502814204687703,107.69400024414062,133.0260009765625,122.50199890136719,133.4239959716797
6.8500000000000005,2.8076344953919103,3.1942147296082184,2.7431782201132395,14.82028624724257,1.0654337299284202,1.396279070792221,107.73300170898438,133.0279998779297,122.5479965209961,133.4239959716797
6.9,2.926051002982573,3.899666332421445,2.9023500227902113,14.833228868241177,1.105484558257905,1.4492804782842748,107.77300262451172,133.02999877929688,122.60099792480469,133.4239959716797
6.95,3.056457364959093,3.5233979519958307,3.062818345342129,14.842175450270412,1.1465336220302107,1.4992835483602427,107.81400299072266,133.03199768066406,122.6510009765625,133.4239959716797
7.0,3.184289994460118,4.229929860931089,3.2243007276805464,14.856117900742444,1.190577722836402,1.5572822068874526,107.85800170898438,133.03399658203125,122.70899963378906,133.4239959716797
7.050000000000001,3.3155457653386353,3.855385840312553,3.386851918682114,14.866064286013755,1.2356202673417505,1.612282525055373,107.90299987792969,133.03599548339844,122.76399993896484,133.4239959716797
7.1000000000000005,3.437548723066992,4.564081292308752,3.550325461294225,14.880980498050368,1.2827133723863746,1.6742789856425666,107.94999694824219,133.03900146484375,122.82599639892578,133.4239959716797
7.15,3.558864296377713,4.191193367591985,3.7147242403035348,14.890927741720226,1.3317577250190378,1.7332847337499828,107.9990005493164,133.04100036621094,122.88500213623047,133.4239959716797
7.2,3.6699178005932156,4.900501326618499,3.879919967827766,14.90784349262925,1.3818510490211455,1.800286076899076,108.04900360107422,133.04400634765625,122.9520034790039,133.4239959716797
7.25,3.7812482495712114,4.528513323754348,4.045904476653764,14.919764763004975,1.4339313151705748,1.8642814475391178,108.10099792480469,133.0469970703125,123.01599884033203,133.4239959716797
7.300000000000001,3.8863480580100225,5.238613142639845,4.2125497168182555,14.938705585998266,1.4870178928539326,1.936287086865784,108.15399932861328,133.0500030517578,123.08799743652344,133.4250030517578
7.3500000000000005,3.9873538867043763,4.8672370969761385,4.379851953555048,14.952626411107696,1.5420994504891854,2.00528733887808,108.20899963378906,133.05299377441406,123.15699768066406,133.4250030517578
7.4,4.08318172940578,5.576868767695839,4.547572197082486,14.972550114795638,1.598179826564915,2.0812913673019215,108.26499938964844,133.05599975585938,123.23300170898438,133.4250030517578
7.45,4.194722621954432,5.207580971739525,4.715990499056856,14.98747124452218,1.6562563292539265,2.154289420781383,108.322998046875,133.0590057373047,123.30599975585938,133.4250030517578
7.5,4.303038347226292,5.914728747519361,4.884470387715683,15.00936328697269,1.7153973426167963,2.235290702543016,108.38200378417969,133.06300354003906,123.38700103759766,133.4250030517578
7.550000000000001,4.418590164183042,5.549400742163811,5.053871877900809,15.028290844657821,1.775469394847673,2.3142930882059423,108.44200134277344,133.0659942626953,123.46600341796875,133.4250030517578
7.6000000000000005,4.534123856720165,6.253128630667968,5.222776611736731,15.050192555775979,1.838592999154911,2.399292172679295,108.50499725341797,133.07000732421875,123.5510025024414,133.4250030517578
7.65,4.656280780663311,5.891580604820981,5.39281533545963,15.070089999424265,1.9017232493062537,2.4822923600680165,108.56800079345703,133.07400512695312,123.63400268554688,133.4250030517578
7.7,4.789924846452372,6.592572668985458,5.562022469696326,15.09400869638441,1.9677928654823573,2.5722886979960244,108.63400268554688,133.07699584960938,123.7239990234375,133.4250030517578
7.75,4.916102158700601,6.236136715209426,5.732784808841834,15.114915326890927,2.0359110740438955,2.6612932179993978,108.7020034790039,133.08099365234375,123.81300354003906,133.4250030517578
7.800000000000001,5.0344579594903935,6.934644860944761,5.9023879806723265,15.139812106528739,2.1050279197060004,2.755287358730498,108.77100372314453,133.0850067138672,123.90699768066406,133.4250030517578
7.8500000000000005,5.159789107009772,6.582060555840238,6.073870326558736,15.16172061711455,2.176139529795736,2.8482896809020644,108.84200286865234,133.08900451660156,124.0,133.4250030517578
7.9,5.284851043103805,7.276392624984099,6.243822712287562,15.189625725339312,2.2482490318069766,2.9482881552073863,108.91400146484375,133.09300231933594,124.0999984741211,133.4250030517578
7.95,5.408691176717049,6.927156572431072,6.415780272356716,15.213513678731703,2.3224155909621875,3.046287730332903,108.98799896240234,133.09800720214844,124.197998046875,133.4250030517578
8.0,5.528951009082527,7.61763657139839,6.586071054744619,15.241421854146495,2.3985246886290095,3.150291636817129,109.06400299072266,133.1020050048828,124.302001953125,133.4250030517578
8.05,5.64671609962035,7.274376476358383,6.758568628164076,15.2653137878965,2.476679427549216,3.2522890143394676,109.14199829101562,133.10699462890625,124.40399932861328,133.4250030517578
8.1,5.76322637903266,7.958340647103397,6.9290898298076185,15.296202072099174,2.5558401814381995,3.362289624983392,109.22100067138672,133.11199951171875,124.51399993896484,133.4250030517578
8.15,5.879860670654203,7.621488669111974,7.102080636236717,15.32209619029087,2.6369959359799062,3.469291885019336,109.302001953125,133.11700439453125,124.62100219726562,133.4250030517578
8.200000000000001,5.997818078472433,8.299297069216637,7.272753076259835,15.352988883062544,2.7201459614966685,3.5832902984637065,109.38500213623047,133.1219940185547,124.73500061035156,133.4250030517578
8.25,6.106531179130002,7.969860860263834,7.446125490765276,15.380866054459677,2.8043604624718643,3.695289811654716,109.46900177001953,133.1280059814453,124.84700012207031,133.4250030517578
8.3,6.191130373257629,8.641837071224247,7.616844711793225,15.413761713150114,2.889505871680238,3.81328602789539,109.55400085449219,133.13299560546875,124.96499633789062,133.4250030517578
8.35,6.262794154500252,8.31823305527739,7.7904619617369395,15.444667921048778,2.9757142920760664,3.930294627355823,109.63999938964844,133.13900756835938,125.08200073242188,133.42599487304688
8.4,6.338522562704961,8.984520412518487,7.961274740490379,15.480573136305242,3.06385307572716,4.054295177132151,109.72799682617188,133.1439971923828,125.20600128173828,133.42599487304688
8.450000000000001,6.423080605217785,8.667288465289563,8.135287929776228,15.514473926221218,3.1520003415939226,4.176296826189025,109.81600189208984,133.1490020751953,125.3280029296875,133.42599487304688
8.5,6.5189833329724864,9.32745695599222,8.30626996823561,15.552364251178332,3.2421962466783985,4.304295178737716,109.90599822998047,133.15499877929688,125.45600128173828,133.42599487304688
8.55,6.625599325211697,9.016057202756151,8.480438040875388,15.586252572973855,3.334394339393793,4.43029463041572,109.99800109863281,133.16099548339844,125.58200073242188,133.42599487304688
8.6,6.740320836478646,9.669888815997574,8.651592857764806,15.627146236446974,3.4265858126650395,4.563290236403521,110.08999633789062,133.16700744628906,125.71499633789062,133.42599487304688
8.65,6.859792040672902,9.364141012627607,8.82585809211637,15.664045729303925,3.521776108364171,4.695294021460642,110.18499755859375,133.17300415039062,125.84700012207031,133.42599487304688
8.700000000000001,6.980818528350001,10.01181685062646,8.997110070257353,15.705944633022373,3.617963890160649,4.833294510274996,110.28099822998047,133.1790008544922,125.98500061035156,133.42599487304688
8.75,7.0899006753257,9.712656551647045,9.171389639395674,15.743849023296681,3.716146764024401,4.969296097989991,110.37899780273438,133.18499755859375,126.12100219726562,133.42599487304688
8.8,7.1939795631551,10.354140565320032,9.342619988805252,15.786752861404054,3.8153272414466906,5.111294389560202,110.47799682617188,133.1909942626953,126.26300048828125,133.42599487304688
8.85,7.306552465502863,10.061893069317495,9.516985990209262,15.827638629205017,3.915578294973464,5.252293230614337,110.5780029296875,133.197998046875,126.40399932861328,133.42599487304688
8.9,7.414562796220514,10.698301057413618,9.688364054698775,15.873540066546816,4.017815849714068,5.400295855677828,110.68000030517578,133.2050018310547,126.552001953125,133.42599487304688
8.950000000000001,7.523597222131788,10.412677115094601,9.862902919679279,15.915453686696665,4.121984876108275,5.546291950084766,110.78399658203125,133.21099853515625,126.697998046875,133.42599487304688
9.0,7.644479649432084,11.044045125852099,10.034561736665266,15.962353684488967,4.227221552035282,5.6982923778876335,110.88899993896484,133.21800231933594,126.8499984741211,133.42599487304688
9.05,7.772373934879771,10.763389063370393,10.20929492272669,16.005272506214993,4.334391714588213,5.848293904371343,110.99600219726562,133.2239990234375,127.0,133.42599487304688
9.1,7.903772375012987,11.387845129215181,10.38109055404845,16.053178616143054,4.443617653823877,6.005291585600454,111.1050033569336,133.2310028076172,127.15699768066406,133.42599487304688
9.15,8.035343429729805,11.113344843636359,10.556010937149324,16.09809779225457,4.554838454679132,6.161297445521269,111.21600341796875,133.23800659179688,127.31300354003906,133.42599487304688
9.200000000000001,8.164941453761346,11.730637480515645,10.727893000138241,16.148009971229556,4.667055788957071,6.323292380169149,111.3280029296875,133.2449951171875,127.4749984741211,133.42599487304688
9.25,8.291562529166432,11.46204148791603,10.90283149376514,16.19293617871436,4.782266733161549,6.483296042782542,111.44300079345703,133.2519989013672,127.63500213623047,133.42599487304688
9.3,8.415342101288806,12.073105391936712,11.074727976426807,16.24385206916351,4.898539286531805,6.650295860235748,111.55899810791016,133.25999450683594,127.802001953125,133.42599487304688
9.35,8.537185162539034,11.809692714607175,11.249507940955777,16.291786093285562,5.015753113926293,6.81529984954784,111.6760025024414,133.26699829101562,127.96700286865234,133.427001953125
9.4,8.658331481395555,12.413737384937786,11.421051573708194,16.34271907393517,5.135952453116297,6.986297469727953,111.7959976196289,133.2740020751953,128.13800048828125,133.427001953125
9.450000000000001,8.780114967133382,12.15673282694327,11.59545714489306,16.391649027752397,5.257157175532319,7.1562956391110335,111.91699981689453,133.281005859375,128.30799865722656,133.427001953125
9.5,8.903433074193082,12.755629372564073,11.766615569564259,16.44457166534716,5.380417874750344,7.332290512705235,112.04000091552734,133.28900146484375,128.48399353027344,133.427001953125
9.55,9.028865804280466,12.506077493689055,11.940884412596125,16.495515271087974,5.504616060017449,7.507293564867639,112.16400146484375,133.29600524902344,128.65899658203125,133.427001953125
9.600000000000001,9.156484111040724,13.099465425542173,12.112046442228825,16.550460009231706,5.630809170208548,7.6882933212592155,112.29000091552734,133.30299377441406,128.83999633789062,133.427001953125
9.65,9.274686666754256,12.855997226154674,12.286311680480656,16.601403178131257,5.759057959964531,7.8672941761292146,112.41799926757812,133.31100463867188,129.0189971923828,133.427001953125
9.700000000000001,9.37961252429997,13.442904940558522,12.457538426484945,16.657362000760994,5.889242926006556,8.053298815330967,112.5479965209961,133.3179931640625,129.2050018310547,133.427001953125
9.75,9.492413947924758,13.205089550749618,12.631843232768304,16.711303738180177,6.020491961587809,8.238296374274114,112.67900085449219,133.3260040283203,129.38999938964844,133.427001953125
9.8,9.623692630085365,13.78591358583438,12.803124052158072,16.769268334945107,6.15267299035218,8.428298816199092,112.81099700927734,133.33299255371094,129.5800018310547,133.427001953125
9.850000000000001,9.767970588488526,13.554505457158221,12.977605326413178,16.82321785630322,6.287912595250301,8.617294177853175,112.94599914550781,133.34100341796875,129.7689971923828,133.427001953125
9.9,9.921270310139455,14.128381497533459,13.149069737672747,16.882185641440568,6.425092540198069,8.813295833321655,113.08300018310547,133.34800720214844,129.96499633789062,133.42799377441406
9.950000000000001,10.079116997480869,13.903381488754567,13.323734603853875,16.937149458873154,6.564322252327251,9.007296077773573,113.22200012207031,133.3560028076172,130.15899658203125,133.42799377441406
10.0,10.235988726609397,14.4730449585636,13.49547616245383,16.99611881271986,6.705494933707841,9.207293026522002,113.36299896240234,133.36300659179688,130.35899353027344,133.42799377441406
10.05,10.387835423168353,14.254741460720012,13.670342559156925,17.052097192377836,6.848716034940377,9.406298153763858,113.50599670410156,133.37100219726562,130.55799865722656,133.42799377441406
10.100000000000001,10.532807766434281,14.816125701702655,13.842008586772971,17.112072524408468,6.993889352133576,9.611299985333472,113.6510009765625,133.3780059814453,130.76300048828125,133.42799377441406
10.15,10.670952770920078,14.60527402592886,14.016936266750388,17.168058252704174,7.141102190534908,9.814302915295634,113.7979965209961,133.38600158691406,130.96600341796875,133.42799377441406
10.200000000000001,10.803943522486875,15.156506211534722,14.18829639384801,17.228032355547906,7.291267135707996,10.02429437082262,113.947998046875,133.39300537109375,131.17599487304688,133.42799377441406
10.25,10.934270725885598,14.956561901840262,14.363443628957075,17.28601816080529,7.442429744874319,10.233294004902739,114.0989990234375,133.39999389648438,131.38499450683594,133.42799377441406
10.3,11.064398516680525,15.49717339612854,14.534569609986491,17.34801108917515,7.594641123651251,10.447298521888294,114.2509994506836,133.4080047607422,131.5989990234375,133.42799377441406
10.350000000000001,11.19642940463358,15.30910977121467,14.710030041392136,17.407010165097855,7.749797370933444,10.661303038783457,114.40599822998047,133.4149932861328,131.81300354003906,133.42799377441406
10.4,11.331619616790709,15.838922046900876,14.881084096328877,17.470002625005776,7.905952744679916,10.880299495344913,114.56199645996094,133.4219970703125,132.03199768066406,133.4290008544922
10.450000000000001,11.470508097945345,15.661801835154874,15.056926130968908,17.528999328924353,8.065111131967525,11.098301814955855,114.72100067138672,133.4290008544922,132.25,133.4290008544922
10.5,11.612633161170086,16.179264790623066,15.227548114174851,17.593003713826967,8.22526038571957,11.322300838713717,114.88099670410156,133.43600463867188,132.4739990234375,133.4290008544922
10.55,11.757241692875768,16.012693170573428,15.40334328516019,17.654012503376464,8.387413615906699,11.545308041109342,115.04299926757812,133.4429931640625,132.69700622558594,133.4290008544922
10.600000000000001,11.903212829204302,16.517810239575674,15.573511738947493,17.718005983113926,8.552524020856485,11.774296688877927,115.20800018310547,133.44900512695312,132.92599487304688,133.4290008544922
10.65,12.049545093244667,16.363514124876797,15.749335748842288,17.78002689863032,8.718671428508104,12.00230877405119,115.3740005493164,133.45599365234375,133.1540069580078,133.4290008544922
10.700000000000001,12.195383010219462,16.85653421625004,15.91933854931382,17.84402652634089,8.88781521280697,12.235295224550404,115.54299926757812,133.46299743652344,133.38699340820312,133.4290008544922
10.75,12.340355349005959,16.7148380471453,16.095166163844322,17.90704234123195,9.05791911606864,12.468296933711699,115.71299743652344,133.468994140625,133.6199951171875,133.4290008544922
10.8,12.471883452840613,17.196876960109606,16.26513652024243,17.973058452594397,9.230028849724572,12.706303525800589,115.88500213623047,133.47500610351562,133.85800170898438,133.4290008544922
10.850000000000001,12.569585567858553,17.06929307383719,16.44115485050468,18.037072783723467,9.404165111450952,12.944294858960548,116.05899810791016,133.48199462890625,134.0959930419922,133.4290008544922
10.9,12.642162117782416,17.53884190420625,16.611146836235214,18.105093105245768,9.579239715484093,13.18730835784161,116.23400115966797,133.48699951171875,134.33900451660156,133.42999267578125
10.950000000000001,12.711431465614467,17.422597968832665,16.787226449602993,18.172106289117725,9.755344347244554,13.430304573787751,116.41000366210938,133.4929962158203,134.58200073242188,133.42999267578125
11.0,12.787520142185176,17.878789827116584,16.957178953252345,18.24213489095385,9.933439109076096,13.678305672686266,116.58799743652344,133.49899291992188,134.8300018310547,133.42999267578125
11.05,12.87857216689123,17.77489349538152,17.13339898573315,18.3111465573994,10.111510860374754,13.925299691347064,116.76599884033203,133.50399780273438,135.07699584960938,133.42999267578125
11.100000000000001,12.988690204965332,18.083629955131588,17.28998095728874,18.38217024530925,10.29061213443328,14.17529971674515,116.94499969482422,133.50999450683594,135.32699584960938,133.42999267578125
11.15,13.1171900477515,18.25664623344154,17.479294168145216,18.45319872718997,10.47268014379858,14.428305700166357,117.12699890136719,133.51499938964844,135.5800018310547,133.42999267578125
11.200000000000001,13.25946434897492,18.967610775083845,17.690401824028594,18.526219643288215,10.655747228220756,14.684302407594558,117.30999755859375,133.52000427246094,135.83599853515625,133.42999267578125
11.25,13.409450124322726,17.951150301822125,17.814033049496278,18.591233476627046,10.840795605705415,14.934302412868199,117.49500274658203,133.5240020751953,136.08599853515625,133.42999267578125
11.3,13.561034798515234,18.768746079277648,17.971219961413084,18.664264103240253,11.028858125287629,15.195304000556225,117.68299865722656,133.5290069580078,136.3470001220703,133.42999267578125
11.350000000000001,13.709141928417047,18.8542815966303,18.149718813692395,18.73728052906186,11.217926966853296,15.457297410393254,117.87200164794922,133.53399658203125,136.60899353027344,133.42999267578125
11.4,13.850804783042259,19.206793546246974,18.316513977896467,18.811307048985835,11.409969925729643,15.72330389177189,118.06400299072266,133.53799438476562,136.875,133.42999267578125
11.450000000000001,13.972956109111216,19.207694654816052,18.495023646494808,18.88632782525143,11.603012436431246,15.991311165550906,118.25700378417969,133.54200744628906,137.14300537109375,133.43099975585938
11.5,14.082371769994646,19.553185433503216,18.66246320713347,18.962346743043422,11.798053107595631,16.262307271243007,118.4520034790039,133.54600524902344,137.41400146484375,133.43099975585938
11.55,14.198419702686582,19.55624608724515,18.840598466319832,19.037374518259465,11.995092264435545,16.534310449591793,118.64900207519531,133.5500030517578,137.68600463867188,133.43099975585938
11.600000000000001,14.32211924759372,19.89720168990914,19.02195563979759,19.115394783823646,12.19311289716943,16.810311429252085,118.84700012207031,133.55299377441406,137.96200561523438,133.43099975585938
11.65,14.454296210828971,19.90083759954354,19.18637477640779,19.192414999933522,12.393150103631132,17.08730422722618,119.0469970703125,133.5570068359375,138.23899841308594,133.43099975585938
11.700000000000001,14.582843290967746,20.240569294266393,19.313670628326044,19.271435471667008,12.595175720699087,17.368310086629737,119.2490005493164,133.55999755859375,138.52000427246094,133.43099975585938
11.75,14.71085557141632,20.24618618375413,19.543174216519247,19.34944167553734,12.798200904817127,17.649300688016172,119.4520034790039,133.56300354003906,138.80099487304688,133.43099975585938
11.8,14.851642172848242,20.58555902171641,19.724855510763128,19.429477459757027,13.00421626644809,17.93531143066969,119.65799713134766,133.5659942626953,139.08700561523438,133.43099975585938
11.850000000000001,14.989135602414036,20.59218177201797,19.89864552830189,19.508484245436925,13.21122664983478,18.221306915949686,119.86499786376953,133.5679931640625,139.3730010986328,133.43099975585938
11.9,15.125273548418198,20.93097776428625,20.071063950105817,19.590497044074908,13.420247899588263,18.51230902554441,120.0739974975586,133.5709991455078,139.66400146484375,133.4320068359375
11.950000000000001,15.272981595618374,20.938251067648075,20.244119591389023,19.670503465826027,13.631263531912458,18.803309393540623,120.28500366210938,133.572998046875,139.9550018310547,133.4320068359375
12.0,15.41504890078723,21.275570762043426,20.416358124243043,19.75151704486392,13.845269754581484,19.098307562967793,120.4990005493164,133.5749969482422,140.25,133.4320068359375
12.05,15.553241510458856,21.283202832243415,20.58905379874287,19.832538353973074,14.060275384538217,19.394312813158187,120.71399688720703,133.57699584960938,140.54600524902344,133.4320068359375
12.100000000000001,15.701632148537318,21.621458100910914,20.76147943984305,19.915535722460827,14.277287459340693,19.694300606309017,120.93099975585938,133.57899475097656,140.8459930419922,133.4320068359375
12.15,15.85586637997152,21.63092695355112,20.93448837524381,19.99655722899491,14.497297760730454,19.9953107388214,121.1510009765625,133.58099365234375,141.14700317382812,133.4320068359375
12.200000000000001,16.012635117594126,21.966518057995135,21.107083251616682,20.08055440901154,14.718300726692151,20.30030341464421,121.37200164794922,133.58200073242188,141.45199584960938,133.4320068359375
12.25,16.168324566362926,21.97681432468759,21.280146065710028,20.16156858647152,14.942308668756224,20.605312962205822,121.59600067138672,133.58399963378906,141.7570037841797,133.43299865722656
12.3,16.320497367213417,22.310714577154414,21.452661621253828,20.245573410398933,15.168308837398694,20.915310520803327,121.8219985961914,133.5850067138672,142.06700134277344,133.43299865722656
12.350000000000001,16.467816840456813,22.321585913933703,21.6256020354454,20.328571074789444,15.39531600898439,21.225308079676452,122.04900360107422,133.58599853515625,142.3769989013672,133.43299865722656
12.4,16.61025362384232,22.654909391897384,21.797995198206515,20.41358296391763,15.625313941358819,21.540310521082784,122.27899932861328,133.58700561523438,142.69200134277344,133.43299865722656
12.450000000000001,16.74829475440349,22.66675404865929,21.970845496307636,20.496588270689024,15.85731831969282,21.85531296271102,122.51100158691406,133.58799743652344,143.0070037841797,133.43299865722656
12.5,16.883069836130367,22.99903382916302,22.143191803019594,20.581584934771325,16.0913194793608,22.1743132068537,122.74500274658203,133.58799743652344,143.3260040283203,133.43299865722656
12.55,17.016552608794697,23.01239082257959,22.31611060205321,20.665574566884633,16.32732168913633,22.49430685721225,122.98100280761719,133.58900451660156,143.64599609375,133.4340057373047
12.600000000000001,17.139959671498122,23.34438221382257,22.488403013344378,20.752577745103327,16.564321200855233,22.818311984170773,123.21800231933594,133.58900451660156,143.97000122070312,133.4340057373047
12.65,17.259627966866272,23.35953821900564,22.66126413988983,20.83857389132738,16.803319613941756,23.14330893258475,123.45700073242188,133.58900451660156,144.2949981689453,133.4340057373047
12.700000000000001,17.392149622615033,23.690413812070357,22.833653715297352,20.925577109764742,17.04431692839508,23.471311862282207,123.697998046875,133.58900451660156,144.6230010986328,133.4340057373047
12.75,17.525464815367194,23.704958701292735,23.006468152957865,21.013572142243333,17.28632132292644,23.801313693483657,123.94000244140625,133.58900451660156,144.9530029296875,133.4340057373047
12.8,17.66223127094409,24.035401709427045,23.17893686618513,21.10257424780308,17.53131644011395,24.135313327288088,124.18499755859375,133.58900451660156,145.28700256347656,133.4340057373047
12.850000000000001,17.814237143557598,24.05246658685079,23.352024933476837,21.190569320370628,17.7773186373796,24.46931296119849,124.43099975585938,133.58900451660156,145.62100219726562,133.4340057373047
12.9,17.976215391650967,24.380894291693345,23.524623423456433,21.27955663553438,18.026319186696433,24.807311852944647,124.68000030517578,133.58900451660156,145.95899963378906,133.43499755859375
12.950000000000001,18.143163821826562,24.398534234729517,23.697801442063458,21.368551203588012,18.277318691955582,25.147308190936972,124.93099975585938,133.58900451660156,146.2989959716797,133.43499755859375
13.0,18.309996651173808,24.726925891741928,23.870590648321347,21.45754621570129,18.53131851282536,25.490310510304482,125.18499755859375,133.58799743652344,146.64199829101562,133.43499755859375
13.05,18.47261685737253,24.744962371638273,24.043847803227216,21.546533221312657,18.78632339870487,25.834304651011568,125.44000244140625,133.58799743652344,146.98599243164062,133.43499755859375
13.100000000000001,18.62843291969738,25.071663166011543,24.216575898446113,21.6365355674972,19.0443209106612,26.182311853200975,125.697998046875,133.58700561523438,147.33399963378906,133.43499755859375
13.15,18.77668793308731,25.09153470576454,24.389775547122003,21.72552324393614,19.304324997532824,26.531310876706765,125.95800018310547,133.58599853515625,147.68299865722656,133.43499755859375
13.200000000000001,18.907253375451475,25.417370327478725,24.56247119866284,21.815525045914363,19.566326035784336,26.88331588163859,126.22000122070312,133.58599853515625,148.03500366210938,133.43499755859375
13.25,19.01508383438483,25.437926796061184,24.735768008139686,21.90551317760785,19.830327838626626,27.237321220428992,126.48400115966797,133.5850067138672,148.38900756835938,133.43600463867188
13.3,19.12384633947676,25.762646619285395,24.908492499125522,21.997499498766246,20.095329142599482,27.594315849392093,126.7490005493164,133.58399963378906,148.74600219726562,133.43600463867188
13.350000000000001,19.25121771574231,25.78482185430644,25.081728025871083,22.090485368500058,20.36132988989939,27.953309379713602,127.01499938964844,133.58299255371094,149.10499572753906,133.43600463867188
13.4,19.39655194064816,26.109794020891783,25.254617998790927,22.183485637486346,20.63032708265437,28.31530889149605,127.28399658203125,133.58299255371094,149.4669952392578,133.43600463867188
13.450000000000001,19.557257208728213,26.13179072777976,25.42794364809595,22.27747120111993,20.900333177010296,28.67930730462286,127.55400085449219,133.58200073242188,149.83099365234375,133.43600463867188
13.5,19.716629157946006,26.454423150323887,25.600693373954147,22.371464411398957,21.173337659164453,29.046311699224912,127.8270034790039,133.58099365234375,150.197998046875,133.43600463867188
13.55,19.871032083580737,26.47728331370216,25.773925468160535,22.463458975779165,21.449332788538502,29.41430791508019,128.10299682617188,133.5800018310547,150.5659942626953,133.43600463867188
13.600000000000001,20.047858304825244,26.798870318841075,25.946646183443487,22.55844558180999,21.72634267587656,29.78631851465467,128.3800048828125,133.57899475097656,150.93800354003906,133.43699645996094
13.65,20.246542317871768,26.822379362479456,26.119730649114977,22.651439870175075,22.006343211821637,30.159319613317972,128.66000366210938,133.5780029296875,151.31100463867188,133.43699645996094
13.700000000000001,20.46217886420262,27.143355253170657,26.29232914168417,22.74443417375523,22.2893345057367,30.53531143468917,128.9429931640625,133.57699584960938,151.68699645996094,133.43699645996094
13.75,20.685698755347612,27.169670960579616,26.465503558136014,22.836427677154568,22.57534524792729,30.91331741616129,129.22900390625,133.57699584960938,152.06500244140625,133.43699645996094
13.8,20.871490126946195,27.48906241669214,26.638145137876688,22.92942222171499,22.864348414678496,31.295321200427406,129.51800537109375,133.5760040283203,152.44700622558594,133.43699645996094
13.850000000000001,21.00965356496531,27.51548627086621,26.81121157953267,23.020402656178256,23.1553505235146,31.67730972584193,129.8090057373047,133.5749969482422,152.82899475097656,133.43699645996094
13.9,21.107348884468404,27.833942172699725,26.98362639471346,23.11339741075165,23.448351469784175,32.063311312846395,130.1020050048828,133.57400512695312,153.21499633789062,133.43699645996094
13.950000000000001,21.175564671680053,27.86079861360394,27.156527183295886,23.208385166098857,23.74135246810697,32.451313108117276,130.39500427246094,133.572998046875,153.60299682617188,133.43800354003906
14.0,21.24511324635106,28.178355009738898,27.328920369237387,23.30438612532393,24.036352304374553,32.84231957793888,130.69000244140625,133.57200622558594,153.99400329589844,133.43800354003906
14.05,21.32751317089898,28.206613924516244,27.501853430318796,23.400392845298175,24.332342294619913,33.23431786897344,130.98599243164062,133.57200622558594,154.38600158691406,133.43800354003906
14.100000000000001,21.431511223809768,28.523954027373808,27.67436180117207,23.4993692726926,24.629356331075627,33.63031396282149,131.2830047607422,133.5709991455078,154.78199768066406,133.43800354003906
14.15,21.560386322222858,28.53806632621209,27.845930497545332,23.597369342569444,24.92835394777333,34.027317136664784,131.58200073242188,133.57000732421875,155.1790008544922,133.43800354003906
14.200000000000001,21.712301771602142,28.822177934352485,28.013812765663516,23.697353041062854,25.228358689859864,34.4273110332479,131.8820037841797,133.56900024414062,155.57899475097656,133.43800354003906
14.25,21.87120039567327,28.807346406628902,28.177580310268446,23.79436150594023,25.531352464274217,34.827321418144216,132.18499755859375,133.56900024414062,155.97900390625,133.43899536132812
14.3,22.03096407271512,29.063739849722857,28.33504805357152,23.892346534221875,25.836362061437164,35.23032129616611,132.49000549316406,133.5679931640625,156.3820037841797,133.43899536132812
14.350000000000001,22.20206824606467,29.025469676501206,28.486046394135013,23.988332869576052,26.14436231559828,35.63431299540509,132.79800415039062,133.56700134277344,156.78599548339844,133.43899536132812
14.4,22.37626755395022,29.259399509304114,28.62859212779545,24.084339809015987,26.454359874193486,36.04031885485761,133.10800170898438,133.56700134277344,157.19200134277344,133.43899536132812
14.450000000000001,22.53574367186635,29.20215731998491,28.762727998433547,24.17834257495329,26.76635795950622,36.44632471426336,133.4199981689453,133.5659942626953,157.59800720214844,133.43899536132812
14.5,22.66663497621673,29.41787044526804,28.88667954198646,24.272330175655195,27.080353320834575,36.85431545920847,133.73399353027344,133.5659942626953,158.00599670410156,133.44000244140625
14.55,22.78028318976364,29.345257694529096,29.000543918987745,24.36431907143839,27.39636439877077,37.26232021999132,134.0500030517578,133.56500244140625,158.41400146484375,133.44000244140625
14.600000000000001,22.89616507830968,29.546245704129174,29.10277308666328,24.457320171517075,27.71336574154453,37.67232388214842,134.36700439453125,133.56500244140625,158.82400512695312,133.44000244140625
14.65,23.021764994239472,29.461177203952957,29.195084174437362,24.548302039191146,28.03236757535166,38.08231228552309,134.68600463867188,133.56399536132812,159.23399353027344,133.44000244140625
14.700000000000001,23.156689818971333,29.650214146065927,29.277887795608706,24.63831249192143,28.353366720859864,38.49332302774884,135.0070037841797,133.56399536132812,159.64500427246094,133.44000244140625
14.75,23.312100987545694,29.55506568827159,29.35265972377298,24.726298950323628,28.67636629051057,38.90431970794612,135.3300018310547,133.56300354003906,160.05599975585938,133.4409942626953
14.8,23.482234075702568,29.73445525996265,29.419731264796958,24.81429531942415,29.001363238753083,39.31731409274433,135.65499877929688,133.56300354003906,160.468994140625,133.4409942626953
14.850000000000001,23.660936730422552,29.951174352575148,29.512301732404353,24.90229169586755,29.329366168441076,39.733314459036876,135.98300170898438,133.56300354003906,160.88499450683594,133.4409942626953
14.9,23.84143863828371,30.09395197811548,29.59575697928549,24.990283183461717,29.65936953616708,40.15131372666771,136.31300354003906,133.56199645996094,161.30299377441406,133.4409942626953
14.950000000000001,24.005669005369047,29.955386917544775,29.671079939041476,25.075288904153858,29.991370268589737,40.56832117298361,136.64500427246094,133.56199645996094,161.72000122070312,133.4409942626953
15.0,24.150603169849305,30.093553725567595,29.738648267071433,25.157283861330374,30.326361723667972,40.9853145766491,136.97999572753906,133.56199645996094,162.13699340820312,133.44200134277344
15.05,24.286106479903943,29.95534915744864,29.799657413363388,25.238291853806363,30.6623602588243,41.40232202297335,137.3159942626953,133.56199645996094,162.5540008544922,133.44200134277344
15.100000000000001,24.41221327418926,30.093519398570614,29.854384782807536,25.31627396438122,31.00136622630261,41.81931421051527,137.65499877929688,133.56100463867188,162.9709930419922,133.44200134277344
15.15,24.5476088330299,29.955349163100692,29.90380197872231,25.393284224407527,31.341362564193496,42.2363216568634,137.9949951171875,133.56100463867188,163.38800048828125,133.44200134277344
15.200000000000001,24.6915361294527,30.093519402833948,29.948132504399116,25.46826509294392,31.683373062240477,42.65331384438688,138.33700561523438,133.56100463867188,163.80499267578125,133.44200134277344
15.25,24.843636375507664,29.95534916696035,29.98816085226799,25.54127300180123,32.027367202865484,43.07032247024238,138.68099975585938,133.56100463867188,164.2220001220703,133.4429931640625
15.3,25.00286413485145,30.093519404417986,30.02406726671352,25.612271391599254,32.37436732493581,43.48832173783757,139.0279998779297,133.56100463867188,164.63999938964844,133.4429931640625
15.350000000000001,25.166627311746527,29.95534916782194,30.0244847482382,25.680263835690944,32.72237452708438,43.90432210413707,139.37600708007812,133.56100463867188,165.05599975585938,133.4429931640625
15.4,25.331976750318272,30.093519404869337,30.024441490913585,25.747264472889743,33.073372451889234,44.32232137173091,139.7270050048828,133.56100463867188,165.4739990234375,133.4429931640625
15.450000000000001,25.49628086906269,29.955349167428754,30.024437715901986,25.81026735262622,33.426369278061316,44.738321738030386,140.0800018310547,133.56100463867188,165.88999938964844,133.4429931640625
15.5,25.657416167934496,30.093519404176924,30.02443428376292,25.87225859214551,33.78237208567864,45.156322218797534,140.43600463867188,133.56100463867188,166.30799865722656,133.44400024414062
15.55,25.814232581835082,29.95534916580023,30.024434284598073,25.93025665748475,34.14037379466306,45.57232258508782,140.79400634765625,133.56100463867188,166.7239990234375,133.44400024414062
15.600000000000001,25.956073304875407,30.093553735589314,30.024437718299943,25.989261795508078,34.4993673249365,45.99032185268857,141.1529998779297,133.56100463867188,167.14199829101562,133.44400024414062
15.65,26.08452104013989,29.955349164786192,30.024437718468494,26.043262103763343,34.86136683665545,46.40632221897158,141.51499938964844,133.56100463867188,167.55799865722656,133.44400024414062
15.700000000000001,26.219485065253167,30.093553735079876,30.02444115169309,26.098254225770386,35.224373428452566,46.82432148657604,141.8780059814453,133.56100463867188,167.9759979248047,133.44400024414062
15.75,26.35283034820756,29.955349164640804,30.024441151461133,26.148252288919377,35.59037074290589,47.24032307185474,142.24400329589844,133.56100463867188,168.39199829101562,133.44500732421875
15.8,26.486282072248898,30.093553735303978,30.024444584549734,26.199266329927404,35.95736121888923,47.658322339461385,142.61099243164062,133.56199645996094,168.80999755859375,133.44500732421875
15.850000000000001,26.63514384754936,29.9553491640299,30.024444584170528,26.24626293242605,36.32636451478772,48.07432270573415,142.97999572753906,133.56199645996094,169.2259979248047,133.44500732421875
15.9,26.796856210545467,30.0935537356083,30.024448017244424,26.29325953676425,36.69736671205336,48.49232197334261,143.3509979248047,133.56199645996094,169.6439971923828,133.44500732421875
15.950000000000001,26.968360139124286,29.955349164361508,30.024448016937697,26.336258379312046,37.07137489076449,48.90932941969075,143.72500610351562,133.56199645996094,170.06100463867188,133.44500732421875
16.0,27.145300589267013,30.09355373596615,30.024451450116622,26.37725396139476,37.447366712054,49.32632278675026,144.1009979248047,133.56199645996094,170.47799682617188,133.4459991455078
16.05,27.3117645394641,29.95534916509314,30.024451450045916,26.416255049576225,37.82537269349968,49.74333023309968,144.47900390625,133.56199645996094,170.89500427246094,133.4459991455078
16.1,27.464226050516718,30.09351940420076,30.024448016907066,26.452254621858273,38.206370728595154,50.1603224206334,144.86000061035156,133.56300354003906,171.31199645996094,133.4459991455078
16.150000000000002,27.610638166270338,29.955349165482147,30.024448016976656,26.487257941901493,38.58837451277485,50.577329866981536,145.24200439453125,133.56300354003906,171.72900390625,133.4459991455078
16.2,27.7492379324977,30.093553736883386,30.02444801715701,26.51925531081562,38.97336901961085,50.99432205451622,145.6269989013672,133.56300354003906,172.14599609375,133.4459991455078
16.25,27.897414659540708,29.955349165782422,30.024448017271176,26.549253798363804,39.36037768660309,51.41132950086308,146.01400756835938,133.56300354003906,172.56300354003906,133.4459991455078
16.3,28.053690295220456,30.093519405285324,30.02444458426931,26.57826040788613,39.74836418380832,51.828322904499764,146.40199279785156,133.56399536132812,172.97999572753906,133.44700622558594
16.35,28.21767188694368,29.95534916625191,30.024444584491512,26.604261132721664,40.13937065353489,52.24533035084474,146.79299926757812,133.56399536132812,173.39700317382812,133.44700622558594
16.400000000000002,28.388059827297873,30.093553738131146,30.024444584743797,26.627255905775453,40.533367845917766,52.66232253838143,147.18699645996094,133.56399536132812,173.81399536132812,133.44700622558594
16.45,28.562011427037138,29.955349166799145,30.02444458498756,26.649263307392086,40.92837340217343,53.079329984725156,147.58200073242188,133.56500244140625,174.2310028076172,133.44700622558594
16.5,28.736359546589476,30.093519406519423,30.024441152042886,26.668260313764254,41.327375477369,53.4973292523414,147.9810028076172,133.56500244140625,174.6490020751953,133.44700622558594
16.55,28.89728199692854,29.955349167405267,30.024441152274097,26.68426225947887,41.7273693738535,53.913330800946895,148.38099670410156,133.56500244140625,175.06500244140625,133.447998046875
16.6,29.032819116839264,30.093553739397212,30.02444458579374,26.699261505087115,42.13036925178319,54.33133006856313,148.78399658203125,133.56500244140625,175.48300170898438,133.447998046875
16.650000000000002,29.16256432278915,29.955349168020575,30.024444586047583,26.711259161013956,42.53437742723068,54.74733043482641,149.18800354003906,133.5659942626953,175.8990020751953,133.447998046875
16.7,29.296377861850853,30.093553740252506,30.024444586384494,26.72326771095472,42.940368027816966,55.1653297024437,149.593994140625,133.5659942626953,176.31700134277344,133.447998046875
16.75,29.425868939095718,29.955349168812525,30.0244445866875,26.7312632384122,43.348372788559494,55.58133006870638,150.0019989013672,133.5659942626953,176.73300170898438,133.447998046875
16.8,29.55748515844091,30.09355374113288,30.024448020272256,26.73925876607338,43.75837768749812,55.999330549495276,150.41200256347656,133.56700134277344,177.1510009765625,133.44900512695312
16.85,29.703788711461293,29.955349169471095,30.02444802059418,26.744263600077378,44.16937317089666,56.41533091575735,150.822998046875,133.56700134277344,177.56700134277344,133.44900512695312
16.900000000000002,29.875041537453967,30.093553741947556,30.024448020975818,26.748261363981825,44.58337463574043,56.83333018337622,151.23699951171875,133.56700134277344,177.98500061035156,133.44900512695312
16.95,30.06573332308444,29.955349170227993,30.024448021318705,26.7472542936312,45.00038208203026,57.249330549637705,151.6540069580078,133.56700134277344,178.4010009765625,133.44900512695312
17.0,30.270068774886784,30.093553742916672,30.02445145495843,26.746266876074742,45.41937434479898,57.66732981725765,152.072998046875,133.5679931640625,178.81900024414062,133.44900512695312
17.05,30.480020996324,29.955349171177257,30.024451455335633,26.740265836282244,45.841371415113706,58.08333136585894,152.4949951171875,133.5679931640625,179.23500061035156,133.4499969482422
17.1,30.68705839503562,30.09355374365352,30.02445145576126,26.733262120396795,46.266374466872605,58.50133063347889,152.9199981689453,133.5679931640625,179.6529998779297,133.4499969482422
17.150000000000002,30.884084497236984,29.955349172038417,30.024451456163046,26.72226510651924,46.6943846848757,58.9183380798172,153.34800720214844,133.56900024414062,180.07000732421875,133.4499969482422
17.2,31.05972841571119,30.093553744629332,30.02445145660073,26.708257677215187,47.12538444073521,59.33533026735912,153.7790069580078,133.56900024414062,180.48699951171875,133.4499969482422
17.25,31.218199278799613,29.955349172796108,30.02445145699909,26.693273695102366,47.55737601788369,59.75233771369683,154.21099853515625,133.56900024414062,180.9040069580078,133.4499969482422
17.3,31.226085230702665,30.093553745540714,30.02445145743987,26.676260314537377,47.9913829236196,60.16933111733979,154.64500427246094,133.57000732421875,181.3209991455078,133.4510040283203
17.35,31.19948079171409,29.95534917370335,30.02445145786309,26.659277451285156,48.42537340214769,60.5863385636775,155.07899475097656,133.57000732421875,181.73800659179688,133.4510040283203
17.400000000000002,31.17287628852314,30.0935537464507,30.024451458313404,26.643271141156657,48.858372059391016,61.003330751220496,155.51199340820312,133.57000732421875,182.15499877929688,133.4510040283203
17.45,31.146343745995875,29.955349174616458,30.024451458752253,26.62726928221285,49.29138711130832,61.42033819755818,155.94500732421875,133.5709991455078,182.57200622558594,133.4510040283203
17.5,31.11981123470051,30.093553747393432,30.02445145919993,26.61227004499116,49.723378688469744,61.83733038510171,156.3769989013672,133.5709991455078,182.98899841308594,133.4510040283203
17.55,31.093313082889782,29.9553491755162,30.02445145963382,26.597266351630545,50.155385524416516,62.254339010923914,156.8090057373047,133.5709991455078,183.406005859375,133.45199584960938
17.6,31.066852725756,30.09351941610304,30.024448026878776,26.58227163981588,50.58737827544697,62.67133119846807,157.24099731445312,133.57200622558594,183.822998046875,133.45199584960938
17.650000000000002,31.04039239800603,29.95534917652152,30.024448027327082,26.568279472821793,51.01837803131058,63.088338644804686,157.6719970703125,133.57200622558594,184.24000549316406,133.45199584960938
17.7,31.013969870105626,30.093519417061863,30.024444594570337,26.55527911729079,51.44937778717267,63.50633791242687,158.10299682617188,133.57200622558594,184.6580047607422,133.45199584960938
17.75,30.98758171413549,29.955349177373094,30.024444595028037,26.541271691963924,51.879385721744605,63.9223382786849,158.5330047607422,133.57200622558594,185.07400512695312,133.45199584960938
17.8,31.68547772130706,30.093553750295758,30.024444595503542,26.525280575684132,52.313377333605224,64.34033875947763,158.9669952392578,133.572998046875,185.49200439453125,133.4530029296875
17.85,32.830926355772185,29.95534917837894,30.0244445959711,26.491269083462893,52.76338954093677,64.75633912573564,159.41700744628906,133.572998046875,185.9080047607422,133.4530029296875
17.900000000000002,33.884502608139286,30.093553751278325,30.02444459645386,26.444272496485162,53.228385879268764,65.17433839335834,159.8820037841797,133.572998046875,186.3260040283203,133.4530029296875
17.95,34.800558151594046,29.955349179365317,30.02444459692875,26.382276676469925,53.7063827058076,65.5903387596163,160.36000061035156,133.572998046875,186.74200439453125,133.4530029296875
18.0,35.529956426860174,30.09355375229034,30.024444597418437,26.31027581036022,54.19638923405978,66.00833802723898,160.85000610351562,133.57400512695312,187.16000366210938,133.4530029296875
18.05,36.10009072685446,29.955349180289808,30.0244445978958,26.228271390957794,54.6943903327583,66.42433957583731,161.34800720214844,133.57400512695312,187.5760040283203,133.45399475097656
18.1,36.46909252727782,30.09355375326212,30.024448031611712,26.141281948307817,55.19937995678658,66.84233884345994,161.85299682617188,133.57400512695312,187.99400329589844,133.45399475097656
18.150000000000002,36.60481614467936,29.95534918127228,30.024448032086788,26.049292270025067,55.70737653049483,67.25833920971797,162.36099243164062,133.5749969482422,188.41000366210938,133.45399475097656
18.2,36.54541475506228,30.093553754228477,30.024451465803445,25.959281647780546,56.21538739483504,67.67633847734072,162.86900329589844,133.5749969482422,188.8280029296875,133.45399475097656
18.25,36.39889429548112,29.955349182197857,30.02445146628592,25.86828395200076,56.72239217936529,68.09233884359872,163.37600708007812,133.5760040283203,189.24400329589844,133.45399475097656
18.3,36.221055347598124,30.093519422954614,30.024448033551806,25.78228637650461,57.22638998227754,68.51033811122143,163.8800048828125,133.5760040283203,189.66200256347656,133.45399475097656
18.35,36.05509150413727,29.9553491831907,30.024448034032986,25.697295803559783,57.72738278548659,68.92633969647927,164.38099670410156,133.57699584960938,190.0780029296875,133.4550018310547
18.400000000000002,35.94665821812217,30.093553756170436,30.024448034522198,25.615295998085852,58.22738278560087,69.34433896410195,164.88099670410156,133.57699584960938,190.49600219726562,133.4550018310547
18.45,35.92628051524834,29.955349184207456,30.02444803500641,25.53328577136556,58.7263919805922,69.76133115164883,165.3800048828125,133.5780029296875,190.91299438476562,133.4550018310547
18.5,35.97700523167027,30.093553757141635,30.02444803549154,25.451301252118427,59.22538490053304,70.17833859798252,165.87899780273438,133.5780029296875,191.3300018310547,133.4550018310547
18.55,36.085686548867,29.955349185173645,30.024448035979923,25.367287343826447,59.726391980613975,70.59533078552951,166.3800048828125,133.5780029296875,191.7469940185547,133.4550018310547
18.6,36.23220570989447,30.09355375816532,30.024448036470243,25.2822968913169,60.228391861772835,71.01233941134832,166.8820037841797,133.57899475097656,192.16400146484375,133.45599365234375
18.650000000000002,36.392766960391405,29.955349186141525,30.02444803695717,25.194300499801052,60.73338148579847,71.42933159889526,167.38699340820312,133.57899475097656,192.58099365234375,133.45599365234375
18.7,36.56412588343134,30.09355375921245,30.024448037455567,25.10430523840216,61.24038526998246,71.84633904522957,167.8939971923828,133.57899475097656,192.9980010986328,133.45599365234375
18.75,36.734763868428715,29.955349187090718,30.024448037944858,25.012300821502095,61.74938895180507,72.26333123277645,168.4029998779297,133.5800018310547,193.4149932861328,133.45599365234375
18.8,36.87624351733513,30.093553760221774,30.024451471671576,24.918307840573114,62.260390538722405,72.68033867911069,168.91400146484375,133.5800018310547,193.83200073242188,133.45599365234375
18.85,36.97488336341383,29.95534918807581,30.02445147216008,24.822295722447834,62.77339102700441,73.09733208275753,169.427001953125,133.5800018310547,194.24899291992188,133.45700073242188
18.900000000000002,37.050125752764856,30.09355376122046,30.024451472665085,24.725312054650402,63.288390416652845,73.51534660916984,169.94200134277344,133.5800018310547,194.66700744628906,133.45700073242188
18.95,37.10772475848087,29.955349189117992,30.024451473156137,24.626303976287748,63.80339076135973,73.93133171663824,170.45700073242188,133.58099365234375,195.08299255371094,133.45700073242188
19.0,37.14444287278386,30.09351943000746,30.024448040442717,24.529320347283523,64.31839015100937,74.34934624305117,170.9720001220703,133.58099365234375,195.50100708007812,133.45700073242188
19.05,37.16136495109452,29.955349190212903,30.024448040946645,24.429315526583178,64.83439662073829,74.76534660930852,171.48800659179688,133.58099365234375,195.91700744628906,133.45700073242188
19.1,37.160283175222006,30.093553763313317,30.024448041461444,24.330312749255352,65.3513949117573,75.18334705361865,172.0050048828125,133.58099365234375,196.3350067138672,133.45799255371094
19.150000000000002,37.14372440697554,29.95534919117116,30.024448041964405,24.230328320678147,65.86738710547645,75.59934741987543,172.52099609375,133.58200073242188,196.75100708007812,133.45799255371094
19.200000000000003,37.11564374015014,30.093519432081273,30.024444609251287,24.133329474136588,66.38238649512934,76.01734668749862,173.03599548339844,133.58200073242188,197.16900634765625,133.45799255371094
19.25,37.079642618102724,29.955349192204604,30.02444460976268,24.034331762965724,66.8973858847819,76.43334705375483,173.55099487304688,133.58200073242188,197.5850067138672,133.45799255371094
19.3,37.04256348307663,30.093519433145406,30.024441177055042,23.93733293735697,67.41238527443384,76.85134632137802,174.0659942626953,133.58200073242188,198.0030059814453,133.45799255371094
19.35,37.01016043093876,29.955349193259377,30.0244411775734,23.83932183829462,67.92639284279586,77.26734790663471,174.5800018310547,133.58200073242188,198.41900634765625,133.45899963378906
19.400000000000002,36.977760839330244,30.09355376647777,30.024441178099135,23.743330079282092,68.4403851523678,77.6853471742585,175.093994140625,133.58200073242188,198.83700561523438,133.45899963378906
19.450000000000003,36.945361280323986,29.955349194268283,30.024441178614165,23.6463364440273,68.9533865994295,78.10134754051471,175.60699462890625,133.58299255371094,199.2530059814453,133.45899963378906
19.5,36.91296174867463,30.093553767517033,30.024444612365123,23.551336534747232,69.46638708771133,78.5193468081379,176.1199951171875,133.58299255371094,199.67100524902344,133.45899963378906
19.55,36.88056224215582,29.955349195361705,30.02444461288,23.454337762491168,69.97938757599299,78.9353471743947,176.63299560546875,133.58299255371094,200.08700561523438,133.45899963378906
19.6,36.848162757229524,30.09355376856775,30.024444613405443,23.3603243584201,70.49139624298542,79.35334765518904,177.14500427246094,133.58299255371094,200.5050048828125,133.4600067138672
19.650000000000002,36.816120346525274,29.9553491964036,30.024444613928686,23.266316267048484,71.00239782989962,79.7703398427348,177.656005859375,133.58299255371094,200.9219970703125,133.4600067138672
19.700000000000003,36.78372089419661,30.09355376962441,30.024448047683002,23.172323445030617,71.51339941681377,80.18734728906962,178.16700744628906,133.58299255371094,201.33900451660156,133.4600067138672
19.75,36.75168194848203,29.95534919744407,30.02444804820695,23.07833063358828,72.02438574493884,80.60433947661538,178.67799377441406,133.58299255371094,201.75599670410156,133.4600067138672
19.8,36.35640067247292,30.093553770647528,30.024451481957165,22.98634211625087,72.53338942675896,81.0213469229502,179.18699645996094,133.58399963378906,202.17300415039062,133.4600067138672
19.85,34.61903978129836,30.014967370164797,30.030413299647705,22.9143315954046,73.02339492030626,81.4393473691707,179.677001953125,133.58399963378906,202.59100341796875,133.46099853515625
19.900000000000002,33.136956313619294,30.09409620980849,30.030467543980773,22.86332219994324,73.49139724043437,81.85633955680568,180.14500427246094,133.58399963378906,203.00799560546875,133.46099853515625
19.950000000000003,31.765752411154136,29.955349189644892,30.030467543518434,22.831340241259777,73.94038710935007,82.27334700311701,180.593994140625,133.58399963378906,203.4250030517578,133.46099853515625
20.0,30.542401079912974,30.093519433657004,30.030464110132424,22.817332876186867,74.3713868657447,82.69033919069241,181.02499389648438,133.58399963378906,203.8419952392578,133.46099853515625
20.05,29.642762576776775,29.955349191934726,30.030464109789726,22.818339941486144,74.78738723218852,83.10734663700619,181.4409942626953,133.58399963378906,204.25900268554688,133.46099853515625
20.1,29.049663370800012,30.09355376764123,30.03046410969708,22.828313640605412,75.19440017167007,83.52434004067575,181.84800720214844,133.58399963378906,204.67599487304688,133.46200561523438
20.150000000000002,28.692326935389193,29.955349193780577,30.03046410943478,22.8453269476383,75.59439406816577,83.94134748699165,182.2480010986328,133.58399963378906,205.09300231933594,133.46200561523438
20.200000000000003,28.562547691657763,30.093553769293642,30.030464109401702,22.865310325764206,75.99139851943822,84.35833967455802,182.64500427246094,133.58299255371094,205.50999450683594,133.46200561523438
20.25,28.56146764270473,29.955349195601247,30.030464109217416,22.885314318503784,76.38840169349997,84.77534712087659,183.04200744628906,133.58299255371094,205.927001953125,133.46200561523438
20.3,28.622810333617966,30.09355377086269,30.03046410923893,22.90632537789613,76.78538960883657,85.19334638851828,183.43899536132812,133.58299255371094,206.34500122070312,133.46200561523438
20.35,28.658846536894536,29.955349197528896,30.02450229197534,22.924315239550854,77.18339986301835,85.60934675476061,183.83700561523438,133.58299255371094,206.76100158691406,133.46200561523438
20.400000000000002,28.61481822643836,30.0935537724965,30.024448048244142,22.944314025355702,77.58139485832716,86.02734719908729,184.23500061035156,133.58299255371094,207.1790008544922,133.46299743652344
20.450000000000003,28.460808328821344,29.955349199119905,30.02444804919164,22.96431802451922,77.97739095217273,86.44334756533111,184.63099670410156,133.58299255371094,207.59500122070312,133.46299743652344
20.5,28.206036774458106,30.093553773922782,30.024451483218222,22.989306424771666,78.37039757481509,86.86134683296818,185.0240020751953,133.58200073242188,208.01300048828125,133.46299743652344
20.55,27.87109259684884,29.955349200812208,30.024451484105974,23.01631411993675,78.75938988438782,87.27734719921288,185.41299438476562,133.58200073242188,208.4290008544922,133.46299743652344
20.6,27.474012232220343,30.093553775391324,30.024451484880984,23.050310248284262,79.14339256993662,87.69534646684797,185.7969970703125,133.58200073242188,208.8470001220703,133.46299743652344
20.650000000000002,27.06717639204104,29.95534920234124,30.024451485737046,23.08829895863385,79.52139855139166,88.1113480520941,186.1750030517578,133.58200073242188,209.26300048828125,133.46400451660156
20.700000000000003,26.703072249445476,30.093553776813206,30.024451486489006,23.133296541114454,79.89439965003453,88.52934731972869,186.54800415039062,133.58200073242188,209.68099975585938,133.46400451660156
20.75,26.376984250820925,29.955349203901974,30.024451487319077,23.18130006823914,80.26239586586023,88.94534768597637,186.91600036621094,133.58200073242188,210.0970001220703,133.46400451660156
20.8,26.12822457029406,30.09355377823415,30.024451488056222,23.235300224847474,80.6263942789468,89.36334695360965,187.27999877929688,133.58200073242188,210.51499938964844,133.46400451660156
20.85,26.018100358998478,29.955349205405327,30.024451488843862,23.289300384579317,80.98839379066892,89.77934731985788,187.64199829101562,133.58200073242188,210.93099975585938,133.46400451660156
20.900000000000002,26.066088335633292,30.093553779630373,30.024451489557254,23.345294431547284,81.35039330241614,90.19734776417623,188.00399780273438,133.58200073242188,211.3489990234375,133.46499633789062
20.950000000000003,26.21923271162122,29.955349206781147,30.02445149032338,23.398287541897137,81.71339989428245,90.61334813042595,188.36700439453125,133.58200073242188,211.76499938964844,133.46499633789062
21.0,26.429940382146494,29.971083676318024,30.0122044805629,23.44929703728359,82.07939720883708,91.03035557695002,188.73300170898438,133.58200073242188,212.1820068359375,133.46499633789062
21.05,26.653356267919055,29.424208229206208,29.959090383402305,23.492280511109097,82.44840050484261,91.44234289375925,189.1020050048828,133.58200073242188,212.593994140625,133.46499633789062
21.1,26.851680499781875,29.153741202771204,29.86510912614029,23.527298998096995,82.82039452348353,91.84935583519169,189.4739990234375,133.58200073242188,213.00100708007812,133.46499633789062
21.150000000000002,26.992369481991393,25.800146474555838,29.449588853361753,23.533275384562852,83.19440270224669,92.22934697538464,189.84800720214844,133.58200073242188,213.38099670410156,133.46600341796875
21.200000000000003,27.05806992172816,24.181544051303955,28.858387880810824,23.515285493407298,83.56940270226687,92.58635691173058,190.22300720214844,133.58200073242188,213.73800659179688,133.46600341796875
21.25,27.041257854600488,23.70845370153996,28.233698330574622,23.488298016231834,83.94539583170909,92.9353634967653,190.5989990234375,133.58299255371094,214.08700561523438,133.46600341796875
21.3,26.947549992819155,23.091183053246688,27.53346125807588,23.454287762281687,84.32039583171031,93.27639990308343,190.9739990234375,133.58299255371094,214.42799377441406,133.46600341796875
21.35,26.803083498335813,22.366558424241987,26.774582179959545,23.414299757662917,84.69339693035379,93.60953393342359,191.3470001220703,133.58299255371094,214.76100158691406,133.46600341796875
21.400000000000002,26.642595740757642,21.5592882144676,25.921155623443262,23.367315084146874,85.06439912763827,93.93376406562557,191.71800231933594,133.58299255371094,215.0850067138672,133.46600341796875
21.450000000000003,26.497694840287693,20.699421849047518,24.995562887669898,23.312329856085356,85.43340242355566,94.24808208766868,192.08700561523438,133.58299255371094,215.3990020751953,133.46600341796875
21.5,26.3939428661837,19.99075257373724,23.99752977741182,23.256357066099113,85.80039155930987,94.55918741969613,192.45399475097656,133.58299255371094,215.7100067138672,133.4669952392578
21.55,26.350636313569865,19.23629597719518,22.978738552210718,23.192348414765192,86.16640551803856,94.86121344247644,192.82000732421875,133.58399963378906,216.01199340820312,133.4669952392578
21.6,26.36751944204857,18.482963677402676,21.91166079967386,23.117361707182845,86.53240283249168,95.1522365171965,193.18600463867188,133.58399963378906,216.30299377441406,133.4669952392578
21.650000000000002,26.430304878891686,17.727280376073708,21.10437418982565,23.030379391091266,86.89939196823659,95.43224658683707,193.55299377441406,133.58399963378906,216.58299255371094,133.4669952392578
21.700000000000003,26.521888274286656,16.949429413102695,20.381162726005524,22.931386437578556,87.26740344285385,95.70126388215928,193.92100524902344,133.58399963378906,216.8520050048828,133.4669952392578
21.75,26.617325494447236,16.181697764943692,19.6284871323459,22.81939162203895,87.636391479974,95.95825432793512,194.2899932861328,133.58399963378906,217.10899353027344,133.4669952392578
21.8,26.691809724275142,15.341750658020729,18.853543892823303,22.695391995055697,88.0064032264726,96.20425687931521,194.66000366210938,133.5850067138672,217.35499572753906,133.4669952392578
21.85,26.72510889585199,14.509205196573772,18.06780857005648,22.55739405563702,88.37740542374235,96.43725859073652,195.031005859375,133.5850067138672,217.58799743652344,133.4669952392578
21.900000000000002,26.702178585606994,13.660859900095819,17.277965738619304,22.40840914705895,88.7483923622193,96.6592588718109,195.40199279785156,133.5850067138672,217.80999755859375,133.4669952392578
21.950000000000003,26.621789675869685,12.803160241090323,16.488339577823584,22.247415221600544,89.11939455948597,96.86926611340985,195.7729949951172,133.5850067138672,218.02000427246094,133.4669952392578
22.0,26.49575417910195,11.929879640570686,15.682252284506927,22.07640130777142,89.48740737061901,97.06625813548416,196.14100646972656,133.58599853515625,218.2169952392578,133.4669952392578
22.05,26.334006166815097,11.046950094184131,14.863317696205822,21.893419093249435,89.85439650637298,97.2502655281129,196.50799560546875,133.58599853515625,218.4010009765625,133.4669952392578
22.1,26.15368260653554,10.14841627706713,14.02986295617227,21.70141882077453,90.21839491947546,97.42226493691216,196.8719940185547,133.58599853515625,218.572998046875,133.4669952392578
22.150000000000002,25.964357085538754,9.24583895422744,13.181718813987644,21.499424017682912,90.58039443121083,97.5822716828124,197.23399353027344,133.58599853515625,218.73300170898438,133.4669952392578
22.200000000000003,25.76423404356099,8.333968137900506,12.320172686467426,21.286418064561783,90.93940463280046,97.72827176374528,197.59300231933594,133.58700561523438,218.87899780273438,133.4669952392578
22.25,25.568321839819962,7.4197346856319255,11.443976378536249,21.06441914187136,91.29540744043004,97.86227940611865,197.94900512695312,133.58700561523438,219.01300048828125,133.4669952392578
22.3,25.386664410022902,6.4998988974671175,10.559791202480888,20.830426963623857,91.64939608789865,97.9822807149093,198.30299377441406,133.58700561523438,219.13299560546875,133.4669952392578
22.35,25.235392785608873,5.578768697642831,9.666747552587793,20.58741697135506,92.00040927149587,98.09028998736719,198.6540069580078,133.58700561523438,219.24099731445312,133.4669952392578
22.400000000000002,25.122496102722266,4.6506352623963965,8.76572508881785,20.33144313048226,92.35040152155602,98.18430883835299,199.00399780273438,133.58799743652344,219.3350067138672,133.4669952392578
22.450000000000003,25.02936456566551,3.725911179420515,7.858000182650871,20.065438693353457,92.69840872370467,98.26632115680052,199.3520050048828,133.58799743652344,219.41700744628906,133.4669952392578
22.5,24.93590862424938,0.574128449578418,6.722425063551644,19.731414769436952,93.04540884577591,98.28081523165962,199.69900512695312,133.58799743652344,219.42999267578125,133.4669952392578
22.55,24.823300426704396,0.8362534595465599,5.701355400087886,19.38841515286586,93.39041006647989,98.29020939458248,200.04400634765625,133.58799743652344,219.4320068359375,133.4669952392578
22.6,24.682503632212363,0.9396342904653463,4.780477201427709,19.047400969418455,93.73440420710506,98.3012489222048,200.38800048828125,133.58799743652344,219.43499755859375,133.4669952392578
22.650000000000002,24.50862430789525,0.9201583651556878,3.9479091425205333,18.70939825833493,94.07540762507394,98.31238836922202,200.72900390625,133.58799743652344,219.43800354003906,133.4669952392578
22.700000000000003,24.302415957915674,0.8163300730843318,3.196145336038916,18.374414566493428,94.41439837881748,98.32282971895756,201.0679931640625,133.58900451660156,219.44200134277344,133.4669952392578
22.75,24.082563921241956,0.663598863857818,2.5205317538615053,18.043411806509535,94.74940509268835,98.33159627646042,201.4029998779297,133.58900451660156,219.4459991455078,133.4669952392578
22.8,23.869659010613546,0.49183496799848136,1.9197253609146414,17.713434092724874,95.08239764640332,98.33796932268149,201.73599243164062,133.58900451660156,219.44900512695312,133.4669952392578
22.85,23.645487970541783,0.32431732788150536,1.394280223938509,17.38643254312446,95.4123994774615,98.34253319359567,202.0659942626953,133.58900451660156,219.45199584960938,133.4669952392578
22.900000000000002,23.393198793206704,0.17846099994238915,0.9470627976931084,17.062436562035625,95.73840350578615,98.34505019265754,202.39199829101562,133.58900451660156,219.45399475097656,133.4669952392578
22.950000000000003,23.121578816186606,0.0742653735242856,0.5818982171034854,16.74145311566896,96.0614030754425,98.34704909558766,202.71499633789062,133.58999633789062,219.45599365234375,133.4669952392578
23.0,22.83807985850139,0.07159185920923032,0.5316445580665667,16.424459846538042,96.38040331958952,98.34932462755195,203.03399658203125,133.58999633789062,219.45799255371094,133.4669952392578
23.05,22.55004218735723,0.11582051616863748,0.4596012637287745,16.11146427954927,96.69441393971302,98.3513510767894,203.34800720214844,133.58999633789062,219.45899963378906,133.4669952392578
23.1,22.263122044077406,0.1420467033930833,0.3798425050215482,15.800483190996825,97.00540331960099,98.35341814631244,203.65899658203125,133.58999633789062,219.45899963378906,133.4669952392578
23.150000000000002,21.980486613123695,0.14753488071752485,0.3025801565777319,15.493485122394807,97.3124101555421,98.35550757642483,203.96600341796875,133.58999633789062,219.45899963378906,133.4669952392578
23.200000000000003,21.702819067191783,0.1369378225392275,0.2346409315232215,15.190500655251771,97.61540392995816,98.35741408663449,204.2689971923828,133.58999633789062,219.45899963378906,133.4669952392578
23.25,21.428426846191698,0.11586292488586417,0.1798673376260261,14.891522847000514,97.91440159766088,98.3590101965761,204.5679931640625,133.59100341796875,219.45899963378906,133.4669952392578
23.3,21.15385438990272,0.08945519343662169,0.13962936016984012,14.596519823638397,98.20941502539581,98.3602343666658,204.86300659179688,133.59100341796875,219.45899963378906,133.4669952392578
23.35,20.874710597877296,0.061976468116402623,0.11339527419332987,14.303531385237378,98.50140721289624,98.36154920689236,205.15499877929688,133.59100341796875,219.45799255371094,133.4669952392578
23.400000000000002,20.586710798172657,0.0365613181847775,0.09920530601756869,14.016539876674068,98.78840977637317,98.36204641486924,205.44200134277344,133.59100341796875,219.45799255371094,133.4669952392578
23.450000000000003,20.28628958096494,0.015412255526958182,0.09331999421783596,13.73255466611511,99.07240635840499,98.36225057684291,205.7259979248047,133.59100341796875,219.45799255371094,133.4669952392578
23.5,19.971218778869744,0.004924804186114238,0.08665328871552434,13.45355931947657,99.35141331641395,98.36227254883792,206.0050048828125,133.59100341796875,219.45799255371094,133.4669952392578
23.55,19.64081002941324,0.014028488809165485,0.07647408597957714,13.178577328782728,99.62640721289996,98.36245149682449,206.27999877929688,133.59100341796875,219.45799255371094,133.4669952392578
23.6,19.295209221956174,0.020406009823779846,0.06431001662264679,12.90859479813742,99.89641330701275,98.36272382791444,206.5500030517578,133.5919952392578,219.45799255371094,133.4669952392578
23.650000000000002,18.935245561033707,0.0,0.049556528550894305,12.64360809485382,100.16141269666473,98.36272382791444,206.81500244140625,133.5919952392578,219.45799255371094,133.4669952392578
23.700000000000003,18.584965321496455,0.0,0.03586274629697156,12.383626562438467,100.42140720350427,98.36272382791444,207.0749969482422,133.5919952392578,219.45799255371094,133.4669952392578
23.75,18.248150218356525,0.0,0.024276453808385143,12.128634945418494,100.67641208631858,98.36272382791444,207.3300018310547,133.5919952392578,219.45799255371094,133.4669952392578
23.8,17.853597520550498,0.0,0.015330934464722973,11.878648498848326,100.92641209069343,98.36272382791444,207.5800018310547,133.5919952392578,219.45799255371094,133.4669952392578
23.85,17.37626690385645,0.0,0.009133287653082712,11.63465898193084,101.17041543869014,98.36272382791444,207.82400512695312,133.5919952392578,219.45799255371094,133.4669952392578
23.900000000000002,16.841126281999646,0.0,0.005477155834604961,11.397673427108957,101.40741496341145,98.36272382791444,208.06100463867188,133.5919952392578,219.45799255371094,133.4669952392578
23.950000000000003,16.272650251509738,0.0,0.003935930281909143,11.168698831710138,101.63640361305082,98.36272382791444,208.2899932861328,133.5919952392578,219.45799255371094,133.4669952392578
24.0,15.69348176073725,0.0,0.0034434498632977192,10.94671289635775,101.85840373519292,98.36272382791444,208.51199340820312,133.5919952392578,219.45799255371094,133.4669952392578
24.05,15.122125684884645,0.0,0.002040600982381171,10.7337261415374,102.07141881127193,98.36272382791444,208.72500610351562,133.59300231933594,219.45799255371094,133.4669952392578
24.1,14.598036563704918,0.0,3.186340080674199e-15,10.528753971844555,102.27640538404735,98.36272382791444,208.92999267578125,133.59300231933594,219.45799255371094,133.4669952392578
24.150000000000002,14.165892724438848,0.0,3.186340080674199e-15,10.329763374374386,102.47541051176405,98.36272382791444,209.12899780273438,133.59300231933594,219.45799255371094,133.4669952392578
24.200000000000003,13.787713227877564,0.0,3.186340080674199e-15,10.135777843644291,102.66941075676506,98.36272382791444,209.322998046875,133.59300231933594,219.45799255371094,133.4669952392578
24.25,13.410864970945761,0.0,3.186340080674199e-15,9.947789109738613,102.85741429761303,98.36272382791444,209.51100158691406,133.59300231933594,219.45799255371094,133.4669952392578
24.3,12.987972842650374,0.0,3.186340080674199e-15,9.764805411854104,103.04041295545927,98.36272382791444,209.69400024414062,133.59300231933594,219.45799255371094,133.4669952392578
24.35,12.536640714696409,0.0,3.186340080674199e-15,9.587818470881489,103.21741490900266,98.36272382791444,209.87100219726562,133.59300231933594,219.45799255371094,133.4669952392578
24.400000000000002,12.05157704192535,0.0,3.186340080674199e-15,9.417835251018857,103.38741307819853,98.36272382791444,210.04100036621094,133.59300231933594,219.45799255371094,133.4669952392578
24.450000000000003,11.45970058936993,0.0,3.186340080674199e-15,9.255847444171136,103.54941564178732,98.36272382791444,210.2030029296875,133.59300231933594,219.45799255371094,133.4669952392578
24.5,10.822860869096269,0.0,3.186340080674199e-15,9.10187025852029,103.70340734103628,98.36272382791444,210.35699462890625,133.59300231933594,219.45799255371094,133.4669952392578
24.55,10.168704807222682,0.0,3.186340080674199e-15,8.95688010853712,103.84841161350087,98.36272382791444,210.5019989013672,133.59300231933594,219.45799255371094,133.4669952392578
24.6,9.50529703535134,0.0,3.186340080674199e-15,8.820892189094392,103.98441320041513,98.36272382791444,210.63800048828125,133.59300231933594,219.45799255371094,133.4669952392578
24.650000000000002,8.927280511136283,0.0,3.186340080674199e-15,8.693906436555498,104.11141210178236,98.36272382791444,210.76499938964844,133.59300231933594,219.45799255371094,133.4669952392578
24.700000000000003,8.24443210456897,0.0,3.186340080674199e-15,8.57491581507401,104.23041539768154,98.36272382791444,210.88400268554688,133.59300231933594,219.45799255371094,133.4669952392578
24.75,7.441416420046018,0.0,3.186340080674199e-15,8.467932885471265,104.33741002661229,98.36272382791444,210.99099731445312,133.59300231933594,219.45799255371094,133.4669952392578
24.8,6.60920453544981,0.0,3.186340080674199e-15,8.370943628125271,104.43441014874756,98.36272382791444,211.08799743652344,133.59300231933594,219.45799255371094,133.4669952392578
24.85,5.794920156734688,0.0,3.186340080674199e-15,8.285961786959053,104.51942264857611,98.36272382791444,211.17300415039062,133.593994140625,219.45799255371094,133.4669952392578
24.900000000000002,5.018328335339947,0.0,3.186340080674199e-15,8.211980688540235,104.59341251681467,98.36272382791444,211.2469940185547,133.593994140625,219.45799255371094,133.4669952392578
24.950000000000003,4.481604118159906,0.0,3.186340080674199e-15,8.146986083343858,104.65841495822634,98.36272382791444,211.31199645996094,133.593994140625,219.45799255371094,133.4669952392578
25.0,4.280292102212874,0.0,3.186340080674199e-15,8.086995870078526,104.7184125169749,98.36272382791444,211.3719940185547,133.593994140625,219.45799255371094,133.4669952392578
25.05,3.8858043845706622,0.0,3.186340080674199e-15,8.031003069482862,104.77441227322792,98.36272382791444,211.42799377441406,133.593994140625,219.45799255371094,133.4669952392578
25.1,2.6284286118781033,0.0,3.186340080674199e-15,7.983996654189557,104.82142460235809,98.36272382791444,211.47500610351562,133.593994140625,219.45799255371094,133.4669952392578
25.150000000000002,0.018348477990069514,0.0,3.186340080674199e-15,7.970006115246031,104.83541692840035,98.36272382791444,211.48899841308594,133.593994140625,219.45799255371094,133.4669952392578
25.200000000000003,1.4696265683665755e-05,0.0,3.186340080674199e-15,7.97000611368796,104.83542860834959,98.36272382791444,211.48899841308594,133.593994140625,219.45799255371094,133.4669952392578
25.25,1.1534907613282973e-05,0.0,3.186340080674199e-15,7.970006114286209,104.83543310826744,98.36272382791444,211.48899841308594,133.593994140625,219.45799255371094,133.4669952392578
25.3,1.8803709819586676e-05,0.0,3.186340080674199e-15,7.9700061159115085,104.83544523827831,98.36272382791444,211.48899841308594,133.593994140625,219.45799255371094,133.4669952392578
25.35,2.167720888727884e-05,0.0,3.186340080674199e-15,7.970006117925035,104.83546007832146,98.36272382791444,211.48899841308594,133.593994140625,219.45799255371094,133.4669952392578
25.400000000000002,2.0317713235896005e-05,0.0,3.186340080674199e-15,7.970006119966176,104.8354749182482,98.36272382791444,211.48899841308594,133.593994140625,219.45799255371094,133.4669952392578
25.450000000000003,1.865910723106786e-05,0.0,3.186340080674199e-15,7.970006121863844,104.83548853825877,98.36272382791444,211.48899841308594,133.593994140625,219.45799255371094,133.4669952392578
25.5,1.5521271215867974e-05,0.0,3.186340080674199e-15,7.970006123530999,104.83550036826736,98.36272382791444,211.48899841308594,133.593994140625,219.45799255371094,133.4669952392578
25.55,1.3474410525481827e-05,0.0,3.186340080674199e-15,7.970006124942518,104.83551028824976,98.36272382791444,211.48899841308594,133.593994140625,219.45799255371094,133.4669952392578
25.6,4.348190456130978e-06,0.0,3.186340080674199e-15,7.970006125225731,104.83551226824156,98.36272382791444,211.48899841308594,133.593994140625,219.45799255371094,133.4669952392578
25.650000000000002,5.9637365993153746e-06,0.0,3.186340080674199e-15,7.970006125816627,104.83551638829621,98.36272382791444,211.48899841308594,133.593994140625,219.45799255371094,133.4669952392578
25.700000000000003,6.97590727604846e-06,0.0,3.186340080674199e-15,7.970006126491861,104.83552107832028,98.36272382791444,211.48899841308594,133.593994140625,219.45799255371094,133.4669952392578
25.75,6.093617664110519e-06,0.0,3.186340080674199e-15,7.97000612715392,104.83552565833187,98.36272382791444,211.48899841308594,133.593994140625,219.45799255371094,133.4669952392578
25.8,5.802458412235325e-06,0.0,3.186340080674199e-15,7.970006127757543,104.83552981831699,98.36272382791444,211.48899841308594,133.593994140625,219.45799255371094,133.4669952392578
25.85,5.881736742119649e-06,0.0,3.186340080674199e-15,7.970006128272909,104.83553335827409,98.36272382791444,211.48899841308594,133.593994140625,219.45799255371094,133.4669952392578
25.900000000000002,6.091990653528231e-06,0.0,3.186340080674199e-15,7.970006128707972,104.8355363382735,98.36272382791444,211.48899841308594,133.593994140625,219.45799255371094,133.4669952392578
25.950000000000003,5.0891221340341966e-06,0.0,3.186340080674199e-15,7.970006129059171,104.83553873829177,98.36272382791444,211.48899841308594,133.593994140625,219.45799255371094,133.4669952392578
26.0,1.6140265631337686e-06,0.0,3.186340080674199e-15,7.970006129059171,104.83553873829177,98.36272382791444,211.48899841308594,133.593994140625,219.45799255371094,133.4669952392578
26.05,1.7107639007423752e-06,0.0,3.186340080674199e-15,7.9700061293113125,104.83554045832815,98.36272382791444,211.48899841308594,133.593994140625,219.45799255371094,133.4669952392578
26.1,2.506631118297166e-06,0.0,3.186340080674199e-15,7.9700061293113125,104.83554045832815,98.36272382791444,211.48899841308594,133.593994140625,219.45799255371094,133.4669952392578
26.150000000000002,3.3546613694861497e-06,0.0,3.186340080674199e-15,7.970006129597606,104.8355424082848,98.36272382791444,211.48899841308594,133.593994140625,219.45799255371094,133.4669952392578
26.200000000000003,3.020013186192907e-06,0.0,3.186340080674199e-15,7.970006129597606,104.8355424082848,98.36272382791444,211.48899841308594,133.593994140625,219.45799255371094,133.4669952392578
26.25,4.577413286245316e-06,0.0,3.186340080674199e-15,7.970006129849065,104.83554411830946,98.36272382791444,211.48899841308594,133.593994140625,219.45799255371094,133.4669952392578
26.3,3.707469628984677e-06,0.0,3.186340080674199e-15,7.970006129849065,104.83554411830946,98.36272382791444,211.48899841308594,133.593994140625,219.45799255371094,133.4669952392578
26.35,5.331282011491427e-06,0.0,3.186340080674199e-15,7.970006130022797,104.83554529829516,98.36272382791444,211.48899841308594,133.593994140625,219.45799255371094,133.4669952392578
26.400000000000002,0.0,0.0,3.186340080674199e-15,7.970006130022797,104.83554529829516,98.36272382791444,211.48899841308594,133.593994140625,219.45799255371094,133.4669952392578
26.450000000000003,2.435596960740503e-07,0.0,3.186340080674199e-15,7.970006130022797,104.83554529829516,98.36272382791444,211.48899841308594,133.593994140625,219.45799255371094,133.4669952392578
26.5,1.2978354861231432e-06,0.0,3.186340080674199e-15,7.970006130022797,104.83554529829516,98.36272382791444,211.48899841308594,133.593994140625,219.45799255371094,133.4669952392578
26.55,4.932529589130118e-07,0.0,3.186340080674199e-15,7.970006130022797,104.83554529829516,98.36272382791444,211.48899841308594,133.593994140625,219.45799255371094,133.4669952392578
26.6,9.986200874162248e-07,0.0,3.186340080674199e-15,7.970006130180481,104.83554636826838,98.36272382791444,211.48899841308594,133.593994140625,219.45799255371094,133.4669952392578
26.650000000000002,2.106374972894275e-06,0.0,3.186340080674199e-15,7.970006130180481,104.83554636826838,98.36272382791444,211.48899841308594,133.593994140625,219.45799255371094,133.4669952392578
26.700000000000003,2.650152726377338e-06,0.0,3.186340080674199e-15,7.970006130180481,104.83554636826838,98.36272382791444,211.48899841308594,133.593994140625,219.45799255371094,133.4669952392578
26.75,2.5452378548267483e-06,0.0,3.186340080674199e-15,7.970006130180481,104.83554636826838,98.36272382791444,211.48899841308594,133.593994140625,219.45799255371094,133.4669952392578
26.8,3.7783129683135736e-06,0.0,3.186340080674199e-15,7.970006130180481,104.83554636826838,98.36272382791444,211.48899841308594,133.593994140625,219.45799255371094,133.4669952392578
26.85,4.472858401633973e-07,0.0,3.186340080674199e-15,7.970006130180481,104.83554636826838,98.36272382791444,211.48899841308594,133.593994140625,219.45799255371094,133.4669952392578
26.900000000000002,2.8227661478561624e-07,0.0,3.186340080674199e-15,7.970006130180481,104.83554636826838,98.36272382791444,211.48899841308594,133.593994140625,219.45799255371094,133.4669952392578
26.950000000000003,1.6498560871914173e-06,0.0,3.186340080674199e-15,7.970006130180481,104.83554636826838,98.36272382791444,211.48899841308594,133.593994140625,219.45799255371094,133.4669952392578
27.0,2.2000490325378927e-06,0.0,3.186340080674199e-15,7.970006130180481,104.83554636826838,98.36272382791444,211.48899841308594,133.593994140625,219.45799255371094,133.4669952392578
27.05,2.9184197171001724e-06,0.0,3.186340080674199e-15,7.970006130180481,104.83554636826838,98.36272382791444,211.48899841308594,133.593994140625,219.45799255371094,133.4669952392578
27.1,3.4003618545421235e-06,0.0,3.186340080674199e-15,7.970006130180481,104.83554636826838,98.36272382791444,211.48899841308594,133.593994140625,219.45799255371094,133.4669952392578
27.150000000000002,4.7036577372902586e-06,0.0,3.186340080674199e-15,7.970006130180481,104.83554636826838,98.36272382791444,211.48899841308594,133.593994140625,219.45799255371094,133.4669952392578
27.200000000000003,4.051331952182184e-06,0.0,3.186340080674199e-15,7.970006130180481,104.83554636826838,98.36272382791444,211.48899841308594,133.593994140625,219.45799255371094,133.4669952392578
27.25,1.3732185304333882e-07,0.0,3.186340080674199e-15,7.970006130180481,104.83554636826838,98.36272382791444,211.48899841308594,133.593994140625,219.45799255371094,133.4669952392578
27.3,6.868843942014762e-07,0.0,3.186340080674199e-15,7.970006130180481,104.83554636826838,98.36272382791444,211.48899841308594,133.593994140625,219.45799255371094,133.4669952392578
27.35,3.810606022130198e-06,0.0,3.186340080674199e-15,7.970006130180481,104.83554636826838,98.36272382791444,211.48899841308594,133.593994140625,219.45799255371094,133.4669952392578
27.400000000000002,3.8449486914262015e-06,0.0,3.186340080674199e-15,7.970006130180481,104.83554636826838,98.36272382791444,211.48899841308594,133.593994140625,219.45799255371094,133.4669952392578
27.450000000000003,3.192631453183217e-06,0.0,3.186340080674199e-15,7.970006130180481,104.83554636826838,98.36272382791444,211.48899841308594,133.593994140625,219.45799255371094,133.4669952392578
27.5,4.462924257840012e-06,0.0,3.186340080674199e-15,7.970006130180481,104.83554636826838,98.36272382791444,211.48899841308594,133.593994140625,219.45799255371094,133.4669952392578
27.55,5.046446850521932e-06,0.0,3.186340080674199e-15,7.970006130180481,104.83554636826838,98.36272382791444,211.48899841308594,133.593994140625,219.45799255371094,133.4669952392578
27.6,5.698693111065219e-06,0.0,3.186340080674199e-15,7.970006130180481,104.83554636826838,98.36272382791444,211.48899841308594,133.593994140625,219.45799255371094,133.4669952392578
27.650000000000002,6.385214558409589e-06,0.0,3.186340080674199e-15,7.970006130180481,104.83554636826838,98.36272382791444,211.48899841308594,133.593994140625,219.45799255371094,133.4669952392578
27.700000000000003,5.494220504540458e-07,0.0,3.186340080674199e-15,7.970006130180481,104.83554636826838,98.36272382791444,211.48899841308594,133.593994140625,219.45799255371094,133.4669952392578
27.75,1.236347246004777e-06,0.0,3.186340080674199e-15,7.970006130180481,104.83554636826838,98.36272382791444,211.48899841308594,133.593994140625,219.45799255371094,133.4669952392578
27.8,1.1330451459988424e-06,0.0,3.186340080674199e-15,7.970006130180481,104.83554636826838,98.36272382791444,211.48899841308594,133.593994140625,219.45799255371094,133.4669952392578
27.85,1.7508323629338033e-06,0.0,3.186340080674199e-15,7.970006130180481,104.83554636826838,98.36272382791444,211.48899841308594,133.593994140625,219.45799255371094,133.4669952392578
27.900000000000002,2.3000377680182644e-06,0.0,3.186340080674199e-15,7.970006130180481,104.83554636826838,98.36272382791444,211.48899841308594,133.593994140625,219.45799255371094,133.4669952392578
27.950000000000003,2.2657119052057677e-06,0.0,3.186340080674199e-15,7.970006130180481,104.83554636826838,98.36272382791444,211.48899841308594,133.593994140625,219.45799255371094,133.4669952392578
28.0,3.399184913523198e-06,0.0,3.186340080674199e-15,7.970006130180481,104.83554636826838,98.36272382791444,211.48899841308594,133.593994140625,219.45799255371094,133.4669952392578
28.05,3.295694641782371e-06,0.0,3.186340080674199e-15,7.970006130180481,104.83554636826838,98.36272382791444,211.48899841308594,133.593994140625,219.45799255371094,133.4669952392578
28.1,2.0597365733250245e-07,0.0,3.186340080674199e-15,7.970006130180481,104.83554636826838,98.36272382791444,211.48899841308594,133.593994140625,219.45799255371094,133.4669952392578
28.150000000000002,3.457040743529072e-08,0.0,3.186340080674199e-15,7.970006130180481,104.83554636826838,98.36272382791444,211.48899841308594,133.593994140625,219.45799255371094,133.4669952392578
28.200000000000003,1.2022829986603633e-06,0.0,3.186340080674199e-15,7.970006130180481,104.83554636826838,98.36272382791444,211.48899841308594,133.593994140625,219.45799255371094,133.4669952392578
28.25,4.120054612776758e-07,0.0,3.186340080674199e-15,7.970006130180481,104.83554636826838,98.36272382791444,211.48899841308594,133.593994140625,219.45799255371094,133.4669952392578
28.3,2.2316281006058075e-06,0.0,3.186340080674199e-15,7.970006130180481,104.83554636826838,98.36272382791444,211.48899841308594,133.593994140625,219.45799255371094,133.4669952392578
28.35,2.1629418447119852e-06,0.0,3.186340080674199e-15,7.970006130180481,104.83554636826838,98.36272382791444,211.48899841308594,133.593994140625,219.45799255371094,133.4669952392578
28.400000000000002,2.6090014248404058e-06,0.0,3.186340080674199e-15,7.970006130180481,104.83554636826838,98.36272382791444,211.48899841308594,133.593994140625,219.45799255371094,133.4669952392578
28.450000000000003,2.5062314056868863e-06,0.0,3.186340080674199e-15,7.970006130180481,104.83554636826838,98.36272382791444,211.48899841308594,133.593994140625,219.45799255371094,133.4669952392578
28.5,0.0,0.0,3.186340080674199e-15,7.970006130180481,104.83554636826838,98.36272382791444,211.48899841308594,133.593994140625,219.45799255371094,133.4669952392578
28.55,4.8060378300766e-07,0.0,3.186340080674199e-15,7.970006130180481,104.83554636826838,98.36272382791444,211.48899841308594,133.593994140625,219.45799255371094,133.4669952392578
28.6,9.612076463585012e-07,0.0,3.186340080674199e-15,7.970006130180481,104.83554636826838,98.36272382791444,211.48899841308594,133.593994140625,219.45799255371094,133.4669952392578
28.650000000000002,1.3731617932961266e-06,0.0,3.186340080674199e-15,7.970006130180481,104.83554636826838,98.36272382791444,211.48899841308594,133.593994140625,219.45799255371094,133.4669952392578
28.700000000000003,1.7851378734848899e-06,0.0,3.186340080674199e-15,7.970006130180481,104.83554636826838,98.36272382791444,211.48899841308594,133.593994140625,219.45799255371094,133.4669952392578
28.75,2.2657346872665006e-06,0.0,3.186340080674199e-15,7.970006130180481,104.83554636826838,98.36272382791444,211.48899841308594,133.593994140625,219.45799255371094,133.4669952392578
28.8,2.6776573903092606e-06,0.0,3.186340080674199e-15,7.970006130180481,104.83554636826838,98.36272382791444,211.48899841308594,133.593994140625,219.45799255371094,133.4669952392578
28.85,3.2612410509230786e-06,0.0,3.186340080674199e-15,7.970006130180481,104.83554636826838,98.36272382791444,211.48899841308594,133.593994140625,219.45799255371094,133.4669952392578
28.900000000000002,3.947833991188458e-06,0.0,3.186340080674199e-15,7.970006130180481,104.83554636826838,98.36272382791444,211.48899841308594,133.593994140625,219.45799255371094,133.4669952392578
28.950000000000003,3.77619078521357e-07,0.0,3.186340080674199e-15,7.970006130180481,104.83554636826838,98.36272382791444,211.48899841308594,133.593994140625,219.45799255371094,133.4669952392578
29.0,1.0641944738828297e-06,0.0,3.186340080674199e-15,7.970006130180481,104.83554636826838,98.36272382791444,211.48899841308594,133.593994140625,219.45799255371094,133.4669952392578
29.05,1.7507735047476498e-06,0.0,3.186340080674199e-15,7.970006130180481,104.83554636826838,98.36272382791444,211.48899841308594,133.593994140625,219.45799255371094,133.4669952392578
29.1,2.1283890021259673e-06,0.0,3.186340080674199e-15,7.970006130180481,104.83554636826838,98.36272382791444,211.48899841308594,133.593994140625,219.45799255371094,133.4669952392578
29.150000000000002,2.540344524995105e-06,0.0,3.186340080674199e-15,7.970006130180481,104.83554636826838,98.36272382791444,211.48899841308594,133.593994140625,219.45799255371094,133.4669952392578
29.200000000000003,3.123944776344807e-06,0.0,3.186340080674199e-15,7.970006130180481,104.83554636826838,98.36272382791444,211.48899841308594,133.593994140625,219.45799255371094,133.4669952392578
29.25,3.810504560738079e-06,0.0,3.186340080674199e-15,7.970006130180481,104.83554636826838,98.36272382791444,211.48899841308594,133.593994140625,219.45799255371094,133.4669952392578
29.3,4.325440432504496e-06,0.0,3.186340080674199e-15,7.970006130180481,104.83554636826838,98.36272382791444,211.48899841308594,133.593994140625,219.45799255371094,133.4669952392578
29.35,1.0298672720960942e-07,0.0,3.186340080674199e-15,7.970006130180481,104.83554636826838,98.36272382791444,211.48899841308594,133.593994140625,219.45799255371094,133.4669952392578
29.400000000000002,4.806608362278315e-07,0.0,3.186340080674199e-15,7.970006130180481,104.83554636826838,98.36272382791444,211.48899841308594,133.593994140625,219.45799255371094,133.4669952392578
29.450000000000003,8.926355823853475e-07,0.0,3.186340080674199e-15,7.970006130180481,104.83554636826838,98.36272382791444,211.48899841308594,133.593994140625,219.45799255371094,133.4669952392578
29.5,1.3045095877066414e-06,0.0,3.186340080674199e-15,7.970006130180481,104.83554636826838,98.36272382791444,211.48899841308594,133.593994140625,219.45799255371094,133.4669952392578
29.55,1.7164405739799677e-06,0.0,3.186340080674199e-15,7.970006130180481,104.83554636826838,98.36272382791444,211.48899841308594,133.593994140625,219.45799255371094,133.4669952392578
29.6,2.1283992842886156e-06,0.0,3.186340080674199e-15,7.970006130180481,104.83554636826838,98.36272382791444,211.48899841308594,133.593994140625,219.45799255371094,133.4669952392578
29.650000000000002,2.7806452502544963e-06,0.0,3.186340080674199e-15,7.970006130180481,104.83554636826838,98.36272382791444,211.48899841308594,133.593994140625,219.45799255371094,133.4669952392578
29.700000000000003,3.4672185476949254e-06,0.0,3.186340080674199e-15,7.970006130180481,104.83554636826838,98.36272382791444,211.48899841308594,133.593994140625,219.45799255371094,133.4669952392578
29.75,3.982146187358835e-06,0.0,3.186340080674199e-15,7.970006130180481,104.83554636826838,98.36272382791444,211.48899841308594,133.593994140625,219.45799255371094,133.4669952392578
29.8,3.4330602831559925e-07,0.0,3.186340080674199e-15,7.970006130180481,104.83554636826838,98.36272382791444,211.48899841308594,133.593994140625,219.45799255371094,133.4669952392578
29.85,8.582622725333457e-07,0.0,3.186340080674199e-15,7.970006130180481,104.83554636826838,98.36272382791444,211.48899841308594,133.593994140625,219.45799255371094,133.4669952392578
29.900000000000002,1.54481542079672e-06,0.0,3.186340080674199e-15,7.970006130180481,104.83554636826838,98.36272382791444,211.48899841308594,133.593994140625,219.45799255371094,133.4669952392578
29.950000000000003,2.1283932150486246e-06,0.0,3.186340080674199e-15,7.970006130180481,104.83554636826838,98.36272382791444,211.48899841308594,133.593994140625,219.45799255371094,133.4669952392578
30.0,2.540334609464049e-06,0.0,3.186340080674199e-15,7.970006130180481,104.83554636826838,98.36272382791444,211.48899841308594,133.593994140625,219.45799255371094,133.4669952392578
30.05,2.9866283544980745e-06,0.0,3.186340080674199e-15,7.970006130180481,104.83554636826838,98.36272382791444,211.48899841308594,133.593994140625,219.45799255371094,133.4669952392578
30.1,3.4328921230645347e-06,0.0,3.186340080674199e-15,7.970006130180481,104.83554636826838,98.36272382791444,211.48899841308594,133.593994140625,219.45799255371094,133.4669952392578
30.150000000000002,3.84483599157016e-06,0.0,3.186340080674199e-15,7.970006130180481,104.83554636826838,98.36272382791444,211.48899841308594,133.593994140625,219.45799255371094,133.4669952392578
30.200000000000003,2.0597634494528413e-07,0.0,3.186340080674199e-15,7.970006130180481,104.83554636826838,98.36272382791444,211.48899841308594,133.593994140625,219.45799255371094,133.4669952392578
30.25,6.179641039105681e-07,0.0,3.186340080674199e-15,7.970006130180481,104.83554636826838,98.36272382791444,211.48899841308594,133.593994140625,219.45799255371094,133.4669952392578
30.3,1.1672095926454303e-06,0.0,3.186340080674199e-15,7.970006130180481,104.83554636826838,98.36272382791444,211.48899841308594,133.593994140625,219.45799255371094,133.4669952392578
30.35,1.5791257438479972e-06,0.0,3.186340080674199e-15,7.970006130180481,104.83554636826838,98.36272382791444,211.48899841308594,133.593994140625,219.45799255371094,133.4669952392578
30.400000000000002,2.0254142517687487e-06,0.0,3.186340080674199e-15,7.970006130180481,104.83554636826838,98.36272382791444,211.48899841308594,133.593994140625,219.45799255371094,133.4669952392578
30.450000000000003,2.7119896344959623e-06,0.0,3.186340080674199e-15,7.970006130180481,104.83554636826838,98.36272382791444,211.48899841308594,133.593994140625,219.45799255371094,133.4669952392578
30.5,3.1582588037635274e-06,0.0,3.186340080674199e-15,7.970006130180481,104.83554636826838,98.36272382791444,211.48899841308594,133.593994140625,219.45799255371094,133.4669952392578
30.55,3.5701994758705767e-06,0.0,3.186340080674199e-15,7.970006130180481,104.83554636826838,98.36272382791444,211.48899841308594,133.593994140625,219.45799255371094,133.4669952392578
30.6,0.0,0.0,3.186340080674199e-15,7.970006130180481,104.83554636826838,98.36272382791444,211.48899841308594,133.593994140625,219.45799255371094,133.4669952392578
30.650000000000002,5.492628064385157e-07,0.0,3.186340080674199e-15,7.970006130180481,104.83554636826838,98.36272382791444,211.48899841308594,133.593994140625,219.45799255371094,133.4669952392578
30.700000000000003,1.2015122294248108e-06,0.0,3.186340080674199e-15,7.970006130180481,104.83554636826838,98.36272382791444,211.48899841308594,133.593994140625,219.45799255371094,133.4669952392578
30.75,1.7164440078041683e-06,0.0,3.186340080674199e-15,7.970006130180481,104.83554636826838,98.36272382791444,211.48899841308594,133.593994140625,219.45799255371094,133.4669952392578
30.8,2.094058976706493e-06,0.0,3.186340080674199e-15,7.970006130180481,104.83554636826838,98.36272382791444,211.48899841308594,133.593994140625,219.45799255371094,133.4669952392578
30.85,2.5746624353365612e-06,0.0,3.186340080674199e-15,7.970006130180481,104.83554636826838,98.36272382791444,211.48899841308594,133.593994140625,219.45799255371094,133.4669952392578
30.900000000000002,3.0895956535966054e-06,0.0,3.186340080674199e-15,7.970006130180481,104.83554636826838,98.36272382791444,211.48899841308594,133.593994140625,219.45799255371094,133.4669952392578
30.950000000000003,3.5702017134239484e-06,0.0,3.186340080674199e-15,7.970006130180481,104.83554636826838,98.36272382791444,211.48899841308594,133.593994140625,219.45799255371094,133.4669952392578
31.0,4.153788116767972e-06,0.0,3.186340080674199e-15,7.970006130180481,104.83554636826838,98.36272382791444,211.48899841308594,133.593994140625,219.45799255371094,133.4669952392578
31.05,3.77619078521357e-07,0.0,3.186340080674199e-15,7.970006130180481,104.83554636826838,98.36272382791444,211.48899841308594,133.593994140625,219.45799255371094,133.4669952392578
31.1,9.612074406016501e-07,0.0,3.186340080674199e-15,7.970006130180481,104.83554636826838,98.36272382791444,211.48899841308594,133.593994140625,219.45799255371094,133.4669952392578
31.150000000000002,1.4074924080265653e-06,0.0,3.186340080674199e-15,7.970006130180481,104.83554636826838,98.36272382791444,211.48899841308594,133.593994140625,219.45799255371094,133.4669952392578
31.200000000000003,1.922415733664089e-06,0.0,3.186340080674199e-15,7.970006130180481,104.83554636826838,98.36272382791444,211.48899841308594,133.593994140625,219.45799255371094,133.4669952392578
31.25,2.3000384806280205e-06,0.0,3.186340080674199e-15,7.970006130180481,104.83554636826838,98.36272382791444,211.48899841308594,133.593994140625,219.45799255371094,133.4669952392578
31.3,2.8149688506152136e-06,0.0,3.186340080674199e-15,7.970006130180481,104.83554636826838,98.36272382791444,211.48899841308594,133.593994140625,219.45799255371094,133.4669952392578
31.35,3.226911199722622e-06,0.0,3.186340080674199e-15,7.970006130180481,104.83554636826838,98.36272382791444,211.48899841308594,133.593994140625,219.45799255371094,133.4669952392578
31.400000000000002,3.7075385109272205e-06,0.0,3.186340080674199e-15,7.970006130180481,104.83554636826838,98.36272382791444,211.48899841308594,133.593994140625,219.45799255371094,133.4669952392578
31.450000000000003,1.0298672720960942e-07,0.0,3.186340080674199e-15,7.970006130180481,104.83554636826838,98.36272382791444,211.48899841308594,133.593994140625,219.45799255371094,133.4669952392578
31.5,7.209181400922521e-07,0.0,3.186340080674199e-15,7.970006130180481,104.83554636826838,98.36272382791444,211.48899841308594,133.593994140625,219.45799255371094,133.4669952392578
31.55,1.373164936143423e-06,0.0,3.186340080674199e-15,7.970006130180481,104.83554636826838,98.36272382791444,211.48899841308594,133.593994140625,219.45799255371094,133.4669952392578
31.6,1.7850998947339713e-06,0.0,3.186340080674199e-15,7.970006130180481,104.83554636826838,98.36272382791444,211.48899841308594,133.593994140625,219.45799255371094,133.4669952392578
31.650000000000002,2.197052559853927e-06,0.0,3.186340080674199e-15,7.970006130180481,104.83554636826838,98.36272382791444,211.48899841308594,133.593994140625,219.45799255371094,133.4669952392578
31.700000000000003,2.60899261887857e-06,0.0,3.186340080674199e-15,7.970006130180481,104.83554636826838,98.36272382791444,211.48899841308594,133.593994140625,219.45799255371094,133.4669952392578
31.75,3.0209416896444554e-06,0.0,3.186340080674199e-15,7.970006130180481,104.83554636826838,98.36272382791444,211.48899841308594,133.593994140625,219.45799255371094,133.4669952392578
31.8,3.432888285684963e-06,0.0,3.186340080674199e-15,7.970006130180481,104.83554636826838,98.36272382791444,211.48899841308594,133.593994140625,219.45799255371094,133.4669952392578
31.85,3.8448360929053495e-06,0.0,3.186340080674199e-15,7.970006130180481,104.83554636826838,98.36272382791444,211.48899841308594,133.593994140625,219.45799255371094,133.4669952392578
31.900000000000002,5.149334110726137e-07,0.0,3.186340080674199e-15,7.970006130180481,104.83554636826838,98.36272382791444,211.48899841308594,133.593994140625,219.45799255371094,133.4669952392578
31.950000000000003,1.0641942913518542e-06,0.0,3.186340080674199e-15,7.970006130180481,104.83554636826838,98.36272382791444,211.48899841308594,133.593994140625,219.45799255371094,133.4669952392578
32.0,1.6477864722403644e-06,0.0,3.186340080674199e-15,7.970006130180481,104.83554636826838,98.36272382791444,211.48899841308594,133.593994140625,219.45799255371094,133.4669952392578
32.050000000000004,2.1283892469520316e-06,0.0,3.186340080674199e-15,7.970006130180481,104.83554636826838,98.36272382791444,211.48899841308594,133.593994140625,219.45799255371094,133.4669952392578
32.1,2.6089920226700776e-06,0.0,3.186340080674199e-15,7.970006130180481,104.83554636826838,98.36272382791444,211.48899841308594,133.593994140625,219.45799255371094,133.4669952392578
32.15,3.1239254929506577e-06,0.0,3.186340080674199e-15,7.970006130180481,104.83554636826838,98.36272382791444,211.48899841308594,133.593994140625,219.45799255371094,133.4669952392578
32.2,3.570199578779127e-06,0.0,3.186340080674199e-15,7.970006130180481,104.83554636826838,98.36272382791444,211.48899841308594,133.593994140625,219.45799255371094,133.4669952392578
32.25,4.222440399979575e-06,0.0,3.186340080674199e-15,7.970006130180481,104.83554636826838,98.36272382791444,211.48899841308594,133.593994140625,219.45799255371094,133.4669952392578
32.300000000000004,2.4030203512871446e-07,0.0,3.186340080674199e-15,7.970006130180481,104.83554636826838,98.36272382791444,211.48899841308594,133.593994140625,219.45799255371094,133.4669952392578
32.35,8.238924348749149e-07,0.0,3.186340080674199e-15,7.970006130180481,104.83554636826838,98.36272382791444,211.48899841308594,133.593994140625,219.45799255371094,133.4669952392578
32.4,1.3388336900121173e-06,0.0,3.186340080674199e-15,7.970006130180481,104.83554636826838,98.36272382791444,211.48899841308594,133.593994140625,219.45799255371094,133.4669952392578
32.45,1.7164409243212595e-06,0.0,3.186340080674199e-15,7.970006130180481,104.83554636826838,98.36272382791444,211.48899841308594,133.593994140625,219.45799255371094,133.4669952392578
32.5,2.1970460609207194e-06,0.0,3.186340080674199e-15,7.970006130180481,104.83554636826838,98.36272382791444,211.48899841308594,133.593994140625,219.45799255371094,133.4669952392578
32.550000000000004,2.6089940582675038e-06,0.0,3.186340080674199e-15,7.970006130180481,104.83554636826838,98.36272382791444,211.48899841308594,133.593994140625,219.45799255371094,133.4669952392578
32.6,3.05526606082107e-06,0.0,3.186340080674199e-15,7.970006130180481,104.83554636826838,98.36272382791444,211.48899841308594,133.593994140625,219.45799255371094,133.4669952392578
32.65,3.741840753305989e-06,0.0,3.186340080674199e-15,7.970006130180481,104.83554636826838,98.36272382791444,211.48899841308594,133.593994140625,219.45799255371094,133.4669952392578
32.7,0.0,0.0,3.186340080674199e-15,7.970006130180481,104.83554636826838,98.36272382791444,211.48899841308594,133.593994140625,219.45799255371094,133.4669952392578
32.75,5.149426492178469e-07,0.0,3.186340080674199e-15,7.970006130180481,104.83554636826838,98.36272382791444,211.48899841308594,133.593994140625,219.45799255371094,133.4669952392578
32.800000000000004,9.612086467385446e-07,0.0,3.186340080674199e-15,7.970006130180481,104.83554636826838,98.36272382791444,211.48899841308594,133.593994140625,219.45799255371094,133.4669952392578
32.85,1.4418116488748396e-06,0.0,3.186340080674199e-15,7.970006130180481,104.83554636826838,98.36272382791444,211.48899841308594,133.593994140625,219.45799255371094,133.4669952392578
32.9,1.922417053761414e-06,0.0,3.186340080674199e-15,7.970006130180481,104.83554636826838,98.36272382791444,211.48899841308594,133.593994140625,219.45799255371094,133.4669952392578
32.95,2.4030196350637853e-06,0.0,3.186340080674199e-15,7.970006130180481,104.83554636826838,98.36272382791444,211.48899841308594,133.593994140625,219.45799255371094,133.4669952392578
33.0,2.917951808922831e-06,0.0,3.186340080674199e-15,7.970006130180481,104.83554636826838,98.36272382791444,211.48899841308594,133.593994140625,219.45799255371094,133.4669952392578
33.050000000000004,3.3985559720217576e-06,0.0,3.186340080674199e-15,7.970006130180481,104.83554636826838,98.36272382791444,211.48899841308594,133.593994140625,219.45799255371094,133.4669952392578
33.1,3.7761844789057736e-06,0.0,3.186340080674199e-15,7.970006130180481,104.83554636826838,98.36272382791444,211.48899841308594,133.593994140625,219.45799255371094,133.4669952392578
33.15,3.089726772649104e-07,0.0,3.186340080674199e-15,7.970006130180481,104.83554636826838,98.36272382791444,211.48899841308594,133.593994140625,219.45799255371094,133.4669952392578
33.2,6.865798083748478e-07,0.0,3.186340080674199e-15,7.970006130180481,104.83554636826838,98.36272382791444,211.48899841308594,133.593994140625,219.45799255371094,133.4669952392578
33.25,1.1671812851740223e-06,0.0,3.186340080674199e-15,7.970006130180481,104.83554636826838,98.36272382791444,211.48899841308594,133.593994140625,219.45799255371094,133.4669952392578
33.300000000000004,1.7851022159456936e-06,0.0,3.186340080674199e-15,7.970006130180481,104.83554636826838,98.36272382791444,211.48899841308594,133.593994140625,219.45799255371094,133.4669952392578
33.35,2.1970461237433066e-06,0.0,3.186340080674199e-15,7.970006130180481,104.83554636826838,98.36272382791444,211.48899841308594,133.593994140625,219.45799255371094,133.4669952392578
33.4,2.608992292580259e-06,0.0,3.186340080674199e-15,7.970006130180481,104.83554636826838,98.36272382791444,211.48899841308594,133.593994140625,219.45799255371094,133.4669952392578
33.45,3.0895960924744357e-06,0.0,3.186340080674199e-15,7.970006130180481,104.83554636826838,98.36272382791444,211.48899841308594,133.593994140625,219.45799255371094,133.4669952392578
33.5,3.6045371575262653e-06,0.0,3.186340080674199e-15,7.970006130180481,104.83554636826838,98.36272382791444,211.48899841308594,133.593994140625,219.45799255371094,133.4669952392578
33.550000000000004,1.373155173753376e-07,0.0,3.186340080674199e-15,7.970006130180481,104.83554636826838,98.36272382791444,211.48899841308594,133.593994140625,219.45799255371094,133.4669952392578
33.6,7.552346229333906e-07,0.0,3.186340080674199e-15,7.970006130180481,104.83554636826838,98.36272382791444,211.48899841308594,133.593994140625,219.45799255371094,133.4669952392578
33.65,1.2358373954367686e-06,0.0,3.186340080674199e-15,7.970006130180481,104.83554636826838,98.36272382791444,211.48899841308594,133.593994140625,219.45799255371094,133.4669952392578
33.7,1.7164405485717986e-06,0.0,3.186340080674199e-15,7.970006130180481,104.83554636826838,98.36272382791444,211.48899841308594,133.593994140625,219.45799255371094,133.4669952392578
33.75,2.231373685662307e-06,0.0,3.186340080674199e-15,7.970006130180481,104.83554636826838,98.36272382791444,211.48899841308594,133.593994140625,219.45799255371094,133.4669952392578
33.800000000000004,2.91795199106717e-06,0.0,3.186340080674199e-15,7.970006130180481,104.83554636826838,98.36272382791444,211.48899841308594,133.593994140625,219.45799255371094,133.4669952392578
33.85,3.5015405558534214e-06,0.0,3.186340080674199e-15,7.970006130180481,104.83554636826838,98.36272382791444,211.48899841308594,133.593994140625,219.45799255371094,133.4669952392578
33.9,4.085136442242817e-06,0.0,3.186340080674199e-15,7.970006130180481,104.83554636826838,98.36272382791444,211.48899841308594,133.593994140625,219.45799255371094,133.4669952392578
33.95,4.771691843261613e-06,0.0,3.186340080674199e-15,7.970006130180481,104.83554636826838,98.36272382791444,211.48899841308594,133.593994140625,219.45799255371094,133.4669952392578
34.0,5.149334110726137e-07,0.0,3.186340080674199e-15,7.970006130180481,104.83554636826838,98.36272382791444,211.48899841308594,133.593994140625,219.45799255371094,133.4669952392578
34.050000000000004,1.0641946047693099e-06,0.0,3.186340080674199e-15,7.970006130180481,104.83554636826838,98.36272382791444,211.48899841308594,133.593994140625,219.45799255371094,133.4669952392578
34.1,1.4418126161526376e-06,0.0,3.186340080674199e-15,7.970006130180481,104.83554636826838,98.36272382791444,211.48899841308594,133.593994140625,219.45799255371094,133.4669952392578
34.15,1.8537592818762e-06,0.0,3.186340080674199e-15,7.970006130180481,104.83554636826838,98.36272382791444,211.48899841308594,133.593994140625,219.45799255371094,133.4669952392578
34.2,2.300032718848078e-06,0.0,3.186340080674199e-15,7.970006130180481,104.83554636826838,98.36272382791444,211.48899841308594,133.593994140625,219.45799255371094,133.4669952392578
34.25,2.9866108958023233e-06,0.0,3.186340080674199e-15,7.970006130180481,104.83554636826838,98.36272382791444,211.48899841308594,133.593994140625,219.45799255371094,133.4669952392578
34.300000000000004,3.501540053239254e-06,0.0,3.186340080674199e-15,7.970006130180481,104.83554636826838,98.36272382791444,211.48899841308594,133.593994140625,219.45799255371094,133.4669952392578
34.35,3.9134882177866164e-06,0.0,3.186340080674199e-15,7.970006130180481,104.83554636826838,98.36272382791444,211.48899841308594,133.593994140625,219.45799255371094,133.4669952392578
34.4,1.7164411182750336e-07,0.0,3.186340080674199e-15,7.970006130180481,104.83554636826838,98.36272382791444,211.48899841308594,133.593994140625,219.45799255371094,133.4669952392578
34.45,8.238931423311919e-07,0.0,3.186340080674199e-15,7.970006130180481,104.83554636826838,98.36272382791444,211.48899841308594,133.593994140625,219.45799255371094,133.4669952392578
34.5,1.3388255883087211e-06,0.0,3.186340080674199e-15,7.970006130180481,104.83554636826838,98.36272382791444,211.48899841308594,133.593994140625,219.45799255371094,133.4669952392578
34.550000000000004,1.7164405499581772e-06,0.0,3.186340080674199e-15,7.970006130180481,104.83554636826838,98.36272382791444,211.48899841308594,133.593994140625,219.45799255371094,133.4669952392578
34.6,2.231374005127152e-06,0.0,3.186340080674199e-15,7.970006130180481,104.83554636826838,98.36272382791444,211.48899841308594,133.593994140625,219.45799255371094,133.4669952392578
34.65,2.677651717185906e-06,0.0,3.186340080674199e-15,7.970006130180481,104.83554636826838,98.36272382791444,211.48899841308594,133.593994140625,219.45799255371094,133.4669952392578
34.7,3.0895966011287095e-06,0.0,3.186340080674199e-15,7.970006130180481,104.83554636826838,98.36272382791444,211.48899841308594,133.593994140625,219.45799255371094,133.4669952392578
34.75,3.501540108345482e-06,0.0,3.186340080674199e-15,7.970006130180481,104.83554636826838,98.36272382791444,211.48899841308594,133.593994140625,219.45799255371094,133.4669952392578
34.800000000000004,0.0,0.0,3.186340080674199e-15,7.970006130180481,104.83554636826838,98.36272382791444,211.48899841308594,133.593994140625,219.45799255371094,133.4669952392578
34.85,6.522497248527201e-07,0.0,3.186340080674199e-15,7.970006130180481,104.83554636826838,98.36272382791444,211.48899841308594,133.593994140625,219.45799255371094,133.4669952392578
34.9,1.029868560659524e-06,0.0,3.186340080674199e-15,7.970006130180481,104.83554636826838,98.36272382791444,211.48899841308594,133.593994140625,219.45799255371094,133.4669952392578
34.95,1.4418125664431168e-06,0.0,3.186340080674199e-15,7.970006130180481,104.83554636826838,98.36272382791444,211.48899841308594,133.593994140625,219.45799255371094,133.4669952392578
35.0,1.8537588169163283e-06,0.0,3.186340080674199e-15,7.970006130180481,104.83554636826838,98.36272382791444,211.48899841308594,133.593994140625,219.45799255371094,133.4669952392578
35.050000000000004,2.506006719031828e-06,0.0,3.186340080674199e-15,7.970006130180481,104.83554636826838,98.36272382791444,211.48899841308594,133.593994140625,219.45799255371094,133.4669952392578
35.1,3.1925810322574615e-06,0.0,3.186340080674199e-15,7.970006130180481,104.83554636826838,98.36272382791444,211.48899841308594,133.593994140625,219.45799255371094,133.4669952392578
35.15,3.6045374887714573e-06,0.0,3.186340080674199e-15,7.970006130180481,104.83554636826838,98.36272382791444,211.48899841308594,133.593994140625,219.45799255371094,133.4669952392578
35.2,4.050792289111784e-06,0.0,3.186340080674199e-15,7.970006130180481,104.83554636826838,98.36272382791444,211.48899841308594,133.593994140625,219.45799255371094,133.4669952392578
35.25,2.746307792515168e-07,0.0,3.186340080674199e-15,7.970006130180481,104.83554636826838,98.36272382791444,211.48899841308594,133.593994140625,219.45799255371094,133.4669952392578
35.300000000000004,9.268780831015028e-07,0.0,3.186340080674199e-15,7.970006130180481,104.83554636826838,98.36272382791444,211.48899841308594,133.593994140625,219.45799255371094,133.4669952392578
35.35,1.5104701845288192e-06,0.0,3.186340080674199e-15,7.970006130180481,104.83554636826838,98.36272382791444,211.48899841308594,133.593994140625,219.45799255371094,133.4669952392578
35.4,2.162718313811594e-06,0.0,3.186340080674199e-15,7.970006130180481,104.83554636826838,98.36272382791444,211.48899841308594,133.593994140625,219.45799255371094,133.4669952392578
35.45,2.6433216746184906e-06,0.0,3.186340080674199e-15,7.970006130180481,104.83554636826838,98.36272382791444,211.48899841308594,133.593994140625,219.45799255371094,133.4669952392578
35.5,3.1582549402960417e-06,0.0,3.186340080674199e-15,7.970006130180481,104.83554636826838,98.36272382791444,211.48899841308594,133.593994140625,219.45799255371094,133.4669952392578
35.550000000000004,3.7418399686938136e-06,0.0,3.186340080674199e-15,7.970006130180481,104.83554636826838,98.36272382791444,211.48899841308594,133.593994140625,219.45799255371094,133.4669952392578
35.6,4.42843234008492e-06,0.0,3.186340080674199e-15,7.970006130180481,104.83554636826838,98.36272382791444,211.48899841308594,133.593994140625,219.45799255371094,133.4669952392578
35.65,6.86578069277988e-08,0.0,3.186340080674199e-15,7.970006130180481,104.83554636826838,98.36272382791444,211.48899841308594,133.593994140625,219.45799255371094,133.4669952392578
35.7,6.522488291456816e-07,0.0,3.186340080674199e-15,7.970006130180481,104.83554636826838,98.36272382791444,211.48899841308594,133.593994140625,219.45799255371094,133.4669952392578
35.75,1.3388256134537658e-06,0.0,3.186340080674199e-15,7.970006130180481,104.83554636826838,98.36272382791444,211.48899841308594,133.593994140625,219.45799255371094,133.4669952392578
35.800000000000004,1.991074226228579e-06,0.0,3.186340080674199e-15,7.970006130180481,104.83554636826838,98.36272382791444,211.48899841308594,133.593994140625,219.45799255371094,133.4669952392578
35.85,2.4716771354728915e-06,0.0,3.186340080674199e-15,7.970006130180481,104.83554636826838,98.36272382791444,211.48899841308594,133.593994140625,219.45799255371094,133.4669952392578
35.9,3.020936370532416e-06,0.0,3.186340080674199e-15,7.970006130180481,104.83554636826838,98.36272382791444,211.48899841308594,133.593994140625,219.45799255371094,133.4669952392578
35.95,3.67318832656138e-06,0.0,3.186340080674199e-15,7.970006130180481,104.83554636826838,98.36272382791444,211.48899841308594,133.593994140625,219.45799255371094,133.4669952392578
36.0,4.3254367142369135e-06,0.0,3.186340080674199e-15,7.970006130180481,104.83554636826838,98.36272382791444,211.48899841308594,133.593994140625,219.45799255371094,133.4669952392578
36.050000000000004,4.771693265756252e-06,0.0,3.186340080674199e-15,7.970006130180481,104.83554636826838,98.36272382791444,211.48899841308594,133.593994140625,219.45799255371094,133.4669952392578
36.1,5.1493439116045e-07,0.0,3.186340080674199e-15,7.970006130180481,104.83554636826838,98.36272382791444,211.48899841308594,133.593994140625,219.45799255371094,133.4669952392578
36.15,9.268786504913467e-07,0.0,3.186340080674199e-15,7.970006130180481,104.83554636826838,98.36272382791444,211.48899841308594,133.593994140625,219.45799255371094,133.4669952392578
36.2,1.3044973314360861e-06,0.0,3.186340080674199e-15,7.970006130180481,104.83554636826838,98.36272382791444,211.48899841308594,133.593994140625,219.45799255371094,133.4669952392578
36.25,1.956744044099853e-06,0.0,3.186340080674199e-15,7.970006130180481,104.83554636826838,98.36272382791444,211.48899841308594,133.593994140625,219.45799255371094,133.4669952392578
36.300000000000004,2.540332827897306e-06,0.0,3.186340080674199e-15,7.970006130180481,104.83554636826838,98.36272382791444,211.48899841308594,133.593994140625,219.45799255371094,133.4669952392578
36.35,3.0209363355507132e-06,0.0,3.186340080674199e-15,7.970006130180481,104.83554636826838,98.36272382791444,211.48899841308594,133.593994140625,219.45799255371094,133.4669952392578
36.4,3.5015401353382637e-06,0.0,3.186340080674199e-15,7.970006130180481,104.83554636826838,98.36272382791444,211.48899841308594,133.593994140625,219.45799255371094,133.4669952392578
36.45,4.050792808459614e-06,0.0,3.186340080674199e-15,7.970006130180481,104.83554636826838,98.36272382791444,211.48899841308594,133.593994140625,219.45799255371094,133.4669952392578
36.5,2.4030203512871446e-07,0.0,3.186340080674199e-15,7.970006130180481,104.83554636826838,98.36272382791444,211.48899841308594,133.593994140625,219.45799255371094,133.4669952392578
36.550000000000004,8.582262457688893e-07,0.0,3.186340080674199e-15,7.970006130180481,104.83554636826838,98.36272382791444,211.48899841308594,133.593994140625,219.45799255371094,133.4669952392578
36.6,1.2701664642203728e-06,0.0,3.186340080674199e-15,7.970006130180481,104.83554636826838,98.36272382791444,211.48899841308594,133.593994140625,219.45799255371094,133.4669952392578
36.65,1.7164417913487185e-06,0.0,3.186340080674199e-15,7.970006130180481,104.83554636826838,98.36272382791444,211.48899841308594,133.593994140625,219.45799255371094,133.4669952392578
36.7,2.231373797966435e-06,0.0,3.186340080674199e-15,7.970006130180481,104.83554636826838,98.36272382791444,211.48899841308594,133.593994140625,219.45799255371094,133.4669952392578
36.75,2.9179522812280258e-06,0.0,3.186340080674199e-15,7.970006130180481,104.83554636826838,98.36272382791444,211.48899841308594,133.593994140625,219.45799255371094,133.4669952392578
36.800000000000004,3.2955703294324197e-06,0.0,3.186340080674199e-15,7.970006130180481,104.83554636826838,98.36272382791444,211.48899841308594,133.593994140625,219.45799255371094,133.4669952392578
36.85,3.844836132584217e-06,0.0,3.186340080674199e-15,7.970006130180481,104.83554636826838,98.36272382791444,211.48899841308594,133.593994140625,219.45799255371094,133.4669952392578
36.9,0.0,0.0,3.186340080674199e-15,7.970006130180481,104.83554636826838,98.36272382791444,211.48899841308594,133.593994140625,219.45799255371094,133.4669952392578
36.95,4.806127790800455e-07,0.0,3.186340080674199e-15,7.970006130180481,104.83554636826838,98.36272382791444,211.48899841308594,133.593994140625,219.45799255371094,133.4669952392578
37.0,9.955418704006761e-07,0.0,3.186340080674199e-15,7.970006130180481,104.83554636826838,98.36272382791444,211.48899841308594,133.593994140625,219.45799255371094,133.4669952392578
37.050000000000004,1.4074818594748094e-06,0.0,3.186340080674199e-15,7.970006130180481,104.83554636826838,98.36272382791444,211.48899841308594,133.593994140625,219.45799255371094,133.4669952392578
37.1,2.09405891609924e-06,0.0,3.186340080674199e-15,7.970006130180481,104.83554636826838,98.36272382791444,211.48899841308594,133.593994140625,219.45799255371094,133.4669952392578
37.15,2.6776512675228456e-06,0.0,3.186340080674199e-15,7.970006130180481,104.83554636826838,98.36272382791444,211.48899841308594,133.593994140625,219.45799255371094,133.4669952392578
37.2,3.158254922310374e-06,0.0,3.186340080674199e-15,7.970006130180481,104.83554636826838,98.36272382791444,211.48899841308594,133.593994140625,219.45799255371094,133.4669952392578
37.25,3.6731891979271884e-06,0.0,3.186340080674199e-15,7.970006130180481,104.83554636826838,98.36272382791444,211.48899841308594,133.593994140625,219.45799255371094,133.4669952392578
37.300000000000004,4.2224402927300895e-06,0.0,3.186340080674199e-15,7.970006130180481,104.83554636826838,98.36272382791444,211.48899841308594,133.593994140625,219.45799255371094,133.4669952392578
37.35,3.77619078521357e-07,0.0,3.186340080674199e-15,7.970006130180481,104.83554636826838,98.36272382791444,211.48899841308594,133.593994140625,219.45799255371094,133.4669952392578
37.4,1.0298682332717558e-06,0.0,3.186340080674199e-15,7.970006130180481,104.83554636826838,98.36272382791444,211.48899841308594,133.593994140625,219.45799255371094,133.4669952392578
37.45,1.5104700532588036e-06,0.0,3.186340080674199e-15,7.970006130180481,104.83554636826838,98.36272382791444,211.48899841308594,133.593994140625,219.45799255371094,133.4669952392578
37.5,2.025403238146267e-06,0.0,3.186340080674199e-15,7.970006130180481,104.83554636826838,98.36272382791444,211.48899841308594,133.593994140625,219.45799255371094,133.4669952392578
37.550000000000004,2.643322064645243e-06,0.0,3.186340080674199e-15,7.970006130180481,104.83554636826838,98.36272382791444,211.48899841308594,133.593994140625,219.45799255371094,133.4669952392578
37.6,3.2612400524308952e-06,0.0,3.186340080674199e-15,7.970006130180481,104.83554636826838,98.36272382791444,211.48899841308594,133.593994140625,219.45799255371094,133.4669952392578
37.65,3.913488653467977e-06,0.0,3.186340080674199e-15,7.970006130180481,104.83554636826838,98.36272382791444,211.48899841308594,133.593994140625,219.45799255371094,133.4669952392578
37.7,4.394087945005992e-06,0.0,3.186340080674199e-15,7.970006130180481,104.83554636826838,98.36272382791444,211.48899841308594,133.593994140625,219.45799255371094,133.4669952392578
37.75,1.0298678398394264e-07,0.0,3.186340080674199e-15,7.970006130180481,104.83554636826838,98.36272382791444,211.48899841308594,133.593994140625,219.45799255371094,133.4669952392578
37.800000000000004,5.492628186443491e-07,0.0,3.186340080674199e-15,7.970006130180481,104.83554636826838,98.36272382791444,211.48899841308594,133.593994140625,219.45799255371094,133.4669952392578
37.85,1.1671847278652988e-06,0.0,3.186340080674199e-15,7.970006130180481,104.83554636826838,98.36272382791444,211.48899841308594,133.593994140625,219.45799255371094,133.4669952392578
37.9,1.6134582062335832e-06,0.0,3.186340080674199e-15,7.970006130180481,104.83554636826838,98.36272382791444,211.48899841308594,133.593994140625,219.45799255371094,133.4669952392578
37.95,2.1283884967449117e-06,0.0,3.186340080674199e-15,7.970006130180481,104.83554636826838,98.36272382791444,211.48899841308594,133.593994140625,219.45799255371094,133.4669952392578
38.0,2.6089950434734807e-06,0.0,3.186340080674199e-15,7.970006130180481,104.83554636826838,98.36272382791444,211.48899841308594,133.593994140625,219.45799255371094,133.4669952392578
38.050000000000004,3.0209372263943585e-06,0.0,3.186340080674199e-15,7.970006130180481,104.83554636826838,98.36272382791444,211.48899841308594,133.593994140625,219.45799255371094,133.4669952392578
38.1,3.570200427322057e-06,0.0,3.186340080674199e-15,7.970006130180481,104.83554636826838,98.36272382791444,211.48899841308594,133.593994140625,219.45799255371094,133.4669952392578
38.15,4.085137584103e-06,0.0,3.186340080674199e-15,7.970006130180481,104.83554636826838,98.36272382791444,211.48899841308594,133.593994140625,219.45799255371094,133.4669952392578
38.2,5.1493439116045e-07,0.0,3.186340080674199e-15,7.970006130180481,104.83554636826838,98.36272382791444,211.48899841308594,133.593994140625,219.45799255371094,133.4669952392578
38.25,8.925522020012517e-07,0.0,3.186340080674199e-15,7.970006130180481,104.83554636826838,98.36272382791444,211.48899841308594,133.593994140625,219.45799255371094,133.4669952392578
38.300000000000004,1.4418109086394104e-06,0.0,3.186340080674199e-15,7.970006130180481,104.83554636826838,98.36272382791444,211.48899841308594,133.593994140625,219.45799255371094,133.4669952392578
38.35,2.059729654591389e-06,0.0,3.186340080674199e-15,7.970006130180481,104.83554636826838,98.36272382791444,211.48899841308594,133.593994140625,219.45799255371094,133.4669952392578
38.400000000000006,2.6089923921211467e-06,0.0,3.186340080674199e-15,7.970006130180481,104.83554636826838,98.36272382791444,211.48899841308594,133.593994140625,219.45799255371094,133.4669952392578
38.45,3.0552659471141674e-06,0.0,3.186340080674199e-15,7.970006130180481,104.83554636826838,98.36272382791444,211.48899841308594,133.593994140625,219.45799255371094,133.4669952392578
38.5,3.6388442906412244e-06,0.0,3.186340080674199e-15,7.970006130180481,104.83554636826838,98.36272382791444,211.48899841308594,133.593994140625,219.45799255371094,133.4669952392578
38.550000000000004,4.291092011634717e-06,0.0,3.186340080674199e-15,7.970006130180481,104.83554636826838,98.36272382791444,211.48899841308594,133.593994140625,219.45799255371094,133.4669952392578
38.6,1.7164411182750336e-07,0.0,3.186340080674199e-15,7.970006130180481,104.83554636826838,98.36272382791444,211.48899841308594,133.593994140625,219.45799255371094,133.4669952392578
38.650000000000006,7.895628405716397e-07,0.0,3.186340080674199e-15,7.970006130180481,104.83554636826838,98.36272382791444,211.48899841308594,133.593994140625,219.45799255371094,133.4669952392578
38.7,1.373156547266559e-06,0.0,3.186340080674199e-15,7.970006130180481,104.83554636826838,98.36272382791444,211.48899841308594,133.593994140625,219.45799255371094,133.4669952392578
38.75,1.8537588759752845e-06,0.0,3.186340080674199e-15,7.970006130180481,104.83554636826838,98.36272382791444,211.48899841308594,133.593994140625,219.45799255371094,133.4669952392578
38.800000000000004,2.4373476054905716e-06,0.0,3.186340080674199e-15,7.970006130180481,104.83554636826838,98.36272382791444,211.48899841308594,133.593994140625,219.45799255371094,133.4669952392578
38.85,2.9866106784968152e-06,0.0,3.186340080674199e-15,7.970006130180481,104.83554636826838,98.36272382791444,211.48899841308594,133.593994140625,219.45799255371094,133.4669952392578
38.900000000000006,3.5358695566682933e-06,0.0,3.186340080674199e-15,7.970006130180481,104.83554636826838,98.36272382791444,211.48899841308594,133.593994140625,219.45799255371094,133.4669952392578
38.95,4.0164841709483325e-06,0.0,3.186340080674199e-15,7.970006130180481,104.83554636826838,98.36272382791444,211.48899841308594,133.593994140625,219.45799255371094,133.4669952392578
39.0,0.0,0.0,3.186340080674199e-15,7.970006130180481,104.83554636826838,98.36272382791444,211.48899841308594,133.593994140625,219.45799255371094,133.4669952392578
39.050000000000004,6.179184775290033e-07,0.0,3.186340080674199e-15,7.970006130180481,104.83554636826838,98.36272382791444,211.48899841308594,133.593994140625,219.45799255371094,133.4669952392578
39.1,1.0298672140810934e-06,0.0,3.186340080674199e-15,7.970006130180481,104.83554636826838,98.36272382791444,211.48899841308594,133.593994140625,219.45799255371094,133.4669952392578
39.150000000000006,1.5447998199490196e-06,0.0,3.186340080674199e-15,7.970006130180481,104.83554636826838,98.36272382791444,211.48899841308594,133.593994140625,219.45799255371094,133.4669952392578
39.2,2.2313735973106046e-06,0.0,3.186340080674199e-15,7.970006130180481,104.83554636826838,98.36272382791444,211.48899841308594,133.593994140625,219.45799255371094,133.4669952392578
39.25,2.814966037786374e-06,0.0,3.186340080674199e-15,7.970006130180481,104.83554636826838,98.36272382791444,211.48899841308594,133.593994140625,219.45799255371094,133.4669952392578
39.300000000000004,3.295569798233395e-06,0.0,3.186340080674199e-15,7.970006130180481,104.83554636826838,98.36272382791444,211.48899841308594,133.593994140625,219.45799255371094,133.4669952392578
39.35,3.70753308810156e-06,0.0,3.186340080674199e-15,7.970006130180481,104.83554636826838,98.36272382791444,211.48899841308594,133.593994140625,219.45799255371094,133.4669952392578
39.400000000000006,4.119444115860562e-06,0.0,3.186340080674199e-15,7.970006130180481,104.83554636826838,98.36272382791444,211.48899841308594,133.593994140625,219.45799255371094,133.4669952392578
39.45,3.4328888846227267e-07,0.0,3.186340080674199e-15,7.970006130180481,104.83554636826838,98.36272382791444,211.48899841308594,133.593994140625,219.45799255371094,133.4669952392578
39.5,9.955373979303379e-07,0.0,3.186340080674199e-15,7.970006130180481,104.83554636826838,98.36272382791444,211.48899841308594,133.593994140625,219.45799255371094,133.4669952392578
39.550000000000004,1.476143329986856e-06,0.0,3.186340080674199e-15,7.970006130180481,104.83554636826838,98.36272382791444,211.48899841308594,133.593994140625,219.45799255371094,133.4669952392578
39.6,1.8880853391052568e-06,0.0,3.186340080674199e-15,7.970006130180481,104.83554636826838,98.36272382791444,211.48899841308594,133.593994140625,219.45799255371094,133.4669952392578
39.650000000000006,2.4030180060626466e-06,0.0,3.186340080674199e-15,7.970006130180481,104.83554636826838,98.36272382791444,211.48899841308594,133.593994140625,219.45799255371094,133.4669952392578
39.7,3.0552659287358504e-06,0.0,3.186340080674199e-15,7.970006130180481,104.83554636826838,98.36272382791444,211.48899841308594,133.593994140625,219.45799255371094,133.4669952392578
39.75,3.7418401275606353e-06,0.0,3.186340080674199e-15,7.970006130180481,104.83554636826838,98.36272382791444,211.48899841308594,133.593994140625,219.45799255371094,133.4669952392578
39.800000000000004,4.256783955088792e-06,0.0,3.186340080674199e-15,7.970006130180481,104.83554636826838,98.36272382791444,211.48899841308594,133.593994140625,219.45799255371094,133.4669952392578
39.85,6.86578069277988e-08,0.0,3.186340080674199e-15,7.970006130180481,104.83554636826838,98.36272382791444,211.48899841308594,133.593994140625,219.45799255371094,133.4669952392578
39.900000000000006,5.14940277616855e-07,0.0,3.186340080674199e-15,7.970006130180481,104.83554636826838,98.36272382791444,211.48899841308594,133.593994140625,219.45799255371094,133.4669952392578
39.95,1.1328520824971815e-06,0.0,3.186340080674199e-15,7.970006130180481,104.83554636826838,98.36272382791444,211.48899841308594,133.593994140625,219.45799255371094,133.4669952392578
40.0,1.6821144990623966e-06,0.0,3.186340080674199e-15,7.970006130180481,104.83554636826838,98.36272382791444,211.48899841308594,133.593994140625,219.45799255371094,133.4669952392578
40.050000000000004,2.265703268122359e-06,0.0,3.186340080674199e-15,7.970006130180481,104.83554636826838,98.36272382791444,211.48899841308594,133.593994140625,219.45799255371094,133.4669952392578
40.1,2.8492921099709006e-06,0.0,3.186340080674199e-15,7.970006130180481,104.83554636826838,98.36272382791444,211.48899841308594,133.593994140625,219.45799255371094,133.4669952392578
40.150000000000006,3.32989950854697e-06,0.0,3.186340080674199e-15,7.970006130180481,104.83554636826838,98.36272382791444,211.48899841308594,133.593994140625,219.45799255371094,133.4669952392578
40.2,3.7075332786853194e-06,0.0,3.186340080674199e-15,7.970006130180481,104.83554636826838,98.36272382791444,211.48899841308594,133.593994140625,219.45799255371094,133.4669952392578
40.25,4.222440222647357e-06,0.0,3.186340080674199e-15,7.970006130180481,104.83554636826838,98.36272382791444,211.48899841308594,133.593994140625,219.45799255371094,133.4669952392578
40.300000000000004,5.1493439116045e-07,0.0,3.186340080674199e-15,7.970006130180481,104.83554636826838,98.36272382791444,211.48899841308594,133.593994140625,219.45799255371094,133.4669952392578
40.35,9.612095966290415e-07,0.0,3.186340080674199e-15,7.970006130180481,104.83554636826838,98.36272382791444,211.48899841308594,133.593994140625,219.45799255371094,133.4669952392578
40.400000000000006,1.4418117597337794e-06,0.0,3.186340080674199e-15,7.970006130180481,104.83554636826838,98.36272382791444,211.48899841308594,133.593994140625,219.45799255371094,133.4669952392578
40.45,1.853763931174307e-06,0.0,3.186340080674199e-15,7.970006130180481,104.83554636826838,98.36272382791444,211.48899841308594,133.593994140625,219.45799255371094,133.4669952392578
40.5,2.2657031663589887e-06,0.0,3.186340080674199e-15,7.970006130180481,104.83554636826838,98.36272382791444,211.48899841308594,133.593994140625,219.45799255371094,133.4669952392578
40.550000000000004,2.746311558236095e-06,0.0,3.186340080674199e-15,7.970006130180481,104.83554636826838,98.36272382791444,211.48899841308594,133.593994140625,219.45799255371094,133.4669952392578
40.6,3.261240111490961e-06,0.0,3.186340080674199e-15,7.970006130180481,104.83554636826838,98.36272382791444,211.48899841308594,133.593994140625,219.45799255371094,133.4669952392578
40.650000000000006,3.947832939230026e-06,0.0,3.186340080674199e-15,7.970006130180481,104.83554636826838,98.36272382791444,211.48899841308594,133.593994140625,219.45799255371094,133.4669952392578
40.7,2.4030203512871446e-07,0.0,3.186340080674199e-15,7.970006130180481,104.83554636826838,98.36272382791444,211.48899841308594,133.593994140625,219.45799255371094,133.4669952392578
40.75,8.925529984716641e-07,0.0,3.186340080674199e-15,7.970006130180481,104.83554636826838,98.36272382791444,211.48899841308594,133.593994140625,219.45799255371094,133.4669952392578
40.800000000000004,1.3045031525678633e-06,0.0,3.186340080674199e-15,7.970006130180481,104.83554636826838,98.36272382791444,211.48899841308594,133.593994140625,219.45799255371094,133.4669952392578
40.85,1.6821165323659555e-06,0.0,3.186340080674199e-15,7.970006130180481,104.83554636826838,98.36272382791444,211.48899841308594,133.593994140625,219.45799255371094,133.4669952392578
40.900000000000006,2.1970444868009075e-06,0.0,3.186340080674199e-15,7.970006130180481,104.83554636826838,98.36272382791444,211.48899841308594,133.593994140625,219.45799255371094,133.4669952392578
40.95,2.7119792976631897e-06,0.0,3.186340080674199e-15,7.970006130180481,104.83554636826838,98.36272382791444,211.48899841308594,133.593994140625,219.45799255371094,133.4669952392578
41.0,3.295569618942105e-06,0.0,3.186340080674199e-15,7.970006130180481,104.83554636826838,98.36272382791444,211.48899841308594,133.593994140625,219.45799255371094,133.4669952392578
41.050000000000004,3.947832725342421e-06,0.0,3.186340080674199e-15,7.970006130180481,104.83554636826838,98.36272382791444,211.48899841308594,133.593994140625,219.45799255371094,133.4669952392578
41.1,0.0,0.0,3.186340080674199e-15,7.970006130180481,104.83554636826838,98.36272382791444,211.48899841308594,133.593994140625,219.45799255371094,133.4669952392578
41.150000000000006,5.835909969062607e-07,0.0,3.186340080674199e-15,7.970006130180481,104.83554636826838,98.36272382791444,211.48899841308594,133.593994140625,219.45799255371094,133.4669952392578
41.2,9.95540426116398e-07,0.0,3.186340080674199e-15,7.970006130180481,104.83554636826838,98.36272382791444,211.48899841308594,133.593994140625,219.45799255371094,133.4669952392578
41.25,1.3731588234224548e-06,0.0,3.186340080674199e-15,7.970006130180481,104.83554636826838,98.36272382791444,211.48899841308594,133.593994140625,219.45799255371094,133.4669952392578
41.300000000000004,1.9567447404006452e-06,0.0,3.186340080674199e-15,7.970006130180481,104.83554636826838,98.36272382791444,211.48899841308594,133.593994140625,219.45799255371094,133.4669952392578
41.35,2.5403332658390547e-06,0.0,3.186340080674199e-15,7.970006130180481,104.83554636826838,98.36272382791444,211.48899841308594,133.593994140625,219.45799255371094,133.4669952392578
41.400000000000006,3.055267711035631e-06,0.0,3.186340080674199e-15,7.970006130180481,104.83554636826838,98.36272382791444,211.48899841308594,133.593994140625,219.45799255371094,133.4669952392578
41.45,3.4328853582457978e-06,0.0,3.186340080674199e-15,7.970006130180481,104.83554636826838,98.36272382791444,211.48899841308594,133.593994140625,219.45799255371094,133.4669952392578
41.5,3.844835919013487e-06,0.0,3.186340080674199e-15,7.970006130180481,104.83554636826838,98.36272382791444,211.48899841308594,133.593994140625,219.45799255371094,133.4669952392578
41.550000000000004,3.0896718374394506e-07,0.0,3.186340080674199e-15,7.970006130180481,104.83554636826838,98.36272382791444,211.48899841308594,133.593994140625,219.45799255371094,133.4669952392578
41.6,8.925516680844962e-07,0.0,3.186340080674199e-15,7.970006130180481,104.83554636826838,98.36272382791444,211.48899841308594,133.593994140625,219.45799255371094,133.4669952392578
41.650000000000006,1.3731556325672074e-06,0.0,3.186340080674199e-15,7.970006130180481,104.83554636826838,98.36272382791444,211.48899841308594,133.593994140625,219.45799255371094,133.4669952392578
41.7,1.8537608176402485e-06,0.0,3.186340080674199e-15,7.970006130180481,104.83554636826838,98.36272382791444,211.48899841308594,133.593994140625,219.45799255371094,133.4669952392578
41.75,2.368690781302836e-06,0.0,3.186340080674199e-15,7.970006130180481,104.83554636826838,98.36272382791444,211.48899841308594,133.593994140625,219.45799255371094,133.4669952392578
41.800000000000004,2.780636691899307e-06,0.0,3.186340080674199e-15,7.970006130180481,104.83554636826838,98.36272382791444,211.48899841308594,133.593994140625,219.45799255371094,133.4669952392578
41.85,3.4672139478700556e-06,0.0,3.186340080674199e-15,7.970006130180481,104.83554636826838,98.36272382791444,211.48899841308594,133.593994140625,219.45799255371094,133.4669952392578
41.900000000000006,4.119444052875368e-06,0.0,3.186340080674199e-15,7.970006130180481,104.83554636826838,98.36272382791444,211.48899841308594,133.593994140625,219.45799255371094,133.4669952392578
41.95,1.0298672720960942e-07,0.0,3.186340080674199e-15,7.970006130180481,104.83554636826838,98.36272382791444,211.48899841308594,133.593994140625,219.45799255371094,133.4669952392578
42.0,6.522482339652885e-07,0.0,3.186340080674199e-15,7.970006130180481,104.83554636826838,98.36272382791444,211.48899841308594,133.593994140625,219.45799255371094,133.4669952392578
42.050000000000004,1.2358368760391738e-06,0.0,3.186340080674199e-15,7.970006130180481,104.83554636826838,98.36272382791444,211.48899841308594,133.593994140625,219.45799255371094,133.4669952392578
42.1,1.8880854172597188e-06,0.0,3.186340080674199e-15,7.970006130180481,104.83554636826838,98.36272382791444,211.48899841308594,133.593994140625,219.45799255371094,133.4669952392578
42.150000000000006,2.300034502328649e-06,0.0,3.186340080674199e-15,7.970006130180481,104.83554636826838,98.36272382791444,211.48899841308594,133.593994140625,219.45799255371094,133.4669952392578
42.2,2.711977439270048e-06,0.0,3.186340080674199e-15,7.970006130180481,104.83554636826838,98.36272382791444,211.48899841308594,133.593994140625,219.45799255371094,133.4669952392578
42.25,3.329899303300467e-06,0.0,3.186340080674199e-15,7.970006130180481,104.83554636826838,98.36272382791444,211.48899841308594,133.593994140625,219.45799255371094,133.4669952392578
42.300000000000004,4.0164841977076754e-06,0.0,3.186340080674199e-15,7.970006130180481,104.83554636826838,98.36272382791444,211.48899841308594,133.593994140625,219.45799255371094,133.4669952392578
42.35,4.428432543791397e-06,0.0,3.186340080674199e-15,7.970006130180481,104.83554636826838,98.36272382791444,211.48899841308594,133.593994140625,219.45799255371094,133.4669952392578
42.400000000000006,3.432934790241445e-07,0.0,3.186340080674199e-15,7.970006130180481,104.83554636826838,98.36272382791444,211.48899841308594,133.593994140625,219.45799255371094,133.4669952392578
42.45,8.925525371745786e-07,0.0,3.186340080674199e-15,7.970006130180481,104.83554636826838,98.36272382791444,211.48899841308594,133.593994140625,219.45799255371094,133.4669952392578
42.5,1.441811273905993e-06,0.0,3.186340080674199e-15,7.970006130180481,104.83554636826838,98.36272382791444,211.48899841308594,133.593994140625,219.45799255371094,133.4669952392578
42.550000000000004,1.8537587768326532e-06,0.0,3.186340080674199e-15,7.970006130180481,104.83554636826838,98.36272382791444,211.48899841308594,133.593994140625,219.45799255371094,133.4669952392578
42.6,2.334362489339275e-06,0.0,3.186340080674199e-15,7.970006130180481,104.83554636826838,98.36272382791444,211.48899841308594,133.593994140625,219.45799255371094,133.4669952392578
42.650000000000006,2.883621757210613e-06,0.0,3.186340080674199e-15,7.970006130180481,104.83554636826838,98.36272382791444,211.48899841308594,133.593994140625,219.45799255371094,133.4669952392578
42.7,3.2955698645039763e-06,0.0,3.186340080674199e-15,7.970006130180481,104.83554636826838,98.36272382791444,211.48899841308594,133.593994140625,219.45799255371094,133.4669952392578
42.75,3.879144386379323e-06,0.0,3.186340080674199e-15,7.970006130180481,104.83554636826838,98.36272382791444,211.48899841308594,133.593994140625,219.45799255371094,133.4669952392578
42.800000000000004,2.4030550694485373e-07,0.0,3.186340080674199e-15,7.970006130180481,104.83554636826838,98.36272382791444,211.48899841308594,133.593994140625,219.45799255371094,133.4669952392578
42.85,8.23893436292303e-07,0.0,3.186340080674199e-15,7.970006130180481,104.83554636826838,98.36272382791444,211.48899841308594,133.593994140625,219.45799255371094,133.4669952392578
42.900000000000006,1.30449849796911e-06,0.0,3.186340080674199e-15,7.970006130180481,104.83554636826838,98.36272382791444,211.48899841308594,133.593994140625,219.45799255371094,133.4669952392578
42.95,1.7164461350102133e-06,0.0,3.186340080674199e-15,7.970006130180481,104.83554636826838,98.36272382791444,211.48899841308594,133.593994140625,219.45799255371094,133.4669952392578
43.0,2.128389063023176e-06,0.0,3.186340080674199e-15,7.970006130180481,104.83554636826838,98.36272382791444,211.48899841308594,133.593994140625,219.45799255371094,133.4669952392578
43.050000000000004,2.7806370030775003e-06,0.0,3.186340080674199e-15,7.970006130180481,104.83554636826838,98.36272382791444,211.48899841308594,133.593994140625,219.45799255371094,133.4669952392578
43.1,3.3642252809864433e-06,0.0,3.186340080674199e-15,7.970006130180481,104.83554636826838,98.36272382791444,211.48899841308594,133.593994140625,219.45799255371094,133.4669952392578
43.150000000000006,3.913488646897114e-06,0.0,3.186340080674199e-15,7.970006130180481,104.83554636826838,98.36272382791444,211.48899841308594,133.593994140625,219.45799255371094,133.4669952392578
43.2,0.0,0.0,3.186340080674199e-15,7.970006130180481,104.83554636826838,98.36272382791444,211.48899841308594,133.593994140625,219.45799255371094,133.4669952392578
43.25,4.8060378300766e-07,0.0,3.186340080674199e-15,7.970006130180481,104.83554636826838,98.36272382791444,211.48899841308594,133.593994140625,219.45799255371094,133.4669952392578
43.300000000000004,1.1328516219640594e-06,0.0,3.186340080674199e-15,7.970006130180481,104.83554636826838,98.36272382791444,211.48899841308594,133.593994140625,219.45799255371094,133.4669952392578
43.35,1.8194295120733092e-06,0.0,3.186340080674199e-15,7.970006130180481,104.83554636826838,98.36272382791444,211.48899841308594,133.593994140625,219.45799255371094,133.4669952392578
43.400000000000006,2.471678208494463e-06,0.0,3.186340080674199e-15,7.970006130180481,104.83554636826838,98.36272382791444,211.48899841308594,133.593994140625,219.45799255371094,133.4669952392578
43.45,2.849294307894098e-06,0.0,3.186340080674199e-15,7.970006130180481,104.83554636826838,98.36272382791444,211.48899841308594,133.593994140625,219.45799255371094,133.4669952392578
43.5,3.226910990120289e-06,0.0,3.186340080674199e-15,7.970006130180481,104.83554636826838,98.36272382791444,211.48899841308594,133.593994140625,219.45799255371094,133.4669952392578
43.550000000000004,3.7075320523556584e-06,0.0,3.186340080674199e-15,7.970006130180481,104.83554636826838,98.36272382791444,211.48899841308594,133.593994140625,219.45799255371094,133.4669952392578
43.6,4.291092560129256e-06,0.0,3.186340080674199e-15,7.970006130180481,104.83554636826838,98.36272382791444,211.48899841308594,133.593994140625,219.45799255371094,133.4669952392578
43.650000000000006,3.77619078521357e-07,0.0,3.186340080674199e-15,7.970006130180481,104.83554636826838,98.36272382791444,211.48899841308594,133.593994140625,219.45799255371094,133.4669952392578
43.7,1.0298682332717558e-06,0.0,3.186340080674199e-15,7.970006130180481,104.83554636826838,98.36272382791444,211.48899841308594,133.593994140625,219.45799255371094,133.4669952392578
43.75,1.5104700532588036e-06,0.0,3.186340080674199e-15,7.970006130180481,104.83554636826838,98.36272382791444,211.48899841308594,133.593994140625,219.45799255371094,133.4669952392578
43.800000000000004,2.025403238146267e-06,0.0,3.186340080674199e-15,7.970006130180481,104.83554636826838,98.36272382791444,211.48899841308594,133.593994140625,219.45799255371094,133.4669952392578
43.85,2.5060076508056374e-06,0.0,3.186340080674199e-15,7.970006130180481,104.83554636826838,98.36272382791444,211.48899841308594,133.593994140625,219.45799255371094,133.4669952392578
43.900000000000006,3.1925808324211648e-06,0.0,3.186340080674199e-15,7.970006130180481,104.83554636826838,98.36272382791444,211.48899841308594,133.593994140625,219.45799255371094,133.4669952392578
43.95,3.8104926271651606e-06,0.0,3.186340080674199e-15,7.970006130180481,104.83554636826838,98.36272382791444,211.48899841308594,133.593994140625,219.45799255371094,133.4669952392578
44.0,4.462741185413245e-06,0.0,3.186340080674199e-15,7.970006130180481,104.83554636826838,98.36272382791444,211.48899841308594,133.593994140625,219.45799255371094,133.4669952392578
44.050000000000004,6.86578069277988e-08,0.0,3.186340080674199e-15,7.970006130180481,104.83554636826838,98.36272382791444,211.48899841308594,133.593994140625,219.45799255371094,133.4669952392578
44.1,5.492647019133491e-07,0.0,3.186340080674199e-15,7.970006130180481,104.83554636826838,98.36272382791444,211.48899841308594,133.593994140625,219.45799255371094,133.4669952392578
44.150000000000006,1.2015119154658651e-06,0.0,3.186340080674199e-15,7.970006130180481,104.83554636826838,98.36272382791444,211.48899841308594,133.593994140625,219.45799255371094,133.4669952392578
44.2,1.8194294104322206e-06,0.0,3.186340080674199e-15,7.970006130180481,104.83554636826838,98.36272382791444,211.48899841308594,133.593994140625,219.45799255371094,133.4669952392578
44.25,2.471678323412365e-06,0.0,3.186340080674199e-15,7.970006130180481,104.83554636826838,98.36272382791444,211.48899841308594,133.593994140625,219.45799255371094,133.4669952392578
44.300000000000004,2.8836216952742695e-06,0.0,3.186340080674199e-15,7.970006130180481,104.83554636826838,98.36272382791444,211.48899841308594,133.593994140625,219.45799255371094,133.4669952392578
44.35,3.364225420261142e-06,0.0,3.186340080674199e-15,7.970006130180481,104.83554636826838,98.36272382791444,211.48899841308594,133.593994140625,219.45799255371094,133.4669952392578
44.400000000000006,3.844836037536782e-06,0.0,3.186340080674199e-15,7.970006130180481,104.83554636826838,98.36272382791444,211.48899841308594,133.593994140625,219.45799255371094,133.4669952392578
44.45,4.497084201019666e-06,0.0,3.186340080674199e-15,7.970006130180481,104.83554636826838,98.36272382791444,211.48899841308594,133.593994140625,219.45799255371094,133.4669952392578
44.5,5.1493439116045e-07,0.0,3.186340080674199e-15,7.970006130180481,104.83554636826838,98.36272382791444,211.48899841308594,133.593994140625,219.45799255371094,133.4669952392578
44.550000000000004,1.0985224456407998e-06,0.0,3.186340080674199e-15,7.970006130180481,104.83554636826838,98.36272382791444,211.48899841308594,133.593994140625,219.45799255371094,133.4669952392578
44.6,1.5448026867096137e-06,0.0,3.186340080674199e-15,7.970006130180481,104.83554636826838,98.36272382791444,211.48899841308594,133.593994140625,219.45799255371094,133.4669952392578
44.650000000000006,1.9910740260655873e-06,0.0,3.186340080674199e-15,7.970006130180481,104.83554636826838,98.36272382791444,211.48899841308594,133.593994140625,219.45799255371094,133.4669952392578
44.7,2.4716790259899456e-06,0.0,3.186340080674199e-15,7.970006130180481,104.83554636826838,98.36272382791444,211.48899841308594,133.593994140625,219.45799255371094,133.4669952392578
44.75,2.9866109848039532e-06,0.0,3.186340080674199e-15,7.970006130180481,104.83554636826838,98.36272382791444,211.48899841308594,133.593994140625,219.45799255371094,133.4669952392578
44.800000000000004,3.6731881950832044e-06,0.0,3.186340080674199e-15,7.970006130180481,104.83554636826838,98.36272382791444,211.48899841308594,133.593994140625,219.45799255371094,133.4669952392578
44.85,4.35977991463704e-06,0.0,3.186340080674199e-15,7.970006130180481,104.83554636826838,98.36272382791444,211.48899841308594,133.593994140625,219.45799255371094,133.4669952392578
44.900000000000006,2.4030203512871446e-07,0.0,3.186340080674199e-15,7.970006130180481,104.83554636826838,98.36272382791444,211.48899841308594,133.593994140625,219.45799255371094,133.4669952392578
44.95,7.895640382189558e-07,0.0,3.186340080674199e-15,7.970006130180481,104.83554636826838,98.36272382791444,211.48899841308594,133.593994140625,219.45799255371094,133.4669952392578
45.0,1.2701664624229892e-06,0.0,3.186340080674199e-15,7.970006130180481,104.83554636826838,98.36272382791444,211.48899841308594,133.593994140625,219.45799255371094,133.4669952392578
45.050000000000004,1.819429230840205e-06,0.0,3.186340080674199e-15,7.970006130180481,104.83554636826838,98.36272382791444,211.48899841308594,133.593994140625,219.45799255371094,133.4669952392578
45.1,2.5060071457213936e-06,0.0,3.186340080674199e-15,7.970006130180481,104.83554636826838,98.36272382791444,211.48899841308594,133.593994140625,219.45799255371094,133.4669952392578
45.150000000000006,2.9866108573437135e-06,0.0,3.186340080674199e-15,7.970006130180481,104.83554636826838,98.36272382791444,211.48899841308594,133.593994140625,219.45799255371094,133.4669952392578
45.2,3.6731882057908066e-06,0.0,3.186340080674199e-15,7.970006130180481,104.83554636826838,98.36272382791444,211.48899841308594,133.593994140625,219.45799255371094,133.4669952392578
45.25,4.188132112371744e-06,0.0,3.186340080674199e-15,7.970006130180481,104.83554636826838,98.36272382791444,211.48899841308594,133.593994140625,219.45799255371094,133.4669952392578
45.300000000000004,0.0,0.0,3.186340080674199e-15,7.970006130180481,104.83554636826838,98.36272382791444,211.48899841308594,133.593994140625,219.45799255371094,133.4669952392578
45.35,4.119450929153726e-07,0.0,3.186340080674199e-15,7.970006130180481,104.83554636826838,98.36272382791444,211.48899841308594,133.593994140625,219.45799255371094,133.4669952392578
45.400000000000006,9.612102650452897e-07,0.0,3.186340080674199e-15,7.970006130180481,104.83554636826838,98.36272382791444,211.48899841308594,133.593994140625,219.45799255371094,133.4669952392578
45.45,1.5448018083548992e-06,0.0,3.186340080674199e-15,7.970006130180481,104.83554636826838,98.36272382791444,211.48899841308594,133.593994140625,219.45799255371094,133.4669952392578
45.5,1.9910737099480464e-06,0.0,3.186340080674199e-15,7.970006130180481,104.83554636826838,98.36272382791444,211.48899841308594,133.593994140625,219.45799255371094,133.4669952392578
45.550000000000004,2.471677136451328e-06,0.0,3.186340080674199e-15,7.970006130180481,104.83554636826838,98.36272382791444,211.48899841308594,133.593994140625,219.45799255371094,133.4669952392578
45.6,2.8836217505144744e-06,0.0,3.186340080674199e-15,7.970006130180481,104.83554636826838,98.36272382791444,211.48899841308594,133.593994140625,219.45799255371094,133.4669952392578
45.650000000000006,3.432884380127679e-06,0.0,3.186340080674199e-15,7.970006130180481,104.83554636826838,98.36272382791444,211.48899841308594,133.593994140625,219.45799255371094,133.4669952392578
45.7,3.913488306783402e-06,0.0,3.186340080674199e-15,7.970006130180481,104.83554636826838,98.36272382791444,211.48899841308594,133.593994140625,219.45799255371094,133.4669952392578
45.75,2.746405077527631e-07,0.0,3.186340080674199e-15,7.970006130180481,104.83554636826838,98.36272382791444,211.48899841308594,133.593994140625,219.45799255371094,133.4669952392578
45.800000000000004,6.865781458294481e-07,0.0,3.186340080674199e-15,7.970006130180481,104.83554636826838,98.36272382791444,211.48899841308594,133.593994140625,219.45799255371094,133.4669952392578
45.85,1.1671828053295403e-06,0.0,3.186340080674199e-15,7.970006130180481,104.83554636826838,98.36272382791444,211.48899841308594,133.593994140625,219.45799255371094,133.4669952392578
45.900000000000006,1.750770596667663e-06,0.0,3.186340080674199e-15,7.970006130180481,104.83554636826838,98.36272382791444,211.48899841308594,133.593994140625,219.45799255371094,133.4669952392578
45.95,2.437347571988976e-06,0.0,3.186340080674199e-15,7.970006130180481,104.83554636826838,98.36272382791444,211.48899841308594,133.593994140625,219.45799255371094,133.4669952392578
46.0,2.917951773328201e-06,0.0,3.186340080674199e-15,7.970006130180481,104.83554636826838,98.36272382791444,211.48899841308594,133.593994140625,219.45799255371094,133.4669952392578
46.050000000000004,3.3298997830881675e-06,0.0,3.186340080674199e-15,7.970006130180481,104.83554636826838,98.36272382791444,211.48899841308594,133.593994140625,219.45799255371094,133.4669952392578
46.1,3.87914399366673e-06,0.0,3.186340080674199e-15,7.970006130180481,104.83554636826838,98.36272382791444,211.48899841308594,133.593994140625,219.45799255371094,133.4669952392578
46.150000000000006,1.373155173753376e-07,0.0,3.186340080674199e-15,7.970006130180481,104.83554636826838,98.36272382791444,211.48899841308594,133.593994140625,219.45799255371094,133.4669952392578
46.2,7.89563897531374e-07,0.0,3.186340080674199e-15,7.970006130180481,104.83554636826838,98.36272382791444,211.48899841308594,133.593994140625,219.45799255371094,133.4669952392578
46.25,1.2358370794538392e-06,0.0,3.186340080674199e-15,7.970006130180481,104.83554636826838,98.36272382791444,211.48899841308594,133.593994140625,219.45799255371094,133.4669952392578
46.300000000000004,1.7164407465724964e-06,0.0,3.186340080674199e-15,7.970006130180481,104.83554636826838,98.36272382791444,211.48899841308594,133.593994140625,219.45799255371094,133.4669952392578
46.35,2.2657044662677887e-06,0.0,3.186340080674199e-15,7.970006130180481,104.83554636826838,98.36272382791444,211.48899841308594,133.593994140625,219.45799255371094,133.4669952392578
46.400000000000006,2.814966098439945e-06,0.0,3.186340080674199e-15,7.970006130180481,104.83554636826838,98.36272382791444,211.48899841308594,133.593994140625,219.45799255371094,133.4669952392578
46.45,3.364225298128078e-06,0.0,3.186340080674199e-15,7.970006130180481,104.83554636826838,98.36272382791444,211.48899841308594,133.593994140625,219.45799255371094,133.4669952392578
46.5,3.982139993988195e-06,0.0,3.186340080674199e-15,7.970006130180481,104.83554636826838,98.36272382791444,211.48899841308594,133.593994140625,219.45799255371094,133.4669952392578
46.550000000000004,4.462740131836063e-06,0.0,3.186340080674199e-15,7.970006130180481,104.83554636826838,98.36272382791444,211.48899841308594,133.593994140625,219.45799255371094,133.4669952392578
46.6,3.7761853442054894e-07,0.0,3.186340080674199e-15,7.970006130180481,104.83554636826838,98.36272382791444,211.48899841308594,133.593994140625,219.45799255371094,133.4669952392578
46.650000000000006,9.955372323418502e-07,0.0,3.186340080674199e-15,7.970006130180481,104.83554636826838,98.36272382791444,211.48899841308594,133.593994140625,219.45799255371094,133.4669952392578
46.7,1.6477860728934535e-06,0.0,3.186340080674199e-15,7.970006130180481,104.83554636826838,98.36272382791444,211.48899841308594,133.593994140625,219.45799255371094,133.4669952392578
46.75,2.231373779140778e-06,0.0,3.186340080674199e-15,7.970006130180481,104.83554636826838,98.36272382791444,211.48899841308594,133.593994140625,219.45799255371094,133.4669952392578
46.800000000000004,2.8149662718050335e-06,0.0,3.186340080674199e-15,7.970006130180481,104.83554636826838,98.36272382791444,211.48899841308594,133.593994140625,219.45799255371094,133.4669952392578
46.85,3.2955695180657145e-06,0.0,3.186340080674199e-15,7.970006130180481,104.83554636826838,98.36272382791444,211.48899841308594,133.593994140625,219.45799255371094,133.4669952392578
46.900000000000006,3.7761843924086304e-06,0.0,3.186340080674199e-15,7.970006130180481,104.83554636826838,98.36272382791444,211.48899841308594,133.593994140625,219.45799255371094,133.4669952392578
46.95,4.291092067998508e-06,0.0,3.186340080674199e-15,7.970006130180481,104.83554636826838,98.36272382791444,211.48899841308594,133.593994140625,219.45799255371094,133.4669952392578
47.0,2.4030203512871446e-07,0.0,3.186340080674199e-15,7.970006130180481,104.83554636826838,98.36272382791444,211.48899841308594,133.593994140625,219.45799255371094,133.4669952392578
47.050000000000004,9.268792260528604e-07,0.0,3.186340080674199e-15,7.970006130180481,104.83554636826838,98.36272382791444,211.48899841308594,133.593994140625,219.45799255371094,133.4669952392578
47.1,1.2701698110561106e-06,0.0,3.186340080674199e-15,7.970006130180481,104.83554636826838,98.36272382791444,211.48899841308594,133.593994140625,219.45799255371094,133.4669952392578
47.150000000000006,1.6821148094899514e-06,0.0,3.186340080674199e-15,7.970006130180481,104.83554636826838,98.36272382791444,211.48899841308594,133.593994140625,219.45799255371094,133.4669952392578
47.2,2.197045220122891e-06,0.0,3.186340080674199e-15,7.970006130180481,104.83554636826838,98.36272382791444,211.48899841308594,133.593994140625,219.45799255371094,133.4669952392578
47.25,2.746306997300991e-06,0.0,3.186340080674199e-15,7.970006130180481,104.83554636826838,98.36272382791444,211.48899841308594,133.593994140625,219.45799255371094,133.4669952392578
47.300000000000004,3.3985548550501255e-06,0.0,3.186340080674199e-15,7.970006130180481,104.83554636826838,98.36272382791444,211.48899841308594,133.593994140625,219.45799255371094,133.4669952392578
47.35,3.947832331953651e-06,0.0,3.186340080674199e-15,7.970006130180481,104.83554636826838,98.36272382791444,211.48899841308594,133.593994140625,219.45799255371094,133.4669952392578
47.400000000000006,0.0,0.0,3.186340080674199e-15,7.970006130180481,104.83554636826838,98.36272382791444,211.48899841308594,133.593994140625,219.45799255371094,133.4669952392578
47.45,5.149349699049708e-07,0.0,3.186340080674199e-15,7.970006130180481,104.83554636826838,98.36272382791444,211.48899841308594,133.593994140625,219.45799255371094,133.4669952392578
47.5,1.098522552672997e-06,0.0,3.186340080674199e-15,7.970006130180481,104.83554636826838,98.36272382791444,211.48899841308594,133.593994140625,219.45799255371094,133.4669952392578
47.550000000000004,1.7507700899104908e-06,0.0,3.186340080674199e-15,7.970006130180481,104.83554636826838,98.36272382791444,211.48899841308594,133.593994140625,219.45799255371094,133.4669952392578
47.6,2.2313744169846956e-06,0.0,3.186340080674199e-15,7.970006130180481,104.83554636826838,98.36272382791444,211.48899841308594,133.593994140625,219.45799255371094,133.4669952392578
47.650000000000006,2.6089929640178e-06,0.0,3.186340080674199e-15,7.970006130180481,104.83554636826838,98.36272382791444,211.48899841308594,133.593994140625,219.45799255371094,133.4669952392578
47.7,3.0552668391109756e-06,0.0,3.186340080674199e-15,7.970006130180481,104.83554636826838,98.36272382791444,211.48899841308594,133.593994140625,219.45799255371094,133.4669952392578
47.75,3.6388440558318135e-06,0.0,3.186340080674199e-15,7.970006130180481,104.83554636826838,98.36272382791444,211.48899841308594,133.593994140625,219.45799255371094,133.4669952392578
47.800000000000004,4.291092927672795e-06,0.0,3.186340080674199e-15,7.970006130180481,104.83554636826838,98.36272382791444,211.48899841308594,133.593994140625,219.45799255371094,133.4669952392578
47.85,2.746405077527631e-07,0.0,3.186340080674199e-15,7.970006130180481,104.83554636826838,98.36272382791444,211.48899841308594,133.593994140625,219.45799255371094,133.4669952392578
47.900000000000006,6.865781458294481e-07,0.0,3.186340080674199e-15,7.970006130180481,104.83554636826838,98.36272382791444,211.48899841308594,133.593994140625,219.45799255371094,133.4669952392578
47.95,1.2358389103890935e-06,0.0,3.186340080674199e-15,7.970006130180481,104.83554636826838,98.36272382791444,211.48899841308594,133.593994140625,219.45799255371094,133.4669952392578
48.0,1.6821189542916033e-06,0.0,3.186340080674199e-15,7.970006130180481,104.83554636826838,98.36272382791444,211.48899841308594,133.593994140625,219.45799255371094,133.4669952392578
48.050000000000004,2.0597299286917084e-06,0.0,3.186340080674199e-15,7.970006130180481,104.83554636826838,98.36272382791444,211.48899841308594,133.593994140625,219.45799255371094,133.4669952392578
48.1,2.608993983398824e-06,0.0,3.186340080674199e-15,7.970006130180481,104.83554636826838,98.36272382791444,211.48899841308594,133.593994140625,219.45799255371094,133.4669952392578
48.150000000000006,3.0209379141880954e-06,0.0,3.186340080674199e-15,7.970006130180481,104.83554636826838,98.36272382791444,211.48899841308594,133.593994140625,219.45799255371094,133.4669952392578
48.2,3.570199876568312e-06,0.0,3.186340080674199e-15,7.970006130180481,104.83554636826838,98.36272382791444,211.48899841308594,133.593994140625,219.45799255371094,133.4669952392578
48.25,1.0298672720960942e-07,0.0,3.186340080674199e-15,7.970006130180481,104.83554636826838,98.36272382791444,211.48899841308594,133.593994140625,219.45799255371094,133.4669952392578
48.300000000000004,6.865788297039342e-07,0.0,3.186340080674199e-15,7.970006130180481,104.83554636826838,98.36272382791444,211.48899841308594,133.593994140625,219.45799255371094,133.4669952392578
48.35,1.0985220213784491e-06,0.0,3.186340080674199e-15,7.970006130180481,104.83554636826838,98.36272382791444,211.48899841308594,133.593994140625,219.45799255371094,133.4669952392578
48.400000000000006,1.6821144467923644e-06,0.0,3.186340080674199e-15,7.970006130180481,104.83554636826838,98.36272382791444,211.48899841308594,133.593994140625,219.45799255371094,133.4669952392578
48.45,2.094058909036837e-06,0.0,3.186340080674199e-15,7.970006130180481,104.83554636826838,98.36272382791444,211.48899841308594,133.593994140625,219.45799255371094,133.4669952392578
48.5,2.6776515717480664e-06,0.0,3.186340080674199e-15,7.970006130180481,104.83554636826838,98.36272382791444,211.48899841308594,133.593994140625,219.45799255371094,133.4669952392578
48.550000000000004,3.329899305393425e-06,0.0,3.186340080674199e-15,7.970006130180481,104.83554636826838,98.36272382791444,211.48899841308594,133.593994140625,219.45799255371094,133.4669952392578
48.6,3.7418402652844254e-06,0.0,3.186340080674199e-15,7.970006130180481,104.83554636826838,98.36272382791444,211.48899841308594,133.593994140625,219.45799255371094,133.4669952392578
48.650000000000006,4.222440587130926e-06,0.0,3.186340080674199e-15,7.970006130180481,104.83554636826838,98.36272382791444,211.48899841308594,133.593994140625,219.45799255371094,133.4669952392578
48.7,5.1493439116045e-07,0.0,3.186340080674199e-15,7.970006130180481,104.83554636826838,98.36272382791444,211.48899841308594,133.593994140625,219.45799255371094,133.4669952392578
48.75,9.612079896161454e-07,0.0,3.186340080674199e-15,7.970006130180481,104.83554636826838,98.36272382791444,211.48899841308594,133.593994140625,219.45799255371094,133.4669952392578
48.800000000000004,1.441810911311083e-06,0.0,3.186340080674199e-15,7.970006130180481,104.83554636826838,98.36272382791444,211.48899841308594,133.593994140625,219.45799255371094,133.4669952392578
48.85,2.094058894889009e-06,0.0,3.186340080674199e-15,7.970006130180481,104.83554636826838,98.36272382791444,211.48899841308594,133.593994140625,219.45799255371094,133.4669952392578
48.900000000000006,2.6776511594644106e-06,0.0,3.186340080674199e-15,7.970006130180481,104.83554636826838,98.36272382791444,211.48899841308594,133.593994140625,219.45799255371094,133.4669952392578
48.95,3.1239254842881847e-06,0.0,3.186340080674199e-15,7.970006130180481,104.83554636826838,98.36272382791444,211.48899841308594,133.593994140625,219.45799255371094,133.4669952392578
49.0,3.6731881875481e-06,0.0,3.186340080674199e-15,7.970006130180481,104.83554636826838,98.36272382791444,211.48899841308594,133.593994140625,219.45799255371094,133.4669952392578
49.050000000000004,4.3254363744381195e-06,0.0,3.186340080674199e-15,7.970006130180481,104.83554636826838,98.36272382791444,211.48899841308594,133.593994140625,219.45799255371094,133.4669952392578
49.1,2.4030203512871446e-07,0.0,3.186340080674199e-15,7.970006130180481,104.83554636826838,98.36272382791444,211.48899841308594,133.593994140625,219.45799255371094,133.4669952392578
49.150000000000006,7.552342794360373e-07,0.0,3.186340080674199e-15,7.970006130180481,104.83554636826838,98.36272382791444,211.48899841308594,133.593994140625,219.45799255371094,133.4669952392578
49.2,1.167181486054092e-06,0.0,3.186340080674199e-15,7.970006130180481,104.83554636826838,98.36272382791444,211.48899841308594,133.593994140625,219.45799255371094,133.4669952392578
49.25,1.6477848909338896e-06,0.0,3.186340080674199e-15,7.970006130180481,104.83554636826838,98.36272382791444,211.48899841308594,133.593994140625,219.45799255371094,133.4669952392578
49.300000000000004,2.2657040757833473e-06,0.0,3.186340080674199e-15,7.970006130180481,104.83554636826838,98.36272382791444,211.48899841308594,133.593994140625,219.45799255371094,133.4669952392578
49.35,2.8492920881488195e-06,0.0,3.186340080674199e-15,7.970006130180481,104.83554636826838,98.36272382791444,211.48899841308594,133.593994140625,219.45799255371094,133.4669952392578
49.400000000000006,3.3642253842792143e-06,0.0,3.186340080674199e-15,7.970006130180481,104.83554636826838,98.36272382791444,211.48899841308594,133.593994140625,219.45799255371094,133.4669952392578
49.45,3.844836120353354e-06,0.0,3.186340080674199e-15,7.970006130180481,104.83554636826838,98.36272382791444,211.48899841308594,133.593994140625,219.45799255371094,133.4669952392578
49.5,0.0,0.0,3.186340080674199e-15,7.970006130180481,104.83554636826838,98.36272382791444,211.48899841308594,133.593994140625,219.45799255371094,133.4669952392578
49.550000000000004,6.179198769338964e-07,0.0,3.186340080674199e-15,7.970006130180481,104.83554636826838,98.36272382791444,211.48899841308594,133.593994140625,219.45799255371094,133.4669952392578
49.6,1.0985220050544393e-06,0.0,3.186340080674199e-15,7.970006130180481,104.83554636826838,98.36272382791444,211.48899841308594,133.593994140625,219.45799255371094,133.4669952392578
49.650000000000006,1.682114480785364e-06,0.0,3.186340080674199e-15,7.970006130180481,104.83554636826838,98.36272382791444,211.48899841308594,133.593994140625,219.45799255371094,133.4669952392578
49.7,2.3343629765400335e-06,0.0,3.186340080674199e-15,7.970006130180481,104.83554636826838,98.36272382791444,211.48899841308594,133.593994140625,219.45799255371094,133.4669952392578
49.75,2.917951716770701e-06,0.0,3.186340080674199e-15,7.970006130180481,104.83554636826838,98.36272382791444,211.48899841308594,133.593994140625,219.45799255371094,133.4669952392578
49.800000000000004,3.295570733735753e-06,0.0,3.186340080674199e-15,7.970006130180481,104.83554636826838,98.36272382791444,211.48899841308594,133.593994140625,219.45799255371094,133.4669952392578
49.85,3.7075323793764442e-06,0.0,3.186340080674199e-15,7.970006130180481,104.83554636826838,98.36272382791444,211.48899841308594,133.593994140625,219.45799255371094,133.4669952392578
49.900000000000006,4.119443901341393e-06,0.0,3.186340080674199e-15,7.970006130180481,104.83554636826838,98.36272382791444,211.48899841308594,133.593994140625,219.45799255371094,133.4669952392578
49.95,3.77619078521357e-07,0.0,3.186340080674199e-15,7.970006130180481,104.83554636826838,98.36272382791444,211.48899841308594,133.593994140625,219.45799255371094,133.4669952392578
50.0,1.0298682332717558e-06,0.0,3.186340080674199e-15,7.970006130180481,104.83554636826838,98.36272382791444,211.48899841308594,133.593994140625,219.45799255371094,133.4669952392578
50.050000000000004,1.5104700532588036e-06,0.0,3.186340080674199e-15,7.970006130180481,104.83554636826838,98.36272382791444,211.48899841308594,133.593994140625,219.45799255371094,133.4669952392578
50.1,2.025403238146267e-06,0.0,3.186340080674199e-15,7.970006130180481,104.83554636826838,98.36272382791444,211.48899841308594,133.593994140625,219.45799255371094,133.4669952392578
50.150000000000006,2.4716779600488874e-06,0.0,3.186340080674199e-15,7.970006130180481,104.83554636826838,98.36272382791444,211.48899841308594,133.593994140625,219.45799255371094,133.4669952392578
50.2,3.123925413029303e-06,0.0,3.186340080674199e-15,7.970006130180481,104.83554636826838,98.36272382791444,211.48899841308594,133.593994140625,219.45799255371094,133.4669952392578
50.25,3.8104928332950677e-06,0.0,3.186340080674199e-15,7.970006130180481,104.83554636826838,98.36272382791444,211.48899841308594,133.593994140625,219.45799255371094,133.4669952392578
50.300000000000004,4.394088417980746e-06,0.0,3.186340080674199e-15,7.970006130180481,104.83554636826838,98.36272382791444,211.48899841308594,133.593994140625,219.45799255371094,133.4669952392578
50.35,1.0298678398394264e-07,0.0,3.186340080674199e-15,7.970006130180481,104.83554636826838,98.36272382791444,211.48899841308594,133.593994140625,219.45799255371094,133.4669952392578
50.400000000000006,5.492646202474653e-07,0.0,3.186340080674199e-15,7.970006130180481,104.83554636826838,98.36272382791444,211.48899841308594,133.593994140625,219.45799255371094,133.4669952392578
50.45,1.201513679774329e-06,0.0,3.186340080674199e-15,7.970006130180481,104.83554636826838,98.36272382791444,211.48899841308594,133.593994140625,219.45799255371094,133.4669952392578
50.5,1.6821145573841188e-06,0.0,3.186340080674199e-15,7.970006130180481,104.83554636826838,98.36272382791444,211.48899841308594,133.593994140625,219.45799255371094,133.4669952392578
50.550000000000004,2.3343625634629635e-06,0.0,3.186340080674199e-15,7.970006130180481,104.83554636826838,98.36272382791444,211.48899841308594,133.593994140625,219.45799255371094,133.4669952392578
50.6,2.8149663556349657e-06,0.0,3.186340080674199e-15,7.970006130180481,104.83554636826838,98.36272382791444,211.48899841308594,133.593994140625,219.45799255371094,133.4669952392578
50.650000000000006,3.3298995814372297e-06,0.0,3.186340080674199e-15,7.970006130180481,104.83554636826838,98.36272382791444,211.48899841308594,133.593994140625,219.45799255371094,133.4669952392578
50.7,3.7418399845195464e-06,0.0,3.186340080674199e-15,7.970006130180481,104.83554636826838,98.36272382791444,211.48899841308594,133.593994140625,219.45799255371094,133.4669952392578
50.75,4.394088239046514e-06,0.0,3.186340080674199e-15,7.970006130180481,104.83554636826838,98.36272382791444,211.48899841308594,133.593994140625,219.45799255371094,133.4669952392578
50.800000000000004,4.462783140794394e-07,0.0,3.186340080674199e-15,7.970006130180481,104.83554636826838,98.36272382791444,211.48899841308594,133.593994140625,219.45799255371094,133.4669952392578
50.85,8.925555442396716e-07,0.0,3.186340080674199e-15,7.970006130180481,104.83554636826838,98.36272382791444,211.48899841308594,133.593994140625,219.45799255371094,133.4669952392578
50.900000000000006,1.3731563548627398e-06,0.0,3.186340080674199e-15,7.970006130180481,104.83554636826838,98.36272382791444,211.48899841308594,133.593994140625,219.45799255371094,133.4669952392578
50.95,1.9224145340592885e-06,0.0,3.186340080674199e-15,7.970006130180481,104.83554636826838,98.36272382791444,211.48899841308594,133.593994140625,219.45799255371094,133.4669952392578
51.0,2.3343626040771786e-06,0.0,3.186340080674199e-15,7.970006130180481,104.83554636826838,98.36272382791444,211.48899841308594,133.593994140625,219.45799255371094,133.4669952392578
51.050000000000004,2.9179513135380346e-06,0.0,3.186340080674199e-15,7.970006130180481,104.83554636826838,98.36272382791444,211.48899841308594,133.593994140625,219.45799255371094,133.4669952392578
51.1,3.467214154434581e-06,0.0,3.186340080674199e-15,7.970006130180481,104.83554636826838,98.36272382791444,211.48899841308594,133.593994140625,219.45799255371094,133.4669952392578
51.150000000000006,3.9134881181334875e-06,0.0,3.186340080674199e-15,7.970006130180481,104.83554636826838,98.36272382791444,211.48899841308594,133.593994140625,219.45799255371094,133.4669952392578
51.2,2.0597629745376403e-07,0.0,3.186340080674199e-15,7.970006130180481,104.83554636826838,98.36272382791444,211.48899841308594,133.593994140625,219.45799255371094,133.4669952392578
51.25,6.179208485335055e-07,0.0,3.186340080674199e-15,7.970006130180481,104.83554636826838,98.36272382791444,211.48899841308594,133.593994140625,219.45799255371094,133.4669952392578
51.300000000000004,1.0985219795999527e-06,0.0,3.186340080674199e-15,7.970006130180481,104.83554636826838,98.36272382791444,211.48899841308594,133.593994140625,219.45799255371094,133.4669952392578
51.35,1.57912560574805e-06,0.0,3.186340080674199e-15,7.970006130180481,104.83554636826838,98.36272382791444,211.48899841308594,133.593994140625,219.45799255371094,133.4669952392578
51.400000000000006,2.0597291270614923e-06,0.0,3.186340080674199e-15,7.970006130180481,104.83554636826838,98.36272382791444,211.48899841308594,133.593994140625,219.45799255371094,133.4669952392578
51.45,2.540333169692395e-06,0.0,3.186340080674199e-15,7.970006130180481,104.83554636826838,98.36272382791444,211.48899841308594,133.593994140625,219.45799255371094,133.4669952392578
51.5,3.12392591936372e-06,0.0,3.186340080674199e-15,7.970006130180481,104.83554636826838,98.36272382791444,211.48899841308594,133.593994140625,219.45799255371094,133.4669952392578
51.550000000000004,3.6045369363074604e-06,0.0,3.186340080674199e-15,7.970006130180481,104.83554636826838,98.36272382791444,211.48899841308594,133.593994140625,219.45799255371094,133.4669952392578
51.6,0.0,0.0,3.186340080674199e-15,7.970006130180481,104.83554636826838,98.36272382791444,211.48899841308594,133.593994140625,219.45799255371094,133.4669952392578
51.650000000000006,5.149340606522861e-07,0.0,3.186340080674199e-15,7.970006130180481,104.83554636826838,98.36272382791444,211.48899841308594,133.593994140625,219.45799255371094,133.4669952392578
51.7,9.955369316310028e-07,0.0,3.186340080674199e-15,7.970006130180481,104.83554636826838,98.36272382791444,211.48899841308594,133.593994140625,219.45799255371094,133.4669952392578
51.75,1.5104703702011598e-06,0.0,3.186340080674199e-15,7.970006130180481,104.83554636826838,98.36272382791444,211.48899841308594,133.593994140625,219.45799255371094,133.4669952392578
51.800000000000004,1.9224149996228317e-06,0.0,3.186340080674199e-15,7.970006130180481,104.83554636826838,98.36272382791444,211.48899841308594,133.593994140625,219.45799255371094,133.4669952392578
51.85,2.5746626355344725e-06,0.0,3.186340080674199e-15,7.970006130180481,104.83554636826838,98.36272382791444,211.48899841308594,133.593994140625,219.45799255371094,133.4669952392578
51.900000000000006,3.0209365768079346e-06,0.0,3.186340080674199e-15,7.970006130180481,104.83554636826838,98.36272382791444,211.48899841308594,133.593994140625,219.45799255371094,133.4669952392578
51.95,3.4328844531714763e-06,0.0,3.186340080674199e-15,7.970006130180481,104.83554636826838,98.36272382791444,211.48899841308594,133.593994140625,219.45799255371094,133.4669952392578
52.0,4.0851362293657345e-06,0.0,3.186340080674199e-15,7.970006130180481,104.83554636826838,98.36272382791444,211.48899841308594,133.593994140625,219.45799255371094,133.4669952392578
52.050000000000004,3.776192807177067e-07,0.0,3.186340080674199e-15,7.970006130180481,104.83554636826838,98.36272382791444,211.48899841308594,133.593994140625,219.45799255371094,133.4669952392578
52.1,9.268780495994373e-07,0.0,3.186340080674199e-15,7.970006130180481,104.83554636826838,98.36272382791444,211.48899841308594,133.593994140625,219.45799255371094,133.4669952392578
52.150000000000006,1.3388266503072255e-06,0.0,3.186340080674199e-15,7.970006130180481,104.83554636826838,98.36272382791444,211.48899841308594,133.593994140625,219.45799255371094,133.4669952392578
52.2,1.8880848826293059e-06,0.0,3.186340080674199e-15,7.970006130180481,104.83554636826838,98.36272382791444,211.48899841308594,133.593994140625,219.45799255371094,133.4669952392578
52.25,2.540333167397962e-06,0.0,3.186340080674199e-15,7.970006130180481,104.83554636826838,98.36272382791444,211.48899841308594,133.593994140625,219.45799255371094,133.4669952392578
52.300000000000004,2.9522816308643685e-06,0.0,3.186340080674199e-15,7.970006130180481,104.83554636826838,98.36272382791444,211.48899841308594,133.593994140625,219.45799255371094,133.4669952392578
52.35,3.3642262269696397e-06,0.0,3.186340080674199e-15,7.970006130180481,104.83554636826838,98.36272382791444,211.48899841308594,133.593994140625,219.45799255371094,133.4669952392578
52.400000000000006,3.879144571066097e-06,0.0,3.186340080674199e-15,7.970006130180481,104.83554636826838,98.36272382791444,211.48899841308594,133.593994140625,219.45799255371094,133.4669952392578
52.45,1.373155173753376e-07,0.0,3.186340080674199e-15,7.970006130180481,104.83554636826838,98.36272382791444,211.48899841308594,133.593994140625,219.45799255371094,133.4669952392578
52.5,6.865809394355338e-07,0.0,3.186340080674199e-15,7.970006130180481,104.83554636826838,98.36272382791444,211.48899841308594,133.593994140625,219.45799255371094,133.4669952392578
52.550000000000004,1.1671813228529993e-06,0.0,3.186340080674199e-15,7.970006130180481,104.83554636826838,98.36272382791444,211.48899841308594,133.593994140625,219.45799255371094,133.4669952392578
52.6,1.750770040827077e-06,0.0,3.186340080674199e-15,7.970006130180481,104.83554636826838,98.36272382791444,211.48899841308594,133.593994140625,219.45799255371094,133.4669952392578
52.650000000000006,2.4373479967243538e-06,0.0,3.186340080674199e-15,7.970006130180481,104.83554636826838,98.36272382791444,211.48899841308594,133.593994140625,219.45799255371094,133.4669952392578
52.7,2.8836222138027147e-06,0.0,3.186340080674199e-15,7.970006130180481,104.83554636826838,98.36272382791444,211.48899841308594,133.593994140625,219.45799255371094,133.4669952392578
52.75,3.2612401929589204e-06,0.0,3.186340080674199e-15,7.970006130180481,104.83554636826838,98.36272382791444,211.48899841308594,133.593994140625,219.45799255371094,133.4669952392578
52.800000000000004,3.741840061833425e-06,0.0,3.186340080674199e-15,7.970006130180481,104.83554636826838,98.36272382791444,211.48899841308594,133.593994140625,219.45799255371094,133.4669952392578
52.85,4.428432033296471e-06,0.0,3.186340080674199e-15,7.970006130180481,104.83554636826838,98.36272382791444,211.48899841308594,133.593994140625,219.45799255371094,133.4669952392578
52.900000000000006,4.80604557444838e-07,0.0,3.186340080674199e-15,7.970006130180481,104.83554636826838,98.36272382791444,211.48899841308594,133.593994140625,219.45799255371094,133.4669952392578
52.95,9.955369218028064e-07,0.0,3.186340080674199e-15,7.970006130180481,104.83554636826838,98.36272382791444,211.48899841308594,133.593994140625,219.45799255371094,133.4669952392578
53.0,1.476140474814593e-06,0.0,3.186340080674199e-15,7.970006130180481,104.83554636826838,98.36272382791444,211.48899841308594,133.593994140625,219.45799255371094,133.4669952392578
53.050000000000004,2.0597291096972076e-06,0.0,3.186340080674199e-15,7.970006130180481,104.83554636826838,98.36272382791444,211.48899841308594,133.593994140625,219.45799255371094,133.4669952392578
53.1,2.677651174522214e-06,0.0,3.186340080674199e-15,7.970006130180481,104.83554636826838,98.36272382791444,211.48899841308594,133.593994140625,219.45799255371094,133.4669952392578
53.150000000000006,3.123925285957088e-06,0.0,3.186340080674199e-15,7.970006130180481,104.83554636826838,98.36272382791444,211.48899841308594,133.593994140625,219.45799255371094,133.4669952392578
53.2,3.570199539040662e-06,0.0,3.186340080674199e-15,7.970006130180481,104.83554636826838,98.36272382791444,211.48899841308594,133.593994140625,219.45799255371094,133.4669952392578
53.25,4.119444047123885e-06,0.0,3.186340080674199e-15,7.970006130180481,104.83554636826838,98.36272382791444,211.48899841308594,133.593994140625,219.45799255371094,133.4669952392578
53.300000000000004,2.4030203512871446e-07,0.0,3.186340080674199e-15,7.970006130180481,104.83554636826838,98.36272382791444,211.48899841308594,133.593994140625,219.45799255371094,133.4669952392578
53.35,7.209124300556416e-07,0.0,3.186340080674199e-15,7.970006130180481,104.83554636826838,98.36272382791444,211.48899841308594,133.593994140625,219.45799255371094,133.4669952392578
53.400000000000006,1.167182707845441e-06,0.0,3.186340080674199e-15,7.970006130180481,104.83554636826838,98.36272382791444,211.48899841308594,133.593994140625,219.45799255371094,133.4669952392578
53.45,1.5791261776100925e-06,0.0,3.186340080674199e-15,7.970006130180481,104.83554636826838,98.36272382791444,211.48899841308594,133.593994140625,219.45799255371094,133.4669952392578
53.5,2.0940596893127625e-06,0.0,3.186340080674199e-15,7.970006130180481,104.83554636826838,98.36272382791444,211.48899841308594,133.593994140625,219.45799255371094,133.4669952392578
53.550000000000004,2.5746627783638946e-06,0.0,3.186340080674199e-15,7.970006130180481,104.83554636826838,98.36272382791444,211.48899841308594,133.593994140625,219.45799255371094,133.4669952392578
53.6,3.0895961880673706e-06,0.0,3.186340080674199e-15,7.970006130180481,104.83554636826838,98.36272382791444,211.48899841308594,133.593994140625,219.45799255371094,133.4669952392578
53.650000000000006,3.570199223282091e-06,0.0,3.186340080674199e-15,7.970006130180481,104.83554636826838,98.36272382791444,211.48899841308594,133.593994140625,219.45799255371094,133.4669952392578
53.7,0.0,0.0,3.186340080674199e-15,7.970006130180481,104.83554636826838,98.36272382791444,211.48899841308594,133.593994140625,219.45799255371094,133.4669952392578
53.75,5.149356333346479e-07,0.0,3.186340080674199e-15,7.970006130180481,104.83554636826838,98.36272382791444,211.48899841308594,133.593994140625,219.45799255371094,133.4669952392578
53.800000000000004,8.925532062509823e-07,0.0,3.186340080674199e-15,7.970006130180481,104.83554636826838,98.36272382791444,211.48899841308594,133.593994140625,219.45799255371094,133.4669952392578
53.85,1.3731554097483318e-06,0.0,3.186340080674199e-15,7.970006130180481,104.83554636826838,98.36272382791444,211.48899841308594,133.593994140625,219.45799255371094,133.4669952392578
53.900000000000006,1.922415201940993e-06,0.0,3.186340080674199e-15,7.970006130180481,104.83554636826838,98.36272382791444,211.48899841308594,133.593994140625,219.45799255371094,133.4669952392578
53.95,2.5746624064223475e-06,0.0,3.186340080674199e-15,7.970006130180481,104.83554636826838,98.36272382791444,211.48899841308594,133.593994140625,219.45799255371094,133.4669952392578
54.0,3.1239257945483044e-06,0.0,3.186340080674199e-15,7.970006130180481,104.83554636826838,98.36272382791444,211.48899841308594,133.593994140625,219.45799255371094,133.4669952392578
54.050000000000004,3.535869608357637e-06,0.0,3.186340080674199e-15,7.970006130180481,104.83554636826838,98.36272382791444,211.48899841308594,133.593994140625,219.45799255371094,133.4669952392578
54.1,4.016484184928542e-06,0.0,3.186340080674199e-15,7.970006130180481,104.83554636826838,98.36272382791444,211.48899841308594,133.593994140625,219.45799255371094,133.4669952392578
54.150000000000006,3.77619078521357e-07,0.0,3.186340080674199e-15,7.970006130180481,104.83554636826838,98.36272382791444,211.48899841308594,133.593994140625,219.45799255371094,133.4669952392578
54.2,8.238934742603634e-07,0.0,3.186340080674199e-15,7.970006130180481,104.83554636826838,98.36272382791444,211.48899841308594,133.593994140625,219.45799255371094,133.4669952392578
54.25,1.235838232312968e-06,0.0,3.186340080674199e-15,7.970006130180481,104.83554636826838,98.36272382791444,211.48899841308594,133.593994140625,219.45799255371094,133.4669952392578
54.300000000000004,1.819429739841168e-06,0.0,3.186340080674199e-15,7.970006130180481,104.83554636826838,98.36272382791444,211.48899841308594,133.593994140625,219.45799255371094,133.4669952392578
54.35,2.3686894273982344e-06,0.0,3.186340080674199e-15,7.970006130180481,104.83554636826838,98.36272382791444,211.48899841308594,133.593994140625,219.45799255371094,133.4669952392578
54.400000000000006,2.746307721494974e-06,0.0,3.186340080674199e-15,7.970006130180481,104.83554636826838,98.36272382791444,211.48899841308594,133.593994140625,219.45799255371094,133.4669952392578
54.45,3.2269105396650384e-06,0.0,3.186340080674199e-15,7.970006130180481,104.83554636826838,98.36272382791444,211.48899841308594,133.593994140625,219.45799255371094,133.4669952392578
54.5,3.7075320086850355e-06,0.0,3.186340080674199e-15,7.970006130180481,104.83554636826838,98.36272382791444,211.48899841308594,133.593994140625,219.45799255371094,133.4669952392578
54.550000000000004,1.373155173753376e-07,0.0,3.186340080674199e-15,7.970006130180481,104.83554636826838,98.36272382791444,211.48899841308594,133.593994140625,219.45799255371094,133.4669952392578
54.6,6.179208817398331e-07,0.0,3.186340080674199e-15,7.970006130180481,104.83554636826838,98.36272382791444,211.48899841308594,133.593994140625,219.45799255371094,133.4669952392578
54.650000000000006,9.95539845734239e-07,0.0,3.186340080674199e-15,7.970006130180481,104.83554636826838,98.36272382791444,211.48899841308594,133.593994140625,219.45799255371094,133.4669952392578
54.7,1.4418112028796023e-06,0.0,3.186340080674199e-15,7.970006130180481,104.83554636826838,98.36272382791444,211.48899841308594,133.593994140625,219.45799255371094,133.4669952392578
54.75,2.0940592499533295e-06,0.0,3.186340080674199e-15,7.970006130180481,104.83554636826838,98.36272382791444,211.48899841308594,133.593994140625,219.45799255371094,133.4669952392578
54.800000000000004,2.608993115530294e-06,0.0,3.186340080674199e-15,7.970006130180481,104.83554636826838,98.36272382791444,211.48899841308594,133.593994140625,219.45799255371094,133.4669952392578
54.85,3.020936428687257e-06,0.0,3.186340080674199e-15,7.970006130180481,104.83554636826838,98.36272382791444,211.48899841308594,133.593994140625,219.45799255371094,133.4669952392578
54.900000000000006,3.432885601916242e-06,0.0,3.186340080674199e-15,7.970006130180481,104.83554636826838,98.36272382791444,211.48899841308594,133.593994140625,219.45799255371094,133.4669952392578
54.95,3.9478336272536515e-06,0.0,3.186340080674199e-15,7.970006130180481,104.83554636826838,98.36272382791444,211.48899841308594,133.593994140625,219.45799255371094,133.4669952392578
55.0,4.4627831407944e-07,0.0,3.186340080674199e-15,7.970006130180481,104.83554636826838,98.36272382791444,211.48899841308594,133.593994140625,219.45799255371094,133.4669952392578
55.050000000000004,9.268814461190605e-07,0.0,3.186340080674199e-15,7.970006130180481,104.83554636826838,98.36272382791444,211.48899841308594,133.593994140625,219.45799255371094,133.4669952392578
55.1,1.3044974281865782e-06,0.0,3.186340080674199e-15,7.970006130180481,104.83554636826838,98.36272382791444,211.48899841308594,133.593994140625,219.45799255371094,133.4669952392578
55.150000000000006,1.7507714914111414e-06,0.0,3.186340080674199e-15,7.970006130180481,104.83554636826838,98.36272382791444,211.48899841308594,133.593994140625,219.45799255371094,133.4669952392578
55.2,2.197044096087005e-06,0.0,3.186340080674199e-15,7.970006130180481,104.83554636826838,98.36272382791444,211.48899841308594,133.593994140625,219.45799255371094,133.4669952392578
55.25,2.7463068414868127e-06,0.0,3.186340080674199e-15,7.970006130180481,104.83554636826838,98.36272382791444,211.48899841308594,133.593994140625,219.45799255371094,133.4669952392578
55.300000000000004,3.1239255978396467e-06,0.0,3.186340080674199e-15,7.970006130180481,104.83554636826838,98.36272382791444,211.48899841308594,133.593994140625,219.45799255371094,133.4669952392578
55.35,3.570199255720759e-06,0.0,3.186340080674199e-15,7.970006130180481,104.83554636826838,98.36272382791444,211.48899841308594,133.593994140625,219.45799255371094,133.4669952392578
55.400000000000006,2.4030203512871446e-07,0.0,3.186340080674199e-15,7.970006130180481,104.83554636826838,98.36272382791444,211.48899841308594,133.593994140625,219.45799255371094,133.4669952392578
55.45,7.209074650612649e-07,0.0,3.186340080674199e-15,7.970006130180481,104.83554636826838,98.36272382791444,211.48899841308594,133.593994140625,219.45799255371094,133.4669952392578
55.5,1.167182210250672e-06,0.0,3.186340080674199e-15,7.970006130180481,104.83554636826838,98.36272382791444,211.48899841308594,133.593994140625,219.45799255371094,133.4669952392578
55.550000000000004,1.8194292093629789e-06,0.0,3.186340080674199e-15,7.970006130180481,104.83554636826838,98.36272382791444,211.48899841308594,133.593994140625,219.45799255371094,133.4669952392578
55.6,2.403018017548739e-06,0.0,3.186340080674199e-15,7.970006130180481,104.83554636826838,98.36272382791444,211.48899841308594,133.593994140625,219.45799255371094,133.4669952392578
55.650000000000006,2.849291999612103e-06,0.0,3.186340080674199e-15,7.970006130180481,104.83554636826838,98.36272382791444,211.48899841308594,133.593994140625,219.45799255371094,133.4669952392578
55.7,3.3985547879363013e-06,0.0,3.186340080674199e-15,7.970006130180481,104.83554636826838,98.36272382791444,211.48899841308594,133.593994140625,219.45799255371094,133.4669952392578
55.75,4.085136397875592e-06,0.0,3.186340080674199e-15,7.970006130180481,104.83554636826838,98.36272382791444,211.48899841308594,133.593994140625,219.45799255371094,133.4669952392578
55.800000000000004,0.0,0.0,3.186340080674199e-15,7.970006130180481,104.83554636826838,98.36272382791444,211.48899841308594,133.593994140625,219.45799255371094,133.4669952392578
55.85,5.492639413324856e-07,0.0,3.186340080674199e-15,7.970006130180481,104.83554636826838,98.36272382791444,211.48899841308594,133.593994140625,219.45799255371094,133.4669952392578
55.900000000000006,1.0298671377127494e-06,0.0,3.186340080674199e-15,7.970006130180481,104.83554636826838,98.36272382791444,211.48899841308594,133.593994140625,219.45799255371094,133.4669952392578
55.95,1.6821150798381928e-06,0.0,3.186340080674199e-15,7.970006130180481,104.83554636826838,98.36272382791444,211.48899841308594,133.593994140625,219.45799255371094,133.4669952392578
56.0,2.128389186752333e-06,0.0,3.186340080674199e-15,7.970006130180481,104.83554636826838,98.36272382791444,211.48899841308594,133.593994140625,219.45799255371094,133.4669952392578
56.050000000000004,2.6089920057137807e-06,0.0,3.186340080674199e-15,7.970006130180481,104.83554636826838,98.36272382791444,211.48899841308594,133.593994140625,219.45799255371094,133.4669952392578
56.1,3.0209373516340463e-06,0.0,3.186340080674199e-15,7.970006130180481,104.83554636826838,98.36272382791444,211.48899841308594,133.593994140625,219.45799255371094,133.4669952392578
56.150000000000006,3.467215930227324e-06,0.0,3.186340080674199e-15,7.970006130180481,104.83554636826838,98.36272382791444,211.48899841308594,133.593994140625,219.45799255371094,133.4669952392578
56.2,3.913488181525342e-06,0.0,3.186340080674199e-15,7.970006130180481,104.83554636826838,98.36272382791444,211.48899841308594,133.593994140625,219.45799255371094,133.4669952392578
56.25,3.77619078521357e-07,0.0,3.186340080674199e-15,7.970006130180481,104.83554636826838,98.36272382791444,211.48899841308594,133.593994140625,219.45799255371094,133.4669952392578
56.300000000000004,8.58222422871069e-07,0.0,3.186340080674199e-15,7.970006130180481,104.83554636826838,98.36272382791444,211.48899841308594,133.593994140625,219.45799255371094,133.4669952392578
56.35,1.2701675436685259e-06,0.0,3.186340080674199e-15,7.970006130180481,104.83554636826838,98.36272382791444,211.48899841308594,133.593994140625,219.45799255371094,133.4669952392578
56.400000000000006,1.819429196956433e-06,0.0,3.186340080674199e-15,7.970006130180481,104.83554636826838,98.36272382791444,211.48899841308594,133.593994140625,219.45799255371094,133.4669952392578
56.45,2.471677491086244e-06,0.0,3.186340080674199e-15,7.970006130180481,104.83554636826838,98.36272382791444,211.48899841308594,133.593994140625,219.45799255371094,133.4669952392578
56.5,2.8836224846606104e-06,0.0,3.186340080674199e-15,7.970006130180481,104.83554636826838,98.36272382791444,211.48899841308594,133.593994140625,219.45799255371094,133.4669952392578
56.550000000000004,3.2955705624440536e-06,0.0,3.186340080674199e-15,7.970006130180481,104.83554636826838,98.36272382791444,211.48899841308594,133.593994140625,219.45799255371094,133.4669952392578
56.6,3.8104927840623067e-06,0.0,3.186340080674199e-15,7.970006130180481,104.83554636826838,98.36272382791444,211.48899841308594,133.593994140625,219.45799255371094,133.4669952392578
56.650000000000006,1.0298672720960942e-07,0.0,3.186340080674199e-15,7.970006130180481,104.83554636826838,98.36272382791444,211.48899841308594,133.593994140625,219.45799255371094,133.4669952392578
56.7,6.865788297039342e-07,0.0,3.186340080674199e-15,7.970006130180481,104.83554636826838,98.36272382791444,211.48899841308594,133.593994140625,219.45799255371094,133.4669952392578
56.75,1.0985244643470933e-06,0.0,3.186340080674199e-15,7.970006130180481,104.83554636826838,98.36272382791444,211.48899841308594,133.593994140625,219.45799255371094,133.4669952392578
56.800000000000004,1.57913013919834e-06,0.0,3.186340080674199e-15,7.970006130180481,104.83554636826838,98.36272382791444,211.48899841308594,133.593994140625,219.45799255371094,133.4669952392578
56.85,2.025404370573255e-06,0.0,3.186340080674199e-15,7.970006130180481,104.83554636826838,98.36272382791444,211.48899841308594,133.593994140625,219.45799255371094,133.4669952392578
56.900000000000006,2.7119774554146867e-06,0.0,3.186340080674199e-15,7.970006130180481,104.83554636826838,98.36272382791444,211.48899841308594,133.593994140625,219.45799255371094,133.4669952392578
56.95,3.1582569265679162e-06,0.0,3.186340080674199e-15,7.970006130180481,104.83554636826838,98.36272382791444,211.48899841308594,133.593994140625,219.45799255371094,133.4669952392578
57.0,3.570199467895781e-06,0.0,3.186340080674199e-15,7.970006130180481,104.83554636826838,98.36272382791444,211.48899841308594,133.593994140625,219.45799255371094,133.4669952392578
57.050000000000004,4.085136217145891e-06,0.0,3.186340080674199e-15,7.970006130180481,104.83554636826838,98.36272382791444,211.48899841308594,133.593994140625,219.45799255371094,133.4669952392578
57.1,5.1493439116045e-07,0.0,3.186340080674199e-15,7.970006130180481,104.83554636826838,98.36272382791444,211.48899841308594,133.593994140625,219.45799255371094,133.4669952392578
57.150000000000006,9.61207258577405e-07,0.0,3.186340080674199e-15,7.970006130180481,104.83554636826838,98.36272382791444,211.48899841308594,133.593994140625,219.45799255371094,133.4669952392578
57.2,1.5448006970380567e-06,0.0,3.186340080674199e-15,7.970006130180481,104.83554636826838,98.36272382791444,211.48899841308594,133.593994140625,219.45799255371094,133.4669952392578
57.25,2.0940588947388247e-06,0.0,3.186340080674199e-15,7.970006130180481,104.83554636826838,98.36272382791444,211.48899841308594,133.593994140625,219.45799255371094,133.4669952392578
57.300000000000004,2.608992448581532e-06,0.0,3.186340080674199e-15,7.970006130180481,104.83554636826838,98.36272382791444,211.48899841308594,133.593994140625,219.45799255371094,133.4669952392578
57.35,3.089595544566318e-06,0.0,3.186340080674199e-15,7.970006130180481,104.83554636826838,98.36272382791444,211.48899841308594,133.593994140625,219.45799255371094,133.4669952392578
57.400000000000006,3.5701992932473442e-06,0.0,3.186340080674199e-15,7.970006130180481,104.83554636826838,98.36272382791444,211.48899841308594,133.593994140625,219.45799255371094,133.4669952392578
57.45,4.016484017886448e-06,0.0,3.186340080674199e-15,7.970006130180481,104.83554636826838,98.36272382791444,211.48899841308594,133.593994140625,219.45799255371094,133.4669952392578
57.5,2.4030203512871446e-07,0.0,3.186340080674199e-15,7.970006130180481,104.83554636826838,98.36272382791444,211.48899841308594,133.593994140625,219.45799255371094,133.4669952392578
57.550000000000004,8.582236780164482e-07,0.0,3.186340080674199e-15,7.970006130180481,104.83554636826838,98.36272382791444,211.48899841308594,133.593994140625,219.45799255371094,133.4669952392578
57.6,1.2701665684140689e-06,0.0,3.186340080674199e-15,7.970006130180481,104.83554636826838,98.36272382791444,211.48899841308594,133.593994140625,219.45799255371094,133.4669952392578
57.650000000000006,1.819430074213025e-06,0.0,3.186340080674199e-15,7.970006130180481,104.83554636826838,98.36272382791444,211.48899841308594,133.593994140625,219.45799255371094,133.4669952392578
57.7,2.4373476514417884e-06,0.0,3.186340080674199e-15,7.970006130180481,104.83554636826838,98.36272382791444,211.48899841308594,133.593994140625,219.45799255371094,133.4669952392578
57.75,3.089596092293907e-06,0.0,3.186340080674199e-15,7.970006130180481,104.83554636826838,98.36272382791444,211.48899841308594,133.593994140625,219.45799255371094,133.4669952392578
57.800000000000004,3.5701993020998524e-06,0.0,3.186340080674199e-15,7.970006130180481,104.83554636826838,98.36272382791444,211.48899841308594,133.593994140625,219.45799255371094,133.4669952392578
57.85,4.085136640125388e-06,0.0,3.186340080674199e-15,7.970006130180481,104.83554636826838,98.36272382791444,211.48899841308594,133.593994140625,219.45799255371094,133.4669952392578
57.900000000000006,0.0,0.0,3.186340080674199e-15,7.970006130180481,104.83554636826838,98.36272382791444,211.48899841308594,133.593994140625,219.45799255371094,133.4669952392578
57.95,5.149356333346479e-07,0.0,3.186340080674199e-15,7.970006130180481,104.83554636826838,98.36272382791444,211.48899841308594,133.593994140625,219.45799255371094,133.4669952392578
58.0,1.1671813105800517e-06,0.0,3.186340080674199e-15,7.970006130180481,104.83554636826838,98.36272382791444,211.48899841308594,133.593994140625,219.45799255371094,133.4669952392578
58.050000000000004,1.6477851475922776e-06,0.0,3.186340080674199e-15,7.970006130180481,104.83554636826838,98.36272382791444,211.48899841308594,133.593994140625,219.45799255371094,133.4669952392578
58.1,2.059730666094093e-06,0.0,3.186340080674199e-15,7.970006130180481,104.83554636826838,98.36272382791444,211.48899841308594,133.593994140625,219.45799255371094,133.4669952392578
58.150000000000006,2.5060067872627644e-06,0.0,3.186340080674199e-15,7.970006130180481,104.83554636826838,98.36272382791444,211.48899841308594,133.593994140625,219.45799255371094,133.4669952392578
58.2,3.1925814202502505e-06,0.0,3.186340080674199e-15,7.970006130180481,104.83554636826838,98.36272382791444,211.48899841308594,133.593994140625,219.45799255371094,133.4669952392578
58.25,3.7761845539260824e-06,0.0,3.186340080674199e-15,7.970006130180481,104.83554636826838,98.36272382791444,211.48899841308594,133.593994140625,219.45799255371094,133.4669952392578
58.300000000000004,4.22244237168493e-06,0.0,3.186340080674199e-15,7.970006130180481,104.83554636826838,98.36272382791444,211.48899841308594,133.593994140625,219.45799255371094,133.4669952392578
58.35,2.746470491124649e-07,0.0,3.186340080674199e-15,7.970006130180481,104.83554636826838,98.36272382791444,211.48899841308594,133.593994140625,219.45799255371094,133.4669952392578
58.400000000000006,6.86577649514007e-07,0.0,3.186340080674199e-15,7.970006130180481,104.83554636826838,98.36272382791444,211.48899841308594,133.593994140625,219.45799255371094,133.4669952392578
58.45,1.338827061725053e-06,0.0,3.186340080674199e-15,7.970006130180481,104.83554636826838,98.36272382791444,211.48899841308594,133.593994140625,219.45799255371094,133.4669952392578
58.5,1.8537595123228951e-06,0.0,3.186340080674199e-15,7.970006130180481,104.83554636826838,98.36272382791444,211.48899841308594,133.593994140625,219.45799255371094,133.4669952392578
58.550000000000004,2.403019901293117e-06,0.0,3.186340080674199e-15,7.970006130180481,104.83554636826838,98.36272382791444,211.48899841308594,133.593994140625,219.45799255371094,133.4669952392578
58.6,2.7806381765535446e-06,0.0,3.186340080674199e-15,7.970006130180481,104.83554636826838,98.36272382791444,211.48899841308594,133.593994140625,219.45799255371094,133.4669952392578
58.650000000000006,3.226910391323606e-06,0.0,3.186340080674199e-15,7.970006130180481,104.83554636826838,98.36272382791444,211.48899841308594,133.593994140625,219.45799255371094,133.4669952392578
58.7,3.879145620562901e-06,0.0,3.186340080674199e-15,7.970006130180481,104.83554636826838,98.36272382791444,211.48899841308594,133.593994140625,219.45799255371094,133.4669952392578
58.75,1.0298678398394264e-07,0.0,3.186340080674199e-15,7.970006130180481,104.83554636826838,98.36272382791444,211.48899841308594,133.593994140625,219.45799255371094,133.4669952392578
58.800000000000004,7.209094817892646e-07,0.0,3.186340080674199e-15,7.970006130180481,104.83554636826838,98.36272382791444,211.48899841308594,133.593994140625,219.45799255371094,133.4669952392578
58.85,1.3044962450226336e-06,0.0,3.186340080674199e-15,7.970006130180481,104.83554636826838,98.36272382791444,211.48899841308594,133.593994140625,219.45799255371094,133.4669952392578
58.900000000000006,1.7851008371908207e-06,0.0,3.186340080674199e-15,7.970006130180481,104.83554636826838,98.36272382791444,211.48899841308594,133.593994140625,219.45799255371094,133.4669952392578
58.95,2.1970456393855304e-06,0.0,3.186340080674199e-15,7.970006130180481,104.83554636826838,98.36272382791444,211.48899841308594,133.593994140625,219.45799255371094,133.4669952392578
59.0,2.6089922186266255e-06,0.0,3.186340080674199e-15,7.970006130180481,104.83554636826838,98.36272382791444,211.48899841308594,133.593994140625,219.45799255371094,133.4669952392578
59.050000000000004,3.2612413156011785e-06,0.0,3.186340080674199e-15,7.970006130180481,104.83554636826838,98.36272382791444,211.48899841308594,133.593994140625,219.45799255371094,133.4669952392578
59.1,3.913490333718641e-06,0.0,3.186340080674199e-15,7.970006130180481,104.83554636826838,98.36272382791444,211.48899841308594,133.593994140625,219.45799255371094,133.4669952392578
59.150000000000006,4.32543654431997e-06,0.0,3.186340080674199e-15,7.970006130180481,104.83554636826838,98.36272382791444,211.48899841308594,133.593994140625,219.45799255371094,133.4669952392578
59.2,5.149334110726137e-07,0.0,3.186340080674199e-15,7.970006130180481,104.83554636826838,98.36272382791444,211.48899841308594,133.593994140625,219.45799255371094,133.4669952392578
59.25,1.0641942913518542e-06,0.0,3.186340080674199e-15,7.970006130180481,104.83554636826838,98.36272382791444,211.48899841308594,133.593994140625,219.45799255371094,133.4669952392578
59.300000000000004,1.6134566994787672e-06,0.0,3.186340080674199e-15,7.970006130180481,104.83554636826838,98.36272382791444,211.48899841308594,133.593994140625,219.45799255371094,133.4669952392578
59.35,2.059729172678027e-06,0.0,3.186340080674199e-15,7.970006130180481,104.83554636826838,98.36272382791444,211.48899841308594,133.593994140625,219.45799255371094,133.4669952392578
59.400000000000006,2.5746624814296755e-06,0.0,3.186340080674199e-15,7.970006130180481,104.83554636826838,98.36272382791444,211.48899841308594,133.593994140625,219.45799255371094,133.4669952392578
59.45,3.020936654466583e-06,0.0,3.186340080674199e-15,7.970006130180481,104.83554636826838,98.36272382791444,211.48899841308594,133.593994140625,219.45799255371094,133.4669952392578
59.5,3.6731883270177076e-06,0.0,3.186340080674199e-15,7.970006130180481,104.83554636826838,98.36272382791444,211.48899841308594,133.593994140625,219.45799255371094,133.4669952392578
59.550000000000004,4.256784004759983e-06,0.0,3.186340080674199e-15,7.970006130180481,104.83554636826838,98.36272382791444,211.48899841308594,133.593994140625,219.45799255371094,133.4669952392578
59.6,2.4030203512871446e-07,0.0,3.186340080674199e-15,7.970006130180481,104.83554636826838,98.36272382791444,211.48899841308594,133.593994140625,219.45799255371094,133.4669952392578
59.650000000000006,7.552344966974842e-07,0.0,3.186340080674199e-15,7.970006130180481,104.83554636826838,98.36272382791444,211.48899841308594,133.593994140625,219.45799255371094,133.4669952392578
59.7,1.373155992629432e-06,0.0,3.186340080674199e-15,7.970006130180481,104.83554636826838,98.36272382791444,211.48899841308594,133.593994140625,219.45799255371094,133.4669952392578
59.75,1.8537587842059069e-06,0.0,3.186340080674199e-15,7.970006130180481,104.83554636826838,98.36272382791444,211.48899841308594,133.593994140625,219.45799255371094,133.4669952392578
59.800000000000004,2.3343636431282217e-06,0.0,3.186340080674199e-15,7.970006130180481,104.83554636826838,98.36272382791444,211.48899841308594,133.593994140625,219.45799255371094,133.4669952392578
59.85,2.986610567058709e-06,0.0,3.186340080674199e-15,7.970006130180481,104.83554636826838,98.36272382791444,211.48899841308594,133.593994140625,219.45799255371094,133.4669952392578
59.900000000000006,3.5015401377441782e-06,0.0,3.186340080674199e-15,7.970006130180481,104.83554636826838,98.36272382791444,211.48899841308594,133.593994140625,219.45799255371094,133.4669952392578
59.95,4.1194439862760785e-06,0.0,3.186340080674199e-15,7.970006130180481,104.83554636826838,98.36272382791444,211.48899841308594,133.593994140625,219.45799255371094,133.4669952392578
60.0,0.0,0.0,3.186340080674199e-15,7.970006130180481,104.83554636826838,98.36272382791444,211.48899841308594,133.593994140625,219.45799255371094,133.4669952392578
60.050000000000004,4.806085956921839e-07,0.0,3.186340080674199e-15,7.970006130180481,104.83554636826838,98.36272382791444,211.48899841308594,133.593994140625,219.45799255371094,133.4669952392578
60.1,1.1328527725105817e-06,0.0,3.186340080674199e-15,7.970006130180481,104.83554636826838,98.36272382791444,211.48899841308594,133.593994140625,219.45799255371094,133.4669952392578
60.150000000000006,1.6477847567259628e-06,0.0,3.186340080674199e-15,7.970006130180481,104.83554636826838,98.36272382791444,211.48899841308594,133.593994140625,219.45799255371094,133.4669952392578
60.2,2.2657037249365873e-06,0.0,3.186340080674199e-15,7.970006130180481,104.83554636826838,98.36272382791444,211.48899841308594,133.593994140625,219.45799255371094,133.4669952392578
60.25,2.6776511757226426e-06,0.0,3.186340080674199e-15,7.970006130180481,104.83554636826838,98.36272382791444,211.48899841308594,133.593994140625,219.45799255371094,133.4669952392578
60.300000000000004,3.0552664958748054e-06,0.0,3.186340080674199e-15,7.970006130180481,104.83554636826838,98.36272382791444,211.48899841308594,133.593994140625,219.45799255371094,133.4669952392578
60.35,3.535869635183131e-06,0.0,3.186340080674199e-15,7.970006130180481,104.83554636826838,98.36272382791444,211.48899841308594,133.593994140625,219.45799255371094,133.4669952392578
60.400000000000006,4.222440206751173e-06,0.0,3.186340080674199e-15,7.970006130180481,104.83554636826838,98.36272382791444,211.48899841308594,133.593994140625,219.45799255371094,133.4669952392578
60.45,3.77619078521357e-07,0.0,3.186340080674199e-15,7.970006130180481,104.83554636826838,98.36272382791444,211.48899841308594,133.593994140625,219.45799255371094,133.4669952392578
60.5,7.209082200965947e-07,0.0,3.186340080674199e-15,7.970006130180481,104.83554636826838,98.36272382791444,211.48899841308594,133.593994140625,219.45799255371094,133.4669952392578
60.550000000000004,1.2701677282247324e-06,0.0,3.186340080674199e-15,7.970006130180481,104.83554636826838,98.36272382791444,211.48899841308594,133.593994140625,219.45799255371094,133.4669952392578
60.6,1.8194291940474708e-06,0.0,3.186340080674199e-15,7.970006130180481,104.83554636826838,98.36272382791444,211.48899841308594,133.593994140625,219.45799255371094,133.4669952392578
60.650000000000006,2.3686888169704215e-06,0.0,3.186340080674199e-15,7.970006130180481,104.83554636826838,98.36272382791444,211.48899841308594,133.593994140625,219.45799255371094,133.4669952392578
60.7,2.8149662444713972e-06,0.0,3.186340080674199e-15,7.970006130180481,104.83554636826838,98.36272382791444,211.48899841308594,133.593994140625,219.45799255371094,133.4669952392578
60.75,3.2269103673123286e-06,0.0,3.186340080674199e-15,7.970006130180481,104.83554636826838,98.36272382791444,211.48899841308594,133.593994140625,219.45799255371094,133.4669952392578
60.800000000000004,3.776184453946714e-06,0.0,3.186340080674199e-15,7.970006130180481,104.83554636826838,98.36272382791444,211.48899841308594,133.593994140625,219.45799255371094,133.4669952392578
60.85,1.373155173753376e-07,0.0,3.186340080674199e-15,7.970006130180481,104.83554636826838,98.36272382791444,211.48899841308594,133.593994140625,219.45799255371094,133.4669952392578
60.900000000000006,6.865776429235753e-07,0.0,3.186340080674199e-15,7.970006130180481,104.83554636826838,98.36272382791444,211.48899841308594,133.593994140625,219.45799255371094,133.4669952392578
60.95,1.167181247550124e-06,0.0,3.186340080674199e-15,7.970006130180481,104.83554636826838,98.36272382791444,211.48899841308594,133.593994140625,219.45799255371094,133.4669952392578
61.0,1.6477856429374778e-06,0.0,3.186340080674199e-15,7.970006130180481,104.83554636826838,98.36272382791444,211.48899841308594,133.593994140625,219.45799255371094,133.4669952392578
61.050000000000004,2.231374120622556e-06,0.0,3.186340080674199e-15,7.970006130180481,104.83554636826838,98.36272382791444,211.48899841308594,133.593994140625,219.45799255371094,133.4669952392578
61.1,2.917951287358355e-06,0.0,3.186340080674199e-15,7.970006130180481,104.83554636826838,98.36272382791444,211.48899841308594,133.593994140625,219.45799255371094,133.4669952392578
61.150000000000006,3.3642257319231746e-06,0.0,3.186340080674199e-15,7.970006130180481,104.83554636826838,98.36272382791444,211.48899841308594,133.593994140625,219.45799255371094,133.4669952392578
61.2,3.844836001808868e-06,0.0,3.186340080674199e-15,7.970006130180481,104.83554636826838,98.36272382791444,211.48899841308594,133.593994140625,219.45799255371094,133.4669952392578
61.25,4.32543625835127e-06,0.0,3.186340080674199e-15,7.970006130180481,104.83554636826838,98.36272382791444,211.48899841308594,133.593994140625,219.45799255371094,133.4669952392578
61.300000000000004,4.4627420677944675e-07,0.0,3.186340080674199e-15,7.970006130180481,104.83554636826838,98.36272382791444,211.48899841308594,133.593994140625,219.45799255371094,133.4669952392578
61.35,8.582233299728598e-07,0.0,3.186340080674199e-15,7.970006130180481,104.83554636826838,98.36272382791444,211.48899841308594,133.593994140625,219.45799255371094,133.4669952392578
61.400000000000006,1.270167655391309e-06,0.0,3.186340080674199e-15,7.970006130180481,104.83554636826838,98.36272382791444,211.48899841308594,133.593994140625,219.45799255371094,133.4669952392578
61.45,1.8537597340244432e-06,0.0,3.186340080674199e-15,7.970006130180481,104.83554636826838,98.36272382791444,211.48899841308594,133.593994140625,219.45799255371094,133.4669952392578
61.5,2.4716771446390576e-06,0.0,3.186340080674199e-15,7.970006130180481,104.83554636826838,98.36272382791444,211.48899841308594,133.593994140625,219.45799255371094,133.4669952392578
61.550000000000004,2.91795136318088e-06,0.0,3.186340080674199e-15,7.970006130180481,104.83554636826838,98.36272382791444,211.48899841308594,133.593994140625,219.45799255371094,133.4669952392578
61.6,3.4672139642315664e-06,0.0,3.186340080674199e-15,7.970006130180481,104.83554636826838,98.36272382791444,211.48899841308594,133.593994140625,219.45799255371094,133.4669952392578
61.650000000000006,4.153788091475971e-06,0.0,3.186340080674199e-15,7.970006130180481,104.83554636826838,98.36272382791444,211.48899841308594,133.593994140625,219.45799255371094,133.4669952392578
61.7,2.4030203512871446e-07,0.0,3.186340080674199e-15,7.970006130180481,104.83554636826838,98.36272382791444,211.48899841308594,133.593994140625,219.45799255371094,133.4669952392578
61.75,7.209076088896885e-07,0.0,3.186340080674199e-15,7.970006130180481,104.83554636826838,98.36272382791444,211.48899841308594,133.593994140625,219.45799255371094,133.4669952392578
61.800000000000004,1.3388256129666462e-06,0.0,3.186340080674199e-15,7.970006130180481,104.83554636826838,98.36272382791444,211.48899841308594,133.593994140625,219.45799255371094,133.4669952392578
61.85,1.8537592716499778e-06,0.0,3.186340080674199e-15,7.970006130180481,104.83554636826838,98.36272382791444,211.48899841308594,133.593994140625,219.45799255371094,133.4669952392578
61.900000000000006,2.26570471592163e-06,0.0,3.186340080674199e-15,7.970006130180481,104.83554636826838,98.36272382791444,211.48899841308594,133.593994140625,219.45799255371094,133.4669952392578
61.95,2.780636985122713e-06,0.0,3.186340080674199e-15,7.970006130180481,104.83554636826838,98.36272382791444,211.48899841308594,133.593994140625,219.45799255371094,133.4669952392578
62.0,3.329899815827569e-06,0.0,3.186340080674199e-15,7.970006130180481,104.83554636826838,98.36272382791444,211.48899841308594,133.593994140625,219.45799255371094,133.4669952392578
62.050000000000004,3.7075327731173774e-06,0.0,3.186340080674199e-15,7.970006130180481,104.83554636826838,98.36272382791444,211.48899841308594,133.593994140625,219.45799255371094,133.4669952392578
62.1,0.0,0.0,3.186340080674199e-15,7.970006130180481,104.83554636826838,98.36272382791444,211.48899841308594,133.593994140625,219.45799255371094,133.4669952392578
62.150000000000006,5.492647045136509e-07,0.0,3.186340080674199e-15,7.970006130180481,104.83554636826838,98.36272382791444,211.48899841308594,133.593994140625,219.45799255371094,133.4669952392578
62.2,9.612073941928615e-07,0.0,3.186340080674199e-15,7.970006130180481,104.83554636826838,98.36272382791444,211.48899841308594,133.593994140625,219.45799255371094,133.4669952392578
62.25,1.5104700094051978e-06,0.0,3.186340080674199e-15,7.970006130180481,104.83554636826838,98.36272382791444,211.48899841308594,133.593994140625,219.45799255371094,133.4669952392578
62.300000000000004,1.9910736337354743e-06,0.0,3.186340080674199e-15,7.970006130180481,104.83554636826838,98.36272382791444,211.48899841308594,133.593994140625,219.45799255371094,133.4669952392578
62.35,2.437347919557743e-06,0.0,3.186340080674199e-15,7.970006130180481,104.83554636826838,98.36272382791444,211.48899841308594,133.593994140625,219.45799255371094,133.4669952392578
62.400000000000006,2.8149660481443435e-06,0.0,3.186340080674199e-15,7.970006130180481,104.83554636826838,98.36272382791444,211.48899841308594,133.593994140625,219.45799255371094,133.4669952392578
62.45,3.2955695352090566e-06,0.0,3.186340080674199e-15,7.970006130180481,104.83554636826838,98.36272382791444,211.48899841308594,133.593994140625,219.45799255371094,133.4669952392578
62.5,3.94783244795222e-06,0.0,3.186340080674199e-15,7.970006130180481,104.83554636826838,98.36272382791444,211.48899841308594,133.593994140625,219.45799255371094,133.4669952392578
62.550000000000004,3.776228548344357e-07,0.0,3.186340080674199e-15,7.970006130180481,104.83554636826838,98.36272382791444,211.48899841308594,133.593994140625,219.45799255371094,133.4669952392578
62.6,8.238934972121703e-07,0.0,3.186340080674199e-15,7.970006130180481,104.83554636826838,98.36272382791444,211.48899841308594,133.593994140625,219.45799255371094,133.4669952392578
62.650000000000006,1.235837689755843e-06,0.0,3.186340080674199e-15,7.970006130180481,104.83554636826838,98.36272382791444,211.48899841308594,133.593994140625,219.45799255371094,133.4669952392578
62.7,1.6477847781843616e-06,0.0,3.186340080674199e-15,7.970006130180481,104.83554636826838,98.36272382791444,211.48899841308594,133.593994140625,219.45799255371094,133.4669952392578
62.75,2.3000335665786146e-06,0.0,3.186340080674199e-15,7.970006130180481,104.83554636826838,98.36272382791444,211.48899841308594,133.593994140625,219.45799255371094,133.4669952392578
62.800000000000004,2.7806378217048025e-06,0.0,3.186340080674199e-15,7.970006130180481,104.83554636826838,98.36272382791444,211.48899841308594,133.593994140625,219.45799255371094,133.4669952392578
62.85,3.226910373685856e-06,0.0,3.186340080674199e-15,7.970006130180481,104.83554636826838,98.36272382791444,211.48899841308594,133.593994140625,219.45799255371094,133.4669952392578
62.900000000000006,3.7075318791810277e-06,0.0,3.186340080674199e-15,7.970006130180481,104.83554636826838,98.36272382791444,211.48899841308594,133.593994140625,219.45799255371094,133.4669952392578
62.95,1.0298678398394264e-07,0.0,3.186340080674199e-15,7.970006130180481,104.83554636826838,98.36272382791444,211.48899841308594,133.593994140625,219.45799255371094,133.4669952392578
63.0,5.492630067304115e-07,0.0,3.186340080674199e-15,7.970006130180481,104.83554636826838,98.36272382791444,211.48899841308594,133.593994140625,219.45799255371094,133.4669952392578
63.050000000000004,1.0298664599007533e-06,0.0,3.186340080674199e-15,7.970006130180481,104.83554636826838,98.36272382791444,211.48899841308594,133.593994140625,219.45799255371094,133.4669952392578
63.1,1.5791256141414357e-06,0.0,3.186340080674199e-15,7.970006130180481,104.83554636826838,98.36272382791444,211.48899841308594,133.593994140625,219.45799255371094,133.4669952392578
63.150000000000006,1.991073778085798e-06,0.0,3.186340080674199e-15,7.970006130180481,104.83554636826838,98.36272382791444,211.48899841308594,133.593994140625,219.45799255371094,133.4669952392578
63.2,2.403018899405823e-06,0.0,3.186340080674199e-15,7.970006130180481,104.83554636826838,98.36272382791444,211.48899841308594,133.593994140625,219.45799255371094,133.4669952392578
63.25,2.952280962530397e-06,0.0,3.186340080674199e-15,7.970006130180481,104.83554636826838,98.36272382791444,211.48899841308594,133.593994140625,219.45799255371094,133.4669952392578
63.300000000000004,3.4328851035561754e-06,0.0,3.186340080674199e-15,7.970006130180481,104.83554636826838,98.36272382791444,211.48899841308594,133.593994140625,219.45799255371094,133.4669952392578
63.35,3.844836056886563e-06,0.0,3.186340080674199e-15,7.970006130180481,104.83554636826838,98.36272382791444,211.48899841308594,133.593994140625,219.45799255371094,133.4669952392578
63.400000000000006,3.432934790241445e-07,0.0,3.186340080674199e-15,7.970006130180481,104.83554636826838,98.36272382791444,211.48899841308594,133.593994140625,219.45799255371094,133.4669952392578
63.45,9.268787257892365e-07,0.0,3.186340080674199e-15,7.970006130180481,104.83554636826838,98.36272382791444,211.48899841308594,133.593994140625,219.45799255371094,133.4669952392578
63.5,1.4418123524677378e-06,0.0,3.186340080674199e-15,7.970006130180481,104.83554636826838,98.36272382791444,211.48899841308594,133.593994140625,219.45799255371094,133.4669952392578
63.550000000000004,1.9224151220907575e-06,0.0,3.186340080674199e-15,7.970006130180481,104.83554636826838,98.36272382791444,211.48899841308594,133.593994140625,219.45799255371094,133.4669952392578
63.6,2.403018707507075e-06,0.0,3.186340080674199e-15,7.970006130180481,104.83554636826838,98.36272382791444,211.48899841308594,133.593994140625,219.45799255371094,133.4669952392578
63.650000000000006,2.986610769562958e-06,0.0,3.186340080674199e-15,7.970006130180481,104.83554636826838,98.36272382791444,211.48899841308594,133.593994140625,219.45799255371094,133.4669952392578
63.7,3.6388440641415735e-06,0.0,3.186340080674199e-15,7.970006130180481,104.83554636826838,98.36272382791444,211.48899841308594,133.593994140625,219.45799255371094,133.4669952392578
63.75,4.119443996874502e-06,0.0,3.186340080674199e-15,7.970006130180481,104.83554636826838,98.36272382791444,211.48899841308594,133.593994140625,219.45799255371094,133.4669952392578
63.800000000000004,1.7164411182750336e-07,0.0,3.186340080674199e-15,7.970006130180481,104.83554636826838,98.36272382791444,211.48899841308594,133.593994140625,219.45799255371094,133.4669952392578
63.85,7.209105120691093e-07,0.0,3.186340080674199e-15,7.970006130180481,104.83554636826838,98.36272382791444,211.48899841308594,133.593994140625,219.45799255371094,133.4669952392578
63.900000000000006,1.3388255869565336e-06,0.0,3.186340080674199e-15,7.970006130180481,104.83554636826838,98.36272382791444,211.48899841308594,133.593994140625,219.45799255371094,133.4669952392578
63.95,2.0254039049376234e-06,0.0,3.186340080674199e-15,7.970006130180481,104.83554636826838,98.36272382791444,211.48899841308594,133.593994140625,219.45799255371094,133.4669952392578
64.0,2.5746634283942134e-06,0.0,3.186340080674199e-15,7.970006130180481,104.83554636826838,98.36272382791444,211.48899841308594,133.593994140625,219.45799255371094,133.4669952392578
64.05,2.952281160788557e-06,0.0,3.186340080674199e-15,7.970006130180481,104.83554636826838,98.36272382791444,211.48899841308594,133.593994140625,219.45799255371094,133.4669952392578
64.10000000000001,3.467214933906756e-06,6.388991891935473,0.6388991891935505,8.082006789666089,104.83554636826838,98.47474556086341,211.48899841308594,133.593994140625,219.57000732421875,133.4669952392578
64.15,4.153788240010172e-06,12.790540442113908,1.9179532334049412,8.257980419235036,104.83554636826838,98.65074129928756,211.48899841308594,133.593994140625,219.74600219726562,133.4669952392578
64.2,0.0,14.98830628658272,3.4167838620632134,8.463950302320328,104.83554636826838,98.85673873888764,211.48899841308594,133.593994140625,219.95199584960938,133.4669952392578
64.25,6.522497248527201e-07,16.1406397057929,5.030847832642503,8.688932181451284,104.83554636826838,99.08175603074379,211.48899841308594,133.593994140625,220.177001953125,133.4669952392578
64.3,1.0985279100356251e-06,17.84360399921773,6.815208232564276,8.936908723512751,104.83554636826838,99.3297707753827,211.48899841308594,133.593994140625,220.4250030517578,133.4669952392578
64.35000000000001,1.544799642755518e-06,18.133194330712133,8.62852766563549,9.196879353268333,104.83554636826838,99.58977572833625,211.48899841308594,133.593994140625,220.68499755859375,133.4669952392578
64.4,2.0597292782837303e-06,20.973003504986117,10.725828016134102,9.484864092150561,104.83554636826838,99.8777920987319,211.48899841308594,133.593994140625,220.97300720214844,133.4669952392578
64.45,2.6433218757626464e-06,20.125153234852494,12.738343339619352,9.770835861716884,104.83554636826838,100.16379028107683,211.48899841308594,133.593994140625,221.25900268554688,133.4669952392578
64.5,3.3298993029179888e-06,22.84694854314394,15.023038193933747,10.084806179656862,104.83554636826838,100.47778654177534,211.48899841308594,133.593994140625,221.572998046875,133.4669952392578
64.55,0.049614861773735766,21.849090685560935,17.20794726248984,10.393787982245088,104.835547058262,100.7867922814043,211.48899841308594,133.593994140625,221.8820037841797,133.4669952392578
64.60000000000001,0.008870784954489164,24.363186319079176,19.00536670520421,10.728754709098936,104.8365388795624,101.12079202319636,211.48800659179688,133.593994140625,222.21600341796875,133.4669952392578
64.65,0.02303323548695623,23.252318339440077,20.051544494936827,11.056734431654688,104.83653890959755,101.44879573584824,211.48800659179688,133.593994140625,222.54400634765625,133.4669952392578
64.7,0.008739178384078818,25.58841336650123,21.111555202928677,11.407709069975471,104.83653913951781,101.79979445097307,211.48800659179688,133.593994140625,222.89500427246094,133.4669952392578
64.75,0.00887053982681059,24.388724581969573,21.936363690546347,11.75168161565673,104.83653929958888,102.14378988799756,211.48800659179688,133.593994140625,223.23899841308594,133.4669952392578
64.8,0.022238103303483248,26.58104392824554,22.81010768344913,12.115648228790658,104.83653952950914,102.50779052739888,211.48800659179688,133.593994140625,223.60299682617188,133.46800231933594
64.85000000000001,0.005333140233749368,25.308579039663815,23.527646154344296,12.471631717504376,104.83653959959116,102.8637943360239,211.48800659179688,133.593994140625,223.95899963378906,133.46800231933594
64.9,0.03780398718931153,27.38592001096114,24.168937804941798,12.846627994483176,104.83753142090687,103.23980189916678,211.48899841308594,133.593994140625,224.3350067138672,133.46800231933594
64.95,0.022485085569325564,26.05315676697499,24.761738158154046,13.212607825196097,104.83753153091935,103.60579976997342,211.48899841308594,133.593994140625,224.7010040283203,133.46800231933594
65.0,0.05716189947091762,28.038494997500912,25.280892803589744,13.596578066558688,104.8385386110102,103.99079448413715,211.49000549316406,133.593994140625,225.08599853515625,133.46800231933594
65.05,0.044364607326462566,26.656094198077838,25.76159315484143,13.971562179467282,104.83853872090626,104.36579476456762,211.49000549316406,133.593994140625,225.46099853515625,133.46800231933594
65.10000000000001,0.08116345683265809,28.5672835628808,26.182002879221592,14.362553061857886,104.83953054221354,104.75779313761548,211.49099731445312,133.593994140625,225.85299682617188,133.46800231933594
65.15,0.06989724350218446,27.14460227765541,26.57123127304312,14.743535343793207,104.84053762229483,105.13979708052548,211.49200439453125,133.593994140625,226.23500061035156,133.46800231933594
65.2,0.10877653628469332,28.99549763712964,26.91193970010596,15.139517281132877,104.84253652367104,105.53779211452672,211.49400329589844,133.593994140625,226.63299560546875,133.46800231933594
65.25,0.0998298019479821,27.54052304261948,27.22711954617095,15.525520988762617,104.8435283449662,105.92480089508277,211.4949951171875,133.593994140625,227.02000427246094,133.46800231933594
65.3,0.1408525373445641,29.342136841740853,27.50322883752048,15.926509040016779,104.84552724634241,106.32780079846866,211.4969940185547,133.593994140625,227.42300415039062,133.46800231933594
65.35000000000001,0.13422240620546405,27.861461387752353,27.758517072329333,16.316496436148324,104.8475261477112,106.71979918678178,211.49899291992188,133.593994140625,227.81500244140625,133.46800231933594
65.4,0.17864389716453027,29.622718633101833,27.982196934543406,16.7214681340048,104.84954030788059,107.12679688824598,211.50100708007812,133.593994140625,228.2220001220703,133.46800231933594
65.45,0.17562600404680337,28.121558612570936,28.189037119103,17.114462538785702,104.8515392092508,107.52180124998797,211.5030059814453,133.593994140625,228.61700439453125,133.46800231933594
65.5,0.22311146324468265,29.849876317744663,28.370175251127375,17.521449414857393,104.85452993191589,107.93178967087269,211.50599670410156,133.593994140625,229.02699279785156,133.46800231933594
65.55,0.22255236483716262,28.33233599829369,28.53779943114896,17.916443646595333,104.85753591336547,108.32980000586534,211.50900268554688,133.593994140625,229.4250030517578,133.46800231933594
65.60000000000001,0.2773965712808954,30.033761700943565,28.684447244955237,18.325430317387635,104.8615337161083,108.74279440430345,211.51300048828125,133.593994140625,229.83799743652344,133.46800231933594
65.65,0.5889231780720925,28.503154162400804,28.820302433429777,18.719426960838977,104.86761188808788,109.14280363058867,211.5189971923828,133.59300231933594,230.23800659179688,133.46800231933594
65.7,0.9103667120067566,30.18265924011866,28.93901859372868,19.123409826777777,104.8786134764323,109.55779692634452,211.52999877929688,133.59300231933594,230.6529998779297,133.46800231933594
65.75,1.157620284345075,28.64153543846446,29.049119833313178,19.510395098956185,104.89361286697866,109.95978978468662,211.5449981689453,133.59300231933594,231.05499267578125,133.46800231933594
65.8,1.283105279431368,30.303256940745438,29.145231843213633,19.909382935071022,104.91161823833755,110.37679841656809,211.56300354003906,133.59300231933594,231.4720001220703,133.468994140625
65.85000000000001,1.251792892286249,28.753639102715248,29.234449614709924,20.29539849354257,104.9296356701827,110.78080542537549,211.58099365234375,133.593994140625,231.87600708007812,133.468994140625
65.9,1.3878001578826247,30.400886616086463,29.31226641300838,20.694371912954633,104.94867397392109,111.19880469646884,211.60000610351562,133.59300231933594,232.29400634765625,133.468994140625
65.95,1.3219093035196299,28.844499982355646,29.384560549986855,21.080372533499943,104.96769703973503,111.60380351856702,211.61900329589844,133.593994140625,232.69900512695312,133.468994140625
66.0,1.3409114678912368,30.47994277403567,29.44756719561596,21.480359523203255,104.98669423226073,112.02279460925506,211.63800048828125,133.593994140625,233.1179962158203,133.468994140625
66.05,1.4556566637911839,28.91808340688877,29.506141936475473,21.866349026064597,105.00672307716374,112.42880050508124,211.6580047607422,133.59300231933594,233.5240020751953,133.468994140625
66.10000000000001,1.426651273035617,30.54398561235465,29.557164327616583,22.2663518607405,105.02671209090622,112.84879867483467,211.67799377441406,133.59300231933594,233.94400024414062,133.468994140625
66.15,1.4488992507285205,28.977734998791647,29.60462241125567,22.654331163011705,105.04572454224508,113.2557963869741,211.69700622558594,133.59300231933594,234.3509979248047,133.468994140625
66.2,1.4448142933721533,30.595826901995988,29.6459391774434,23.05433442721061,105.06571355598425,113.67579455618699,211.7169952392578,133.59300231933594,234.77099609375,133.468994140625
66.25,1.5824414793700659,29.026084556673617,29.68439408926431,23.44232938490306,105.0857178284465,114.08379934435992,211.73699951171875,133.59300231933594,235.1790008544922,133.468994140625
66.3,1.6012951518196217,30.637766863454384,29.717845081535206,23.840334161929476,105.10871282357178,114.50480459341578,211.75999450683594,133.59300231933594,235.60000610351562,133.468994140625
66.35000000000001,1.7531861973794296,29.06525034736863,29.749006206000548,24.225308276144084,105.13172307748837,114.91279411958581,211.7830047607422,133.59300231933594,236.00799560546875,133.468994140625
66.4,1.7887686737251727,30.67174868459069,29.77609241285097,24.622306332002587,105.1567169739843,115.33479118991048,211.80799865722656,133.59300231933594,236.42999267578125,133.468994140625
66.45,2.0851348565501646,29.097003887828375,29.80134280339824,25.003303209586836,105.18374323599741,115.74279597219946,211.8350067138672,133.593994140625,236.83799743652344,133.468994140625
66.5,2.1599825530089007,30.699252062920404,29.823273732286708,25.39630374553304,105.21374201533129,116.16580012272784,211.86500549316406,133.593994140625,237.26100158691406,133.468994140625
66.55,2.4011786975159186,29.12274248315815,29.843739639913643,25.77331340007702,105.24473261597548,116.57380490276083,211.89599609375,133.593994140625,237.66900634765625,133.468994140625
66.60000000000001,2.4770378642383877,30.721499216480364,29.861491000326215,26.16230120310332,105.27872919804629,116.9967937947232,211.92999267578125,133.593994140625,238.0919952392578,133.468994140625
66.65,2.5817619540793335,29.143585352382974,29.878076035685343,26.536305168295826,105.31373286016574,117.40580565286028,211.96499633789062,133.593994140625,238.50100708007812,133.468994140625
66.7,2.6368672072690185,30.739537270501298,29.892447072535873,26.92228727603098,105.35073542364302,117.8287945451061,212.0019989013672,133.593994140625,238.9239959716797,133.468994140625
66.75,2.7189471215121985,29.1605040887784,29.905889025746355,27.29427733560213,105.38773798712512,118.23779114285045,212.03900146484375,133.593994140625,239.33299255371094,133.468994140625
66.8,2.766441976064944,30.75411809073872,29.917524148474786,27.67928312049271,105.42573237190287,118.6607952942215,212.07699584960938,133.593994140625,239.75599670410156,133.468994140625
66.85000000000001,2.859509295644541,29.174185328527503,29.928417646590674,28.05027711147736,105.46473383675567,119.07080020746287,212.11599731445312,133.593994140625,240.16600036621094,133.47000122070312
66.9,2.94565370852548,30.76592488593781,29.937835266725386,28.432277214415784,105.50573420296953,119.49380435918248,212.15699768066406,133.593994140625,240.58900451660156,133.47000122070312
66.95,3.0880121066163913,29.18530884468467,29.946665762411023,28.79926290204114,105.54774164925865,119.90280095439466,212.19900512695312,133.593994140625,240.9980010986328,133.47000122070312
67.0,3.222907722074822,30.77546576947082,29.954287133066067,29.179264309520853,105.59173273813008,120.32679692773932,212.2429962158203,133.593994140625,241.4219970703125,133.47000122070312
67.05,3.3858978865168816,29.19431065024424,29.961443949774672,29.543259474331762,105.63773798716439,120.7368006020303,212.28900146484375,133.593994140625,241.83200073242188,133.47000122070312
67.10000000000001,3.5168873382777583,30.78320422079639,29.967614450206277,29.918256213783216,105.68574213756364,121.15980475444208,212.33700561523438,133.593994140625,242.2550048828125,133.47000122070312
67.15,3.6912966315388798,29.201616461314032,29.97341756109938,30.27825376713756,105.735729930543,121.56979316909488,212.38699340820312,133.593994140625,242.6649932861328,133.47000122070312
67.2,3.852036507803019,30.789432062478827,29.97840704029714,30.648245820195715,105.7887389637586,121.99279732184412,212.44000244140625,133.593994140625,243.08799743652344,133.47000122070312
67.25,4.042908557700273,29.207521532609306,29.98310878468023,31.003253932664805,105.84373163955252,122.4028009945796,212.4949951171875,133.593994140625,243.4980010986328,133.47000122070312
67.3,4.226832605908393,30.794509780911238,29.987147953697484,31.369248355040902,105.90173029679191,122.82679696893209,212.55299377441406,133.593994140625,243.9219970703125,133.47000122070312
67.35000000000001,4.428900840515541,29.212307384199786,29.99096015926471,31.719236494267957,105.9617431141888,123.23680064105135,212.61300659179688,133.593994140625,244.33200073242188,133.47000122070312
67.4,4.606668685285196,30.798612469023272,29.99422891757326,32.07924964437132,106.02473139544723,123.65980479441181,212.67599487304688,133.593994140625,244.7550048828125,133.47000122070312
67.45,4.7801171021784645,29.216231506600714,29.99732118376486,32.42524012799923,106.08973383685748,124.07080028726514,212.74099731445312,133.593994140625,245.16600036621094,133.47000122070312
67.5,4.906620789145704,30.80192551966262,29.999967158784038,32.78023328887789,106.15774225970914,124.49380444090305,212.8090057373047,133.593994140625,245.58900451660156,133.47000122070312
67.55,4.979809066743936,29.219365996346994,30.002472693394317,33.12121903252505,106.22674250385488,124.90379285325551,212.8780059814453,133.593994140625,245.99899291992188,133.47000122070312
67.60000000000001,5.007025128618267,30.804589694220976,30.00461124073677,33.4762275582261,106.29574274802306,125.32780408719898,212.94700622558594,133.593994140625,246.42300415039062,133.47000122070312
67.65,5.043852944890726,29.221920277187554,30.00664162232413,33.81622158622691,106.36573481349254,125.73779249914779,213.01699829101562,133.593994140625,246.83299255371094,133.47000122070312
67.7,5.0971327930026815,30.80674918668709,30.008373334744952,34.1702231380554,106.43574213774522,126.16180373331957,213.08700561523438,133.593994140625,247.2570037841797,133.47000122070312
67.75,5.180185171114829,29.224007644987097,30.010021945982732,34.508233628794,106.50773310455988,126.5718074037163,213.15899658203125,133.593994140625,247.66700744628906,133.47000122070312
67.8,5.286385234468708,30.80851386018987,30.011422353910593,34.85922931120807,106.58073115144018,126.99580337931393,213.23199462890625,133.593994140625,248.09100341796875,133.47000122070312
67.85000000000001,5.41638099940283,29.225700197126883,30.012761635203297,35.19522226002831,106.65473627839339,127.40580824905489,213.30599975585938,133.593994140625,248.50100708007812,133.4709930419922
67.9,5.554801052747635,30.809914613134463,30.013891849614417,35.542220284278606,106.73173212800408,127.82980422484681,213.38299560546875,133.593994140625,248.9250030517578,133.4709930419922
67.95,5.695956953772203,29.227070030123684,30.014975701966716,35.87421904619882,106.809735057695,128.23980789469306,213.46099853515625,133.593994140625,249.3350067138672,133.4709930419922
68.0,5.834449093054443,30.81106817492688,30.015889967493145,36.218214618779605,106.88974322717178,128.66380387065664,213.54100036621094,133.59500122070312,249.75900268554688,133.4709930419922
68.05,5.96628120875386,29.22818580806866,30.01677194866531,36.546215642362206,106.9717439595969,129.07380754027477,213.6230010986328,133.59500122070312,250.16900634765625,133.4709930419922
68.10000000000001,6.090517302203435,30.811967678839533,30.017509747127168,36.88621004151489,107.05574359338765,129.4978035163915,213.70700073242188,133.59500122070312,250.59300231933594,133.4709930419922
68.15,6.207337187068935,29.229085295346433,30.01822624894305,37.21021335270177,107.14174212854442,129.90780718582116,213.79299926757812,133.59500122070312,251.0030059814453,133.4709930419922
68.2,6.318433411846758,30.812722987867957,30.01882362906114,37.54720185505954,107.22874774377881,130.33180316208274,213.8800048828125,133.59500122070312,251.427001953125,133.4709930419922
68.25,6.42715346828857,29.229802824622865,30.01940314702472,37.868214522747834,107.31773700159138,130.7418068313403,213.968994140625,133.59500122070312,251.83700561523438,133.4709930419922
68.3,6.53688116987574,30.813337535078144,30.019885514513543,38.20219712308318,107.40774859827127,131.16580280773158,214.0590057373047,133.59500122070312,252.26100158691406,133.4709930419922
68.35000000000001,6.649777319178693,29.2304173589054,30.0203572306914,38.52121095857998,107.4987367574511,131.57580647684037,214.14999389648438,133.59500122070312,252.67100524902344,133.4709930419922
68.4,6.761449524585701,30.813804453889876,30.020746214766937,38.85119583594205,107.59274615686523,131.99980245335195,214.24400329589844,133.59500122070312,253.09500122070312,133.4709930419922
68.45,6.881761457532894,29.23088426655331,30.0211276384099,39.16619668506787,107.68774737756839,132.40980612233437,214.33900451660156,133.59500122070312,253.5050048828125,133.4709930419922
68.5,7.018705647562466,30.814199275179444,30.02144074843515,39.494197984760866,107.7837404195607,132.8338020989385,214.43499755859375,133.59500122070312,253.9290008544922,133.4709930419922
68.55,7.165513508368139,29.231279077594237,30.02175007538771,39.8061929182694,107.88273944299922,133.24479758907555,214.53399658203125,133.59500122070312,254.33999633789062,133.4709930419922
68.60000000000001,7.317073816240612,30.814525432082952,30.022005850712056,40.12819759427309,107.98373736780576,133.66780174449576,214.63499450683594,133.59500122070312,254.76300048828125,133.4709930419922
68.65,7.468021723156171,29.23160522575629,30.022257843753046,40.436179532809255,108.08674945276856,134.07879723453647,214.73800659179688,133.59500122070312,255.1739959716797,133.4709930419922
68.7,7.614361378504869,30.814776058137696,30.022463150780016,40.7541864723035,108.19174518030917,134.50180139003953,214.84300231933594,133.59500122070312,255.5970001220703,133.4709930419922
68.75,7.75551771785681,29.231855843931744,30.0226684527109,41.05818592940322,108.29873980921624,134.91279687999136,214.9499969482422,133.59500122070312,256.00799560546875,133.4709930419922
68.8,7.879034096134452,30.814992351990707,30.02283393440216,41.37419402093808,108.40674151820079,135.3368081156256,215.05799865722656,133.59500122070312,256.4320068359375,133.4709930419922
68.85000000000001,7.98264207749912,29.232072130733837,30.022999411585005,41.67318865880232,108.5177492086308,135.74681178422924,215.16900634765625,133.59500122070312,256.8420104980469,133.4709930419922
68.9,8.081065879632039,30.815170880375454,30.02313605423356,41.986172602629544,108.6287416402727,136.1707936984069,215.27999877929688,133.59500122070312,257.2659912109375,133.4720001220703
68.95,8.188489877012975,29.232254086258123,30.023273036204046,42.28217948680239,108.74274436785389,136.5807973669362,215.3939971923828,133.5959930419922,257.6759948730469,133.4720001220703
69.0,8.311465531132551,30.81528074426214,30.02338118311232,42.592190981258945,108.8567427809405,137.00480860269022,215.50799560546875,133.5959930419922,258.1000061035156,133.4720001220703
69.05,8.4462858230303,29.232360511475235,30.023489326500417,42.88518901534527,108.9737471754718,137.41481227116546,215.625,133.5959930419922,258.510009765625,133.4720001220703
69.10000000000001,8.58837768451386,30.815424940407787,30.023579277332903,43.19117224289967,109.09174339129227,137.83879298939002,215.7429962158203,133.5959930419922,258.9339904785156,133.4720001220703
69.15,8.732882253008796,29.232504702543153,30.023669225011588,43.480172524373764,109.21274558855838,138.2487966578118,215.86399841308594,133.5959930419922,259.343994140625,133.4720001220703
69.2,8.87590967420196,30.815497038793183,30.02374132307714,43.78218851706875,109.33473960711369,138.67280789366274,215.98599243164062,133.5959930419922,259.76800537109375,133.4720001220703
69.25,9.002162330887911,29.232576796801116,30.023813418364078,44.0681676018982,109.45973960711396,139.0837881245295,216.11099243164062,133.5959930419922,260.1789855957031,133.4720001220703
69.3,9.119090333583452,30.815569137170147,30.023871096882022,44.36516350480401,109.58574668719208,139.50679228035784,216.23699951171875,133.5959930419922,260.60198974609375,133.4720001220703
69.35000000000001,9.243937948270272,29.23264889154271,30.023928772962904,44.64917424309794,109.71274558855932,139.917803028749,216.36399841308594,133.5959930419922,261.01300048828125,133.4720001220703
69.4,9.374942205305182,30.81560347002219,30.02397203192758,44.94217238856842,109.84275047137184,140.34080718460788,216.49400329589844,133.5959930419922,261.4360046386719,133.4720001220703
69.45,9.511021614278643,29.2327209863839,30.02401872194016,45.2221576222226,109.97375104654523,140.751787415395,216.625,133.5970001220703,261.84698486328125,133.4720001220703
69.5,9.650305955917673,30.815675568358177,30.024058204349764,45.51317214291474,110.10674665201402,141.1757986513558,216.75799560546875,133.5970001220703,262.27099609375,133.4720001220703
69.55,9.790814227823658,29.23275531640769,30.024097684843007,45.78717319054734,110.24274823892819,141.58580231962443,216.8939971923828,133.5970001220703,262.6809997558594,133.4720001220703
69.60000000000001,9.918470226944958,30.8157133344148,30.024126524243705,46.07417469148605,110.37975690592042,142.00981355560376,217.031005859375,133.5970001220703,263.1050109863281,133.4720001220703
69.65,10.039826237516104,29.23279307993454,30.024155361982842,46.34617686981924,110.51775739420168,142.41981722383278,217.16900634765625,133.5970001220703,263.5150146484375,133.4720001220703
69.7,10.171081955240066,30.81571333494057,30.024176991597585,46.629165349052286,110.65874860513921,142.84379794226507,217.30999755859375,133.5970001220703,263.9389953613281,133.4720001220703
69.75,10.309574066540435,29.232827410382644,30.024202052955737,46.89716976233983,110.80074689615483,143.253801610481,217.45199584960938,133.5970001220703,264.3489990234375,133.4720001220703
69.8,10.441118175586642,30.81574766769704,30.024219906008426,47.17617573542766,110.94575116861579,143.6778128465096,217.5970001220703,133.5970001220703,264.77301025390625,133.4720001220703
69.85000000000001,10.55865814955055,29.232865174213497,30.024241534275507,47.44115894098791,111.09174726236579,144.0887930771912,217.7429962158203,133.5970001220703,265.1839904785156,133.4720001220703
69.9,10.6828577251906,30.815785433686205,30.024259730641905,47.71715633781396,111.23875043619405,144.5117984319901,217.88999938964844,133.5970001220703,265.60699462890625,133.47300720214844
69.95,10.824806232326482,29.232899505055627,30.024277582509075,47.9781749200088,111.38874771347884,144.9228091802298,218.0399932861328,133.59800720214844,266.01800537109375,133.47300720214844
70.0,10.966214029829366,30.81578543415626,30.024288569088885,48.250177176177395,111.53974869004146,145.34581333623058,218.1909942626953,133.59800720214844,266.4410095214844,133.47300720214844
70.05,11.108450059488883,29.232899503854682,30.024302987833586,48.507149584698176,111.69375564804943,145.7567935668794,218.34500122070312,133.59800720214844,266.85198974609375,133.47300720214844
70.10000000000001,11.262565927258226,30.81578543461859,30.024310197853964,48.77616114788325,111.84875442734662,146.18080480295114,218.5,133.59800720214844,267.2760009765625,133.47300720214844
70.15,11.408294421527716,29.232937268630813,30.02432461672359,49.02815922569352,112.00675918808926,146.59080847108157,218.6580047607422,133.59800720214844,267.6860046386719,133.47300720214844
70.2,11.535517809484688,30.815819767290293,30.02433525995856,49.29215068214101,112.16674759140965,147.01478918960052,218.8179931640625,133.59800720214844,268.1099853515625,133.47300720214844
70.25,11.654570109374434,29.232937267735938,30.02434624569389,49.54114280517834,112.32775833359722,147.42479285773115,218.97900390625,133.59800720214844,268.5199890136719,133.47300720214844
70.3,11.773478212656865,30.815819767722502,30.024353455696435,49.802158824660246,112.490752718363,147.84880409384039,219.14199829101562,133.59800720214844,268.9440002441406,133.47300720214844
70.35000000000001,11.90167405370683,29.23293726715106,30.02436066499019,50.0481602505653,112.65475418320702,148.25880776195746,219.30599975585938,133.59800720214844,269.35400390625,133.47300720214844
70.4,12.032317801007451,30.815819768113315,30.024364098432905,50.305163237525875,112.82176162949612,148.68281899807238,219.47300720214844,133.59800720214844,269.77801513671875,133.47300720214844
70.45,12.166957820596254,29.232971598718322,30.024371307799175,50.548143447745275,112.98976089707426,149.09379922866972,219.64100646972656,133.59800720214844,270.1889953613281,133.47300720214844
70.5,12.32946191587774,30.815819768511286,30.024374741234674,50.801151109861344,113.15976195928941,149.5168033847334,219.81100463867188,133.5989990234375,270.61199951171875,133.47300720214844
70.55,12.521377634589777,29.232971598184676,30.024381950667674,51.03917223155855,113.33275085089247,149.92781413290194,219.98399353027344,133.5989990234375,271.02301025390625,133.47300720214844
70.60000000000001,12.728450235672716,30.815819768905083,30.024385384096327,51.28714206102085,113.50876098273264,150.3517948514527,220.16000366210938,133.5989990234375,271.4469909667969,133.47300720214844
70.65,12.937502041584546,29.232971597780768,30.02438881701132,51.51915125151807,113.68675475715197,150.7617985195443,220.33799743652344,133.5989990234375,271.85699462890625,133.47300720214844
70.7,13.138058323189318,30.81581976925318,30.02438881720761,51.76216200313588,113.86775451301602,151.18580975568472,220.5189971923828,133.5989990234375,272.281005859375,133.47300720214844
70.75,13.323026041615496,29.23297159751366,30.02439225018538,51.9881592610982,114.05176025032317,151.59581342376998,220.7030029296875,133.5989990234375,272.6910095214844,133.47300720214844
70.8,13.489454318874923,30.815819769644794,30.024392250377606,52.22514282153115,114.238756710285,152.0197941423392,220.88999938964844,133.5989990234375,273.114990234375,133.47300720214844
70.85000000000001,13.624885698168525,29.232971597388307,30.02439568340133,52.44714230003237,114.42676025032408,152.42979781041765,221.0780029296875,133.5989990234375,273.5249938964844,133.47300720214844
70.9,13.708513938155722,30.815819769949552,30.024395683584952,52.68015859869074,114.61775451302157,152.8538090465705,221.2689971923828,133.5989990234375,273.9490051269531,133.47300720214844
70.95,13.752326166538849,29.23297159717935,30.024395683431056,52.900156839620394,114.80775695443702,153.26381391427634,221.45899963378906,133.5989990234375,274.3590087890625,133.4739990234375
71.0,13.787425716374566,30.815857535805232,30.024399460160446,53.13213794401671,114.99976093836106,153.68779463285836,221.6510009765625,133.60000610351562,274.7829895019531,133.4739990234375
71.05,13.833254100272528,29.23297159698419,30.0243994600404,53.352153807057995,115.19075520107096,154.09880538099316,221.8419952392578,133.60000610351562,275.1940002441406,133.4739990234375
71.10000000000001,13.904714114737008,30.815857536156354,30.024403236765522,53.582148896128174,115.38376362393197,154.52180953709342,222.03500366210938,133.60000610351562,275.61700439453125,133.4739990234375
71.15,14.010049801247995,29.232971596784086,30.024403236665854,53.79915879626684,115.57776386807576,154.9328202852216,222.22900390625,133.60000610351562,276.02801513671875,133.4739990234375
71.2,14.148650072520322,30.81581977097395,30.02440323683793,54.027139741207115,115.77376301358366,155.35680100380836,222.4250030517578,133.60000610351562,276.4519958496094,133.4739990234375
71.25,14.315257728967074,29.233009362344365,30.024407013321003,54.239144781832444,115.9717610604596,155.76680467187435,222.6230010986328,133.60000610351562,276.86199951171875,133.4739990234375
71.3,14.494717689544148,30.815857536811933,30.024410790037713,54.463158462278635,116.17175800870575,156.19081590804032,222.822998046875,133.60000610351562,277.2860107421875,133.4739990234375
71.35000000000001,14.685229222052671,29.233009362048282,30.024414566503708,54.67015864252889,116.37476093839902,156.60081957610615,223.0260009765625,133.60000610351562,277.6960144042969,133.4739990234375
71.4,14.889961228532105,30.8158197716598,30.024414566674732,54.888145126615555,116.5807545907502,157.02480029469407,223.23199462890625,133.60000610351562,278.1199951171875,133.4739990234375
71.45,15.093937875872923,29.2329715967092,30.02441456662772,55.09014044564099,116.78876240325731,157.43480396275274,223.44000244140625,133.60000610351562,278.5299987792969,133.4739990234375
71.5,15.27796917336425,30.815819771994644,30.024410790246662,55.30315485488548,116.99976326948695,157.85881519891788,223.6510009765625,133.6009979248047,278.9540100097656,133.4739990234375
71.55,15.448717314176632,29.232971596774526,30.024410790225694,55.500130045106395,117.21376778609061,158.26979542945,223.86500549316406,133.6009979248047,279.364990234375,133.4739990234375
71.60000000000001,15.623641985186087,30.815857537781493,30.02441079038821,55.707145496601946,117.42975594527105,158.69279958556356,224.08099365234375,133.6009979248047,279.7879943847656,133.4739990234375
71.65,15.796189142506323,29.233009362413597,30.02441456695116,55.90015341936906,117.64775826460739,159.1038103336732,224.2989959716797,133.6009979248047,280.1990051269531,133.4739990234375
71.7,15.96445335150689,30.815857538061326,30.024418343659896,56.10214874980868,117.86876656538873,159.52681448979928,224.52000427246094,133.6009979248047,280.62200927734375,133.4739990234375
71.75,16.128434617217483,29.233009362549183,30.024418343680377,56.290136550751846,118.09175850874811,159.93779472032375,224.7429962158203,133.6009979248047,281.0329895019531,133.4739990234375
71.8,16.28697772424329,30.81585753835066,30.02441834383425,56.48814935446709,118.31775643355283,160.3618059565069,224.968994140625,133.6009979248047,281.4570007324219,133.4739990234375
71.85000000000001,16.439905705755603,29.233009362748017,30.024418343904223,56.67114755044315,118.54476143843576,160.77180962454634,225.1959991455078,133.6009979248047,281.86700439453125,133.4739990234375
71.9,16.58926995970029,30.81585753867995,30.02442212060624,56.86513205060661,118.77475716597509,161.1957903431528,225.42599487304688,133.6009979248047,282.2909851074219,133.4739990234375
71.95,16.737410270468715,29.233009362985324,30.02442589723385,57.044130226639716,119.00575997359253,161.60579524802043,225.65699768066406,133.6009979248047,282.70098876953125,133.47500610351562
72.0,16.88515407033243,30.81585753893428,30.024429673927813,57.23413443217561,119.23977092967998,162.02980648421018,225.89100646972656,133.6020050048828,283.125,133.47500610351562
72.05,17.03322230921539,29.23300936302677,30.02443345055304,57.408145235307025,119.47576336132084,162.4398101522496,226.1269989013672,133.6020050048828,283.5350036621094,133.47500610351562
72.10000000000001,17.18226214695872,30.815857539245233,30.024433450699416,57.59414942054825,119.71376995311788,162.86382138843985,226.36500549316406,133.6020050048828,283.9590148925781,133.47500610351562
72.15,17.332489902264932,29.233009363377114,30.024433450795765,57.766130814956234,119.95276836620388,163.2748016189657,226.60400390625,133.6020050048828,284.3699951171875,133.47500610351562
72.2,17.48394159565943,30.81585753950704,30.024433450940336,57.94714539375104,120.19475750194614,163.69780577509212,226.8459930419922,133.6020050048828,284.7929992675781,133.47500610351562
72.25,17.636474764693684,29.233009363427815,30.024433451028198,58.11415243986003,120.4387607978446,164.10881652319463,227.08999633789062,133.6020050048828,285.2040100097656,133.47500610351562
72.3,17.78976153144184,30.815857539829278,30.02443345117606,58.29112345434778,120.68577007518834,164.53279724180683,227.33700561523438,133.6020050048828,285.62799072265625,133.47500610351562
72.35000000000001,17.943374443077616,29.233009363743523,30.02443345127561,58.453125634157324,120.93377117382116,164.94280090984643,227.5850067138672,133.6020050048828,286.0379943847656,133.47500610351562
72.4,18.09688268183118,30.81585754008673,30.024433451416286,58.6261446370929,121.18476302991527,165.36681214603684,227.83599853515625,133.6020050048828,286.4620056152344,133.47500610351562
72.45,18.24980655072334,29.2330093638223,30.02443345149998,58.78414902845334,121.4367619611639,165.77681581407694,228.08799743652344,133.6020050048828,286.87200927734375,133.47500610351562
72.5,18.401870220130437,30.815857540407574,30.024433451647315,58.95312661123946,121.69176877748583,166.20079653269028,228.34300231933594,133.60299682617188,287.2959899902344,133.47500610351562
72.55,18.553069427702145,29.23300936410881,30.024433451755517,59.1061261289972,121.94877256185237,166.6108002007294,228.60000610351562,133.60299682617188,287.70599365234375,133.47500610351562
72.60000000000001,18.703585568487398,30.815857540660183,30.02443345189701,59.27114954738767,122.20775998878405,167.03481143691948,228.85899353027344,133.60299682617188,288.1300048828125,133.47500610351562
72.65,18.853598739520105,29.233009364118015,30.0244334519711,59.421127835550564,122.46876157629828,167.44579166744518,229.1199951171875,133.60299682617188,288.5409851074219,133.47500610351562
72.7,19.004545741612887,30.815819775489462,30.024429675569344,59.581131127877505,122.73176206533618,167.86879582357142,229.38299560546875,133.60299682617188,288.9639892578125,133.47500610351562
72.75,19.146386073793618,29.23300936443527,30.024429675670085,59.72714214365725,122.99676145568525,168.27980657167376,229.6479949951172,133.60299682617188,289.375,133.47500610351562
72.8,19.280450155387935,30.8158575412345,30.02442967581061,59.883149807088024,123.26376164653564,168.70281072779883,229.9149932861328,133.60400390625,289.7980041503906,133.47500610351562
72.85000000000001,19.43723018217999,29.233009364494933,30.02442967588575,60.025147768820155,123.53277409810208,169.1138214759017,230.1840057373047,133.60400390625,290.2090148925781,133.47500610351562
72.9,19.625329852080586,30.81581977605672,30.024425899482754,60.17714021696294,123.80476201338851,169.53780219451423,230.45599365234375,133.60400390625,290.63299560546875,133.47500610351562
72.95,19.834562769146284,29.23300936482402,30.024425899582923,60.31314149158248,124.07876408872417,169.94780586255416,230.72999572753906,133.60400390625,291.0429992675781,133.47500610351562
73.0,20.054054182874246,30.815857541823593,30.024425899724527,60.460142222388356,124.35577214544082,170.37181825874748,231.0070037841797,133.60400390625,291.4670104980469,133.4759979248047
73.05,20.27361771242156,29.233009364864074,30.024425899800054,60.5891549948974,124.63676274606725,170.78182192678642,231.28799438476562,133.60400390625,291.87701416015625,133.4759979248047
73.10000000000001,20.4850101879252,30.81585754213297,30.024425899947328,60.730130633569445,124.91976750683207,171.20580264539848,231.5709991455078,133.60400390625,292.3009948730469,133.4759979248047
73.15,20.68157106985623,29.23300936521446,30.024425900056976,60.854140631284935,125.205764710039,171.6158063134379,231.85699462890625,133.60499572753906,292.71099853515625,133.4759979248047
73.2,20.846486179753057,30.815857542379383,30.024429676745967,60.989150094659365,125.49476617489437,172.0398175496283,232.14599609375,133.60499572753906,293.135009765625,133.4759979248047
73.25,20.951065716159196,29.233009365232757,30.02442967682572,61.11012150384513,125.78477471983074,172.45079778015432,232.43600463867188,133.60499572753906,293.5459899902344,133.4759979248047
73.3,20.99541782507555,30.81581977721761,30.024425900424028,61.241133175866544,126.0767669073533,172.8738019362809,232.72799682617188,133.60499572753906,293.968994140625,133.4759979248047
73.35000000000001,21.01658701214122,29.23300936558486,30.02442590053302,61.361143285684655,126.36776727359285,173.28481268438358,233.0189971923828,133.60499572753906,294.3800048828125,133.4759979248047
73.4,21.048086784390943,30.81581977747792,30.02442590067514,61.49212444255867,126.66076654119787,173.70879340299578,233.31199645996094,133.60499572753906,294.8039855957031,133.4759979248047
73.45,21.106441272188377,29.233009365654635,30.024425900758207,61.61012039881376,126.95277398750535,174.1187970710354,233.60400390625,133.60499572753906,295.2139892578125,133.4759979248047
73.5,21.202346710133487,30.81585754329421,30.024425900905264,61.74014236877805,127.24676680127469,174.54280830722598,233.8979949951172,133.6060028076172,295.63800048828125,133.4759979248047
73.55,21.331549326246364,29.23300936594814,30.02442590101367,61.85414052919554,127.5427720502994,174.95281197526455,234.19400024414062,133.6060028076172,296.0480041503906,133.4759979248047
73.60000000000001,21.47742201246106,30.81581977805354,30.024422124605728,61.98112389226476,127.8397691206119,175.37679269387644,234.49099731445312,133.6060028076172,296.47198486328125,133.4759979248047
73.65,21.629198143360835,29.233009366012574,30.024422124685543,62.09112426067683,128.1397721723704,175.78679636191572,234.79100036621094,133.6060028076172,296.8819885253906,133.4759979248047
73.7,21.791665358997527,30.81585754388389,30.024422124835997,62.2141403493863,128.44076704541845,176.2108075981122,235.0919952392578,133.6060028076172,297.3059997558594,133.4759979248047
73.75,21.970730514791498,29.233009366556946,30.024422124968414,62.32014292556893,128.7457749799909,176.6218183462154,235.39700317382812,133.6060028076172,297.7170104980469,133.4759979248047
73.8,22.155338644744717,30.815819778640655,30.02442212511072,62.4371470663951,129.0517747358532,177.04482250234776,235.7030029296875,133.6060028076172,298.1400146484375,133.4759979248047
73.85000000000001,22.33713837727732,29.23300936658306,30.024422125210542,62.53813158314068,129.36177388108612,177.4558027328736,236.01300048828125,133.60699462890625,298.5509948730469,133.4759979248047
73.9,22.509362838260838,30.815819778908146,30.02442212535356,62.650130849995485,129.6727785197597,177.87880688900609,236.32400512695312,133.60699462890625,298.9739990234375,133.4759979248047
73.95,22.66783378962261,29.233009366896777,30.024422125477777,62.74714601871059,129.98677388108848,178.289817637103,236.63800048828125,133.60699462890625,299.385009765625,133.4759979248047
74.0,22.81057367816382,30.815857544689862,30.024422125617342,62.85513014358896,130.30276814378388,178.71379955177142,236.95399475097656,133.60699462890625,299.8089904785156,133.4770050048828
74.05,22.937906949640745,29.23300936713705,30.024422125736237,62.94712518600195,130.62077656663553,179.12380321979828,237.27200317382812,133.60699462890625,300.218994140625,133.4770050048828
74.10000000000001,23.05389854456599,30.81585754497581,30.024425902428465,63.051144130006065,130.94076863206573,179.547814455989,237.5919952392578,133.60699462890625,300.64300537109375,133.4770050048828
74.15,23.16488619869335,29.233009367416496,30.024425902568858,63.14015053867339,131.26176935734165,179.95781812401586,237.91299438476562,133.60800170898438,301.0530090332031,133.4770050048828
74.2,23.27659483827404,30.815857545250292,30.024425902705495,63.24212480725293,131.5837755829285,180.38179884262888,238.23500061035156,133.60800170898438,301.47698974609375,133.4770050048828
74.25,23.393810370097956,29.23300936767405,30.02442590281721,63.32713133860491,131.9087725311715,180.79180251065574,238.55999755859375,133.60800170898438,301.8869934082031,133.4770050048828
74.3,23.520242405183573,30.815857545535984,30.024429679506746,63.425138331779415,132.2347765594922,181.21581374684646,238.88600158691406,133.60800170898438,302.3110046386719,133.4770050048828
74.35000000000001,23.657437616335912,29.233009367957177,30.02442967964415,63.508115449557216,132.56277948917975,181.62679397735926,239.21400451660156,133.60800170898438,302.72198486328125,133.4770050048828
74.4,23.80478661344112,30.81585754581381,30.02443345633472,63.60212464966889,132.89177424015634,182.0497981334855,239.54299926757812,133.60800170898438,303.1449890136719,133.4770050048828
74.45,23.960126450864703,29.23300936821688,30.024433456466728,63.6811344916694,133.22377497257838,182.46080888157596,239.875,133.60800170898438,303.5559997558594,133.4770050048828
74.5,24.120289981266914,30.815857546093724,30.02443345660712,63.77114794364697,133.55777607898523,182.88482011776668,240.20899963378906,133.60899353027344,303.9800109863281,133.4770050048828
74.55,24.281893764860875,29.233009368462316,30.024433456739644,63.84414583395929,133.8947816942201,183.29482378579354,240.54600524902344,133.60899353027344,304.3900146484375,133.4770050048828
74.60000000000001,24.44184273121911,30.81585754637584,30.02443345687965,63.93012892722141,134.23277913074395,183.71880450440656,240.88400268554688,133.60899353027344,304.8139953613281,133.4770050048828
74.65,24.58713868526327,29.23300936872682,30.02443345701068,63.99912902407498,134.57378254871293,184.12880817243342,241.22500610351562,133.60899353027344,305.2239990234375,133.4770050048828
74.7,24.717781617721503,30.815857546647464,30.024433457150394,64.08015302229475,134.9167696092598,184.5528194086304,241.5679931640625,133.60899353027344,305.64801025390625,133.4770050048828
74.75,24.8529632641028,29.233009368976642,30.02443345728065,64.14614714475026,135.2607790086739,184.9628230766637,241.91200256347656,133.60899353027344,306.0580139160156,133.4770050048828
74.8,24.992714536683568,30.8158575469223,30.02443345741928,64.22413465114396,135.60677205066614,185.386803795283,242.25799560546875,133.60899353027344,306.48199462890625,133.4770050048828
74.85000000000001,25.13786628578258,29.233009369224117,30.024433457545978,64.28514123631813,135.955772527128,185.7968074633163,242.60699462890625,133.61000061035156,306.8919982910156,133.4770050048828
74.9,25.28816615614421,30.815819781722006,30.024429681136798,64.35914620546599,136.30577863064363,186.22081869950702,242.95700073242188,133.61000061035156,307.3160095214844,133.4770050048828
74.95,25.442534417681376,29.233009369525252,30.024429681267634,64.41712947982458,136.65877545681553,186.6317989300198,243.30999755859375,133.61000061035156,307.72698974609375,133.4770050048828
75.0,25.59949476244827,30.815857547515833,30.024429681409845,64.48612753955558,137.01277936306565,187.0548042489102,243.66400146484375,133.61000061035156,308.1499938964844,133.47799682617188
75.05,25.746914170679915,29.233009369813175,30.024429681544934,64.54014353937323,137.36977399197195,187.46581499700065,244.02099609375,133.61000061035156,308.5610046386719,133.47799682617188
75.10000000000001,25.874426007622606,30.81585754778108,30.024429681685454,64.60511532782736,137.72878278103445,187.88979571561367,244.3800048828125,133.61000061035156,308.9849853515625,133.47799682617188
75.15,26.0004632655073,29.233009370078847,30.024429681820656,64.65511827489898,138.0887833913862,188.29979938364053,244.74000549316406,133.61000061035156,309.3949890136719,133.47799682617188
75.2,26.14111405216161,30.815857548067328,30.02442968196264,64.71713189553427,138.45078426181905,188.72381061983126,245.1020050048828,133.61099243164062,309.8190002441406,133.47799682617188
75.25,26.294835151932002,29.233009370343947,30.024429682099374,64.76214522789894,138.81577449619405,189.13381428785812,245.4669952392578,133.61099243164062,310.22900390625,133.47799682617188
75.3,26.459463633657965,30.815857548349744,30.02442968224212,64.82015902207982,139.1817718106473,189.55782552404884,245.83299255371094,133.61099243164062,310.65301513671875,133.47799682617188
75.35000000000001,26.63118342985743,29.233009370624462,30.024429682382152,64.86112878414706,139.550775106546,189.967798674498,246.20199584960938,133.61099243164062,311.06298828125,133.47799682617188
75.4,26.80556741403441,30.815857548622223,30.024433459072174,64.91313062842909,139.92278438389022,190.39180991068872,246.57400512695312,133.61099243164062,311.48699951171875,133.47799682617188
75.45,26.978511159987818,29.23300937082949,30.0244334592026,64.95114226180057,140.2957868420482,190.80282065877918,246.94700622558594,133.61199951171875,311.89801025390625,133.47799682617188
75.5,27.14663122405419,30.815857548911644,30.024433459342184,64.99815449130875,140.67177866333753,191.22582481490542,247.322998046875,133.61199951171875,312.3210144042969,133.47799682617188
75.55,27.307982670623634,29.23300937113514,30.02443345947438,65.03013684486312,141.05077646607202,191.6368050454182,247.70199584960938,133.61199951171875,312.73199462890625,133.47799682617188
75.60000000000001,27.461523520333845,30.815857549200565,30.02443345961633,65.07414309954002,141.43078134888455,192.06081628160894,248.08200073242188,133.61199951171875,313.156005859375,133.47799682617188
75.65,27.60721599969444,29.23300937135538,30.02443345974398,65.10115109855369,141.81377695435333,192.4708199496358,248.46499633789062,133.61199951171875,313.5660095214844,133.47799682617188
75.7,27.747003334160883,30.815857549479638,30.02443345988521,65.1401219636945,142.19878671997841,192.89480066824882,248.85000610351562,133.61199951171875,313.989990234375,133.47799682617188
75.75,27.874695373579783,29.233009371685586,30.024433460019374,65.16414132521842,142.58477436189187,193.30480433627568,249.23599243164062,133.61300659179688,314.3999938964844,133.47799682617188
75.8,27.973982585717295,30.815857549767394,30.024433460161134,65.20015199054009,142.97277485017395,193.72881557247266,249.62399291992188,133.61300659179688,314.8240051269531,133.47799682617188
75.85000000000001,28.04738667514498,29.23300937193517,30.024433460292205,65.22114803889988,143.36178241853548,194.13881924050597,250.01300048828125,133.61300659179688,315.2340087890625,133.47799682617188
75.9,28.108767573214894,30.815857550049817,30.024433460434967,65.25512928974744,143.75178180818708,194.56279995912524,250.4029998779297,133.61300659179688,315.6579895019531,133.47799682617188
75.95,28.169247231843666,29.23300937225913,30.024433460577928,65.27412644109324,144.14278827791708,194.97280362715856,250.79400634765625,133.61300659179688,316.0679931640625,133.47799682617188
76.0,28.25287542828512,30.815819784849378,30.0244296841717,65.30614137043364,144.5347878236699,195.39681486335553,251.18600463867188,133.61399841308594,316.49200439453125,133.47799682617188
76.05,28.37163929704893,29.23300937247545,30.024429684305733,65.32415987194274,144.92777793597506,195.8078268452508,251.57899475097656,133.61399841308594,316.90301513671875,133.47900390625
76.10000000000001,28.524423051691826,30.81585755063417,30.024429684449093,65.35112209504548,145.32378928851418,196.2308004837993,251.97500610351562,133.61399841308594,317.32598876953125,133.47900390625
76.15,28.707194362517196,29.233009372773182,30.02442968459087,65.36514489191045,145.72077720355458,196.64181123188976,252.3719940185547,133.61399841308594,317.73699951171875,133.47900390625
76.2,28.913584637987913,30.815857550899935,30.0244296847329,65.3881550971494,146.12177818012043,197.06582246808048,252.7729949951172,133.61399841308594,318.1610107421875,133.47900390625
76.25,29.11921444958877,29.233009373047274,30.02442968486907,65.39516095269356,146.52477931637847,197.47582613610734,253.17599487304688,133.61500549316406,318.5710144042969,133.47900390625
76.3,29.31170874862761,30.815857551191797,30.024429685011512,65.41313576773922,146.9307851757568,197.89980685472037,253.58200073242188,133.61500549316406,318.9949951171875,133.47900390625
76.35000000000001,29.518131652918985,29.233009373309386,30.024429685148938,65.414142845265,147.33978175779072,198.30981052274723,253.99099731445312,133.61500549316406,319.4049987792969,133.47900390625
76.4,29.74557965835125,30.815857551489625,30.024429685292915,65.4261514867013,147.75178432127012,198.73382175893795,254.4029998779297,133.61500549316406,319.8290100097656,133.47900390625
76.45,29.98130862680218,29.233009373569864,30.02442968542399,65.42116187308072,148.16677760740603,199.1438254269648,254.8179931640625,133.61500549316406,320.239013671875,133.47900390625
76.5,30.21534502912671,30.81585755177278,30.024433462116328,65.42714537505557,148.5847780516732,199.5678061455841,255.23599243164062,133.61599731445312,320.6629943847656,133.47900390625
76.55,30.438831130754295,29.23300937376713,30.02443346224549,65.41614381187841,149.00679038077652,199.978816893681,255.6580047607422,133.61599731445312,321.0740051269531,133.47900390625
76.60000000000001,30.645185415721986,30.815857552059096,30.024433462387982,65.41515199316001,149.43078635245698,200.40182104980724,256.0820007324219,133.61599731445312,321.49700927734375,133.47900390625
76.65,30.831053615327566,29.233009374124723,30.02443346252313,65.39913029939628,149.85778830558203,200.81280128032003,256.5090026855469,133.61599731445312,321.9079895019531,133.47900390625
76.7,30.99722880690784,30.815819786838066,30.024429686116946,65.39214178973023,150.28778098136337,201.23580543644627,256.9389953613281,133.61599731445312,322.33099365234375,133.47900390625
76.75,31.146086727408687,29.233009374338927,30.024429686246112,65.37114785989328,150.71978899113586,201.64681618453673,257.3710021972656,133.61700439453125,322.74200439453125,133.47900390625
76.80000000000001,31.281482928856565,30.81581978713023,30.024425909839955,65.3611381169602,151.1537794696529,202.07079690314976,257.80499267578125,133.61700439453125,323.1659851074219,133.47900390625
76.85000000000001,31.41032850807314,29.2330093746741,30.024425909976422,65.33614427581011,151.58877702824856,202.48080057117662,258.239990234375,133.61700439453125,323.57598876953125,133.47900390625
76.9,31.474299785768135,30.815857552914643,30.024425910118925,65.32314381691289,152.0257887470015,202.90481180736734,258.677001953125,133.61700439453125,324.0,133.47900390625
76.95,31.447372849120207,29.233009374953788,30.024425910257314,65.29613792386596,152.46280159125732,203.3148154753942,259.114013671875,133.6179962158203,324.4100036621094,133.47900390625
77.0,31.420552248452434,30.815857553208104,30.02442591040085,65.28316798291459,152.89978279244554,203.73882671159117,259.5509948730469,133.6179962158203,324.8340148925781,133.47900390625
77.05000000000001,31.393769376393525,29.23300937515741,30.02442591053988,65.25713444243868,153.3357874311331,204.1488010617761,259.98699951171875,133.6179962158203,325.2439880371094,133.47999572753906
77.10000000000001,31.366983061919413,30.815819788019848,30.024422134135953,65.24514106141513,153.7717920698173,204.57281229797343,260.4230041503906,133.6179962158203,325.6679992675781,133.47999572753906
77.15,31.340272301771353,29.2330093753323,30.024422134256714,65.2211564369382,154.2067907941844,204.98382304607068,260.8580017089844,133.61900329589844,326.0790100097656,133.47999572753906
77.2,31.313523793962354,30.81585755377215,30.02442591095012,65.20916305633664,154.64178835278454,205.40682720219726,261.2929992675781,133.61900329589844,326.50201416015625,133.47999572753906
77.25,31.286847406691404,29.23300937560629,30.02442591107686,65.18514577656646,155.0767859113825,205.8178074327104,261.7279968261719,133.61900329589844,326.9129943847656,133.47999572753906
77.30000000000001,31.260205373570265,30.815819788544882,30.024425911218326,65.17516655157047,155.51077638990083,206.24181866890146,262.1619873046875,133.61900329589844,327.3370056152344,133.47999572753906
77.35000000000001,31.23356678935916,29.233009375845732,30.024425911335488,65.15114927186426,155.94479738599617,206.65182233692866,262.59600830078125,133.61900329589844,327.74700927734375,133.47999572753906
77.4,31.438190458046517,30.81581978882478,30.024422134926503,65.14114165343082,156.37878899784104,207.07580305554202,263.0299987792969,133.6199951171875,328.1709899902344,133.47999572753906
77.45,32.60073977452657,29.233009376118513,30.024422135042975,65.10415443390961,156.8257799648088,207.48580672356923,263.47698974609375,133.6199951171875,328.58099365234375,133.47999572753906
77.5,33.664756014704885,30.815857554611263,30.024422135183293,65.0671672152827,157.28677850036738,207.9098179597603,263.93798828125,133.6199951171875,329.0050048828125,133.47999572753906
77.55000000000001,34.549709434931515,29.23300937641422,30.024422135308974,65.00115784645094,157.7627916843312,208.3198216277875,264.41400146484375,133.6199951171875,329.4150085449219,133.47999572753906
77.60000000000001,35.17510096442341,30.815819789393373,30.024422135446326,64.94015334991686,158.24777703608495,208.74380234640086,264.89898681640625,133.6199951171875,329.8389892578125,133.47999572753906
77.65,35.521350531808054,29.233009376685565,30.024422135581652,64.85916206724107,158.73978246135064,209.1548130944917,265.3909912109375,133.62100219726562,330.25,133.47999572753906
77.7,35.58266237059725,30.815857555186547,30.024422135723093,64.78814783138111,159.23380101604124,209.57781725061827,265.885009765625,133.62100219726562,330.6730041503906,133.47999572753906
77.75,35.47797345086073,29.233009376956357,30.0244221358581,64.70617781044149,159.72678197313277,209.9888279987091,266.37799072265625,133.62100219726562,331.0840148925781,133.47999572753906
77.80000000000001,35.31510778170575,30.815857555467762,30.024425912550385,64.63815646208548,160.21878736749275,210.41280871732246,266.8699951171875,133.6219940185547,331.50799560546875,133.47999572753906
77.85000000000001,35.14849942560997,29.233009377226697,30.024425912688486,64.55914664272198,160.7078010395182,210.82281238534966,267.3590087890625,133.6219940185547,331.9179992675781,133.47999572753906
77.9,35.0347042045523,30.815857555756754,30.02442968938168,64.4961585143232,161.19480055135915,211.24682362154073,267.84600830078125,133.6219940185547,332.3420104980469,133.47999572753906
77.95,35.01454340708777,29.2330093774941,30.02442968951924,64.4201721564738,161.6807940265098,211.65682728956793,268.3320007324219,133.6230010986328,332.75201416015625,133.47999572753906
78.0,35.111596665105104,30.815857556045977,30.024429689662707,64.35715351343178,162.16779353825152,212.0808080081813,268.8190002441406,133.6230010986328,333.1759948730469,133.47999572753906
78.05000000000001,35.31697867946655,29.233009377777858,30.024429689799074,64.27817421607985,162.65778377262794,212.49181875627212,269.3089904785156,133.6230010986328,333.5870056152344,133.47999572753906
78.10000000000001,35.605589252174845,30.815857556326396,30.024433466492383,64.20917190823029,163.1497881671626,212.91482411121532,269.8009948730469,133.6230010986328,334.010009765625,133.4810028076172
78.15,35.96519232698464,29.23300937802829,30.024433466626654,64.12213819223525,163.64780551222762,213.32580434172846,270.29901123046875,133.62399291992188,334.4209899902344,133.4810028076172
78.2,36.376565231562054,30.81585755661151,30.024433466769146,64.04215181951801,164.1507962349134,213.74880849785504,270.802001953125,133.62399291992188,334.843994140625,133.4810028076172
78.25,36.804606625337065,29.23300937830346,30.024433466903854,63.94416012042463,164.65979892049646,214.15981924594587,271.3110046386719,133.62399291992188,335.2550048828125,133.4810028076172
78.30000000000001,37.200605838503805,30.81585755689232,30.02443346704631,63.854135753920886,165.173807475456,214.58379996455923,271.82501220703125,133.625,335.6789855957031,133.4810028076172
78.35000000000001,37.479968048473765,29.233009378558393,30.024433467179477,63.74515775962559,165.69278940906293,214.99380363258643,272.343994140625,133.625,336.0889892578125,133.4810028076172
78.4,37.59192596464896,30.815857557177715,30.024433467321575,63.64716606708885,166.2147925828912,215.4178148687775,272.8659973144531,133.625,336.51300048828125,133.4810028076172
78.45,37.572487113883525,29.233009378842816,30.024433467456447,63.5351691325303,166.73679672818815,215.8278185368047,273.38800048828125,133.62600708007812,336.9230041503906,133.4810028076172
78.5,37.47780531560963,30.815819791954876,30.024429691047338,63.43815400509848,167.25779282196999,216.25179925541806,273.90899658203125,133.62600708007812,337.34698486328125,133.4810028076172
78.55000000000001,37.3359678582318,29.23300937910603,30.024429691180153,63.32917601835141,167.7777818356913,216.6628100035089,274.4289855957031,133.62600708007812,337.75799560546875,133.4810028076172
78.60000000000001,37.17684392924363,30.81581979223614,30.024425914771125,63.23515388945909,168.2948115956494,217.08581415963548,274.9460144042969,133.6269989013672,338.1809997558594,133.4810028076172
78.65,37.02672529640335,29.233009379373875,30.024425914905684,63.131180777932784,168.80979572655608,217.4968249077263,275.46099853515625,133.6269989013672,338.5920104980469,133.4810028076172
78.7,36.88668320383319,30.815819792517633,30.0244221384963,63.04216124126935,169.32279621487103,217.92080562633967,275.9739990234375,133.6269989013672,339.0159912109375,133.4810028076172
78.75,36.763924049359794,29.233009379641878,30.024422138630143,62.941178846081925,169.83378254301755,218.33080929436687,276.4849853515625,133.6269989013672,339.4259948730469,133.4810028076172
78.80000000000001,36.66888143592723,30.82902039719665,30.025738422660577,62.866171547957656,170.3437933029574,218.76615983769753,276.9949951171875,133.6280059814453,339.8609924316406,133.4810028076172
78.85000000000001,36.60336125052621,29.247424608673146,30.027179945672053,62.77617692126564,170.85279598850846,219.18519237987937,277.5039978027344,133.6280059814453,340.2799987792969,133.4810028076172
78.9,36.56628202700253,30.813358404014448,30.026930030355725,62.69720214563905,171.3607915939779,219.61433437061578,278.0119934082031,133.6280059814453,340.7090148925781,133.4810028076172
78.95,36.534242868632006,29.291327100816563,30.032761802553097,62.60318612106157,171.86781063694664,220.02754663130943,278.5190124511719,133.6280059814453,341.12200927734375,133.4810028076172
79.0,36.50220036075573,30.721411047989392,30.02332092815655,62.52119811378148,172.37479916233735,220.45278849616142,279.0260009765625,133.6280059814453,341.5469970703125,133.4810028076172
79.05000000000001,36.47052179676283,29.352194124372748,30.035239402683224,62.425236975591176,172.88178768772823,220.86407327513467,279.5329895019531,133.6280059814453,341.9580078125,133.4810028076172
79.10000000000001,36.438482782293015,30.176841630366557,29.971341586496266,62.335234014020905,173.3878006226401,221.28042594533665,280.03900146484375,133.62899780273438,342.3739929199219,133.48199462890625
79.15,36.406800847843456,29.232294162949696,29.971270064853847,62.23226432836235,173.8938125855309,221.6837768934959,280.5450134277344,133.62899780273438,342.7770080566406,133.48199462890625
79.2,36.37476187806307,30.703888520504563,29.96007693765254,62.142290027457214,174.39979403084357,222.09992588745308,281.0509948730469,133.62899780273438,343.1929931640625,133.48199462890625
79.25,36.34307997955153,29.328746459622423,29.969650645650596,62.04128935199449,174.90479891365618,222.50396242212955,281.5559997558594,133.62899780273438,343.59698486328125,133.48199462890625
79.30000000000001,36.311401528521216,30.326432485289164,29.91939185445985,61.94631255836002,175.40879671639064,222.91300233804296,282.05999755859375,133.62899780273438,344.0060119628906,133.48199462890625
79.35000000000001,36.279719659125604,9.491161954858258,27.94376558907836,61.7702677068072,175.91279451912504,223.24163094232358,282.5639953613281,133.62899780273438,344.3340148925781,133.5019989013672
79.4,36.248041242245606,10.287529093761108,25.891182658053033,61.297111286816616,176.41679232185945,223.38113877936917,283.0679931640625,133.62899780273438,344.364990234375,133.63800048828125
79.45,34.80408060186386,5.652990660741483,23.52734901404552,60.74619614301604,176.90980379658865,223.45178641788817,283.5610046386719,133.62899780273438,344.3070068359375,133.66299438476562
79.5,33.23462500476229,5.166957338632958,20.971903643109876,60.31423310791773,177.37980609692335,223.49403171285826,284.031005859375,133.6300048828125,344.3450012207031,133.65699768066406
79.55000000000001,31.836095926376718,4.948652898671182,18.53154952053972,59.90430564753878,177.82978778717575,223.5369347447862,284.4809875488281,133.6300048828125,344.385009765625,133.65499877929688
79.60000000000001,30.563782934142868,4.804567621880645,15.994322119691128,59.517329093402445,178.2607875436633,223.58313940312505,284.9119873046875,133.6300048828125,344.4289855957031,133.6580047607422
79.65,29.58400906202109,4.490469825465752,13.520139685942734,59.14839324625294,178.67680316898657,223.6324748511439,285.3280029296875,133.6300048828125,344.47601318359375,133.66400146484375
79.7,28.948646612203184,4.314455201153633,10.881196354007642,58.790425051785974,179.08280902842702,223.68328216267358,285.7340087890625,133.6300048828125,344.52398681640625,133.6699981689453
79.75,28.58911458643156,4.180137048614205,8.36633541290682,58.441529068007135,179.48078876475824,223.73529577969796,286.1319885253906,133.6300048828125,344.572998046875,133.67599487304688
79.80000000000001,28.40425438810163,4.819926949706223,5.815684859348527,58.089599957850496,179.87681665665002,223.7847853354322,286.52801513671875,133.62899780273438,344.61700439453125,133.6909942626953
79.85000000000001,28.348417908563388,4.582872572267614,5.324855921089462,57.74170351262219,180.27079859043516,223.8355297527248,286.9219970703125,133.62899780273438,344.6629943847656,133.7050018310547
79.9,28.353421421139096,4.410597279724691,4.73716273968582,57.39781915825084,180.66380396178258,223.8895154265413,287.31500244140625,133.62899780273438,344.7120056152344,133.72000122070312
79.95,28.353134262185378,4.412728072435463,4.613136480855219,57.05193579444931,181.05781641320033,223.94272073091895,287.7090148925781,133.62899780273438,344.760009765625,133.73399353027344
80.0,28.293661731580674,4.265796898030082,4.523020436794932,56.709093371364496,181.451798346975,223.99929130065686,288.1029968261719,133.62899780273438,344.8110046386719,133.74899291992188
80.05000000000001,28.14372031387794,4.05692537167349,4.433847684095161,56.371279556722,181.84278955801176,224.05844551529316,288.4939880371094,133.62899780273438,344.864013671875,133.76499938964844
80.10000000000001,27.897047814745275,3.7089804200012764,4.324288963907224,56.03846133215614,182.23179712640737,224.1205513121824,288.88299560546875,133.62899780273438,344.9200134277344,133.77999877929688
80.15,27.568259467281404,3.5407637413164434,4.229318355492294,55.7106436340693,182.61680689203766,224.18419550371974,289.26800537109375,133.62899780273438,344.97698974609375,133.79600524902344
80.2,27.19972813926395,11.928846824242735,4.990757517801204,55.5071811150035,182.99681177485044,224.37085251039937,289.64801025390625,133.62899780273438,345.15301513671875,133.8280029296875
80.25,26.832743518787478,2.0921359044557257,4.781957403385356,55.20826841227418,183.3718130864642,224.44750955989534,290.02301025390625,133.6280059814453,345.22900390625,133.8280029296875
80.30000000000001,26.478647256813705,3.1357582222454763,4.613540530639281,54.81055665263362,183.74080112357893,224.49111843510542,290.3919982910156,133.6280059814453,345.20001220703125,133.8560028076172
80.35000000000001,26.182079890965973,2.576282768730083,4.412881550285528,54.60212620885097,184.10679843803447,224.65799559965794,290.75799560546875,133.6280059814453,345.35699462890625,133.87600708007812
80.4,25.93962021076376,2.0839945621746954,4.180221278530529,54.24966950024685,184.46779086967518,224.71655538567333,291.1189880371094,133.6280059814453,345.364990234375,133.92799377441406
80.45,25.774092319734304,18.398171302070597,5.578765601494042,54.196806708718654,184.82679965874004,225.04172405994026,291.4779968261719,133.6280059814453,345.6700134277344,133.90499877929688
80.5,25.655508703766447,19.04554971487782,7.056740883178816,54.20125840551929,185.1837942876554,225.4257451873646,291.8349914550781,133.6280059814453,346.0299987792969,133.85800170898438
80.55000000000001,25.579368410485706,24.40894712172996,9.091943058184464,54.22302327486334,185.53981235407934,225.84676116663172,292.1910095214844,133.6280059814453,346.4049987792969,133.8040008544922
80.60000000000001,25.53332384082681,28.601149936552172,11.581160009839554,54.28299494403772,185.8938162603524,226.33240875947376,292.5450134277344,133.6280059814453,346.8139953613281,133.74099731445312
80.65,25.503516770507872,28.679363532382478,14.095019988946154,54.32129463777229,186.24879811470754,226.81778476975535,292.8999938964844,133.62899780273438,347.20001220703125,133.69500732421875
80.7,25.476912943401004,28.284868838358758,15.730622190357758,54.31955703899976,186.60280202098014,227.29930139551766,293.2539978027344,133.62899780273438,347.5419921875,133.6300048828125
80.75,25.44552151133538,29.188485030389323,18.44025710295112,54.251136035472484,186.95579884716946,227.7546846855618,293.60699462890625,133.62899780273438,347.81298828125,133.5659942626953
80.80000000000001,25.403797785739894,28.179956509623842,20.944676931688957,54.11918388379514,187.30980275343077,228.17208970053974,293.96099853515625,133.62899780273438,348.0190124511719,133.5030059814453
80.85000000000001,25.350698094192797,28.910874547322628,23.57813610954821,53.989634619004995,187.66179249953055,228.58696068231936,294.31298828125,133.62899780273438,348.2229919433594,133.4409942626953
80.9,25.29417718626761,28.305485718555218,26.200285225186263,53.85320994453565,188.01381276320552,228.9914467144604,294.6650085449219,133.62899780273438,348.4179992675781,133.3820037841797
80.95,25.239889588153112,28.661738245737318,27.226641919552936,53.723294093303835,188.3638188667228,229.39771597274986,295.0150146484375,133.62899780273438,348.614990234375,133.32400512695312
81.0,25.191793812169518,28.484319556583642,28.17051890372351,53.59472500950432,188.71480153273933,229.80195565571177,295.3659973144531,133.62899780273438,348.81201171875,133.26400756835938
81.05000000000001,25.153130830922937,28.453144741024506,28.57493866565297,53.473584968152274,189.06380055617768,230.2081051031675,295.7149963378906,133.62899780273438,349.0119934082031,133.2030029296875
81.10000000000001,25.12613052275972,28.51171831859813,28.56599550385756,53.35626726488959,189.41280103264037,230.61772750279795,296.0639953613281,133.6300048828125,349.2130126953125,133.14100646972656
81.15,25.112092375605098,28.43092572231164,28.54115172285048,53.23677926045034,189.7618000560791,231.02793983865587,296.4129943847656,133.6300048828125,349.40899658203125,133.0749969482422
81.2,25.110400096323264,28.475930236374516,28.560257862652055,53.11536209617856,190.11079907951822,231.4395104663796,296.7619934082031,133.6300048828125,349.6000061035156,133.0050048828125
81.25,25.11940059771751,28.47693031972816,28.48910239158594,52.99200271016973,190.45979810295762,231.85159659606484,297.1109924316406,133.6300048828125,349.7860107421875,132.93299865722656
81.30000000000001,25.13750772998716,28.4666819980169,28.517774940425248,52.86671837584846,190.8087971263974,232.26353462361934,297.4599914550781,133.6300048828125,349.9670104980469,132.86099243164062
81.35000000000001,25.15608521611949,28.456676731340583,28.472355158827042,52.73860252731107,191.15779614983703,232.67509992679175,297.8089904785156,133.6300048828125,350.1419982910156,132.78799438476562
81.4,25.16202497199636,28.44692010890643,28.48649859786217,52.60778388899538,191.50679658260282,233.08633732940575,298.1579895019531,133.63099670410156,350.3110046386719,132.71400451660156
81.45,25.148884526321858,28.4374065687413,28.46406543016257,52.47428491022193,191.8568026861188,233.49769348642235,298.50799560546875,133.63099670410156,350.4750061035156,132.63900756835938
81.5,25.111553466626965,28.428193740174702,28.458452848521677,52.34019973771833,192.2058017095563,233.90918948656292,298.85699462890625,133.63099670410156,350.6340026855469,132.56300354003906
81.55000000000001,25.048013149554055,29.897106853275837,28.60284905974681,52.14683195930068,192.55379365291623,234.4590007680395,299.2049865722656,133.63099670410156,350.7030029296875,132.54200744628906
81.60000000000001,24.96132593654335,28.35914697069977,28.587591924956975,51.967565389132595,192.9008104951076,234.88216615190635,299.552001953125,133.6320037841797,350.8009948730469,132.4949951171875
81.65,24.85591727038788,29.04934068330823,28.64943342105663,51.75053443624231,193.24681879589224,235.3932606936785,299.89801025390625,133.6320037841797,350.843994140625,132.61199951171875
81.7,24.740933296289324,28.586900247189842,28.660530422138162,51.52716616717089,193.5908129365217,235.82677352022174,300.24200439453125,133.6320037841797,350.8819885253906,132.59500122070312
81.75,24.619721413629865,28.256344591863105,28.638471849351657,51.28447352129737,193.9337999970733,236.25705283060333,300.5849914550781,133.6320037841797,350.8949890136719,132.572998046875
81.80000000000001,24.488790041160257,28.27552263924334,28.6193559134743,51.02882669829251,194.27480485741827,236.68744292777353,300.9259948730469,133.63299560546875,350.88800048828125,132.55099487304688
81.85000000000001,24.356705086831212,28.619338204830893,28.635622060823334,50.72203864564816,194.61382463281288,237.15488263366927,301.2650146484375,133.63299560546875,350.8169860839844,132.6009979248047
81.9,24.22958972109615,28.299422562139007,28.620872306146588,50.419849095276234,194.95079973047208,237.58676821463825,301.60198974609375,133.63299560546875,350.7489929199219,132.5850067138672
81.95,24.11082568145418,24.86383524372624,28.26351517364508,50.11089514298602,195.28582170312993,238.00464989490936,301.93701171875,133.63299560546875,350.677001953125,132.3979949951172
82.0,24.0095934212956,28.32683727827575,28.253379527455184,49.78546519921852,195.6198060781305,238.42262638143123,302.27099609375,133.63299560546875,350.5769958496094,132.36900329589844
82.05000000000001,23.94209265605599,14.924037397668382,26.756072581894436,49.266229852351735,195.95281541342956,239.87782518815416,302.60400390625,133.63400268554688,350.3760070800781,133.8090057373047
82.10000000000001,23.90519228034231,14.497869191474527,25.36994480397191,49.44443053994669,196.28582322593044,240.7392120850377,302.93701171875,133.63400268554688,351.02099609375,134.0260009765625
82.15,23.878840550148794,5.550455733417106,23.0200563089828,49.101548209425744,196.61681687827658,242.05603753134417,303.26800537109375,133.63400268554688,350.8160095214844,132.94400024414062
82.2,23.84885303577061,69.50072074400194,27.111438358664014,50.372982914863144,196.94881761070144,244.95101599840237,303.6000061035156,133.63400268554688,352.1310119628906,135.24400329589844
82.25,23.802593717016105,59.923877254371206,30.278191624914825,48.84234657517048,197.27981126304718,246.75843700405179,303.9309997558594,133.63400268554688,351.2080078125,135.99000549316406
82.30000000000001,23.732933491995276,109.57985361916846,38.40862472290734,50.654721270784734,197.6097993258396,249.1277737024437,304.260986328125,133.63499450683594,352.9930114746094,136.3300018310547
82.35000000000001,23.638720507395043,18.715211156477064,37.418212018071955,50.15786864392155,197.9388093356052,250.7739702778131,304.5899963378906,133.63499450683594,352.34600830078125,136.70199584960938
82.4,23.52290905549857,28.504481281383658,37.438717889996425,48.70720993887529,198.26580518521507,251.98673038370964,304.9169921875,133.63499450683594,351.2200012207031,137.03799438476562
82.45,23.389960628223463,11.641468445192322,36.116481210143036,48.17259412646534,198.59182447232607,252.66118643665993,305.2430114746094,133.63499450683594,350.85699462890625,136.70199584960938
82.5,23.23998509520811,31.352323588089583,36.41902984112441,47.84131300710954,198.91482251920397,252.94769254959905,305.5660095214844,133.63499450683594,350.7539978027344,136.89500427246094
82.55000000000001,23.08561673214282,34.80657693754627,38.40728379511221,47.56162195853824,199.23681506090568,253.2583438293857,305.88800048828125,133.63600158691406,350.7149963378906,137.17599487304688
82.60000000000001,22.935100450875513,23.620024199033494,39.3194992958681,47.021596820242536,199.55581530504944,253.73761882847722,306.2070007324219,133.63600158691406,350.3529968261719,137.343994140625
82.65,22.766044740739215,17.78887467046555,40.54334118957294,46.46365339605059,199.87280138903677,254.02892318073597,306.52398681640625,133.63600158691406,350.1499938964844,137.3470001220703
82.7,22.574163197097118,25.173117827099816,36.110580897882734,45.858193603378275,200.18780383044674,254.46582963049983,306.8389892578125,133.63600158691406,349.9620056152344,137.19000244140625
82.75,22.37126785983322,12.317041518670996,31.349897324312714,45.381376290542946,200.49981554920126,254.64983049725367,307.1510009765625,133.63600158691406,349.79400634765625,137.17300415039062
82.80000000000001,22.167002605244914,17.496184583066306,22.141530420702495,44.84468499932408,200.8088076195291,254.97123240091534,307.4599914550781,133.63699340820312,349.6319885253906,137.0749969482422
82.85000000000001,21.969435644742823,26.57300160052853,22.92730946510764,44.266855203289865,201.1148073753917,255.43423455542106,307.7659912109375,133.63699340820312,349.4639892578125,136.8090057373047
82.9,21.78273831617012,29.5372219742039,23.030583534389663,43.78292845071477,201.41882348867483,255.90831210204286,308.07000732421875,133.63699340820312,349.3450012207031,136.38400268554688
82.95,21.608426377670135,27.142653933073866,24.58070208317782,43.36162645484847,201.7198183617224,256.31862131878853,308.3710021972656,133.63699340820312,349.27099609375,136.0050048828125
83.0,21.45924225282567,28.921799666166198,24.337649690985483,42.862330672896306,202.01782251211307,256.70583955204637,308.66900634765625,133.63699340820312,349.09100341796875,135.67599487304688
83.05000000000001,21.358514731486025,30.324382850779337,23.88943028230879,42.43499272771141,202.3158266625044,257.1160849456916,308.9670104980469,133.63699340820312,348.9960021972656,135.29600524902344
83.10000000000001,21.30066311935963,30.766176374222173,24.604045499827663,42.0221629199786,202.61181836598914,257.5283253751823,309.26300048828125,133.63800048828125,348.9119873046875,134.91200256347656
83.15,21.26055959951606,30.36213974455309,25.86137200723642,41.621631391483966,202.90683179373187,257.93286433698233,309.5580139160156,133.63800048828125,348.8370056152344,134.53500366210938
83.2,21.21768202869515,30.768490321041945,26.42090925663063,41.22764032909298,203.20181470389755,258.33775680195276,309.8529968261719,133.63800048828125,348.76800537109375,134.15899658203125
83.25,21.14283940428662,25.06969316850217,27.69617442161375,40.841329838130264,203.49582105156,258.7263221411402,310.1470031738281,133.63800048828125,348.6990051269531,133.7969970703125
83.30000000000001,21.021158932954997,26.564325635489215,28.602988526856045,40.46166564520187,203.78882031913966,259.1191464051642,310.44000244140625,133.63800048828125,348.6300048828125,133.42799377441406
83.35000000000001,20.852714437440564,30.644590362610103,29.010147403064206,40.094302432128565,204.07980542656162,259.5586772352102,310.7309875488281,133.63800048828125,348.5840148925781,133.02200317382812
83.4,20.645967099988138,30.600779204592076,29.116503126103026,39.7338909553419,204.36783032890813,259.9975178012652,311.0190124511719,133.63800048828125,348.53399658203125,132.61300659179688
83.45,20.411534191197784,30.556411600380702,29.457878892833712,39.38080153512117,204.65182869654444,260.43608635322124,311.3030090332031,133.63900756835938,348.47900390625,132.2010040283203
83.5,20.161153930022405,30.511503914780178,29.616849317695113,39.03419104567613,204.9338111184307,260.87460803371783,311.5849914550781,133.63900756835938,348.4200134277344,131.78599548339844
83.55000000000001,19.910126514878023,29.731070501446553,29.557518082761835,38.7017972062656,205.21182625516124,261.3021289868052,311.8630065917969,133.63900756835938,348.3590087890625,131.37600708007812
83.60000000000001,19.67151879844666,30.22798136263828,29.50369858160344,38.38053301978551,205.48581307157642,261.72734719049504,312.1369934082031,133.63900756835938,348.29901123046875,130.9669952392578
83.65,19.454509546964374,30.41960204744262,29.509444811892394,38.06519782490883,205.7578162454095,262.1500412665433,312.40899658203125,133.63900756835938,348.23699951171875,130.55999755859375
83.7,19.270153731451373,30.411646743511646,29.473760454139363,37.75925628889666,206.02582161650443,262.5733016027819,312.677001953125,133.63900756835938,348.17498779296875,130.15199279785156
83.75,19.103798352608074,30.403674796175192,30.00715861690667,37.45908735043462,206.29281990752006,262.99625190563387,312.9440002441406,133.63900756835938,348.11199951171875,129.74400329589844
83.80000000000001,18.910981385274503,30.395727474996495,30.39029880085739,37.16876687678205,206.55582226596135,263.4197442375053,313.2070007324219,133.63999938964844,348.04901123046875,129.3350067138672
83.85000000000001,18.682886289833586,30.387805550796905,30.364620319676067,36.884157742904684,206.8168085940864,263.8422041460737,313.4679870605469,133.63999938964844,347.9840087890625,128.927001953125
83.9,18.436250022184822,30.379832987574325,30.342525697974292,36.60856042401887,207.0748347171342,264.2652101562146,313.72601318359375,133.63999938964844,347.91900634765625,128.51800537109375
83.95,18.160922295940452,30.37189117840246,30.324073655776466,36.34199590121072,207.327825439793,264.6881621721246,313.97900390625,133.63999938964844,347.85198974609375,128.10899353027344
84.0,17.82922344202856,30.363960877382947,30.309319352036745,36.08459500361326,207.5778254552177,265.11071985511563,314.22900390625,133.63999938964844,347.7850036621094,127.69999694824219
84.05000000000001,17.4448468354152,30.356032628164876,30.371815564708577,35.83846775272028,207.82181353253313,265.5340402588759,314.4729919433594,133.63999938964844,347.7170104980469,127.29000091552734
84.10000000000001,17.040205267899715,30.348103865105912,30.38382781495534,35.60239284267618,208.06082721374227,265.9561867930492,314.7120056152344,133.63999938964844,347.64801025390625,126.88099670410156
84.15,16.64370146786048,30.340191975757534,30.375886807786834,35.37772356124828,208.2948360040624,266.3789641609807,314.9460144042969,133.63999938964844,347.5790100097656,126.47100067138672
84.2,16.278337306989933,30.33224785713526,30.367946919149194,35.16350623948062,208.5228328302353,266.80172419835213,315.17401123046875,133.63999938964844,347.50799560546875,126.06099700927734
84.25,15.95898189190577,30.32432365045315,30.36001180457699,34.95981243616751,208.74582477390624,267.22431073243325,315.3970031738281,133.63999938964844,347.4360046386719,125.6510009765625
84.30000000000001,15.689449476783476,30.31640054979391,30.35207911205673,34.766935034799964,208.96482123083555,267.6465813885894,315.6159973144531,133.64100646972656,347.364013671875,125.24099731445312
84.35000000000001,15.481656795535248,30.308508163723978,30.34414937334944,34.58260219994439,209.18082464970473,268.068707933778,315.8320007324219,133.64100646972656,347.2909851074219,124.83100128173828
84.4,15.364116814618836,30.300609787787348,30.336227053370738,34.40635962518563,209.39481390845467,268.49068458942935,316.0459899902344,133.64100646972656,347.2170104980469,124.4209976196289
84.45,15.316092858905918,30.29270890342871,30.328308825873364,34.23629795181677,209.60782660466248,268.91273517828574,316.2590026855469,133.64100646972656,347.1409912109375,124.01100158691406
84.5,15.28041647924278,30.28479912186863,30.320392650321928,34.07387155209553,209.82080878315156,269.33547003446245,316.47198486328125,133.64100646972656,347.06500244140625,123.5999984741211
84.55000000000001,15.219001243472983,30.276926310216368,30.312482018527078,33.9203176850247,210.0318378364515,269.75693031015174,316.6830139160156,133.64100646972656,346.989013671875,123.19000244140625
84.60000000000001,15.10347659981988,30.26906116279549,30.304577748296037,33.772422137096484,210.2428363719651,270.17850791761504,316.8940124511719,133.64100646972656,346.9110107421875,122.77999877929688
84.65,14.919589502320317,30.261176547293292,30.296676205449614,33.63419761864781,210.45081366707188,270.6009740481841,317.10198974609375,133.64100646972656,346.8320007324219,122.36900329589844
84.7,14.685445062766759,30.253302180470477,30.28878163778314,33.504167513615336,210.65683783707235,271.0223909832743,317.3080139160156,133.64100646972656,346.75201416015625,121.95899963378906
84.75,14.410694114031173,30.245462280872697,30.28089550082509,33.386530722072585,210.85782660662795,271.44455291132545,317.5090026855469,133.64100646972656,346.6719970703125,121.5479965209961
84.80000000000001,14.075785266861034,30.23761503160386,30.273016949006085,33.27750151542343,211.0558271376288,271.86587756953435,317.7070007324219,133.64199829101562,346.5899963378906,121.13800048828125
84.85000000000001,13.691161574196151,30.229773051632684,30.265143437796958,33.181456437667116,211.2478132216152,272.28795303425215,317.89898681640625,133.64199829101562,346.50799560546875,120.72699737548828
84.9,13.290769058564193,30.221931082734486,30.257275567291675,33.096188776200016,211.43482494037778,272.70902392986966,318.08599853515625,133.64199829101562,346.42498779296875,120.31700134277344
84.95,12.90373265578445,30.214125322960367,30.249417209244836,33.02252790399535,211.61582469625307,273.1312579023908,318.2669982910156,133.64199829101562,346.3399963378906,119.90599822998047
85.0,12.551509166427051,30.20631784347344,30.241569081405316,32.96044330618867,211.79181956931248,273.55230753284815,318.4429931640625,133.64199829101562,346.2550048828125,119.49600219726562
85.05000000000001,12.245617147303923,30.198505191576025,30.233726969541284,32.90772335949401,211.9638166396293,273.9735903251809,318.614990234375,133.64199829101562,346.1679992675781,119.08599853515625
85.10000000000001,11.98490471570968,30.190699567436308,30.225890810005364,32.86605667967145,212.13181590720743,274.39467828458095,318.7829895019531,133.64199829101562,346.08099365234375,118.6760025024414
85.15,11.757420779165594,30.182935951586582,30.21806675043469,32.83375839066982,212.2968244521318,274.815797703004,318.947998046875,133.64199829101562,345.9930114746094,118.26599884033203
85.2,11.546280719012433,30.175159419620027,30.21025247434964,32.81153643463603,212.45783519432806,275.236966215185,319.1090087890625,133.64199829101562,345.90399169921875,117.85600280761719
85.25,11.334277203690291,30.16739505444002,30.202445751706374,32.797852895059165,212.6168317763703,275.6581791466665,319.26800537109375,133.64199829101562,345.8139953613281,117.44599914550781
85.30000000000001,11.107584616421196,30.15962917148973,30.19464716569496,32.79415181746174,212.77183055567673,276.07946364252655,319.4230041503906,133.64199829101562,345.7229919433594,117.03600311279297
85.35000000000001,10.858104836676851,30.151889186905667,30.186858779222263,32.79891569922727,212.92481517482278,276.5008147143879,319.57598876953125,133.64199829101562,345.6310119628906,116.6259994506836
85.4,10.583784796693886,30.1441615428408,30.179081825232892,32.813790313398066,213.07282542873017,276.9212844831191,319.7239990234375,133.64199829101562,345.5379943847656,116.21700286865234
85.45,10.28761310531592,30.136466158090105,30.171315908745868,32.837710482213325,213.21781444240207,277.3418568542458,319.8689880371094,133.64199829101562,345.4440002441406,115.80799865722656
85.5,9.969300457717235,30.12872825764146,30.163556950162672,32.87211250468898,213.35782909084142,277.76252769386167,320.0090026855469,133.64199829101562,345.3489990234375,115.39900207519531
85.55000000000001,9.627336372532985,30.121036394914615,30.15581007049653,32.916905730111,213.49283885647168,278.1833227435521,320.1440124511719,133.64199829101562,345.25299072265625,114.98999786376953
85.60000000000001,9.266112748271766,30.113383008543824,30.148078414607284,32.971206423887075,213.62382030179396,278.60423632093,320.2749938964844,133.64199829101562,345.156005859375,114.58100128173828
85.65,8.893368930019683,30.105721448417118,30.14035696429034,33.03425137511275,213.74982738188538,279.0245656690571,320.4010009765625,133.64199829101562,345.0570068359375,114.1729965209961
85.7,8.518033025572102,30.098056337773723,30.13264665610571,33.1099696802866,213.8698267250612,279.4457709667697,320.52099609375,133.64300537109375,344.9580078125,113.76399993896484
85.75,8.148096724260242,30.09042606167094,30.1249497568288,33.19427780214668,213.9848169594479,279.86616972279427,320.635986328125,133.64300537109375,344.8580017089844,113.35600280761719
85.80000000000001,7.7877365474159905,30.082794727470496,30.11726631242688,33.28746057367043,214.0958399086751,280.286749841397,320.74700927734375,133.64300537109375,344.7569885253906,112.947998046875
85.85000000000001,7.4631969531294065,30.075206139767353,30.10959800771305,33.39027481872106,214.2008203774279,280.7065270036166,320.85198974609375,133.64300537109375,344.6549987792969,112.54100036621094
85.9,7.228008830762417,30.067598721509327,30.101941725579906,33.500892302537714,214.302840641101,281.12650160304923,320.9540100097656,133.64300537109375,344.552001953125,112.13400268554688
85.95,6.839388474190534,30.060002699415495,30.094295379712445,33.6200077670485,214.39982550438253,281.54693622511826,321.0509948730469,133.64300537109375,344.4469909667969,111.72699737548828
86.0,6.471000545256157,30.052466717942263,30.086669225742526,33.74879909946394,214.49183600243038,281.9673202927976,321.14300537109375,133.64300537109375,344.3420104980469,111.31999969482422
86.05000000000001,6.041664239633896,30.044893771042087,30.079054963355276,33.88638154262145,214.5778345375938,282.3869698524046,321.22900390625,133.64300537109375,344.2359924316406,110.91400146484375
86.10000000000001,5.4771123871606155,30.037361029959254,30.071452765496815,34.03325667029158,214.65684454740187,282.80710390694895,321.3080139160156,133.64300537109375,344.12799072265625,110.50800323486328
86.15,5.002308131080707,30.0298459330522,30.063865213960327,34.190502530021774,214.72883551427347,283.22723379925674,321.3800048828125,133.64300537109375,344.0199890136719,110.10199737548828
86.2,4.403160101277439,30.02236433597976,30.056296013780933,34.35587043124873,214.79383795577448,283.64690132111065,321.44500732421875,133.64300537109375,343.9100036621094,109.6969985961914
86.25,3.8918164408061857,30.0148867191846,30.048742079532296,34.531754561014345,214.850844791825,284.06657984515545,321.50201416015625,133.64300537109375,343.79998779296875,109.29199981689453
86.30000000000001,2.150625961825028,30.007423794042772,30.041204986189523,34.71984708440787,214.89482062292925,284.4867934346906,321.5459899902344,133.64300537109375,343.68798828125,108.88700103759766
86.35000000000001,0.0005802604075448061,29.99996508730252,30.03368088094304,34.93413533963212,214.90382335563646,284.9060610827363,321.55499267578125,133.64300537109375,343.57598876953125,108.48300170898438
86.4,1.355116125502335e-05,29.99252466427432,30.026173475219537,35.15709322509723,214.90383540567,285.3258903534598,321.55499267578125,133.64300537109375,343.4620056152344,108.0790023803711
86.45,1.0479804861284224e-05,29.98511841675501,30.018685046953486,35.3834711259962,214.90383906576773,285.74603427018116,321.55499267578125,133.64300537109375,343.34698486328125,107.67500305175781
86.5,1.7009149817293123e-05,29.977721675243497,30.011210542683614,35.61254341257635,214.90385023570144,286.16552744963747,321.55499267578125,133.64300537109375,343.2309875488281,107.27200317382812
86.55000000000001,2.0047858356601687e-05,29.9703713484035,30.003758300419754,35.8442082002598,214.9038640857487,286.58437835398234,321.55499267578125,133.64300537109375,343.114013671875,106.87000274658203
86.60000000000001,2.0399288515973356e-05,29.96299397959257,29.996321595383087,36.079891981335884,214.90387808573888,287.00453500101037,321.55499267578125,133.64300537109375,342.9960021972656,106.46700286865234
86.65,1.8640221823869028e-05,29.955677303565423,29.988904732434413,36.3173207388061,214.9038909857207,287.4231154127442,321.55499267578125,133.64300537109375,342.87701416015625,106.06600189208984
86.7,1.6408557086461335e-05,29.948355686257862,29.98150386746222,36.55863890951031,214.90390215577082,287.84301632631315,321.55499267578125,133.64300537109375,342.7569885253906,105.66400146484375
86.75,0.0,29.941050117445133,29.974120207288273,36.8009805492178,214.90390215577082,288.2616434329357,321.55499267578125,133.64300537109375,342.635009765625,105.26399993896484
86.80000000000001,4.667442767798397e-06,29.933794788290946,29.966757306713088,37.04772177083021,214.90391253571016,288.68132074125344,321.55499267578125,133.64300537109375,342.51300048828125,104.86299896240234
86.85000000000001,6.535048163495382e-06,29.926532658760802,29.95941406385891,37.29669558697693,214.90391680570775,289.10041743841344,321.55499267578125,133.64300537109375,342.3900146484375,104.46299743652344
86.9,6.44105623642297e-06,29.919287679392998,29.952090365370783,37.54725765226952,214.90392153566228,289.5192454651026,321.55499267578125,133.64300537109375,342.2650146484375,104.06400299072266
86.95,6.036006954169142e-06,29.912083053466098,29.94478682904189,37.80074873440849,214.9039260757434,289.9384910919988,321.55499267578125,133.64300537109375,342.1390075683594,103.66500091552734
87.0,5.295583177874897e-06,29.904904622374058,29.937505123754942,38.05629319469173,214.90393008566917,290.3571999187617,321.55499267578125,133.64300537109375,342.0119934082031,103.26699829101562
87.05000000000001,4.457986747673534e-06,29.89774287188413,29.93024227610301,38.31464533992187,214.90393351573022,290.77631542756046,321.55499267578125,133.64300537109375,341.8840026855469,102.86900329589844
87.10000000000001,3.615149700782753e-06,29.890561109535856,29.922998989097334,38.57492411861023,214.90393637570543,291.19491478094943,321.55499267578125,133.64300537109375,341.7550048828125,102.47200012207031
87.15,2.936318513901147e-06,29.883453694939334,29.915776628234727,38.837121662359294,214.90393866571122,291.61301670368584,321.55499267578125,133.64300537109375,341.625,102.07599639892578
87.2,2.055857549594449e-06,29.876361749761273,29.908577234585067,39.10278475312411,214.90393866571122,292.03250883455013,321.55499267578125,133.64300537109375,341.4939880371094,101.67900085449219
87.25,1.2840346783074284e-06,29.869272466999618,29.901399469540518,39.36894378711303,214.90394015571093,292.4508880343004,321.55499267578125,133.64300537109375,341.3609924316406,101.28399658203125
87.30000000000001,1.3349112792180179e-06,29.862199189271696,29.894239909638593,39.63815187730425,214.90394015571093,292.8694022959755,321.55499267578125,133.64300537109375,341.2279968261719,100.88899993896484
87.35000000000001,1.641318495277978e-06,29.855163648610933,29.88710300862361,39.908567336044335,214.90394209577227,293.2877771933635,321.55499267578125,133.64300537109375,341.0929870605469,100.49500274658203
87.4,1.8708228942558221e-06,29.848175185854615,29.879991759269767,40.18150416254683,214.90394209577227,293.70663998397254,321.55499267578125,133.64300537109375,340.9570007324219,100.10099792480469
87.45,9.91817056442892e-07,29.841191313060254,29.872902585229184,40.455727399586316,214.9039437357149,294.12468341235734,321.55499267578125,133.64300537109375,340.82000732421875,99.7083969116211
87.5,1.8386097618696468e-06,29.834209698548033,29.865833092846582,40.73217012586885,214.9039437357149,294.54303270634017,321.55499267578125,133.64300537109375,340.6820068359375,99.31600189208984
87.55000000000001,1.648284945795286e-06,29.82729627793926,29.858788433452094,41.01032465070681,214.90394492571232,294.96115691554996,321.55499267578125,133.64300537109375,340.5429992675781,98.92440032958984
87.60000000000001,1.2716467984401467e-06,29.82038500627167,29.85177082312568,41.290384919032824,214.90394492571232,295.3793161683945,321.55499267578125,133.64300537109375,340.40301513671875,98.5333023071289
87.65,7.211732738229983e-07,29.81347707520784,29.844773161152535,41.57158541231656,214.90394492571232,295.7976103900912,321.55499267578125,133.64300537109375,340.260986328125,98.14299774169922
87.7,1.1029848785118928e-06,29.806621846351966,29.837799170811603,41.85492541451713,214.90394492571232,296.2154375055544,321.55499267578125,133.64300537109375,340.1189880371094,97.75340270996094
87.75,4.402805994464599e-07,29.799770404380705,29.83084896454971,42.1395399785076,214.90394492571232,296.6335883061921,321.55499267578125,133.64300537109375,339.9750061035156,97.3644027709961
87.80000000000001,3.7391626620576994e-07,29.792982870502634,29.823927332672802,42.42564982092368,214.90394492571232,297.0515658776735,321.55499267578125,133.64300537109375,339.8299865722656,96.9761962890625
87.85000000000001,8.187683353308657e-07,29.786184256361498,29.81702939344786,42.71331792510227,214.90394610569803,297.4694366018596,321.55499267578125,133.64300537109375,339.6839904785156,96.58869934082031
87.9,1.2500679805641684e-06,29.779452866830777,29.810157161545476,43.002536991034034,214.90394610569803,297.887248766404,321.55499267578125,133.64300537109375,339.5369873046875,96.20189666748047
87.95,6.356551748098994e-07,29.772705934155265,29.803308623654978,43.29272058509241,214.90394610569803,298.3052259749132,321.55499267578125,133.64300537109375,339.38800048828125,95.81590270996094
88.0,1.4137021189672163e-06,29.766013597373146,29.79648901353749,43.58469797745133,214.90394610569803,298.722700854039,321.55499267578125,133.64300537109375,339.239013671875,95.43070220947266
88.05000000000001,6.190099065219277e-07,29.75933903477938,29.789693289221503,43.87769502584619,214.90394610569803,299.1404887372955,321.55499267578125,133.64300537109375,339.0880126953125,95.04620361328125
88.10000000000001,8.846406871784663e-08,29.752694067335128,29.782924195327848,44.17210355216231,214.90394610569803,299.558245904034,321.55499267578125,133.64300537109375,338.9360046386719,94.66239929199219
88.15,6.891447578304526e-07,29.746054420649806,29.776181929872042,44.46770544452355,214.90394610569803,299.97578600693794,321.55499267578125,133.64300537109375,338.7829895019531,94.27950286865234
88.2,4.844494465060496e-07,29.739480507976708,29.76946779603452,44.764559112063736,214.90394610569803,300.39319713411277,321.55499267578125,133.64300537109375,338.6289978027344,93.89739990234375
88.25,7.569606797075065e-07,29.73290954322037,29.76278170991849,45.062265257661814,214.90394610569803,300.8108840838517,321.55499267578125,133.64300537109375,338.4729919433594,93.51609802246094
88.30000000000001,4.828079934363466e-07,29.72638200583617,29.756121623451843,45.36153370199547,214.90394610569803,301.22809001184754,321.55499267578125,133.64300537109375,338.3169860839844,93.1355972290039
88.35000000000001,1.7125939963769646e-07,29.719863993773185,29.749489597193012,45.661624750649054,214.90394610569803,301.6455850130027,321.55499267578125,133.64300537109375,338.15899658203125,92.75589752197266
88.4,1.478927818029406e-06,29.71342443351621,29.74288675386156,45.962765525604425,214.90394610569803,302.0629057058897,321.55499267578125,133.64300537109375,338.0,92.3770980834961
88.45,4.7451048329400745e-08,29.706950405261953,29.736311200972228,46.26501972887188,214.90394610569803,302.48015130158393,321.55499267578125,133.64300537109375,337.8399963378906,91.99909973144531
88.5,1.8975584346251624e-08,29.700558664797924,29.729765707714705,46.568210738501776,214.90394610569803,302.8971703315975,321.55499267578125,133.64300537109375,337.6789855957031,91.62210083007812
88.55000000000001,6.533902196057698e-07,29.694164229247246,29.72324822716149,46.87223226002052,214.90394610569803,303.314610569327,321.55499267578125,133.64300537109375,337.5159912109375,91.24579620361328
88.60000000000001,7.211717987034859e-07,29.68780278753293,29.716759099181267,47.17712300943637,214.90394610569803,303.7318215595163,321.55499267578125,133.64300537109375,337.35198974609375,90.87049865722656
88.65,1.4659121433024076e-07,29.681483725143742,29.71030202963066,47.48326323516829,214.90394610569803,304.14849246470015,321.55499267578125,133.64300537109375,337.18798828125,90.49610137939453
88.7,1.4078469406287703e-07,29.675215967386457,29.703875575571637,47.79012129928068,214.90394610569803,304.56555006141525,321.55499267578125,133.64300537109375,337.0220031738281,90.12249755859375
88.75,7.897738392374722e-07,29.668939097903827,29.69747853103998,48.09743811852458,214.90394610569803,304.9827926418079,321.55499267578125,133.64300537109375,336.85400390625,89.7499008178711
88.80000000000001,7.899456566157097e-07,29.662717561186824,29.691112086575043,48.40589748264033,214.90394610569803,305.39946818636,321.55499267578125,133.64300537109375,336.6860046386719,89.37830352783203
88.85000000000001,0.0,29.656502386428656,29.68477592584059,48.714982101911794,214.90394610569803,305.81654325875934,321.55499267578125,133.64300537109375,336.5159912109375,89.00749969482422
88.9,1.3735304868838192e-07,29.6503297568008,29.678466458169048,49.025111527814374,214.90394610569803,306.233005553233,321.55499267578125,133.64300537109375,336.34600830078125,88.63770294189453
88.95,2.0644993400224972e-07,29.64421283459875,29.672192701102727,49.335684040542084,214.90394610569803,306.6497357878246,321.55499267578125,133.64300537109375,336.17401123046875,88.2688980102539
89.0,4.1345815055015156e-07,29.63811257979195,29.66594809260213,49.64677585846034,214.90394610569803,307.06682549961164,321.55499267578125,133.64300537109375,336.0,87.9010009765625
89.05000000000001,3.776278427499956e-07,29.632036323887675,29.659735302066174,49.95873409502478,214.90394610569803,307.4832336058171,321.55499267578125,133.64300537109375,335.82598876953125,87.5342025756836
89.10000000000001,4.120118870882907e-07,29.62598877994295,29.653553901307173,50.271494087616084,214.90394610569803,307.8996019089573,321.55499267578125,133.64300537109375,335.6510009765625,87.16829681396484
89.15,8.925659121904072e-07,29.619995376917412,29.647405066484545,50.584648614885054,214.90394610569803,308.3162793906863,321.55499267578125,133.64300537109375,335.4739990234375,86.80339813232422
89.2,8.25656300555967e-07,29.614038179962,29.641287287742095,50.89833331237458,214.90394610569803,308.7327254241262,321.55499267578125,133.64300537109375,335.2959899902344,86.4395980834961
89.25,4.806515213968857e-07,29.608119988686187,29.635205376820334,51.21275118594037,214.90394610569803,309.1491326528001,321.55499267578125,133.64300537109375,335.11700439453125,86.07669830322266
89.30000000000001,3.466550726086825e-08,29.602198174844425,29.629153438186098,51.52772154371196,214.90394610569803,309.56537476451837,321.55499267578125,133.64300537109375,334.93701171875,85.71489715576172
89.35000000000001,6.875899127282699e-08,29.596356260082366,29.623138825551468,51.8430072526452,214.90394610569803,309.9819321446083,321.55499267578125,133.64300537109375,334.7550048828125,85.3541030883789
89.4,1.4001433146253916e-07,29.590500542726417,29.617155904144035,52.15880945684416,214.90394610569803,310.39832934664133,321.55499267578125,133.64300537109375,334.5719909667969,84.99440002441406
89.45,1.397630062274026e-07,29.584719686877627,29.61120658937192,52.4751083493082,214.90394610569803,310.8145496767792,321.55499267578125,133.64300537109375,334.38800048828125,84.63580322265625
89.5,4.816187351260492e-07,29.57894654850753,29.60528998624348,52.791964480724666,214.90394610569803,311.2306895806268,321.55499267578125,133.64300537109375,334.2030029296875,84.2781982421875
89.55000000000001,1.1016566319720638e-06,29.573216068144635,29.599407960669176,53.10928514988547,214.90394610569803,311.6466854709187,321.55499267578125,133.64300537109375,334.0169982910156,83.92169952392578
89.60000000000001,8.589255598539595e-07,29.567535063432477,29.59356258901813,53.42681537865543,214.90394610569803,312.06296801020113,321.55499267578125,133.64300537109375,333.8290100097656,83.56629943847656
89.65,2.0796460543739113e-07,29.561895299788784,29.587752581305267,53.74480442758126,214.90394610569803,312.4791355125777,321.55499267578125,133.64300537109375,333.6400146484375,83.21199798583984
89.7,1.7765983897903878e-10,29.556258065277234,29.58197456983679,54.06320764670856,214.90394610569803,312.8951643861256,321.55499267578125,133.64300537109375,333.45001220703125,82.85880279541016
89.75,3.6465489872343876e-08,29.55068274430464,29.576230845398634,54.38193627568524,214.90394610569803,313.31099349107444,321.55499267578125,133.64300537109375,333.2590026855469,82.50679779052734
89.80000000000001,3.9091580034988465e-08,29.545143341381912,29.570525362052383,54.701152277634556,214.90394610569803,313.72678695060006,321.55499267578125,133.64300537109375,333.0669860839844,82.15579986572266
89.85000000000001,1.3900721116638974e-07,29.539632404231174,29.56485297646726,55.020673042691584,214.90394610569803,314.14237898459254,321.55499267578125,133.64300537109375,332.8739929199219,81.80599975585938
89.9,1.7330942447246403e-07,29.53417297825387,29.559220220020006,55.340280285836364,214.90394610569803,314.5582648274148,321.55499267578125,133.64300537109375,332.6789855957031,81.4573974609375
89.95,2.418636713244709e-07,29.528744993935348,29.553622750725776,55.66026941033005,214.90394610569803,314.97404786080807,321.55499267578125,133.64300537109375,332.4830017089844,81.10990142822266
90.0,9.271681145640269e-07,29.523313493864944,29.548059445261515,55.980319884787434,214.90394610569803,315.3901255888988,321.55499267578125,133.64300537109375,332.2850036621094,80.76360321044922
