Time (s),Ego Speed (km/h),Lead Speed (km/h),Smoothed Lead Speed (km/h),Distance Between (m),Ego Distance Covered (m),Lead Vehicle Distance Covered (m),Ego X (m),Ego Y (m),Lead X (m),Lead Y (m)
0.0,8.808552074432374,7.056000137329102,7.056000137329102,10.013773091962065,0.0,0.0,107.0,133.0,117.0,133.4219970703125
0.05,8.174700164863966,8.820000171661377,7.938000154495239,10.014251085975712,0.12766550481319427,0.11269998550415039,107.0,133.0,117.0,133.4219970703125
0.1,4.1809681892690485,10.584000205993652,8.820000171661377,10.012490745442756,0.20566000789403915,0.2498999983072281,107.0,133.0,117.0,133.4219970703125
0.15000000000000002,1.821819663055084,10.747439861297607,9.301860094070435,10.01001984544847,0.24264730513095856,0.40529029071331024,107.0,133.0,117.0,133.4219970703125
0.2,0.4834403872522569,7.768655776977541,8.995219230651855,10.008974052894,0.25591740757226944,0.5298077911138535,107.0,133.0,117.0,133.4219970703125
0.25,0.2289679259064193,4.894776105880743,8.311812043190004,10.009001040680769,0.25616220384836197,0.6134719923138618,107.0,133.0,117.0,133.4219970703125
0.30000000000000004,0.5667335987092126,0.2858883018613525,7.165251508714483,10.00921895713957,0.2624706029891968,0.6421069949865341,107.0,133.0,117.0,133.4219970703125
0.35000000000000003,0.6878375887873523,1.2601333397479655,6.427111737593668,10.009192842249435,0.27152790129184723,0.6545059978961945,107.0,133.0,117.0,133.4219970703125
0.4,0.6899652242660985,1.81846296546511,5.915039651801606,10.009102859756293,0.28119200095534325,0.6770130023360252,107.0,133.0,117.0,133.4219970703125
0.45,0.6322392046454837,2.0269728720120805,5.526232973822653,10.009003659833231,0.2903370037674904,0.7043372988700867,107.0,133.0,117.0,133.4219970703125
0.5,0.5494139850139964,1.9688721142311902,5.017520171512862,10.008933080038927,0.29844240099191666,0.7322819977998734,107.0,133.0,117.0,133.4219970703125
0.55,0.46105917692223447,1.7295322128948023,4.308473375636205,10.008902580118123,0.30533580109477043,0.7578397989273071,107.0,133.0,117.0,133.4219970703125
0.6000000000000001,0.3774671941995779,1.3871364163729119,3.3887869966741304,10.008903793653475,0.31103390268981457,0.7791418991982937,107.0,133.0,117.0,133.4219970703125
0.65,0.3033759713175922,1.00696340226384,2.414739350770754,10.008920363984613,0.31564710196107626,0.7953073885291815,107.0,133.0,117.0,133.4219970703125
0.7000000000000001,0.24037235677277982,0.6386228197041549,1.7017360550434155,10.008937580628915,0.31932310201227665,0.8062361981719732,107.0,133.0,117.0,133.4219970703125
0.75,0.18828899413348718,0.31574798285862116,1.2438332427412033,10.008947027710965,0.3222158523276448,0.8123877979815006,107.0,133.0,117.0,133.4219970703125
0.8,0.14612579494715358,0.05750502296999003,1.2209949148520671,10.00894679952714,0.32446927204728127,0.8145665992051363,107.0,133.0,117.0,133.4219970703125
0.8500000000000001,0.11252879351378142,0.1299309308164235,1.107974673958913,10.008939281755254,0.326210071798414,0.8153951987624168,107.0,133.0,117.0,133.4219970703125
0.9,0.0860907621682075,0.24808918695718288,0.9509372961081202,10.008928436370761,0.32754548196680844,0.8182500991970301,107.0,133.0,117.0,133.4219970703125
0.9500000000000001,0.06549839749935576,0.30600271060670414,0.7788402799675824,10.008917778423323,0.3285637019434944,0.8222384992986917,107.0,133.0,117.0,133.4219970703125
1.0,0.04958820082770866,0.3157817409178542,0.6135312426362488,10.008909423506042,0.3293361719697714,0.8266194993630052,107.0,133.0,117.0,133.4219970703125
1.05,0.03738527968529957,0.29079330967743583,0.46965735231451217,10.008904030364903,0.3299195569125004,0.8308338299393654,107.0,133.0,117.0,133.4219970703125
1.1,0.02807643525302459,0.24392817479563297,0.35533652815678424,10.008901238870251,0.33035836191265844,0.8345057098194957,107.0,133.0,117.0,133.4219970703125
1.1500000000000001,0.021016403473914355,0.18643326681000105,0.2732835146114003,10.008900226938854,0.330687302921433,0.8374264996964484,107.0,133.0,117.0,133.4219970703125
1.2000000000000002,0.0,0.12728371636238092,0.2221496042772229,10.00890013418072,0.330687302921433,0.8395254646893591,107.0,133.0,117.0,133.4219970703125
1.25,0.005308991856875796,0.07294128045944871,0.19786893403730565,10.008900352436168,0.3309462449105922,0.8408359696622938,107.0,133.0,117.0,133.4219970703125
1.3,0.006698628002778003,0.02744673598714945,0.19486310533902157,10.008900532688472,0.33103344892151654,0.8414610796608031,107.0,133.0,117.0,133.4219970703125
1.35,0.006821639975538113,0.0072446889797028145,0.18259448115534951,10.00890058508476,0.33112854888895527,0.8415421396493912,107.0,133.0,117.0,133.4219970703125
1.4000000000000001,0.006306515866900077,0.030858026959082623,0.1608713651555395,10.008900520728968,0.3312194528989494,0.8418509396724403,107.0,133.0,117.0,133.4219970703125
1.4500000000000002,0.005510411923751545,0.0,0.1302710940948691,10.008900544116901,0.33130051591433585,0.8418509396724403,107.0,133.0,117.0,133.4219970703125
1.5,0.004639608040473677,0.0,0.09869292000308365,10.008900564624089,0.3313697908888571,0.8418509396724403,107.0,133.0,117.0,133.4219970703125
1.55,0.003808872169799509,0.0,0.06961358903534007,10.008900581982529,0.3314272019197233,0.8418509396724403,107.0,133.0,117.0,133.4219970703125
1.6,0.0030642264058726586,0.0,0.04522077155577677,10.008900596319025,0.3314738168846816,0.8418509396724403,107.0,133.0,117.0,133.4219970703125
1.6500000000000001,0.0008350848238575795,0.0,0.026577444874776666,10.008900600584619,0.3314875519135967,0.8418509396724403,107.0,133.0,117.0,133.4219970703125
1.7000000000000002,0.0012987647904931612,0.0,0.013849073238538576,10.008900605558685,0.3315034919651225,0.8418509396724403,107.0,133.0,117.0,133.4219970703125
1.75,0.0014172660438197557,0.0,0.006554945192593704,10.008900611618353,0.3315228018909693,0.8418509396724403,107.0,133.0,117.0,133.4219970703125
1.8,0.001358427596433776,0.0,0.00381027159387876,10.008900617724787,0.3315421419683844,0.8418509396724403,107.0,133.0,117.0,133.4219970703125
1.85,0.0012113280249286592,0.0,0.0030858026959084783,10.008900623333389,0.3315598019398749,0.8418509396724403,107.0,133.0,117.0,133.4219970703125
1.9000000000000001,0.001033642783456141,0.0,2.1614654510671015e-16,10.00890062824011,0.33157517190556973,0.8418509396724403,107.0,133.0,117.0,133.4219970703125
1.9500000000000002,0.0008587691996424627,0.0,2.1614654510671015e-16,10.008900632386146,0.3315881019225344,0.8418509396724403,107.0,133.0,117.0,133.4219970703125
2.0,0.0006966360036572383,0.0,2.1614654510671015e-16,10.008900635774953,0.3315986319212243,0.8418509396724403,107.0,133.0,117.0,133.4219970703125
2.0500000000000003,0.00010322675904635957,0.0,2.1614654510671015e-16,10.008900637584851,0.3316042418591678,0.8418509396724403,107.0,133.0,117.0,133.4219970703125
2.1,0.00024243012852127974,0.0,2.1614654510671015e-16,10.008900638473296,0.33160699193831533,0.8418509396724403,107.0,133.0,117.0,133.4219970703125
2.15,0.0002911427933890712,0.0,2.1614654510671015e-16,10.008900639705296,0.33161080186255276,0.8418509396724403,107.0,133.0,117.0,133.4219970703125
2.2,0.00028983851084603724,0.0,2.1614654510671015e-16,10.008900641026242,0.33161488187033683,0.8418509396724403,107.0,133.0,117.0,133.4219970703125
2.25,0.00026728452174199635,0.0,2.1614654510671015e-16,10.00890064227763,0.33161874196957797,0.8418509396724403,107.0,133.0,117.0,133.4219970703125
2.3000000000000003,0.00022931677956604778,0.0,2.1614654510671015e-16,10.008900643377713,0.33162213186733425,0.8418509396724403,107.0,133.0,117.0,133.4219970703125
2.35,0.00019289376038998746,0.0,2.1614654510671015e-16,10.008900644319727,0.3316250318894163,0.8418509396724403,107.0,133.0,117.0,133.4219970703125
2.4000000000000004,0.0001573290055675541,0.0,2.1614654510671015e-16,10.008900645090298,0.33162740187253803,0.8418509396724403,107.0,133.0,117.0,133.4219970703125
2.45,0.00012845844518556863,0.0,2.1614654510671015e-16,10.008900645721404,0.3316293419338763,0.8418509396724403,107.0,133.0,117.0,133.4219970703125
2.5,4.246487929428418e-05,0.0,2.1614654510671015e-16,10.008900645721404,0.3316293419338763,0.8418509396724403,107.0,133.0,117.0,133.4219970703125
2.5500000000000003,5.904577455747705e-05,0.0,2.1614654510671015e-16,10.008900646082724,0.3316304519539699,0.8418509396724403,107.0,133.0,117.0,133.4219970703125
2.6,6.093360845457448e-05,0.0,2.1614654510671015e-16,10.008900646082724,0.3316304519539699,0.8418509396724403,107.0,133.0,117.0,133.4219970703125
2.6500000000000004,5.914872055500007e-05,0.0,2.1614654510671015e-16,10.00890064661667,0.33163209189660847,0.8418509396724403,107.0,133.0,117.0,133.4219970703125
2.7,5.242032132765156e-05,0.0,2.1614654510671015e-16,10.00890064661667,0.33163209189660847,0.8418509396724403,107.0,133.0,117.0,133.4219970703125
2.75,4.703045518979478e-05,0.0,2.1614654510671015e-16,10.008900647076004,0.33163350191898644,0.8418509396724403,107.0,133.0,117.0,133.4219970703125
2.8000000000000003,3.642300759959234e-05,0.0,2.1614654510671015e-16,10.008900647076004,0.33163350191898644,0.8418509396724403,107.0,133.0,117.0,133.4219970703125
2.85,2.883631168961672e-05,0.0,2.1614654510671015e-16,10.008900647076004,0.33163350191898644,0.8418509396724403,107.0,133.0,117.0,133.4219970703125
2.9000000000000004,5.595872319781474e-06,0.0,2.1614654510671015e-16,10.0089006474475,0.33163464185781777,0.8418509396724403,107.0,133.0,117.0,133.4219970703125
2.95,8.959825955296586e-06,0.0,2.1614654510671015e-16,10.0089006474475,0.33163464185781777,0.8418509396724403,107.0,133.0,117.0,133.4219970703125
3.0,1.0710613016408019e-05,0.0,2.1614654510671015e-16,10.0089006474475,0.33163464185781777,0.8418509396724403,107.0,133.0,117.0,133.4219970703125
3.0500000000000003,1.0127053049903739e-05,0.0,2.1614654510671015e-16,10.0089006474475,0.33163464185781777,0.8418509396724403,107.0,133.0,117.0,133.4219970703125
3.1,5.938928854502331e-06,0.0,2.1614654510671015e-16,10.0089006474475,0.33163464185781777,0.8418509396724403,107.0,133.0,117.0,133.4219970703125
3.1500000000000004,8.376260442252851e-06,0.0,2.1614654510671015e-16,10.0089006474475,0.33163464185781777,0.8418509396724403,107.0,133.0,117.0,133.4219970703125
3.2,6.625526307486387e-06,0.0,2.1614654510671015e-16,10.0089006474475,0.33163464185781777,0.8418509396724403,107.0,133.0,117.0,133.4219970703125
3.25,7.964592727596888e-06,0.0,2.1614654510671015e-16,10.008900647783292,0.3316356719005853,0.8418509396724403,107.0,133.0,117.0,133.4219970703125
3.3000000000000003,0.0,0.0,2.1614654510671015e-16,10.008900647783292,0.3316356719005853,0.8418509396724403,107.0,133.0,117.0,133.4219970703125
3.35,2.9522942838630688e-06,0.0,2.1614654510671015e-16,10.008900647783292,0.3316356719005853,0.8418509396724403,107.0,133.0,117.0,133.4219970703125
3.4000000000000004,6.041884414759542e-06,0.0,2.1614654510671015e-16,10.008900647783292,0.3316356719005853,0.8418509396724403,107.0,133.0,117.0,133.4219970703125
3.45,6.2143461227956724e-06,0.0,2.1614654510671015e-16,10.008900647783292,0.3316356719005853,0.8418509396724403,107.0,133.0,117.0,133.4219970703125
3.5,3.845272859867786e-06,0.0,2.1614654510671015e-16,10.008900647783292,0.3316356719005853,0.8418509396724403,107.0,133.0,117.0,133.4219970703125
3.5500000000000003,5.8017999260918065e-06,0.0,2.1614654510671015e-16,10.008900647783292,0.3316356719005853,0.8418509396724403,107.0,133.0,117.0,133.4219970703125
3.6,6.968797412612209e-06,0.0,2.1614654510671015e-16,10.008900647783292,0.3316356719005853,0.8418509396724403,107.0,133.0,117.0,133.4219970703125
3.6500000000000004,4.977843699489012e-06,0.0,2.1614654510671015e-16,10.008900647783292,0.3316356719005853,0.8418509396724403,107.0,133.0,117.0,133.4219970703125
3.7,3.3642350226469787e-06,0.0,2.1614654510671015e-16,10.008900647783292,0.3316356719005853,0.8418509396724403,107.0,133.0,117.0,133.4219970703125
3.75,4.1196086746637106e-07,0.0,2.1614654510671015e-16,10.008900647783292,0.3316356719005853,0.8418509396724403,107.0,133.0,117.0,133.4219970703125
3.8000000000000003,9.955826282334983e-07,0.0,2.1614654510671015e-16,10.008900647783292,0.3316356719005853,0.8418509396724403,107.0,133.0,117.0,133.4219970703125
3.85,1.5105112550477145e-06,0.0,2.1614654510671015e-16,10.008900647783292,0.3316356719005853,0.8418509396724403,107.0,133.0,117.0,133.4219970703125
3.9000000000000004,2.025443488678362e-06,0.0,2.1614654510671015e-16,10.008900647783292,0.3316356719005853,0.8418509396724403,107.0,133.0,117.0,133.4219970703125
3.95,2.540373568712818e-06,0.0,2.1614654510671015e-16,10.008900647783292,0.3316356719005853,0.8418509396724403,107.0,133.0,117.0,133.4219970703125
4.0,3.0553078334052614e-06,0.0,2.1614654510671015e-16,10.008900647783292,0.3316356719005853,0.8418509396724403,107.0,133.0,117.0,133.4219970703125
4.05,4.943340310987393e-06,0.0,2.1614654510671015e-16,10.008900647783292,0.3316356719005853,0.8418509396724403,107.0,133.0,117.0,133.4219970703125
4.1000000000000005,4.18814735323436e-06,0.0,2.1614654510671015e-16,10.008900647783292,0.3316356719005853,0.8418509396724403,107.0,133.0,117.0,133.4219970703125
4.15,1.0298675058675975e-07,0.0,2.1614654510671015e-16,10.008900647783292,0.3316356719005853,0.8418509396724403,107.0,133.0,117.0,133.4219970703125
4.2,7.552582471695451e-07,0.0,2.1614654510671015e-16,10.008900647783292,0.3316356719005853,0.8418509396724403,107.0,133.0,117.0,133.4219970703125
4.25,1.4075349486983992e-06,0.0,2.1614654510671015e-16,10.008900647783292,0.3316356719005853,0.8418509396724403,107.0,133.0,117.0,133.4219970703125
4.3,1.9224539027471534e-06,0.0,2.1614654510671015e-16,10.008900647783292,0.3316356719005853,0.8418509396724403,107.0,133.0,117.0,133.4219970703125
4.3500000000000005,2.540344706282166e-06,0.0,2.1614654510671015e-16,10.008900647783292,0.3316356719005853,0.8418509396724403,107.0,133.0,117.0,133.4219970703125
4.4,3.2269105220102544e-06,0.0,2.1614654510671015e-16,10.008900647783292,0.3316356719005853,0.8418509396724403,107.0,133.0,117.0,133.4219970703125
4.45,3.913500504326283e-06,0.0,2.1614654510671015e-16,10.008900647783292,0.3316356719005853,0.8418509396724403,107.0,133.0,117.0,133.4219970703125
4.5,4.497111343359195e-06,0.0,2.1614654510671015e-16,10.008900647783292,0.3316356719005853,0.8418509396724403,107.0,133.0,117.0,133.4219970703125
4.55,5.149344342477842e-06,0.0,2.1614654510671015e-16,10.008900647783292,0.3316356719005853,0.8418509396724403,107.0,133.0,117.0,133.4219970703125
4.6000000000000005,5.493223119089645e-07,0.0,2.1614654510671015e-16,10.008900647783292,0.3316356719005853,0.8418509396724403,107.0,133.0,117.0,133.4219970703125
4.65,1.167361621153383e-06,0.0,2.1614654510671015e-16,10.008900647783292,0.3316356719005853,0.8418509396724403,107.0,133.0,117.0,133.4219970703125
4.7,1.7853412650535189e-06,0.0,2.1614654510671015e-16,10.008900647783292,0.3316356719005853,0.8418509396724403,107.0,133.0,117.0,133.4219970703125
4.75,2.43754567034455e-06,0.0,2.1614654510671015e-16,10.008900647783292,0.3316356719005853,0.8418509396724403,107.0,133.0,117.0,133.4219970703125
4.800000000000001,1.8538927230149217e-06,0.0,2.1614654510671015e-16,10.008900647783292,0.3316356719005853,0.8418509396724403,107.0,133.0,117.0,133.4219970703125
4.8500000000000005,3.810565741745971e-06,0.0,2.1614654510671015e-16,10.008900647783292,0.3316356719005853,0.8418509396724403,107.0,133.0,117.0,133.4219970703125
4.9,4.497148959101945e-06,0.0,2.1614654510671015e-16,10.008900647783292,0.3316356719005853,0.8418509396724403,107.0,133.0,117.0,133.4219970703125
4.95,5.149763107820853e-06,0.0,2.1614654510671015e-16,10.008900647783292,0.3316356719005853,0.8418509396724403,107.0,133.0,117.0,133.4219970703125
5.0,2.746365718338363e-07,0.0,2.1614654510671015e-16,10.008900647783292,0.3316356719005853,0.8418509396724403,107.0,133.0,117.0,133.4219970703125
5.050000000000001,9.269367371344904e-07,0.0,2.1614654510671015e-16,10.008900647783292,0.3316356719005853,0.8418509396724403,107.0,133.0,117.0,133.4219970703125
5.1000000000000005,1.4761796424993602e-06,0.0,2.1614654510671015e-16,10.008900647783292,0.3316356719005853,0.8418509396724403,107.0,133.0,117.0,133.4219970703125
5.15,2.1283935155328643e-06,0.0,2.1614654510671015e-16,10.008900647783292,0.3316356719005853,0.8418509396724403,107.0,133.0,117.0,133.4219970703125
5.2,2.780636836278779e-06,0.0,2.1614654510671015e-16,10.008900647783292,0.3316356719005853,0.8418509396724403,107.0,133.0,117.0,133.4219970703125
5.25,3.4328929536323875e-06,0.0,2.1614654510671015e-16,10.008900647783292,0.3316356719005853,0.8418509396724403,107.0,133.0,117.0,133.4219970703125
5.300000000000001,4.0164984809930775e-06,0.0,2.1614654510671015e-16,10.008900647783292,0.3316356719005853,0.8418509396724403,107.0,133.0,117.0,133.4219970703125
5.3500000000000005,4.668734334109735e-06,0.0,2.1614654510671015e-16,10.008900647783292,0.3316356719005853,0.8418509396724403,107.0,133.0,117.0,133.4219970703125
5.4,0.0,0.0,2.1614654510671015e-16,10.008900647783292,0.3316356719005853,0.8418509396724403,107.0,133.0,117.0,133.4219970703125
5.45,6.866186215062476e-07,0.0,2.1614654510671015e-16,10.008900647783292,0.3316356719005853,0.8418509396724403,107.0,133.0,117.0,133.4219970703125
5.5,1.2702085399634005e-06,0.0,2.1614654510671015e-16,10.008900647783292,0.3316356719005853,0.8418509396724403,107.0,133.0,117.0,133.4219970703125
5.550000000000001,1.922419086863143e-06,0.0,2.1614654510671015e-16,10.008900647783292,0.3316356719005853,0.8418509396724403,107.0,133.0,117.0,133.4219970703125
5.6000000000000005,0.9481218899644649,0.0,2.1614654510671015e-16,10.002909281728224,0.33763237959025477,0.8418509396724403,107.00599670410156,133.0,117.0,133.4219970703125
5.65,1.973758718830675,0.016662018532503247,0.001666201853250541,9.980883123431516,0.3596585948998038,0.8421518396353349,107.02799987792969,133.00100708007812,117.0,133.4219970703125
5.7,2.7636664149793804,0.021416223430859766,0.003807824196336518,9.94586874070825,0.3946763100152316,0.8423446295782924,107.06300354003906,133.0019989013672,117.0,133.4219970703125
5.75,3.331822998576953,0.020030619214005747,0.005810886117737092,9.902823372391989,0.4377220157506616,0.8425386496819556,107.10600280761719,133.00399780273438,117.0,133.4219970703125
5.800000000000001,3.6328813738352292,0.018893886594100563,0.007700274777147148,9.853786645281442,0.4867587457816669,0.8427436896599829,107.15499877929688,133.00599670410156,117.0,133.4219970703125
5.8500000000000005,3.794380330956635,0.017943858170174073,0.009494660594164556,9.80174661713447,0.5387991025811302,0.8429665826261044,107.20700073242188,133.00799560546875,117.0,133.4219970703125
5.9,3.7529255786445033,0.0171936699711856,0.011214027591283116,9.747709476536846,0.5918381865944283,0.8439957558121329,107.26000213623047,133.00999450683594,116.9990005493164,133.4219970703125
5.95,3.476660393467392,0.01661472969263665,0.012875500560546782,9.698672751318357,0.6408749171121125,0.8442656458474027,107.30899810791016,133.01199340820312,116.9990005493164,133.4219970703125
6.0,3.1836822928618247,0.01613801256050954,0.014489301816597735,9.6526234343155,0.6869242377759154,0.8445597208456399,107.3550033569336,133.01400756835938,116.9990005493164,133.4219970703125
6.050000000000001,2.89305559325799,0.015658901340162512,0.016055191950613987,9.610619220531476,0.7289357658723332,0.8448750438520016,107.39700317382812,133.01499938964844,116.9990005493164,133.4219970703125
6.1000000000000005,2.656735105718704,0.01509541051902169,0.017564733002516156,9.571575691030109,0.7669826975326276,0.8459283364743679,107.43499755859375,133.01699829101562,116.99800109863281,133.4219970703125
6.15,2.378321689137617,0.014378886327903247,0.017336419782056155,9.536560757806297,0.8020008451664267,0.8462724214575938,107.47000122070312,133.01800537109375,116.99800109863281,133.4219970703125
6.2,0.01898587886209885,0.668119059715705,0.08200670341054067,9.531526003307986,0.8180304168944749,0.8572742369309603,107.48600006103516,133.0189971923828,117.00900268554688,133.4219970703125
6.25,5.3719593005747465e-05,1.214863495263231,0.2014899910154632,9.546512004590209,0.8180518168245944,0.8722741873280501,107.48600006103516,133.0189971923828,117.02400207519531,133.4219970703125
6.300000000000001,1.381661745697722e-05,0.7987076504294386,0.279471367398997,9.560499490564927,0.8180584569217207,0.8862754037861537,107.48600006103516,133.0189971923828,117.03800201416016,133.4219970703125
6.3500000000000005,2.864762666385791e-05,1.4756065376007348,0.4252376353420531,9.579479847409502,0.8180596369074228,0.9052740077447015,107.48600006103516,133.0189971923828,117.05699920654297,133.4219970703125
6.4,2.9729793932822283e-05,1.0695807481550887,0.5304763431604435,9.596463132912913,0.8180645970150399,0.9222732175118757,107.48600006103516,133.0189971923828,117.0739974975586,133.4219970703125
6.45,2.6760513234680274e-05,1.7532642954716562,0.7041412997383454,9.62044410384784,0.8180709669122043,0.946275759944964,107.48600006103516,133.0189971923828,117.0979995727539,133.4219970703125
6.5,2.3089618201609558e-05,1.354018657553256,0.8379293642376201,9.641429438926167,0.8180774969968515,0.9672795791228135,107.48600006103516,133.0189971923828,117.11900329589844,133.4219970703125
6.550000000000001,1.8681179901528705e-05,2.0422391630207555,1.0405873904056795,9.668406339587175,0.8180835169495585,0.9942800258384807,107.48600006103516,133.0189971923828,117.14600372314453,133.4219970703125
6.6000000000000005,1.6377288081840964e-05,1.6479651619898525,1.2038743655527626,9.692379979347361,0.8180887869547623,1.0182745061621805,107.48600006103516,133.0189971923828,117.16999816894531,133.4219970703125
6.65,8.404153724146845e-06,2.340495787418893,1.4364860556618617,9.723351482130713,0.8180899270100089,1.0492727741202763,107.48600006103516,133.0189971923828,117.20099639892578,133.4219970703125
6.7,1.0120814017443527e-05,1.9520719657677597,1.5648813462670672,9.75233357848238,0.8180922969931307,1.0782798905340565,107.48600006103516,133.0189971923828,117.2300033569336,133.4219970703125
6.75,9.075991278130539e-06,2.649176432872975,1.7083126400280417,9.787299817141339,0.8180949669785368,1.1132760125077048,107.48600006103516,133.0189971923828,117.26499938964844,133.4219970703125
6.800000000000001,8.385484184094804e-06,2.265546329687806,1.8549965079538784,9.820269048339702,0.8180975969170722,1.1462733147584876,107.48600006103516,133.0189971923828,117.2979965209961,133.4219970703125
6.8500000000000005,3.196352810706573e-06,2.9660152607900954,2.004037380272814,9.86023639773567,0.8180999570048916,1.1862742986731298,107.48600006103516,133.0189971923828,117.33799743652344,133.4219970703125
6.9,3.1349179355756595e-06,2.5849478384673246,2.1555740893040376,9.897208151359402,0.8181020169740113,1.223276975317329,107.48600006103516,133.0189971923828,117.375,133.4219970703125
6.95,0.006240291491085405,3.2888387354280186,2.309131533299674,9.941170537319072,0.8181037370103913,1.2672757266427563,107.48600006103516,133.0189971923828,117.41899871826172,133.4219970703125
7.0,0.011175073439230975,2.9110365800499025,2.4648333255493386,9.983135970279527,0.8181052270100954,1.3092756025712398,107.48600006103516,133.0189971923828,117.46099853515625,133.4219970703125
7.050000000000001,0.0020774882180517582,3.616527240896249,2.6222621333368883,10.032099820479939,0.8181057569326403,1.358279215353253,107.48600006103516,133.0189971923828,117.51000213623047,133.4219970703125
7.1000000000000005,0.005576749887712118,3.239459492253434,2.7814115663632464,10.078060478247334,0.8181063669489267,1.4042768657206302,107.48600006103516,133.0189971923828,117.55599975585938,133.4219970703125
7.15,0.007640980374658786,3.945674140510426,2.9419294016724,10.131019710441262,0.8181067170097994,1.4572782732414502,107.48600006103516,133.0189971923828,117.60900115966797,133.4219970703125
7.2,0.07984662775382675,3.569978248794116,3.103720029975036,10.181982045110118,0.8191061683434804,1.5092802440117732,107.48699951171875,133.0189971923828,117.66100311279297,133.4219970703125
7.25,0.04202229212820478,4.277089524016362,3.2665113390893743,10.238936836007667,0.8191068583370928,1.5662794518781955,107.48699951171875,133.0189971923828,117.71800231933594,133.4219970703125
7.300000000000001,0.03800129920577361,3.902797843703265,3.4302364904909197,10.293894748257149,0.8201063090785351,1.622279220523506,107.48799896240234,133.0189971923828,117.77400207519531,133.4219970703125
7.3500000000000005,0.045332051709640636,4.610953426055366,3.5947303070174472,10.35684265748652,0.8201066190925371,1.6852751317843577,107.48799896240234,133.0189971923828,117.83699798583984,133.4219970703125
7.4,0.07200450572831672,4.2374174795095145,3.7599772711216666,10.416802661702015,0.8201070790494737,1.7452803304180657,107.48799896240234,133.0189971923828,117.89700317382812,133.4219970703125
7.45,0.04630971168265116,4.9460413725948325,3.9256975348383483,10.483746540958236,0.820107118979929,1.8122740441687601,107.48799896240234,133.0189971923828,117.96399688720703,133.4219970703125
7.5,0.0713766018435022,4.573873125000838,4.091981189333442,10.548701233481175,0.8201074689243865,1.8772764947018037,107.48799896240234,133.0189971923828,118.02899932861328,133.4219970703125
7.550000000000001,0.04374863448084201,5.283648934475845,4.258693358691401,10.620647624574788,0.8201074689243865,1.949275091111616,107.48799896240234,133.0189971923828,118.10099792480469,133.4219970703125
7.6000000000000005,0.07744611630708885,4.912632949995495,4.426010704465608,10.68959849665685,0.8211069196658287,2.0192747937130213,107.48899841308594,133.0189971923828,118.1709976196289,133.4219970703125
7.65,0.034345453811975735,5.622732828105876,4.593716573225153,10.766547624777939,0.8211069597126994,2.096278272823116,107.48899841308594,133.0189971923828,118.24800109863281,133.4219970703125
7.7,0.08980180621281163,5.254200769187964,4.762138825264538,10.840493619814625,0.8211074997633774,2.170275776912512,107.48899841308594,133.0189971923828,118.3219985961914,133.4219970703125
7.75,0.01915623712745944,5.962032617222349,4.930633134585136,10.92044055495102,0.8221069504477735,2.251277058675091,107.48999786376953,133.0189971923828,118.40299987792969,133.4219970703125
7.800000000000001,0.10747977862301394,5.598180900147305,5.10017144022954,10.999426451906402,0.8231064011892157,2.331285233373188,107.49099731445312,133.0189971923828,118.48300170898438,133.42300415039062
7.8500000000000005,0.0014290250266909288,6.301800642556414,5.269256161879645,11.08536740806499,0.8231064412360865,2.417283768530126,107.49099731445312,133.0189971923828,118.56900024414062,133.42300415039062
7.9,0.12995306947400567,5.941512611284281,5.439665675057122,11.168312859859164,0.8241058920447508,2.5012834065394207,107.49199676513672,133.0189971923828,118.65299987792969,133.42300415039062
7.95,0.02608224905427438,6.641748936547205,5.609236431452358,11.257251958306034,0.8251053427343993,2.5912797444674287,107.49299621582031,133.0189971923828,118.74299621582031,133.42300415039062
8.0,0.15694424224985476,6.285564895497637,5.780405608502038,11.344194329076748,0.8271118735465921,2.680284264459192,107.49500274658203,133.0189971923828,118.83200073242188,133.42300415039062
8.05,0.055116671153074774,6.983064531482615,5.9503471682027165,11.43913578486875,0.8281113242362406,2.7762849359514243,107.49600219726562,133.0189971923828,118.9280014038086,133.42300415039062
8.1,0.1873092121226984,6.63120077553126,6.122203950756292,11.530082875863576,0.8301102256475579,2.8692872581123643,107.49800109863281,133.0189971923828,119.02100372314453,133.42300415039062
8.15,0.08558333868774443,7.324884393851114,6.292419107330816,11.629021624638753,0.8321091270183488,2.9702851830964607,107.5,133.0189971923828,119.12200164794922,133.42300415039062
8.200000000000001,0.21699060175232,6.976116547297501,6.4646106851417695,11.724930160619344,0.8343473890856594,3.0682847582197756,107.50199890136719,133.02000427246094,119.22000122070312,133.42300415039062
8.25,0.11758900671279908,7.6656966117713,6.634977084596665,11.827866659512422,0.8363462904532457,3.173280485988197,107.50399780273438,133.02000427246094,119.32499694824219,133.42300415039062
8.3,0.2539389487728956,7.325136750440931,6.807672669626027,11.927807558796445,0.8393522719045623,3.2762849435766777,107.50700378417969,133.02000427246094,119.4280014038086,133.42300415039062
8.35,0.1689022561518389,8.009245116909248,6.97841711706131,12.034749269416157,0.8423506239573618,3.386285554217689,107.51000213623047,133.02000427246094,119.53800201416016,133.42300415039062
8.4,0.4100908131526307,7.674048812733829,7.151670737206265,12.138695347105896,0.8463484268688458,3.49428726492117,107.51399993896484,133.02000427246094,119.64600372314453,133.42300415039062
8.450000000000001,0.6537804818289007,8.35153277333741,7.322649120885286,12.24463260032965,0.855351113658265,3.609285129049174,107.52300262451172,133.02000427246094,119.76100158691406,133.42300415039062
8.5,0.7556261861468397,8.022348906135376,7.49632752194906,12.346550465563535,0.8653947126596269,3.721284642227244,107.53299713134766,133.02099609375,119.87300109863281,133.42300415039062
8.55,0.7789154782317274,8.692884878524515,7.667309556653249,12.456485639993751,0.8753968489025932,3.841279759828103,107.54299926757812,133.02099609375,119.99299621582031,133.42300415039062
8.6,0.8383641556472324,8.36938900912538,7.8411283800126625,12.562433695512214,0.8863984358314201,3.95828415561917,107.55400085449219,133.02099609375,120.11000061035156,133.42300415039062
8.65,1.0324952318831107,9.03376920849788,8.01201686147734,12.674344449952933,0.8994378724109187,4.083284156078842,107.56700134277344,133.02200317382812,120.23500061035156,133.42300415039062
8.700000000000001,0.9662432126638181,8.716501212585312,8.186055328006123,12.782261469863633,0.9134729000386544,4.205285805135732,107.58100128173828,133.0229949951172,120.35700225830078,133.42300415039062
8.75,1.0366064238464148,9.37526465464438,8.35701213229343,12.89720351215924,0.92747283903641,4.334283608364169,107.59500122070312,133.0229949951172,120.48600006103516,133.42300415039062
8.8,1.1207379183010062,9.064332678845537,8.530931725133891,13.009118679033003,0.9425059990570284,4.461282510717941,107.61000061035156,133.0240020751953,120.61299896240234,133.42300415039062
8.85,1.2355452857290985,9.717408981974835,8.70174811164045,13.12706750665486,0.9585355530572388,4.595288867210339,107.6259994506836,133.02499389648438,120.74700164794922,133.4239959716797
8.9,1.2654598389069094,9.4134610482236,8.875689335189426,13.24201269735213,0.9755338440838096,4.727285022872979,107.64299774169922,133.02499389648438,120.87899780273438,133.4239959716797
8.950000000000001,1.4604158442018016,10.060813304482522,9.046617388303938,13.360924777343184,0.9945653301425793,4.865285511683829,107.66200256347656,133.0260009765625,121.01699829101562,133.4239959716797
9.0,1.5434274126817424,9.763093244780523,9.220691822168451,13.476849432027166,1.0155848368855243,5.002286550076587,107.68299865722656,133.02699279785156,121.15399932861328,133.4239959716797
9.05,1.677079597486717,10.404541209297685,9.39185745524577,13.598761618401136,1.037611045581079,5.146283742999349,107.70500183105469,133.0279998779297,121.2979965209961,133.4239959716797
9.1,1.8091524216179387,10.1132653168548,9.566245086018712,13.714660212773301,1.0626923514423416,5.287290213443941,107.7300033569336,133.02999877929688,121.43900299072266,133.4239959716797
9.15,1.9106926131122284,10.749240718020648,9.73779223697099,13.837582357374282,1.0877065288609942,5.435285209110338,107.75499725341797,133.031005859375,121.58699798583984,133.4239959716797
9.200000000000001,1.9556491335368094,10.464408993321259,9.912583015044584,13.958508280647997,1.1137264153264406,5.5822883835909005,107.78099822998047,133.03199768066406,121.73400115966797,133.4239959716797
9.25,2.1315128291241745,11.095128982111214,10.084569447791267,14.08243235672839,1.1427432254602392,5.735288262073725,107.80999755859375,133.0330047607422,121.88700103759766,133.4239959716797
9.3,2.2154943265126925,10.817281299873546,10.259864309894068,14.203333418788139,1.1728085271664261,5.886289239233458,107.83999633789062,133.03500366210938,122.03800201416016,133.4239959716797
9.35,2.3228701380543164,11.441376877037223,10.432261099400307,14.32925150508692,1.2048292014483495,6.044286371138385,107.87200164794922,133.03599548339844,122.19599914550781,133.4239959716797
9.4,2.4298702224108077,11.169253243515227,10.60784031892947,14.452154360803954,1.2378868221106147,6.2002846016605355,107.90499877929688,133.03799438476562,122.35199737548828,133.4239959716797
9.450000000000001,2.52577116790814,11.786472924330623,10.780406280914281,14.581053771629813,1.2719497345134991,6.363286616379733,107.93900299072266,133.0399932861328,122.51499938964844,133.4239959716797
9.5,2.6148748257903,11.520252725494515,10.95612222898568,14.7059659553303,1.3080015259581221,6.52428972967359,107.9749984741211,133.04200744628906,122.6760025024414,133.4239959716797
9.55,2.7259255814884793,12.131749216100234,11.128843029665934,14.835868398598091,1.3450580410470414,6.691289547129256,108.01200103759766,133.04400634765625,122.84300231933594,133.4239959716797
9.600000000000001,2.8410930181565934,11.871108870102148,11.30462738499067,14.962775359855835,1.3841106960998046,6.857289913800345,108.0510025024414,133.04600524902344,123.00900268554688,133.4239959716797
9.65,2.97436036592599,12.476484774672368,11.477351790655842,15.095678976050804,1.424161524427368,7.030286435347652,108.09100341796875,133.04800415039062,123.18199920654297,133.4239959716797
9.700000000000001,3.1119590151421086,12.223369205465499,11.653247811870267,15.22358871495801,1.4672072282688884,7.2012840554039546,108.13400268554688,133.0500030517578,123.35299682617188,133.4239959716797
9.75,3.2577770366638323,12.821509582705167,11.825885871929662,15.355504817421279,1.5113074735194174,7.3772894396018165,108.1780014038086,133.05299377441406,123.52899932861328,133.4250030517578
9.8,3.39732549788197,12.574945470163904,12.001652288958699,15.48542397269027,1.5573485054233487,7.553291942443496,108.2239990234375,133.05499267578125,123.70500183105469,133.4250030517578
9.850000000000001,3.536575557266613,13.16844154886883,12.174358756141858,15.618311005935643,1.6064442164676012,7.73529114952262,108.27300262451172,133.05799865722656,123.88700103759766,133.4250030517578
9.9,3.6647525670286845,12.928321604859855,12.350265592276319,15.749209705294065,1.6565299248281948,7.91629090575627,108.322998046875,133.06100463867188,124.06800079345703,133.4250030517578
9.950000000000001,3.790058745085629,13.516021536922029,12.52322045353546,15.883101012744005,1.7086178077841512,8.102287915560503,108.375,133.06399536132812,124.25399780273438,133.4250030517578
10.0,3.9061170737676205,13.281517495038276,12.699346930489835,16.016002699140174,1.761704385467524,8.288292554575019,108.4280014038086,133.06700134277344,124.44000244140625,133.4250030517578
10.05,4.023166492205098,13.861296970680423,12.872301705947853,16.151896617384168,1.8167867737046104,8.47928681779153,108.48300170898438,133.07000732421875,124.63099670410156,133.4250030517578
10.100000000000001,4.136484243119337,13.632301542966657,13.048420973234304,16.285802283100853,1.8738643872552023,8.67028871020391,108.54000091552734,133.072998046875,124.8219985961914,133.4250030517578
10.15,4.255262783038528,14.206501165090575,13.221422612276124,16.42368560619713,1.9320006639401919,8.866287856220334,108.5979995727539,133.07699584960938,125.01799774169922,133.4250030517578
10.200000000000001,4.374214157394887,13.984777313884376,13.39756342311801,16.558594775970796,1.9920734777726572,9.061287551347522,108.65799713134766,133.0800018310547,125.21299743652344,133.4250030517578
10.25,4.4991405016028105,14.553001403056873,13.57071260515318,16.698502507767238,2.0541496529029692,9.263291030866116,108.72000122070312,133.08299255371094,125.41500091552734,133.4250030517578
10.3,4.625051643717533,14.337253085556805,13.746943366692468,16.83441468752703,2.118270717572154,9.463290438690072,108.78399658203125,133.08700561523438,125.61499786376953,133.42599487304688
10.350000000000001,4.7430743695543764,14.89802535338409,13.919901747143996,16.975305812570422,2.1833959800705736,9.66929172092538,108.8489990234375,133.09100341796875,125.82099914550781,133.42599487304688
10.4,4.8557613860741515,14.691061808402928,14.096175767498304,17.114220624515728,2.2494655962453485,9.874293552256185,108.91500091552734,133.093994140625,126.0260009765625,133.42599487304688
10.450000000000001,4.980034820775549,15.240349070337286,14.268608520839829,17.25509757697017,2.318647115045056,10.084292637160202,108.98400115966797,133.0989990234375,126.23600006103516,133.42599487304688
10.5,5.108003154524784,15.043934118625243,14.444850183198522,17.394997335527233,2.3887608776184703,10.294291721922002,109.05400085449219,133.10299682617188,126.44599914550781,133.42599487304688
10.55,5.238252895809454,15.582277965949077,14.616948282725389,17.5389043654488,2.4608703796292493,10.510295140255337,109.1259994506836,133.10699462890625,126.66200256347656,133.42599487304688
10.600000000000001,5.366212756460767,15.39817285265033,14.793535413693757,17.680789765458705,2.5340397974181563,10.725291478436644,109.1989974975586,133.11199951171875,126.87699890136719,133.42599487304688
10.65,5.491259342991447,15.92402490005333,14.965287787190032,17.824694456342822,2.6101488950848633,10.945292699471965,109.2750015258789,133.11599731445312,127.09700012207031,133.42599487304688
10.700000000000001,5.612896787884081,15.750073557378707,15.141817411539467,17.9675927182104,2.687307236882989,11.165293920443629,109.35199737548828,133.12100219726562,127.31700134277344,133.42599487304688
10.75,5.732759289559777,16.264837995968964,15.313001070830676,18.113484366624494,2.766467990772023,11.390292394879413,109.43099975585938,133.12600708007812,127.54199981689453,133.42599487304688
10.8,5.852359190530582,16.10265747411399,15.489541509686395,18.257396962346714,2.846625269418432,11.614293682410725,109.51100158691406,133.13099670410156,127.76599884033203,133.427001953125
10.850000000000001,5.9729953247119925,16.605360984145143,15.660275072762499,18.405300479312356,2.9287785953991596,11.844297039648552,109.59300231933594,133.13600158691406,127.99600219726562,133.427001953125
10.9,6.095354099863704,16.45624904353645,15.83679379627585,18.550193666421052,3.012992008444707,12.073300946100609,109.677001953125,133.14199829101562,128.22500610351562,133.427001953125
10.950000000000001,6.208383899188118,16.94696543919629,16.00745543316175,18.699102682483677,3.099136055836236,12.308301556751955,109.76300048828125,133.14700317382812,128.4600067138672,133.427001953125
11.0,6.295959506597371,16.80897715610085,16.18395973690931,18.847007748068,3.185279218054755,12.542295087197324,109.8489990234375,133.15199279785156,128.69400024414062,133.427001953125
11.05,6.368390290183336,17.286805215195542,16.354412461833956,18.99891367914115,3.2734817833984025,12.78230058065097,109.93699645996094,133.1580047607422,128.9340057373047,133.427001953125
11.100000000000001,6.443157049549183,17.160841812285547,16.530679357797478,19.148823215724327,3.3626260503148933,13.02129899388417,110.0260009765625,133.16299438476562,129.17300415039062,133.427001953125
11.15,6.526706805156786,17.625240801193563,16.700800947911503,19.302734362171687,3.452822971171651,13.265302290063595,110.11599731445312,133.16900634765625,129.41700744628906,133.427001953125
11.200000000000001,6.623282511535499,17.511410424863843,16.876934634660017,19.45462746013137,3.545021063887792,13.509290327293527,110.20800018310547,133.1750030517578,129.66099548339844,133.427001953125
11.25,6.7335947800261255,17.96295712599563,17.046746547662682,19.61154356583663,3.6372191566033956,13.758298506265877,110.30000305175781,133.18099975585938,129.91000366210938,133.427001953125
11.3,6.844554824299926,17.861833115229725,17.222664111774257,19.763478091176463,3.7314043939387385,14.00430272379647,110.39399719238281,133.18699645996094,130.156005859375,133.42799377441406
11.350000000000001,6.95903047541232,18.17182999640235,17.379311012999977,19.919393164322567,3.8275921757347406,14.256301627736518,110.48999786376953,133.1929931640625,130.4080047607422,133.42799377441406
11.4,7.085069704686447,18.884449456251595,17.62213105427149,20.0763029035045,3.9257759827392094,14.511291254505661,110.58799743652344,133.19900512695312,130.66299438476562,133.42799377441406
11.450000000000001,7.216251024128721,17.86964546632609,17.714399056984472,20.226224461005284,4.025021366153685,14.760299437833334,110.68699645996094,133.20599365234375,130.91200256347656,133.42799377441406
11.5,7.348205750568745,18.686485936267648,17.902149935001155,20.385139326056038,4.126205681525043,15.020293945271758,110.78800201416016,133.21200561523438,131.1719970703125,133.42799377441406
11.55,7.4777603940810256,18.7710498507254,18.05057439855414,20.543073112438638,4.229376930726607,15.28129553361881,110.89099884033203,133.21800231933594,131.43299865722656,133.42799377441406
11.600000000000001,7.603359290650811,19.123489701919215,18.24683918751751,20.702990996257505,4.334613606654544,15.546294934593984,110.99600219726562,133.22500610351562,131.697998046875,133.42799377441406
11.65,7.724924837944333,19.124282668961847,18.39674337429434,20.862927831338514,4.440838920463027,15.812301414806923,111.10199737548828,133.23199462890625,131.96400451660156,133.42799377441406
11.700000000000001,7.843594264624923,19.470386279975358,18.59264095980549,21.024852858267916,4.549007829310977,16.082290440431507,111.20999908447266,133.23800659179688,132.23399353027344,133.42799377441406
11.75,7.960982075001036,19.47416619573697,18.743761866779625,21.185795559445058,4.65923021254076,16.35330179754959,111.31999969482422,133.2449951171875,132.5050048828125,133.42799377441406
11.8,8.068040193591763,19.816237597530172,18.93920231500967,21.349732766298192,4.77045101339499,16.628297541236805,111.43099975585938,133.2519989013672,132.77999877929688,133.4290008544922
11.850000000000001,8.163595447963251,19.821638187217317,19.104183134091166,21.512672735495766,4.8836668183736425,16.90429851792921,111.54399871826172,133.25900268554688,133.05599975585938,133.4290008544922
11.9,8.268685401991785,20.162090860867554,19.231947274552763,21.677622374676613,4.9978801765199785,17.183305475968005,111.65799713134766,133.26600646972656,133.3350067138672,133.4290008544922
11.950000000000001,8.392836297343072,20.168605540787684,19.461843281998924,21.842552370314266,5.114095435777295,17.464296077348642,111.77400207519531,133.2729949951172,133.61599731445312,133.4290008544922
12.0,8.530635481453656,20.50841096611793,19.644035784983952,22.00949943039152,5.231301647410391,17.748292659851398,111.89099884033203,133.27999877929688,133.89999389648438,133.4290008544922
12.05,8.67619657260437,20.516043087331745,19.81853510864459,22.175451366767028,5.3515704667034205,18.034303403942324,112.01100158691406,133.28799438476562,134.18600463867188,133.4290008544922
12.100000000000001,8.823620688667901,20.854873410464034,19.991673479499067,22.34340416086829,5.4727751891207825,18.32330486956438,112.13200378417969,133.2949981689453,134.47500610351562,133.4290008544922
12.15,8.968354026787654,20.863765480319213,20.165621760634803,22.509360957853062,5.5969657571362745,18.613298157514212,112.25599670410156,133.302001953125,134.76499938964844,133.4290008544922
12.200000000000001,9.094724456541329,21.202346886472178,20.338817821284486,22.678331765154383,5.722161815353026,18.907306178606,112.38099670410156,133.3090057373047,135.0590057373047,133.42999267578125
12.25,9.210349821021548,21.212462896322293,20.512647491343017,22.846280086771657,5.84941977605861,19.202304348756442,112.50800323486328,133.31700134277344,135.35400390625,133.42999267578125
12.3,9.333122694710932,21.55079026110554,20.686102757700553,23.01624287448761,5.978607569998938,19.501300320622857,112.63700103759766,133.32400512695312,135.6529998779297,133.42999267578125
12.350000000000001,9.461746762614922,21.562274418487245,20.860166380827547,23.18621599094921,6.108792536040922,19.801303373064503,112.76699829101562,133.33099365234375,135.9530029296875,133.42999267578125
12.4,9.595564731736555,21.90002673923613,21.033959968664405,23.357179483072827,6.242036802072351,20.10530422760161,112.9000015258789,133.33900451660156,136.2570037841797,133.42999267578125
12.450000000000001,9.733160125014786,21.91251855496382,21.208351270082016,23.52814982636114,6.376213978076423,20.410296903791753,113.03399658203125,133.3459930419922,136.56199645996094,133.42999267578125
12.5,9.872562219994476,22.24901089434446,21.382411262904668,23.701129094791003,6.5123957853635694,20.719302641100793,113.16999816894531,133.35299682617188,136.87100219726562,133.42999267578125
12.55,10.012170854144603,22.26236617156214,21.557043571327707,23.872096671594402,6.650627708133756,21.02829476106639,113.30799865722656,133.36099243164062,137.17999267578125,133.43099975585938
12.600000000000001,10.150804505902936,22.59702174061351,21.731258404342658,24.04608778851293,6.7908021783299555,21.342305381183664,113.447998046875,133.3679962158203,137.49400329589844,133.43099975585938
12.65,10.28784448566157,22.610917752095865,21.90597363152032,24.21806706484976,6.932973088308751,21.656300742738804,113.58999633789062,133.375,137.80799865722656,133.43099975585938
12.700000000000001,10.41116860866018,22.944926162087306,22.080231559081835,24.39205315806591,7.077199709991303,21.974309165592707,113.73400115966797,133.38299560546875,138.12600708007812,133.43099975585938
12.75,10.528495765946898,22.96040660762146,22.25502593021175,24.56703555676326,7.222365406674014,22.294301231217595,113.87899780273438,133.38999938964844,138.4459991455078,133.43099975585938
12.8,10.656698841881067,23.29401848217919,22.429348752319118,24.74301957210839,7.369535329241247,22.617299278097786,114.0260009765625,133.39700317382812,138.7689971923828,133.43099975585938
12.850000000000001,10.793870618594216,23.310254236680912,22.604146734138485,24.918013888510515,7.5187019186818675,22.941304405220723,114.17500305175781,133.4040069580078,139.09300231933594,133.43099975585938
12.9,10.938169007214654,23.643361428646024,22.778480203079475,25.09501764697978,7.669856906611896,23.269308880951836,114.32599639892578,133.41099548339844,139.42100524902344,133.4320068359375
12.950000000000001,11.086650803943103,23.6608588930188,22.95331423688497,25.271007605996175,7.823017004677312,23.598303632073318,114.47899627685547,133.41799926757812,139.75,133.4320068359375
13.0,11.236299969212316,23.9924537498436,23.12765852243489,25.448990832631623,7.978181561610777,23.93129618579859,114.63400268554688,133.4250030517578,140.08299255371094,133.4320068359375
13.05,11.384679637551494,24.011425784716373,23.30256448375031,25.6260070807259,8.13533538665746,24.26531107849805,114.79100036621094,133.4320068359375,140.41700744628906,133.4320068359375
13.100000000000001,11.530242706181017,24.34061051701028,23.476923361389986,25.804009430914654,8.295483973824808,24.603308515044326,114.95099639892578,133.43899536132812,140.7550048828125,133.4320068359375
13.15,11.659812186827123,24.358861573753806,23.651717743555782,25.981998397217684,8.4566393501604,24.94229777295605,115.11199951171875,133.4459991455078,141.093994140625,133.4320068359375
13.200000000000001,11.780815352442572,24.686750263778936,23.825900153724945,26.162010200392285,8.618752862962639,25.28430827103459,115.27400207519531,133.45199584960938,141.43600463867188,133.4320068359375
13.25,11.911570925945728,24.7060106893165,24.00046056189445,26.34100862182463,8.783902356203724,25.628303841575846,115.43900299072266,133.45899963378906,141.77999877929688,133.43299865722656
13.3,12.050802104468197,25.03231494562289,24.17429020823882,26.522014846970954,8.950011001500252,25.975303963684944,115.6050033569336,133.46499633789062,142.1269989013672,133.43299865722656
13.350000000000001,12.197452259683661,25.047326751382695,24.347997459708996,26.701031061058504,9.119116078994061,26.323311165904165,115.77400207519531,133.4709930419922,142.47500610351562,133.43299865722656
13.4,12.349004699278568,25.35149012232599,24.51881032907699,26.883031624323593,9.289220520860209,26.675300912046946,115.94400024414062,133.4770050048828,142.82699584960938,133.43299865722656
13.450000000000001,12.489665717789372,25.335614894222726,24.686285929197382,27.06205028572864,9.462320944709589,27.027305916989498,116.11699676513672,133.48300170898438,143.1790008544922,133.43299865722656
13.5,12.623662028856968,25.61004307963157,24.84804486217618,27.244060849873264,9.636427847636739,27.383308724659653,116.29100036621094,133.48899841308594,143.53500366210938,133.43299865722656
13.55,12.781362977709174,25.56911043852424,25.00381332755697,27.422067152479173,9.813531353728992,27.738304452257257,116.46800231933594,133.4949951171875,143.88999938964844,133.43299865722656
13.600000000000001,12.96236984360908,25.81949057995961,25.151701333851904,27.60107924804893,9.992633139334222,28.09630757777634,116.64700317382812,133.50100708007812,144.2480010986328,133.4340057373047
13.65,13.165891842884271,25.7582538298269,25.29164055945921,27.779084984112867,10.173701656669376,28.45530110811471,116.8280029296875,133.50599670410156,144.60699462890625,133.4340057373047
13.700000000000001,13.393333703752456,25.989158986186563,25.421881431699973,27.954103538600958,10.358796381465403,28.81530171850818,117.01300048828125,133.51199340820312,144.9669952392578,133.4340057373047
13.75,13.628260594429836,25.911434159007786,25.542423778669104,28.127128971437802,10.546858901053586,29.176309409010646,117.20099639892578,133.51699829101562,145.3280029296875,133.4340057373047
13.8,13.858070980675858,26.126570499984346,25.651849334105247,28.298140972103802,10.737926354158969,29.538308920762855,117.39199829101562,133.52200317382812,145.69000244140625,133.4340057373047
13.850000000000001,14.072381569179063,26.035526464943576,25.750669305461336,28.466155293886274,10.931990753459647,29.900308432562056,117.58599853515625,133.52699279785156,146.052001953125,133.4340057373047
13.9,14.265388486650258,26.2378826145121,25.839308554679953,28.63316753877753,11.129052915616489,30.26430819693044,117.78299713134766,133.53199768066406,146.41600036621094,133.43499755859375
13.950000000000001,14.436587810656386,26.136037645105393,25.919350829768216,28.797174182165968,11.329097444415606,30.62830661010621,117.98300170898438,133.53599548339844,146.77999877929688,133.43499755859375
14.0,14.575325330969395,26.328063211278348,25.991152842932895,28.9612001596846,11.530156145379836,30.993312103297036,118.18399810791016,133.54100036621094,147.14500427246094,133.43499755859375
14.05,14.69414362631971,26.21747037677899,26.055988836758367,29.12120995314691,11.73419769415056,31.357310516472655,118.38800048828125,133.5449981689453,147.50900268554688,133.43499755859375
14.100000000000001,14.822074790998293,26.709699102826434,26.145009689045047,29.28722443011407,11.939238502684294,31.728312713755553,118.59300231933594,133.5489959716797,147.8800048828125,133.43499755859375
14.15,14.963933052066302,26.56451134270174,26.225635440332532,29.449226261280593,12.146277836269686,32.097300750928696,118.80000305175781,133.55299377441406,148.24899291992188,133.43499755859375
14.200000000000001,15.122427466741327,26.71246971425683,26.297966513139556,29.61123966243635,12.355299086023829,32.46830294824969,119.00900268554688,133.55599975585938,148.6199951171875,133.43499755859375
14.25,15.296185410366446,26.564545675536,26.363277664792378,29.770262488803024,12.566335491093975,32.83831469479017,119.22000122070312,133.55999755859375,148.99000549316406,133.43600463867188
14.3,15.48101106259217,26.712433667859884,26.421863981579936,29.926271978394446,12.78035348953995,33.20830981202681,119.43399810791016,133.56300354003906,149.36000061035156,133.43600463867188
14.350000000000001,15.671322371487902,26.56458172826632,26.474769507912207,30.07927563218972,12.997376966208877,33.578304929278836,119.6510009765625,133.5659942626953,149.72999572753906,133.43600463867188
14.4,15.845555705717297,26.712433671476667,26.522224613608664,30.230295910205566,13.216399365054935,33.94831530528666,119.87000274658203,133.56900024414062,150.10000610351562,133.43600463867188
14.450000000000001,16.00550012208054,26.564581732347303,26.565079022332856,30.379297737771346,13.437409076063641,34.318310422565915,120.09100341796875,133.5709991455078,150.47000122070312,133.43600463867188
14.5,16.1706013639128,26.712433673018463,26.603516068506867,30.525305838619058,13.661428268155309,34.68830553977635,120.31500244140625,133.57400512695312,150.83999633789062,133.43600463867188
14.55,16.33772215659886,26.56458173324318,26.63822720415329,30.669325884424275,13.887435032706069,35.05831591585332,120.54100036621094,133.5760040283203,151.2100067138672,133.43600463867188
14.600000000000001,16.505599939319826,26.712433673627515,26.638500661233394,30.81132729522102,14.115440621126902,35.428312362412,120.76899719238281,133.5780029296875,151.5800018310547,133.43699645996094
14.65,16.67277273174236,26.564581732566488,26.63850770021987,30.950327327092786,14.3464520769764,35.798307479699915,121.0,133.5800018310547,151.9499969482422,133.43699645996094
14.700000000000001,16.838177051347504,26.712433673110556,26.638504096105244,31.087343797494878,14.57946236000341,36.168317855696095,121.23300170898438,133.58200073242188,152.32000732421875,133.43699645996094
14.75,17.00110895733575,26.56458173126963,26.638507701678606,31.222341464125666,14.81446506333909,36.53831297297872,121.46800231933594,133.58299255371094,152.69000244140625,133.43699645996094
14.8,17.16144426643739,26.712433672146624,26.63850770210728,31.35534506477285,15.051473133657536,36.908308090190864,121.70500183105469,133.5850067138672,153.05999755859375,133.43699645996094
14.850000000000001,17.31948506684528,26.56458172987598,26.638507702268242,31.4853455539043,15.291473046831287,37.278303207464205,121.94499969482422,133.58599853515625,153.42999267578125,133.43699645996094
14.9,17.475843386211128,26.7124336713277,26.638507702253342,31.61336249974621,15.533471907462785,37.64831358346961,122.18699645996094,133.58700561523438,153.8000030517578,133.43699645996094
14.950000000000001,17.63130826735722,26.564581729310724,26.638507701949685,31.73935283608226,15.777477219123835,38.0183100713091,122.43099975585938,133.58799743652344,154.1699981689453,133.43800354003906
15.0,17.78659981655259,26.71243367113149,26.63850770176099,31.86334437682365,16.023479416389566,38.38830518852839,122.677001953125,133.58799743652344,154.5399932861328,133.43800354003906
15.05,17.929845036494598,26.56458172840689,26.63850770127736,31.985357045947623,16.271482559783795,38.75831556458056,122.92500305175781,133.58900451660156,154.91000366210938,133.43800354003906
15.100000000000001,18.066427747873067,26.712433671188627,26.638507701033472,32.10535551165118,16.521484544750486,39.12831068180239,123.17500305175781,133.58999633789062,155.27999877929688,133.43800354003906
15.15,18.227305804570168,26.56458172828874,26.638507700605697,32.22235097170524,16.7744829374127,39.4983057990625,123.4280014038086,133.58999633789062,155.64999389648438,133.43800354003906
15.200000000000001,18.423150317603735,26.712433671283073,26.638507700422945,32.33935407006848,17.028480747397676,39.86930799636443,123.68199920654297,133.58999633789062,156.02099609375,133.43800354003906
15.25,18.64376669683236,26.564581728231268,26.638507700119106,32.45035290944707,17.286483982792408,40.23831129233175,123.94000244140625,133.58999633789062,156.38999938964844,133.43800354003906
15.3,18.876154705572056,26.712433671411965,26.638507700045643,32.560355331794405,17.547477940368843,40.60931481537845,124.20099639892578,133.58999633789062,156.76100158691406,133.43899536132812
15.350000000000001,19.108470812491483,26.564581728299487,26.638507699888,32.66535756289074,17.811477879770685,40.97831811134442,124.46499633789062,133.58999633789062,157.1300048828125,133.43899536132812
15.4,19.33121159012677,26.71243367168327,26.638507699923554,32.76935273194199,18.078483800826604,41.349320308649055,124.73200225830078,133.58999633789062,157.50100708007812,133.43899536132812
15.450000000000001,19.536635075997577,26.56458172838333,26.638507699830814,32.868338536279765,18.34848226623577,41.71830834582445,125.00199890136719,133.58900451660156,157.8699951171875,133.43899536132812
15.5,19.72143148173923,26.71243367210673,26.63850769992834,32.96633709128067,18.621484891275543,42.089310543130246,125.2750015258789,133.58900451660156,158.24099731445312,133.43899536132812
15.55,19.873286246281648,26.56458172856432,26.63850769994408,33.05933389586585,18.897487705582545,42.45831383909263,125.5510025024414,133.58799743652344,158.61000061035156,133.43899536132812
15.600000000000001,19.998178132476077,26.712433672444966,26.63850770006971,33.15333471372163,19.174488133159564,42.82931603640007,125.8280029296875,133.58799743652344,158.9810028076172,133.43899536132812
15.65,20.126670549194003,26.564581728860198,26.63850770012686,33.244328315885646,19.452489780581413,43.19832070661482,126.10600280761719,133.58700561523438,159.35000610351562,133.44000244140625
15.700000000000001,20.26409955548746,26.712433672809784,26.63850770027953,33.33431614692967,19.733488010712488,43.56930764513441,126.38700103759766,133.58700561523438,159.7209930419922,133.44000244140625
15.75,20.405217981799474,26.564581729153645,26.63850770037177,33.420317062592865,20.016486934058264,43.93831094109477,126.66999816894531,133.58599853515625,160.08999633789062,133.44000244140625
15.8,20.552964674827273,26.712433673258772,26.63850770055645,33.50730991363462,20.300492877392152,44.30931313840342,126.9540023803711,133.5850067138672,160.46099853515625,133.44000244140625
15.850000000000001,20.722383811028116,26.564581729699725,26.638507700696472,33.58931317686766,20.58748957844962,44.67831643436088,127.24099731445312,133.58399963378906,160.8300018310547,133.44000244140625
15.9,20.896194988244915,26.71243367382417,26.638507700910566,33.67131315762557,20.87649104330792,45.04931863167184,127.52999877929688,133.58399963378906,161.2010040283203,133.44000244140625
15.950000000000001,21.070472082182988,26.56458173022542,26.638507701094774,33.748307464291564,21.168492596866876,45.41832326055393,127.8219985961914,133.58299255371094,161.57000732421875,133.4409942626953
16.0,21.258896642594774,26.712433674338513,26.638507701317952,33.825290855489236,21.46249298810895,45.78931019907568,128.11599731445312,133.58200073242188,161.9409942626953,133.4409942626953
16.05,21.453303537786258,26.564581730677716,26.638507701529296,33.89729228237376,21.759491765859376,46.158313495032424,128.41299438476562,133.58099365234375,162.30999755859375,133.4409942626953
16.1,21.634197432791115,26.712433674875214,26.638507701772323,33.96828675036009,22.05949645711202,46.529315692344014,128.71299743652344,133.5800018310547,162.68099975585938,133.4409942626953
16.150000000000002,21.798108069314356,26.564581731094687,26.63850770199577,34.03627524804603,22.360508273622088,46.898318988300055,129.01400756835938,133.57899475097656,163.0500030517578,133.4409942626953
16.2,21.95395112147391,26.712433675501835,26.638507702264974,34.102280228908704,22.665502562076686,47.26932118561212,129.31900024414062,133.5780029296875,163.42100524902344,133.4409942626953
16.25,22.100390537821763,26.56458173158947,26.638507702508555,34.16526397896121,22.971503975140507,47.63830922277787,129.625,133.57699584960938,163.7899932861328,133.4409942626953
16.3,22.269801434531097,26.712433676078255,26.638507702790502,34.22826303409602,23.279502632367734,48.009312786940335,129.93299865722656,133.57699584960938,164.16099548339844,133.44200134277344
16.35,22.472546069698815,26.564581732127234,26.63850770303325,34.28625735022174,23.590508852538488,48.37831608289444,130.24400329589844,133.5760040283203,164.52999877929688,133.44200134277344
16.400000000000002,22.69851417036074,26.71243367675875,26.638507703326706,34.34325983681491,23.90450582887144,48.74931828020778,130.55799865722656,133.5749969482422,164.9010009765625,133.44200134277344
16.45,22.936795170906368,26.56458173270749,26.638507703574913,34.39525757979642,24.221508723228155,49.1183215761619,130.875,133.57400512695312,165.27000427246094,133.44200134277344
16.5,23.176802131724617,26.712433677353545,26.638507703876417,34.44525641920805,24.542509448505715,49.489323773475235,131.1959991455078,133.572998046875,165.64100646972656,133.44200134277344
16.55,23.40942900972418,26.564581733297832,26.638507704138426,34.49023525168912,24.866516093503474,49.85831181064029,131.52000427246094,133.57200622558594,166.00999450683594,133.44200134277344
16.6,23.626935771139568,26.71243367794543,26.63850770444545,34.534237510688904,25.193513493909812,50.229314007953626,131.8470001220703,133.5709991455078,166.38099670410156,133.44200134277344
16.650000000000002,23.825074051492706,26.564581733932606,26.63850770472924,34.574242090468424,25.522508244886755,50.598318636832396,132.17599487304688,133.5709991455078,166.75,133.4429931640625
16.7,24.003413009247573,26.712433678635268,26.63850770504258,34.61223256133533,25.85551753439008,50.96932083414703,132.50900268554688,133.57000732421875,167.12100219726562,133.4429931640625
16.75,24.16493964385057,26.564581734561447,26.638507705339784,34.647232310696005,26.19051050325078,51.33931595138868,132.843994140625,133.56900024414062,167.49099731445312,133.4429931640625
16.8,24.31494631486705,26.71243367929874,26.63850770566183,34.68122866815616,26.526509038408182,51.70931106862532,133.17999267578125,133.56900024414062,167.86099243164062,133.4429931640625
16.85,24.459878724819404,26.56458173522139,26.638507705971243,34.71223068185881,26.865515050874084,52.07932144465551,133.5189971923828,133.5679931640625,168.2310028076172,133.4429931640625
16.900000000000002,24.60563739593024,26.71243367998939,26.63850770629431,34.7412186388531,27.206519911216134,52.4493165618928,133.86000061035156,133.56700134277344,168.6009979248047,133.4429931640625
16.95,24.756942616427505,26.564581735876764,26.638507706611232,34.768211264816614,27.54952223055374,52.81931167913394,134.2030029296875,133.56700134277344,168.9709930419922,133.4429931640625
17.0,24.917138409752056,26.71243368070497,26.638507706946378,34.79321314070546,27.894524921118983,53.189323425673756,134.54800415039062,133.5659942626953,169.34100341796875,133.44400024414062
17.05,25.076651233007965,26.564581736560644,26.63850770727266,34.81521617931254,28.242516864478535,53.55931854291489,134.89599609375,133.5659942626953,169.71099853515625,133.44400024414062
17.1,25.213338474085507,26.712433681322903,26.638507707610405,34.836208685113576,28.591517297243552,53.929313660152175,135.2449951171875,133.56500244140625,170.08099365234375,133.44400024414062
17.150000000000002,25.326628602142595,26.564581737193194,26.638507707936462,34.85522102159867,28.942515222049064,54.29932403618237,135.5959930419922,133.56500244140625,170.4510040283203,133.44400024414062
17.2,25.432573613746317,26.712433682107573,26.638507708283697,34.872200471676614,29.295528743517654,54.66931915341966,135.94900512695312,133.56399536132812,170.8209991455078,133.44400024414062
17.25,25.530886864411887,26.564581737925778,26.638507708620132,34.88820684662517,29.64951739098046,55.039314270660114,136.30299377441406,133.56399536132812,171.1909942626953,133.44400024414062
17.3,25.613793780118783,26.71243368287131,26.638507708977393,34.903202751900075,30.004529762771945,55.409324646687125,136.6580047607422,133.56300354003906,171.56100463867188,133.44400024414062
17.35,25.687015827095482,26.56458173864656,26.638507709319907,34.9161997467236,30.36152439168056,55.779321134497565,137.01499938964844,133.56300354003906,171.93099975585938,133.44500732421875
17.400000000000002,25.76621366518701,26.71243368360965,26.63850770968194,34.929200160834164,30.718519020589035,56.14931625173551,137.3719940185547,133.56300354003906,172.30099487304688,133.44500732421875
17.45,25.853079843730956,26.564581739306874,26.638507710024946,34.94020168493686,31.077527809652793,56.51932662776503,137.7310028076172,133.56300354003906,172.67100524902344,133.44500732421875
17.5,25.952692066820877,26.712433684273336,26.63850771038178,34.95019274931867,31.437529828625493,56.88932174500282,138.09100341796875,133.56199645996094,173.04100036621094,133.44500732421875
17.55,26.0755216923323,26.564581740102224,26.63850771073594,34.95919538439396,31.79852226026614,57.2593168622426,138.45199584960938,133.56199645996094,173.41099548339844,133.44500732421875
17.6,26.21880151105519,26.712433684970073,26.63850771110065,34.966199129414896,32.161528852063256,57.62932723826961,138.81500244140625,133.56199645996094,173.781005859375,133.44500732421875
17.650000000000002,26.377704402366287,26.5645817407917,26.638507711460505,34.97019690973418,32.52752616651744,57.99932235550939,139.18099975585938,133.56199645996094,174.1510009765625,133.44500732421875
17.7,26.545607660295413,26.712433685814958,26.638507711831245,34.97319957073051,32.89552238233943,58.3703258785696,139.5489959716797,133.56199645996094,174.52200317382812,133.4459991455078
17.75,26.70451258540909,26.564581741490773,26.638507712187742,34.972192496152054,33.265532758317626,58.73932917452046,139.91900634765625,133.56199645996094,174.89100646972656,133.4459991455078
17.8,26.83861258472972,26.71243368654341,26.63850771255495,34.971185421667826,33.63752677687317,59.11031611304734,140.29100036621094,133.56199645996094,175.26199340820312,133.4459991455078
17.85,26.963892750895383,26.564581742222547,26.638507712912553,34.96619582505008,34.01151969679515,59.4793194089982,140.6649932861328,133.56199645996094,175.63099670410156,133.4459991455078
17.900000000000002,27.096192257480705,26.71243368715576,26.63850771326716,34.962194767776424,34.38652100840549,59.85032160631464,141.0399932861328,133.56100463867188,176.0019989013672,133.4459991455078
17.95,27.23425281123211,26.56458174301249,26.638507713637715,34.953195408333244,34.76452829103098,60.2193249022655,141.41799926757812,133.56199645996094,176.37100219726562,133.4459991455078
18.0,27.37756800064435,26.71243368793878,26.63850771400426,34.945196518556884,35.143526093765374,60.59032846643154,141.7969970703125,133.56199645996094,176.74200439453125,133.44700622558594
18.05,27.51552055509918,26.564581743641746,26.638507714358212,34.932180841933445,35.52552987794511,60.95931650359267,142.1790008544922,133.56199645996094,177.11099243164062,133.44700622558594
18.1,27.647028998636713,26.712433688745868,26.638507714735795,34.920187498782006,35.90852548341386,61.33031870090927,142.56199645996094,133.56199645996094,177.48199462890625,133.44700622558594
18.150000000000002,27.787285339867573,26.564581744382657,26.638507715094892,34.90418111583066,36.29353524903886,61.69932199685945,142.94700622558594,133.56199645996094,177.8509979248047,133.44700622558594
18.2,27.934166134103307,26.71243368941193,26.638507715454587,34.88818999176255,36.680528657242,62.07032419417589,143.33399963378906,133.56199645996094,178.2220001220703,133.44700622558594
18.25,28.08677011786584,26.56458174521015,26.638507715826524,34.868185827975054,37.069536225601446,62.439327490126075,143.72300720214844,133.56199645996094,178.59100341796875,133.44700622558594
18.3,28.243731038328093,26.712433690243152,26.638507716196493,34.84718984852084,37.46153451661719,62.81032968744251,144.11500549316406,133.56199645996094,178.96200561523438,133.44700622558594
18.35,28.402635009181747,26.56458174588405,26.63850771656264,34.82318464306415,37.854524628922064,63.17931905758411,144.50799560546875,133.56199645996094,179.33099365234375,133.447998046875
18.400000000000002,28.56114419754297,26.71243369103038,26.6385077169501,34.798178935702815,38.250537261991106,63.550321254900545,144.9040069580078,133.56300354003906,179.70199584960938,133.447998046875
18.45,28.717275876651854,26.56458174660052,26.638507717308908,34.769187394902474,38.64853225710841,63.91932455085073,145.302001953125,133.56300354003906,180.0709991455078,133.447998046875
18.5,28.869699668465074,26.712433691756026,26.638507717690636,34.740195854463856,39.048526153592846,64.29032674816716,145.70199584960938,133.56300354003906,180.44200134277344,133.447998046875
18.55,29.017950343520045,26.564581747359277,26.638507718062392,34.70719127469697,39.45053421023348,64.65933004411735,146.10400390625,133.56300354003906,180.81100463867188,133.447998046875
18.6,29.16263386955864,26.712433692416216,26.638507718429423,34.67319487953899,39.85553298953035,65.03033224143445,146.50900268554688,133.56300354003906,181.1820068359375,133.447998046875
18.650000000000002,29.304546749557964,26.564581748158957,26.638507718807052,34.63619582720104,40.261524801607415,65.39932027859558,146.9149932861328,133.56399536132812,181.55099487304688,133.447998046875
18.7,29.444767019852545,26.712433693214507,26.63850771918731,34.59919010982321,40.66952956234963,65.77032384276178,147.322998046875,133.56399536132812,181.9219970703125,133.44900512695312
18.75,29.575988742227832,26.564581748900984,26.638507719556394,34.558189970268934,41.07953322445907,66.13932713871198,147.73300170898438,133.56399536132812,182.29100036621094,133.44900512695312
18.8,29.7000796251858,26.7124336940368,26.638507719935763,34.51719320101808,41.49153701876411,66.51032933602907,148.14500427246094,133.56500244140625,182.66200256347656,133.44900512695312
18.85,29.844546675980073,26.564581749668054,26.638507720314163,34.47219528644652,41.90553848360794,66.87933263197927,148.5590057373047,133.56500244140625,183.031005859375,133.44900512695312
18.900000000000002,30.016410872248308,26.712433694756836,26.63850772068681,34.4271821139395,42.32153884981891,67.2503195705073,148.97500610351562,133.56500244140625,183.40199279785156,133.44900512695312
18.95,30.215167550713847,26.564581750431888,26.63850772106995,34.37818642072942,42.73953811739772,67.6193228664575,149.39300537109375,133.56500244140625,183.77099609375,133.44900512695312
19.0,30.44556832297751,26.712433695517753,26.63850772144612,34.327195204321434,43.161536353251506,67.99032506377459,149.81500244140625,133.5659942626953,184.14199829101562,133.44900512695312
19.05,30.469402032844553,26.564581751183873,26.63850772182858,34.273191292721314,43.58454050364213,68.35932969265012,150.23800659179688,133.5659942626953,184.51100158691406,133.4499969482422
19.1,30.4435155233735,26.712433696339566,26.63850772222092,34.22120489661872,44.00752939525056,68.73033188996722,150.66099548339844,133.5659942626953,184.8820037841797,133.4499969482422
19.150000000000002,30.417670006151937,26.564581751967538,26.638507722601776,34.16821486080936,44.429527667253936,69.09933518591741,151.08299255371094,133.56700134277344,185.25100708007812,133.4499969482422
19.200000000000003,30.391893051451564,26.712433697094642,26.63850772298979,34.116197954368324,44.85253181765855,69.47032212444545,151.50599670410156,133.56700134277344,185.6219940185547,133.4499969482422
19.25,30.366081724911297,26.564581752732987,26.63850772337299,34.063204492026415,45.27452888798288,69.83932542039564,151.92799377441406,133.56700134277344,185.99099731445312,133.4499969482422
19.3,30.34033905334106,26.71243369782842,26.63850772375215,34.01320516201217,45.69553530530015,70.21032761771274,152.3489990234375,133.5679931640625,186.36199951171875,133.4499969482422
19.35,30.314599831238933,26.564581753465234,26.63850772413187,33.962195337524534,46.116540554329816,70.58032273495185,152.77000427246094,133.5679931640625,186.73199462890625,133.4499969482422
19.400000000000002,30.28889493865553,26.712433698595888,26.638507724515772,33.911212542208084,46.53753054456834,70.95033448149348,153.1909942626953,133.5679931640625,187.1020050048828,133.4510040283203
19.450000000000003,30.263190048276286,26.56458175425471,26.638507724898055,33.86020271432404,46.958535793594415,71.3203295987326,153.61199951171875,133.5679931640625,187.4720001220703,133.4510040283203
19.5,30.237557280381935,26.712433699338362,26.638507725280117,33.81020346117203,47.37853516993811,71.69032471597171,154.03199768066406,133.56900024414062,187.8419952392578,133.4510040283203
19.55,30.960007828715025,26.564581754992357,26.638507725660965,33.756218194747035,47.80253114163564,72.06033509199989,154.45599365234375,133.56900024414062,188.21200561523438,133.4510040283203
19.6,32.139689401342544,26.712433700107564,26.638507726037762,33.686211299306976,48.24253358336799,72.430330209239,154.89599609375,133.56900024414062,188.58200073242188,133.4510040283203
19.650000000000002,33.23880784941561,26.564581755761175,26.638507726417128,33.60120866001251,48.69753652942239,72.80032532647812,155.3509979248047,133.57000732421875,188.95199584960938,133.4510040283203
19.700000000000003,34.250554773594835,26.712433700842677,26.638507726791932,33.501214936030394,49.16753775054427,73.17033703180374,155.8209991455078,133.57000732421875,189.32200622558594,133.45199584960938
19.75,35.111820463858315,26.564581756494228,26.638507727168058,33.38820904784167,49.65053945978674,73.54033214904285,156.3040008544922,133.57000732421875,189.69200134277344,133.45199584960938
19.8,35.75788134227413,26.71243370162542,26.638507727547754,33.26420518027199,50.14454375143449,73.91032726628197,156.79800415039062,133.5709991455078,190.06199645996094,133.45199584960938
19.85,36.140778105417176,26.564581757276656,26.638507727928896,33.13421639133255,50.6445437514429,74.28033764231014,157.29800415039062,133.5709991455078,190.4320068359375,133.45199584960938
19.900000000000002,36.24157934026513,26.712433702398133,26.638507728309122,33.00122529404684,51.147535482295844,74.65033275954926,157.80099487304688,133.57200622558594,190.802001953125,133.45199584960938
19.950000000000003,36.11558017745496,26.56458175803047,26.638507728686694,32.86821531268069,51.65054146386034,75.02032787678837,158.3040008544922,133.57200622558594,191.1719970703125,133.45199584960938
20.0,35.85317758797822,26.71243370318593,26.63850772907145,32.739237282510196,52.14953536970032,75.39033825281655,158.80299377441406,133.572998046875,191.54200744628906,133.45199584960938
20.05,35.54051506910202,26.564581758788236,26.63850772945104,32.61421915981543,52.64454574595488,75.76033474062564,159.29800415039062,133.572998046875,191.91200256347656,133.4530029296875
20.1,35.264498362684066,26.71243370392999,26.638507729833282,32.49222970477712,53.13653591267012,76.13032985786475,159.7899932861328,133.57400512695312,192.28199768066406,133.4530029296875
20.150000000000002,35.05486994930407,26.56458175956299,26.638507730213462,32.37421905131201,53.62454250463829,76.50032497510387,160.2779998779297,133.57400512695312,192.65199279785156,133.4530029296875
20.200000000000003,34.94852357891062,26.712433704737425,26.638507730602935,32.25822628559575,54.11055120718976,76.87033535113204,160.76400756835938,133.5749969482422,193.02200317382812,133.4530029296875
20.25,34.95763020546638,26.564581760332178,26.63850773098673,32.14323687637178,54.595536558780026,77.24033046837116,161.24899291992188,133.5749969482422,193.39199829101562,133.4530029296875
20.3,35.06667167575418,26.712433705523967,26.638507731376585,32.02823606627726,55.08154529262035,77.61133266568825,161.73500061035156,133.5760040283203,193.76300048828125,133.4530029296875
20.35,35.24033374254926,26.56458176111618,26.63850773176054,31.90824183726978,55.57054370570868,77.98033596163845,162.2239990234375,133.5760040283203,194.1320037841797,133.4530029296875
20.400000000000002,35.4439510143745,26.712433706292966,26.638507732150025,31.788243792811468,56.0615410201725,78.35133948469932,162.71499633789062,133.5760040283203,194.5030059814453,133.45399475097656
20.450000000000003,35.65419118367818,26.56458176186575,26.638507732533547,31.663229458490754,56.55554431608689,78.72032752186045,163.20899963378906,133.5760040283203,194.8719940185547,133.45399475097656
20.5,35.84110269935175,26.712433707028982,26.638507732917855,31.537242429100292,57.052539324314154,79.09132971917755,163.70599365234375,133.57699584960938,195.2429962158203,133.45399475097656
20.55,35.97469966781146,26.56458176263888,26.638507733302923,31.40723853914117,57.551547503032666,79.46033301512774,164.2050018310547,133.57699584960938,195.61199951171875,133.45399475097656
20.6,36.0424850716666,26.712433707756944,26.638507733685618,31.278241729818898,58.051547503033895,79.83133521244484,164.7050018310547,133.57699584960938,195.98300170898438,133.45399475097656
20.650000000000002,36.05832566690499,26.5645817633793,26.638507734067247,31.14625822265428,58.552540336524544,80.20033850839503,165.20599365234375,133.5780029296875,196.3520050048828,133.45399475097656
20.700000000000003,36.02772490828385,26.712433708526152,26.63850773444612,31.017261446666723,59.05254033652789,80.57134070571213,165.70599365234375,133.5780029296875,196.72300720214844,133.45399475097656
20.75,35.969692593942696,26.564581764117914,26.638507734824692,30.886246508212963,59.55254033653524,80.94033011718393,166.20599365234375,133.5780029296875,197.0919952392578,133.4550018310547
20.8,35.89707933327562,26.63150754766617,26.63041511903891,30.75725371480113,60.05154950091969,81.3103404944225,166.7050018310547,133.57899475097656,197.46200561523438,133.4550018310547
20.85,35.82166112803241,26.56361014661788,26.630317957589078,30.628241706000434,60.54955059956184,81.67932853154076,167.2030029296875,133.57899475097656,197.83099365234375,133.4550018310547
20.900000000000002,35.75217899649149,26.712505800982502,26.630325167058032,30.502250921454046,61.04654461812436,82.0503307288888,167.6999969482422,133.57899475097656,198.20199584960938,133.4550018310547
20.950000000000003,35.69385833681419,26.564581756254203,26.63032516649688,30.375253073732672,61.54254681539491,82.41933402481504,168.1959991455078,133.57899475097656,198.5709991455078,133.4550018310547
21.0,35.64918138460073,26.712433703919793,26.63032516618596,30.251261191149354,62.03754193258499,82.79033622216778,168.6909942626953,133.57899475097656,198.94200134277344,133.4550018310547
21.05,35.61674737862312,26.56454570886292,26.630321560808362,30.125259335805517,62.532553332994844,83.15933951809366,169.18600463867188,133.5800018310547,199.31100463867188,133.4550018310547
21.1,35.58574851829246,26.712433705418228,26.630321560574494,30.001263371734385,63.027548450182636,83.53034304118803,169.68099975585938,133.5800018310547,199.6820068359375,133.45599365234375
21.150000000000002,35.55475313454873,26.564581759423643,26.630321560178924,29.876249185343056,63.521551746081144,83.89933107832825,170.1750030517578,133.5800018310547,200.05099487304688,133.45599365234375
21.200000000000003,35.52382988647824,26.71243370676965,26.630321560003278,29.754256222052604,64.01454796190148,84.27033327567378,170.66799926757812,133.5800018310547,200.4219970703125,133.45599365234375
21.25,35.49290666653183,26.56458176100609,26.630321559692096,29.630264383492257,64.5075441777218,84.63933657160449,171.16099548339844,133.5800018310547,200.79100036621094,133.45599365234375
21.3,35.462017799703766,26.7124337081824,26.63841417574372,29.508256179178037,65.00055565233117,85.01033876894633,171.6540069580078,133.5800018310547,201.16200256347656,133.45599365234375
21.35,35.43116671748585,26.564581762666478,26.638511337348582,29.385271429870272,65.49254478807336,85.37934206487918,172.14599609375,133.5800018310547,201.531005859375,133.45599365234375
21.400000000000002,35.40034998496124,26.712433709699795,26.63850412822031,29.264259275622607,65.98455018229942,85.75032900342659,172.63800048828125,133.58099365234375,201.90199279785156,133.45599365234375
21.450000000000003,35.369567600274216,26.564581764012175,26.638504128996107,29.14125500135476,66.47655457683067,86.11933367361537,173.1300048828125,133.58099365234375,202.27099609375,133.45700073242188
21.5,35.33878866330843,26.712433710930775,26.638504129697207,29.0212609749271,66.96755189128379,86.49033587094894,173.62100219726562,133.58099365234375,202.64199829101562,133.45700073242188
21.55,34.94602738796443,26.56458176537475,26.63850773534839,28.901266957445678,67.45655030437135,86.85933916688559,174.11000061035156,133.58099365234375,203.01100158691406,133.45700073242188
21.6,33.22537258656775,26.712433712098015,26.63850773601637,28.80127703604328,67.92754334675122,87.23034136421764,174.58099365234375,133.58099365234375,203.3820037841797,133.45700073242188
21.650000000000002,31.755240176050062,26.56454571773585,26.63850413184759,28.72127594820831,68.37654847451194,87.59934466015574,175.02999877929688,133.58099365234375,203.75100708007812,133.45700073242188
21.700000000000003,30.40739937497888,26.712433713220825,26.638504132492706,28.662255503134276,68.80655640984905,87.97033159869721,175.4600067138672,133.58099365234375,204.1219940185547,133.45700073242188
21.75,29.230595644218777,26.564581767922807,26.638504133184377,28.619267617138274,69.21854371506465,88.33933622756139,175.8719940185547,133.58099365234375,204.49099731445312,133.45799255371094
21.8,28.24200023947376,26.712433714213507,26.638504133787485,28.593266880897733,69.61554688914245,88.7103384248886,176.2689971923828,133.58099365234375,204.86199951171875,133.45799255371094
21.85,27.403273910529208,26.564581768996092,26.638504134420447,28.576268747193755,70.00154847613271,89.07934172082969,176.65499877929688,133.58099365234375,205.2310028076172,133.45799255371094
21.900000000000002,26.787890873736867,26.712433715358543,26.638504134986324,28.57227098152196,70.37654847613537,89.45034391815672,177.02999877929688,133.58099365234375,205.6020050048828,133.45799255371094
21.950000000000003,26.425982660572508,26.437682801715805,26.625814238756686,28.57326279353469,70.74454469198712,89.81933195616948,177.3979949951172,133.58099365234375,205.9709930419922,133.45799255371094
22.0,26.309882832872294,26.248573729888896,26.579428240652497,28.57326279335506,71.11055726537847,90.1853445389294,177.76400756835938,133.58099365234375,206.33700561523438,133.45799255371094
22.05,26.399342030718774,23.161685209908647,26.239138585105888,28.551259827214416,71.47655458013857,90.52933905337,178.1300048828125,133.58099365234375,206.68099975585938,133.45799255371094
22.1,26.60310179534642,21.179084729203595,25.68580368681645,28.497270439235745,71.8455426176653,90.84434482204283,178.49899291992188,133.58099365234375,206.99600219726562,133.45899963378906
22.150000000000002,26.828173304724988,20.799612344420265,25.109310349484893,28.435255017916425,72.21654614110412,91.15333681747926,178.8699951171875,133.5800018310547,207.30499267578125,133.45899963378906
22.200000000000003,26.99395306230334,20.27899855472774,24.465966833635584,28.363249667638332,72.59055432015006,91.45536605615757,179.24400329589844,133.5800018310547,207.60699462890625,133.45899963378906
22.25,27.036900664991816,19.639740751058657,23.773482731949166,28.282258610271203,72.96555432034624,91.74946199909388,179.61900329589844,133.5800018310547,207.9010009765625,133.45899963378906
22.3,26.92076467133288,18.913487172442757,22.99358807777209,28.19326056276264,73.3405543204171,92.03563308302171,179.99400329589844,133.5800018310547,208.18699645996094,133.45899963378906
22.35,26.656596600035456,18.12525217738652,22.149655118611133,28.09828711548352,73.71254833897909,92.31290565512616,180.36599731445312,133.5800018310547,208.46400451660156,133.45899963378906
22.400000000000002,26.270351603932443,17.348569583354283,21.213268705410705,28.000296872131347,74.07955273351531,92.58215043433616,180.73300170898438,133.5800018310547,208.73300170898438,133.45899963378906
22.450000000000003,25.80566425429572,16.657755822066473,20.235276007445773,27.905305322799315,74.44054516519057,92.84819122783593,181.093994140625,133.5800018310547,208.99899291992188,133.45899963378906
22.5,25.309943971022715,15.919241136970802,19.202342748153963,27.806314889999882,74.79454907149915,93.10322812862059,181.447998046875,133.5800018310547,209.25399780273438,133.45899963378906
22.55,24.803927440811815,15.179787369730452,18.404152964136145,27.702313565748216,75.1425562737154,93.34725085203995,181.79600524902344,133.5800018310547,209.4980010986328,133.4600067138672
22.6,24.347088466954162,14.42935433435932,17.729179924651717,27.59532422761362,75.4825526116581,93.58026073157255,182.13600158691406,133.5800018310547,209.7310028076172,133.4600067138672
22.650000000000002,23.985864890503443,13.65656153176265,17.014874843385957,27.482336808457966,75.81754406675974,93.80226412611306,182.4709930419922,133.5800018310547,209.9530029296875,133.4600067138672
22.700000000000003,23.750496592640978,12.868657398073568,16.27384072772054,27.36232926947855,76.14855297789428,94.01326363250368,182.802001953125,133.5800018310547,210.16400146484375,133.4600067138672
22.75,23.64605962085422,12.05867518871206,15.51573417148588,27.233333506599504,76.47754772887704,94.21326069427423,183.13099670410156,133.5800018310547,210.36399841308594,133.4600067138672
22.8,23.653152817809694,11.228813525555863,14.74726680679719,27.09132148013393,76.806557738679,94.4002571817814,183.4600067138672,133.5800018310547,210.55099487304688,133.4600067138672
22.85,23.73346824230427,10.382981970497633,13.973039786108302,26.93833798435994,77.13555248972793,94.57626766259864,183.78900146484375,133.5800018310547,210.7270050048828,133.4600067138672
22.900000000000002,23.843628784817174,9.52442443594449,13.190625271367324,26.7713314126217,77.46555432087362,94.73926297329125,184.11900329589844,133.5800018310547,210.88999938964844,133.4600067138672
22.950000000000003,23.93809267018629,8.654090895246322,12.39025877868531,26.590332365276783,77.79755505337708,94.89026563554157,184.4510040283203,133.5800018310547,211.04100036621094,133.4600067138672
23.0,23.96880153232963,7.772629092540173,11.575597574242249,26.396332717786375,78.13054760714189,95.02926055148988,184.78399658203125,133.5800018310547,211.17999267578125,133.4600067138672
23.05,23.908754723028302,6.883833375788741,10.746002174848076,26.18933252618414,78.46355541966113,95.15527134657711,185.11700439453125,133.5800018310547,211.30599975585938,133.4600067138672
23.1,23.764322561274554,5.986301549337387,9.901696896345884,25.971350572150207,78.79455055799761,95.26828298782543,185.447998046875,133.58099365234375,211.41900634765625,133.4600067138672
23.150000000000002,23.546882730857686,5.084752299002542,9.044515973069874,25.74434609608139,79.12255348768781,95.36928750633113,185.7760009765625,133.58099365234375,211.52000427246094,133.4600067138672
23.200000000000003,23.292073882341914,4.181922738774175,8.175842507139935,25.507347154085846,79.4475504359433,95.45729348705252,186.1009979248047,133.58099365234375,211.60800170898438,133.4600067138672
23.25,23.027833924526302,3.2801575954766657,7.297990747816395,25.261345594586277,79.76854958147152,95.53230145851548,186.4219970703125,133.58099365234375,211.68299865722656,133.4600067138672
23.3,22.755891501223676,0.571986602087964,6.232308055469605,24.95332364077729,80.08655800434508,95.54407318862961,186.74000549316406,133.58099365234375,211.6929931640625,133.4600067138672
23.35,22.513682541144878,0.8288215201340563,5.276892010433247,24.64133150796046,80.40055336568992,95.55327688283212,187.0540008544922,133.58099365234375,211.69500732421875,133.4600067138672
23.400000000000002,22.31917487000812,0.9288097212902189,4.41733053896782,24.33330798885453,80.71155800436861,95.56414728873422,187.36500549316406,133.58099365234375,211.697998046875,133.4600067138672
23.450000000000003,22.147563416195386,0.9080395942402485,3.6427254088672134,24.029306807824025,81.01955830804484,95.57542785538114,187.67300415039062,133.58200073242188,211.70199584960938,133.4600067138672
23.5,21.99985583076689,0.8045066386075593,2.945913163473952,23.72631249706332,81.32654988519327,95.58571217085584,187.97999572753906,133.58200073242188,211.70599365234375,133.4600067138672
23.55,21.871047995306395,0.6531430026826062,2.3228441261633384,23.42532073329256,81.63055073968623,95.59393403974327,188.28399658203125,133.58200073242188,211.70899963378906,133.4600067138672
23.6,21.75350823690514,0.4833640252475807,1.772550373754358,23.126314495186556,81.93355977289139,95.60073449385466,188.58700561523438,133.58200073242188,211.71299743652344,133.4600067138672
23.650000000000002,21.636435431484852,0.31801882925364156,1.295877026779468,22.828331016809514,82.2345546459409,95.60524646376788,188.88800048828125,133.58200073242188,211.71600341796875,133.4600067138672
23.700000000000003,21.511479864563622,0.1742619380767148,0.8951109467097218,22.530331901014826,82.53455769770088,95.60773482258807,189.18800354003906,133.58200073242188,211.71800231933594,133.4600067138672
23.75,21.372123567992688,0.07207583013865346,0.5743027701759205,22.235338143335966,82.83155476801446,95.60973378404988,189.48500061035156,133.58200073242188,211.72000122070312,133.4600067138672
23.8,21.214804587021188,0.07116107407607693,0.5242202173747318,21.94033426051212,83.12756167867546,95.61120173006361,189.781005859375,133.58299255371094,211.7209930419922,133.4600067138672
23.85,21.05114782835396,0.1148998908014258,0.45282805444146873,21.648346004194664,83.42056094625359,95.61320993216805,190.07400512695312,133.58299255371094,211.7220001220703,133.4600067138672
23.900000000000002,20.882739471400985,0.14053572649011192,0.37400065496145796,21.358356772436625,83.71156131246464,95.6154823278013,190.36500549316406,133.58299255371094,211.72300720214844,133.4600067138672
23.950000000000003,20.681895643538486,0.14569186103510565,0.2977658816409437,21.070366712608454,83.9995556972309,95.61753821772815,190.6529998779297,133.58299255371094,211.72300720214844,133.4600067138672
24.0,20.442136183149046,0.13501835191952646,0.23081705297214042,20.784375863547403,84.2855511806323,95.61941218775989,190.93899536132812,133.58299255371094,211.72300720214844,133.4600067138672
24.05,20.17818443781391,0.1140750096380786,0.17691025366768764,20.50237386491657,84.56655884461446,95.62127474066989,191.22000122070312,133.58399963378906,211.7220001220703,133.4600067138672
24.1,19.922223500693516,0.0879365575241693,0.13736750689534652,20.224379120425592,84.84455872255099,95.62247591070087,191.4980010986328,133.58399963378906,211.7220001220703,133.4600067138672
24.150000000000002,19.726888230907115,0.06079526200575282,0.11164515017055762,19.94939049088709,85.11955261903857,95.62330354878401,191.7729949951172,133.58399963378906,211.7220001220703,133.4600067138672
24.200000000000003,19.611760080181107,0.03573645692225646,0.0977926020551118,19.67638561647927,85.39256287294486,95.62378912177707,192.04600524902344,133.58399963378906,211.7220001220703,133.4600067138672
24.25,19.539183402392595,0.014915201690224948,0.09207653921026895,19.4033961359787,85.66455078798863,95.62481543407442,192.3179931640625,133.58399963378906,211.7209930419922,133.4600067138672
24.3,19.468623761711402,0.004913702267781152,0.08545180202943937,19.132396947627903,85.93556401168887,95.624839581086,192.58900451660156,133.5850067138672,211.7209930419922,133.4600067138672
24.35,19.385752532150928,0.01398716014978797,0.07536052896427559,18.8624137645603,86.20555302537045,95.6250176130877,192.85899353027344,133.5850067138672,211.7209930419922,133.4600067138672
24.400000000000002,19.278004109427165,0.020228152330041268,0.06332977154826852,18.594414343608072,86.47355839646998,95.62528693108719,193.1269989013672,133.5850067138672,211.7209930419922,133.4600067138672
24.450000000000003,19.13681257037363,0.022668810723536444,0.0510274665171116,18.32742215509416,86.7405566874873,95.62559443406893,193.3939971923828,133.5850067138672,211.7209930419922,133.4600067138672
24.5,18.962931528661603,0.0,0.037525631325158945,18.063420817444594,87.00456425584667,95.62559443406893,193.6580047607422,133.5850067138672,211.7209930419922,133.4600067138672
24.55,18.7599280951166,0.0,0.026118130361351088,17.801433775071416,87.26655766405091,95.62559443406893,193.9199981689453,133.5850067138672,211.7209930419922,133.4600067138672
24.6,18.534315167770412,0.0,0.01732447460893416,17.543451718990852,87.52455517596248,95.62559443406893,194.17799377441406,133.58599853515625,211.7209930419922,133.4600067138672
24.650000000000002,18.297794794037383,0.0,0.011244948408358877,17.28744645641136,87.78056713885908,95.62559443406893,194.4340057373047,133.58599853515625,211.7209930419922,133.4600067138672
24.700000000000003,18.062536248771924,0.0,0.007671302716133232,17.03545434699397,88.03256604023292,95.62559443406893,194.68600463867188,133.58599853515625,211.7209930419922,133.4600067138672
24.75,17.838368135727055,0.0,0.006179782547110738,16.786468331638005,88.28155899051052,95.62559443406893,194.93499755859375,133.58599853515625,211.7209930419922,133.4600067138672
24.8,17.629384051848692,0.0,0.005688412320332623,16.540473161095036,88.5275612172347,95.62559443406893,195.18099975585938,133.58599853515625,211.7209930419922,133.4600067138672
24.85,17.435738701175506,0.0,0.0042896963053538255,16.297484097888933,88.77055743894958,95.62559443406893,195.4239959716797,133.58599853515625,211.7209930419922,133.4600067138672
24.900000000000002,17.27172287126343,0.0,0.0022668810723496984,16.056502026674682,89.01155685806589,95.62559443406893,195.6649932861328,133.58700561523438,211.7209930419922,133.4600067138672
24.950000000000003,17.162103303202834,0.0,0.0,15.817495944721598,89.25057053001214,95.62559443406893,195.9040069580078,133.58700561523438,211.7209930419922,133.4600067138672
25.0,17.095431752565744,0.0,0.0,15.5795124010383,89.4885618636011,95.62559443406893,196.14199829101562,133.58700561523438,211.7209930419922,133.4600067138672
25.05,17.042870699004546,0.0,0.0,15.342520886538226,89.72556137623145,95.62559443406893,196.37899780273438,133.58700561523438,211.7209930419922,133.4600067138672
25.1,16.979546557402983,0.0,0.0,15.1065214092619,89.96156906760794,95.62559443406893,196.61500549316406,133.58700561523438,211.7209930419922,133.4600067138672
25.150000000000002,16.87374303063744,0.0,0.0,14.871529235957066,90.19656967873325,95.62559443406893,196.85000610351562,133.58700561523438,211.7209930419922,133.4600067138672
25.200000000000003,16.711814763508272,0.0,0.0,14.638551417769245,90.42955612946633,95.62559443406893,197.08299255371094,133.58700561523438,211.7209930419922,133.4600067138672
25.25,16.498010398471205,0.0,0.0,14.408558003042103,90.65956925449738,95.62559443406893,197.31300354003906,133.58799743652344,211.7209930419922,133.4600067138672
25.3,16.245722957747645,0.0,0.0,14.18157735684128,90.88655900075901,95.62559443406893,197.5399932861328,133.58799743652344,211.7209930419922,133.4600067138672
25.35,15.96906302399426,0.0,0.0,13.957572345253446,91.11057328306353,95.62559443406893,197.76400756835938,133.58799743652344,211.7209930419922,133.4600067138672
25.400000000000002,15.682393512098812,0.0,0.0,13.73858755963272,91.32956742372184,95.62559443406893,197.98300170898438,133.58799743652344,211.7209930419922,133.4600067138672
25.450000000000003,15.401162195543902,0.0,0.0,13.522593665652401,91.54557084170483,95.62559443406893,198.19900512695312,133.58799743652344,211.7209930419922,133.4600067138672
25.5,15.136166711414951,0.0,0.0,13.311604732189542,91.75656937686834,95.62559443406893,198.41000366210938,133.58799743652344,211.7209930419922,133.4600067138672
25.55,14.892949942518413,0.0,0.0,13.102614913972243,91.96556901066272,95.62559443406893,198.61900329589844,133.58799743652344,211.7209930419922,133.4600067138672
25.6,14.671010599541223,0.0,0.0,12.89762301977534,92.17057084172312,95.62559443406893,198.82400512695312,133.58799743652344,211.7209930419922,133.4600067138672
25.650000000000002,14.483017304090488,0.0,0.0,12.695637275206744,92.37256669133949,95.62559443406893,199.0260009765625,133.58799743652344,211.7209930419922,133.4600067138672
25.700000000000003,14.311873444261366,0.0,0.0,12.496652778251327,92.57157436648794,95.62559443406893,199.22500610351562,133.58900451660156,211.7209930419922,133.4600067138672
25.75,14.122441631634203,0.0,0.0,12.298665450958415,92.76957241337176,95.62559443406893,199.42300415039062,133.58900451660156,211.7209930419922,133.4600067138672
25.8,13.909826098530246,0.0,0.0,12.10467605005354,92.96357265751722,95.62559443406893,199.61700439453125,133.58900451660156,211.7209930419922,133.4600067138672
25.85,13.671721412562995,0.0,0.0,11.913692807496552,93.15456692021364,95.62559443406893,199.80799865722656,133.58900451660156,211.7209930419922,133.4600067138672
25.900000000000002,13.410901626246606,0.0,0.0,11.725700465589629,93.34257046025272,95.62559443406893,199.99600219726562,133.58900451660156,211.7209930419922,133.4600067138672
25.950000000000003,13.133053876280087,0.0,0.0,11.54172129934515,93.52656093876922,95.62559443406893,200.17999267578125,133.58900451660156,211.7209930419922,133.4600067138672
26.0,12.845305553718132,0.0,0.0,11.361724786712289,93.70656887334248,95.62559443406893,200.36000061035156,133.58900451660156,211.7209930419922,133.4600067138672
26.05,12.554245026455224,0.0,0.0,11.185741436359423,93.88256374639305,95.62559443406893,200.53599548339844,133.58900451660156,211.7209930419922,133.4600067138672
26.1,12.264661656444341,0.0,0.0,11.01375598279183,94.05456081670887,95.62559443406893,200.70799255371094,133.58900451660156,211.7209930419922,133.4600067138672
26.150000000000002,11.979180985586739,0.0,0.0,10.84575315992876,94.22257534307897,95.62559443406893,200.87600708007812,133.58900451660156,211.7209930419922,133.4600067138672
26.200000000000003,11.697769562194404,0.0,0.0,10.681790755511924,94.3865645484749,95.62559443406893,201.0399932861328,133.58999633789062,211.7209930419922,133.4600067138672
26.25,11.416032820729008,0.0,0.0,10.521799121993626,94.54656821058543,95.62559443406893,201.1999969482422,133.58999633789062,211.7209930419922,133.4600067138672
26.3,11.128428727516786,0.0,0.0,10.365805348199538,94.70257406996123,95.62559443406893,201.3560028076172,133.58999633789062,211.7209930419922,133.4600067138672
26.35,10.831861356880443,0.0,0.0,10.213824680091655,94.85456686781372,95.62559443406893,201.50799560546875,133.58999633789062,211.7209930419922,133.4600067138672
26.400000000000002,10.548001214436564,0.0,0.0,10.065826590134282,95.0025771217208,95.62559443406893,201.656005859375,133.58999633789062,211.7209930419922,133.4600067138672
26.450000000000003,10.264969336501123,0.0,0.0,9.920849844036166,95.14756613539286,95.62559443406893,201.80099487304688,133.58999633789062,211.7209930419922,133.4600067138672
26.5,9.979273279200402,0.0,0.0,9.780862644928265,95.28756552504133,95.62559443406893,201.9409942626953,133.58999633789062,211.7209930419922,133.4600067138672
26.55,9.637668813352466,0.0,0.0,9.644873239271028,95.42356711195676,95.62559443406893,202.07699584960938,133.58999633789062,211.7209930419922,133.4600067138672
26.6,9.188064435919427,0.0,0.0,9.514880326016495,95.55357199478314,95.62559443406893,202.20700073242188,133.58999633789062,211.7209930419922,133.4600067138672
26.650000000000002,8.717077036348151,0.0,0.0,9.390899130789148,95.67756491474083,95.62559443406893,202.33099365234375,133.58999633789062,211.7209930419922,133.4600067138672
26.700000000000003,8.149176505192441,0.0,0.0,9.274897811379258,95.79357748805198,95.62559443406893,202.44700622558594,133.58999633789062,211.7209930419922,133.4600067138672
26.75,7.536528983754105,0.0,0.0,9.16692209227434,95.9015639383701,95.62559443406893,202.55499267578125,133.58999633789062,211.7209930419922,133.4600067138672
26.8,6.930648364079234,0.0,0.0,9.066926154726913,96.0015700420267,95.62559443406893,202.65499877929688,133.58999633789062,211.7209930419922,133.4600067138672
26.85,6.3398885445517426,0.0,0.0,8.975932184432741,96.09257346011837,95.62559443406893,202.74600219726562,133.58999633789062,211.7209930419922,133.4600067138672
26.900000000000002,5.767128289483607,0.0,0.0,8.892948415346552,96.17556601391861,95.62559443406893,202.82899475097656,133.58999633789062,211.7209930419922,133.4600067138672
26.950000000000003,5.195592388095325,0.0,0.0,8.816952577044002,96.25157004229695,95.62559443406893,202.90499877929688,133.58999633789062,211.7209930419922,133.4600067138672
27.0,4.605588326488729,0.0,0.0,8.749958572188126,96.31857138511518,95.62559443406893,202.9720001220703,133.58999633789062,211.7209930419922,133.4600067138672
27.05,3.9896282046657876,0.0,0.0,8.69095939081159,96.37757712246277,95.62559443406893,203.031005859375,133.58999633789062,211.7209930419922,133.4600067138672
27.1,3.1543273711900732,0.0,0.0,8.641968930829448,96.4265730942399,95.62559443406893,203.0800018310547,133.58999633789062,211.7209930419922,133.4600067138672
27.150000000000002,0.6518484682959056,0.0,0.0,8.620975216397381,96.44756919893652,95.62559443406893,203.1009979248047,133.58999633789062,211.7209930419922,133.4600067138672
27.200000000000003,1.72663530290764e-05,0.0,0.0,8.620975214844888,96.44758731886495,95.62559443406893,203.1009979248047,133.58999633789062,211.7209930419922,133.4600067138672
27.25,9.056618449284107e-06,0.0,0.0,8.620975214958388,96.4475886588053,95.62559443406893,203.1009979248047,133.58999633789062,211.7209930419922,133.4600067138672
27.3,1.6860571439172597e-05,0.0,0.0,8.620975215877374,96.44759941884067,95.62559443406893,203.1009979248047,133.58999633789062,211.7209930419922,133.4600067138672
27.35,2.099720192496346e-05,0.0,0.0,8.620975217132633,96.44761386877607,95.62559443406893,203.1009979248047,133.58999633789062,211.7209930419922,133.4600067138672
27.400000000000002,2.113495120297795e-05,0.0,0.0,8.620975218463984,96.44762889880903,95.62559443406893,203.1009979248047,133.58999633789062,211.7209930419922,133.4600067138672
27.450000000000003,1.9843212410233367e-05,0.0,0.0,8.620975219731312,96.44764293884609,95.62559443406893,203.1009979248047,133.58999633789062,211.7209930419922,133.4600067138672
27.5,1.7434179775705264e-05,0.0,0.0,8.620975220862215,96.44765525884677,95.62559443406893,203.1009979248047,133.58999633789062,211.7209930419922,133.4600067138672
27.55,1.4607135786503226e-05,0.0,0.0,8.620975221828699,96.4476656387861,95.62559443406893,203.1009979248047,133.58999633789062,211.7209930419922,133.4600067138672
27.6,3.5109065188810327e-06,0.0,0.0,8.620975222129177,96.44766883881047,95.62559443406893,203.1009979248047,133.58999633789062,211.7209930419922,133.4600067138672
27.650000000000002,5.90741118197607e-06,0.0,0.0,8.620975222499828,96.44767276887532,95.62559443406893,203.1009979248047,133.58999633789062,211.7209930419922,133.4600067138672
27.700000000000003,6.488641818802475e-06,0.0,0.0,8.620975222948294,96.44767749882985,95.62559443406893,203.1009979248047,133.58999633789062,211.7209930419922,133.4600067138672
27.75,6.227311893740505e-06,0.0,0.0,8.621966931942659,96.44866933139733,95.62559443406893,203.10000610351562,133.58999633789062,211.7209930419922,133.4600067138672
27.8,5.627204159001037e-06,0.0,0.0,8.62196693235589,96.44867364144179,95.62559443406893,203.10000610351562,133.58999633789062,211.7209930419922,133.4600067138672
27.85,4.937385254048204e-06,0.0,0.0,8.621966932716209,96.44867738140042,95.62559443406893,203.10000610351562,133.58999633789062,211.7209930419922,133.4600067138672
27.900000000000002,3.967935154282807e-06,0.0,0.0,8.621966933019014,96.44868051145917,95.62559443406893,203.10000610351562,133.58999633789062,211.7209930419922,133.4600067138672
27.950000000000003,3.3041607934675897e-06,0.0,0.0,8.621966933267514,96.4486830714321,95.62559443406893,203.10000610351562,133.58999633789062,211.7209930419922,133.4600067138672
28.0,6.431475569119469e-07,0.0,0.0,8.621966933396923,96.44868440147715,95.62559443406893,203.10000610351562,133.58999633789062,211.7209930419922,133.4600067138672
28.05,1.1118924578713986e-06,0.0,0.0,8.621966933396923,96.44868440147715,95.62559443406893,203.10000610351562,133.58999633789062,211.7209930419922,133.4600067138672
28.1,2.254131018561894e-06,0.0,0.0,8.621966933556767,96.44868604141979,95.62559443406893,203.10000610351562,133.58999633789062,211.7209930419922,133.4600067138672
28.150000000000002,1.3616713989675376e-06,0.0,0.0,8.621966933556767,96.44868604141979,95.62559443406893,203.10000610351562,133.58999633789062,211.7209930419922,133.4600067138672
28.200000000000003,2.311485907935126e-06,0.0,0.0,8.621966933747233,96.44868799137643,95.62559443406893,203.10000610351562,133.58999633789062,211.7209930419922,133.4600067138672
28.25,1.9925301024046955e-06,0.0,0.0,8.621966933747233,96.44868799137643,95.62559443406893,203.10000610351562,133.58999633789062,211.7209930419922,133.4600067138672
28.3,9.011930069929455e-07,0.0,0.0,8.621966933896012,96.44868951141129,95.62559443406893,203.10000610351562,133.58999633789062,211.7209930419922,133.4600067138672
28.35,1.8031973969052784e-06,0.0,0.0,8.621966933896012,96.44868951141129,95.62559443406893,203.10000610351562,133.58999633789062,211.7209930419922,133.4600067138672
28.400000000000002,6.068421261530929e-07,0.0,0.0,8.621966933996983,96.44869054145406,95.62559443406893,203.10000610351562,133.58999633789062,211.7209930419922,133.4600067138672
28.450000000000003,2.0888281540432847e-07,0.0,0.0,8.621966933996983,96.44869054145406,95.62559443406893,203.10000610351562,133.58999633789062,211.7209930419922,133.4600067138672
28.5,8.666051279395575e-07,0.0,0.0,8.621966933996983,96.44869054145406,95.62559443406893,203.10000610351562,133.58999633789062,211.7209930419922,133.4600067138672
28.55,3.44551513489774e-07,0.0,0.0,8.621966933996983,96.44869054145406,95.62559443406893,203.10000610351562,133.58999633789062,211.7209930419922,133.4600067138672
28.6,3.687187949966762e-07,0.0,0.0,8.621966933996983,96.44869054145406,95.62559443406893,203.10000610351562,133.58999633789062,211.7209930419922,133.4600067138672
28.650000000000002,1.2242572924051451e-06,0.0,0.0,8.621966933996983,96.44869054145406,95.62559443406893,203.10000610351562,133.58999633789062,211.7209930419922,133.4600067138672
28.700000000000003,2.097123305828997e-07,0.0,0.0,8.621966934098065,96.44869157138041,95.62559443406893,203.10000610351562,133.58999633789062,211.7209930419922,133.4600067138672
28.75,2.06654338812043e-06,0.0,0.0,8.621966934098065,96.44869157138041,95.62559443406893,203.10000610351562,133.58999633789062,211.7209930419922,133.4600067138672
28.8,1.0449507630649009e-06,0.0,0.0,8.621966934098065,96.44869157138041,95.62559443406893,203.10000610351562,133.58999633789062,211.7209930419922,133.4600067138672
28.85,6.366573931254694e-07,0.0,0.0,8.621966934098065,96.44869157138041,95.62559443406893,203.10000610351562,133.58999633789062,211.7209930419922,133.4600067138672
28.900000000000002,5.184097952457266e-07,0.0,0.0,8.621966934098065,96.44869157138041,95.62559443406893,203.10000610351562,133.58999633789062,211.7209930419922,133.4600067138672
28.950000000000003,4.840397890458884e-07,0.0,0.0,8.621966934098065,96.44869157138041,95.62559443406893,203.10000610351562,133.58999633789062,211.7209930419922,133.4600067138672
29.0,9.968461212144995e-07,0.0,0.0,8.621966934098065,96.44869157138041,95.62559443406893,203.10000610351562,133.58999633789062,211.7209930419922,133.4600067138672
29.05,3.491421555358498e-07,0.0,0.0,8.621966934098065,96.44869157138041,95.62559443406893,203.10000610351562,133.58999633789062,211.7209930419922,133.4600067138672
29.1,9.635262222893903e-07,0.0,0.0,8.621966934098065,96.44869157138041,95.62559443406893,203.10000610351562,133.58999633789062,211.7209930419922,133.4600067138672
29.150000000000002,2.1587490069324496e-07,0.0,0.0,8.621966934098065,96.44869157138041,95.62559443406893,203.10000610351562,133.58999633789062,211.7209930419922,133.4600067138672
29.200000000000003,1.373692519179663e-06,0.0,0.0,8.621966934098065,96.44869157138041,95.62559443406893,203.10000610351562,133.58999633789062,211.7209930419922,133.4600067138672
29.25,0.0,0.0,0.0,8.621966934098065,96.44869157138041,95.62559443406893,203.10000610351562,133.58999633789062,211.7209930419922,133.4600067138672
29.3,6.970126405508781e-08,0.0,0.0,8.621966934098065,96.44869157138041,95.62559443406893,203.10000610351562,133.58999633789062,211.7209930419922,133.4600067138672
29.35,5.885859202756071e-07,0.0,0.0,8.621966934098065,96.44869157138041,95.62559443406893,203.10000610351562,133.58999633789062,211.7209930419922,133.4600067138672
29.400000000000002,1.853833012485017e-06,0.0,0.0,8.621966934098065,96.44869157138041,95.62559443406893,203.10000610351562,133.58999633789062,211.7209930419922,133.4600067138672
29.450000000000003,2.5752393077996867e-06,0.0,0.0,8.621966934098065,96.44869157138041,95.62559443406893,203.10000610351562,133.58999633789062,211.7209930419922,133.4600067138672
29.5,8.605254843750638e-07,0.0,0.0,8.621966934098065,96.44869157138041,95.62559443406893,203.10000610351562,133.58999633789062,211.7209930419922,133.4600067138672
29.55,9.626672963234942e-07,0.0,0.0,8.621966934098065,96.44869157138041,95.62559443406893,203.10000610351562,133.58999633789062,211.7209930419922,133.4600067138672
29.6,1.7164481199170605e-06,0.0,0.0,8.621966934098065,96.44869157138041,95.62559443406893,203.10000610351562,133.58999633789062,211.7209930419922,133.4600067138672
29.650000000000002,1.853802989537711e-06,0.0,0.0,8.621966934098065,96.44869157138041,95.62559443406893,203.10000610351562,133.58999633789062,211.7209930419922,133.4600067138672
29.700000000000003,3.4564447795030826e-08,0.0,0.0,8.621966934098065,96.44869157138041,95.62559443406893,203.10000610351562,133.58999633789062,211.7209930419922,133.4600067138672
29.75,1.2797345269571885e-07,0.0,0.0,8.621966934098065,96.44869157138041,95.62559443406893,203.10000610351562,133.58999633789062,211.7209930419922,133.4600067138672
29.8,2.0647257657813238e-07,0.0,0.0,8.621966934098065,96.44869157138041,95.62559443406893,203.10000610351562,133.58999633789062,211.7209930419922,133.4600067138672
29.85,1.029898372971896e-06,0.0,0.0,8.621966934098065,96.44869157138041,95.62559443406893,203.10000610351562,133.58999633789062,211.7209930419922,133.4600067138672
29.900000000000002,1.065792470684702e-06,0.0,0.0,8.621966934098065,96.44869157138041,95.62559443406893,203.10000610351562,133.58999633789062,211.7209930419922,133.4600067138672
29.950000000000003,1.0995703645072485e-06,0.0,0.0,8.621966934098065,96.44869157138041,95.62559443406893,203.10000610351562,133.58999633789062,211.7209930419922,133.4600067138672
30.0,1.7516518956592934e-06,0.0,0.0,8.621966934098065,96.44869157138041,95.62559443406893,203.10000610351562,133.58999633789062,211.7209930419922,133.4600067138672
30.05,1.2032790778667885e-06,0.0,0.0,8.621966934098065,96.44869157138041,95.62559443406893,203.10000610351562,133.58999633789062,211.7209930419922,133.4600067138672
30.1,3.432898772247052e-08,0.0,0.0,8.621966934098065,96.44869157138041,95.62559443406893,203.10000610351562,133.58999633789062,211.7209930419922,133.4600067138672
30.150000000000002,6.871562296303151e-08,0.0,0.0,8.621966934098065,96.44869157138041,95.62559443406893,203.10000610351562,133.58999633789062,211.7209930419922,133.4600067138672
30.200000000000003,1.0308756034879509e-07,0.0,0.0,8.621966934098065,96.44869157138041,95.62559443406893,203.10000610351562,133.58999633789062,211.7209930419922,133.4600067138672
30.25,1.0307304891855014e-07,0.0,0.0,8.621966934098065,96.44869157138041,95.62559443406893,203.10000610351562,133.58999633789062,211.7209930419922,133.4600067138672
30.3,1.0306011511383566e-07,0.0,0.0,8.621966934098065,96.44869157138041,95.62559443406893,203.10000610351562,133.58999633789062,211.7209930419922,133.4600067138672
30.35,1.0304882483808977e-07,0.0,0.0,8.621966934098065,96.44869157138041,95.62559443406893,203.10000610351562,133.58999633789062,211.7209930419922,133.4600067138672
30.400000000000002,1.0303917664168105e-07,0.0,0.0,8.621966934098065,96.44869157138041,95.62559443406893,203.10000610351562,133.58999633789062,211.7209930419922,133.4600067138672
30.450000000000003,1.030311715112615e-07,0.0,0.0,8.621966934098065,96.44869157138041,95.62559443406893,203.10000610351562,133.58999633789062,211.7209930419922,133.4600067138672
30.5,1.0302480983097542e-07,0.0,0.0,8.621966934098065,96.44869157138041,95.62559443406893,203.10000610351562,133.58999633789062,211.7209930419922,133.4600067138672
30.55,3.433172554816411e-08,0.0,0.0,8.621966934098065,96.44869157138041,95.62559443406893,203.10000610351562,133.58999633789062,211.7209930419922,133.4600067138672
30.6,3.4329705844865184e-08,0.0,0.0,8.621966934098065,96.44869157138041,95.62559443406893,203.10000610351562,133.58999633789062,211.7209930419922,133.4600067138672
30.650000000000002,3.433261996384568e-08,0.0,0.0,8.621966934098065,96.44869157138041,95.62559443406893,203.10000610351562,133.58999633789062,211.7209930419922,133.4600067138672
30.700000000000003,6.865927792312302e-08,0.0,0.0,8.621966934098065,96.44869157138041,95.62559443406893,203.10000610351562,133.58999633789062,211.7209930419922,133.4600067138672
30.75,2.0598628948390126e-07,0.0,0.0,8.621966934098065,96.44869157138041,95.62559443406893,203.10000610351562,133.58999633789062,211.7209930419922,133.4600067138672
30.8,3.433224622433498e-07,0.0,0.0,8.621966934098065,96.44869157138041,95.62559443406893,203.10000610351562,133.58999633789062,211.7209930419922,133.4600067138672
30.85,4.4630770319145317e-07,0.0,0.0,8.621966934098065,96.44869157138041,95.62559443406893,203.10000610351562,133.58999633789062,211.7209930419922,133.4600067138672
30.900000000000002,4.4627706866236965e-07,0.0,0.0,8.621966934098065,96.44869157138041,95.62559443406893,203.10000610351562,133.58999633789062,211.7209930419922,133.4600067138672
30.950000000000003,6.600081775162786e-10,0.0,0.0,8.621966934098065,96.44869157138041,95.62559443406893,203.10000610351562,133.58999633789062,211.7209930419922,133.4600067138672
31.0,4.455727281906286e-09,0.0,0.0,8.621966934098065,96.44869157138041,95.62559443406893,203.10000610351562,133.58999633789062,211.7209930419922,133.4600067138672
31.05,6.879748885916652e-08,0.0,0.0,8.621966934098065,96.44869157138041,95.62559443406893,203.10000610351562,133.58999633789062,211.7209930419922,133.4600067138672
31.1,2.059817176125002e-07,0.0,0.0,8.621966934098065,96.44869157138041,95.62559443406893,203.10000610351562,133.58999633789062,211.7209930419922,133.4600067138672
31.150000000000002,3.432890410193095e-07,0.0,0.0,8.621966934098065,96.44869157138041,95.62559443406893,203.10000610351562,133.58999633789062,211.7209930419922,133.4600067138672
31.200000000000003,3.776185282488874e-07,0.0,0.0,8.621966934098065,96.44869157138041,95.62559443406893,203.10000610351562,133.58999633789062,211.7209930419922,133.4600067138672
31.25,3.7761842738787754e-07,0.0,0.0,8.621966934098065,96.44869157138041,95.62559443406893,203.10000610351562,133.58999633789062,211.7209930419922,133.4600067138672
31.3,3.77618775067904e-07,0.0,0.0,8.621966934098065,96.44869157138041,95.62559443406893,203.10000610351562,133.58999633789062,211.7209930419922,133.4600067138672
31.35,0.0,0.0,0.0,8.621966934098065,96.44869157138041,95.62559443406893,203.10000610351562,133.58999633789062,211.7209930419922,133.4600067138672
31.400000000000002,3.433474494091643e-08,0.0,0.0,8.621966934098065,96.44869157138041,95.62559443406893,203.10000610351562,133.58999633789062,211.7209930419922,133.4600067138672
31.450000000000003,1.3732857519148087e-07,0.0,0.0,8.621966934098065,96.44869157138041,95.62559443406893,203.10000610351562,133.58999633789062,211.7209930419922,133.4600067138672
31.5,1.716577449640497e-07,0.0,0.0,8.621966934098065,96.44869157138041,95.62559443406893,203.10000610351562,133.58999633789062,211.7209930419922,133.4600067138672
31.55,2.0598634541370567e-07,0.0,0.0,8.621966934098065,96.44869157138041,95.62559443406893,203.10000610351562,133.58999633789062,211.7209930419922,133.4600067138672
31.6,2.4032225068428195e-07,0.0,0.0,8.621966934098065,96.44869157138041,95.62559443406893,203.10000610351562,133.58999633789062,211.7209930419922,133.4600067138672
31.650000000000002,3.089835897196833e-07,0.0,0.0,8.621966934098065,96.44869157138041,95.62559443406893,203.10000610351562,133.58999633789062,211.7209930419922,133.4600067138672
31.700000000000003,3.089596276733298e-07,0.0,0.0,8.621966934098065,96.44869157138041,95.62559443406893,203.10000610351562,133.58999633789062,211.7209930419922,133.4600067138672
31.75,3.089629991708637e-07,0.0,0.0,8.621966934098065,96.44869157138041,95.62559443406893,203.10000610351562,133.58999633789062,211.7209930419922,133.4600067138672
31.8,1.9236195917343565e-10,0.0,0.0,8.621966934098065,96.44869157138041,95.62559443406893,203.10000610351562,133.58999633789062,211.7209930419922,133.4600067138672
31.85,3.4334846865150916e-08,0.0,0.0,8.621966934098065,96.44869157138041,95.62559443406893,203.10000610351562,133.58999633789062,211.7209930419922,133.4600067138672
31.900000000000002,3.432970690703503e-08,0.0,0.0,8.621966934098065,96.44869157138041,95.62559443406893,203.10000610351562,133.58999633789062,211.7209930419922,133.4600067138672
31.950000000000003,3.4329496951801223e-08,0.0,0.0,8.621966934098065,96.44869157138041,95.62559443406893,203.10000610351562,133.58999633789062,211.7209930419922,133.4600067138672
32.0,1.373206159310224e-07,0.0,0.0,8.621966934098065,96.44869157138041,95.62559443406893,203.10000610351562,133.58999633789062,211.7209930419922,133.4600067138672
32.050000000000004,2.0597574198611595e-07,0.0,0.0,8.621966934098065,96.44869157138041,95.62559443406893,203.10000610351562,133.58999633789062,211.7209930419922,133.4600067138672
32.1,2.4030238355618864e-07,0.0,0.0,8.621966934098065,96.44869157138041,95.62559443406893,203.10000610351562,133.58999633789062,211.7209930419922,133.4600067138672
32.15,3.0895964471293764e-07,0.0,0.0,8.621966934098065,96.44869157138041,95.62559443406893,203.10000610351562,133.58999633789062,211.7209930419922,133.4600067138672
32.2,1.2300455808154524e-10,0.0,0.0,8.621966934098065,96.44869157138041,95.62559443406893,203.10000610351562,133.58999633789062,211.7209930419922,133.4600067138672
32.25,1.3732011764374625e-07,0.0,0.0,8.621966934098065,96.44869157138041,95.62559443406893,203.10000610351562,133.58999633789062,211.7209930419922,133.4600067138672
32.300000000000004,2.0597297002583637e-07,0.0,0.0,8.621966934098065,96.44869157138041,95.62559443406893,203.10000610351562,133.58999633789062,211.7209930419922,133.4600067138672
32.35,2.403018328504455e-07,0.0,0.0,8.621966934098065,96.44869157138041,95.62559443406893,203.10000610351562,133.58999633789062,211.7209930419922,133.4600067138672
32.4,3.0896055833126214e-07,0.0,0.0,8.621966934098065,96.44869157138041,95.62559443406893,203.10000610351562,133.58999633789062,211.7209930419922,133.4600067138672
32.45,3.7761856902335975e-07,0.0,0.0,8.621966934098065,96.44869157138041,95.62559443406893,203.10000610351562,133.58999633789062,211.7209930419922,133.4600067138672
32.5,4.462751343008832e-07,0.0,0.0,8.621966934098065,96.44869157138041,95.62559443406893,203.10000610351562,133.58999633789062,211.7209930419922,133.4600067138672
32.550000000000004,4.4627442615465636e-07,0.0,0.0,8.621966934098065,96.44869157138041,95.62559443406893,203.10000610351562,133.58999633789062,211.7209930419922,133.4600067138672
32.6,4.462740942739862e-07,0.0,0.0,8.621966934098065,96.44869157138041,95.62559443406893,203.10000610351562,133.58999633789062,211.7209930419922,133.4600067138672
32.65,3.433299268812898e-08,0.0,0.0,8.621966934098065,96.44869157138041,95.62559443406893,203.10000610351562,133.58999633789062,211.7209930419922,133.4600067138672
32.7,1.0298693752588979e-07,0.0,0.0,8.621966934098065,96.44869157138041,95.62559443406893,203.10000610351562,133.58999633789062,211.7209930419922,133.4600067138672
32.75,1.0298677579788316e-07,0.0,0.0,8.621966934098065,96.44869157138041,95.62559443406893,203.10000610351562,133.58999633789062,211.7209930419922,133.4600067138672
32.800000000000004,2.4030782683293383e-07,0.0,0.0,8.621966934098065,96.44869157138041,95.62559443406893,203.10000610351562,133.58999633789062,211.7209930419922,133.4600067138672
32.85,2.403056676204155e-07,0.0,0.0,8.621966934098065,96.44869157138041,95.62559443406893,203.10000610351562,133.58999633789062,211.7209930419922,133.4600067138672
32.9,2.4031265887201874e-07,0.0,0.0,8.621966934098065,96.44869157138041,95.62559443406893,203.10000610351562,133.58999633789062,211.7209930419922,133.4600067138672
32.95,3.776184359561572e-07,0.0,0.0,8.621966934098065,96.44869157138041,95.62559443406893,203.10000610351562,133.58999633789062,211.7209930419922,133.4600067138672
33.0,4.462762010663636e-07,0.0,0.0,8.621966934098065,96.44869157138041,95.62559443406893,203.10000610351562,133.58999633789062,211.7209930419922,133.4600067138672
33.050000000000004,3.4328939571578435e-08,0.0,0.0,8.621966934098065,96.44869157138041,95.62559443406893,203.10000610351562,133.58999633789062,211.7209930419922,133.4600067138672
33.1,3.4331087573887794e-08,0.0,0.0,8.621966934098065,96.44869157138041,95.62559443406893,203.10000610351562,133.58999633789062,211.7209930419922,133.4600067138672
33.15,1.3731913032466403e-07,0.0,0.0,8.621966934098065,96.44869157138041,95.62559443406893,203.10000610351562,133.58999633789062,211.7209930419922,133.4600067138672
33.2,2.4031196308435706e-07,0.0,0.0,8.621966934098065,96.44869157138041,95.62559443406893,203.10000610351562,133.58999633789062,211.7209930419922,133.4600067138672
33.25,2.403034793544639e-07,0.0,0.0,8.621966934098065,96.44869157138041,95.62559443406893,203.10000610351562,133.58999633789062,211.7209930419922,133.4600067138672
33.300000000000004,3.0895959871034857e-07,0.0,0.0,8.621966934098065,96.44869157138041,95.62559443406893,203.10000610351562,133.58999633789062,211.7209930419922,133.4600067138672
33.35,3.776189016617498e-07,0.0,0.0,8.621966934098065,96.44869157138041,95.62559443406893,203.10000610351562,133.58999633789062,211.7209930419922,133.4600067138672
33.4,4.462747231791703e-07,0.0,0.0,8.621966934098065,96.44869157138041,95.62559443406893,203.10000610351562,133.58999633789062,211.7209930419922,133.4600067138672
33.45,0.0,0.0,0.0,8.621966934098065,96.44869157138041,95.62559443406893,203.10000610351562,133.58999633789062,211.7209930419922,133.4600067138672
33.5,3.434086186241432e-08,0.0,0.0,8.621966934098065,96.44869157138041,95.62559443406893,203.10000610351562,133.58999633789062,211.7209930419922,133.4600067138672
33.550000000000004,1.716465973486207e-07,0.0,0.0,8.621966934098065,96.44869157138041,95.62559443406893,203.10000610351562,133.58999633789062,211.7209930419922,133.4600067138672
33.6,1.7164518927572394e-07,0.0,0.0,8.621966934098065,96.44869157138041,95.62559443406893,203.10000610351562,133.58999633789062,211.7209930419922,133.4600067138672
33.65,2.0597451718458024e-07,0.0,0.0,8.621966934098065,96.44869157138041,95.62559443406893,203.10000610351562,133.58999633789062,211.7209930419922,133.4600067138672
33.7,2.403024488496453e-07,0.0,0.0,8.621966934098065,96.44869157138041,95.62559443406893,203.10000610351562,133.58999633789062,211.7209930419922,133.4600067138672
33.75,3.08959569530121e-07,0.0,0.0,8.621966934098065,96.44869157138041,95.62559443406893,203.10000610351562,133.58999633789062,211.7209930419922,133.4600067138672
33.800000000000004,3.776192655414113e-07,0.0,0.0,8.621966934098065,96.44869157138041,95.62559443406893,203.10000610351562,133.58999633789062,211.7209930419922,133.4600067138672
33.85,4.462740821179506e-07,0.0,0.0,8.621966934098065,96.44869157138041,95.62559443406893,203.10000610351562,133.58999633789062,211.7209930419922,133.4600067138672
33.9,6.867043248420972e-08,0.0,0.0,8.621966934098065,96.44869157138041,95.62559443406893,203.10000610351562,133.58999633789062,211.7209930419922,133.4600067138672
33.95,1.0298684715203661e-07,0.0,0.0,8.621966934098065,96.44869157138041,95.62559443406893,203.10000610351562,133.58999633789062,211.7209930419922,133.4600067138672
34.0,1.7164501268107036e-07,0.0,0.0,8.621966934098065,96.44869157138041,95.62559443406893,203.10000610351562,133.58999633789062,211.7209930419922,133.4600067138672
34.050000000000004,2.40301881104313e-07,0.0,0.0,8.621966934098065,96.44869157138041,95.62559443406893,203.10000610351562,133.58999633789062,211.7209930419922,133.4600067138672
34.1,3.089598731292262e-07,0.0,0.0,8.621966934098065,96.44869157138041,95.62559443406893,203.10000610351562,133.58999633789062,211.7209930419922,133.4600067138672
34.15,3.776187133065529e-07,0.0,0.0,8.621966934098065,96.44869157138041,95.62559443406893,203.10000610351562,133.58999633789062,211.7209930419922,133.4600067138672
34.2,4.4627398484996044e-07,0.0,0.0,8.621966934098065,96.44869157138041,95.62559443406893,203.10000610351562,133.58999633789062,211.7209930419922,133.4600067138672
34.25,5.149332549519995e-07,0.0,0.0,8.621966934098065,96.44869157138041,95.62559443406893,203.10000610351562,133.58999633789062,211.7209930419922,133.4600067138672
34.300000000000004,5.8041107611140785e-11,0.0,0.0,8.621966934098065,96.44869157138041,95.62559443406893,203.10000610351562,133.58999633789062,211.7209930419922,133.4600067138672
34.35,3.433462613711411e-08,0.0,0.0,8.621966934098065,96.44869157138041,95.62559443406893,203.10000610351562,133.58999633789062,211.7209930419922,133.4600067138672
34.4,1.0299558847626219e-07,0.0,0.0,8.621966934098065,96.44869157138041,95.62559443406893,203.10000610351562,133.58999633789062,211.7209930419922,133.4600067138672
34.45,1.3731993420213304e-07,0.0,0.0,8.621966934098065,96.44869157138041,95.62559443406893,203.10000610351562,133.58999633789062,211.7209930419922,133.4600067138672
34.5,2.403032083428244e-07,0.0,0.0,8.621966934098065,96.44869157138041,95.62559443406893,203.10000610351562,133.58999633789062,211.7209930419922,133.4600067138672
34.550000000000004,2.4030220198874494e-07,0.0,0.0,8.621966934098065,96.44869157138041,95.62559443406893,203.10000610351562,133.58999633789062,211.7209930419922,133.4600067138672
34.6,2.4030186399706195e-07,0.0,0.0,8.621966934098065,96.44869157138041,95.62559443406893,203.10000610351562,133.58999633789062,211.7209930419922,133.4600067138672
34.65,3.4329082181129336e-07,0.0,0.0,8.621966934098065,96.44869157138041,95.62559443406893,203.10000610351562,133.58999633789062,211.7209930419922,133.4600067138672
34.7,3.776184316136803e-07,0.0,0.0,8.621966934098065,96.44869157138041,95.62559443406893,203.10000610351562,133.58999633789062,211.7209930419922,133.4600067138672
34.75,3.434373192481109e-08,0.0,0.0,8.621966934098065,96.44869157138041,95.62559443406893,203.10000610351562,133.58999633789062,211.7209930419922,133.4600067138672
34.800000000000004,3.433925774409007e-08,0.0,0.0,8.621966934098065,96.44869157138041,95.62559443406893,203.10000610351562,133.58999633789062,211.7209930419922,133.4600067138672
34.85,1.716451341702758e-07,0.0,0.0,8.621966934098065,96.44869157138041,95.62559443406893,203.10000610351562,133.58999633789062,211.7209930419922,133.4600067138672
34.9,2.4030587133929664e-07,0.0,0.0,8.621966934098065,96.44869157138041,95.62559443406893,203.10000610351562,133.58999633789062,211.7209930419922,133.4600067138672
34.95,2.4030395515814275e-07,0.0,0.0,8.621966934098065,96.44869157138041,95.62559443406893,203.10000610351562,133.58999633789062,211.7209930419922,133.4600067138672
35.0,2.403072179677167e-07,0.0,0.0,8.621966934098065,96.44869157138041,95.62559443406893,203.10000610351562,133.58999633789062,211.7209930419922,133.4600067138672
35.050000000000004,3.4329175602054067e-07,0.0,0.0,8.621966934098065,96.44869157138041,95.62559443406893,203.10000610351562,133.58999633789062,211.7209930419922,133.4600067138672
35.1,4.806046987450123e-07,0.0,0.0,8.621966934098065,96.44869157138041,95.62559443406893,203.10000610351562,133.58999633789062,211.7209930419922,133.4600067138672
35.15,3.4328939571578435e-08,0.0,0.0,8.621966934098065,96.44869157138041,95.62559443406893,203.10000610351562,133.58999633789062,211.7209930419922,133.4600067138672
35.2,6.865822718916834e-08,0.0,0.0,8.621966934098065,96.44869157138041,95.62559443406893,203.10000610351562,133.58999633789062,211.7209930419922,133.4600067138672
35.25,1.7165756131052274e-07,0.0,0.0,8.621966934098065,96.44869157138041,95.62559443406893,203.10000610351562,133.58999633789062,211.7209930419922,133.4600067138672
35.300000000000004,1.7165335728498504e-07,0.0,0.0,8.621966934098065,96.44869157138041,95.62559443406893,203.10000610351562,133.58999633789062,211.7209930419922,133.4600067138672
35.35,1.7164722404105383e-07,0.0,0.0,8.621966934098065,96.44869157138041,95.62559443406893,203.10000610351562,133.58999633789062,211.7209930419922,133.4600067138672
35.4,2.4030259203508885e-07,0.0,0.0,8.621966934098065,96.44869157138041,95.62559443406893,203.10000610351562,133.58999633789062,211.7209930419922,133.4600067138672
35.45,2.4030209517380743e-07,0.0,0.0,8.621966934098065,96.44869157138041,95.62559443406893,203.10000610351562,133.58999633789062,211.7209930419922,133.4600067138672
35.5,2.4030288031996534e-07,0.0,0.0,8.621966934098065,96.44869157138041,95.62559443406893,203.10000610351562,133.58999633789062,211.7209930419922,133.4600067138672
35.550000000000004,0.0,0.0,0.0,8.621966934098065,96.44869157138041,95.62559443406893,203.10000610351562,133.58999633789062,211.7209930419922,133.4600067138672
35.6,3.433474494091643e-08,0.0,0.0,8.621966934098065,96.44869157138041,95.62559443406893,203.10000610351562,133.58999633789062,211.7209930419922,133.4600067138672
35.65,1.7165526333228183e-07,0.0,0.0,8.621966934098065,96.44869157138041,95.62559443406893,203.10000610351562,133.58999633789062,211.7209930419922,133.4600067138672
35.7,1.7165150575091584e-07,0.0,0.0,8.621966934098065,96.44869157138041,95.62559443406893,203.10000610351562,133.58999633789062,211.7209930419922,133.4600067138672
35.75,3.08973064483662e-07,0.0,0.0,8.621966934098065,96.44869157138041,95.62559443406893,203.10000610351562,133.58999633789062,211.7209930419922,133.4600067138672
35.800000000000004,3.0896071721036115e-07,0.0,0.0,8.621966934098065,96.44869157138041,95.62559443406893,203.10000610351562,133.58999633789062,211.7209930419922,133.4600067138672
35.85,3.432926661182783e-07,0.0,0.0,8.621966934098065,96.44869157138041,95.62559443406893,203.10000610351562,133.58999633789062,211.7209930419922,133.4600067138672
35.9,4.462741834056673e-07,0.0,0.0,8.621966934098065,96.44869157138041,95.62559443406893,203.10000610351562,133.58999633789062,211.7209930419922,133.4600067138672
35.95,4.462745731890037e-07,0.0,0.0,8.621966934098065,96.44869157138041,95.62559443406893,203.10000610351562,133.58999633789062,211.7209930419922,133.4600067138672
36.0,3.4329791197042555e-08,0.0,0.0,8.621966934098065,96.44869157138041,95.62559443406893,203.10000610351562,133.58999633789062,211.7209930419922,133.4600067138672
36.050000000000004,3.4329855099589654e-08,0.0,0.0,8.621966934098065,96.44869157138041,95.62559443406893,203.10000610351562,133.58999633789062,211.7209930419922,133.4600067138672
36.1,1.7165305181171907e-07,0.0,0.0,8.621966934098065,96.44869157138041,95.62559443406893,203.10000610351562,133.58999633789062,211.7209930419922,133.4600067138672
36.15,3.0898162989957767e-07,0.0,0.0,8.621966934098065,96.44869157138041,95.62559443406893,203.10000610351562,133.58999633789062,211.7209930419922,133.4600067138672
36.2,3.0897700065504555e-07,0.0,0.0,8.621966934098065,96.44869157138041,95.62559443406893,203.10000610351562,133.58999633789062,211.7209930419922,133.4600067138672
36.25,3.0895990633901844e-07,0.0,0.0,8.621966934098065,96.44869157138041,95.62559443406893,203.10000610351562,133.58999633789062,211.7209930419922,133.4600067138672
36.300000000000004,3.089889762426692e-07,0.0,0.0,8.621966934098065,96.44869157138041,95.62559443406893,203.10000610351562,133.58999633789062,211.7209930419922,133.4600067138672
36.35,4.4628085013252647e-07,0.0,0.0,8.621966934098065,96.44869157138041,95.62559443406893,203.10000610351562,133.58999633789062,211.7209930419922,133.4600067138672
36.4,5.8041107611140785e-11,0.0,0.0,8.621966934098065,96.44869157138041,95.62559443406893,203.10000610351562,133.58999633789062,211.7209930419922,133.4600067138672
36.45,1.3733447161142038e-07,0.0,0.0,8.621966934098065,96.44869157138041,95.62559443406893,203.10000610351562,133.58999633789062,211.7209930419922,133.4600067138672
36.5,1.7165537825718356e-07,0.0,0.0,8.621966934098065,96.44869157138041,95.62559443406893,203.10000610351562,133.58999633789062,211.7209930419922,133.4600067138672
36.550000000000004,1.7165145616146988e-07,0.0,0.0,8.621966934098065,96.44869157138041,95.62559443406893,203.10000610351562,133.58999633789062,211.7209930419922,133.4600067138672
36.6,1.7164852071345364e-07,0.0,0.0,8.621966934098065,96.44869157138041,95.62559443406893,203.10000610351562,133.58999633789062,211.7209930419922,133.4600067138672
36.65,2.059735640988572e-07,0.0,0.0,8.621966934098065,96.44869157138041,95.62559443406893,203.10000610351562,133.58999633789062,211.7209930419922,133.4600067138672
36.7,2.059736056515673e-07,0.0,0.0,8.621966934098065,96.44869157138041,95.62559443406893,203.10000610351562,133.58999633789062,211.7209930419922,133.4600067138672
36.75,2.4030224056780936e-07,0.0,0.0,8.621966934098065,96.44869157138041,95.62559443406893,203.10000610351562,133.58999633789062,211.7209930419922,133.4600067138672
36.800000000000004,2.4030293512042893e-07,0.0,0.0,8.621966934098065,96.44869157138041,95.62559443406893,203.10000610351562,133.58999633789062,211.7209930419922,133.4600067138672
36.85,3.433172554816411e-08,0.0,0.0,8.621966934098065,96.44869157138041,95.62559443406893,203.10000610351562,133.58999633789062,211.7209930419922,133.4600067138672
36.9,3.4329705844865184e-08,0.0,0.0,8.621966934098065,96.44869157138041,95.62559443406893,203.10000610351562,133.58999633789062,211.7209930419922,133.4600067138672
36.95,1.3732246818012232e-07,0.0,0.0,8.621966934098065,96.44869157138041,95.62559443406893,203.10000610351562,133.58999633789062,211.7209930419922,133.4600067138672
37.0,2.4032458431387105e-07,0.0,0.0,8.621966934098065,96.44869157138041,95.62559443406893,203.10000610351562,133.58999633789062,211.7209930419922,133.4600067138672
37.050000000000004,2.4030181845842517e-07,0.0,0.0,8.621966934098065,96.44869157138041,95.62559443406893,203.10000610351562,133.58999633789062,211.7209930419922,133.4600067138672
37.1,2.74643360554026e-07,0.0,0.0,8.621966934098065,96.44869157138041,95.62559443406893,203.10000610351562,133.58999633789062,211.7209930419922,133.4600067138672
37.15,4.119445311416223e-07,0.0,0.0,8.621966934098065,96.44869157138041,95.62559443406893,203.10000610351562,133.58999633789062,211.7209930419922,133.4600067138672
37.2,4.4627430162892834e-07,0.0,0.0,8.621966934098065,96.44869157138041,95.62559443406893,203.10000610351562,133.58999633789062,211.7209930419922,133.4600067138672
37.25,3.4328939571578435e-08,0.0,0.0,8.621966934098065,96.44869157138041,95.62559443406893,203.10000610351562,133.58999633789062,211.7209930419922,133.4600067138672
37.300000000000004,1.0298973752116071e-07,0.0,0.0,8.621966934098065,96.44869157138041,95.62559443406893,203.10000610351562,133.58999633789062,211.7209930419922,133.4600067138672
37.35,1.7165767863748024e-07,0.0,0.0,8.621966934098065,96.44869157138041,95.62559443406893,203.10000610351562,133.58999633789062,211.7209930419922,133.4600067138672
37.4,1.7165335743422385e-07,0.0,0.0,8.621966934098065,96.44869157138041,95.62559443406893,203.10000610351562,133.58999633789062,211.7209930419922,133.4600067138672
37.45,2.0598235896421405e-07,0.0,0.0,8.621966934098065,96.44869157138041,95.62559443406893,203.10000610351562,133.58999633789062,211.7209930419922,133.4600067138672
37.5,2.059730474108537e-07,0.0,0.0,8.621966934098065,96.44869157138041,95.62559443406893,203.10000610351562,133.58999633789062,211.7209930419922,133.4600067138672
37.550000000000004,2.0598571291234354e-07,0.0,0.0,8.621966934098065,96.44869157138041,95.62559443406893,203.10000610351562,133.58999633789062,211.7209930419922,133.4600067138672
37.6,3.0896163211253433e-07,0.0,0.0,8.621966934098065,96.44869157138041,95.62559443406893,203.10000610351562,133.58999633789062,211.7209930419922,133.4600067138672
37.65,0.0,0.0,0.0,8.621966934098065,96.44869157138041,95.62559443406893,203.10000610351562,133.58999633789062,211.7209930419922,133.4600067138672
37.7,3.433474494091643e-08,0.0,0.0,8.621966934098065,96.44869157138041,95.62559443406893,203.10000610351562,133.58999633789062,211.7209930419922,133.4600067138672
37.75,6.866267494788007e-08,0.0,0.0,8.621966934098065,96.44869157138041,95.62559443406893,203.10000610351562,133.58999633789062,211.7209930419922,133.4600067138672
37.800000000000004,1.7166578024137767e-07,0.0,0.0,8.621966934098065,96.44869157138041,95.62559443406893,203.10000610351562,133.58999633789062,211.7209930419922,133.4600067138672
37.85,1.716603606737401e-07,0.0,0.0,8.621966934098065,96.44869157138041,95.62559443406893,203.10000610351562,133.58999633789062,211.7209930419922,133.4600067138672
37.9,1.716446881818568e-07,0.0,0.0,8.621966934098065,96.44869157138041,95.62559443406893,203.10000610351562,133.58999633789062,211.7209930419922,133.4600067138672
37.95,1.7165007525616157e-07,0.0,0.0,8.621966934098065,96.44869157138041,95.62559443406893,203.10000610351562,133.58999633789062,211.7209930419922,133.4600067138672
38.0,1.7164904673911133e-07,0.0,0.0,8.621966934098065,96.44869157138041,95.62559443406893,203.10000610351562,133.58999633789062,211.7209930419922,133.4600067138672
38.050000000000004,1.7165225991392567e-07,0.0,0.0,8.621966934098065,96.44869157138041,95.62559443406893,203.10000610351562,133.58999633789062,211.7209930419922,133.4600067138672
38.1,3.4329791197042555e-08,0.0,0.0,8.621966934098065,96.44869157138041,95.62559443406893,203.10000610351562,133.58999633789062,211.7209930419922,133.4600067138672
38.15,1.3732380478952867e-07,0.0,0.0,8.621966934098065,96.44869157138041,95.62559443406893,203.10000610351562,133.58999633789062,211.7209930419922,133.4600067138672
38.2,2.4030841948620347e-07,0.0,0.0,8.621966934098065,96.44869157138041,95.62559443406893,203.10000610351562,133.58999633789062,211.7209930419922,133.4600067138672
38.25,3.089658606602165e-07,0.0,0.0,8.621966934098065,96.44869157138041,95.62559443406893,203.10000610351562,133.58999633789062,211.7209930419922,133.4600067138672
38.300000000000004,4.462862602023179e-07,0.0,0.0,8.621966934098065,96.44869157138041,95.62559443406893,203.10000610351562,133.58999633789062,211.7209930419922,133.4600067138672
38.35,4.4627399330378616e-07,0.0,0.0,8.621966934098065,96.44869157138041,95.62559443406893,203.10000610351562,133.58999633789062,211.7209930419922,133.4600067138672
38.400000000000006,4.4627931283323795e-07,0.0,0.0,8.621966934098065,96.44869157138041,95.62559443406893,203.10000610351562,133.58999633789062,211.7209930419922,133.4600067138672
38.45,5.149340538766262e-07,0.0,0.0,8.621966934098065,96.44869157138041,95.62559443406893,203.10000610351562,133.58999633789062,211.7209930419922,133.4600067138672
38.5,1.2300455808154524e-10,0.0,0.0,8.621966934098065,96.44869157138041,95.62559443406893,203.10000610351562,133.58999633789062,211.7209930419922,133.4600067138672
38.550000000000004,1.0298842229196354e-07,0.0,0.0,8.621966934098065,96.44869157138041,95.62559443406893,203.10000610351562,133.58999633789062,211.7209930419922,133.4600067138672
38.6,1.7164973092092096e-07,0.0,0.0,8.621966934098065,96.44869157138041,95.62559443406893,203.10000610351562,133.58999633789062,211.7209930419922,133.4600067138672
38.650000000000006,2.0597898125324356e-07,0.0,0.0,8.621966934098065,96.44869157138041,95.62559443406893,203.10000610351562,133.58999633789062,211.7209930419922,133.4600067138672
38.7,2.403134273271847e-07,0.0,0.0,8.621966934098065,96.44869157138041,95.62559443406893,203.10000610351562,133.58999633789062,211.7209930419922,133.4600067138672
38.75,2.40303803014973e-07,0.0,0.0,8.621966934098065,96.44869157138041,95.62559443406893,203.10000610351562,133.58999633789062,211.7209930419922,133.4600067138672
38.800000000000004,2.746338896581029e-07,0.0,0.0,8.621966934098065,96.44869157138041,95.62559443406893,203.10000610351562,133.58999633789062,211.7209930419922,133.4600067138672
38.85,3.7761850393627437e-07,0.0,0.0,8.621966934098065,96.44869157138041,95.62559443406893,203.10000610351562,133.58999633789062,211.7209930419922,133.4600067138672
38.900000000000006,3.776185678205429e-07,0.0,0.0,8.621966934098065,96.44869157138041,95.62559443406893,203.10000610351562,133.58999633789062,211.7209930419922,133.4600067138672
38.95,3.433172554816411e-08,0.0,0.0,8.621966934098065,96.44869157138041,95.62559443406893,203.10000610351562,133.58999633789062,211.7209930419922,133.4600067138672
39.0,3.4329705844865184e-08,0.0,0.0,8.621966934098065,96.44869157138041,95.62559443406893,203.10000610351562,133.58999633789062,211.7209930419922,133.4600067138672
39.050000000000004,1.3732246818012232e-07,0.0,0.0,8.621966934098065,96.44869157138041,95.62559443406893,203.10000610351562,133.58999633789062,211.7209930419922,133.4600067138672
39.1,2.4032458431387105e-07,0.0,0.0,8.621966934098065,96.44869157138041,95.62559443406893,203.10000610351562,133.58999633789062,211.7209930419922,133.4600067138672
39.150000000000006,2.4030282231755145e-07,0.0,0.0,8.621966934098065,96.44869157138041,95.62559443406893,203.10000610351562,133.58999633789062,211.7209930419922,133.4600067138672
39.2,2.403211966912516e-07,0.0,0.0,8.621966934098065,96.44869157138041,95.62559443406893,203.10000610351562,133.58999633789062,211.7209930419922,133.4600067138672
39.25,3.7761918500846506e-07,0.0,0.0,8.621966934098065,96.44869157138041,95.62559443406893,203.10000610351562,133.58999633789062,211.7209930419922,133.4600067138672
39.300000000000004,4.462744811985393e-07,0.0,0.0,8.621966934098065,96.44869157138041,95.62559443406893,203.10000610351562,133.58999633789062,211.7209930419922,133.4600067138672
39.35,3.4328939571578435e-08,0.0,0.0,8.621966934098065,96.44869157138041,95.62559443406893,203.10000610351562,133.58999633789062,211.7209930419922,133.4600067138672
39.400000000000006,3.4331087573887794e-08,0.0,0.0,8.621966934098065,96.44869157138041,95.62559443406893,203.10000610351562,133.58999633789062,211.7209930419922,133.4600067138672
39.45,1.7165118560593623e-07,0.0,0.0,8.621966934098065,96.44869157138041,95.62559443406893,203.10000610351562,133.58999633789062,211.7209930419922,133.4600067138672
39.5,2.403133919257697e-07,0.0,0.0,8.621966934098065,96.44869157138041,95.62559443406893,203.10000610351562,133.58999633789062,211.7209930419922,133.4600067138672
39.550000000000004,2.403097068233706e-07,0.0,0.0,8.621966934098065,96.44869157138041,95.62559443406893,203.10000610351562,133.58999633789062,211.7209930419922,133.4600067138672
39.6,2.403018369342042e-07,0.0,0.0,8.621966934098065,96.44869157138041,95.62559443406893,203.10000610351562,133.58999633789062,211.7209930419922,133.4600067138672
39.650000000000006,2.7463510882921055e-07,0.0,0.0,8.621966934098065,96.44869157138041,95.62559443406893,203.10000610351562,133.58999633789062,211.7209930419922,133.4600067138672
39.7,3.0896524618381e-07,0.0,0.0,8.621966934098065,96.44869157138041,95.62559443406893,203.10000610351562,133.58999633789062,211.7209930419922,133.4600067138672
39.75,0.0,0.0,0.0,8.621966934098065,96.44869157138041,95.62559443406893,203.10000610351562,133.58999633789062,211.7209930419922,133.4600067138672
39.800000000000004,3.433474494091643e-08,0.0,0.0,8.621966934098065,96.44869157138041,95.62559443406893,203.10000610351562,133.58999633789062,211.7209930419922,133.4600067138672
39.85,1.3732857519148087e-07,0.0,0.0,8.621966934098065,96.44869157138041,95.62559443406893,203.10000610351562,133.58999633789062,211.7209930419922,133.4600067138672
39.900000000000006,2.403115170178648e-07,0.0,0.0,8.621966934098065,96.44869157138041,95.62559443406893,203.10000610351562,133.58999633789062,211.7209930419922,133.4600067138672
39.95,3.0896832356061257e-07,0.0,0.0,8.621966934098065,96.44869157138041,95.62559443406893,203.10000610351562,133.58999633789062,211.7209930419922,133.4600067138672
40.0,3.0895970028220957e-07,0.0,0.0,8.621966934098065,96.44869157138041,95.62559443406893,203.10000610351562,133.58999633789062,211.7209930419922,133.4600067138672
40.050000000000004,3.432904972495367e-07,0.0,0.0,8.621966934098065,96.44869157138041,95.62559443406893,203.10000610351562,133.58999633789062,211.7209930419922,133.4600067138672
40.1,3.7762134604318966e-07,0.0,0.0,8.621966934098065,96.44869157138041,95.62559443406893,203.10000610351562,133.58999633789062,211.7209930419922,133.4600067138672
40.150000000000006,4.119464798903933e-07,0.0,0.0,8.621966934098065,96.44869157138041,95.62559443406893,203.10000610351562,133.58999633789062,211.7209930419922,133.4600067138672
40.2,3.4330185165712685e-08,0.0,0.0,8.621966934098065,96.44869157138041,95.62559443406893,203.10000610351562,133.58999633789062,211.7209930419922,133.4600067138672
40.25,1.0299164612096333e-07,0.0,0.0,8.621966934098065,96.44869157138041,95.62559443406893,203.10000610351562,133.58999633789062,211.7209930419922,133.4600067138672
40.300000000000004,1.7165329187617623e-07,0.0,0.0,8.621966934098065,96.44869157138041,95.62559443406893,203.10000610351562,133.58999633789062,211.7209930419922,133.4600067138672
40.35,2.4031035170196555e-07,0.0,0.0,8.621966934098065,96.44869157138041,95.62559443406893,203.10000610351562,133.58999633789062,211.7209930419922,133.4600067138672
40.400000000000006,3.0897144579705196e-07,0.0,0.0,8.621966934098065,96.44869157138041,95.62559443406893,203.10000610351562,133.58999633789062,211.7209930419922,133.4600067138672
40.45,3.089611173022049e-07,0.0,0.0,8.621966934098065,96.44869157138041,95.62559443406893,203.10000610351562,133.58999633789062,211.7209930419922,133.4600067138672
40.5,3.089660579146005e-07,0.0,0.0,8.621966934098065,96.44869157138041,95.62559443406893,203.10000610351562,133.58999633789062,211.7209930419922,133.4600067138672
40.550000000000004,3.7761922235139786e-07,0.0,0.0,8.621966934098065,96.44869157138041,95.62559443406893,203.10000610351562,133.58999633789062,211.7209930419922,133.4600067138672
40.6,1.2300455808154524e-10,0.0,0.0,8.621966934098065,96.44869157138041,95.62559443406893,203.10000610351562,133.58999633789062,211.7209930419922,133.4600067138672
40.650000000000006,3.4333403337477024e-08,0.0,0.0,8.621966934098065,96.44869157138041,95.62559443406893,203.10000610351562,133.58999633789062,211.7209930419922,133.4600067138672
40.7,1.3731786751337326e-07,0.0,0.0,8.621966934098065,96.44869157138041,95.62559443406893,203.10000610351562,133.58999633789062,211.7209930419922,133.4600067138672
40.75,2.746497709468928e-07,0.0,0.0,8.621966934098065,96.44869157138041,95.62559443406893,203.10000610351562,133.58999633789062,211.7209930419922,133.4600067138672
40.800000000000004,3.089735147241883e-07,0.0,0.0,8.621966934098065,96.44869157138041,95.62559443406893,203.10000610351562,133.58999633789062,211.7209930419922,133.4600067138672
40.85,3.0896507035551657e-07,0.0,0.0,8.621966934098065,96.44869157138041,95.62559443406893,203.10000610351562,133.58999633789062,211.7209930419922,133.4600067138672
40.900000000000006,3.0896602603148393e-07,0.0,0.0,8.621966934098065,96.44869157138041,95.62559443406893,203.10000610351562,133.58999633789062,211.7209930419922,133.4600067138672
40.95,3.4330024055705866e-07,0.0,0.0,8.621966934098065,96.44869157138041,95.62559443406893,203.10000610351562,133.58999633789062,211.7209930419922,133.4600067138672
41.0,4.806038947449227e-07,0.0,0.0,8.621966934098065,96.44869157138041,95.62559443406893,203.10000610351562,133.58999633789062,211.7209930419922,133.4600067138672
41.050000000000004,3.433172554816411e-08,0.0,0.0,8.621966934098065,96.44869157138041,95.62559443406893,203.10000610351562,133.58999633789062,211.7209930419922,133.4600067138672
41.1,1.7165316924331404e-07,0.0,0.0,8.621966934098065,96.44869157138041,95.62559443406893,203.10000610351562,133.58999633789062,211.7209930419922,133.4600067138672
41.150000000000006,1.716502575612625e-07,0.0,0.0,8.621966934098065,96.44869157138041,95.62559443406893,203.10000610351562,133.58999633789062,211.7209930419922,133.4600067138672
41.2,2.403170289245533e-07,0.0,0.0,8.621966934098065,96.44869157138041,95.62559443406893,203.10000610351562,133.58999633789062,211.7209930419922,133.4600067138672
41.25,2.403040348902051e-07,0.0,0.0,8.621966934098065,96.44869157138041,95.62559443406893,203.10000610351562,133.58999633789062,211.7209930419922,133.4600067138672
41.300000000000004,3.0896427656187833e-07,0.0,0.0,8.621966934098065,96.44869157138041,95.62559443406893,203.10000610351562,133.58999633789062,211.7209930419922,133.4600067138672
41.35,4.4627469281913053e-07,0.0,0.0,8.621966934098065,96.44869157138041,95.62559443406893,203.10000610351562,133.58999633789062,211.7209930419922,133.4600067138672
41.400000000000006,4.462742191444546e-07,0.0,0.0,8.621966934098065,96.44869157138041,95.62559443406893,203.10000610351562,133.58999633789062,211.7209930419922,133.4600067138672
41.45,3.4328939571578435e-08,0.0,0.0,8.621966934098065,96.44869157138041,95.62559443406893,203.10000610351562,133.58999633789062,211.7209930419922,133.4600067138672
41.5,3.4331087573887794e-08,0.0,0.0,8.621966934098065,96.44869157138041,95.62559443406893,203.10000610351562,133.58999633789062,211.7209930419922,133.4600067138672
41.550000000000004,1.0298763549704113e-07,0.0,0.0,8.621966934098065,96.44869157138041,95.62559443406893,203.10000610351562,133.58999633789062,211.7209930419922,133.4600067138672
41.6,2.403194416483037e-07,0.0,0.0,8.621966934098065,96.44869157138041,95.62559443406893,203.10000610351562,133.58999633789062,211.7209930419922,133.4600067138672
41.650000000000006,3.089813009557913e-07,0.0,0.0,8.621966934098065,96.44869157138041,95.62559443406893,203.10000610351562,133.58999633789062,211.7209930419922,133.4600067138672
41.7,3.089595758964174e-07,0.0,0.0,8.621966934098065,96.44869157138041,95.62559443406893,203.10000610351562,133.58999633789062,211.7209930419922,133.4600067138672
41.75,3.089692476662382e-07,0.0,0.0,8.621966934098065,96.44869157138041,95.62559443406893,203.10000610351562,133.58999633789062,211.7209930419922,133.4600067138672
41.800000000000004,4.119459438542216e-07,0.0,0.0,8.621966934098065,96.44869157138041,95.62559443406893,203.10000610351562,133.58999633789062,211.7209930419922,133.4600067138672
41.85,0.0,0.0,0.0,8.621966934098065,96.44869157138041,95.62559443406893,203.10000610351562,133.58999633789062,211.7209930419922,133.4600067138672
41.900000000000006,3.433474494091643e-08,0.0,0.0,8.621966934098065,96.44869157138041,95.62559443406893,203.10000610351562,133.58999633789062,211.7209930419922,133.4600067138672
41.95,1.0299678308538664e-07,0.0,0.0,8.621966934098065,96.44869157138041,95.62559443406893,203.10000610351562,133.58999633789062,211.7209930419922,133.4600067138672
42.0,1.716577447369356e-07,0.0,0.0,8.621966934098065,96.44869157138041,95.62559443406893,203.10000610351562,133.58999633789062,211.7209930419922,133.4600067138672
42.050000000000004,1.7164843284570076e-07,0.0,0.0,8.621966934098065,96.44869157138041,95.62559443406893,203.10000610351562,133.58999633789062,211.7209930419922,133.4600067138672
42.1,2.403054764062439e-07,0.0,0.0,8.621966934098065,96.44869157138041,95.62559443406893,203.10000610351562,133.58999633789062,211.7209930419922,133.4600067138672
42.150000000000006,3.776189944524604e-07,0.0,0.0,8.621966934098065,96.44869157138041,95.62559443406893,203.10000610351562,133.58999633789062,211.7209930419922,133.4600067138672
42.2,3.776184942557043e-07,0.0,0.0,8.621966934098065,96.44869157138041,95.62559443406893,203.10000610351562,133.58999633789062,211.7209930419922,133.4600067138672
42.25,3.7761842483035166e-07,0.0,0.0,8.621966934098065,96.44869157138041,95.62559443406893,203.10000610351562,133.58999633789062,211.7209930419922,133.4600067138672
42.300000000000004,3.4329791197042555e-08,0.0,0.0,8.621966934098065,96.44869157138041,95.62559443406893,203.10000610351562,133.58999633789062,211.7209930419922,133.4600067138672
42.35,3.432985510201208e-08,0.0,0.0,8.621966934098065,96.44869157138041,95.62559443406893,203.10000610351562,133.58999633789062,211.7209930419922,133.4600067138672
42.400000000000006,1.7165305181171907e-07,0.0,0.0,8.621966934098065,96.44869157138041,95.62559443406893,203.10000610351562,133.58999633789062,211.7209930419922,133.4600067138672
42.45,2.4032213243012913e-07,0.0,0.0,8.621966934098065,96.44869157138041,95.62559443406893,203.10000610351562,133.58999633789062,211.7209930419922,133.4600067138672
42.5,2.40305185063628e-07,0.0,0.0,8.621966934098065,96.44869157138041,95.62559443406893,203.10000610351562,133.58999633789062,211.7209930419922,133.4600067138672
42.550000000000004,2.4031556600401455e-07,0.0,0.0,8.621966934098065,96.44869157138041,95.62559443406893,203.10000610351562,133.58999633789062,211.7209930419922,133.4600067138672
42.6,3.776201032938435e-07,0.0,0.0,8.621966934098065,96.44869157138041,95.62559443406893,203.10000610351562,133.58999633789062,211.7209930419922,133.4600067138672
42.650000000000006,5.149338856313491e-07,0.0,0.0,8.621966934098065,96.44869157138041,95.62559443406893,203.10000610351562,133.58999633789062,211.7209930419922,133.4600067138672
42.7,1.2300455808154524e-10,0.0,0.0,8.621966934098065,96.44869157138041,95.62559443406893,203.10000610351562,133.58999633789062,211.7209930419922,133.4600067138672
42.75,3.4333403337477024e-08,0.0,0.0,8.621966934098065,96.44869157138041,95.62559443406893,203.10000610351562,133.58999633789062,211.7209930419922,133.4600067138672
42.800000000000004,1.7164953570616249e-07,0.0,0.0,8.621966934098065,96.44869157138041,95.62559443406893,203.10000610351562,133.58999633789062,211.7209930419922,133.4600067138672
42.85,2.4031743630676043e-07,0.0,0.0,8.621966934098065,96.44869157138041,95.62559443406893,203.10000610351562,133.58999633789062,211.7209930419922,133.4600067138672
42.900000000000006,2.4031304531326793e-07,0.0,0.0,8.621966934098065,96.44869157138041,95.62559443406893,203.10000610351562,133.58999633789062,211.7209930419922,133.4600067138672
42.95,2.4030600505399075e-07,0.0,0.0,8.621966934098065,96.44869157138041,95.62559443406893,203.10000610351562,133.58999633789062,211.7209930419922,133.4600067138672
43.0,3.0896661702519955e-07,0.0,0.0,8.621966934098065,96.44869157138041,95.62559443406893,203.10000610351562,133.58999633789062,211.7209930419922,133.4600067138672
43.050000000000004,4.4627427178587946e-07,0.0,0.0,8.621966934098065,96.44869157138041,95.62559443406893,203.10000610351562,133.58999633789062,211.7209930419922,133.4600067138672
43.1,4.462744605051957e-07,0.0,0.0,8.621966934098065,96.44869157138041,95.62559443406893,203.10000610351562,133.58999633789062,211.7209930419922,133.4600067138672
43.150000000000006,3.433172554816411e-08,0.0,0.0,8.621966934098065,96.44869157138041,95.62559443406893,203.10000610351562,133.58999633789062,211.7209930419922,133.4600067138672
43.2,3.4329705844865184e-08,0.0,0.0,8.621966934098065,96.44869157138041,95.62559443406893,203.10000610351562,133.58999633789062,211.7209930419922,133.4600067138672
43.25,1.3732246818012232e-07,0.0,0.0,8.621966934098065,96.44869157138041,95.62559443406893,203.10000610351562,133.58999633789062,211.7209930419922,133.4600067138672
43.300000000000004,2.746571720807197e-07,0.0,0.0,8.621966934098065,96.44869157138041,95.62559443406893,203.10000610351562,133.58999633789062,211.7209930419922,133.4600067138672
43.35,2.7463114177326466e-07,0.0,0.0,8.621966934098065,96.44869157138041,95.62559443406893,203.10000610351562,133.58999633789062,211.7209930419922,133.4600067138672
43.400000000000006,3.089707290723663e-07,0.0,0.0,8.621966934098065,96.44869157138041,95.62559443406893,203.10000610351562,133.58999633789062,211.7209930419922,133.4600067138672
43.45,4.119465316376371e-07,0.0,0.0,8.621966934098065,96.44869157138041,95.62559443406893,203.10000610351562,133.58999633789062,211.7209930419922,133.4600067138672
43.5,4.4627430185787414e-07,0.0,0.0,8.621966934098065,96.44869157138041,95.62559443406893,203.10000610351562,133.58999633789062,211.7209930419922,133.4600067138672
43.550000000000004,3.4328939571578435e-08,0.0,0.0,8.621966934098065,96.44869157138041,95.62559443406893,203.10000610351562,133.58999633789062,211.7209930419922,133.4600067138672
43.6,1.3732182578785358e-07,0.0,0.0,8.621966934098065,96.44869157138041,95.62559443406893,203.10000610351562,133.58999633789062,211.7209930419922,133.4600067138672
43.650000000000006,2.40307013505398e-07,0.0,0.0,8.621966934098065,96.44869157138041,95.62559443406893,203.10000610351562,133.58999633789062,211.7209930419922,133.4600067138672
43.7,3.089647362169508e-07,0.0,0.0,8.621966934098065,96.44869157138041,95.62559443406893,203.10000610351562,133.58999633789062,211.7209930419922,133.4600067138672
43.75,4.462848725565414e-07,0.0,0.0,8.621966934098065,96.44869157138041,95.62559443406893,203.10000610351562,133.58999633789062,211.7209930419922,133.4600067138672
43.800000000000004,4.462740635828134e-07,0.0,0.0,8.621966934098065,96.44869157138041,95.62559443406893,203.10000610351562,133.58999633789062,211.7209930419922,133.4600067138672
43.85,4.46283687395741e-07,0.0,0.0,8.621966934098065,96.44869157138041,95.62559443406893,203.10000610351562,133.58999633789062,211.7209930419922,133.4600067138672
43.900000000000006,5.835891399255266e-07,0.0,0.0,8.621966934098065,96.44869157138041,95.62559443406893,203.10000610351562,133.58999633789062,211.7209930419922,133.4600067138672
43.95,0.0,0.0,0.0,8.621966934098065,96.44869157138041,95.62559443406893,203.10000610351562,133.58999633789062,211.7209930419922,133.4600067138672
44.0,3.433474494091643e-08,0.0,0.0,8.621966934098065,96.44869157138041,95.62559443406893,203.10000610351562,133.58999633789062,211.7209930419922,133.4600067138672
44.050000000000004,3.433063991450246e-08,0.0,0.0,8.621966934098065,96.44869157138041,95.62559443406893,203.10000610351562,133.58999633789062,211.7209930419922,133.4600067138672
44.1,1.7165743469404898e-07,0.0,0.0,8.621966934098065,96.44869157138041,95.62559443406893,203.10000610351562,133.58999633789062,211.7209930419922,133.4600067138672
44.150000000000006,2.40327447746062e-07,0.0,0.0,8.621966934098065,96.44869157138041,95.62559443406893,203.10000610351562,133.58999633789062,211.7209930419922,133.4600067138672
44.2,2.4030183854266685e-07,0.0,0.0,8.621966934098065,96.44869157138041,95.62559443406893,203.10000610351562,133.58999633789062,211.7209930419922,133.4600067138672
44.25,2.7464157644981073e-07,0.0,0.0,8.621966934098065,96.44869157138041,95.62559443406893,203.10000610351562,133.58999633789062,211.7209930419922,133.4600067138672
44.300000000000004,3.776188139814126e-07,0.0,0.0,8.621966934098065,96.44869157138041,95.62559443406893,203.10000610351562,133.58999633789062,211.7209930419922,133.4600067138672
44.35,3.776194944827245e-07,0.0,0.0,8.621966934098065,96.44869157138041,95.62559443406893,203.10000610351562,133.58999633789062,211.7209930419922,133.4600067138672
44.400000000000006,3.433842260754244e-08,0.0,0.0,8.621966934098065,96.44869157138041,95.62559443406893,203.10000610351562,133.58999633789062,211.7209930419922,133.4600067138672
44.45,1.0299155712025276e-07,0.0,0.0,8.621966934098065,96.44869157138041,95.62559443406893,203.10000610351562,133.58999633789062,211.7209930419922,133.4600067138672
44.5,1.7165329198893734e-07,0.0,0.0,8.621966934098065,96.44869157138041,95.62559443406893,203.10000610351562,133.58999633789062,211.7209930419922,133.4600067138672
44.550000000000004,2.4030996757096654e-07,0.0,0.0,8.621966934098065,96.44869157138041,95.62559443406893,203.10000610351562,133.58999633789062,211.7209930419922,133.4600067138672
44.6,2.7463068341062787e-07,0.0,0.0,8.621966934098065,96.44869157138041,95.62559443406893,203.10000610351562,133.58999633789062,211.7209930419922,133.4600067138672
44.650000000000006,2.7463501828884364e-07,0.0,0.0,8.621966934098065,96.44869157138041,95.62559443406893,203.10000610351562,133.58999633789062,211.7209930419922,133.4600067138672
44.7,3.0896096763433487e-07,0.0,0.0,8.621966934098065,96.44869157138041,95.62559443406893,203.10000610351562,133.58999633789062,211.7209930419922,133.4600067138672
44.75,3.0896228093106724e-07,0.0,0.0,8.621966934098065,96.44869157138041,95.62559443406893,203.10000610351562,133.58999633789062,211.7209930419922,133.4600067138672
44.800000000000004,5.8041107611140785e-11,0.0,0.0,8.621966934098065,96.44869157138041,95.62559443406893,203.10000610351562,133.58999633789062,211.7209930419922,133.4600067138672
44.85,3.433462613711411e-08,0.0,0.0,8.621966934098065,96.44869157138041,95.62559443406893,203.10000610351562,133.58999633789062,211.7209930419922,133.4600067138672
44.900000000000006,1.0299611069247858e-07,0.0,0.0,8.621966934098065,96.44869157138041,95.62559443406893,203.10000610351562,133.58999633789062,211.7209930419922,133.4600067138672
44.95,1.7165137026066541e-07,0.0,0.0,8.621966934098065,96.44869157138041,95.62559443406893,203.10000610351562,133.58999633789062,211.7209930419922,133.4600067138672
45.0,3.089734132156863e-07,0.0,0.0,8.621966934098065,96.44869157138041,95.62559443406893,203.10000610351562,133.58999633789062,211.7209930419922,133.4600067138672
45.050000000000004,3.089614790871351e-07,0.0,0.0,8.621966934098065,96.44869157138041,95.62559443406893,203.10000610351562,133.58999633789062,211.7209930419922,133.4600067138672
45.1,3.0896389073434354e-07,0.0,0.0,8.621966934098065,96.44869157138041,95.62559443406893,203.10000610351562,133.58999633789062,211.7209930419922,133.4600067138672
45.150000000000006,4.1194472215570106e-07,0.0,0.0,8.621966934098065,96.44869157138041,95.62559443406893,203.10000610351562,133.58999633789062,211.7209930419922,133.4600067138672
45.2,4.4627458828981455e-07,0.0,0.0,8.621966934098065,96.44869157138041,95.62559443406893,203.10000610351562,133.58999633789062,211.7209930419922,133.4600067138672
45.25,3.433172554816411e-08,0.0,0.0,8.621966934098065,96.44869157138041,95.62559443406893,203.10000610351562,133.58999633789062,211.7209930419922,133.4600067138672
45.300000000000004,3.4329609826941843e-08,0.0,0.0,8.621966934098065,96.44869157138041,95.62559443406893,203.10000610351562,133.58999633789062,211.7209930419922,133.4600067138672
45.35,1.7166263534599043e-07,0.0,0.0,8.621966934098065,96.44869157138041,95.62559443406893,203.10000610351562,133.58999633789062,211.7209930419922,133.4600067138672
45.400000000000006,1.7166598821443894e-07,0.0,0.0,8.621966934098065,96.44869157138041,95.62559443406893,203.10000610351562,133.58999633789062,211.7209930419922,133.4600067138672
45.45,1.7164528203673965e-07,0.0,0.0,8.621966934098065,96.44869157138041,95.62559443406893,203.10000610351562,133.58999633789062,211.7209930419922,133.4600067138672
45.5,2.0598340015217756e-07,0.0,0.0,8.621966934098065,96.44869157138041,95.62559443406893,203.10000610351562,133.58999633789062,211.7209930419922,133.4600067138672
45.550000000000004,3.089597006635626e-07,0.0,0.0,8.621966934098065,96.44869157138041,95.62559443406893,203.10000610351562,133.58999633789062,211.7209930419922,133.4600067138672
45.6,3.08960028323845e-07,0.0,0.0,8.621966934098065,96.44869157138041,95.62559443406893,203.10000610351562,133.58999633789062,211.7209930419922,133.4600067138672
45.650000000000006,3.4328939571578435e-08,0.0,0.0,8.621966934098065,96.44869157138041,95.62559443406893,203.10000610351562,133.58999633789062,211.7209930419922,133.4600067138672
45.7,6.865822718916834e-08,0.0,0.0,8.621966934098065,96.44869157138041,95.62559443406893,203.10000610351562,133.58999633789062,211.7209930419922,133.4600067138672
45.75,1.7165756131052274e-07,0.0,0.0,8.621966934098065,96.44869157138041,95.62559443406893,203.10000610351562,133.58999633789062,211.7209930419922,133.4600067138672
45.800000000000004,1.7165335728498504e-07,0.0,0.0,8.621966934098065,96.44869157138041,95.62559443406893,203.10000610351562,133.58999633789062,211.7209930419922,133.4600067138672
45.85,2.403151511913941e-07,0.0,0.0,8.621966934098065,96.44869157138041,95.62559443406893,203.10000610351562,133.58999633789062,211.7209930419922,133.4600067138672
45.900000000000006,2.4030196071027965e-07,0.0,0.0,8.621966934098065,96.44869157138041,95.62559443406893,203.10000610351562,133.58999633789062,211.7209930419922,133.4600067138672
45.95,2.403086292415877e-07,0.0,0.0,8.621966934098065,96.44869157138041,95.62559443406893,203.10000610351562,133.58999633789062,211.7209930419922,133.4600067138672
46.0,3.089616277593072e-07,0.0,0.0,8.621966934098065,96.44869157138041,95.62559443406893,203.10000610351562,133.58999633789062,211.7209930419922,133.4600067138672
46.050000000000004,0.0,0.0,0.0,8.621966934098065,96.44869157138041,95.62559443406893,203.10000610351562,133.58999633789062,211.7209930419922,133.4600067138672
46.1,3.433474494091643e-08,0.0,0.0,8.621966934098065,96.44869157138041,95.62559443406893,203.10000610351562,133.58999633789062,211.7209930419922,133.4600067138672
46.150000000000006,3.433084836976309e-08,0.0,0.0,8.621966934098065,96.44869157138041,95.62559443406893,203.10000610351562,133.58999633789062,211.7209930419922,133.4600067138672
46.2,1.7166557457216714e-07,0.0,0.0,8.621966934098065,96.44869157138041,95.62559443406893,203.10000610351562,133.58999633789062,211.7209930419922,133.4600067138672
46.25,1.7166917875348637e-07,0.0,0.0,8.621966934098065,96.44869157138041,95.62559443406893,203.10000610351562,133.58999633789062,211.7209930419922,133.4600067138672
46.300000000000004,1.716446703315067e-07,0.0,0.0,8.621966934098065,96.44869157138041,95.62559443406893,203.10000610351562,133.58999633789062,211.7209930419922,133.4600067138672
46.35,2.0598154472645745e-07,0.0,0.0,8.621966934098065,96.44869157138041,95.62559443406893,203.10000610351562,133.58999633789062,211.7209930419922,133.4600067138672
46.400000000000006,3.08959653970688e-07,0.0,0.0,8.621966934098065,96.44869157138041,95.62559443406893,203.10000610351562,133.58999633789062,211.7209930419922,133.4600067138672
46.45,3.089597564808757e-07,0.0,0.0,8.621966934098065,96.44869157138041,95.62559443406893,203.10000610351562,133.58999633789062,211.7209930419922,133.4600067138672
46.5,3.4329791197042555e-08,0.0,0.0,8.621966934098065,96.44869157138041,95.62559443406893,203.10000610351562,133.58999633789062,211.7209930419922,133.4600067138672
46.550000000000004,6.865916806404257e-08,0.0,0.0,8.621966934098065,96.44869157138041,95.62559443406893,203.10000610351562,133.58999633789062,211.7209930419922,133.4600067138672
46.6,1.7166008424173294e-07,0.0,0.0,8.621966934098065,96.44869157138041,95.62559443406893,203.10000610351562,133.58999633789062,211.7209930419922,133.4600067138672
46.650000000000006,1.7165547503249757e-07,0.0,0.0,8.621966934098065,96.44869157138041,95.62559443406893,203.10000610351562,133.58999633789062,211.7209930419922,133.4600067138672
46.7,1.7164511463318848e-07,0.0,0.0,8.621966934098065,96.44869157138041,95.62559443406893,203.10000610351562,133.58999633789062,211.7209930419922,133.4600067138672
46.75,1.7165161940574035e-07,0.0,0.0,8.621966934098065,96.44869157138041,95.62559443406893,203.10000610351562,133.58999633789062,211.7209930419922,133.4600067138672
46.800000000000004,3.089598272406209e-07,0.0,0.0,8.621966934098065,96.44869157138041,95.62559443406893,203.10000610351562,133.58999633789062,211.7209930419922,133.4600067138672
46.85,3.0895965081912595e-07,0.0,0.0,8.621966934098065,96.44869157138041,95.62559443406893,203.10000610351562,133.58999633789062,211.7209930419922,133.4600067138672
46.900000000000006,1.2300455808154524e-10,0.0,0.0,8.621966934098065,96.44869157138041,95.62559443406893,203.10000610351562,133.58999633789062,211.7209930419922,133.4600067138672
46.95,3.4333403337477024e-08,0.0,0.0,8.621966934098065,96.44869157138041,95.62559443406893,203.10000610351562,133.58999633789062,211.7209930419922,133.4600067138672
47.0,1.0298701588869963e-07,0.0,0.0,8.621966934098065,96.44869157138041,95.62559443406893,203.10000610351562,133.58999633789062,211.7209930419922,133.4600067138672
47.050000000000004,2.403171904726263e-07,0.0,0.0,8.621966934098065,96.44869157138041,95.62559443406893,203.10000610351562,133.58999633789062,211.7209930419922,133.4600067138672
47.1,2.403197420958576e-07,0.0,0.0,8.621966934098065,96.44869157138041,95.62559443406893,203.10000610351562,133.58999633789062,211.7209930419922,133.4600067138672
47.150000000000006,2.4030888546710303e-07,0.0,0.0,8.621966934098065,96.44869157138041,95.62559443406893,203.10000610351562,133.58999633789062,211.7209930419922,133.4600067138672
47.2,2.403096311279223e-07,0.0,0.0,8.621966934098065,96.44869157138041,95.62559443406893,203.10000610351562,133.58999633789062,211.7209930419922,133.4600067138672
47.25,2.7464012914807843e-07,0.0,0.0,8.621966934098065,96.44869157138041,95.62559443406893,203.10000610351562,133.58999633789062,211.7209930419922,133.4600067138672
47.300000000000004,3.776187095908394e-07,0.0,0.0,8.621966934098065,96.44869157138041,95.62559443406893,203.10000610351562,133.58999633789062,211.7209930419922,133.4600067138672
47.35,3.433172554816411e-08,0.0,0.0,8.621966934098065,96.44869157138041,95.62559443406893,203.10000610351562,133.58999633789062,211.7209930419922,133.4600067138672
47.400000000000006,6.866065068389063e-08,0.0,0.0,8.621966934098065,96.44869157138041,95.62559443406893,203.10000610351562,133.58999633789062,211.7209930419922,133.4600067138672
47.45,1.716628238295191e-07,0.0,0.0,8.621966934098065,96.44869157138041,95.62559443406893,203.10000610351562,133.58999633789062,211.7209930419922,133.4600067138672
47.5,1.7165780940012334e-07,0.0,0.0,8.621966934098065,96.44869157138041,95.62559443406893,203.10000610351562,133.58999633789062,211.7209930419922,133.4600067138672
47.550000000000004,1.7164531685244626e-07,0.0,0.0,8.621966934098065,96.44869157138041,95.62559443406893,203.10000610351562,133.58999633789062,211.7209930419922,133.4600067138672
47.6,2.0597517543225334e-07,0.0,0.0,8.621966934098065,96.44869157138041,95.62559443406893,203.10000610351562,133.58999633789062,211.7209930419922,133.4600067138672
47.650000000000006,2.4030197512682616e-07,0.0,0.0,8.621966934098065,96.44869157138041,95.62559443406893,203.10000610351562,133.58999633789062,211.7209930419922,133.4600067138672
47.7,2.403024028247544e-07,0.0,0.0,8.621966934098065,96.44869157138041,95.62559443406893,203.10000610351562,133.58999633789062,211.7209930419922,133.4600067138672
47.75,3.4328939571578435e-08,0.0,0.0,8.621966934098065,96.44869157138041,95.62559443406893,203.10000610351562,133.58999633789062,211.7209930419922,133.4600067138672
47.800000000000004,3.4331087573887794e-08,0.0,0.0,8.621966934098065,96.44869157138041,95.62559443406893,203.10000610351562,133.58999633789062,211.7209930419922,133.4600067138672
47.85,1.3731913032466403e-07,0.0,0.0,8.621966934098065,96.44869157138041,95.62559443406893,203.10000610351562,133.58999633789062,211.7209930419922,133.4600067138672
47.900000000000006,2.7465210272089517e-07,0.0,0.0,8.621966934098065,96.44869157138041,95.62559443406893,203.10000610351562,133.58999633789062,211.7209930419922,133.4600067138672
47.95,3.089754055675068e-07,0.0,0.0,8.621966934098065,96.44869157138041,95.62559443406893,203.10000610351562,133.58999633789062,211.7209930419922,133.4600067138672
48.0,3.089596844569107e-07,0.0,0.0,8.621966934098065,96.44869157138041,95.62559443406893,203.10000610351562,133.58999633789062,211.7209930419922,133.4600067138672
48.050000000000004,3.089856357290838e-07,0.0,0.0,8.621966934098065,96.44869157138041,95.62559443406893,203.10000610351562,133.58999633789062,211.7209930419922,133.4600067138672
48.1,4.462772764294208e-07,0.0,0.0,8.621966934098065,96.44869157138041,95.62559443406893,203.10000610351562,133.58999633789062,211.7209930419922,133.4600067138672
48.150000000000006,0.0,0.0,0.0,8.621966934098065,96.44869157138041,95.62559443406893,203.10000610351562,133.58999633789062,211.7209930419922,133.4600067138672
48.2,3.433474494091643e-08,0.0,0.0,8.621966934098065,96.44869157138041,95.62559443406893,203.10000610351562,133.58999633789062,211.7209930419922,133.4600067138672
48.25,1.0299603218894937e-07,0.0,0.0,8.621966934098065,96.44869157138041,95.62559443406893,203.10000610351562,133.58999633789062,211.7209930419922,133.4600067138672
48.300000000000004,1.7165772930577104e-07,0.0,0.0,8.621966934098065,96.44869157138041,95.62559443406893,203.10000610351562,133.58999633789062,211.7209930419922,133.4600067138672
48.35,2.4031345526246263e-07,0.0,0.0,8.621966934098065,96.44869157138041,95.62559443406893,203.10000610351562,133.58999633789062,211.7209930419922,133.4600067138672
48.400000000000006,2.4030182739307994e-07,0.0,0.0,8.621966934098065,96.44869157138041,95.62559443406893,203.10000610351562,133.58999633789062,211.7209930419922,133.4600067138672
48.45,2.4030946264017005e-07,0.0,0.0,8.621966934098065,96.44869157138041,95.62559443406893,203.10000610351562,133.58999633789062,211.7209930419922,133.4600067138672
48.5,3.0896234923843197e-07,0.0,0.0,8.621966934098065,96.44869157138041,95.62559443406893,203.10000610351562,133.58999633789062,211.7209930419922,133.4600067138672
48.550000000000004,3.0896413369969463e-07,0.0,0.0,8.621966934098065,96.44869157138041,95.62559443406893,203.10000610351562,133.58999633789062,211.7209930419922,133.4600067138672
48.6,3.4329791197042555e-08,0.0,0.0,8.621966934098065,96.44869157138041,95.62559443406893,203.10000610351562,133.58999633789062,211.7209930419922,133.4600067138672
48.650000000000006,1.3732380478952867e-07,0.0,0.0,8.621966934098065,96.44869157138041,95.62559443406893,203.10000610351562,133.58999633789062,211.7209930419922,133.4600067138672
48.7,2.4030841948620347e-07,0.0,0.0,8.621966934098065,96.44869157138041,95.62559443406893,203.10000610351562,133.58999633789062,211.7209930419922,133.4600067138672
48.75,3.089658606602165e-07,0.0,0.0,8.621966934098065,96.44869157138041,95.62559443406893,203.10000610351562,133.58999633789062,211.7209930419922,133.4600067138672
48.800000000000004,4.462862602023179e-07,0.0,0.0,8.621966934098065,96.44869157138041,95.62559443406893,203.10000610351562,133.58999633789062,211.7209930419922,133.4600067138672
48.85,4.4627399330372814e-07,0.0,0.0,8.621966934098065,96.44869157138041,95.62559443406893,203.10000610351562,133.58999633789062,211.7209930419922,133.4600067138672
48.900000000000006,4.4627931283323795e-07,0.0,0.0,8.621966934098065,96.44869157138041,95.62559443406893,203.10000610351562,133.58999633789062,211.7209930419922,133.4600067138672
48.95,5.835889560769687e-07,0.0,0.0,8.621966934098065,96.44869157138041,95.62559443406893,203.10000610351562,133.58999633789062,211.7209930419922,133.4600067138672
49.0,1.2300455808154524e-10,0.0,0.0,8.621966934098065,96.44869157138041,95.62559443406893,203.10000610351562,133.58999633789062,211.7209930419922,133.4600067138672
49.050000000000004,3.4333403337477024e-08,0.0,0.0,8.621966934098065,96.44869157138041,95.62559443406893,203.10000610351562,133.58999633789062,211.7209930419922,133.4600067138672
49.1,1.7164953570616249e-07,0.0,0.0,8.621966934098065,96.44869157138041,95.62559443406893,203.10000610351562,133.58999633789062,211.7209930419922,133.4600067138672
49.150000000000006,2.4031743630676043e-07,0.0,0.0,8.621966934098065,96.44869157138041,95.62559443406893,203.10000610351562,133.58999633789062,211.7209930419922,133.4600067138672
49.2,2.403134293386865e-07,0.0,0.0,8.621966934098065,96.44869157138041,95.62559443406893,203.10000610351562,133.58999633789062,211.7209930419922,133.4600067138672
49.25,2.4030405632539273e-07,0.0,0.0,8.621966934098065,96.44869157138041,95.62559443406893,203.10000610351562,133.58999633789062,211.7209930419922,133.4600067138672
49.300000000000004,2.7464168886702987e-07,0.0,0.0,8.621966934098065,96.44869157138041,95.62559443406893,203.10000610351562,133.58999633789062,211.7209930419922,133.4600067138672
49.35,4.119445191564815e-07,0.0,0.0,8.621966934098065,96.44869157138041,95.62559443406893,203.10000610351562,133.58999633789062,211.7209930419922,133.4600067138672
49.400000000000006,4.462740917255426e-07,0.0,0.0,8.621966934098065,96.44869157138041,95.62559443406893,203.10000610351562,133.58999633789062,211.7209930419922,133.4600067138672
49.45,3.433172554816411e-08,0.0,0.0,8.621966934098065,96.44869157138041,95.62559443406893,203.10000610351562,133.58999633789062,211.7209930419922,133.4600067138672
49.5,3.4329705844865184e-08,0.0,0.0,8.621966934098065,96.44869157138041,95.62559443406893,203.10000610351562,133.58999633789062,211.7209930419922,133.4600067138672
49.550000000000004,1.7165513505484596e-07,0.0,0.0,8.621966934098065,96.44869157138041,95.62559443406893,203.10000610351562,133.58999633789062,211.7209930419922,133.4600067138672
49.6,2.403247128714777e-07,0.0,0.0,8.621966934098065,96.44869157138041,95.62559443406893,203.10000610351562,133.58999633789062,211.7209930419922,133.4600067138672
49.650000000000006,2.403028223592224e-07,0.0,0.0,8.621966934098065,96.44869157138041,95.62559443406893,203.10000610351562,133.58999633789062,211.7209930419922,133.4600067138672
49.7,2.4032119650849523e-07,0.0,0.0,8.621966934098065,96.44869157138041,95.62559443406893,203.10000610351562,133.58999633789062,211.7209930419922,133.4600067138672
49.75,3.7761918500846506e-07,0.0,0.0,8.621966934098065,96.44869157138041,95.62559443406893,203.10000610351562,133.58999633789062,211.7209930419922,133.4600067138672
49.800000000000004,4.4627401481798214e-07,0.0,0.0,8.621966934098065,96.44869157138041,95.62559443406893,203.10000610351562,133.58999633789062,211.7209930419922,133.4600067138672
49.85,3.4328939571578435e-08,0.0,0.0,8.621966934098065,96.44869157138041,95.62559443406893,203.10000610351562,133.58999633789062,211.7209930419922,133.4600067138672
49.900000000000006,3.4331087573887794e-08,0.0,0.0,8.621966934098065,96.44869157138041,95.62559443406893,203.10000610351562,133.58999633789062,211.7209930419922,133.4600067138672
49.95,1.7165118560593623e-07,0.0,0.0,8.621966934098065,96.44869157138041,95.62559443406893,203.10000610351562,133.58999633789062,211.7209930419922,133.4600067138672
50.0,3.0897939401585654e-07,0.0,0.0,8.621966934098065,96.44869157138041,95.62559443406893,203.10000610351562,133.58999633789062,211.7209930419922,133.4600067138672
50.050000000000004,3.089750145535243e-07,0.0,0.0,8.621966934098065,96.44869157138041,95.62559443406893,203.10000610351562,133.58999633789062,211.7209930419922,133.4600067138672
50.1,3.0896024854771557e-07,0.0,0.0,8.621966934098065,96.44869157138041,95.62559443406893,203.10000610351562,133.58999633789062,211.7209930419922,133.4600067138672
50.150000000000006,3.089826786889741e-07,0.0,0.0,8.621966934098065,96.44869157138041,95.62559443406893,203.10000610351562,133.58999633789062,211.7209930419922,133.4600067138672
50.2,4.4627801992846633e-07,0.0,0.0,8.621966934098065,96.44869157138041,95.62559443406893,203.10000610351562,133.58999633789062,211.7209930419922,133.4600067138672
50.25,0.0,0.0,0.0,8.621966934098065,96.44869157138041,95.62559443406893,203.10000610351562,133.58999633789062,211.7209930419922,133.4600067138672
50.300000000000004,3.434997752904688e-08,0.0,0.0,8.621966934098065,96.44869157138041,95.62559443406893,203.10000610351562,133.58999633789062,211.7209930419922,133.4600067138672
50.35,3.434037870673886e-08,0.0,0.0,8.621966934098065,96.44869157138041,95.62559443406893,203.10000610351562,133.58999633789062,211.7209930419922,133.4600067138672
50.400000000000006,1.0300945627848187e-07,0.0,0.0,8.621966934098065,96.44869157138041,95.62559443406893,203.10000610351562,133.58999633789062,211.7209930419922,133.4600067138672
50.45,1.7165980141420664e-07,0.0,0.0,8.621966934098065,96.44869157138041,95.62559443406893,203.10000610351562,133.58999633789062,211.7209930419922,133.4600067138672
50.5,1.716442798396853e-07,0.0,0.0,8.621966934098065,96.44869157138041,95.62559443406893,203.10000610351562,133.58999633789062,211.7209930419922,133.4600067138672
50.550000000000004,2.059763587899412e-07,0.0,0.0,8.621966934098065,96.44869157138041,95.62559443406893,203.10000610351562,133.58999633789062,211.7209930419922,133.4600067138672
50.6,2.403064409013124e-07,0.0,0.0,8.621966934098065,96.44869157138041,95.62559443406893,203.10000610351562,133.58999633789062,211.7209930419922,133.4600067138672
50.650000000000006,2.7463379532735485e-07,0.0,0.0,8.621966934098065,96.44869157138041,95.62559443406893,203.10000610351562,133.58999633789062,211.7209930419922,133.4600067138672
50.7,3.4330185165712685e-08,0.0,0.0,8.621966934098065,96.44869157138041,95.62559443406893,203.10000610351562,133.58999633789062,211.7209930419922,133.4600067138672
50.75,1.0299164612096333e-07,0.0,0.0,8.621966934098065,96.44869157138041,95.62559443406893,203.10000610351562,133.58999633789062,211.7209930419922,133.4600067138672
50.800000000000004,1.7165329187617623e-07,0.0,0.0,8.621966934098065,96.44869157138041,95.62559443406893,203.10000610351562,133.58999633789062,211.7209930419922,133.4600067138672
50.85,2.4031035170196555e-07,0.0,0.0,8.621966934098065,96.44869157138041,95.62559443406893,203.10000610351562,133.58999633789062,211.7209930419922,133.4600067138672
50.900000000000006,3.0897144579705196e-07,0.0,0.0,8.621966934098065,96.44869157138041,95.62559443406893,203.10000610351562,133.58999633789062,211.7209930419922,133.4600067138672
50.95,3.089611173022049e-07,0.0,0.0,8.621966934098065,96.44869157138041,95.62559443406893,203.10000610351562,133.58999633789062,211.7209930419922,133.4600067138672
51.0,3.089660579146005e-07,0.0,0.0,8.621966934098065,96.44869157138041,95.62559443406893,203.10000610351562,133.58999633789062,211.7209930419922,133.4600067138672
51.050000000000004,3.7761922235139786e-07,0.0,0.0,8.621966934098065,96.44869157138041,95.62559443406893,203.10000610351562,133.58999633789062,211.7209930419922,133.4600067138672
51.1,1.2300455808154524e-10,0.0,0.0,8.621966934098065,96.44869157138041,95.62559443406893,203.10000610351562,133.58999633789062,211.7209930419922,133.4600067138672
51.150000000000006,3.4333403337477024e-08,0.0,0.0,8.621966934098065,96.44869157138041,95.62559443406893,203.10000610351562,133.58999633789062,211.7209930419922,133.4600067138672
51.2,1.3731786751337326e-07,0.0,0.0,8.621966934098065,96.44869157138041,95.62559443406893,203.10000610351562,133.58999633789062,211.7209930419922,133.4600067138672
51.25,2.746497709468928e-07,0.0,0.0,8.621966934098065,96.44869157138041,95.62559443406893,203.10000610351562,133.58999633789062,211.7209930419922,133.4600067138672
51.300000000000004,3.089735147241883e-07,0.0,0.0,8.621966934098065,96.44869157138041,95.62559443406893,203.10000610351562,133.58999633789062,211.7209930419922,133.4600067138672
51.35,3.0896507035551657e-07,0.0,0.0,8.621966934098065,96.44869157138041,95.62559443406893,203.10000610351562,133.58999633789062,211.7209930419922,133.4600067138672
51.400000000000006,3.0896602603148393e-07,0.0,0.0,8.621966934098065,96.44869157138041,95.62559443406893,203.10000610351562,133.58999633789062,211.7209930419922,133.4600067138672
51.45,3.4330024055705866e-07,0.0,0.0,8.621966934098065,96.44869157138041,95.62559443406893,203.10000610351562,133.58999633789062,211.7209930419922,133.4600067138672
51.5,4.806038947449227e-07,0.0,0.0,8.621966934098065,96.44869157138041,95.62559443406893,203.10000610351562,133.58999633789062,211.7209930419922,133.4600067138672
51.550000000000004,3.433172554816411e-08,0.0,0.0,8.621966934098065,96.44869157138041,95.62559443406893,203.10000610351562,133.58999633789062,211.7209930419922,133.4600067138672
51.6,1.7165316924331404e-07,0.0,0.0,8.621966934098065,96.44869157138041,95.62559443406893,203.10000610351562,133.58999633789062,211.7209930419922,133.4600067138672
51.650000000000006,1.716502575612625e-07,0.0,0.0,8.621966934098065,96.44869157138041,95.62559443406893,203.10000610351562,133.58999633789062,211.7209930419922,133.4600067138672
51.7,2.403170289245533e-07,0.0,0.0,8.621966934098065,96.44869157138041,95.62559443406893,203.10000610351562,133.58999633789062,211.7209930419922,133.4600067138672
51.75,2.403040348902051e-07,0.0,0.0,8.621966934098065,96.44869157138041,95.62559443406893,203.10000610351562,133.58999633789062,211.7209930419922,133.4600067138672
51.800000000000004,3.0896427656187833e-07,0.0,0.0,8.621966934098065,96.44869157138041,95.62559443406893,203.10000610351562,133.58999633789062,211.7209930419922,133.4600067138672
51.85,4.4627469281913053e-07,0.0,0.0,8.621966934098065,96.44869157138041,95.62559443406893,203.10000610351562,133.58999633789062,211.7209930419922,133.4600067138672
51.900000000000006,4.462742191444546e-07,0.0,0.0,8.621966934098065,96.44869157138041,95.62559443406893,203.10000610351562,133.58999633789062,211.7209930419922,133.4600067138672
51.95,3.4328939571578435e-08,0.0,0.0,8.621966934098065,96.44869157138041,95.62559443406893,203.10000610351562,133.58999633789062,211.7209930419922,133.4600067138672
52.0,3.4331087573887794e-08,0.0,0.0,8.621966934098065,96.44869157138041,95.62559443406893,203.10000610351562,133.58999633789062,211.7209930419922,133.4600067138672
52.050000000000004,1.0298763549704113e-07,0.0,0.0,8.621966934098065,96.44869157138041,95.62559443406893,203.10000610351562,133.58999633789062,211.7209930419922,133.4600067138672
52.1,2.403194416483037e-07,0.0,0.0,8.621966934098065,96.44869157138041,95.62559443406893,203.10000610351562,133.58999633789062,211.7209930419922,133.4600067138672
52.150000000000006,3.089813009557913e-07,0.0,0.0,8.621966934098065,96.44869157138041,95.62559443406893,203.10000610351562,133.58999633789062,211.7209930419922,133.4600067138672
52.2,3.089595758964174e-07,0.0,0.0,8.621966934098065,96.44869157138041,95.62559443406893,203.10000610351562,133.58999633789062,211.7209930419922,133.4600067138672
52.25,3.089761652463373e-07,0.0,0.0,8.621966934098065,96.44869157138041,95.62559443406893,203.10000610351562,133.58999633789062,211.7209930419922,133.4600067138672
52.300000000000004,4.1194877342503587e-07,0.0,0.0,8.621966934098065,96.44869157138041,95.62559443406893,203.10000610351562,133.58999633789062,211.7209930419922,133.4600067138672
52.35,0.0,0.0,0.0,8.621966934098065,96.44869157138041,95.62559443406893,203.10000610351562,133.58999633789062,211.7209930419922,133.4600067138672
52.400000000000006,3.433474494091643e-08,0.0,0.0,8.621966934098065,96.44869157138041,95.62559443406893,203.10000610351562,133.58999633789062,211.7209930419922,133.4600067138672
52.45,1.0299584922706796e-07,0.0,0.0,8.621966934098065,96.44869157138041,95.62559443406893,203.10000610351562,133.58999633789062,211.7209930419922,133.4600067138672
52.5,1.71665928541407e-07,0.0,0.0,8.621966934098065,96.44869157138041,95.62559443406893,203.10000610351562,133.58999633789062,211.7209930419922,133.4600067138672
52.550000000000004,1.7165981804040637e-07,0.0,0.0,8.621966934098065,96.44869157138041,95.62559443406893,203.10000610351562,133.58999633789062,211.7209930419922,133.4600067138672
52.6,1.7164994309987335e-07,0.0,0.0,8.621966934098065,96.44869157138041,95.62559443406893,203.10000610351562,133.58999633789062,211.7209930419922,133.4600067138672
52.650000000000006,2.0598543780028319e-07,0.0,0.0,8.621966934098065,96.44869157138041,95.62559443406893,203.10000610351562,133.58999633789062,211.7209930419922,133.4600067138672
52.7,3.432886939313957e-07,0.0,0.0,8.621966934098065,96.44869157138041,95.62559443406893,203.10000610351562,133.58999633789062,211.7209930419922,133.4600067138672
52.75,3.776187301408883e-07,0.0,0.0,8.621966934098065,96.44869157138041,95.62559443406893,203.10000610351562,133.58999633789062,211.7209930419922,133.4600067138672
52.800000000000004,3.4329791197042555e-08,0.0,0.0,8.621966934098065,96.44869157138041,95.62559443406893,203.10000610351562,133.58999633789062,211.7209930419922,133.4600067138672
52.85,3.432985510201208e-08,0.0,0.0,8.621966934098065,96.44869157138041,95.62559443406893,203.10000610351562,133.58999633789062,211.7209930419922,133.4600067138672
52.900000000000006,1.0298861619606807e-07,0.0,0.0,8.621966934098065,96.44869157138041,95.62559443406893,203.10000610351562,133.58999633789062,211.7209930419922,133.4600067138672
52.95,2.403218475455114e-07,0.0,0.0,8.621966934098065,96.44869157138041,95.62559443406893,203.10000610351562,133.58999633789062,211.7209930419922,133.4600067138672
53.0,3.0898364250585716e-07,0.0,0.0,8.621966934098065,96.44869157138041,95.62559443406893,203.10000610351562,133.58999633789062,211.7209930419922,133.4600067138672
53.050000000000004,3.0895958909832546e-07,0.0,0.0,8.621966934098065,96.44869157138041,95.62559443406893,203.10000610351562,133.58999633789062,211.7209930419922,133.4600067138672
53.1,3.089742309514594e-07,0.0,0.0,8.621966934098065,96.44869157138041,95.62559443406893,203.10000610351562,133.58999633789062,211.7209930419922,133.4600067138672
53.150000000000006,3.776252672950345e-07,0.0,0.0,8.621966934098065,96.44869157138041,95.62559443406893,203.10000610351562,133.58999633789062,211.7209930419922,133.4600067138672
53.2,5.8041107611140785e-11,0.0,0.0,8.621966934098065,96.44869157138041,95.62559443406893,203.10000610351562,133.58999633789062,211.7209930419922,133.4600067138672
53.25,1.3733447161142038e-07,0.0,0.0,8.621966934098065,96.44869157138041,95.62559443406893,203.10000610351562,133.58999633789062,211.7209930419922,133.4600067138672
53.300000000000004,1.7165537825718356e-07,0.0,0.0,8.621966934098065,96.44869157138041,95.62559443406893,203.10000610351562,133.58999633789062,211.7209930419922,133.4600067138672
53.35,1.7165145616146988e-07,0.0,0.0,8.621966934098065,96.44869157138041,95.62559443406893,203.10000610351562,133.58999633789062,211.7209930419922,133.4600067138672
53.400000000000006,1.7164822665405542e-07,0.0,0.0,8.621966934098065,96.44869157138041,95.62559443406893,203.10000610351562,133.58999633789062,211.7209930419922,133.4600067138672
53.45,1.7165008076919324e-07,0.0,0.0,8.621966934098065,96.44869157138041,95.62559443406893,203.10000610351562,133.58999633789062,211.7209930419922,133.4600067138672
53.5,2.403037375838326e-07,0.0,0.0,8.621966934098065,96.44869157138041,95.62559443406893,203.10000610351562,133.58999633789062,211.7209930419922,133.4600067138672
53.550000000000004,3.089599832875941e-07,0.0,0.0,8.621966934098065,96.44869157138041,95.62559443406893,203.10000610351562,133.58999633789062,211.7209930419922,133.4600067138672
53.6,3.0895959177041546e-07,0.0,0.0,8.621966934098065,96.44869157138041,95.62559443406893,203.10000610351562,133.58999633789062,211.7209930419922,133.4600067138672
53.650000000000006,3.433172554816411e-08,0.0,0.0,8.621966934098065,96.44869157138041,95.62559443406893,203.10000610351562,133.58999633789062,211.7209930419922,133.4600067138672
53.7,3.4329705844865184e-08,0.0,0.0,8.621966934098065,96.44869157138041,95.62559443406893,203.10000610351562,133.58999633789062,211.7209930419922,133.4600067138672
53.75,1.3732246818012232e-07,0.0,0.0,8.621966934098065,96.44869157138041,95.62559443406893,203.10000610351562,133.58999633789062,211.7209930419922,133.4600067138672
53.800000000000004,2.746571720807197e-07,0.0,0.0,8.621966934098065,96.44869157138041,95.62559443406893,203.10000610351562,133.58999633789062,211.7209930419922,133.4600067138672
53.85,2.7463114177326466e-07,0.0,0.0,8.621966934098065,96.44869157138041,95.62559443406893,203.10000610351562,133.58999633789062,211.7209930419922,133.4600067138672
53.900000000000006,3.089707290723663e-07,0.0,0.0,8.621966934098065,96.44869157138041,95.62559443406893,203.10000610351562,133.58999633789062,211.7209930419922,133.4600067138672
53.95,3.776231501188839e-07,0.0,0.0,8.621966934098065,96.44869157138041,95.62559443406893,203.10000610351562,133.58999633789062,211.7209930419922,133.4600067138672
54.0,5.149335400196629e-07,0.0,0.0,8.621966934098065,96.44869157138041,95.62559443406893,203.10000610351562,133.58999633789062,211.7209930419922,133.4600067138672
54.050000000000004,3.4328939571578435e-08,0.0,0.0,8.621966934098065,96.44869157138041,95.62559443406893,203.10000610351562,133.58999633789062,211.7209930419922,133.4600067138672
54.1,6.865822718916834e-08,0.0,0.0,8.621966934098065,96.44869157138041,95.62559443406893,203.10000610351562,133.58999633789062,211.7209930419922,133.4600067138672
54.150000000000006,1.7165756131052274e-07,0.0,0.0,8.621966934098065,96.44869157138041,95.62559443406893,203.10000610351562,133.58999633789062,211.7209930419922,133.4600067138672
54.2,1.7165335728498504e-07,0.0,0.0,8.621966934098065,96.44869157138041,95.62559443406893,203.10000610351562,133.58999633789062,211.7209930419922,133.4600067138672
54.25,2.403151511913941e-07,0.0,0.0,8.621966934098065,96.44869157138041,95.62559443406893,203.10000610351562,133.58999633789062,211.7209930419922,133.4600067138672
54.300000000000004,2.4030196071027965e-07,0.0,0.0,8.621966934098065,96.44869157138041,95.62559443406893,203.10000610351562,133.58999633789062,211.7209930419922,133.4600067138672
54.35,2.403086292415877e-07,0.0,0.0,8.621966934098065,96.44869157138041,95.62559443406893,203.10000610351562,133.58999633789062,211.7209930419922,133.4600067138672
54.400000000000006,3.089616277593072e-07,0.0,0.0,8.621966934098065,96.44869157138041,95.62559443406893,203.10000610351562,133.58999633789062,211.7209930419922,133.4600067138672
54.45,0.0,0.0,0.0,8.621966934098065,96.44869157138041,95.62559443406893,203.10000610351562,133.58999633789062,211.7209930419922,133.4600067138672
54.5,3.433474494091643e-08,0.0,0.0,8.621966934098065,96.44869157138041,95.62559443406893,203.10000610351562,133.58999633789062,211.7209930419922,133.4600067138672
54.550000000000004,3.433084836976309e-08,0.0,0.0,8.621966934098065,96.44869157138041,95.62559443406893,203.10000610351562,133.58999633789062,211.7209930419922,133.4600067138672
54.6,1.7166557457216714e-07,0.0,0.0,8.621966934098065,96.44869157138041,95.62559443406893,203.10000610351562,133.58999633789062,211.7209930419922,133.4600067138672
54.650000000000006,1.7166917875348637e-07,0.0,0.0,8.621966934098065,96.44869157138041,95.62559443406893,203.10000610351562,133.58999633789062,211.7209930419922,133.4600067138672
54.7,1.716446703315067e-07,0.0,0.0,8.621966934098065,96.44869157138041,95.62559443406893,203.10000610351562,133.58999633789062,211.7209930419922,133.4600067138672
54.75,1.7166317258715295e-07,0.0,0.0,8.621966934098065,96.44869157138041,95.62559443406893,203.10000610351562,133.58999633789062,211.7209930419922,133.4600067138672
54.800000000000004,3.0896054804469063e-07,0.0,0.0,8.621966934098065,96.44869157138041,95.62559443406893,203.10000610351562,133.58999633789062,211.7209930419922,133.4600067138672
54.85,3.089615588356087e-07,0.0,0.0,8.621966934098065,96.44869157138041,95.62559443406893,203.10000610351562,133.58999633789062,211.7209930419922,133.4600067138672
54.900000000000006,3.4329791197042555e-08,0.0,0.0,8.621966934098065,96.44869157138041,95.62559443406893,203.10000610351562,133.58999633789062,211.7209930419922,133.4600067138672
54.95,1.0299141371248968e-07,0.0,0.0,8.621966934098065,96.44869157138041,95.62559443406893,203.10000610351562,133.58999633789062,211.7209930419922,133.4600067138672
55.0,1.7165330460516446e-07,0.0,0.0,8.621966934098065,96.44869157138041,95.62559443406893,203.10000610351562,133.58999633789062,211.7209930419922,133.4600067138672
55.050000000000004,2.0598230236378208e-07,0.0,0.0,8.621966934098065,96.44869157138041,95.62559443406893,203.10000610351562,133.58999633789062,211.7209930419922,133.4600067138672
55.1,2.403175296329469e-07,0.0,0.0,8.621966934098065,96.44869157138041,95.62559443406893,203.10000610351562,133.58999633789062,211.7209930419922,133.4600067138672
55.150000000000006,2.403025601378579e-07,0.0,0.0,8.621966934098065,96.44869157138041,95.62559443406893,203.10000610351562,133.58999633789062,211.7209930419922,133.4600067138672
55.2,2.4030725830971005e-07,0.0,0.0,8.621966934098065,96.44869157138041,95.62559443406893,203.10000610351562,133.58999633789062,211.7209930419922,133.4600067138672
55.25,3.0895988659501253e-07,0.0,0.0,8.621966934098065,96.44869157138041,95.62559443406893,203.10000610351562,133.58999633789062,211.7209930419922,133.4600067138672
55.300000000000004,1.2300455808154524e-10,0.0,0.0,8.621966934098065,96.44869157138041,95.62559443406893,203.10000610351562,133.58999633789062,211.7209930419922,133.4600067138672
55.35,3.4333403337477024e-08,0.0,0.0,8.621966934098065,96.44869157138041,95.62559443406893,203.10000610351562,133.58999633789062,211.7209930419922,133.4600067138672
55.400000000000006,1.3731786751337326e-07,0.0,0.0,8.621966934098065,96.44869157138041,95.62559443406893,203.10000610351562,133.58999633789062,211.7209930419922,133.4600067138672
55.45,2.746497709468928e-07,0.0,0.0,8.621966934098065,96.44869157138041,95.62559443406893,203.10000610351562,133.58999633789062,211.7209930419922,133.4600067138672
55.5,3.089735147241883e-07,0.0,0.0,8.621966934098065,96.44869157138041,95.62559443406893,203.10000610351562,133.58999633789062,211.7209930419922,133.4600067138672
55.550000000000004,3.0895973562555567e-07,0.0,0.0,8.621966934098065,96.44869157138041,95.62559443406893,203.10000610351562,133.58999633789062,211.7209930419922,133.4600067138672
55.6,3.089797606539321e-07,0.0,0.0,8.621966934098065,96.44869157138041,95.62559443406893,203.10000610351562,133.58999633789062,211.7209930419922,133.4600067138672
55.650000000000006,4.462788820295706e-07,0.0,0.0,8.621966934098065,96.44869157138041,95.62559443406893,203.10000610351562,133.58999633789062,211.7209930419922,133.4600067138672
55.7,5.835890203504975e-07,0.0,0.0,8.621966934098065,96.44869157138041,95.62559443406893,203.10000610351562,133.58999633789062,211.7209930419922,133.4600067138672
55.75,3.434373192481109e-08,0.0,0.0,8.621966934098065,96.44869157138041,95.62559443406893,203.10000610351562,133.58999633789062,211.7209930419922,133.4600067138672
55.800000000000004,6.866813995056724e-08,0.0,0.0,8.621966934098065,96.44869157138041,95.62559443406893,203.10000610351562,133.58999633789062,211.7209930419922,133.4600067138672
55.85,1.0300560215998736e-07,0.0,0.0,8.621966934098065,96.44869157138041,95.62559443406893,203.10000610351562,133.58999633789062,211.7209930419922,133.4600067138672
55.900000000000006,1.37332492413033e-07,0.0,0.0,8.621966934098065,96.44869157138041,95.62559443406893,203.10000610351562,133.58999633789062,211.7209930419922,133.4600067138672
55.95,1.3731679828258308e-07,0.0,0.0,8.621966934098065,96.44869157138041,95.62559443406893,203.10000610351562,133.58999633789062,211.7209930419922,133.4600067138672
56.0,2.0597312952915411e-07,0.0,0.0,8.621966934098065,96.44869157138041,95.62559443406893,203.10000610351562,133.58999633789062,211.7209930419922,133.4600067138672
56.050000000000004,2.4030184995813327e-07,0.0,0.0,8.621966934098065,96.44869157138041,95.62559443406893,203.10000610351562,133.58999633789062,211.7209930419922,133.4600067138672
56.1,2.403020389540367e-07,0.0,0.0,8.621966934098065,96.44869157138041,95.62559443406893,203.10000610351562,133.58999633789062,211.7209930419922,133.4600067138672
56.150000000000006,3.4328939571578435e-08,0.0,0.0,8.621966934098065,96.44869157138041,95.62559443406893,203.10000610351562,133.58999633789062,211.7209930419922,133.4600067138672
56.2,1.0298973752116071e-07,0.0,0.0,8.621966934098065,96.44869157138041,95.62559443406893,203.10000610351562,133.58999633789062,211.7209930419922,133.4600067138672
56.25,1.7165140951998903e-07,0.0,0.0,8.621966934098065,96.44869157138041,95.62559443406893,203.10000610351562,133.58999633789062,211.7209930419922,133.4600067138672
56.300000000000004,2.0598055159432745e-07,0.0,0.0,8.621966934098065,96.44869157138041,95.62559443406893,203.10000610351562,133.58999633789062,211.7209930419922,133.4600067138672
56.35,2.0597523026157198e-07,0.0,0.0,8.621966934098065,96.44869157138041,95.62559443406893,203.10000610351562,133.58999633789062,211.7209930419922,133.4600067138672
56.400000000000006,3.089597322038996e-07,0.0,0.0,8.621966934098065,96.44869157138041,95.62559443406893,203.10000610351562,133.58999633789062,211.7209930419922,133.4600067138672
56.45,3.089598949097079e-07,0.0,0.0,8.621966934098065,96.44869157138041,95.62559443406893,203.10000610351562,133.58999633789062,211.7209930419922,133.4600067138672
56.5,3.0895957058612807e-07,0.0,0.0,8.621966934098065,96.44869157138041,95.62559443406893,203.10000610351562,133.58999633789062,211.7209930419922,133.4600067138672
56.550000000000004,0.0,0.0,0.0,8.621966934098065,96.44869157138041,95.62559443406893,203.10000610351562,133.58999633789062,211.7209930419922,133.4600067138672
56.6,3.433474494091643e-08,0.0,0.0,8.621966934098065,96.44869157138041,95.62559443406893,203.10000610351562,133.58999633789062,211.7209930419922,133.4600067138672
56.650000000000006,1.0299584922706796e-07,0.0,0.0,8.621966934098065,96.44869157138041,95.62559443406893,203.10000610351562,133.58999633789062,211.7209930419922,133.4600067138672
56.7,1.7165599547968425e-07,0.0,0.0,8.621966934098065,96.44869157138041,95.62559443406893,203.10000610351562,133.58999633789062,211.7209930419922,133.4600067138672
56.75,1.7165310937605503e-07,0.0,0.0,8.621966934098065,96.44869157138041,95.62559443406893,203.10000610351562,133.58999633789062,211.7209930419922,133.4600067138672
56.800000000000004,2.7463135919446735e-07,0.0,0.0,8.621966934098065,96.44869157138041,95.62559443406893,203.10000610351562,133.58999633789062,211.7209930419922,133.4600067138672
56.85,3.0895974587472384e-07,0.0,0.0,8.621966934098065,96.44869157138041,95.62559443406893,203.10000610351562,133.58999633789062,211.7209930419922,133.4600067138672
56.900000000000006,3.776186364211977e-07,0.0,0.0,8.621966934098065,96.44869157138041,95.62559443406893,203.10000610351562,133.58999633789062,211.7209930419922,133.4600067138672
56.95,4.462744267708027e-07,0.0,0.0,8.621966934098065,96.44869157138041,95.62559443406893,203.10000610351562,133.58999633789062,211.7209930419922,133.4600067138672
57.0,3.433842260754244e-08,0.0,0.0,8.621966934098065,96.44869157138041,95.62559443406893,203.10000610351562,133.58999633789062,211.7209930419922,133.4600067138672
57.050000000000004,1.0299163583761033e-07,0.0,0.0,8.621966934098065,96.44869157138041,95.62559443406893,203.10000610351562,133.58999633789062,211.7209930419922,133.4600067138672
57.1,1.7165329187708346e-07,0.0,0.0,8.621966934098065,96.44869157138041,95.62559443406893,203.10000610351562,133.58999633789062,211.7209930419922,133.4600067138672
57.150000000000006,1.7164583916958018e-07,0.0,0.0,8.621966934098065,96.44869157138041,95.62559443406893,203.10000610351562,133.58999633789062,211.7209930419922,133.4600067138672
57.2,2.4030218064986344e-07,0.0,0.0,8.621966934098065,96.44869157138041,95.62559443406893,203.10000610351562,133.58999633789062,211.7209930419922,133.4600067138672
57.25,2.403018772721798e-07,0.0,0.0,8.621966934098065,96.44869157138041,95.62559443406893,203.10000610351562,133.58999633789062,211.7209930419922,133.4600067138672
57.300000000000004,2.4030238413890093e-07,0.0,0.0,8.621966934098065,96.44869157138041,95.62559443406893,203.10000610351562,133.58999633789062,211.7209930419922,133.4600067138672
57.35,3.089596446992527e-07,0.0,0.0,8.621966934098065,96.44869157138041,95.62559443406893,203.10000610351562,133.58999633789062,211.7209930419922,133.4600067138672
57.400000000000006,1.2300455808154524e-10,0.0,0.0,8.621966934098065,96.44869157138041,95.62559443406893,203.10000610351562,133.58999633789062,211.7209930419922,133.4600067138672
57.45,1.0299355349029738e-07,0.0,0.0,8.621966934098065,96.44869157138041,95.62559443406893,203.10000610351562,133.58999633789062,211.7209930419922,133.4600067138672
57.5,1.029899926900328e-07,0.0,0.0,8.621966934098065,96.44869157138041,95.62559443406893,203.10000610351562,133.58999633789062,211.7209930419922,133.4600067138672
57.550000000000004,2.403114823497411e-07,0.0,0.0,8.621966934098065,96.44869157138041,95.62559443406893,203.10000610351562,133.58999633789062,211.7209930419922,133.4600067138672
57.6,2.403020386819428e-07,0.0,0.0,8.621966934098065,96.44869157138041,95.62559443406893,203.10000610351562,133.58999633789062,211.7209930419922,133.4600067138672
57.650000000000006,2.403049646961912e-07,0.0,0.0,8.621966934098065,96.44869157138041,95.62559443406893,203.10000610351562,133.58999633789062,211.7209930419922,133.4600067138672
57.7,3.089600652379302e-07,0.0,0.0,8.621966934098065,96.44869157138041,95.62559443406893,203.10000610351562,133.58999633789062,211.7209930419922,133.4600067138672
57.75,3.089609074343869e-07,0.0,0.0,8.621966934098065,96.44869157138041,95.62559443406893,203.10000610351562,133.58999633789062,211.7209930419922,133.4600067138672
57.800000000000004,3.0896205256139916e-07,0.0,0.0,8.621966934098065,96.44869157138041,95.62559443406893,203.10000610351562,133.58999633789062,211.7209930419922,133.4600067138672
57.85,1.0299873749797487e-07,0.0,0.0,8.621966934098065,96.44869157138041,95.62559443406893,203.10000610351562,133.58999633789062,211.7209930419922,133.4600067138672
57.900000000000006,1.0299373103801229e-07,0.0,0.0,8.621966934098065,96.44869157138041,95.62559443406893,203.10000610351562,133.58999633789062,211.7209930419922,133.4600067138672
57.95,1.3732257425162062e-07,0.0,0.0,8.621966934098065,96.44869157138041,95.62559443406893,203.10000610351562,133.58999633789062,211.7209930419922,133.4600067138672
58.0,2.4031747154037437e-07,0.0,0.0,8.621966934098065,96.44869157138041,95.62559443406893,203.10000610351562,133.58999633789062,211.7209930419922,133.4600067138672
58.050000000000004,2.403026968047503e-07,0.0,0.0,8.621966934098065,96.44869157138041,95.62559443406893,203.10000610351562,133.58999633789062,211.7209930419922,133.4600067138672
58.1,2.746348395669533e-07,0.0,0.0,8.621966934098065,96.44869157138041,95.62559443406893,203.10000610351562,133.58999633789062,211.7209930419922,133.4600067138672
58.150000000000006,3.7761850463608425e-07,0.0,0.0,8.621966934098065,96.44869157138041,95.62559443406893,203.10000610351562,133.58999633789062,211.7209930419922,133.4600067138672
58.2,3.776187763104643e-07,0.0,0.0,8.621966934098065,96.44869157138041,95.62559443406893,203.10000610351562,133.58999633789062,211.7209930419922,133.4600067138672
58.25,3.4328939571578435e-08,0.0,0.0,8.621966934098065,96.44869157138041,95.62559443406893,203.10000610351562,133.58999633789062,211.7209930419922,133.4600067138672
58.300000000000004,3.4331087573887794e-08,0.0,0.0,8.621966934098065,96.44869157138041,95.62559443406893,203.10000610351562,133.58999633789062,211.7209930419922,133.4600067138672
58.35,1.7165118560593623e-07,0.0,0.0,8.621966934098065,96.44869157138041,95.62559443406893,203.10000610351562,133.58999633789062,211.7209930419922,133.4600067138672
58.400000000000006,2.4031970722747347e-07,0.0,0.0,8.621966934098065,96.44869157138041,95.62559443406893,203.10000610351562,133.58999633789062,211.7209930419922,133.4600067138672
58.45,2.403154033583646e-07,0.0,0.0,8.621966934098065,96.44869157138041,95.62559443406893,203.10000610351562,133.58999633789062,211.7209930419922,133.4600067138672
58.5,2.403018803949152e-07,0.0,0.0,8.621966934098065,96.44869157138041,95.62559443406893,203.10000610351562,133.58999633789062,211.7209930419922,133.4600067138672
58.550000000000004,2.4031200252918444e-07,0.0,0.0,8.621966934098065,96.44869157138041,95.62559443406893,203.10000610351562,133.58999633789062,211.7209930419922,133.4600067138672
58.6,3.4328990384506234e-07,0.0,0.0,8.621966934098065,96.44869157138041,95.62559443406893,203.10000610351562,133.58999633789062,211.7209930419922,133.4600067138672
58.650000000000006,0.0,0.0,0.0,8.621966934098065,96.44869157138041,95.62559443406893,203.10000610351562,133.58999633789062,211.7209930419922,133.4600067138672
58.7,3.433474494091643e-08,0.0,0.0,8.621966934098065,96.44869157138041,95.62559443406893,203.10000610351562,133.58999633789062,211.7209930419922,133.4600067138672
58.75,3.433063991450246e-08,0.0,0.0,8.621966934098065,96.44869157138041,95.62559443406893,203.10000610351562,133.58999633789062,211.7209930419922,133.4600067138672
58.800000000000004,1.7165743469404898e-07,0.0,0.0,8.621966934098065,96.44869157138041,95.62559443406893,203.10000610351562,133.58999633789062,211.7209930419922,133.4600067138672
58.85,3.089859604392009e-07,0.0,0.0,8.621966934098065,96.44869157138041,95.62559443406893,203.10000610351562,133.58999633789062,211.7209930419922,133.4600067138672
58.900000000000006,3.0895973077980024e-07,0.0,0.0,8.621966934098065,96.44869157138041,95.62559443406893,203.10000610351562,133.58999633789062,211.7209930419922,133.4600067138672
58.95,3.0896644456952167e-07,0.0,0.0,8.621966934098065,96.44869157138041,95.62559443406893,203.10000610351562,133.58999633789062,211.7209930419922,133.4600067138672
59.0,3.0896882538351637e-07,0.0,0.0,8.621966934098065,96.44869157138041,95.62559443406893,203.10000610351562,133.58999633789062,211.7209930419922,133.4600067138672
59.050000000000004,4.4627399391325215e-07,0.0,0.0,8.621966934098065,96.44869157138041,95.62559443406893,203.10000610351562,133.58999633789062,211.7209930419922,133.4600067138672
59.1,6.867159396296782e-08,0.0,0.0,8.621966934098065,96.44869157138041,95.62559443406893,203.10000610351562,133.58999633789062,211.7209930419922,133.4600067138672
59.150000000000006,1.029988929043846e-07,0.0,0.0,8.621966934098065,96.44869157138041,95.62559443406893,203.10000610351562,133.58999633789062,211.7209930419922,133.4600067138672
59.2,1.0299381677034257e-07,0.0,0.0,8.621966934098065,96.44869157138041,95.62559443406893,203.10000610351562,133.58999633789062,211.7209930419922,133.4600067138672
59.25,1.7165415144795404e-07,0.0,0.0,8.621966934098065,96.44869157138041,95.62559443406893,203.10000610351562,133.58999633789062,211.7209930419922,133.4600067138672
59.300000000000004,1.7164510866654758e-07,0.0,0.0,8.621966934098065,96.44869157138041,95.62559443406893,203.10000610351562,133.58999633789062,211.7209930419922,133.4600067138672
59.35,2.403019065286566e-07,0.0,0.0,8.621966934098065,96.44869157138041,95.62559443406893,203.10000610351562,133.58999633789062,211.7209930419922,133.4600067138672
59.400000000000006,2.4030204820002595e-07,0.0,0.0,8.621966934098065,96.44869157138041,95.62559443406893,203.10000610351562,133.58999633789062,211.7209930419922,133.4600067138672
59.45,2.4030289267622236e-07,0.0,0.0,8.621966934098065,96.44869157138041,95.62559443406893,203.10000610351562,133.58999633789062,211.7209930419922,133.4600067138672
59.5,5.8041107611140785e-11,0.0,0.0,8.621966934098065,96.44869157138041,95.62559443406893,203.10000610351562,133.58999633789062,211.7209930419922,133.4600067138672
59.550000000000004,1.0299366159078715e-07,0.0,0.0,8.621966934098065,96.44869157138041,95.62559443406893,203.10000610351562,133.58999633789062,211.7209930419922,133.4600067138672
59.6,1.0298999268904149e-07,0.0,0.0,8.621966934098065,96.44869157138041,95.62559443406893,203.10000610351562,133.58999633789062,211.7209930419922,133.4600067138672
59.650000000000006,2.403114823494655e-07,0.0,0.0,8.621966934098065,96.44869157138041,95.62559443406893,203.10000610351562,133.58999633789062,211.7209930419922,133.4600067138672
59.7,2.4030203868156907e-07,0.0,0.0,8.621966934098065,96.44869157138041,95.62559443406893,203.10000610351562,133.58999633789062,211.7209930419922,133.4600067138672
59.75,2.403085064498797e-07,0.0,0.0,8.621966934098065,96.44869157138041,95.62559443406893,203.10000610351562,133.58999633789062,211.7209930419922,133.4600067138672
59.800000000000004,3.7761892354122147e-07,0.0,0.0,8.621966934098065,96.44869157138041,95.62559443406893,203.10000610351562,133.58999633789062,211.7209930419922,133.4600067138672
59.85,3.7761851258786767e-07,0.0,0.0,8.621966934098065,96.44869157138041,95.62559443406893,203.10000610351562,133.58999633789062,211.7209930419922,133.4600067138672
59.900000000000006,3.7761842428193933e-07,0.0,0.0,8.621966934098065,96.44869157138041,95.62559443406893,203.10000610351562,133.58999633789062,211.7209930419922,133.4600067138672
59.95,3.433172554816411e-08,0.0,0.0,8.621966934098065,96.44869157138041,95.62559443406893,203.10000610351562,133.58999633789062,211.7209930419922,133.4600067138672
60.0,3.4329705844865184e-08,0.0,0.0,8.621966934098065,96.44869157138041,95.62559443406893,203.10000610351562,133.58999633789062,211.7209930419922,133.4600067138672
60.050000000000004,1.0298995800363343e-07,0.0,0.0,8.621966934098065,96.44869157138041,95.62559443406893,203.10000610351562,133.58999633789062,211.7209930419922,133.4600067138672
60.1,2.4032440821391857e-07,0.0,0.0,8.621966934098065,96.44869157138041,95.62559443406893,203.10000610351562,133.58999633789062,211.7209930419922,133.4600067138672
60.150000000000006,2.4030234247339287e-07,0.0,0.0,8.621966934098065,96.44869157138041,95.62559443406893,203.10000610351562,133.58999633789062,211.7209930419922,133.4600067138672
60.2,2.403086447868481e-07,0.0,0.0,8.621966934098065,96.44869157138041,95.62559443406893,203.10000610351562,133.58999633789062,211.7209930419922,133.4600067138672
60.25,3.7761842321143495e-07,0.0,0.0,8.621966934098065,96.44869157138041,95.62559443406893,203.10000610351562,133.58999633789062,211.7209930419922,133.4600067138672
60.300000000000004,3.7761854479340594e-07,0.0,0.0,8.621966934098065,96.44869157138041,95.62559443406893,203.10000610351562,133.58999633789062,211.7209930419922,133.4600067138672
60.35,3.43334375598515e-08,0.0,0.0,8.621966934098065,96.44869157138041,95.62559443406893,203.10000610351562,133.58999633789062,211.7209930419922,133.4600067138672
60.400000000000006,1.0298992496533404e-07,0.0,0.0,8.621966934098065,96.44869157138041,95.62559443406893,203.10000610351562,133.58999633789062,211.7209930419922,133.4600067138672
60.45,1.7165139816581932e-07,0.0,0.0,8.621966934098065,96.44869157138041,95.62559443406893,203.10000610351562,133.58999633789062,211.7209930419922,133.4600067138672
60.5,2.4030839617674107e-07,0.0,0.0,8.621966934098065,96.44869157138041,95.62559443406893,203.10000610351562,133.58999633789062,211.7209930419922,133.4600067138672
60.550000000000004,2.403022900319609e-07,0.0,0.0,8.621966934098065,96.44869157138041,95.62559443406893,203.10000610351562,133.58999633789062,211.7209930419922,133.4600067138672
60.6,3.089601245578337e-07,0.0,0.0,8.621966934098065,96.44869157138041,95.62559443406893,203.10000610351562,133.58999633789062,211.7209930419922,133.4600067138672
60.650000000000006,3.089609212092903e-07,0.0,0.0,8.621966934098065,96.44869157138041,95.62559443406893,203.10000610351562,133.58999633789062,211.7209930419922,133.4600067138672
60.7,3.0896228120282124e-07,0.0,0.0,8.621966934098065,96.44869157138041,95.62559443406893,203.10000610351562,133.58999633789062,211.7209930419922,133.4600067138672
60.75,0.0,0.0,0.0,8.621966934098065,96.44869157138041,95.62559443406893,203.10000610351562,133.58999633789062,211.7209930419922,133.4600067138672
60.800000000000004,3.434997752904688e-08,0.0,0.0,8.621966934098065,96.44869157138041,95.62559443406893,203.10000610351562,133.58999633789062,211.7209930419922,133.4600067138672
60.85,3.434037870673886e-08,0.0,0.0,8.621966934098065,96.44869157138041,95.62559443406893,203.10000610351562,133.58999633789062,211.7209930419922,133.4600067138672
60.900000000000006,1.0300945627848187e-07,0.0,0.0,8.621966934098065,96.44869157138041,95.62559443406893,203.10000610351562,133.58999633789062,211.7209930419922,133.4600067138672
60.95,1.7165980141420664e-07,0.0,0.0,8.621966934098065,96.44869157138041,95.62559443406893,203.10000610351562,133.58999633789062,211.7209930419922,133.4600067138672
61.0,1.716442798396853e-07,0.0,0.0,8.621966934098065,96.44869157138041,95.62559443406893,203.10000610351562,133.58999633789062,211.7209930419922,133.4600067138672
61.050000000000004,2.059763587899412e-07,0.0,0.0,8.621966934098065,96.44869157138041,95.62559443406893,203.10000610351562,133.58999633789062,211.7209930419922,133.4600067138672
61.1,2.403064409013124e-07,0.0,0.0,8.621966934098065,96.44869157138041,95.62559443406893,203.10000610351562,133.58999633789062,211.7209930419922,133.4600067138672
61.150000000000006,2.7463379532735485e-07,0.0,0.0,8.621966934098065,96.44869157138041,95.62559443406893,203.10000610351562,133.58999633789062,211.7209930419922,133.4600067138672
61.2,3.4330185165712685e-08,0.0,0.0,8.621966934098065,96.44869157138041,95.62559443406893,203.10000610351562,133.58999633789062,211.7209930419922,133.4600067138672
61.25,1.0299164612096333e-07,0.0,0.0,8.621966934098065,96.44869157138041,95.62559443406893,203.10000610351562,133.58999633789062,211.7209930419922,133.4600067138672
61.300000000000004,1.7165329187617623e-07,0.0,0.0,8.621966934098065,96.44869157138041,95.62559443406893,203.10000610351562,133.58999633789062,211.7209930419922,133.4600067138672
61.35,2.4031035170196555e-07,0.0,0.0,8.621966934098065,96.44869157138041,95.62559443406893,203.10000610351562,133.58999633789062,211.7209930419922,133.4600067138672
61.400000000000006,3.089662458737775e-07,0.0,0.0,8.621966934098065,96.44869157138041,95.62559443406893,203.10000610351562,133.58999633789062,211.7209930419922,133.4600067138672
61.45,3.0896449604534145e-07,0.0,0.0,8.621966934098065,96.44869157138041,95.62559443406893,203.10000610351562,133.58999633789062,211.7209930419922,133.4600067138672
61.5,3.7762077941355736e-07,0.0,0.0,8.621966934098065,96.44869157138041,95.62559443406893,203.10000610351562,133.58999633789062,211.7209930419922,133.4600067138672
61.550000000000004,4.4627407116042363e-07,0.0,0.0,8.621966934098065,96.44869157138041,95.62559443406893,203.10000610351562,133.58999633789062,211.7209930419922,133.4600067138672
61.6,1.2300455808154524e-10,0.0,0.0,8.621966934098065,96.44869157138041,95.62559443406893,203.10000610351562,133.58999633789062,211.7209930419922,133.4600067138672
61.650000000000006,3.4333403337477024e-08,0.0,0.0,8.621966934098065,96.44869157138041,95.62559443406893,203.10000610351562,133.58999633789062,211.7209930419922,133.4600067138672
61.7,1.3731786751337326e-07,0.0,0.0,8.621966934098065,96.44869157138041,95.62559443406893,203.10000610351562,133.58999633789062,211.7209930419922,133.4600067138672
61.75,2.746497709468928e-07,0.0,0.0,8.621966934098065,96.44869157138041,95.62559443406893,203.10000610351562,133.58999633789062,211.7209930419922,133.4600067138672
61.800000000000004,3.089735147241883e-07,0.0,0.0,8.621966934098065,96.44869157138041,95.62559443406893,203.10000610351562,133.58999633789062,211.7209930419922,133.4600067138672
61.85,3.0896147902435516e-07,0.0,0.0,8.621966934098065,96.44869157138041,95.62559443406893,203.10000610351562,133.58999633789062,211.7209930419922,133.4600067138672
61.900000000000006,3.0897193328925923e-07,0.0,0.0,8.621966934098065,96.44869157138041,95.62559443406893,203.10000610351562,133.58999633789062,211.7209930419922,133.4600067138672
61.95,4.119497069126269e-07,0.0,0.0,8.621966934098065,96.44869157138041,95.62559443406893,203.10000610351562,133.58999633789062,211.7209930419922,133.4600067138672
62.0,5.49263034097539e-07,0.0,0.0,8.621966934098065,96.44869157138041,95.62559443406893,203.10000610351562,133.58999633789062,211.7209930419922,133.4600067138672
62.050000000000004,3.433172554816411e-08,0.0,0.0,8.621966934098065,96.44869157138041,95.62559443406893,203.10000610351562,133.58999633789062,211.7209930419922,133.4600067138672
62.1,1.7165316924331404e-07,0.0,0.0,8.621966934098065,96.44869157138041,95.62559443406893,203.10000610351562,133.58999633789062,211.7209930419922,133.4600067138672
62.150000000000006,1.716502575612625e-07,0.0,0.0,8.621966934098065,96.44869157138041,95.62559443406893,203.10000610351562,133.58999633789062,211.7209930419922,133.4600067138672
62.2,2.403170289245533e-07,0.0,0.0,8.621966934098065,96.44869157138041,95.62559443406893,203.10000610351562,133.58999633789062,211.7209930419922,133.4600067138672
62.25,2.403040348902051e-07,0.0,0.0,8.621966934098065,96.44869157138041,95.62559443406893,203.10000610351562,133.58999633789062,211.7209930419922,133.4600067138672
62.300000000000004,3.0896427656187833e-07,0.0,0.0,8.621966934098065,96.44869157138041,95.62559443406893,203.10000610351562,133.58999633789062,211.7209930419922,133.4600067138672
62.35,4.4627469281913053e-07,0.0,0.0,8.621966934098065,96.44869157138041,95.62559443406893,203.10000610351562,133.58999633789062,211.7209930419922,133.4600067138672
62.400000000000006,4.462742191444546e-07,0.0,0.0,8.621966934098065,96.44869157138041,95.62559443406893,203.10000610351562,133.58999633789062,211.7209930419922,133.4600067138672
62.45,3.4328939571578435e-08,0.0,0.0,8.621966934098065,96.44869157138041,95.62559443406893,203.10000610351562,133.58999633789062,211.7209930419922,133.4600067138672
62.5,3.4331087573887794e-08,0.0,0.0,8.621966934098065,96.44869157138041,95.62559443406893,203.10000610351562,133.58999633789062,211.7209930419922,133.4600067138672
62.550000000000004,1.0298763549704113e-07,0.0,0.0,8.621966934098065,96.44869157138041,95.62559443406893,203.10000610351562,133.58999633789062,211.7209930419922,133.4600067138672
62.6,2.4031944164830235e-07,0.0,0.0,8.621966934098065,96.44869157138041,95.62559443406893,203.10000610351562,133.58999633789062,211.7209930419922,133.4600067138672
62.650000000000006,3.089813009557913e-07,0.0,0.0,8.621966934098065,96.44869157138041,95.62559443406893,203.10000610351562,133.58999633789062,211.7209930419922,133.4600067138672
62.7,3.089595758964174e-07,0.0,0.0,8.621966934098065,96.44869157138041,95.62559443406893,203.10000610351562,133.58999633789062,211.7209930419922,133.4600067138672
62.75,3.089761652463373e-07,0.0,0.0,8.621966934098065,96.44869157138041,95.62559443406893,203.10000610351562,133.58999633789062,211.7209930419922,133.4600067138672
62.800000000000004,4.1194877342503587e-07,0.0,0.0,8.621966934098065,96.44869157138041,95.62559443406893,203.10000610351562,133.58999633789062,211.7209930419922,133.4600067138672
62.85,0.0,0.0,0.0,8.621966934098065,96.44869157138041,95.62559443406893,203.10000610351562,133.58999633789062,211.7209930419922,133.4600067138672
62.900000000000006,3.433474494091643e-08,0.0,0.0,8.621966934098065,96.44869157138041,95.62559443406893,203.10000610351562,133.58999633789062,211.7209930419922,133.4600067138672
62.95,1.0299584922706796e-07,0.0,0.0,8.621966934098065,96.44869157138041,95.62559443406893,203.10000610351562,133.58999633789062,211.7209930419922,133.4600067138672
63.0,1.71665928541407e-07,0.0,0.0,8.621966934098065,96.44869157138041,95.62559443406893,203.10000610351562,133.58999633789062,211.7209930419922,133.4600067138672
63.050000000000004,1.7165981804040637e-07,0.0,0.0,8.621966934098065,96.44869157138041,95.62559443406893,203.10000610351562,133.58999633789062,211.7209930419922,133.4600067138672
63.1,1.7164994309987335e-07,0.0,0.0,8.621966934098065,96.44869157138041,95.62559443406893,203.10000610351562,133.58999633789062,211.7209930419922,133.4600067138672
63.150000000000006,2.0598543780028319e-07,0.0,0.0,8.621966934098065,96.44869157138041,95.62559443406893,203.10000610351562,133.58999633789062,211.7209930419922,133.4600067138672
63.2,3.432886939313957e-07,0.0,0.0,8.621966934098065,96.44869157138041,95.62559443406893,203.10000610351562,133.58999633789062,211.7209930419922,133.4600067138672
63.25,3.776187301408883e-07,0.0,0.0,8.621966934098065,96.44869157138041,95.62559443406893,203.10000610351562,133.58999633789062,211.7209930419922,133.4600067138672
63.300000000000004,3.4329791197042555e-08,0.0,0.0,8.621966934098065,96.44869157138041,95.62559443406893,203.10000610351562,133.58999633789062,211.7209930419922,133.4600067138672
63.35,3.4329855099589654e-08,0.0,0.0,8.621966934098065,96.44869157138041,95.62559443406893,203.10000610351562,133.58999633789062,211.7209930419922,133.4600067138672
63.400000000000006,1.0298861619606807e-07,0.0,0.0,8.621966934098065,96.44869157138041,95.62559443406893,203.10000610351562,133.58999633789062,211.7209930419922,133.4600067138672
63.45,2.403218475455114e-07,0.0,0.0,8.621966934098065,96.44869157138041,95.62559443406893,203.10000610351562,133.58999633789062,211.7209930419922,133.4600067138672
63.5,3.0898364250585716e-07,0.0,0.0,8.621966934098065,96.44869157138041,95.62559443406893,203.10000610351562,133.58999633789062,211.7209930419922,133.4600067138672
63.550000000000004,3.0895958909832546e-07,0.0,0.0,8.621966934098065,96.44869157138041,95.62559443406893,203.10000610351562,133.58999633789062,211.7209930419922,133.4600067138672
63.6,3.089742309514594e-07,0.0,0.0,8.621966934098065,96.44869157138041,95.62559443406893,203.10000610351562,133.58999633789062,211.7209930419922,133.4600067138672
63.650000000000006,3.776252672950345e-07,0.0,0.0,8.621966934098065,96.44869157138041,95.62559443406893,203.10000610351562,133.58999633789062,211.7209930419922,133.4600067138672
63.7,5.8041107611140785e-11,0.0,0.0,8.621966934098065,96.44869157138041,95.62559443406893,203.10000610351562,133.58999633789062,211.7209930419922,133.4600067138672
63.75,1.3733447161142038e-07,0.0,0.0,8.621966934098065,96.44869157138041,95.62559443406893,203.10000610351562,133.58999633789062,211.7209930419922,133.4600067138672
63.800000000000004,1.7165537825718356e-07,0.0,0.0,8.621966934098065,96.44869157138041,95.62559443406893,203.10000610351562,133.58999633789062,211.7209930419922,133.4600067138672
63.85,1.7165145616146988e-07,0.0,0.0,8.621966934098065,96.44869157138041,95.62559443406893,203.10000610351562,133.58999633789062,211.7209930419922,133.4600067138672
63.900000000000006,1.7164822665405542e-07,0.0,0.0,8.621966934098065,96.44869157138041,95.62559443406893,203.10000610351562,133.58999633789062,211.7209930419922,133.4600067138672
63.95,1.7165008076919324e-07,0.0,0.0,8.621966934098065,96.44869157138041,95.62559443406893,203.10000610351562,133.58999633789062,211.7209930419922,133.4600067138672
64.0,2.403037375838326e-07,0.0,0.0,8.621966934098065,96.44869157138041,95.62559443406893,203.10000610351562,133.58999633789062,211.7209930419922,133.4600067138672
64.05,3.089599832875941e-07,0.0,0.0,8.621966934098065,96.44869157138041,95.62559443406893,203.10000610351562,133.58999633789062,211.7209930419922,133.4600067138672
64.10000000000001,3.0895959177041546e-07,0.0,0.0,8.621966934098065,96.44869157138041,95.62559443406893,203.10000610351562,133.58999633789062,211.7209930419922,133.4600067138672
64.15,3.433172554816411e-08,0.0,0.0,8.621966934098065,96.44869157138041,95.62559443406893,203.10000610351562,133.58999633789062,211.7209930419922,133.4600067138672
64.2,3.4329705844865184e-08,0.0,0.0,8.621966934098065,96.44869157138041,95.62559443406893,203.10000610351562,133.58999633789062,211.7209930419922,133.4600067138672
64.25,1.3732246818012232e-07,0.0,0.0,8.621966934098065,96.44869157138041,95.62559443406893,203.10000610351562,133.58999633789062,211.7209930419922,133.4600067138672
64.3,2.746571720807197e-07,0.0,0.0,8.621966934098065,96.44869157138041,95.62559443406893,203.10000610351562,133.58999633789062,211.7209930419922,133.4600067138672
64.35000000000001,2.7463114177326466e-07,0.0,0.0,8.621966934098065,96.44869157138041,95.62559443406893,203.10000610351562,133.58999633789062,211.7209930419922,133.4600067138672
64.4,3.089707290723663e-07,0.0,0.0,8.621966934098065,96.44869157138041,95.62559443406893,203.10000610351562,133.58999633789062,211.7209930419922,133.4600067138672
64.45,3.776231501188839e-07,0.0,0.0,8.621966934098065,96.44869157138041,95.62559443406893,203.10000610351562,133.58999633789062,211.7209930419922,133.4600067138672
64.5,5.149335400196629e-07,5.634288999706572,0.5634288999706534,8.723960447597879,96.44869157138041,95.7276068243222,203.10000610351562,133.58999633789062,211.822998046875,133.4600067138672
64.55,3.4328939571578435e-08,11.779839948676939,1.7414128948383472,8.885945399042846,96.44869157138041,95.8896104687632,203.10000610351562,133.58999633789062,211.98500061035156,133.4600067138672
64.60000000000001,6.865822718916834e-08,13.740272104508774,3.115440105289225,9.073929186398987,96.44869157138041,96.0776172844525,203.10000610351562,133.58999633789062,212.17300415039062,133.4600067138672
64.65,1.7165756131019356e-07,14.647434255155698,4.580183530804794,9.278910700811222,96.44869157138041,96.28262930216088,203.10000610351562,133.58999633789062,212.3780059814453,133.4600067138672
64.7,1.7165335724584944e-07,16.210216137646423,6.201205144569437,9.503880833513255,96.44869157138041,96.50763287206235,203.10000610351562,133.58999633789062,212.60299682617188,133.4600067138672
64.75,2.4031417672475005e-07,16.927907168906852,7.893995861460122,9.741866968400844,96.44869157138041,96.74564974218005,203.10000610351562,133.58999633789062,212.84100341796875,133.4600067138672
64.8,2.4030185767026814e-07,18.058332591412505,9.699829120601374,9.992838250073596,96.44869157138041,96.99664735719615,203.10000610351562,133.58999633789062,213.0919952392578,133.4600067138672
64.85000000000001,3.0895975374781954e-07,19.198260292373938,11.619655149838767,10.25581796616418,96.44869157138041,97.25965029447212,203.10000610351562,133.58999633789062,213.35499572753906,133.4600067138672
64.9,0.04977685674950082,18.74471526456904,13.49412667629567,10.521804013782122,96.44869196148815,97.52565733627239,203.10000610351562,133.58999633789062,213.62100219726562,133.4600067138672
64.95,0.00897271873524248,21.29642877855857,15.623769554151528,10.813774580363763,96.44869212155922,97.81764959549642,203.10000610351562,133.58999633789062,213.91299438476562,133.4600067138672
65.0,0.022922229877459916,20.098048553639803,17.07014550954485,11.097766000529187,96.44869216160609,98.10166162049919,203.10000610351562,133.58999633789062,214.19700622558594,133.4600067138672
65.05,0.009336751076298583,22.467935722819952,18.138955086959154,11.405743583452676,96.44869239152635,98.40966061495978,203.10000610351562,133.58999633789062,214.5050048828125,133.4600067138672
65.10000000000001,0.007652493884253731,21.18301887585474,18.883229764093752,11.704719935590427,96.44869250153883,98.70865753505245,203.10000610351562,133.58999633789062,214.8040008544922,133.4600067138672
65.15,0.02390762647329932,23.41721867973533,19.760208206551717,12.025699246020274,96.4486927315755,99.02965739093102,203.10000610351562,133.58999633789062,215.125,133.4600067138672
65.2,0.007171405102388661,22.061893808589613,20.345375973646036,12.336685596364454,96.4486928515997,99.34066306930458,203.10000610351562,133.58999633789062,215.43600463867188,133.4600067138672
65.25,0.03983546064305855,24.186646475721176,21.071249904327466,12.66766095751432,96.44869304158951,99.67165727953144,203.10000610351562,133.58999633789062,215.76699829101562,133.4600067138672
65.3,0.024673044349609576,22.773136834887243,21.542730328674942,12.987651473887556,96.44968486288467,99.99265711620703,203.1009979248047,133.58999633789062,216.08799743652344,133.4600067138672
65.35000000000001,0.059163137738492265,24.810635729371374,22.10396787237469,13.327630986398482,96.44968502283932,100.33265373706226,203.1009979248047,133.58999633789062,216.42799377441406,133.4600067138672
65.4,0.045668524820143476,23.34888866099747,22.56438521201753,13.655609058881598,96.45069210291987,100.66166561430846,203.1020050048828,133.58999633789062,216.7570037841797,133.46099853515625
65.45,0.0816742933829891,25.316451987049433,22.966387532866612,14.001602176413357,96.45168392422715,101.0086658530403,203.10299682617188,133.58999633789062,217.10400390625,133.46099853515625
65.5,0.06997859942838587,23.81525361514003,23.338108039016635,14.33557256668335,96.45269100430845,101.34365750987538,203.10400390625,133.58999633789062,217.43899536132812,133.46099853515625
65.55,0.1086264168091207,25.726194500374778,23.663933916772116,14.687578846813178,96.4536828256157,101.69666964385858,203.10499572753906,133.58999633789062,217.79200744628906,133.46099853515625
65.60000000000001,0.09957816308743188,24.193137517895007,23.964945780976144,15.025563443516488,96.4556817269845,102.03666611085026,203.10699462890625,133.58999633789062,218.1320037841797,133.46099853515625
65.65,0.14053358035191832,26.058001039449916,24.229024016947605,15.381553386949658,96.4576806283607,102.39466784614393,203.10899353027344,133.58999633789062,218.49000549316406,133.46099853515625
65.7,0.13386312463589864,24.49942030668768,24.472776666757408,15.725535620797375,96.45868770844484,102.73966916810043,203.11000061035156,133.58999633789062,218.8350067138672,133.46099853515625
65.75,0.17825293669408804,26.326559323406865,24.686767951525976,16.08351025920165,96.46169368989615,103.100661618517,203.11300659179688,133.58999633789062,219.1959991455078,133.46099853515625
65.8,0.17520912281190973,24.747710496587395,24.884225317695993,16.42950760543918,96.46369259126695,103.44866891063496,203.11500549316406,133.58999633789062,219.54400634765625,133.46099853515625
65.85000000000001,0.2226719024755974,26.543925458662518,25.05755429062511,16.790504380238062,96.4666833139345,103.81266733902422,203.1179962158203,133.58999633789062,219.9080047607422,133.46099853515625
65.9,0.22208615867038822,24.948912691971017,25.217556693722464,17.139478006487764,96.46968929538221,104.16465716687723,203.12100219726562,133.58999633789062,220.25999450683594,133.46099853515625
65.95,0.276512059623204,26.71989221107113,25.357900716124636,17.502489767742883,96.47268001804976,104.5306697522569,203.12399291992188,133.58999633789062,220.62600708007812,133.46099853515625
66.0,0.5563008841616383,25.111954709755448,25.487570825586175,17.850464452742738,96.47877574701185,104.88465847268095,203.1300048828125,133.59100341796875,220.97999572753906,133.46099853515625
66.05,0.9066744261141267,26.862378280635554,25.60118920361225,18.207465043510133,96.48977733541808,105.25266995603359,203.14100646972656,133.59100341796875,221.34800720214844,133.46099853515625
66.10000000000001,1.2150143873144443,25.24407212177828,25.706282664000575,18.54645401418446,96.50580022736581,105.60766574686882,203.15699768066406,133.58999633789062,221.7030029296875,133.46099853515625
66.15,1.2927888501070426,26.97772146015684,25.79825470607127,18.90044950768892,96.52279851867702,105.97866794972906,203.1739959716797,133.58999633789062,222.07400512695312,133.46099853515625
66.2,1.4437913583387598,25.351098054742824,25.88342248087678,19.236425071117846,96.54280279124819,106.33465555242717,203.19400024414062,133.58999633789062,222.42999267578125,133.46099853515625
66.25,1.6791922774589094,27.071176337632544,25.957884182299352,19.58642343852002,96.56480596511896,106.70666483295035,203.21600341796875,133.58999633789062,222.802001953125,133.46099853515625
66.3,1.577073712010184,25.437857929709445,26.026898925611555,19.92242133630574,96.58683217382075,107.06466658744371,203.23800659179688,133.59100341796875,223.16000366210938,133.46099853515625
66.35000000000001,1.8036581075884834,27.146811275207526,26.08718750726606,20.270421251392566,96.61081899025802,107.4366606075651,203.26199340820312,133.59100341796875,223.53199768066406,133.46099853515625
66.4,1.7956728458415956,25.50812827395208,26.143109065464166,20.604407782284383,96.63582814557121,107.79567084793113,203.28700256347656,133.59100341796875,223.89100646972656,133.46200561523438
66.45,2.0900375652994185,27.208081774817444,26.191928021838798,20.95140121365428,96.662820943423,108.1696637684675,203.31399536132812,133.59100341796875,224.26499938964844,133.46200561523438
66.5,2.1935016549572253,25.565079618397508,26.23724051270301,21.280389813035164,96.69281972273055,108.5286573322976,203.343994140625,133.59100341796875,224.62399291992188,133.46200561523438
66.55,2.2989132248828774,27.25765369938203,26.276768054577662,21.623385928846496,96.72382558210592,108.90266551116214,203.375,133.59100341796875,224.9980010986328,133.46200561523438
66.60000000000001,2.4176448766817287,25.6112319054254,26.313484032942377,21.951367840704556,96.7568303428489,109.26365797198375,203.4080047607422,133.59100341796875,225.35899353027344,133.46200561523438
66.65,2.5286509634589414,27.297792937647575,26.345491180691447,22.290381850607183,96.79181874617086,109.6376661506975,203.4429931640625,133.59100341796875,225.73300170898438,133.46200561523438
66.7,2.6630281600256844,25.6486347313971,26.37524484835688,22.615358168250303,96.82782948835886,109.99865860817016,203.47900390625,133.59100341796875,226.093994140625,133.46200561523438
66.75,2.7967428681891056,27.3303019069539,26.401157405289013,22.95235838150052,96.86582387312457,110.37365860822689,203.51699829101562,133.59100341796875,226.468994140625,133.46200561523438
66.8,2.908278137630283,25.67891026713056,26.425262639031125,23.27434432671375,96.9058324180466,110.73565814289447,203.5570068359375,133.59100341796875,226.83099365234375,133.46200561523438
66.85000000000001,3.0550248178007524,27.356617389446058,26.446243250454977,23.60734709674042,96.94782460554703,111.11065814315155,203.5989990234375,133.59100341796875,227.20599365234375,133.46200561523438
66.9,3.198970834053696,25.70349873404918,26.465780296464686,23.92634263653392,96.9908238731272,111.47265767549074,203.64199829101562,133.59100341796875,227.5679931640625,133.46200561523438
66.95,3.4005924613451293,27.37789294513389,26.48276141349633,24.25533267131162,97.03682912215416,111.84765767602754,203.68800354003906,133.59100341796875,227.9429931640625,133.46200561523438
67.0,3.5905538024202106,25.723406051135665,26.498594056770145,24.568331836721796,97.08582509385414,112.2096572063701,203.73699951171875,133.59100341796875,228.30499267578125,133.46200561523438
67.05,3.8063881354217792,27.395136207724118,26.512342307604353,24.892332556343387,97.13782704699253,112.58566428733508,203.78900146484375,133.59100341796875,228.68099975585938,133.46200561523438
67.10000000000001,3.9853798785258943,25.739533430578383,26.525172460119656,25.20032712467019,97.19182790149942,112.94766381599217,203.84300231933594,133.59100341796875,229.04299926757812,133.46200561523438
67.15,4.1636879637921425,27.40910420137853,26.53630358649275,25.520330309656543,97.24881947865406,113.3246627186162,203.89999389648438,133.59100341796875,229.4199981689453,133.46200561523438
67.2,4.302107966243146,25.752637890222566,26.54670390237529,25.823315320074435,97.3078252159592,113.68666360457121,203.95899963378906,133.59100341796875,229.78199768066406,133.46299743652344
67.25,4.440239996563671,27.420371981911806,26.555710909871085,26.138313938838895,97.36882985463137,114.06267068630503,204.02000427246094,133.59100341796875,230.1580047607422,133.46299743652344
67.3,4.54975222308829,25.763256723066295,26.56414555546466,26.438313431219886,97.43181813588473,114.42566203358089,204.08299255371094,133.59100341796875,230.52099609375,133.46299743652344
67.35000000000001,4.664700101195223,27.429516328739457,26.571435449394,26.750306277734605,97.49582875600896,114.80166911571187,204.14700317382812,133.59100341796875,230.89700317382812,133.46299743652344
67.4,4.7700001868304485,25.77182594414111,26.57826817040319,27.04829179290129,97.56083119742337,115.16466046197945,204.21200561523438,133.59100341796875,231.25999450683594,133.46299743652344
67.45,4.892868097012119,27.43693205884291,26.584172081774092,27.356302299324014,97.62882436149157,115.54066754449794,204.27999877929688,133.59100341796875,231.63600158691406,133.46299743652344
67.5,5.015448049021953,25.778809033552818,26.589712380015804,27.65029020197546,97.69782460563525,115.90365888986373,204.3489990234375,133.59100341796875,231.99899291992188,133.46299743652344
67.55,5.150412083315759,27.442909276883935,26.594489686931787,27.95729378494604,97.76783192985503,116.28067305281759,204.41900634765625,133.59100341796875,232.37600708007812,133.46299743652344
67.60000000000001,5.287175989163987,25.784461763622428,26.598982520236188,28.246292249813756,97.84082997673013,116.64267257617138,204.49200439453125,133.59100341796875,232.73800659179688,133.46299743652344
67.65,5.426747847859153,27.447732938148395,26.602845393913178,28.5482911353893,97.91582692497234,117.01967148068573,204.56700134277344,133.59100341796875,233.11500549316406,133.46299743652344
67.7,5.564340023480209,25.789033040147345,26.606484908905657,28.835275582412546,97.99183095329269,117.38266282465017,204.64300537109375,133.59100341796875,233.47799682617188,133.46299743652344
67.75,5.7003121472493605,27.451657099931285,26.60961342070761,29.13327682723122,98.07082570426932,117.75966172947753,204.7220001220703,133.59100341796875,233.85499572753906,133.46299743652344
67.8,5.834556072657804,25.79277691969273,26.612565440370254,29.416278881193456,98.15082753532403,118.12266833169384,204.802001953125,133.59100341796875,234.21800231933594,133.46299743652344
67.85000000000001,5.967467891643453,27.454824239618556,26.615096231458164,29.710267214798904,98.23282826774592,118.49866015675424,204.88400268554688,133.59100341796875,234.593994140625,133.46299743652344
67.9,6.099587938550573,25.79576549814956,26.61749018685901,29.989271606170067,98.31682790153498,118.86166675848305,204.96800231933594,133.59100341796875,234.95700073242188,133.46299743652344
67.95,6.23131188355337,27.45738026870025,26.619535007844746,30.280269347604225,98.40282643669123,119.23866566385782,205.0540008544922,133.59100341796875,235.33399963378906,133.46299743652344
68.0,6.363324223388937,25.798213350499537,26.62147543953942,30.556263677022848,98.48983205192562,119.60167366214459,205.14100646972656,133.59100341796875,235.69700622558594,133.46400451660156
68.05,6.4960202118923815,27.45946938093135,26.62313144994416,30.843263785291814,98.57982838981626,119.97867256777347,205.2310028076172,133.59100341796875,236.07400512695312,133.46400451660156
68.10000000000001,6.629652190929263,25.800192572950152,26.624704530876937,31.115249413910963,98.67083180778502,120.34166390995216,205.32200622558594,133.59100341796875,236.43699645996094,133.46400451660156
68.15,6.764220155261859,27.461124192022893,26.626043656264386,31.399258910996554,98.7638188683319,120.71866281580772,205.4149932861328,133.59100341796875,236.81399536132812,133.46400451660156
68.2,6.887124156057634,25.801813027898334,26.627321655039488,31.667262107667444,98.85882008903504,121.08166941645229,205.50999450683594,133.59100341796875,237.177001953125,133.46400451660156
68.25,6.995916308458977,27.462492330082576,26.628405178054614,31.947258655558258,98.9558202111057,121.45866832250421,205.60699462890625,133.59100341796875,237.5540008544922,133.46400451660156
68.3,7.103016312848491,25.803109047251898,26.629438390810527,32.21225596784364,99.05382741325522,121.82167492288126,205.7050018310547,133.59100341796875,237.91700744628906,133.46400451660156
68.35000000000001,7.219943933326538,27.463572078191465,26.630313174667815,32.48926189045597,99.15381825798266,122.19867382912138,205.80499267578125,133.59100341796875,238.29400634765625,133.46400451660156
68.4,7.350876117164031,25.804188776969315,26.631155502549795,32.751238053723725,99.25483144157653,122.56166517046256,205.906005859375,133.59100341796875,238.65699768066406,133.46400451660156
68.45,7.491456466710111,27.464473299351532,26.631864805614924,33.0252380864772,99.35782826774843,122.93866407687591,206.00900268554688,133.59100341796875,239.03399658203125,133.46400451660156
68.5,7.63833600353384,25.80505221611402,26.632548692176375,33.28223998445261,99.46383107536607,123.3016706768109,206.11500549316406,133.59100341796875,239.39700317382812,133.46400451660156
68.55,7.787952697195586,27.465192560029447,26.63312101008618,33.55224230748941,99.57082570427332,123.67866958336893,206.2220001220703,133.59100341796875,239.7740020751953,133.46400451660156
68.60000000000001,7.936308547812094,25.805737129910575,26.633675465782225,33.80623830382372,99.67981923454768,124.04166092433034,206.33099365234375,133.59100341796875,240.13699340820312,133.46400451660156
68.65,8.080668974629846,27.465769342227354,26.634139980802672,34.07125109721361,99.79181874626711,124.41867508981099,206.4429931640625,133.59100341796875,240.51400756835938,133.46400451660156
68.7,8.221140404361304,25.806312182861074,26.634589896298944,34.32123411393175,99.90482533806438,124.78166643061368,206.55599975585938,133.59100341796875,240.8769989013672,133.46400451660156
68.75,8.35840863527305,27.46623626146785,26.63496428943747,34.58322211447793,100.01983083122855,125.15866664208401,206.67100524902344,133.59100341796875,241.25399780273438,133.46499633789062
68.8,8.492472804469683,25.80678080714183,26.635331465426464,34.82823087506946,100.13782704704886,125.52167324154173,206.78900146484375,133.59100341796875,241.61700439453125,133.46499633789062
68.85000000000001,8.623872796857636,27.466596750871197,26.635633932694436,35.086224804805276,100.2568303429473,125.89867214846043,206.9080047607422,133.59100341796875,241.99400329589844,133.46499633789062
68.9,8.753581070415414,25.80714128646188,26.63592918364369,35.328212390222355,100.37783254021298,126.26166348900439,207.0290069580078,133.59100341796875,242.35699462890625,133.46499633789062
68.95,8.883000875180697,27.46692119153222,26.63617397286176,35.58321566297068,100.49982655876775,126.63866239602152,207.1510009765625,133.59100341796875,242.73399353027344,133.46499633789062
69.0,9.013465342692998,25.80746400174953,26.636415151425307,35.821220771955176,100.62482655876785,127.001668995245,207.2760009765625,133.59100341796875,243.0970001220703,133.46499633789062
69.05,9.145836982755805,27.467135768994837,26.636609472321844,36.07222631021096,100.75081838005693,127.3786679023478,207.40199279785156,133.59100341796875,243.4739990234375,133.46499633789062
69.10000000000001,9.280405019624034,25.807716336756304,26.636807393006414,36.3072254956662,100.87882436150227,127.74167450147914,207.52999877929688,133.59100341796875,243.83700561523438,133.46499633789062
69.15,9.417025261283271,27.46735206315261,26.636965665098938,36.55421803709537,101.00882924431477,128.11867340865527,207.66000366210938,133.59100341796875,244.21400451660156,133.46499633789062
69.2,9.555229933586197,25.80789657500257,26.63712410431309,36.78520422179023,101.14083302849446,128.48166474892946,207.79200744628906,133.59100341796875,244.57699584960938,133.46499633789062
69.25,9.69444141027275,27.4674962595674,26.637250104123048,37.028214280338545,101.27482045525228,128.85866365618008,207.92599487304688,133.59100341796875,244.95399475097656,133.46499633789062
69.3,9.821773906534883,25.808076814296395,26.6373797048385,37.25521797846804,101.41082204216634,129.2216702551678,208.06199645996094,133.59100341796875,245.31700134277344,133.46499633789062
69.35000000000001,9.944281753827864,27.467640455972127,26.637484075348596,37.49521019547744,101.54783429906502,129.59866916248006,208.19900512695312,133.5919952392578,245.69400024414062,133.46499633789062
69.4,10.067257490918985,25.80822100525053,26.637592047227457,37.71922320002216,101.68682660863546,129.96167576140581,208.33799743652344,133.5919952392578,246.0570068359375,133.46499633789062
69.45,10.194409764085448,27.46774860347247,26.63767478842148,37.9552143026273,101.82783307836215,130.33867466876436,208.47900390625,133.5919952392578,246.4340057373047,133.46499633789062
69.5,10.32634964927693,25.80832914771012,26.637761303017545,38.17521429855287,101.97082319066686,130.7016660088499,208.6219940185547,133.5919952392578,246.7969970703125,133.46499633789062
69.55,10.464121719672425,27.467820702048268,26.637829796322887,38.408196150841135,102.11483564183874,131.07866626136519,208.76600646972656,133.5919952392578,247.1739959716797,133.46600341796875
69.60000000000001,10.617482363974188,25.80840124207975,26.637898286855233,38.6242136715426,102.26182355687804,131.44167286017898,208.91299438476562,133.5919952392578,247.53700256347656,133.46600341796875
69.65,10.778941997353188,27.467892800626114,26.637952360602583,38.85220929210611,102.41082563207407,131.81867176762717,209.06199645996094,133.5919952392578,247.91400146484375,133.46600341796875
69.7,10.928342426701654,25.808473336973293,26.638010036799653,39.06419853964851,102.56182660863736,132.18166310760668,209.21299743652344,133.5919952392578,248.27699279785156,133.46600341796875
69.75,11.068562352035315,27.46792885024816,26.638053295867728,39.28821166366888,102.71482648656729,132.5586772738775,209.36599731445312,133.5919952392578,248.6540069580078,133.46600341796875
69.8,11.215514904325643,25.808545432266534,26.638100157664745,39.49620315322677,102.86982526586424,132.9216686138194,209.52099609375,133.5919952392578,249.01699829101562,133.46600341796875
69.85000000000001,11.36520285659091,27.4680009487668,26.638136206944218,39.716203261041244,103.02682294652841,133.29866752134234,209.67799377441406,133.5919952392578,249.3939971923828,133.46600341796875
69.9,11.515646984978497,25.808581478845728,26.638172254303736,39.920196990528254,103.18583478734884,133.66167412004316,209.83700561523438,133.5919952392578,249.7570037841797,133.46600341796875
69.95,11.665118507098898,27.468000949416044,26.638197488898093,40.13620251272038,103.34683342052632,134.03867302759357,209.9980010986328,133.59300231933594,250.13400268554688,133.46600341796875
70.0,11.812574857824329,25.808617525344705,26.63822632666155,40.337205539537074,103.50982780529199,134.40267144752812,210.16099548339844,133.59300231933594,250.4980010986328,133.46600341796875
70.05,11.95761854960092,27.468036998952755,26.638247956352,40.549194851043126,103.67483635021388,134.77967035509994,210.3260040283203,133.59300231933594,250.875,133.46600341796875
70.10000000000001,12.100610890868131,25.80865185630399,26.638273017774424,40.74420122313247,103.842835617792,135.14267695374238,210.49400329589844,133.59300231933594,251.23800659179688,133.46600341796875
70.15,12.242307143145215,27.46807304850649,26.638291042562464,40.95220803055936,104.01182670665919,135.5196758613353,210.66299438476562,133.59300231933594,251.61500549316406,133.46600341796875
70.2,12.383535624091058,25.80868790356212,26.63831249922135,41.14419319541077,104.18283195568263,135.88266720116684,210.83399963378906,133.59300231933594,251.97799682617188,133.46600341796875
70.25,12.525194964765518,27.468073049126286,26.638326919109165,41.348186979639806,104.35583610607327,136.25966610878757,211.0070037841797,133.59300231933594,252.35499572753906,133.46600341796875
70.3,12.667827599981823,25.808687902814757,26.638341166163986,41.5361896366406,104.5308391578311,136.62267270738522,211.1820068359375,133.59300231933594,252.71800231933594,133.46600341796875
70.35000000000001,12.811863548567803,27.4681090986273,26.63835198115003,41.735190831765145,104.70883293224516,136.99967291966848,211.36000061035156,133.59300231933594,253.09500122070312,133.4669952392578
70.4,12.945135448649596,25.80872395051976,26.638366228317437,41.91918346821917,104.887836534495,137.36266425947076,211.53900146484375,133.593994140625,253.45799255371094,133.4669952392578
70.45,13.047123767598464,27.468109099189657,26.6383770432948,42.11620405287404,105.06782921027664,137.73967842590855,211.718994140625,133.593994140625,253.8350067138672,133.4669952392578
70.5,13.124595385897969,25.808723949705666,26.638387685730898,42.297187730381644,105.24983604621647,138.10266976567974,211.9010009765625,133.593994140625,254.197998046875,133.4669952392578
70.55,13.197674975292191,27.468109099686135,26.638394895804236,42.49118710426331,105.43283470344684,138.47966867334097,212.08399963378906,133.593994140625,254.5749969482422,133.4669952392578
70.60000000000001,13.276839165868658,25.808759997552816,26.638405709929124,42.67018716235209,105.61684044075531,138.84267527189454,212.26800537109375,133.593994140625,254.93800354003906,133.4669952392578
70.65,13.370367137029707,27.46810910016685,26.638409315095156,42.862187658752475,105.8018379993515,139.2196741795777,212.4530029296875,133.593994140625,255.31500244140625,133.4669952392578
70.7,13.48268689283975,25.808759996973155,26.63841652443626,43.038181762186134,105.98883445931322,139.5826655193194,212.63999938964844,133.593994140625,255.67799377441406,133.4669952392578
70.75,13.613510875923229,27.468145149540835,26.63842373447771,43.22717927496857,106.17684069664992,139.95966442700862,212.8280029296875,133.59500122070312,256.05499267578125,133.4669952392578
70.8,13.758519251687993,25.808759996508858,26.63843094384712,43.39919085265188,106.36783495934569,140.32267102553965,213.0189971923828,133.59500122070312,256.4179992675781,133.4669952392578
70.85000000000001,13.913174989362126,27.46814515003057,26.638434548987448,43.58420286890605,106.55983630212052,140.69968519202519,213.21099853515625,133.59500122070312,256.7950134277344,133.4669952392578
70.9,14.072619218045466,25.80875999625031,26.638438153560504,43.75317797279564,106.75383654626327,141.06266127295768,213.40499877929688,133.59500122070312,257.1579895019531,133.4669952392578
70.95,14.230946796169293,27.46814515050264,26.638441758691805,43.93318514036703,106.9508427718515,141.4396754394511,213.6020050048828,133.59500122070312,257.5350036621094,133.4669952392578
71.0,14.383695373113978,25.80875999599128,26.63844536332037,44.09720117016795,107.14983264001721,141.8026820379598,213.80099487304688,133.59500122070312,257.89801025390625,133.4669952392578
71.05,14.52798359905108,27.468145150952832,26.638448968447033,44.27419000070344,107.35083911531288,142.18067276694967,214.0019989013672,133.5959930419922,258.2760009765625,133.4669952392578
71.10000000000001,14.662839035396859,25.80879604456416,26.638452573148168,44.4341929858891,107.55384204500066,142.54367936545069,214.2050018310547,133.5959930419922,258.6390075683594,133.4669952392578
71.15,14.790062391991308,27.468145151353806,26.638456178266864,44.60617117464923,107.75884387605535,142.92066435954138,214.41000366210938,133.5959930419922,259.0159912109375,133.46800231933594
71.2,14.912211412794493,25.808796044402428,26.63845978300979,44.763183469790484,107.96483752839916,143.28367095802855,214.61599731445312,133.5959930419922,259.3789978027344,133.46800231933594
71.25,15.032235285293705,27.468145151757444,26.63845978323145,44.93218912940155,108.17284534089939,143.66068512454214,214.82400512695312,133.5959930419922,259.7560119628906,133.46800231933594
71.3,15.153807532184002,25.808796044240626,26.63846338800463,45.08517312976063,108.38283679597778,144.02366120545216,215.03399658203125,133.5959930419922,260.1189880371094,133.46800231933594
71.35000000000001,15.279951120480705,27.468145152203107,26.63846338822188,45.25018101240279,108.59484241121233,144.4006753719731,215.24600219726562,133.5959930419922,260.4960021972656,133.46800231933594
71.4,15.412647025198863,25.80879604459356,26.638466993056205,45.400192419667036,108.80784222852645,144.76368197046068,215.45899963378906,133.5970001220703,260.8590087890625,133.46800231933594
71.45,15.55376636734775,27.46814515260314,26.638466993266253,45.5621790730049,109.02283856641708,145.14066561940422,215.6739959716797,133.5970001220703,261.2359924316406,133.46800231933594
71.5,15.702806160798362,25.80879604405364,26.638470598072484,45.70817458326191,109.23984906446407,145.50367221788431,215.89100646972656,133.5970001220703,261.5989990234375,133.46800231933594
71.55,15.844107456013052,27.46814515301457,26.638470598278662,45.865202158501546,109.45983502637834,145.8806863844051,216.11099243164062,133.5970001220703,261.97601318359375,133.46800231933594
71.60000000000001,15.953330375066255,25.808796044223065,26.638470598244556,46.007169371949786,109.6808433271596,146.24366246529956,216.33200073242188,133.5970001220703,262.3389892578125,133.46800231933594
71.65,16.03343094374345,27.46814515341593,26.638470598450773,46.16218280295288,109.90284344923063,146.62067663182677,216.5540008544922,133.5970001220703,262.71600341796875,133.46800231933594
71.7,16.10298286973419,25.808796044307062,26.638470598441238,46.30219690614971,110.12583539259221,146.98368323029206,216.77699279785156,133.5970001220703,263.0790100097656,133.46800231933594
71.75,16.172787162206703,27.468145153808315,26.63847059864633,46.45516848239639,110.34985193852819,147.36066687924918,217.00100708007812,133.59800720214844,263.45599365234375,133.46800231933594
71.8,16.252346973024846,25.808796044434036,26.63847059866567,46.59217661426055,110.5758498633354,147.72367347771467,217.2270050048828,133.59800720214844,263.8190002441406,133.46800231933594
71.85000000000001,16.34774603197538,27.468145154144445,26.638470598859804,46.7431895158399,110.80184778814125,148.10068894885276,217.4530029296875,133.59800720214844,264.1960144042969,133.468994140625
71.9,16.46121757641853,25.808796044541932,26.63847059885464,46.87816825104316,111.02984461431333,148.4636650297409,217.68099975585938,133.59800720214844,264.5589904785156,133.468994140625
71.95,16.590782417277513,27.46814515450098,26.63847059904442,47.025186128836296,111.25984034185245,148.840679196283,217.91099548339844,133.59800720214844,264.9360046386719,133.468994140625
72.0,16.733378080655342,25.808796044658084,26.63847059910487,47.15718941743166,111.49084314947034,149.2036857947408,218.14199829101562,133.59800720214844,265.29901123046875,133.468994140625
72.05,16.884865809753364,27.46814515487873,26.63847059929129,47.3011708140355,111.7248519385342,149.58167652376605,218.37600708007812,133.59800720214844,265.677001953125,133.468994140625
72.10000000000001,17.03901773671177,25.808796044857004,26.63847059935468,47.428184502821686,111.96084437017674,149.94468312222352,218.61199951171875,133.59800720214844,266.0400085449219,133.468994140625
72.15,17.17776133953359,27.468145155254945,26.63847059953858,47.56716104113294,112.1988509619751,150.3216667711871,218.85000610351562,133.59800720214844,266.4169921875,133.468994140625
72.2,17.275177443494528,25.808796045051736,26.638470599613044,47.69116876471717,112.43784937506123,150.68467336964588,219.08900451660156,133.59800720214844,266.7799987792969,133.468994140625
72.25,17.334471011990214,27.468145155598688,26.63847059979208,47.82718780005115,112.67884873042009,151.06168753618854,219.3300018310547,133.5989990234375,267.1570129394531,133.468994140625
72.3,17.377238670354277,25.80879604520755,26.63847059986943,47.949166110128814,112.9198460448763,151.4246636170694,219.5709991455078,133.5989990234375,267.5199890136719,133.468994140625
72.35000000000001,17.41813349338764,27.468145156005974,26.63847060005558,48.08518245749069,113.16084335933421,151.8016777836115,219.81199645996094,133.5989990234375,267.8970031738281,133.468994140625
72.4,17.470009513828945,25.808796045327366,26.638470600134127,48.205192395746714,113.40383957515844,152.1646843820693,220.05499267578125,133.5989990234375,268.260009765625,133.468994140625
72.45,17.54186522748384,27.46814515632801,26.638470600316833,48.339161380056254,113.64685104977018,152.54166937619584,220.29800415039062,133.5989990234375,268.6369934082031,133.47000122070312
72.5,17.637770710133626,25.80879604547876,26.638470600398897,48.45816425307066,113.89085434566903,152.90467597464757,220.54200744628906,133.5989990234375,269.0,133.47000122070312
72.55,17.756246254293288,27.468145156647612,26.638470600575783,48.58919101192542,114.13684128414563,153.28169014119024,220.78799438476562,133.5989990234375,269.37701416015625,133.47000122070312
72.60000000000001,17.894054310479184,25.8087960457303,26.638470600663112,48.704165583093214,114.38484238277941,153.64466622206342,221.03599548339844,133.5989990234375,269.739990234375,133.47000122070312
72.65,18.040366996074724,27.468145157027678,26.638470600840385,48.83117929928566,114.63484238805923,154.02168038861234,221.28599548339844,133.5989990234375,270.11700439453125,133.47000122070312
72.7,18.19443981652368,25.80879604602517,26.63847060093773,48.94218660378671,114.88684134555338,154.38468698706384,221.53799438476562,133.5989990234375,270.4800109863281,133.47000122070312
72.75,18.35067914966882,27.46814515737753,26.638470601115614,49.06515941796636,115.14085641438,154.7616706360287,221.79200744628906,133.60000610351562,270.85699462890625,133.47000122070312
72.8,18.47602945640024,25.808796046106085,26.638470601205466,49.17216893042976,115.39685311955286,155.12467723447926,222.04800415039062,133.60000610351562,271.2200012207031,133.47000122070312
72.85000000000001,18.566029830105432,27.468145157712385,26.63847060137611,49.292163629845255,115.65384164496442,155.50166088345037,222.30499267578125,133.60000610351562,271.59698486328125,133.47000122070312
72.9,18.636481388555644,25.808796046404584,26.638470601483835,49.39616717436853,115.9128443309975,155.86466748190168,222.56399536132812,133.60000610351562,271.9599914550781,133.47000122070312
72.95,18.69671045252334,27.46814515808431,26.638470601659463,49.51417824164007,116.17184701735091,156.24168164845113,222.822998046875,133.60000610351562,272.3370056152344,133.47000122070312
73.0,18.756685456952773,25.80879604657705,26.638470601769296,49.617189971536256,116.43184152502448,156.6046882469013,223.08299255371094,133.60000610351562,272.70001220703125,133.47000122070312
73.05,18.824654763851036,27.46814515842107,26.638470601946644,49.73316904760806,116.6928431126272,156.98167320058064,223.343994140625,133.60000610351562,273.0769958496094,133.4709930419922
73.10000000000001,18.907345709547208,25.80879604688623,26.638470602062238,49.835176286847066,116.95485365736262,157.34568687909112,223.6060028076172,133.6009979248047,273.4410095214844,133.4709930419922
73.15,19.007714356166062,27.468145158782384,26.63847060223771,49.94816723664029,117.21884596726095,157.72267052806242,223.8699951171875,133.6009979248047,273.8179931640625,133.4709930419922
73.2,19.126478272111775,25.808796047034736,26.638470602338664,50.04617410692681,117.48384535711111,158.08567712651393,224.13499450683594,133.6009979248047,274.1809997558594,133.4709930419922
73.25,19.261946593787485,27.46814515915769,26.63847060251668,50.15718142403971,117.74985182695028,158.46269129307058,224.4010009765625,133.6009979248047,274.5580139160156,133.4709930419922
73.3,19.408682785135763,25.808796047680755,26.638470602674147,50.25115999030329,118.01884901939476,158.825667373943,224.6699981689453,133.6009979248047,274.9209899902344,133.4709930419922
73.35000000000001,19.55973797818127,27.468145159532018,26.63847060285611,50.35717770306472,118.2898451131767,159.20268154049816,224.9409942626953,133.6009979248047,275.2980041503906,133.4709930419922
73.4,19.70935462535035,25.808796047809093,26.638470602996556,50.44717374113358,118.56285536709964,159.56568813894853,225.21400451660156,133.6009979248047,275.6610107421875,133.4709930419922
73.45,19.848494768062807,27.46814515984539,26.638470603172664,50.549163149648706,118.83784926359381,159.94267178792646,225.48899841308594,133.6009979248047,276.0379943847656,133.4709930419922
73.5,19.98230654080084,25.808796048113265,26.638470603326283,50.63516399611731,119.11485915088593,160.30567838637722,225.76600646972656,133.6020050048828,276.4010009765625,133.4709930419922
73.55,20.12450568823235,27.468145160204795,26.638470603504658,50.73417794796922,119.3928590288192,160.68269255293313,226.04400634765625,133.6020050048828,276.77801513671875,133.4709930419922
73.60000000000001,20.269981850777274,25.80879604829127,26.638470603645164,50.81616314826758,119.67384962940703,161.0456686338067,226.3249969482422,133.6020050048828,277.1409912109375,133.4709930419922
73.65,20.416754079053835,27.46814516049831,26.638470603816756,50.910169654574,119.95685439014997,161.42268414541635,226.60800170898438,133.6020050048828,277.51800537109375,133.4720001220703
73.7,20.553157926269904,25.80879604875059,26.638470603988345,50.98917940671533,120.24085097218173,161.7856907438677,226.89199829101562,133.6020050048828,277.8810119628906,133.4720001220703
73.75,20.65561401215325,27.468145160847513,26.638470604157323,51.079160194260126,120.5278535356594,162.16267439284655,227.1790008544922,133.6020050048828,278.25799560546875,133.4720001220703
73.8,20.724590971797692,25.808796048779996,26.638470604267248,51.15516397636014,120.81485609913886,162.52568099129635,227.46600341796875,133.6020050048828,278.6210021972656,133.4720001220703
73.85000000000001,20.77945391000186,27.468145161198056,26.63847060443385,51.24314839671907,121.10385926589359,162.90266464027374,227.7550048828125,133.60299682617188,278.99798583984375,133.4720001220703
73.9,20.832157340183137,25.80879604925615,26.638470604578554,51.31715328179589,121.39286073074314,163.2656712387239,228.04400634765625,133.60299682617188,279.3609924316406,133.4720001220703
73.95,20.893862683424313,27.468145161575194,26.638470604751536,51.40417387316094,121.6828540168802,163.64268540527925,228.33399963378906,133.60299682617188,279.7380065917969,133.4720001220703
74.0,20.97262947106888,25.808796049605114,26.63847060490072,51.47718694167891,121.97284730301541,164.00569200372215,228.62399291992188,133.60299682617188,280.10101318359375,133.4720001220703
74.05,21.067166798407516,27.468145161906232,26.638470605070864,51.56216286366465,122.2648547493052,164.38267565269987,228.91600036621094,133.60299682617188,280.4779968261719,133.4720001220703
74.10000000000001,21.178118397657705,25.808796049899513,26.638470605231692,51.63216996186805,122.55886109696146,164.7466893312025,229.2100067138672,133.60299682617188,280.8420104980469,133.4720001220703
74.15,21.31909358501434,27.46814516219606,26.638470605401466,51.71415773327461,122.85386098491334,165.12367298018023,229.5050048828125,133.60400390625,281.218994140625,133.4720001220703
74.2,21.49189481844451,25.80879605020824,26.63847060554723,51.779175221535716,123.15184987651708,165.48667957862313,229.80299377441406,133.60400390625,281.5820007324219,133.4720001220703
74.25,21.685034504731878,27.468145162541674,26.638470605716645,51.85618352663092,123.45185292827982,165.863695090232,230.10299682617188,133.60400390625,281.9590148925781,133.47300720214844
74.3,21.88461838131372,25.808796050492738,26.63847060588792,51.91615037614434,123.75486196148871,166.22667117109734,230.406005859375,133.60400390625,282.3219909667969,133.47300720214844
74.35000000000001,22.07872970752462,27.46814516288827,26.638470606056945,51.988171631971575,124.05985463727545,166.60368533765268,230.71099853515625,133.60400390625,282.6990051269531,133.47300720214844
74.4,22.25271886546406,25.808796050825016,26.638470606213833,52.043179391710375,124.36785329450524,166.96669193609557,231.0189971923828,133.60400390625,283.06201171875,133.47300720214844
74.45,22.410218220007636,27.468145163210757,26.63847060637739,52.109158187272314,124.67885793317814,167.3436755850733,231.3300018310547,133.60400390625,283.4389953613281,133.47300720214844
74.5,22.568438547761616,25.808796051149287,26.638470606531804,52.16017065800628,124.99085596961075,167.7066821835162,231.64199829101562,133.60499572753906,283.802001953125,133.47300720214844
74.55,22.71272682813896,27.46814516353351,26.63847060669453,52.222151661374475,125.30585841101704,168.08366583249392,231.95700073242188,133.60499572753906,284.1789855957031,133.47300720214844
74.60000000000001,22.843946523641687,25.808796051458305,26.63847060685041,52.269163840053295,125.62185267371247,168.44667243093681,232.2729949951172,133.60499572753906,284.5419921875,133.47300720214844
74.65,22.972429928568893,27.468145163870595,26.638470607017865,52.32717757170544,125.9408529178534,168.82368659749216,232.5919952392578,133.60499572753906,284.91900634765625,133.47300720214844
74.7,23.090042009662135,25.808796051864938,26.638470607183535,52.370176702206415,126.26086024207281,169.18669319593505,232.91200256347656,133.60499572753906,285.2820129394531,133.47300720214844
74.75,23.21453084573285,27.468145164220765,26.63847060735144,52.42516920390684,126.58285120887042,169.56367684491278,233.23399353027344,133.60499572753906,285.65899658203125,133.47300720214844
74.8,23.359538366742264,25.80879605212955,26.63847060751512,52.46516236298849,126.90586451453471,169.92668344335567,233.5570068359375,133.60499572753906,286.0220031738281,133.47300720214844
74.85000000000001,23.51181919611166,27.468145164531705,26.63847060767946,52.516157113564915,127.23185483965308,170.3036683970422,233.88299560546875,133.6060028076172,286.39898681640625,133.4739990234375
74.9,23.66798645097933,25.808796052551326,26.63847060785209,52.55116066477605,127.55985776934061,170.66667499549277,234.21099853515625,133.6060028076172,286.7619934082031,133.4739990234375
74.95,23.839309698129835,27.468145164856686,26.638470608016682,52.598172846088126,127.88985960039552,171.0436891620485,234.54100036621094,133.6060028076172,287.1390075683594,133.4739990234375
75.0,24.01851908209588,25.808796052657247,26.638470608167484,52.62818678931671,128.22285215410707,171.4066957604918,234.87399291992188,133.6060028076172,287.50201416015625,133.4739990234375
75.05,24.199525764833474,27.468145165204803,26.638470608334615,52.67016358648718,128.55785886797506,171.78367940946993,235.20899963378906,133.6060028076172,287.8789978027344,133.4739990234375
75.10000000000001,24.3647670720773,25.808796052962037,26.638470608484987,52.69616448103902,128.89486448320997,172.14668600791322,235.54600524902344,133.6060028076172,288.24200439453125,133.4739990234375
75.15,24.511359080916268,27.46814516552639,26.638470608650568,52.734158747078475,129.23486082110065,172.52467673695242,235.88600158691406,133.6060028076172,288.6199951171875,133.4739990234375
75.2,24.65906686806375,25.808796053347464,26.63847060879882,52.75616434261145,129.57586568144114,172.8876833353957,236.2270050048828,133.60699462890625,288.9830017089844,133.4739990234375
75.25,24.806702553132762,27.468145165861422,26.638470608962887,52.78915374019616,129.91985982206617,173.26466698437383,236.5709991455078,133.60699462890625,289.3599853515625,133.4739990234375
75.3,24.955203418659767,25.808796053575993,26.638470609107532,52.80615197688715,130.26586812284748,173.62767358281712,236.91700744628906,133.60699462890625,289.7229919433594,133.4739990234375
75.35000000000001,25.095243097480406,27.468145166171517,26.638470609271508,52.83517410208037,130.61386006620694,174.00468774937286,237.26499938964844,133.60699462890625,290.1000061035156,133.4739990234375
75.4,25.227939096456808,25.80879605387976,26.63847060940435,52.84918162567814,130.9628590896447,174.36769434781615,237.61399841308594,133.60699462890625,290.4630126953125,133.4739990234375
75.45,25.371183684981148,27.468145166509743,26.63847060956966,52.8741576611671,131.31486409452768,174.7446793419567,237.96600341796875,133.60699462890625,290.8399963378906,133.47500610351562
75.5,25.523679110629857,25.808796054205867,26.638470609724514,52.88316031827593,131.6688680007777,175.1076859404,238.32000732421875,133.60699462890625,291.2030029296875,133.47500610351562
75.55,25.684383399656532,27.468145166838056,26.63847060988784,52.905150687314205,132.0238651567963,175.48466958937811,238.6750030517578,133.60800170898438,291.5799865722656,133.47500610351562
75.60000000000001,25.850846917450955,25.808796054523125,26.638470610043942,52.910155553923296,132.38186686578078,175.8476761878214,239.0330047607422,133.60800170898438,291.9429931640625,133.47500610351562
75.65,26.02001066484891,27.46814516716188,26.63847061020749,52.92617723223409,132.7428592974216,176.22469035437715,239.3939971923828,133.60800170898438,292.32000732421875,133.47500610351562
75.7,26.188851687897053,25.80879605483317,26.638470610356062,52.926177231843155,133.10586588921868,176.58769695282044,239.7570037841797,133.60800170898438,292.6830139160156,133.47500610351562
75.75,26.354846568006298,27.468145167499287,26.638470610519853,52.93817060258433,133.47085612359385,176.96468060179856,240.1219940185547,133.60800170898438,293.05999755859375,133.47500610351562
75.8,26.516163668729885,25.808796055139585,26.63847061067621,52.9341753132894,133.83786185831033,177.32768720024185,240.48899841308594,133.60899353027344,293.4230041503906,133.47500610351562
75.85000000000001,26.67215069208169,27.46814516783711,26.638470610842774,52.94116381668984,134.20785697549786,177.70467084921998,240.85899353027344,133.60899353027344,293.79998779296875,133.47500610351562
75.9,26.81298342307917,25.808796055460938,26.638470611000894,52.93216115958581,134.57986625284164,178.06767744766327,241.2310028076172,133.60899353027344,294.1629943847656,133.47500610351562
75.95,26.918103701715083,27.468145168166707,26.63847061116659,52.93617420864349,134.95286735147496,178.444691614219,241.60400390625,133.60899353027344,294.5400085449219,133.47500610351562
76.0,26.988915704995883,25.808796055749667,26.63847061132097,52.925187915318574,135.32686027139897,178.8076982126623,241.97799682617188,133.60899353027344,294.90301513671875,133.47500610351562
76.05,27.046190451870114,27.46814516850442,26.638470611487605,52.9261670341669,135.70286870013692,179.18468186164043,242.35400390625,133.61000061035156,295.2799987792969,133.47500610351562
76.10000000000001,27.102927882659593,25.80879605606731,26.638470611642028,52.91317932544158,136.07886052143044,179.5476898150283,242.72999572753906,133.61000061035156,295.64300537109375,133.4759979248047
76.15,27.171398365254486,27.468145168836756,26.638470611809517,52.91417114392735,136.455859422801,179.9256805440675,243.10699462890625,133.61000061035156,296.02099609375,133.4759979248047
76.2,27.26049912434776,25.80879605638344,26.63847061196454,52.89917180200029,136.83386540424794,180.28868714251078,243.48500061035156,133.61000061035156,296.3840026855469,133.4759979248047
76.25,27.374870176878797,27.46814516917078,26.638470612131687,52.89715764868765,137.21286320698258,180.6656707914889,243.86399841308594,133.61000061035156,296.760986328125,133.4759979248047
76.3,27.515450517646936,25.80879605670807,26.638470612288536,52.87816303965531,137.59486827872524,181.0286773899322,244.24600219726562,133.61099243164062,297.1239929199219,133.4759979248047
76.35000000000001,27.680295225265343,27.468145169507128,26.638470612455535,52.87218161422613,137.97786388419502,181.40569155648794,244.62899780273438,133.61099243164062,297.5010070800781,133.4759979248047
76.4,27.85172660605597,25.808796057025255,26.63847061261196,52.849186693714984,138.36386547111113,181.76869815493123,245.01499938964844,133.61099243164062,297.864013671875,133.4759979248047
76.45,28.0207461570487,27.468145169838888,26.63847061277918,52.83816988435496,138.75186595939468,182.14568180390935,245.4029998779297,133.61099243164062,298.2409973144531,133.4759979248047
76.5,28.209386615434436,25.808796057323804,26.63847061293659,52.810170097474824,139.1428724291235,182.50868840235265,245.79400634765625,133.61099243164062,298.60400390625,133.4759979248047
76.55,28.422291423924804,27.468145170191907,26.63847061310534,52.79315918842983,139.53687090858568,182.88567205133077,246.18800354003906,133.61199951171875,298.9809875488281,133.4759979248047
76.60000000000001,28.64660658534192,25.808796057650003,26.63847061326361,52.7601697956275,139.9328670023394,183.24867864977406,246.58399963378906,133.61199951171875,299.343994140625,133.4759979248047
76.65,28.87124621592537,27.468145170514877,26.638470613431423,52.737190136086305,140.33286089882762,183.6256928163298,246.98399353027344,133.61199951171875,299.72100830078125,133.4759979248047
76.7,29.086348332756067,25.80879605797257,26.63847061359034,52.6971943931907,140.73586077676006,183.98870081172888,247.38699340820312,133.61199951171875,300.0840148925781,133.4770050048828
76.75,29.284455975029754,27.468145170845357,26.638470613757796,52.66916409011153,141.14087481484742,184.365684460707,247.79200744628906,133.61199951171875,300.46099853515625,133.4770050048828
76.80000000000001,29.461576279179205,25.808796058279388,26.638470613914926,52.623176843776264,141.5498726367533,184.7286910591503,248.2010040283203,133.61300659179688,300.8240051269531,133.4770050048828
76.85000000000001,29.606870539378004,27.4681451711889,26.638470614083104,52.590172193730474,141.95986104007366,185.10567470812842,248.61099243164062,133.61300659179688,301.20098876953125,133.4770050048828
76.9,29.698204714592613,25.80879605859789,26.63847061424037,52.54117638563223,142.37186360355173,185.4686813065717,249.0229949951172,133.61300659179688,301.5639953613281,133.4770050048828
76.95,29.73557192068479,27.46814517152529,26.63847061440901,52.50518102329326,142.78487324711233,185.84569547312745,249.43600463867188,133.61300659179688,301.9410095214844,133.4770050048828
77.0,29.750475454343597,25.808796058930906,26.638470614569723,52.455162880290096,143.1978676318884,186.20867155399318,249.8489990234375,133.61300659179688,302.3039855957031,133.4770050048828
77.05000000000001,29.772938918491345,27.46814517186962,26.638470614737493,52.419185359737895,143.61086320761083,186.58568572054892,250.26199340820312,133.61399841308594,302.6809997558594,133.4770050048828
77.10000000000001,29.81995682586467,25.8087960592351,26.638470614896,52.36819066060405,144.02486467246243,186.94869231899222,250.67599487304688,133.61399841308594,303.04400634765625,133.4770050048828
77.15,29.903511166929714,27.468145172202966,26.638470615064808,52.33016588884163,144.43987321738754,187.32567596797034,251.09100341796875,133.61399841308594,303.4209899902344,133.4770050048828
77.2,30.028576704805204,25.808796059557338,26.63847061522328,52.27817937243295,144.8558735835988,187.68968964647337,251.5070037841797,133.61399841308594,303.7850036621094,133.4770050048828
77.25,30.18359034901662,27.468145172540247,26.63847061539277,52.23617207088041,145.27486467246632,188.0666732954515,251.92599487304688,133.61399841308594,304.1619873046875,133.4770050048828
77.30000000000001,30.345556302616057,25.808796059878308,26.638470615552666,52.17918072962029,145.69486404881002,188.42968124883936,252.3459930419922,133.61500549316406,304.5249938964844,133.47799682617188
77.35000000000001,30.505719838647547,27.468145172906084,26.638470615724383,52.133190898463106,146.11786819920263,188.8066954153951,252.7689971923828,133.61500549316406,304.9020080566406,133.47799682617188
77.4,30.664262908772024,25.808796060225706,26.638470615887165,52.07119465246688,146.5428712509623,189.1697020138384,253.19400024414062,133.61500549316406,305.2650146484375,133.47799682617188
77.45,30.815173916295155,27.468145173250846,26.63847061605972,52.02117651562924,146.96987320408863,189.54668566281651,253.62100219726562,133.61500549316406,305.6419982910156,133.47799682617188
77.5,30.954854832138285,25.808796060544797,26.63847061622111,51.95518248171629,147.39887405858144,189.9096922612598,254.0500030517578,133.61500549316406,306.0050048828125,133.47799682617188
77.55000000000001,31.081359015046214,27.46814517358706,26.63847061639286,51.90116655684662,147.82987381444096,190.28667591023793,254.4810028076172,133.61500549316406,306.3819885253906,133.47799682617188
77.60000000000001,31.195946447964314,25.808796060855112,26.638470616554862,51.83117736645516,148.26287360759272,190.64968250868122,254.91400146484375,133.61599731445312,306.7449951171875,133.47799682617188
77.65,31.302362788962107,27.468145173941252,26.63847061672869,51.7741859919306,148.69687934489755,191.02669667523696,255.34800720214844,133.61599731445312,307.12200927734375,133.47799682617188
77.7,31.404820601214812,25.80879606118158,26.638470616891112,51.701172945595495,149.13286872478068,191.3896727561027,255.78399658203125,133.61599731445312,307.4849853515625,133.47799682617188
77.75,31.507491261272964,27.468145174269253,26.638470617064012,51.641175601375345,149.56988044353108,191.76668692265844,256.22100830078125,133.61599731445312,307.86199951171875,133.47799682617188
77.80000000000001,31.61495126763816,25.808796061490245,26.638470617225202,51.566194179640966,150.00786872478136,192.12969352110173,256.65899658203125,133.61599731445312,308.2250061035156,133.47799682617188
77.85000000000001,31.641483234706016,27.468145174593584,26.638470617393956,51.50317831542406,150.44787231869228,192.50667717007985,257.0989990234375,133.61700439453125,308.60198974609375,133.47799682617188
77.9,31.614484252930932,25.808796061795185,26.638470617550905,51.42718711039641,150.88686768002617,192.86968516547893,257.5379943847656,133.61700439453125,308.9649963378906,133.47900390625
77.95,31.587481779615274,27.468145174936605,26.63847061771948,51.365206133027364,151.32586304136265,193.24669933203467,257.97698974609375,133.61700439453125,309.3420104980469,133.47900390625
78.0,31.560520482274015,25.808796062121946,26.638470617877193,51.28918712027911,151.7648584026989,193.6096754129004,258.4159851074219,133.61700439453125,309.7049865722656,133.47900390625
78.05000000000001,31.533590105025116,27.468145175288672,26.638470618047354,51.228182703067425,152.2028772015334,193.98668957945614,258.85400390625,133.61700439453125,310.0820007324219,133.47900390625
78.10000000000001,31.506697461902334,25.808796062434347,26.638470618205275,51.154211047380585,152.6398595282828,194.34969617789943,259.2909851074219,133.6179962158203,310.44500732421875,133.47900390625
78.15,31.47980483822978,27.468145175619618,26.638470618373113,51.09317611707822,153.07787832711415,194.72667982687756,259.72900390625,133.6179962158203,310.8219909667969,133.47900390625
78.2,31.45294999589466,25.808796062764774,26.638470618531432,51.02020885777548,153.5148595282882,195.09069350538059,260.1659851074219,133.6179962158203,311.1860046386719,133.47900390625
78.25,31.426129499150555,27.46814517595242,26.63847061869975,50.9611880813252,153.95086416696148,195.4676771543587,260.60198974609375,133.6179962158203,311.56298828125,133.47900390625
78.30000000000001,31.399346778232164,25.80879606308543,26.63847061885927,50.88718322964481,154.38787588571236,195.830683752802,261.03900146484375,133.6179962158203,311.9259948730469,133.47900390625
78.35000000000001,31.84336947401626,27.468145176303132,26.638470619030226,50.82621210065852,154.8258653247695,196.20769791935774,261.47698974609375,133.61900329589844,312.3030090332031,133.47900390625
78.4,32.98568690766058,25.808796063381862,26.638470619188894,50.73816922203756,155.2768846121168,196.57067400022348,261.9280090332031,133.61900329589844,312.6659851074219,133.47900390625
78.45,34.04124382632744,27.468145176638508,26.63847061935909,50.648203745346464,155.74386459300658,196.94768816677922,262.3949890136719,133.61900329589844,313.0429992675781,133.47900390625
78.5,34.989375640984385,25.808796063721925,26.638470619519087,50.53018998409323,156.2248826597956,197.31069612016708,262.8760070800781,133.61900329589844,313.406005859375,133.47999572753906
78.55000000000001,35.793295231346484,27.468145176978112,26.63847061968803,50.41419311015355,156.7178636170677,197.6876797691452,263.3689880371094,133.61900329589844,313.7829895019531,133.47999572753906
78.60000000000001,36.406808306163875,25.808796064038248,26.63847061984842,50.27518607126295,157.21987777732275,198.0506863675885,263.8710021972656,133.61900329589844,314.14599609375,133.47999572753906
78.65,36.87769131641284,27.46814517731202,26.63847062001766,50.142193735444735,157.72988850736664,198.42770053414424,264.3810119628906,133.6199951171875,314.52301025390625,133.47999572753906
78.7,37.19053221253977,25.808796064351128,26.6384706201763,49.990186272594514,158.2448726382267,198.79067661500997,264.89599609375,133.6199951171875,314.885986328125,133.47999572753906
78.75,37.34605516333908,27.468145177626003,26.638470620343657,49.849198455100165,158.76287898830313,199.1676907815657,265.41400146484375,133.62100219726562,315.26300048828125,133.47999572753906
78.80000000000001,37.385654465007015,25.80879606463425,26.638470620498538,49.693193221264266,159.2818914395466,199.530697380009,265.9330139160156,133.62100219726562,315.6260070800781,133.47999572753906
78.85000000000001,37.359372884356326,27.468145177965113,26.63847062066473,49.55119833628245,159.80087432097486,199.90768102898713,266.4519958496094,133.6219940185547,316.00299072265625,133.47999572753906
78.9,37.31293431613677,25.808796064980285,26.638470620824574,49.39519311897025,160.31988677226056,200.27068762743042,266.97100830078125,133.6219940185547,316.3659973144531,133.47999572753906
78.95,37.29277339670847,27.468145178299405,26.63847062099066,49.25420249267775,160.83789214344702,200.64770179398616,267.489013671875,133.6219940185547,316.7430114746094,133.47999572753906
79.0,37.33093264611206,25.808796065275136,26.638470621145984,49.09920728193646,161.35586797603864,201.0106778748519,268.0069885253906,133.6230010986328,317.1059875488281,133.47999572753906
79.05000000000001,37.44901065923541,27.468145178625704,26.638470621310745,48.95720959536903,161.87488042723382,201.38769204140763,268.5260009765625,133.6230010986328,317.4830017089844,133.47999572753906
79.10000000000001,37.65240801219107,25.808796065589245,26.63847062146585,48.79821364870487,162.3968845433117,201.7507000368067,269.0480041503906,133.62399291992188,317.84600830078125,133.4810028076172
79.15,37.920607768421256,27.468145178948053,26.638470621629455,48.650204032593905,162.9218784397961,202.12768368578483,269.572998046875,133.62399291992188,318.2229919433594,133.4810028076172
79.2,38.22408759605051,25.808796065898413,26.638470621784187,48.48522671984801,163.4508701390184,202.49169736428786,270.10198974609375,133.62399291992188,318.5870056152344,133.4810028076172
79.25,38.533689055742876,27.468145179280178,26.6384706219496,48.32821745605104,163.9848676706975,202.86868101326598,270.635986328125,133.625,318.9639892578125,133.4810028076172
79.30000000000001,38.82636826385689,25.808796066211848,26.638470622107366,48.153199924799395,164.52289257304864,203.23168761170928,271.17401123046875,133.625,319.3269958496094,133.4810028076172
79.35000000000001,39.078727700389024,27.46814517963105,26.638470622273964,47.989229713658204,165.06387768047458,203.60870177826502,271.7149963378906,133.625,319.7040100097656,133.4810028076172
79.4,39.276007841013936,25.80879606651435,26.638470622427366,47.808203301745806,165.6078849602985,203.97167785913075,272.2590026855469,133.62600708007812,320.0669860839844,133.4810028076172
79.45,39.40956718985252,27.468145179968296,26.63847062259426,47.638221176700284,166.15488203061125,204.3486920256865,272.8059997558594,133.62600708007812,320.4440002441406,133.4810028076172
79.5,39.477967168617944,25.808796066816488,26.638470622748393,47.453224477998404,166.7028861810056,204.71169862412978,273.35400390625,133.62600708007812,320.8070068359375,133.4810028076172
79.55000000000001,39.490206247228016,27.468145180290325,26.638470622914856,47.28120074878598,167.25189830737582,205.0886822731079,273.90301513671875,133.6269989013672,321.1839904785156,133.4810028076172
79.60000000000001,39.46320681395086,25.808796067223835,26.638470623078312,47.09623459256481,167.7998719402044,205.4516888715512,274.45098876953125,133.6269989013672,321.5469970703125,133.4810028076172
79.65,39.41352736592101,27.46814518064342,26.638470623247848,46.925245427324136,168.34787609061476,205.82870303810694,274.9989929199219,133.6269989013672,321.92401123046875,133.4810028076172
79.7,39.356644946373834,25.80879606746372,26.63847062340438,46.74122537258961,168.89487408801637,206.19168047403116,275.5459899902344,133.6280059814453,322.2869873046875,133.48199462890625
79.75,39.30768641042416,27.468145180946557,26.63847062357102,46.57221985294334,169.4408945958441,206.5686946405869,276.0920104980469,133.6280059814453,322.66400146484375,133.48199462890625
79.80000000000001,39.27348393477441,25.808796067788066,26.638470623728644,46.390244431992826,169.9858775060098,206.9317012390302,276.6369934082031,133.6280059814453,323.0270080566406,133.48199462890625
79.85000000000001,39.24864393982437,27.468145181278548,26.63847062389339,46.22121155129172,170.53189891462603,207.30868488800832,277.1830139160156,133.62899780273438,323.40399169921875,133.48199462890625
79.9,39.214084555657045,25.808796068068297,26.63847062404879,46.03923615649575,171.0768818247855,207.6716914864516,277.7279968261719,133.62899780273438,323.7669982910156,133.48199462890625
79.95,39.17916132745234,27.46814518162281,26.63847062421424,45.87224482377635,171.62088817244387,208.04870565300735,278.2720031738281,133.62899780273438,324.1440124511719,133.48199462890625
80.0,39.14460206220502,25.80879606838316,26.638470624370903,45.69121548315147,172.1648945201014,208.41168173387308,278.8160095214844,133.62899780273438,324.5069885253906,133.48199462890625
80.05000000000001,39.11004285256341,27.46814518193544,26.638470624535415,45.52523450140027,172.7078947215762,208.78869590042882,279.3590087890625,133.6300048828125,324.8840026855469,133.48199462890625
80.10000000000001,39.07512320625064,25.8087960686901,26.638470624682043,45.34524278024386,173.2508939891548,209.1517024988721,279.9020080566406,133.6300048828125,325.24700927734375,133.48199462890625
80.15,39.04056065648438,27.468145182303445,26.638470624848043,45.18023511797377,173.79288617665512,209.52868614785024,280.4440002441406,133.6300048828125,325.6239929199219,133.48199462890625
80.2,39.00600157748913,25.8087960690764,26.638470625009308,45.001250486119524,174.33487836415526,209.89169274629353,280.9859924316406,133.6300048828125,325.98699951171875,133.48199462890625
80.25,38.971442534138056,27.468145182623818,26.63847062517703,44.837219394595735,174.87690106923353,210.26968347533273,281.52801513671875,133.6300048828125,326.364990234375,133.48199462890625
80.30000000000001,38.937240574525276,25.808796069398827,26.63847062533811,44.65923852580395,175.41788617665546,210.6326914707318,282.0690002441406,133.6300048828125,326.7279968261719,133.48300170898438
80.35000000000001,38.902681581563414,27.46814518297015,26.638470625507267,44.49624831548579,175.95789563240427,211.00970563728754,282.6090087890625,133.63099670410156,327.1050109863281,133.48300170898438
80.4,37.113121857845755,25.808796069706037,26.63847062567104,44.33322431767049,176.48389660920287,211.37268171815327,283.135009765625,133.63099670410156,327.4679870605469,133.48300170898438
80.45,35.571204053982726,27.468145183304486,26.63847062583921,44.2082555337773,176.9858802525055,211.749695884709,283.6369934082031,133.63099670410156,327.8450012207031,133.48300170898438
80.5,34.17962383115994,25.808796070013337,26.638470626002224,44.089268164740744,177.4678748821535,212.1127024831523,284.1189880371094,133.63099670410156,328.2080078125,133.48300170898438
80.55000000000001,32.92797577030957,27.468145183622273,26.638470626170907,44.00223252344759,177.93189465809158,212.48968613213043,284.5830078125,133.63099670410156,328.5849914550781,133.48300170898438
80.60000000000001,31.976567741471413,25.808796070256086,26.63847062632751,43.916234475322206,178.38089978530402,212.85269273057372,285.0320129394531,133.63099670410156,328.947998046875,133.48300170898438
80.65,31.343581687405436,27.468145183945683,26.63847062649174,43.85425362682983,178.81989514667734,213.22970689712946,285.47100830078125,133.63099670410156,329.32501220703125,133.48300170898438
80.7,30.995680265605152,25.80879607059587,26.638470626643688,43.785223258565935,179.25190198262112,213.5926829779952,285.90301513671875,133.63099670410156,329.68798828125,133.48300170898438
80.75,30.891245489238518,27.468145184285092,26.638470626809816,43.73324877543634,179.68088872497765,213.96969714455093,286.3320007324219,133.6300048828125,330.06500244140625,133.48300170898438
80.80000000000001,30.963748242194562,25.808796070884206,26.638470626958355,43.666263070236404,180.11088140099935,214.33270374299423,286.7619934082031,133.6300048828125,330.4280090332031,133.48300170898438
80.85000000000001,31.116533100240307,27.468145184613046,26.638470627122643,43.61224726381651,180.5418811571885,214.70968739197235,287.1929931640625,133.6300048828125,330.80499267578125,133.48300170898438
80.9,31.253871652575235,25.8087960712073,26.638470627272774,43.54122992606394,180.97590215360086,215.07269534536022,287.62701416015625,133.6300048828125,331.1679992675781,133.48399353027344
80.95,31.291959024717038,27.468145184956736,26.638470627437993,43.48425392892119,181.4098926323423,215.44970951191596,288.0610046386719,133.6300048828125,331.5450134277344,133.48399353027344
81.0,31.17067269209165,25.808796071518778,26.63847062758854,43.4132365498664,181.84388427943517,215.8126855927817,288.4949951171875,133.62899780273438,331.9079895019531,133.48399353027344
81.05000000000001,30.865571553993696,27.468145185301236,26.638470627756437,43.36025833054394,182.27387695523882,216.18969975933743,288.92498779296875,133.62899780273438,332.2850036621094,133.48399353027344
81.10000000000001,30.377160282105496,25.808796071841297,26.638470627914955,43.298246958643425,182.6988952657867,216.55270635778072,289.3500061035156,133.62899780273438,332.64801025390625,133.48399353027344
81.15,29.747447802944965,27.46814518562949,26.638470628083336,43.25823863865267,183.11588745332088,216.92969000675885,289.7669982910156,133.62899780273438,333.0249938964844,133.48399353027344
81.2,29.03687947775491,25.808796072168086,26.63847062824056,43.21423253805563,183.52290039285822,217.29269660520214,290.17401123046875,133.62899780273438,333.38800048828125,133.48399353027344
81.25,28.304424383026156,27.46814518596693,26.638470628408744,43.19326708028902,183.92088012929594,217.66971077175788,290.5719909667969,133.62899780273438,333.7650146484375,133.48399353027344
81.30000000000001,27.600300300548913,25.808796072479197,26.63847062856824,43.16921936391446,184.3079040551777,218.0326868526236,290.9590148925781,133.62899780273438,334.12799072265625,133.48399353027344
81.35000000000001,26.976421041010227,27.468145186309187,26.638470628737856,43.168242807231834,184.68589477789692,218.40970101917935,291.3370056152344,133.62899780273438,334.5050048828125,133.48399353027344
81.4,26.473643704214794,25.80879607279466,26.63847062889659,43.16125432092206,185.05588989510528,218.77270761762264,291.7070007324219,133.62899780273438,334.8680114746094,133.48399353027344
81.45,26.124012303970648,27.468145186662326,26.63847062906715,43.173247661787954,185.42088012948045,219.14969126660077,292.0719909667969,133.62899780273438,335.2449951171875,133.48399353027344
81.5,25.938829036668007,25.808796073136435,26.638470629228912,43.1752279223231,185.78190307871589,219.51269926199984,292.4330139160156,133.62899780273438,335.6080017089844,133.48500061035156
81.55000000000001,25.907291288057536,27.468145186992725,26.638470629398064,43.19222611921075,186.14188843034606,219.88968291097797,292.7929992675781,133.62899780273438,335.9849853515625,133.48500061035156
81.60000000000001,26.016732217873983,25.808796073452086,26.63847062955914,43.195213529957506,186.5019056658204,220.25268950942126,293.15301513671875,133.6280059814453,336.3479919433594,133.48500061035156
81.65,26.22095951241799,27.46814518733696,26.638470629729888,43.20925153942153,186.86488174023194,220.629703675977,293.5159912109375,133.6280059814453,336.7250061035156,133.48500061035156
81.7,26.445709056439046,25.80879607378555,26.638470629891636,43.20626083282343,187.23087905488606,220.9927102744203,293.8819885253906,133.6280059814453,337.0880126953125,133.48500061035156
81.75,26.634275949773837,27.46814518768306,26.638470630063246,43.214225877566875,187.59989760973602,221.36969392339842,294.2510070800781,133.6280059814453,337.4649963378906,133.48500061035156
81.80000000000001,26.739685022543068,25.80879607410875,26.638470630226198,43.2062336096591,187.97090113284278,221.7327005218417,294.62200927734375,133.62899780273438,337.8280029296875,133.48500061035156
81.85000000000001,26.72416897994362,27.46814518802111,26.638470630397393,43.21221502222474,188.34190333014416,222.10968417081983,294.9930114746094,133.62899780273438,338.2049865722656,133.48500061035156
81.9,26.57476906814307,25.808796074428866,26.63847063056081,43.20421946072515,188.7129055274122,222.47269076926312,295.364013671875,133.62899780273438,338.5679931640625,133.48500061035156
81.95,26.31211375880873,27.46814518838853,26.638470630733433,43.214259688601196,189.07987940437175,222.84970493581886,295.7309875488281,133.62899780273438,338.94500732421875,133.48500061035156
82.0,25.96359847764431,25.808796074766978,26.63847063089649,43.21526676262342,189.441878916123,223.21271153426216,296.0929870605469,133.62899780273438,339.3080139160156,133.48500061035156
82.05000000000001,25.560831240941713,27.181975564957384,26.609853668692956,43.24322293777253,189.79890406266617,223.59794935011715,296.45001220703125,133.62899780273438,339.6929931640625,133.48500061035156
82.10000000000001,25.14690252094638,26.55377761975787,26.68435182332353,43.26824497782755,190.15089380882992,223.9749764642398,296.802001953125,133.62899780273438,340.07000732421875,133.48599243164062
82.15,24.763538091413814,26.64280333516635,26.601817638106468,43.298247882514566,190.49690210966926,224.35108522650012,297.14801025390625,133.62899780273438,340.4460144042969,133.48599243164062
82.2,24.444615367431027,26.647283889993034,26.685666419727216,43.33124904384846,190.8379070147645,224.7252615323493,297.489013671875,133.6300048828125,340.82000732421875,133.48599243164062
82.25,24.21590761738654,26.630374087331013,26.601889309692012,43.36428228305471,191.17588919250798,225.09649971064502,297.8269958496094,133.6300048828125,341.1910095214844,133.48599243164062
82.30000000000001,24.09221037123477,26.66095740771564,26.6871054430527,43.39930379987866,191.51088064758613,225.46674707851983,298.1619873046875,133.6300048828125,341.5610046386719,133.48599243164062
82.35000000000001,24.077919888791495,26.58796919052056,26.59908784330264,43.43429824723669,191.8448955401755,225.83597141365556,298.4960021972656,133.6300048828125,341.92999267578125,133.48599243164062
82.4,24.1740764413979,26.557671142272763,26.673975350087026,43.46533625233809,192.1798869952932,226.2023373537137,298.83099365234375,133.6300048828125,342.2959899902344,133.48599243164062
82.45,24.355371973974602,26.386833764731907,26.56584420772137,43.48737443267803,192.51789969068028,226.56266949474227,299.16900634765625,133.6300048828125,342.656005859375,133.48599243164062
82.5,24.56600964889544,27.36591831108942,26.721556431353616,43.51538142115899,192.85789602866433,226.93075311706778,299.5090026855469,133.6300048828125,343.02398681640625,133.48599243164062
82.55000000000001,24.743453105585548,25.865073435127627,26.589866218370638,43.5304085636435,193.19990796491757,227.28779458609026,299.85101318359375,133.63099670410156,343.3810119628906,133.48599243164062
82.60000000000001,24.812286489346224,27.439704154882726,26.67845887188313,43.55837501874823,193.5449091856631,227.6608201958056,300.1960144042969,133.63099670410156,343.7539978027344,133.48699951171875
82.65,24.733770663237173,26.405290658393735,26.65470760420586,43.57134860227493,193.888903326295,228.0179712999219,300.5400085449219,133.63099670410156,344.1109924316406,133.48699951171875
82.7,24.52820972342577,8.049211195304576,24.794900334737015,43.37824316066078,194.23088330676651,228.17792234332964,300.8819885253906,133.63099670410156,344.260009765625,133.5449981689453
82.75,24.22789838128132,5.591468833901188,22.691009809394032,43.06721934853133,194.56889750235788,228.2216398583475,301.2200012207031,133.6320037841797,344.2869873046875,133.572998046875
82.80000000000001,23.8689782591015,4.943457810570702,20.519259849679536,42.763256928145026,194.90288187741507,228.25743977258233,301.5539855957031,133.6320037841797,344.3169860839844,133.58799743652344
82.85000000000001,23.485290753194118,4.879492003711476,18.34841213099863,42.46629300892271,195.2308848071762,228.29324735469947,301.8819885253906,133.6320037841797,344.3479919433594,133.6009979248047
82.9,23.12564955609601,6.673358709484188,16.359980887719768,42.24531714999839,195.55388285411863,228.41871932209267,302.2049865722656,133.6320037841797,344.45001220703125,133.6739959716797
82.95,22.83905360062307,4.177491291810085,14.139046640427589,41.882412643965814,195.87288464015728,228.47071581852666,302.52398681640625,133.63299560546875,344.406005859375,133.6929931640625
83.0,22.582517548623652,4.130448599664291,11.815499669285074,41.604462711352035,196.187887081579,228.51113897042953,302.8389892578125,133.63299560546875,344.4429931640625,133.68899536132812
83.05000000000001,22.341460277242426,3.9525263029214392,9.624244956064455,41.332531483308294,196.4998988003342,228.55384944102977,303.1510009765625,133.63299560546875,344.4830017089844,133.68800354003906
83.10000000000001,22.128737440673593,3.9201598759642597,7.27229052817261,41.064605257625104,196.8079127163505,228.59651876952498,303.4590148925781,133.63299560546875,344.52301025390625,133.68800354003906
83.15,21.943516505600776,3.897937193097766,5.021555181643012,40.800683619952544,197.11391247221,228.6410784209268,303.7650146484375,133.63299560546875,344.56500244140625,133.68800354003906
83.2,21.783136704349,4.458078958387976,4.662441957951351,40.532817262693634,197.41689266156513,228.6807509441697,304.0679931640625,133.63400268554688,344.6000061035156,133.69900512695312
83.25,21.642341768048095,4.230239440640466,4.526319018625279,40.27094282563063,197.71889461469422,228.7252046922533,304.3699951171875,133.63400268554688,344.6400146484375,133.71200561523438
83.30000000000001,21.510904092524182,4.0952589454276005,4.44149913211097,40.01203932056319,198.01790584516857,228.76944898123782,304.66900634765625,133.63400268554688,344.67999267578125,133.7239990234375
83.35000000000001,21.378065655542695,3.9024048012633106,4.343790411866153,39.75718230115987,198.31590999556482,228.8169230551606,304.9670104980469,133.63400268554688,344.7229919433594,133.73699951171875
83.4,21.23507344133804,3.941124853214017,4.070567026239135,39.503376740853454,198.610892905725,228.86241978403416,305.2619934082031,133.63400268554688,344.7640075683594,133.7480010986328
83.45,21.07627634430607,3.816189249756624,4.034436822033789,39.25356026227412,198.9049009263176,228.91140540535812,305.5559997558594,133.63499450683594,344.8080139160156,133.76100158691406
83.5,20.899841004839622,3.700013868531132,3.991393348920473,39.007761386211676,199.19588603373998,228.9612755810357,305.84698486328125,133.63499450683594,344.8529968261719,133.7729949951172
83.55000000000001,20.708356088120684,3.394710160491611,3.93561173467749,38.765988511374765,199.48488749858373,229.01359003402288,306.135986328125,133.63499450683594,344.8999938964844,133.78599548339844
83.60000000000001,20.50553292613432,9.076062525521145,4.451201999633179,38.61052497645938,199.77089824077154,229.15488811156786,306.4219970703125,133.63499450683594,345.0299987792969,133.82899475097656
83.65,20.295977116227608,2.654814301289301,4.326889710452332,38.38265807582992,200.05388774272538,229.21096504840736,306.7049865722656,133.63499450683594,345.0849914550781,133.82899475097656
83.7,20.086277223744826,2.962622818356615,4.177344096449195,38.07190960917929,200.33388833311514,229.24950262257084,306.9849853515625,133.63600158691406,345.0539855957031,133.84800720214844
83.75,19.882408636072796,3.155948897094563,4.069915042094605,37.84127937119396,200.61190346983466,229.30351783495206,307.26300048828125,133.63600158691406,345.10101318359375,133.85899353027344
83.80000000000001,19.688583950435817,2.69500916123893,3.9298900636757375,37.62781257542165,200.88589028624128,229.3740574052898,307.5369873046875,133.63600158691406,345.1610107421875,133.8800048828125
83.85000000000001,19.506892283475576,2.636234336848303,3.803273017234237,37.44259017846071,201.15789346006946,229.47790802786255,307.8089904785156,133.63600158691406,345.24700927734375,133.9290008544922
83.9,19.336576639979207,13.454163700782399,4.754576901991075,37.37874630612308,201.4269059112414,229.6949723046586,308.0780029296875,133.63600158691406,345.45098876953125,133.94500732421875
83.95,19.175908363613193,16.594088692178346,6.032366846233247,37.40104330247875,201.6949112823354,230.0075655377511,308.34600830078125,133.63600158691406,345.739990234375,133.88600158691406
84.0,19.022259320276618,24.595594871725442,8.121924946552678,37.52148287378905,201.95989726935574,230.42356476862383,308.6109924316406,133.63699340820312,346.12298583984375,133.80999755859375
84.05000000000001,18.871276194447265,25.40407636750268,10.322861567253785,37.646825141487895,202.22289775763778,230.85755317198695,308.8739929199219,133.63699340820312,346.5069885253906,133.73899841308594
84.10000000000001,18.718564463472447,24.809575470069937,11.896212861708666,37.74475363832063,202.4829075232636,231.2827654214895,309.1340026855469,133.63699340820312,346.8580017089844,133.6909942626953
84.15,18.560883135600065,25.80539162106767,14.211270593686502,37.839586422959066,202.74191020881102,231.72341058684844,309.39300537109375,133.63699340820312,347.2019958496094,133.64199829101562
84.2,18.39629070246798,24.983638611783128,16.413372173029153,37.89578361022676,202.99889873420187,232.14836355652432,309.6499938964844,133.63699340820312,347.50201416015625,133.60899353027344
84.25,18.22467905144145,25.37982090184655,18.635759373504353,37.89740347204779,203.25289653693628,232.5463605918562,309.90399169921875,133.63699340820312,347.7409973144531,133.59100341796875
84.30000000000001,18.047594818021693,25.201004032510607,20.88635886063152,37.86791488605038,203.5039056372885,232.92498788726644,310.1549987792969,133.63800048828125,347.9429931640625,133.5780029296875
84.35000000000001,17.866879348258497,25.185077740983434,23.141243201045036,37.826178896951326,203.75289858694708,233.29406091341446,310.40399169921875,133.63800048828125,348.12799072265625,133.57000732421875
84.4,17.69223954793724,25.217696902216826,24.317596521188474,37.78205124968354,203.9999078932213,233.65790653755505,310.6510009765625,133.63800048828125,348.3059997558594,133.56399536132812
84.45,17.515047947494672,25.13501534849723,25.171689186820362,37.73843379173404,204.24389593610078,234.01689781190075,310.8949890136719,133.63800048828125,348.47900390625,133.56100463867188
84.5,17.320467795547184,25.107552720384223,25.222884971686238,37.70035344223921,204.48590033112515,234.3750989788301,311.1369934082031,133.63800048828125,348.65301513671875,133.55799865722656
84.55000000000001,17.115771728479736,25.07668124349686,25.190145459285656,37.669891215740215,204.72491400304324,234.73415082624155,311.3760070800781,133.63800048828125,348.8290100097656,133.55299377441406
84.60000000000001,16.90668294383361,25.02507186817892,25.211695099096556,37.64722174843541,204.96090643511053,235.09523595032184,311.61199951171875,133.63800048828125,349.0069885253906,133.5489959716797
84.65,16.699178620172546,25.033737748574573,25.13452971184725,37.630739777039935,205.19391032115814,235.45978761853465,311.8450012207031,133.63900756835938,349.18499755859375,133.5469970703125
84.7,16.498442854185964,25.11692357436681,25.147858208105617,37.616697149054104,205.4239213082,235.826899776003,312.07501220703125,133.63900756835938,349.3590087890625,133.54600524902344
84.75,16.30807542549229,25.06603934782891,25.116480052703853,37.60086102838999,205.65191813499231,236.19266584081794,312.3030090332031,133.63900756835938,349.5260009765625,133.54600524902344
84.80000000000001,16.137758050490003,25.05436856259887,25.101816505712677,37.58729676380285,205.87692423900992,236.55877236947512,312.52801513671875,133.63900756835938,349.6889953613281,133.5469970703125
84.85000000000001,15.973670286979818,25.04310270198385,25.087619001812715,37.57313730690841,206.09991618274415,236.924360380548,312.7510070800781,133.63900756835938,349.84600830078125,133.5500030517578
84.9,15.794642816183906,25.032195169932947,25.069068828584328,37.561339243314514,206.31991740370844,237.29029143065222,312.97100830078125,133.63900756835938,349.9989929199219,133.55499267578125
84.95,15.603950909672756,25.02166236366519,25.05773353010112,37.55007184775439,206.53790446442144,237.65616357017294,313.1889953613281,133.63900756835938,350.1470031738281,133.55999755859375
85.0,15.404186787242097,25.011530253631626,25.04813128342586,37.539330004263945,206.75290080240973,238.02160308679638,313.40399169921875,133.63900756835938,350.28900146484375,133.56700134277344
85.05000000000001,15.215257958701033,25.001727636373083,25.040635922713484,37.53016480096672,206.96490873769937,238.38704180947752,313.6159973144531,133.63999938964844,350.4259948730469,133.5760040283203
85.10000000000001,15.035006620539056,25.80965008498224,25.119093744393815,37.47638374835591,207.17490019281558,238.8109105399351,313.82598876953125,133.63999938964844,350.49700927734375,133.4929962158203
85.15,14.844313100323792,25.028894278684355,25.118609397404796,37.446803516068066,207.38190092526008,239.1958944770674,314.0329895019531,133.63999938964844,350.593994140625,133.53799438476562
85.2,14.648437123316446,25.134513280194827,25.120368367987602,37.408236747755,207.58691801511662,239.5746334278839,314.2380065917969,133.63999938964844,350.6759948730469,133.5709991455078
85.25,14.46699786148441,25.954027565350128,25.209167189739723,37.288818957873765,207.78891386473325,240.01955756260037,314.44000244140625,133.63999938964844,350.6510009765625,133.47999572753906
85.30000000000001,14.311046031818744,25.073308790160148,25.21106121249585,37.204324486162555,207.98791899169314,240.46824154541167,314.6390075683594,133.63999938964844,350.656005859375,133.62399291992188
85.35000000000001,14.152573370527573,24.884342405363235,25.195185182833786,37.10475412256287,208.18591703857405,240.84587270081263,314.8370056152344,133.63999938964844,350.6510009765625,133.6300048828125
85.4,13.974013749811707,24.88684099525183,25.180649765365672,36.99625753491178,208.38092436279638,241.22355753846105,315.0320129394531,133.63999938964844,350.6289978027344,133.63499450683594
85.45,13.795345967615651,25.66289329537669,25.244772858536823,36.852307293235384,208.57391752686027,241.62800247143178,315.2250061035156,133.63999938964844,350.5570068359375,133.66000366210938
85.5,13.614733269583345,24.884810226031828,25.232100855776842,36.71302714588495,208.76391996826706,242.00891549449435,315.4150085449219,133.63999938964844,350.4880065917969,133.66299438476562
85.55000000000001,13.417813573302373,24.928492477215283,25.224777339861063,36.56370661542475,208.9509038814842,242.39059821378302,315.60198974609375,133.64100646972656,350.4010009765625,133.66799926757812
85.60000000000001,13.21304553975635,24.94782400973237,25.138594732336077,36.404949586715134,209.13590144007804,242.7720167130473,315.7869873046875,133.64100646972656,350.2980041503906,133.6739959716797
85.65,13.007233800823524,24.981034951375136,25.133808799605156,36.23568499281501,209.3179082760158,243.15397885720853,315.968994140625,133.64100646972656,350.177001953125,133.6820068359375
85.7,12.806209691936845,40.973816814933706,26.717739153079044,36.14242094602991,209.49692438929725,244.5553599899976,316.14801025390625,133.64100646972656,350.10198974609375,132.33099365234375
85.75,12.613681114583095,18.563730601762085,25.978709456720235,35.56335350504984,209.67291926234427,245.0239328545051,316.3240051269531,133.64100646972656,349.7049865722656,132.55999755859375
85.80000000000001,12.447001314741732,24.78961238900919,25.95033981660514,35.413766514303624,209.8468999752349,245.37520680830573,316.49798583984375,133.64100646972656,349.60198974609375,132.6529998779297
85.85000000000001,12.296593294039305,19.248622801302307,25.386767856199047,35.421747458915966,210.01792048304802,245.79984713199113,316.66900634765625,133.64100646972656,349.62298583984375,132.73199462890625
85.9,12.13707692719089,25.18969464178913,25.41705322085278,35.389110256884756,210.18790339320537,246.19305093135944,316.8389892578125,133.64100646972656,349.6260070800781,132.92599487304688
85.95,11.96834491721453,53.74195261795475,28.224959153110586,35.55180869405988,210.35492609828435,247.33975890379534,317.0060119628906,133.64100646972656,349.5090026855469,132.5030059814453
86.0,11.790289109198978,20.691887016721115,27.805666832179515,35.69248626402535,210.5199041256284,247.73619920019794,317.1709899902344,133.64100646972656,349.7170104980469,132.71299743652344
86.05000000000001,11.604673311175592,25.601762462102776,27.872993830668264,35.645319927088345,210.68192194789404,248.17550368527537,317.3330078125,133.64100646972656,349.8389892578125,133.13499450683594
86.10000000000001,11.414052758226086,23.929785160204403,27.77118994571547,35.52684449152966,210.84092162338777,248.62137013309757,317.49200439453125,133.64199829101562,349.77899169921875,133.52699279785156
86.15,11.238229430217114,25.648807822032527,27.83796723278121,35.41359075217118,210.9979040452628,248.9965044723215,317.64898681640625,133.64199829101562,349.7850036621094,133.8979949951172
86.2,11.070900772735643,26.028221524985398,26.34340770378638,35.29816227314191,211.1529028245597,249.37619207498082,317.8039855957031,133.64199829101562,349.7829895019531,134.2740020751953
86.25,10.906273212039686,26.102559497119856,27.097290593322157,35.18101563385118,211.3049108812004,249.75743253453976,317.95599365234375,133.64199829101562,349.7699890136719,134.6510009765625
86.30000000000001,10.772245155356861,21.93691626674768,26.81202098109601,34.6488927382456,211.4559118577635,250.33902808584986,318.10699462890625,133.64199829101562,349.23199462890625,134.7469940185547
86.35000000000001,10.661797372606443,25.525108702583115,27.43966957122409,34.34728282618145,211.60392211167255,250.77696513058942,318.2550048828125,133.64199829101562,348.947998046875,135.03399658203125
86.4,10.552897117451591,25.92874719956477,27.513574827001655,34.26954419158774,211.75193236558357,251.1390932124938,318.40301513671875,133.64199829101562,348.9549865722656,135.38900756835938
86.45,10.435609470629261,25.615326688076095,24.700912234013792,34.201758746352894,211.89692137925962,251.492680908551,318.5480041503906,133.64199829101562,348.9630126953125,135.73399353027344
86.5,10.302300683978304,26.400378173814854,25.271761349723164,34.167114166229695,212.04090331285607,251.83637034485966,318.6919860839844,133.64199829101562,348.97100830078125,136.04600524902344
86.55000000000001,10.148545297456367,26.081810361774668,25.31976613969035,34.126357164903006,212.18293212145022,252.19318792243516,318.8340148925781,133.64199829101562,349.0060119628906,136.39599609375
86.60000000000001,9.975672836090318,26.300373255798746,25.556824949249783,34.08818495070166,212.32190917223153,252.55379449051333,318.9729919433594,133.64199829101562,349.03900146484375,136.75100708007812
86.65,9.789912891121352,26.34277130331219,25.626221297377747,34.05052802924544,212.4589025804357,252.9150608327606,319.1099853515625,133.64199829101562,349.07000732421875,137.10800170898438
86.7,9.596737165828447,26.385211477269433,25.66192029260615,34.014842578964014,212.59391234606332,253.27536661340574,319.2449951171875,133.64199829101562,349.10101318359375,137.46499633789062
86.75,9.400285267704497,26.427640794448703,25.694428422339037,33.98054862072025,212.72593138903548,253.63675017653202,319.37701416015625,133.64199829101562,349.1300048828125,137.82400512695312
86.80000000000001,9.204301178454914,26.469887557518827,26.147725551416148,33.94838663480911,212.85392211169525,253.99838441469444,319.5050048828125,133.64199829101562,349.1570129394531,138.1840057373047
86.85000000000001,9.01162930078445,26.511967151045354,26.246411396262374,33.91671937325228,212.9809057542759,254.36055263716582,319.6319885253906,133.64199829101562,349.1830139160156,138.5449981689453
86.9,8.823961342506339,26.553720389353977,26.308908715241294,33.88634858156959,213.1039221116995,254.72331664767248,319.7550048828125,133.64199829101562,349.20599365234375,138.90699768066406
86.95,8.640972867410758,26.595113435105485,26.406887389944234,33.85558352708189,213.22492430896585,255.0858801152857,319.8760070800781,133.64199829101562,349.22601318359375,139.2689971923828
87.0,8.460072649699669,26.636040455491475,26.430453618111898,33.82545151993151,213.34391234607554,255.44948600489073,319.9949951171875,133.64199829101562,349.2439880371094,139.6320037841797
87.05000000000001,8.27769701166383,26.676452744353664,26.489917856369793,33.794798854950166,213.45990966052875,255.81222341064205,320.1109924316406,133.64199829101562,349.25799560546875,139.99400329589844
87.10000000000001,8.091144847846556,26.71622893364815,26.53150342415473,33.76387877437852,213.57292073963094,256.1762823405378,320.2239990234375,133.64300537109375,349.26800537109375,140.35699462890625
87.15,7.89418912402683,26.75533502051213,26.572759795874724,33.73281718087329,213.68391317127174,256.53988654574374,320.3349914550781,133.64300537109375,349.2749938964844,140.718994140625
87.2,7.699860703078475,26.793672592568154,26.613605907404597,33.700853033402026,213.79191488025654,256.90417240873074,320.4429931640625,133.64300537109375,349.2770080566406,141.08099365234375
87.25,7.514929029554732,26.831158917379,26.653957719697633,33.66892973467853,213.89692586658478,257.26931970702617,320.5480041503906,133.64300537109375,349.2749938964844,141.4429931640625
87.30000000000001,7.32549639003563,26.867742516784848,26.693743215624238,33.63501392812362,213.9999226927567,257.63353437260105,320.6510009765625,133.64300537109375,349.26800537109375,141.80299377441406
87.35000000000001,7.114176921661441,26.903368010831386,26.73288330160284,33.600593305005624,214.0999287962726,257.9989302879618,320.7510070800781,133.64300537109375,349.2560119628906,142.16299438476562
87.4,6.874308868423438,26.937895852184397,26.77130084788588,33.56553251615745,214.19691365955603,258.36469900153827,320.8479919433594,133.64300537109375,349.239013671875,142.52200317382812
87.45,6.68221289801215,26.971350434092294,26.808924547784564,33.528839445921406,214.2909078001823,258.7300281391474,320.9419860839844,133.64300537109375,349.21600341796875,142.87899780273438
87.5,6.35252473345451,27.003633227726745,26.84568382500809,33.492569980111625,214.3809346556621,259.09600473190994,321.0320129394531,133.64300537109375,349.18798828125,143.23500061035156
87.55000000000001,5.961888585574723,16.08799391971957,25.786837942544686,33.44506920310855,214.46592611078123,259.35919292468935,321.11700439453125,133.64300537109375,349.1510009765625,143.49200439453125
87.60000000000001,5.646024314224064,26.662991103963755,25.781514159576243,33.576463190512754,214.54591268309656,259.8031844112004,321.1969909667969,133.64300537109375,349.22198486328125,143.92999267578125
87.65,5.2076165627289415,12.099339280496668,24.3159145855747,33.60168281980039,214.62092489018983,260.12420283203414,321.2720031738281,133.64300537109375,349.23199462890625,144.2480010986328
87.7,4.603356432453233,12.417008500187617,22.878248176336648,33.37875534060335,214.6879109743638,260.29960653731376,321.3389892578125,133.64300537109375,349.114990234375,144.2050018310547
87.75,3.9347644718516768,13.131083355193796,21.508240620118123,33.26806618439213,214.74693197085622,260.4800621936855,321.39801025390625,133.64300537109375,349.0299987792969,144.343994140625
87.80000000000001,3.112693558137497,12.611636329616676,20.082630001401306,33.12055514037083,214.79591268435996,260.63024940277796,321.4469909667969,133.64300537109375,348.9309997558594,144.4029998779297
87.85000000000001,0.6181848812304898,12.704929317092171,18.662786132027385,32.999276447854605,214.81593223191413,260.7897397296363,321.4670104980469,133.64300537109375,348.82501220703125,144.47900390625
87.9,2.227576696597234e-05,11.929237465704764,17.16192029337942,32.91685833499687,214.81595344185445,260.9336205971061,321.4670104980469,133.64300537109375,348.739013671875,144.5590057373047
87.95,7.3121113459900695e-06,11.602992476888684,15.62508449765906,32.84807003824062,214.81595486188854,261.06430838436194,321.4670104980469,133.64300537109375,348.6650085449219,144.63699340820312
88.0,1.4151703618358587e-05,11.400566074126603,14.064777782299046,32.86674325903888,214.81596329187124,261.21210914868345,321.4670104980469,133.64300537109375,348.6419982910156,144.781005859375
88.05000000000001,1.8752473330207283e-05,25.867338658164687,15.04271225614356,33.13431223095242,214.81597581187344,261.57923226237824,321.4670104980469,133.64300537109375,348.7669982910156,145.10499572753906
88.10000000000001,1.961088374844334e-05,25.894104015265654,14.965823547273748,33.42190457190593,214.81598927192937,261.9526910212996,321.4670104980469,133.64300537109375,348.9049987792969,145.4219970703125
88.15,1.8983568715924876e-05,26.157013269505068,16.371590946174585,33.79854043147833,214.8160020118401,262.38959868087795,321.4670104980469,133.64300537109375,349.0870056152344,145.68299865722656
88.2,1.629984477845415e-05,18.976022221210325,17.027492318276856,34.020378923895,214.8160133418449,262.68509264208643,321.4670104980469,133.64300537109375,349.15899658203125,145.8979949951172
88.25,1.5276339144269126e-05,24.533856813938158,18.167769664151294,34.32201609194793,214.81602296194143,263.05372451857767,321.4670104980469,133.64300537109375,349.2879943847656,146.1649932861328
88.30000000000001,3.3623010108819655e-06,20.95905705606068,19.002511736795693,34.56327649085855,214.81602593192912,263.3748830825669,321.4670104980469,133.64300537109375,349.37200927734375,146.4239959716797
88.35000000000001,5.857533071559919e-06,25.60170635366643,20.29218944045312,34.86632123980355,214.81602963184088,263.7508836035335,321.4670104980469,133.64300537109375,349.489990234375,146.69500732421875
88.4,6.674386108523643e-06,25.625021811379757,21.66176787502062,35.168772115128924,214.81603406190953,264.1250432843863,321.4670104980469,133.64300537109375,349.6050109863281,146.95899963378906
88.45,5.839700269734057e-06,25.410978410548353,23.042566468386585,35.46929961076901,214.81603848185006,264.4980757081836,321.4670104980469,133.64300537109375,349.7139892578125,147.21400451660156
88.5,5.226195175339685e-06,25.34271072049545,24.43678093302347,35.752493366419934,214.8160425319391,264.8655590360835,321.4670104980469,133.64300537109375,349.7980041503906,147.46400451660156
88.55000000000001,4.883933403651115e-06,25.999556917591736,24.450002758966175,36.04950521164034,214.8160460019306,265.23558382996305,321.4670104980469,133.64300537109375,349.89801025390625,147.70199584960938
88.60000000000001,4.917941839231741e-06,24.99495610539639,24.360087967979247,36.34362610465949,214.81604893187142,265.5968850231763,321.4670104980469,133.64300537109375,350.0,147.92599487304688
88.65,5.304792935644078e-06,25.09746020427353,24.254132661456094,36.63860573250438,214.8160513419014,265.9613712365825,321.4670104980469,133.64300537109375,350.0979919433594,148.1529998779297
88.7,2.4472687759774516e-07,25.425882250286328,24.899118664363698,36.93311633999965,214.81605260186444,266.32998949184696,321.4670104980469,133.64300537109375,350.1889953613281,148.36900329589844
88.75,1.5450454011035037e-06,25.320460621064203,24.977779045076307,37.22449021002851,214.81605260186444,266.69532818052323,321.4670104980469,133.64300537109375,350.2760009765625,148.59100341796875
88.80000000000001,1.7081869086212124e-06,25.326059743124738,25.414479313782714,37.51361764639428,214.8160541218993,267.0599713751401,321.4670104980469,133.64300537109375,350.3580017089844,148.81500244140625
88.85000000000001,1.3574888948956027e-06,25.332178944838198,25.38752657289989,37.802021550369744,214.8160541218993,267.42531054559055,321.4670104980469,133.64300537109375,350.4360046386719,149.04299926757812
88.9,1.2749078019853715e-06,25.338762511503575,25.358900642912268,38.08819826861793,214.81605595183174,267.7900422847964,321.4670104980469,133.64300537109375,350.5090026855469,149.2729949951172
88.95,3.2191066636665674e-06,25.345822287269446,25.35238503058438,38.37291514564828,214.81605595183174,268.15538571595573,321.4670104980469,133.64300537109375,350.5769958496094,149.5070037841797
89.0,3.0686713545306378e-06,25.353392099105417,25.353453168445373,38.65571914376172,214.81605736185412,268.5206511998738,321.4670104980469,133.64300537109375,350.6400146484375,149.74400329589844
89.05000000000001,3.5005752024014085e-06,25.361402124590082,25.289637689145206,38.93694416288849,214.81605736185412,268.8854366430343,321.4670104980469,133.64300537109375,350.6990051269531,149.98300170898438
89.10000000000001,3.3064743109383077e-06,25.369918086519547,25.32713388725752,39.216728518692484,214.81605736185412,269.25098417758596,321.4670104980469,133.64300537109375,350.75299072265625,150.2259979248047
89.15,1.6569339418409436e-06,25.378926756656202,25.355280542495784,39.495317040506855,214.81605843182734,269.61666373769566,321.4670104980469,133.64300537109375,350.8030090332031,150.4720001220703
89.2,2.0750339092819516e-06,25.38837027035409,25.35152934450256,39.771520999411415,214.81605843182734,269.9817354571612,321.4670104980469,133.64300537109375,350.8479919433594,150.72000122070312
89.25,1.907150460665019e-06,25.39828516826502,25.359311799222642,40.04628114136653,214.81605843182734,270.3476653372165,321.4670104980469,133.64300537109375,350.88800048828125,150.9720001220703
89.30000000000001,2.348102242551124e-06,25.408677225252912,25.367573547435455,40.319338325372165,214.81605843182734,270.7130636921678,321.4670104980469,133.64300537109375,350.92401123046875,151.2259979248047
89.35000000000001,1.3955425974971836e-06,25.41953134604949,25.376308787556585,40.5911328833022,214.81605843182734,271.0786997044395,321.4670104980469,133.64300537109375,350.95599365234375,151.48300170898438
89.4,1.7946858862053703e-06,25.43082734988166,25.38551527139439,40.860278864443934,214.81605843182734,271.4444981235606,321.4670104980469,133.64300537109375,350.98199462890625,151.7429962158203
89.45,2.887831151550409e-06,25.442568041439298,25.395189846811373,41.12888417184728,214.81605843182734,271.81064365295003,321.4670104980469,133.64300537109375,351.0050048828125,152.00599670410156
89.5,2.611980311731989e-06,25.454780785330627,25.4053287154339,41.39502281839731,214.81605954184744,272.17629508245267,321.4670104980469,133.64300537109375,351.02301025390625,152.27099609375
89.55000000000001,5.172640770502402e-07,25.467436471476596,25.41593215012255,41.65913463960444,214.81605954184744,272.5422151144531,321.4670104980469,133.64300537109375,351.0360107421875,152.53900146484375
89.60000000000001,9.291167265339504e-07,25.480506155903004,25.4269909570609,41.922657999405345,214.81605954184744,272.908551069476,321.4670104980469,133.64300537109375,351.0459899902344,152.80999755859375
89.65,1.4092035428048792e-06,25.493984317337986,25.43849671312908,42.183679861937144,214.81605954184744,273.27446329774943,321.4670104980469,133.64300537109375,351.0509948730469,153.08299255371094
89.7,3.837223434094562e-07,25.507938580323753,25.450453544126045,42.44268426946421,214.81605954184744,273.64080926562383,321.4670104980469,133.64300537109375,351.0509948730469,153.35899353027344
89.75,2.060621479809333e-06,25.522311739281704,25.462856201227716,42.70100597289132,214.81605954184744,274.0075492839488,321.4670104980469,133.64300537109375,351.0480041503906,153.63800048828125
89.80000000000001,4.4942270789781234e-07,25.537059897451154,25.47569446844754,42.956860925816024,214.81605954184744,274.3740839720531,321.4670104980469,133.64300537109375,351.0400085449219,153.91900634765625
89.85000000000001,2.0946392513392655e-06,25.552251917792788,25.48896652562187,43.21128324508226,214.81605954184744,274.7410554882532,321.4670104980469,133.64300537109375,351.02801513671875,154.2030029296875
89.9,1.7853660336013504e-06,25.567838623339572,25.50266765296766,43.46381494961888,214.81605954184744,275.1077858445644,321.4670104980469,133.64300537109375,351.0119934082031,154.48899841308594
89.95,0.0,25.58382993356841,25.51679384218057,43.713843737901264,214.81605954184744,275.474408052773,321.4670104980469,133.64300537109375,350.9909973144531,154.77699279785156
90.0,1.7189081217060267e-07,25.600208687434016,25.531336632390907,43.96312296674177,214.81605954184744,275.8415698122202,321.4670104980469,133.64300537109375,350.9670104980469,155.0679931640625
90.05000000000001,1.032213268882274e-06,24.63654107691542,25.44824709293479,44.20023771087701,214.81605954184744,276.19436157422604,321.4670104980469,133.64300537109375,350.9429931640625,155.35899353027344
90.10000000000001,1.922466154401514e-06,23.76530027595922,25.27672650494041,44.424595849122255,214.81605954184744,276.5341816936365,321.4670104980469,133.64300537109375,350.9179992675781,155.64999389648438
