Time (s),Ego Speed (km/h),Lead Speed (km/h),Smoothed Lead Speed (km/h),Distance Between (m),Ego Distance Covered (m),Lead Vehicle Distance Covered (m),Ego X (m),Ego Y (m),Lead X (m),Lead Y (m)
0.0,8.808552074432374,7.056000137329102,7.056000137329102,7.019602138457659,0.0,0.0,107.0,133.0,114.0,133.42100524902344
0.05,8.174808311529342,8.820000171661377,7.938000154495239,7.020284006698558,0.1276656985282898,0.11269998550415039,107.0,133.0,114.0,133.42100524902344
0.1,4.181039857895288,10.584000205993652,8.820000171661377,7.017772751267665,0.20566119998693466,0.2498999983072281,107.0,133.0,114.0,133.42100524902344
0.15000000000000002,1.821855497367594,10.747439861297607,9.301860094070435,7.014247011344666,0.24264910072088242,0.40529029071331024,107.0,133.0,114.0,133.42100524902344
0.2,0.48345841169777487,7.768655776977541,8.995219230651855,7.012754486741343,0.2559195011854172,0.5298077911138535,107.0,133.0,114.0,133.42100524902344
0.25,0.2289589136842214,4.894776105880743,8.311812043190004,7.012793003263235,0.25616440176963806,0.6134719923138618,107.0,133.0,114.0,133.42100524902344
0.30000000000000004,0.5667335987092327,0.2858883018613525,7.165251508714483,7.013104018670786,0.2624727040529251,0.6421069949865341,107.0,133.0,114.0,133.42100524902344
0.35000000000000003,0.6878411829476452,1.2601333397479655,6.427111737593668,7.013066746017317,0.2715299017727375,0.6545059978961945,107.0,133.0,114.0,133.42100524902344
0.4,0.6899652242660634,1.81846296546511,5.915039651801606,7.012938322241438,0.2811941020190716,0.6770130023360252,107.0,133.0,114.0,133.42100524902344
0.45,0.6322392046451955,2.0269728720120805,5.526232973822653,7.012796740775572,0.2903391011059284,0.7043372988700867,107.0,133.0,114.0,133.42100524902344
0.5,0.549417579174361,1.9688721142311902,5.017520171512862,7.012696006368687,0.298444502055645,0.7322819977998734,107.0,133.0,114.0,133.42100524902344
0.55,0.4610664188862112,1.7295322128948023,4.308473375636205,7.012652475907284,0.3053380008786917,0.7578397989273071,107.0,133.0,114.0,133.42100524902344
0.6000000000000001,0.3774707883604183,1.3871364163729119,3.3887869966741304,7.0126542082645145,0.3110362011939287,0.7791418991982937,107.0,133.0,114.0,133.42100524902344
0.65,0.3033802896741507,1.00696340226384,2.414739350770754,7.0126778586296,0.315649401396513,0.7953073885291815,107.0,133.0,114.0,133.42100524902344
0.7000000000000001,0.2403727322817329,0.6386228197041549,1.7017360550434155,7.012702431358954,0.3193254014477134,0.8062361981719732,107.0,133.0,114.0,133.42100524902344
0.75,0.18829476088292293,0.31574798285862116,1.2438332427412033,7.012715914865832,0.32221814058721066,0.8123877979815006,107.0,133.0,114.0,133.42100524902344
0.8,0.14612940251830492,0.05750502296999003,1.2209949148520671,7.0127155888791775,0.32447163108736277,0.8145665992051363,107.0,133.0,114.0,133.42100524902344
0.8500000000000001,0.11253167688969055,0.1299309308164235,1.107974673958913,7.012704859076214,0.3262124308384955,0.8153951987624168,107.0,133.0,114.0,133.42100524902344
0.9,0.08609471842708256,0.24808918695718288,0.9509372961081202,7.012689379880986,0.32754784100688994,0.8182500991970301,107.0,133.0,114.0,133.42100524902344
0.9500000000000001,0.06549912169595029,0.30600271060670414,0.7788402799675824,7.012674168180239,0.3285660609835759,0.8222384992986917,107.0,133.0,114.0,133.42100524902344
1.0,0.049589280411897425,0.3157817409178542,0.6135312426362488,7.012662243478906,0.32933854102157056,0.8266194993630052,107.0,133.0,114.0,133.42100524902344
1.05,0.03738563843086098,0.29079330967743583,0.46965735231451217,7.012654546039167,0.32992191798985004,0.8308338299393654,107.0,133.0,114.0,133.42100524902344
1.1,0.028078307770224943,0.24392817479563297,0.35533652815678424,7.012650561766877,0.3303607990092132,0.8345057098194957,107.0,133.0,114.0,133.42100524902344
1.1500000000000001,0.02101622410129218,0.18643326681000105,0.2732835146114003,7.0126491174916215,0.33068973998888396,0.8374264996964484,107.0,133.0,114.0,133.42100524902344
1.2000000000000002,0.0,0.12728371636238092,0.2221496042772229,7.012648985112684,0.33068973998888396,0.8395254646893591,107.0,133.0,114.0,133.42100524902344
1.25,0.005309027899061096,0.07294128045944871,0.19786893403730565,7.012649296617491,0.3309486439975444,0.8408359696622938,107.0,133.0,114.0,133.42100524902344
1.3,0.006698664044961357,0.02744673598714945,0.19486310533902157,7.0126495538850735,0.33103584800846875,0.8414610796608031,107.0,133.0,114.0,133.42100524902344
1.35,0.0068216760177235,0.0072446889797028145,0.18259448115534951,7.012649628668396,0.3311309479759075,0.8415421396493912,107.0,133.0,114.0,133.42100524902344
1.4000000000000001,0.006306587951264873,0.030858026959082623,0.1608713651555395,7.012649536815709,0.3312218519859016,0.8418509396724403,107.0,133.0,114.0,133.42100524902344
1.4500000000000002,0.005510447965935263,0.0,0.1302710940948691,7.012649570196457,0.33130291500128806,0.8418509396724403,107.0,133.0,114.0,133.42100524902344
1.5,0.0046396801248393725,0.0,0.09869292000308365,7.012649599465623,0.3313721899758093,0.8418509396724403,107.0,133.0,114.0,133.42100524902344
1.55,0.0038089438350520726,0.0,0.06961358903534007,7.012649624240693,0.3314296010066755,0.8418509396724403,107.0,133.0,114.0,133.42100524902344
1.6,0.0030642624481347336,0.0,0.04522077155577677,7.012649644702655,0.3314762159716338,0.8418509396724403,107.0,133.0,114.0,133.42100524902344
1.6500000000000001,0.0008350848237469208,0.0,0.026577444874776666,7.012649650790784,0.3314899510005489,0.8418509396724403,107.0,133.0,114.0,133.42100524902344
1.7000000000000002,0.0012987647904234188,0.0,0.013849073238538576,7.012649657890087,0.33150589105207473,0.8418509396724403,107.0,133.0,114.0,133.42100524902344
1.75,0.0014172660437047535,0.0,0.006554945192593704,7.012649666538832,0.3315252009779215,0.8418509396724403,107.0,133.0,114.0,133.42100524902344
1.8,0.0013591115599115022,0.0,0.00381027159387876,7.012649675254326,0.3315445410553366,0.8418509396724403,107.0,133.0,114.0,133.42100524902344
1.85,0.0012113280270277921,0.0,0.0030858026959084783,7.012649683259278,0.3315622010268271,0.8418509396724403,107.0,133.0,114.0,133.42100524902344
1.9000000000000001,0.0010337112008329756,0.0,2.1614654510671015e-16,7.012649690262462,0.33157757099252194,0.8418509396724403,107.0,133.0,114.0,133.42100524902344
1.9500000000000002,0.0008588376170399198,0.0,2.1614654510671015e-16,7.01264969617995,0.3315905010094866,0.8418509396724403,107.0,133.0,114.0,133.42100524902344
2.0,0.0006967044211118901,0.0,2.1614654510671015e-16,7.012649701016671,0.3316010310081765,0.8418509396724403,107.0,133.0,114.0,133.42100524902344
2.0500000000000003,0.0001032267590461509,0.0,2.1614654510671015e-16,7.012649703599874,0.33160664094612,0.8418509396724403,107.0,133.0,114.0,133.42100524902344
2.1,0.00024232716292426086,0.0,2.1614654510671015e-16,7.012649704867919,0.33160939102526754,0.8418509396724403,107.0,133.0,114.0,133.42100524902344
2.15,0.00029103985034994843,0.0,2.1614654510671015e-16,7.012649706626307,0.33161320094950497,0.8418509396724403,107.0,133.0,114.0,133.42100524902344
2.2,0.00028970099523154864,0.0,2.1614654510671015e-16,7.0126497085116455,0.33161728095728904,0.8418509396724403,107.0,133.0,114.0,133.42100524902344
2.25,0.00026652925534878654,0.0,2.1614654510671015e-16,7.012649710297709,0.3316211410565302,0.8418509396724403,107.0,133.0,114.0,133.42100524902344
2.3000000000000003,0.00023055262911641532,0.0,2.1614654510671015e-16,7.012649711867815,0.33162453095428646,0.8418509396724403,107.0,133.0,114.0,133.42100524902344
2.35,0.00019289376222047624,0.0,2.1614654510671015e-16,7.012649713212317,0.3316274309763685,0.8418509396724403,107.0,133.0,114.0,133.42100524902344
2.4000000000000004,0.00015732900480117248,0.0,2.1614654510671015e-16,7.0126497143121265,0.33162980095949024,0.8418509396724403,107.0,133.0,114.0,133.42100524902344
2.45,0.0001283900390795016,0.0,2.1614654510671015e-16,7.01264971521288,0.3316317410208285,0.8418509396724403,107.0,133.0,114.0,133.42100524902344
2.5,4.246487929359465e-05,0.0,2.1614654510671015e-16,7.01264971521288,0.3316317410208285,0.8418509396724403,107.0,133.0,114.0,133.42100524902344
2.5500000000000003,5.904577458057326e-05,0.0,2.1614654510671015e-16,7.01264971572858,0.3316328510409221,0.8418509396724403,107.0,133.0,114.0,133.42100524902344
2.6,6.089940855146382e-05,0.0,2.1614654510671015e-16,7.01264971572858,0.3316328510409221,0.8418509396724403,107.0,133.0,114.0,133.42100524902344
2.6500000000000004,5.907996300947123e-05,0.0,2.1614654510671015e-16,7.012649716490661,0.3316344909835607,0.8418509396724403,107.0,133.0,114.0,133.42100524902344
2.7,5.235156005259671e-05,0.0,2.1614654510671015e-16,7.012649716490661,0.3316344909835607,0.8418509396724403,107.0,133.0,114.0,133.42100524902344
2.75,4.6962000331126235e-05,0.0,2.1614654510671015e-16,7.012649717146251,0.33163590100593865,0.8418509396724403,107.0,133.0,114.0,133.42100524902344
2.8000000000000003,3.635423999758139e-05,0.0,2.1614654510671015e-16,7.012649717146251,0.33163590100593865,0.8418509396724403,107.0,133.0,114.0,133.42100524902344
2.85,2.8836225241779187e-05,0.0,2.1614654510671015e-16,7.012649717146251,0.33163590100593865,0.8418509396724403,107.0,133.0,114.0,133.42100524902344
2.9000000000000004,4.9776840850010685e-06,0.0,2.1614654510671015e-16,7.0126497176764735,0.33163704094477,0.8418509396724403,107.0,133.0,114.0,133.42100524902344
2.95,9.06290710213711e-06,0.0,2.1614654510671015e-16,7.0126497176764735,0.33163704094477,0.8418509396724403,107.0,133.0,114.0,133.42100524902344
3.0,9.543479168779812e-06,0.0,2.1614654510671015e-16,7.0126497176764735,0.33163704094477,0.8418509396724403,107.0,133.0,114.0,133.42100524902344
3.0500000000000003,1.0333005073185762e-05,0.0,2.1614654510671015e-16,7.0126497176764735,0.33163704094477,0.8418509396724403,107.0,133.0,114.0,133.42100524902344
3.1,9.612094525124719e-06,0.0,2.1614654510671015e-16,7.0126497176764735,0.33163704094477,0.8418509396724403,107.0,133.0,114.0,133.42100524902344
3.1500000000000004,8.994191370581896e-06,0.0,2.1614654510671015e-16,7.0126497176764735,0.33163704094477,0.8418509396724403,107.0,133.0,114.0,133.42100524902344
3.2,6.660272927997405e-06,0.0,2.1614654510671015e-16,7.0126497176764735,0.33163704094477,0.8418509396724403,107.0,133.0,114.0,133.42100524902344
3.25,7.278112750244275e-06,0.0,2.1614654510671015e-16,7.01264971815574,0.3316380709875375,0.8418509396724403,107.0,133.0,114.0,133.42100524902344
3.3000000000000003,0.0,0.0,2.1614654510671015e-16,7.01264971815574,0.3316380709875375,0.8418509396724403,107.0,133.0,114.0,133.42100524902344
3.35,3.295584102942849e-06,0.0,2.1614654510671015e-16,7.01264971815574,0.3316380709875375,0.8418509396724403,107.0,133.0,114.0,133.42100524902344
3.4000000000000004,5.252334410362614e-06,0.0,2.1614654510671015e-16,7.01264971815574,0.3316380709875375,0.8418509396724403,107.0,133.0,114.0,133.42100524902344
3.45,6.934532136748074e-06,0.0,2.1614654510671015e-16,7.01264971815574,0.3316380709875375,0.8418509396724403,107.0,133.0,114.0,133.42100524902344
3.5,4.051028174517698e-06,0.0,2.1614654510671015e-16,7.01264971815574,0.3316380709875375,0.8418509396724403,107.0,133.0,114.0,133.42100524902344
3.5500000000000003,5.97340658006081e-06,0.0,2.1614654510671015e-16,7.01264971815574,0.3316380709875375,0.8418509396724403,107.0,133.0,114.0,133.42100524902344
3.6,5.9389853744709434e-06,0.0,2.1614654510671015e-16,7.01264971815574,0.3316380709875375,0.8418509396724403,107.0,133.0,114.0,133.42100524902344
3.6500000000000004,7.55247990030402e-06,0.0,2.1614654510671015e-16,7.01264971815574,0.3316380709875375,0.8418509396724403,107.0,133.0,114.0,133.42100524902344
3.7,6.694172083150406e-06,0.0,2.1614654510671015e-16,7.01264971815574,0.3316380709875375,0.8418509396724403,107.0,133.0,114.0,133.42100524902344
3.75,6.866146358849315e-07,0.0,2.1614654510671015e-16,7.01264971815574,0.3316380709875375,0.8418509396724403,107.0,133.0,114.0,133.42100524902344
3.8000000000000003,1.7524386133452897e-06,0.0,2.1614654510671015e-16,7.01264971815574,0.3316380709875375,0.8418509396724403,107.0,133.0,114.0,133.42100524902344
3.85,8.926652538344874e-07,0.0,2.1614654510671015e-16,7.01264971815574,0.3316380709875375,0.8418509396724403,107.0,133.0,114.0,133.42100524902344
3.9000000000000004,3.364328818452974e-06,0.0,2.1614654510671015e-16,7.01264971815574,0.3316380709875375,0.8418509396724403,107.0,133.0,114.0,133.42100524902344
3.95,5.1493357354299985e-06,0.0,2.1614654510671015e-16,7.01264971815574,0.3316380709875375,0.8418509396724403,107.0,133.0,114.0,133.42100524902344
4.0,5.6302581661617555e-06,0.0,2.1614654510671015e-16,7.01264971815574,0.3316380709875375,0.8418509396724403,107.0,133.0,114.0,133.42100524902344
4.05,3.3642782116775044e-06,0.0,2.1614654510671015e-16,7.01264971815574,0.3316380709875375,0.8418509396724403,107.0,133.0,114.0,133.42100524902344
4.1000000000000005,2.747088964928496e-06,0.0,2.1614654510671015e-16,7.01264971815574,0.3316380709875375,0.8418509396724403,107.0,133.0,114.0,133.42100524902344
4.15,1.3731586170984583e-07,0.0,2.1614654510671015e-16,7.01264971815574,0.3316380709875375,0.8418509396724403,107.0,133.0,114.0,133.42100524902344
4.2,8.240319349536315e-07,0.0,2.1614654510671015e-16,7.01264971815574,0.3316380709875375,0.8418509396724403,107.0,133.0,114.0,133.42100524902344
4.25,1.5121410838934075e-06,0.0,2.1614654510671015e-16,7.01264971815574,0.3316380709875375,0.8418509396724403,107.0,133.0,114.0,133.42100524902344
4.3,2.197926102482384e-06,0.0,2.1614654510671015e-16,7.01264971815574,0.3316380709875375,0.8418509396724403,107.0,133.0,114.0,133.42100524902344
4.3500000000000005,1.5806232830953897e-06,0.0,2.1614654510671015e-16,7.01264971815574,0.3316380709875375,0.8418509396724403,107.0,133.0,114.0,133.42100524902344
4.4,3.5360161406847175e-06,0.0,2.1614654510671015e-16,7.01264971815574,0.3316380709875375,0.8418509396724403,107.0,133.0,114.0,133.42100524902344
4.45,4.222740426627499e-06,0.0,2.1614654510671015e-16,7.01264971815574,0.3316380709875375,0.8418509396724403,107.0,133.0,114.0,133.42100524902344
4.5,3.6046718076961437e-06,0.0,2.1614654510671015e-16,7.01264971815574,0.3316380709875375,0.8418509396724403,107.0,133.0,114.0,133.42100524902344
4.55,4.325443605083383e-06,0.0,2.1614654510671015e-16,7.01264971815574,0.3316380709875375,0.8418509396724403,107.0,133.0,114.0,133.42100524902344
4.6000000000000005,5.151494573038829e-07,0.0,2.1614654510671015e-16,7.01264971815574,0.3316380709875375,0.8418509396724403,107.0,133.0,114.0,133.42100524902344
4.65,1.201518111421195e-06,0.0,2.1614654510671015e-16,7.01264971815574,0.3316380709875375,0.8418509396724403,107.0,133.0,114.0,133.42100524902344
4.7,5.838317604696436e-07,0.0,2.1614654510671015e-16,7.01264971815574,0.3316380709875375,0.8418509396724403,107.0,133.0,114.0,133.42100524902344
4.75,1.2703537067209887e-06,0.0,2.1614654510671015e-16,7.01264971815574,0.3316380709875375,0.8418509396724403,107.0,133.0,114.0,133.42100524902344
4.800000000000001,3.2618150218102908e-06,0.0,2.1614654510671015e-16,7.01264971815574,0.3316380709875375,0.8418509396724403,107.0,133.0,114.0,133.42100524902344
4.8500000000000005,3.947965960363587e-06,0.0,2.1614654510671015e-16,7.01264971815574,0.3316380709875375,0.8418509396724403,107.0,133.0,114.0,133.42100524902344
4.9,4.634790615616597e-06,0.0,2.1614654510671015e-16,7.01264971815574,0.3316380709875375,0.8418509396724403,107.0,133.0,114.0,133.42100524902344
4.95,4.016560623241186e-06,0.0,2.1614654510671015e-16,7.01264971815574,0.3316380709875375,0.8418509396724403,107.0,133.0,114.0,133.42100524902344
5.0,2.746470171842525e-07,0.0,2.1614654510671015e-16,7.01264971815574,0.3316380709875375,0.8418509396724403,107.0,133.0,114.0,133.42100524902344
5.050000000000001,9.613770132840798e-07,0.0,2.1614654510671015e-16,7.01264971815574,0.3316380709875375,0.8418509396724403,107.0,133.0,114.0,133.42100524902344
5.1000000000000005,1.6479917773937075e-06,0.0,2.1614654510671015e-16,7.01264971815574,0.3316380709875375,0.8418509396724403,107.0,133.0,114.0,133.42100524902344
5.15,2.3344472830031837e-06,0.0,2.1614654510671015e-16,7.01264971815574,0.3316380709875375,0.8418509396724403,107.0,133.0,114.0,133.42100524902344
5.2,3.0210997483891342e-06,0.0,2.1614654510671015e-16,7.01264971815574,0.3316380709875375,0.8418509396724403,107.0,133.0,114.0,133.42100524902344
5.25,3.708055519600485e-06,0.0,2.1614654510671015e-16,7.01264971815574,0.3316380709875375,0.8418509396724403,107.0,133.0,114.0,133.42100524902344
5.300000000000001,4.3941430482196326e-06,0.0,2.1614654510671015e-16,7.01264971815574,0.3316380709875375,0.8418509396724403,107.0,133.0,114.0,133.42100524902344
5.3500000000000005,5.0810036741310814e-06,0.0,2.1614654510671015e-16,7.01264971815574,0.3316380709875375,0.8418509396724403,107.0,133.0,114.0,133.42100524902344
5.4,0.0,0.0,2.1614654510671015e-16,7.01264971815574,0.3316380709875375,0.8418509396724403,107.0,133.0,114.0,133.42100524902344
5.45,6.866816220000104e-07,0.0,2.1614654510671015e-16,7.01264971815574,0.3316380709875375,0.8418509396724403,107.0,133.0,114.0,133.42100524902344
5.5,1.3752375699343843e-06,0.0,2.1614654510671015e-16,7.01264971815574,0.3316380709875375,0.8418509396724403,107.0,133.0,114.0,133.42100524902344
5.550000000000001,2.059928137007381e-06,0.0,2.1614654510671015e-16,7.01264971815574,0.3316380709875375,0.8418509396724403,107.0,133.0,114.0,133.42100524902344
5.6000000000000005,1.4419252942951314e-06,0.0,2.1614654510671015e-16,7.01264971815574,0.3316380709875375,0.8418509396724403,107.0,133.0,114.0,133.42100524902344
5.65,3.4334943778544357e-06,0.0,2.1614654510671015e-16,7.01264971815574,0.3316380709875375,0.8418509396724403,107.0,133.0,114.0,133.42100524902344
5.7,4.119483374378335e-06,0.0,2.1614654510671015e-16,7.01264971815574,0.3316380709875375,0.8418509396724403,107.0,133.0,114.0,133.42100524902344
5.75,4.806080648553967e-06,0.0,2.1614654510671015e-16,7.01264971815574,0.3316380709875375,0.8418509396724403,107.0,133.0,114.0,133.42100524902344
5.800000000000001,4.188283586440729e-06,0.0,2.1614654510671015e-16,7.01264971815574,0.3316380709875375,0.8418509396724403,107.0,133.0,114.0,133.42100524902344
5.8500000000000005,3.778547408459865e-07,0.0,2.1614654510671015e-16,7.01264971815574,0.3316380709875375,0.8418509396724403,107.0,133.0,114.0,133.42100524902344
5.9,2.4035875050762005e-07,0.0,2.1614654510671015e-16,7.01264971815574,0.3316380709875375,0.8418509396724403,107.0,133.0,114.0,133.42100524902344
5.95,1.7509845926359319e-06,0.0,2.1614654510671015e-16,7.01264971815574,0.3316380709875375,0.8418509396724403,107.0,133.0,114.0,133.42100524902344
6.0,2.4375224192937354e-06,0.0,2.1614654510671015e-16,7.01264971815574,0.3316380709875375,0.8418509396724403,107.0,133.0,114.0,133.42100524902344
6.050000000000001,1.8195264588869673e-06,0.0,2.1614654510671015e-16,7.01264971815574,0.3316380709875375,0.8418509396724403,107.0,133.0,114.0,133.42100524902344
6.1000000000000005,3.811029962181654e-06,0.0,2.1614654510671015e-16,7.01264971815574,0.3316380709875375,0.8418509396724403,107.0,133.0,114.0,133.42100524902344
6.15,4.463374858581411e-06,0.0,2.1614654510671015e-16,7.01264971815574,0.3316380709875375,0.8418509396724403,107.0,133.0,114.0,133.42100524902344
6.2,5.1495236009128504e-06,0.0,2.1614654510671015e-16,7.01264971815574,0.3316380709875375,0.8418509396724403,107.0,133.0,114.0,133.42100524902344
6.25,1.3731586170984583e-07,0.0,2.1614654510671015e-16,7.01264971815574,0.3316380709875375,0.8418509396724403,107.0,133.0,114.0,133.42100524902344
6.300000000000001,8.240291256003562e-07,0.0,2.1614654510671015e-16,7.01264971815574,0.3316380709875375,0.8418509396724403,107.0,133.0,114.0,133.42100524902344
6.3500000000000005,2.060802700970192e-07,0.0,2.1614654510671015e-16,7.01264971815574,0.3316380709875375,0.8418509396724403,107.0,133.0,114.0,133.42100524902344
6.4,8.926212478315144e-07,0.0,2.1614654510671015e-16,7.01264971815574,0.3316380709875375,0.8418509396724403,107.0,133.0,114.0,133.42100524902344
6.45,1.579205740439807e-06,0.0,2.1614654510671015e-16,7.01264971815574,0.3316380709875375,0.8418509396724403,107.0,133.0,114.0,133.42100524902344
6.5,3.5707704015326087e-06,0.0,2.1614654510671015e-16,7.01264971815574,0.3316380709875375,0.8418509396724403,107.0,133.0,114.0,133.42100524902344
6.550000000000001,4.2569338083022185e-06,0.0,2.1614654510671015e-16,7.01264971815574,0.3316380709875375,0.8418509396724403,107.0,133.0,114.0,133.42100524902344
6.6000000000000005,4.9091141777048e-06,0.0,2.1614654510671015e-16,7.01264971815574,0.3316380709875375,0.8418509396724403,107.0,133.0,114.0,133.42100524902344
6.65,4.2915122845256445e-06,0.0,2.1614654510671015e-16,7.01264971815574,0.3316380709875375,0.8418509396724403,107.0,133.0,114.0,133.42100524902344
6.7,5.15021204978236e-07,0.0,2.1614654510671015e-16,7.01264971815574,0.3316380709875375,0.8418509396724403,107.0,133.0,114.0,133.42100524902344
6.75,1.2041115800822254e-06,0.0,2.1614654510671015e-16,7.01264971815574,0.3316380709875375,0.8418509396724403,107.0,133.0,114.0,133.42100524902344
6.800000000000001,1.8882932959393933e-06,0.0,2.1614654510671015e-16,7.01264971815574,0.3316380709875375,0.8418509396724403,107.0,133.0,114.0,133.42100524902344
6.8500000000000005,2.574854040753681e-06,0.0,2.1614654510671015e-16,7.01264971815574,0.3316380709875375,0.8418509396724403,107.0,133.0,114.0,133.42100524902344
6.9,1.9568416164045766e-06,0.0,2.1614654510671015e-16,7.01264971815574,0.3316380709875375,0.8418509396724403,107.0,133.0,114.0,133.42100524902344
6.95,3.947882450841015e-06,0.0,2.1614654510671015e-16,7.01264971815574,0.3316380709875375,0.8418509396724403,107.0,133.0,114.0,133.42100524902344
7.0,4.634443114211637e-06,0.0,2.1614654510671015e-16,7.01264971815574,0.3316380709875375,0.8418509396724403,107.0,133.0,114.0,133.42100524902344
7.050000000000001,4.01665801070922e-06,0.0,2.1614654510671015e-16,7.01264971815574,0.3316380709875375,0.8418509396724403,107.0,133.0,114.0,133.42100524902344
7.1000000000000005,2.746470171842525e-07,0.0,2.1614654510671015e-16,7.01264971815574,0.3316380709875375,0.8418509396724403,107.0,133.0,114.0,133.42100524902344
7.15,9.613278377566436e-07,0.0,2.1614654510671015e-16,7.01264971815574,0.3316380709875375,0.8418509396724403,107.0,133.0,114.0,133.42100524902344
7.2,1.6477959961895706e-06,0.0,2.1614654510671015e-16,7.01264971815574,0.3316380709875375,0.8418509396724403,107.0,133.0,114.0,133.42100524902344
7.25,2.335524732463276e-06,0.0,2.1614654510671015e-16,7.01264971815574,0.3316380709875375,0.8418509396724403,107.0,133.0,114.0,133.42100524902344
7.300000000000001,3.0217363398931865e-06,0.0,2.1614654510671015e-16,7.01264971815574,0.3316380709875375,0.8418509396724403,107.0,133.0,114.0,133.42100524902344
7.3500000000000005,2.403024712569393e-06,0.0,2.1614654510671015e-16,7.01264971815574,0.3316380709875375,0.8418509396724403,107.0,133.0,114.0,133.42100524902344
7.4,3.089737735644708e-06,0.0,2.1614654510671015e-16,7.01264971815574,0.3316380709875375,0.8418509396724403,107.0,133.0,114.0,133.42100524902344
7.45,3.77637717090041e-06,0.0,2.1614654510671015e-16,7.01264971815574,0.3316380709875375,0.8418509396724403,107.0,133.0,114.0,133.42100524902344
7.5,0.0,0.0,2.1614654510671015e-16,7.01264971815574,0.3316380709875375,0.8418509396724403,107.0,133.0,114.0,133.42100524902344
7.550000000000001,6.522643186530573e-07,0.0,2.1614654510671015e-16,7.01264971815574,0.3316380709875375,0.8418509396724403,107.0,133.0,114.0,133.42100524902344
7.6000000000000005,1.2702001202250161e-06,0.0,2.1614654510671015e-16,7.01264971815574,0.3316380709875375,0.8418509396724403,107.0,133.0,114.0,133.42100524902344
7.65,1.7851161953794446e-06,0.0,2.1614654510671015e-16,7.01264971815574,0.3316380709875375,0.8418509396724403,107.0,133.0,114.0,133.42100524902344
7.7,2.4030200581551597e-06,0.0,2.1614654510671015e-16,7.01264971815574,0.3316380709875375,0.8418509396724403,107.0,133.0,114.0,133.42100524902344
7.75,3.0896007156173136e-06,0.0,2.1614654510671015e-16,7.01264971815574,0.3316380709875375,0.8418509396724403,107.0,133.0,114.0,133.42100524902344
7.800000000000001,3.673205841625444e-06,0.0,2.1614654510671015e-16,7.01264971815574,0.3316380709875375,0.8418509396724403,107.0,133.0,114.0,133.42100524902344
7.8500000000000005,4.325439557833499e-06,0.0,2.1614654510671015e-16,7.01264971815574,0.3316380709875375,0.8418509396724403,107.0,133.0,114.0,133.42100524902344
7.9,4.977684113989805e-06,0.0,2.1614654510671015e-16,7.01264971815574,0.3316380709875375,0.8418509396724403,107.0,133.0,114.0,133.42100524902344
7.95,3.776254411861068e-07,0.0,2.1614654510671015e-16,7.01264971815574,0.3316380709875375,0.8418509396724403,107.0,133.0,114.0,133.42100524902344
8.0,1.0299011471878288e-06,0.0,2.1614654510671015e-16,7.01264971815574,0.3316380709875375,0.8418509396724403,107.0,133.0,114.0,133.42100524902344
8.05,1.7164551917731185e-06,0.0,2.1614654510671015e-16,7.01264971815574,0.3316380709875375,0.8418509396724403,107.0,133.0,114.0,133.42100524902344
8.1,2.4030185919346372e-06,0.0,2.1614654510671015e-16,7.01264971815574,0.3316380709875375,0.8418509396724403,107.0,133.0,114.0,133.42100524902344
8.15,3.020949928718163e-06,0.0,2.1614654510671015e-16,7.01264971815574,0.3316380709875375,0.8418509396724403,107.0,133.0,114.0,133.42100524902344
8.200000000000001,3.6045440510196878e-06,0.0,2.1614654510671015e-16,7.01264971815574,0.3316380709875375,0.8418509396724403,107.0,133.0,114.0,133.42100524902344
8.25,4.256784171866348e-06,0.0,2.1614654510671015e-16,7.01264971815574,0.3316380709875375,0.8418509396724403,107.0,133.0,114.0,133.42100524902344
8.3,4.909034088488828e-06,0.0,2.1614654510671015e-16,7.01264971815574,0.3316380709875375,0.8418509396724403,107.0,133.0,114.0,133.42100524902344
8.35,1.0298664292226102e-07,0.0,2.1614654510671015e-16,7.01264971815574,0.3316380709875375,0.8418509396724403,107.0,133.0,114.0,133.42100524902344
8.4,6.179203920585254e-07,0.0,2.1614654510671015e-16,7.01264971815574,0.3316380709875375,0.8418509396724403,107.0,133.0,114.0,133.42100524902344
8.450000000000001,1.1671824427479727e-06,0.0,2.1614654510671015e-16,7.01264971815574,0.3316380709875375,0.8418509396724403,107.0,133.0,114.0,133.42100524902344
8.5,1.8194348429269654e-06,0.0,2.1614654510671015e-16,7.01264971815574,0.3316380709875375,0.8418509396724403,107.0,133.0,114.0,133.42100524902344
8.55,2.437359196225192e-06,0.0,2.1614654510671015e-16,7.01264971815574,0.3316380709875375,0.8418509396724403,107.0,133.0,114.0,133.42100524902344
8.6,3.1239255046932135e-06,0.0,2.1614654510671015e-16,7.01264971815574,0.3316380709875375,0.8418509396724403,107.0,133.0,114.0,133.42100524902344
8.65,3.810498376637644e-06,0.0,2.1614654510671015e-16,7.01264971815574,0.3316380709875375,0.8418509396724403,107.0,133.0,114.0,133.42100524902344
8.700000000000001,4.462742919296703e-06,0.0,2.1614654510671015e-16,7.01264971815574,0.3316380709875375,0.8418509396724403,107.0,133.0,114.0,133.42100524902344
8.75,5.114988191634034e-06,0.0,2.1614654510671015e-16,7.01264971815574,0.3316380709875375,0.8418509396724403,107.0,133.0,114.0,133.42100524902344
8.8,5.149448169264894e-07,0.0,2.1614654510671015e-16,7.01264971815574,0.3316380709875375,0.8418509396724403,107.0,133.0,114.0,133.42100524902344
8.85,1.201521883951843e-06,0.0,2.1614654510671015e-16,7.01264971815574,0.3316380709875375,0.8418509396724403,107.0,133.0,114.0,133.42100524902344
8.9,1.8880852258349482e-06,0.0,2.1614654510671015e-16,7.01264971815574,0.3316380709875375,0.8418509396724403,107.0,133.0,114.0,133.42100524902344
8.950000000000001,2.471681909103011e-06,0.0,2.1614654510671015e-16,7.01264971815574,0.3316380709875375,0.8418509396724403,107.0,133.0,114.0,133.42100524902344
9.0,3.0209403464727547e-06,0.0,2.1614654510671015e-16,7.01264971815574,0.3316380709875375,0.8418509396724403,107.0,133.0,114.0,133.42100524902344
9.05,3.6731883778502884e-06,0.0,2.1614654510671015e-16,7.01264971815574,0.3316380709875375,0.8418509396724403,107.0,133.0,114.0,133.42100524902344
9.1,4.222441119056347e-06,0.0,2.1614654510671015e-16,7.01264971815574,0.3316380709875375,0.8418509396724403,107.0,133.0,114.0,133.42100524902344
9.15,4.73738429318618e-06,0.0,2.1614654510671015e-16,7.01264971815574,0.3316380709875375,0.8418509396724403,107.0,133.0,114.0,133.42100524902344
9.200000000000001,2.0597322486517354e-07,0.0,2.1614654510671015e-16,7.01264971815574,0.3316380709875375,0.8418509396724403,107.0,133.0,114.0,133.42100524902344
9.25,7.209098764728812e-07,0.0,2.1614654510671015e-16,7.01264971815574,0.3316380709875375,0.8418509396724403,107.0,133.0,114.0,133.42100524902344
9.3,1.2701680903566623e-06,0.0,2.1614654510671015e-16,7.01264971815574,0.3316380709875375,0.8418509396724403,107.0,133.0,114.0,133.42100524902344
9.35,1.9224189328003814e-06,0.0,2.1614654510671015e-16,7.01264971815574,0.3316380709875375,0.8418509396724403,107.0,133.0,114.0,133.42100524902344
9.4,2.6089955309365355e-06,0.0,2.1614654510671015e-16,7.01264971815574,0.3316380709875375,0.8418509396724403,107.0,133.0,114.0,133.42100524902344
9.450000000000001,3.295570867091872e-06,0.0,2.1614654510671015e-16,7.01264971815574,0.3316380709875375,0.8418509396724403,107.0,133.0,114.0,133.42100524902344
9.5,3.982141985456651e-06,0.0,2.1614654510671015e-16,7.01264971815574,0.3316380709875375,0.8418509396724403,107.0,133.0,114.0,133.42100524902344
9.55,4.6343878905174685e-06,0.0,2.1614654510671015e-16,7.01264971815574,0.3316380709875375,0.8418509396724403,107.0,133.0,114.0,133.42100524902344
9.600000000000001,0.0,0.0,2.1614654510671015e-16,7.01264971815574,0.3316380709875375,0.8418509396724403,107.0,133.0,114.0,133.42100524902344
9.65,5.835903865478733e-07,0.0,2.1614654510671015e-16,7.01264971815574,0.3316380709875375,0.8418509396724403,107.0,133.0,114.0,133.42100524902344
9.700000000000001,1.1671812588004673e-06,0.0,2.1614654510671015e-16,7.01264971815574,0.3316380709875375,0.8418509396724403,107.0,133.0,114.0,133.42100524902344
9.75,1.8194294262066975e-06,0.0,2.1614654510671015e-16,7.01264971815574,0.3316380709875375,0.8418509396724403,107.0,133.0,114.0,133.42100524902344
9.8,2.4030179929323005e-06,0.0,2.1614654510671015e-16,7.01264971815574,0.3316380709875375,0.8418509396724403,107.0,133.0,114.0,133.42100524902344
9.850000000000001,2.95228095610349e-06,0.0,2.1614654510671015e-16,7.01264971815574,0.3316380709875375,0.8418509396724403,107.0,133.0,114.0,133.42100524902344
9.9,3.6388441298802164e-06,0.0,2.1614654510671015e-16,7.01264971815574,0.3316380709875375,0.8418509396724403,107.0,133.0,114.0,133.42100524902344
9.950000000000001,4.2567839183519066e-06,0.0,2.1614654510671015e-16,7.01264971815574,0.3316380709875375,0.8418509396724403,107.0,133.0,114.0,133.42100524902344
10.0,4.840380194113301e-06,0.0,2.1614654510671015e-16,7.01264971815574,0.3316380709875375,0.8418509396724403,107.0,133.0,114.0,133.42100524902344
10.05,3.432947304033333e-07,0.0,2.1614654510671015e-16,7.01264971815574,0.3316380709875375,0.8418509396724403,107.0,133.0,114.0,133.42100524902344
10.100000000000001,1.029866759953974e-06,0.0,2.1614654510671015e-16,7.01264971815574,0.3316380709875375,0.8418509396724403,107.0,133.0,114.0,133.42100524902344
10.15,1.6477848020137607e-06,0.0,2.1614654510671015e-16,7.01264971815574,0.3316380709875375,0.8418509396724403,107.0,133.0,114.0,133.42100524902344
10.200000000000001,2.3343625005749113e-06,0.0,2.1614654510671015e-16,7.01264971815574,0.3316380709875375,0.8418509396724403,107.0,133.0,114.0,133.42100524902344
10.25,2.917951269664644e-06,0.0,2.1614654510671015e-16,7.01264971815574,0.3316380709875375,0.8418509396724403,107.0,133.0,114.0,133.42100524902344
10.3,3.5701994880744393e-06,0.0,2.1614654510671015e-16,7.01264971815574,0.3316380709875375,0.8418509396724403,107.0,133.0,114.0,133.42100524902344
10.350000000000001,4.256784284497233e-06,0.0,2.1614654510671015e-16,7.01264971815574,0.3316380709875375,0.8418509396724403,107.0,133.0,114.0,133.42100524902344
10.4,4.909032358823581e-06,0.0,2.1614654510671015e-16,7.01264971815574,0.3316380709875375,0.8418509396724403,107.0,133.0,114.0,133.42100524902344
10.450000000000001,1.0298664292226102e-07,0.0,2.1614654510671015e-16,7.01264971815574,0.3316380709875375,0.8418509396724403,107.0,133.0,114.0,133.42100524902344
10.5,6.865792420753353e-07,0.0,2.1614654510671015e-16,7.01264971815574,0.3316380709875375,0.8418509396724403,107.0,133.0,114.0,133.42100524902344
10.55,1.3731583350080064e-06,0.0,2.1614654510671015e-16,7.01264971815574,0.3316380709875375,0.8418509396724403,107.0,133.0,114.0,133.42100524902344
10.600000000000001,2.0254041298225204e-06,0.0,2.1614654510671015e-16,7.01264971815574,0.3316380709875375,0.8418509396724403,107.0,133.0,114.0,133.42100524902344
10.65,2.711977430945178e-06,0.0,2.1614654510671015e-16,7.01264971815574,0.3316380709875375,0.8418509396724403,107.0,133.0,114.0,133.42100524902344
10.700000000000001,3.2612407292595627e-06,0.0,2.1614654510671015e-16,7.01264971815574,0.3316380709875375,0.8418509396724403,107.0,133.0,114.0,133.42100524902344
10.75,3.879144668721799e-06,0.0,2.1614654510671015e-16,7.01264971815574,0.3316380709875375,0.8418509396724403,107.0,133.0,114.0,133.42100524902344
10.8,4.462740599548882e-06,0.0,2.1614654510671015e-16,7.01264971815574,0.3316380709875375,0.8418509396724403,107.0,133.0,114.0,133.42100524902344
10.850000000000001,5.1493322382596845e-06,0.0,2.1614654510671015e-16,7.01264971815574,0.3316380709875375,0.8418509396724403,107.0,133.0,114.0,133.42100524902344
10.9,5.14934033620634e-07,0.0,2.1614654510671015e-16,7.01264971815574,0.3316380709875375,0.8418509396724403,107.0,133.0,114.0,133.42100524902344
10.950000000000001,1.0298669680913033e-06,0.0,2.1614654510671015e-16,7.01264971815574,0.3316380709875375,0.8418509396724403,107.0,133.0,114.0,133.42100524902344
11.0,1.6134552323109914e-06,0.0,2.1614654510671015e-16,7.01264971815574,0.3316380709875375,0.8418509396724403,107.0,133.0,114.0,133.42100524902344
11.05,2.265703169203047e-06,0.0,2.1614654510671015e-16,7.01264971815574,0.3316380709875375,0.8418509396724403,107.0,133.0,114.0,133.42100524902344
11.100000000000001,2.917951361639372e-06,0.0,2.1614654510671015e-16,7.01264971815574,0.3316380709875375,0.8418509396724403,107.0,133.0,114.0,133.42100524902344
11.15,3.6045360107579487e-06,0.0,2.1614654510671015e-16,7.01264971815574,0.3316380709875375,0.8418509396724403,107.0,133.0,114.0,133.42100524902344
11.200000000000001,4.2224403250964864e-06,0.0,2.1614654510671015e-16,7.01264971815574,0.3316380709875375,0.8418509396724403,107.0,133.0,114.0,133.42100524902344
11.25,4.737384159655187e-06,0.0,2.1614654510671015e-16,7.01264971815574,0.3316380709875375,0.8418509396724403,107.0,133.0,114.0,133.42100524902344
11.3,2.4030187974726177e-07,0.0,2.1614654510671015e-16,7.01264971815574,0.3316380709875375,0.8418509396724403,107.0,133.0,114.0,133.42100524902344
11.350000000000001,8.582221540382579e-07,0.0,2.1614654510671015e-16,7.01264971815574,0.3316380709875375,0.8418509396724403,107.0,133.0,114.0,133.42100524902344
11.4,1.4074811724931508e-06,0.0,2.1614654510671015e-16,7.01264971815574,0.3316380709875375,0.8418509396724403,107.0,133.0,114.0,133.42100524902344
11.450000000000001,1.9910738913948263e-06,0.0,2.1614654510671015e-16,7.01264971815574,0.3316380709875375,0.8418509396724403,107.0,133.0,114.0,133.42100524902344
11.5,2.6776515297857358e-06,0.0,2.1614654510671015e-16,7.01264971815574,0.3316380709875375,0.8418509396724403,107.0,133.0,114.0,133.42100524902344
11.55,3.2612399624760792e-06,0.0,2.1614654510671015e-16,7.01264971815574,0.3316380709875375,0.8418509396724403,107.0,133.0,114.0,133.42100524902344
11.600000000000001,3.776184207592474e-06,0.0,2.1614654510671015e-16,7.01264971815574,0.3316380709875375,0.8418509396724403,107.0,133.0,114.0,133.42100524902344
11.65,4.4627401297685365e-06,0.0,2.1614654510671015e-16,7.01264971815574,0.3316380709875375,0.8418509396724403,107.0,133.0,114.0,133.42100524902344
11.700000000000001,0.0,0.0,2.1614654510671015e-16,7.01264971815574,0.3316380709875375,0.8418509396724403,107.0,133.0,114.0,133.42100524902344
11.75,6.522480072968115e-07,0.0,2.1614654510671015e-16,7.01264971815574,0.3316380709875375,0.8418509396724403,107.0,133.0,114.0,133.42100524902344
11.8,1.3044960498369447e-06,0.0,2.1614654510671015e-16,7.01264971815574,0.3316380709875375,0.8418509396724403,107.0,133.0,114.0,133.42100524902344
11.850000000000001,1.956744295503424e-06,0.0,2.1614654510671015e-16,7.01264971815574,0.3316380709875375,0.8418509396724403,107.0,133.0,114.0,133.42100524902344
11.9,2.5403329430211485e-06,0.0,2.1614654510671015e-16,7.01264971815574,0.3316380709875375,0.8418509396724403,107.0,133.0,114.0,133.42100524902344
11.950000000000001,3.226911239039671e-06,0.0,2.1614654510671015e-16,7.01264971815574,0.3316380709875375,0.8418509396724403,107.0,133.0,114.0,133.42100524902344
12.0,3.879145458477983e-06,0.0,2.1614654510671015e-16,7.01264971815574,0.3316380709875375,0.8418509396724403,107.0,133.0,114.0,133.42100524902344
12.05,4.5313927204499255e-06,0.0,2.1614654510671015e-16,7.01264971815574,0.3316380709875375,0.8418509396724403,107.0,133.0,114.0,133.42100524902344
12.100000000000001,5.1836401556784724e-06,0.0,2.1614654510671015e-16,7.01264971815574,0.3316380709875375,0.8418509396724403,107.0,133.0,114.0,133.42100524902344
12.15,3.0896046732673595e-07,0.0,2.1614654510671015e-16,7.01264971815574,0.3316380709875375,0.8418509396724403,107.0,133.0,114.0,133.42100524902344
12.200000000000001,9.955371727684264e-07,0.0,2.1614654510671015e-16,7.01264971815574,0.3316380709875375,0.8418509396724403,107.0,133.0,114.0,133.42100524902344
12.25,1.6477847954698032e-06,0.0,2.1614654510671015e-16,7.01264971815574,0.3316380709875375,0.8418509396724403,107.0,133.0,114.0,133.42100524902344
12.3,2.2657037093132777e-06,0.0,2.1614654510671015e-16,7.01264971815574,0.3316380709875375,0.8418509396724403,107.0,133.0,114.0,133.42100524902344
12.350000000000001,2.8492919263207215e-06,0.0,2.1614654510671015e-16,7.01264971815574,0.3316380709875375,0.8418509396724403,107.0,133.0,114.0,133.42100524902344
12.4,3.4672149295661834e-06,0.0,2.1614654510671015e-16,7.01264971815574,0.3316380709875375,0.8418509396724403,107.0,133.0,114.0,133.42100524902344
12.450000000000001,4.08513855934407e-06,0.0,2.1614654510671015e-16,7.01264971815574,0.3316380709875375,0.8418509396724403,107.0,133.0,114.0,133.42100524902344
12.5,4.737384387220428e-06,0.0,2.1614654510671015e-16,7.01264971815574,0.3316380709875375,0.8418509396724403,107.0,133.0,114.0,133.42100524902344
12.55,1.3731556483615243e-07,0.0,2.1614654510671015e-16,7.01264971815574,0.3316380709875375,0.8418509396724403,107.0,133.0,114.0,133.42100524902344
12.600000000000001,7.895673458409042e-07,0.0,2.1614654510671015e-16,7.01264971815574,0.3316380709875375,0.8418509396724403,107.0,133.0,114.0,133.42100524902344
12.65,1.4418150194422303e-06,0.0,2.1614654510671015e-16,7.01264971815574,0.3316380709875375,0.8418509396724403,107.0,133.0,114.0,133.42100524902344
12.700000000000001,2.094060257737134e-06,0.0,2.1614654510671015e-16,7.01264971815574,0.3316380709875375,0.8418509396724403,107.0,133.0,114.0,133.42100524902344
12.75,2.6776513967297584e-06,0.0,2.1614654510671015e-16,7.01264971815574,0.3316380709875375,0.8418509396724403,107.0,133.0,114.0,133.42100524902344
12.8,3.2612405225467615e-06,0.0,2.1614654510671015e-16,7.01264971815574,0.3316380709875375,0.8418509396724403,107.0,133.0,114.0,133.42100524902344
12.850000000000001,3.844836031950795e-06,0.0,2.1614654510671015e-16,7.01264971815574,0.3316380709875375,0.8418509396724403,107.0,133.0,114.0,133.42100524902344
12.9,4.497083897091867e-06,0.0,2.1614654510671015e-16,7.01264971815574,0.3316380709875375,0.8418509396724403,107.0,133.0,114.0,133.42100524902344
12.950000000000001,5.1836399334226615e-06,0.0,2.1614654510671015e-16,7.01264971815574,0.3316380709875375,0.8418509396724403,107.0,133.0,114.0,133.42100524902344
13.0,5.492637716410851e-07,0.0,2.1614654510671015e-16,7.01264971815574,0.3316380709875375,0.8418509396724403,107.0,133.0,114.0,133.42100524902344
13.05,1.1671837099261629e-06,0.0,2.1614654510671015e-16,7.01264971815574,0.3316380709875375,0.8418509396724403,107.0,133.0,114.0,133.42100524902344
13.100000000000001,1.716440574897604e-06,0.0,2.1614654510671015e-16,7.01264971815574,0.3316380709875375,0.8418509396724403,107.0,133.0,114.0,133.42100524902344
13.15,2.231374719048195e-06,0.0,2.1614654510671015e-16,7.01264971815574,0.3316380709875375,0.8418509396724403,107.0,133.0,114.0,133.42100524902344
13.200000000000001,2.849291999222777e-06,0.0,2.1614654510671015e-16,7.01264971815574,0.3316380709875375,0.8418509396724403,107.0,133.0,114.0,133.42100524902344
13.25,3.5358701385415507e-06,0.0,2.1614654510671015e-16,7.01264971815574,0.3316380709875375,0.8418509396724403,107.0,133.0,114.0,133.42100524902344
13.3,4.222441515948619e-06,0.0,2.1614654510671015e-16,7.01264971815574,0.3316380709875375,0.8418509396724403,107.0,133.0,114.0,133.42100524902344
13.350000000000001,4.874688413170419e-06,0.0,2.1614654510671015e-16,7.01264971815574,0.3316380709875375,0.8418509396724403,107.0,133.0,114.0,133.42100524902344
13.4,2.0597322486517354e-07,0.0,2.1614654510671015e-16,7.01264971815574,0.3316380709875375,0.8418509396724403,107.0,133.0,114.0,133.42100524902344
13.450000000000001,7.209094669722e-07,0.0,2.1614654510671015e-16,7.01264971815574,0.3316380709875375,0.8418509396724403,107.0,133.0,114.0,133.42100524902344
13.5,1.4074816851411572e-06,0.0,2.1614654510671015e-16,7.01264971815574,0.3316380709875375,0.8418509396724403,107.0,133.0,114.0,133.42100524902344
13.55,2.094058903247511e-06,0.0,2.1614654510671015e-16,7.01264971815574,0.3316380709875375,0.8418509396724403,107.0,133.0,114.0,133.42100524902344
13.600000000000001,2.7463070700756844e-06,0.0,2.1614654510671015e-16,7.01264971815574,0.3316380709875375,0.8418509396724403,107.0,133.0,114.0,133.42100524902344
13.65,3.2612401073571583e-06,0.0,2.1614654510671015e-16,7.01264971815574,0.3316380709875375,0.8418509396724403,107.0,133.0,114.0,133.42100524902344
13.700000000000001,3.8104923424070914e-06,0.0,2.1614654510671015e-16,7.01264971815574,0.3316380709875375,0.8418509396724403,107.0,133.0,114.0,133.42100524902344
13.75,4.428433382058025e-06,0.0,2.1614654510671015e-16,7.01264971815574,0.3316380709875375,0.8418509396724403,107.0,133.0,114.0,133.42100524902344
13.8,0.0,0.0,2.1614654510671015e-16,7.01264971815574,0.3316380709875375,0.8418509396724403,107.0,133.0,114.0,133.42100524902344
13.850000000000001,5.836054430656342e-07,0.0,2.1614654510671015e-16,7.01264971815574,0.3316380709875375,0.8418509396724403,107.0,133.0,114.0,133.42100524902344
13.9,1.235837773650241e-06,0.0,2.1614654510671015e-16,7.01264971815574,0.3316380709875375,0.8418509396724403,107.0,133.0,114.0,133.42100524902344
13.950000000000001,1.8537595025838365e-06,0.0,2.1614654510671015e-16,7.01264971815574,0.3316380709875375,0.8418509396724403,107.0,133.0,114.0,133.42100524902344
14.0,2.4716785928885124e-06,0.0,2.1614654510671015e-16,7.01264971815574,0.3316380709875375,0.8418509396724403,107.0,133.0,114.0,133.42100524902344
14.05,3.1582566199200326e-06,0.0,2.1614654510671015e-16,7.01264971815574,0.3316380709875375,0.8418509396724403,107.0,133.0,114.0,133.42100524902344
14.100000000000001,3.844837487760424e-06,0.0,2.1614654510671015e-16,7.01264971815574,0.3316380709875375,0.8418509396724403,107.0,133.0,114.0,133.42100524902344
14.15,4.497083976161848e-06,0.0,2.1614654510671015e-16,7.01264971815574,0.3316380709875375,0.8418509396724403,107.0,133.0,114.0,133.42100524902344
14.200000000000001,5.012028312393027e-06,0.0,2.1614654510671015e-16,7.01264971815574,0.3316380709875375,0.8418509396724403,107.0,133.0,114.0,133.42100524902344
14.25,3.4329569996851375e-07,0.0,2.1614654510671015e-16,7.01264971815574,0.3316380709875375,0.8418509396724403,107.0,133.0,114.0,133.42100524902344
14.3,9.612075199812805e-07,0.0,2.1614654510671015e-16,7.01264971815574,0.3316380709875375,0.8418509396724403,107.0,133.0,114.0,133.42100524902344
14.350000000000001,1.6477848715612485e-06,0.0,2.1614654510671015e-16,7.01264971815574,0.3316380709875375,0.8418509396724403,107.0,133.0,114.0,133.42100524902344
14.4,2.3000327334455627e-06,0.0,2.1614654510671015e-16,7.01264971815574,0.3316380709875375,0.8418509396724403,107.0,133.0,114.0,133.42100524902344
14.450000000000001,2.952281131403795e-06,0.0,2.1614654510671015e-16,7.01264971815574,0.3316380709875375,0.8418509396724403,107.0,133.0,114.0,133.42100524902344
14.5,3.5358697547380165e-06,0.0,2.1614654510671015e-16,7.01264971815574,0.3316380709875375,0.8418509396724403,107.0,133.0,114.0,133.42100524902344
14.55,4.15378825017962e-06,0.0,2.1614654510671015e-16,7.01264971815574,0.3316380709875375,0.8418509396724403,107.0,133.0,114.0,133.42100524902344
14.600000000000001,4.806036082088397e-06,0.0,2.1614654510671015e-16,7.01264971815574,0.3316380709875375,0.8418509396724403,107.0,133.0,114.0,133.42100524902344
14.65,1.3731552221924945e-07,0.0,2.1614654510671015e-16,7.01264971815574,0.3316380709875375,0.8418509396724403,107.0,133.0,114.0,133.42100524902344
14.700000000000001,7.895635651331735e-07,0.0,2.1614654510671015e-16,7.01264971815574,0.3316380709875375,0.8418509396724403,107.0,133.0,114.0,133.42100524902344
14.75,1.3044964489916625e-06,0.0,2.1614654510671015e-16,7.01264971815574,0.3316380709875375,0.8418509396724403,107.0,133.0,114.0,133.42100524902344
14.8,1.8880849255513755e-06,0.0,2.1614654510671015e-16,7.01264971815574,0.3316380709875375,0.8418509396724403,107.0,133.0,114.0,133.42100524902344
14.850000000000001,2.506007256069286e-06,0.0,2.1614654510671015e-16,7.01264971815574,0.3316380709875375,0.8418509396724403,107.0,133.0,114.0,133.42100524902344
14.9,3.1925808364500965e-06,0.0,2.1614654510671015e-16,7.01264971815574,0.3316380709875375,0.8418509396724403,107.0,133.0,114.0,133.42100524902344
14.950000000000001,3.844836027019036e-06,0.0,2.1614654510671015e-16,7.01264971815574,0.3316380709875375,0.8418509396724403,107.0,133.0,114.0,133.42100524902344
15.0,4.35977982592517e-06,0.0,2.1614654510671015e-16,7.01264971815574,0.3316380709875375,0.8418509396724403,107.0,133.0,114.0,133.42100524902344
15.05,4.874688470356642e-06,0.0,2.1614654510671015e-16,7.01264971815574,0.3316380709875375,0.8418509396724403,107.0,133.0,114.0,133.42100524902344
15.100000000000001,4.806075416623635e-07,0.0,2.1614654510671015e-16,7.01264971815574,0.3316380709875375,0.8418509396724403,107.0,133.0,114.0,133.42100524902344
15.15,1.132854639354659e-06,0.0,2.1614654510671015e-16,7.01264971815574,0.3316380709875375,0.8418509396724403,107.0,133.0,114.0,133.42100524902344
15.200000000000001,1.7851026670418253e-06,0.0,2.1614654510671015e-16,7.01264971815574,0.3316380709875375,0.8418509396724403,107.0,133.0,114.0,133.42100524902344
15.25,2.4373505073617236e-06,0.0,2.1614654510671015e-16,7.01264971815574,0.3316380709875375,0.8418509396724403,107.0,133.0,114.0,133.42100524902344
15.3,3.0895960132105024e-06,0.0,2.1614654510671015e-16,7.01264971815574,0.3316380709875375,0.8418509396724403,107.0,133.0,114.0,133.42100524902344
15.350000000000001,3.6388440701449576e-06,0.0,2.1614654510671015e-16,7.01264971815574,0.3316380709875375,0.8418509396724403,107.0,133.0,114.0,133.42100524902344
15.4,4.325436157743307e-06,0.0,2.1614654510671015e-16,7.01264971815574,0.3316380709875375,0.8418509396724403,107.0,133.0,114.0,133.42100524902344
15.450000000000001,4.97768406429265e-06,0.0,2.1614654510671015e-16,7.01264971815574,0.3316380709875375,0.8418509396724403,107.0,133.0,114.0,133.42100524902344
15.5,2.0597322486517354e-07,0.0,2.1614654510671015e-16,7.01264971815574,0.3316380709875375,0.8418509396724403,107.0,133.0,114.0,133.42100524902344
15.55,8.238924553190767e-07,0.0,2.1614654510671015e-16,7.01264971815574,0.3316380709875375,0.8418509396724403,107.0,133.0,114.0,133.42100524902344
15.600000000000001,1.476141250239564e-06,0.0,2.1614654510671015e-16,7.01264971815574,0.3316380709875375,0.8418509396724403,107.0,133.0,114.0,133.42100524902344
15.65,2.0940609925615015e-06,0.0,2.1614654510671015e-16,7.01264971815574,0.3316380709875375,0.8418509396724403,107.0,133.0,114.0,133.42100524902344
15.700000000000001,2.7463072773744325e-06,0.0,2.1614654510671015e-16,7.01264971815574,0.3316380709875375,0.8418509396724403,107.0,133.0,114.0,133.42100524902344
15.75,3.2612403122394413e-06,0.0,2.1614654510671015e-16,7.01264971815574,0.3316380709875375,0.8418509396724403,107.0,133.0,114.0,133.42100524902344
15.8,3.844837097390475e-06,0.0,2.1614654510671015e-16,7.01264971815574,0.3316380709875375,0.8418509396724403,107.0,133.0,114.0,133.42100524902344
15.850000000000001,4.497084069111512e-06,0.0,2.1614654510671015e-16,7.01264971815574,0.3316380709875375,0.8418509396724403,107.0,133.0,114.0,133.42100524902344
15.9,0.0,0.0,2.1614654510671015e-16,7.01264971815574,0.3316380709875375,0.8418509396724403,107.0,133.0,114.0,133.42100524902344
15.950000000000001,6.86579356609722e-07,0.0,2.1614654510671015e-16,7.01264971815574,0.3316380709875375,0.8418509396724403,107.0,133.0,114.0,133.42100524902344
16.0,1.270166861894705e-06,0.0,2.1614654510671015e-16,7.01264971815574,0.3316380709875375,0.8418509396724403,107.0,133.0,114.0,133.42100524902344
16.05,1.8537587895532369e-06,0.0,2.1614654510671015e-16,7.01264971815574,0.3316380709875375,0.8418509396724403,107.0,133.0,114.0,133.42100524902344
16.1,2.403018003208484e-06,0.0,2.1614654510671015e-16,7.01264971815574,0.3316380709875375,0.8418509396724403,107.0,133.0,114.0,133.42100524902344
16.150000000000002,2.9522813762349295e-06,0.0,2.1614654510671015e-16,7.01264971815574,0.3316380709875375,0.8418509396724403,107.0,133.0,114.0,133.42100524902344
16.2,3.6045359886251748e-06,0.0,2.1614654510671015e-16,7.01264971815574,0.3316380709875375,0.8418509396724403,107.0,133.0,114.0,133.42100524902344
16.25,4.291092543309355e-06,0.0,2.1614654510671015e-16,7.01264971815574,0.3316380709875375,0.8418509396724403,107.0,133.0,114.0,133.42100524902344
16.3,4.874688158377793e-06,0.0,2.1614654510671015e-16,7.01264971815574,0.3316380709875375,0.8418509396724403,107.0,133.0,114.0,133.42100524902344
16.35,3.0896012799637223e-07,0.0,2.1614654510671015e-16,7.01264971815574,0.3316380709875375,0.8418509396724403,107.0,133.0,114.0,133.42100524902344
16.400000000000002,8.582225399721154e-07,0.0,2.1614654510671015e-16,7.01264971815574,0.3316380709875375,0.8418509396724403,107.0,133.0,114.0,133.42100524902344
16.45,1.5447997373915675e-06,0.0,2.1614654510671015e-16,7.01264971815574,0.3316380709875375,0.8418509396724403,107.0,133.0,114.0,133.42100524902344
16.5,2.1970442163795133e-06,0.0,2.1614654510671015e-16,7.01264971815574,0.3316380709875375,0.8418509396724403,107.0,133.0,114.0,133.42100524902344
16.55,2.711977274228388e-06,0.0,2.1614654510671015e-16,7.01264971815574,0.3316380709875375,0.8418509396724403,107.0,133.0,114.0,133.42100524902344
16.6,3.261239961809442e-06,0.0,2.1614654510671015e-16,7.01264971815574,0.3316380709875375,0.8418509396724403,107.0,133.0,114.0,133.42100524902344
16.650000000000002,3.947832530625945e-06,0.0,2.1614654510671015e-16,7.01264971815574,0.3316380709875375,0.8418509396724403,107.0,133.0,114.0,133.42100524902344
16.7,4.6000801403443915e-06,0.0,2.1614654510671015e-16,7.01264971815574,0.3316380709875375,0.8418509396724403,107.0,133.0,114.0,133.42100524902344
16.75,1.0298664292227392e-07,0.0,2.1614654510671015e-16,7.01264971815574,0.3316380709875375,0.8418509396724403,107.0,133.0,114.0,133.42100524902344
16.8,6.865793147215003e-07,0.0,2.1614654510671015e-16,7.01264971815574,0.3316380709875375,0.8418509396724403,107.0,133.0,114.0,133.42100524902344
16.85,1.3731559572604447e-06,0.0,2.1614654510671015e-16,7.01264971815574,0.3316380709875375,0.8418509396724403,107.0,133.0,114.0,133.42100524902344
16.900000000000002,2.0254035064872607e-06,0.0,2.1614654510671015e-16,7.01264971815574,0.3316380709875375,0.8418509396724403,107.0,133.0,114.0,133.42100524902344
16.95,2.57466244477578e-06,0.0,2.1614654510671015e-16,7.01264971815574,0.3316380709875375,0.8418509396724403,107.0,133.0,114.0,133.42100524902344
17.0,3.0895957112430928e-06,0.0,2.1614654510671015e-16,7.01264971815574,0.3316380709875375,0.8418509396724403,107.0,133.0,114.0,133.42100524902344
17.05,3.7418403799710385e-06,0.0,2.1614654510671015e-16,7.01264971815574,0.3316380709875375,0.8418509396724403,107.0,133.0,114.0,133.42100524902344
17.1,4.428432066563067e-06,0.0,2.1614654510671015e-16,7.01264971815574,0.3316380709875375,0.8418509396724403,107.0,133.0,114.0,133.42100524902344
17.150000000000002,5.080679982441782e-06,0.0,2.1614654510671015e-16,7.01264971815574,0.3316380709875375,0.8418509396724403,107.0,133.0,114.0,133.42100524902344
17.2,4.462741911162688e-07,0.0,2.1614654510671015e-16,7.01264971815574,0.3316380709875375,0.8418509396724403,107.0,133.0,114.0,133.42100524902344
17.25,1.098522076393935e-06,0.0,2.1614654510671015e-16,7.01264971815574,0.3316380709875375,0.8418509396724403,107.0,133.0,114.0,133.42100524902344
17.3,1.7507701776762992e-06,0.0,2.1614654510671015e-16,7.01264971815574,0.3316380709875375,0.8418509396724403,107.0,133.0,114.0,133.42100524902344
17.35,2.2657032309552925e-06,0.0,2.1614654510671015e-16,7.01264971815574,0.3316380709875375,0.8418509396724403,107.0,133.0,114.0,133.42100524902344
17.400000000000002,2.8836224774850093e-06,0.0,2.1614654510671015e-16,7.01264971815574,0.3316380709875375,0.8418509396724403,107.0,133.0,114.0,133.42100524902344
17.45,3.501541746780986e-06,0.0,2.1614654510671015e-16,7.01264971815574,0.3316380709875375,0.8418509396724403,107.0,133.0,114.0,133.42100524902344
17.5,4.188132670105259e-06,0.0,2.1614654510671015e-16,7.01264971815574,0.3316380709875375,0.8418509396724403,107.0,133.0,114.0,133.42100524902344
17.55,4.874688459343068e-06,0.0,2.1614654510671015e-16,7.01264971815574,0.3316380709875375,0.8418509396724403,107.0,133.0,114.0,133.42100524902344
17.6,2.40303955757665e-07,0.0,2.1614654510671015e-16,7.01264971815574,0.3316380709875375,0.8418509396724403,107.0,133.0,114.0,133.42100524902344
17.650000000000002,8.238930274791018e-07,0.0,2.1614654510671015e-16,7.01264971815574,0.3316380709875375,0.8418509396724403,107.0,133.0,114.0,133.42100524902344
17.7,1.510470683556588e-06,0.0,2.1614654510671015e-16,7.01264971815574,0.3316380709875375,0.8418509396724403,107.0,133.0,114.0,133.42100524902344
17.75,2.1283893935213087e-06,0.0,2.1614654510671015e-16,7.01264971815574,0.3316380709875375,0.8418509396724403,107.0,133.0,114.0,133.42100524902344
17.8,2.7119785257641e-06,0.0,2.1614654510671015e-16,7.01264971815574,0.3316380709875375,0.8418509396724403,107.0,133.0,114.0,133.42100524902344
17.85,3.3642256610259265e-06,0.0,2.1614654510671015e-16,7.01264971815574,0.3316380709875375,0.8418509396724403,107.0,133.0,114.0,133.42100524902344
17.900000000000002,3.9134880986249355e-06,0.0,2.1614654510671015e-16,7.01264971815574,0.3316380709875375,0.8418509396724403,107.0,133.0,114.0,133.42100524902344
17.95,4.565736504534777e-06,0.0,2.1614654510671015e-16,7.01264971815574,0.3316380709875375,0.8418509396724403,107.0,133.0,114.0,133.42100524902344
18.0,0.0,0.0,2.1614654510671015e-16,7.01264971815574,0.3316380709875375,0.8418509396724403,107.0,133.0,114.0,133.42100524902344
18.05,6.522480085672701e-07,0.0,2.1614654510671015e-16,7.01264971815574,0.3316380709875375,0.8418509396724403,107.0,133.0,114.0,133.42100524902344
18.1,1.2701664186996618e-06,0.0,2.1614654510671015e-16,7.01264971815574,0.3316380709875375,0.8418509396724403,107.0,133.0,114.0,133.42100524902344
18.150000000000002,1.7851013847304986e-06,0.0,2.1614654510671015e-16,7.01264971815574,0.3316380709875375,0.8418509396724403,107.0,133.0,114.0,133.42100524902344
18.2,2.4716793575434576e-06,0.0,2.1614654510671015e-16,7.01264971815574,0.3316380709875375,0.8418509396724403,107.0,133.0,114.0,133.42100524902344
18.25,3.1582568463360657e-06,0.0,2.1614654510671015e-16,7.01264971815574,0.3316380709875375,0.8418509396724403,107.0,133.0,114.0,133.42100524902344
18.3,3.8104923506901775e-06,0.0,2.1614654510671015e-16,7.01264971815574,0.3316380709875375,0.8418509396724403,107.0,133.0,114.0,133.42100524902344
18.35,4.462740413212023e-06,0.0,2.1614654510671015e-16,7.01264971815574,0.3316380709875375,0.8418509396724403,107.0,133.0,114.0,133.42100524902344
18.400000000000002,5.046335869183833e-06,0.0,2.1614654510671015e-16,7.01264971815574,0.3316380709875375,0.8418509396724403,107.0,133.0,114.0,133.42100524902344
18.45,3.0896012799637223e-07,0.0,2.1614654510671015e-16,7.01264971815574,0.3316380709875375,0.8418509396724403,107.0,133.0,114.0,133.42100524902344
18.5,8.925519210794117e-07,0.0,2.1614654510671015e-16,7.01264971815574,0.3316380709875375,0.8418509396724403,107.0,133.0,114.0,133.42100524902344
18.55,1.5448005299849737e-06,0.0,2.1614654510671015e-16,7.01264971815574,0.3316380709875375,0.8418509396724403,107.0,133.0,114.0,133.42100524902344
18.6,2.231375101032885e-06,0.0,2.1614654510671015e-16,7.01264971815574,0.3316380709875375,0.8418509396724403,107.0,133.0,114.0,133.42100524902344
18.650000000000002,2.8149675932045417e-06,0.0,2.1614654510671015e-16,7.01264971815574,0.3316380709875375,0.8418509396724403,107.0,133.0,114.0,133.42100524902344
18.7,3.467214293698094e-06,0.0,2.1614654510671015e-16,7.01264971815574,0.3316380709875375,0.8418509396724403,107.0,133.0,114.0,133.42100524902344
18.75,3.982140190093786e-06,0.0,2.1614654510671015e-16,7.01264971815574,0.3316380709875375,0.8418509396724403,107.0,133.0,114.0,133.42100524902344
18.8,4.600082224105471e-06,0.0,2.1614654510671015e-16,7.01264971815574,0.3316380709875375,0.8418509396724403,107.0,133.0,114.0,133.42100524902344
18.85,1.0298675053683425e-07,0.0,2.1614654510671015e-16,7.01264971815574,0.3316380709875375,0.8418509396724403,107.0,133.0,114.0,133.42100524902344
18.900000000000002,7.895758680108593e-07,0.0,2.1614654510671015e-16,7.01264971815574,0.3316380709875375,0.8418509396724403,107.0,133.0,114.0,133.42100524902344
18.95,1.476145959390559e-06,0.0,2.1614654510671015e-16,7.01264971815574,0.3316380709875375,0.8418509396724403,107.0,133.0,114.0,133.42100524902344
19.0,2.0940601391005144e-06,0.0,2.1614654510671015e-16,7.01264971815574,0.3316380709875375,0.8418509396724403,107.0,133.0,114.0,133.42100524902344
19.05,2.7463095741790213e-06,0.0,2.1614654510671015e-16,7.01264971815574,0.3316380709875375,0.8418509396724403,107.0,133.0,114.0,133.42100524902344
19.1,3.2612422553737684e-06,0.0,2.1614654510671015e-16,7.01264971815574,0.3316380709875375,0.8418509396724403,107.0,133.0,114.0,133.42100524902344
19.150000000000002,3.913489713598148e-06,0.0,2.1614654510671015e-16,7.01264971815574,0.3316380709875375,0.8418509396724403,107.0,133.0,114.0,133.42100524902344
19.200000000000003,4.42843510740781e-06,0.0,2.1614654510671015e-16,7.01264971815574,0.3316380709875375,0.8418509396724403,107.0,133.0,114.0,133.42100524902344
19.25,5.080680021233223e-06,0.0,2.1614654510671015e-16,7.01264971815574,0.3316380709875375,0.8418509396724403,107.0,133.0,114.0,133.42100524902344
19.3,5.149448169264894e-07,0.0,2.1614654510671015e-16,7.01264971815574,0.3316380709875375,0.8418509396724403,107.0,133.0,114.0,133.42100524902344
19.35,1.2015109601303232e-06,0.0,2.1614654510671015e-16,7.01264971815574,0.3316380709875375,0.8418509396724403,107.0,133.0,114.0,133.42100524902344
19.400000000000002,1.7851070660446487e-06,0.0,2.1614654510671015e-16,7.01264971815574,0.3316380709875375,0.8418509396724403,107.0,133.0,114.0,133.42100524902344
19.450000000000003,2.4373476778980857e-06,0.0,2.1614654510671015e-16,7.01264971815574,0.3316380709875375,0.8418509396724403,107.0,133.0,114.0,133.42100524902344
19.5,3.0209388419022535e-06,0.0,2.1614654510671015e-16,7.01264971815574,0.3316380709875375,0.8418509396724403,107.0,133.0,114.0,133.42100524902344
19.55,3.673188804401222e-06,0.0,2.1614654510671015e-16,7.01264971815574,0.3316380709875375,0.8418509396724403,107.0,133.0,114.0,133.42100524902344
19.6,4.256784355416356e-06,0.0,2.1614654510671015e-16,7.01264971815574,0.3316380709875375,0.8418509396724403,107.0,133.0,114.0,133.42100524902344
19.650000000000002,4.943341633680536e-06,0.0,2.1614654510671015e-16,7.01264971815574,0.3316380709875375,0.8418509396724403,107.0,133.0,114.0,133.42100524902344
19.700000000000003,2.7463658157530035e-07,0.0,2.1614654510671015e-16,7.01264971815574,0.3316380709875375,0.8418509396724403,107.0,133.0,114.0,133.42100524902344
19.75,9.268826729119057e-07,0.0,2.1614654510671015e-16,7.01264971815574,0.3316380709875375,0.8418509396724403,107.0,133.0,114.0,133.42100524902344
19.8,1.5791286479275524e-06,0.0,2.1614654510671015e-16,7.01264971815574,0.3316380709875375,0.8418509396724403,107.0,133.0,114.0,133.42100524902344
19.85,2.1970463124226395e-06,0.0,2.1614654510671015e-16,7.01264971815574,0.3316380709875375,0.8418509396724403,107.0,133.0,114.0,133.42100524902344
19.900000000000002,2.8149690226195887e-06,0.0,2.1614654510671015e-16,7.01264971815574,0.3316380709875375,0.8418509396724403,107.0,133.0,114.0,133.42100524902344
19.950000000000003,3.364227855005648e-06,0.0,2.1614654510671015e-16,7.01264971815574,0.3316380709875375,0.8418509396724403,107.0,133.0,114.0,133.42100524902344
20.0,4.016484441151919e-06,0.0,2.1614654510671015e-16,7.01264971815574,0.3316380709875375,0.8418509396724403,107.0,133.0,114.0,133.42100524902344
20.05,4.600082876738248e-06,0.0,2.1614654510671015e-16,7.01264971815574,0.3316380709875375,0.8418509396724403,107.0,133.0,114.0,133.42100524902344
20.1,0.0,0.0,2.1614654510671015e-16,7.01264971815574,0.3316380709875375,0.8418509396724403,107.0,133.0,114.0,133.42100524902344
20.150000000000002,6.522638283497999e-07,0.0,2.1614654510671015e-16,7.01264971815574,0.3316380709875375,0.8418509396724403,107.0,133.0,114.0,133.42100524902344
20.200000000000003,1.3044969266436627e-06,0.0,2.1614654510671015e-16,7.01264971815574,0.3316380709875375,0.8418509396724403,107.0,133.0,114.0,133.42100524902344
20.25,1.8880872762080721e-06,0.0,2.1614654510671015e-16,7.01264971815574,0.3316380709875375,0.8418509396724403,107.0,133.0,114.0,133.42100524902344
20.3,2.5060101511351177e-06,0.0,2.1614654510671015e-16,7.01264971815574,0.3316380709875375,0.8418509396724403,107.0,133.0,114.0,133.42100524902344
20.35,3.1239255088867245e-06,0.0,2.1614654510671015e-16,7.01264971815574,0.3316380709875375,0.8418509396724403,107.0,133.0,114.0,133.42100524902344
20.400000000000002,3.7761873565600377e-06,0.0,2.1614654510671015e-16,7.01264971815574,0.3316380709875375,0.8418509396724403,107.0,133.0,114.0,133.42100524902344
20.450000000000003,4.462740227578806e-06,0.0,2.1614654510671015e-16,7.01264971815574,0.3316380709875375,0.8418509396724403,107.0,133.0,114.0,133.42100524902344
20.5,5.1149894926253514e-06,0.0,2.1614654510671015e-16,7.01264971815574,0.3316380709875375,0.8418509396724403,107.0,133.0,114.0,133.42100524902344
20.55,3.776254411861068e-07,0.0,2.1614654510671015e-16,7.01264971815574,0.3316380709875375,0.8418509396724403,107.0,133.0,114.0,133.42100524902344
20.6,9.955397502864282e-07,0.0,2.1614654510671015e-16,7.01264971815574,0.3316380709875375,0.8418509396724403,107.0,133.0,114.0,133.42100524902344
20.650000000000002,1.6134622238988751e-06,0.0,2.1614654510671015e-16,7.01264971815574,0.3316380709875375,0.8418509396724403,107.0,133.0,114.0,133.42100524902344
20.700000000000003,2.2657034087627183e-06,0.0,2.1614654510671015e-16,7.01264971815574,0.3316380709875375,0.8418509396724403,107.0,133.0,114.0,133.42100524902344
20.75,2.9522811420761835e-06,0.0,2.1614654510671015e-16,7.01264971815574,0.3316380709875375,0.8418509396724403,107.0,133.0,114.0,133.42100524902344
20.8,3.535872168783192e-06,0.0,2.1614654510671015e-16,7.01264971815574,0.3316380709875375,0.8418509396724403,107.0,133.0,114.0,133.42100524902344
20.85,4.188132388328907e-06,0.0,2.1614654510671015e-16,7.01264971815574,0.3316380709875375,0.8418509396724403,107.0,133.0,114.0,133.42100524902344
20.900000000000002,4.840381107676605e-06,0.0,2.1614654510671015e-16,7.01264971815574,0.3316380709875375,0.8418509396724403,107.0,133.0,114.0,133.42100524902344
20.950000000000003,1.3731556483615243e-07,0.0,2.1614654510671015e-16,7.01264971815574,0.3316380709875375,0.8418509396724403,107.0,133.0,114.0,133.42100524902344
21.0,6.522529328123063e-07,0.0,2.1614654510671015e-16,7.01264971815574,0.3316380709875375,0.8418509396724403,107.0,133.0,114.0,133.42100524902344
21.05,1.3388270128369515e-06,0.0,2.1614654510671015e-16,7.01264971815574,0.3316380709875375,0.8418509396724403,107.0,133.0,114.0,133.42100524902344
21.1,2.0254043284689807e-06,0.0,2.1614654510671015e-16,7.01264971815574,0.3316380709875375,0.8418509396724403,107.0,133.0,114.0,133.42100524902344
21.150000000000002,2.677651181378514e-06,0.0,2.1614654510671015e-16,7.01264971815574,0.3316380709875375,0.8418509396724403,107.0,133.0,114.0,133.42100524902344
21.200000000000003,3.226910582006985e-06,0.0,2.1614654510671015e-16,7.01264971815574,0.3316380709875375,0.8418509396724403,107.0,133.0,114.0,133.42100524902344
21.25,3.7418399870381925e-06,0.0,2.1614654510671015e-16,7.01264971815574,0.3316380709875375,0.8418509396724403,107.0,133.0,114.0,133.42100524902344
21.3,4.325436160095304e-06,0.0,2.1614654510671015e-16,7.01264971815574,0.3316380709875375,0.8418509396724403,107.0,133.0,114.0,133.42100524902344
21.35,5.012028377290952e-06,0.0,2.1614654510671015e-16,7.01264971815574,0.3316380709875375,0.8418509396724403,107.0,133.0,114.0,133.42100524902344
21.400000000000002,5.149335761050959e-07,0.0,2.1614654510671015e-16,7.01264971815574,0.3316380709875375,0.8418509396724403,107.0,133.0,114.0,133.42100524902344
21.450000000000003,1.1328533816700695e-06,0.0,2.1614654510671015e-16,7.01264971815574,0.3316380709875375,0.8418509396724403,107.0,133.0,114.0,133.42100524902344
21.5,1.6821146793887527e-06,0.0,2.1614654510671015e-16,7.01264971815574,0.3316380709875375,0.8418509396724403,107.0,133.0,114.0,133.42100524902344
21.55,2.1970455772545338e-06,0.0,2.1614654510671015e-16,7.01264971815574,0.3316380709875375,0.8418509396724403,107.0,133.0,114.0,133.42100524902344
21.6,2.849292525622207e-06,0.0,2.1614654510671015e-16,7.01264971815574,0.3316380709875375,0.8418509396724403,107.0,133.0,114.0,133.42100524902344
21.650000000000002,3.5358695758558228e-06,0.0,2.1614654510671015e-16,7.01264971815574,0.3316380709875375,0.8418509396724403,107.0,133.0,114.0,133.42100524902344
21.700000000000003,4.188132714456911e-06,0.0,2.1614654510671015e-16,7.01264971815574,0.3316380709875375,0.8418509396724403,107.0,133.0,114.0,133.42100524902344
21.75,4.840381486892374e-06,0.0,2.1614654510671015e-16,7.01264971815574,0.3316380709875375,0.8418509396724403,107.0,133.0,114.0,133.42100524902344
21.8,2.403077292303239e-07,0.0,2.1614654510671015e-16,7.01264971815574,0.3316380709875375,0.8418509396724403,107.0,133.0,114.0,133.42100524902344
21.85,7.895651892449994e-07,0.0,2.1614654510671015e-16,7.01264971815574,0.3316380709875375,0.8418509396724403,107.0,133.0,114.0,133.42100524902344
21.900000000000002,1.4761429663526098e-06,0.0,2.1614654510671015e-16,7.01264971815574,0.3316380709875375,0.8418509396724403,107.0,133.0,114.0,133.42100524902344
21.950000000000003,2.128392576402972e-06,0.0,2.1614654510671015e-16,7.01264971815574,0.3316380709875375,0.8418509396724403,107.0,133.0,114.0,133.42100524902344
22.0,2.780636854265777e-06,0.0,2.1614654510671015e-16,7.01264971815574,0.3316380709875375,0.8418509396724403,107.0,133.0,114.0,133.42100524902344
22.05,3.432884369633653e-06,0.0,2.1614654510671015e-16,7.01264971815574,0.3316380709875375,0.8418509396724403,107.0,133.0,114.0,133.42100524902344
22.1,3.982141913445948e-06,0.0,2.1614654510671015e-16,7.01264971815574,0.3316380709875375,0.8418509396724403,107.0,133.0,114.0,133.42100524902344
22.150000000000002,4.634388220053268e-06,0.0,2.1614654510671015e-16,7.01264971815574,0.3316380709875375,0.8418509396724403,107.0,133.0,114.0,133.42100524902344
22.200000000000003,0.0,0.0,2.1614654510671015e-16,7.01264971815574,0.3316380709875375,0.8418509396724403,107.0,133.0,114.0,133.42100524902344
22.25,5.836054430656342e-07,0.0,2.1614654510671015e-16,7.01264971815574,0.3316380709875375,0.8418509396724403,107.0,133.0,114.0,133.42100524902344
22.3,1.235837773650241e-06,0.0,2.1614654510671015e-16,7.01264971815574,0.3316380709875375,0.8418509396724403,107.0,133.0,114.0,133.42100524902344
22.35,1.8880875704620808e-06,0.0,2.1614654510671015e-16,7.01264971815574,0.3316380709875375,0.8418509396724403,107.0,133.0,114.0,133.42100524902344
22.400000000000002,2.540338748168364e-06,0.0,2.1614654510671015e-16,7.01264971815574,0.3316380709875375,0.8418509396724403,107.0,133.0,114.0,133.42100524902344
22.450000000000003,3.192580974094954e-06,0.0,2.1614654510671015e-16,7.01264971815574,0.3316380709875375,0.8418509396724403,107.0,133.0,114.0,133.42100524902344
22.5,3.844838934536518e-06,0.0,2.1614654510671015e-16,7.01264971815574,0.3316380709875375,0.8418509396724403,107.0,133.0,114.0,133.42100524902344
22.55,4.49708392909657e-06,0.0,2.1614654510671015e-16,7.01264971815574,0.3316380709875375,0.8418509396724403,107.0,133.0,114.0,133.42100524902344
22.6,5.0806814110945356e-06,0.0,2.1614654510671015e-16,7.01264971815574,0.3316380709875375,0.8418509396724403,107.0,133.0,114.0,133.42100524902344
22.650000000000002,3.776254411861068e-07,0.0,2.1614654510671015e-16,7.01264971815574,0.3316380709875375,0.8418509396724403,107.0,133.0,114.0,133.42100524902344
22.700000000000003,9.955397502864282e-07,0.0,2.1614654510671015e-16,7.01264971815574,0.3316380709875375,0.8418509396724403,107.0,133.0,114.0,133.42100524902344
22.75,1.6134622238988751e-06,0.0,2.1614654510671015e-16,7.01264971815574,0.3316380709875375,0.8418509396724403,107.0,133.0,114.0,133.42100524902344
22.8,2.2657034087627183e-06,0.0,2.1614654510671015e-16,7.01264971815574,0.3316380709875375,0.8418509396724403,107.0,133.0,114.0,133.42100524902344
22.85,2.917952618646786e-06,0.0,2.1614654510671015e-16,7.01264971815574,0.3316380709875375,0.8418509396724403,107.0,133.0,114.0,133.42100524902344
22.900000000000002,3.5702040429188264e-06,0.0,2.1614654510671015e-16,7.01264971815574,0.3316380709875375,0.8418509396724403,107.0,133.0,114.0,133.42100524902344
22.950000000000003,4.222440481706159e-06,0.0,2.1614654510671015e-16,7.01264971815574,0.3316380709875375,0.8418509396724403,107.0,133.0,114.0,133.42100524902344
23.0,4.874690338478515e-06,0.0,2.1614654510671015e-16,7.01264971815574,0.3316380709875375,0.8418509396724403,107.0,133.0,114.0,133.42100524902344
23.05,1.3731556483615243e-07,0.0,2.1614654510671015e-16,7.01264971815574,0.3316380709875375,0.8418509396724403,107.0,133.0,114.0,133.42100524902344
23.1,7.209287223636711e-07,0.0,2.1614654510671015e-16,7.01264971815574,0.3316380709875375,0.8418509396724403,107.0,133.0,114.0,133.42100524902344
23.150000000000002,1.3731552079687766e-06,0.0,2.1614654510671015e-16,7.01264971815574,0.3316380709875375,0.8418509396724403,107.0,133.0,114.0,133.42100524902344
23.200000000000003,2.0597386133037597e-06,0.0,2.1614654510671015e-16,7.01264971815574,0.3316380709875375,0.8418509396724403,107.0,133.0,114.0,133.42100524902344
23.25,2.746307670458177e-06,0.0,2.1614654510671015e-16,7.01264971815574,0.3316380709875375,0.8418509396724403,107.0,133.0,114.0,133.42100524902344
23.3,3.3642269697645796e-06,0.0,2.1614654510671015e-16,7.01264971815574,0.3316380709875375,0.8418509396724403,107.0,133.0,114.0,133.42100524902344
23.35,4.0164848994591875e-06,0.0,2.1614654510671015e-16,7.01264971815574,0.3316380709875375,0.8418509396724403,107.0,133.0,114.0,133.42100524902344
23.400000000000002,4.565736771611536e-06,0.0,2.1614654510671015e-16,7.01264971815574,0.3316380709875375,0.8418509396724403,107.0,133.0,114.0,133.42100524902344
23.450000000000003,5.183641727706368e-06,0.0,2.1614654510671015e-16,7.01264971815574,0.3316380709875375,0.8418509396724403,107.0,133.0,114.0,133.42100524902344
23.5,5.149438062380793e-07,0.0,2.1614654510671015e-16,7.01264971815574,0.3316380709875375,0.8418509396724403,107.0,133.0,114.0,133.42100524902344
23.55,1.167187923371098e-06,0.0,2.1614654510671015e-16,7.01264971815574,0.3316380709875375,0.8418509396724403,107.0,133.0,114.0,133.42100524902344
23.6,1.8194292314237318e-06,0.0,2.1614654510671015e-16,7.01264971815574,0.3316380709875375,0.8418509396724403,107.0,133.0,114.0,133.42100524902344
23.650000000000002,2.437349907538573e-06,0.0,2.1614654510671015e-16,7.01264971815574,0.3316380709875375,0.8418509396724403,107.0,133.0,114.0,133.42100524902344
23.700000000000003,3.0552682393488538e-06,0.0,2.1614654510671015e-16,7.01264971815574,0.3316380709875375,0.8418509396724403,107.0,133.0,114.0,133.42100524902344
23.75,3.7075319451160497e-06,0.0,2.1614654510671015e-16,7.01264971815574,0.3316380709875375,0.8418509396724403,107.0,133.0,114.0,133.42100524902344
23.8,4.394088004613229e-06,0.0,2.1614654510671015e-16,7.01264971815574,0.3316380709875375,0.8418509396724403,107.0,133.0,114.0,133.42100524902344
23.85,5.046336216019698e-06,0.0,2.1614654510671015e-16,7.01264971815574,0.3316380709875375,0.8418509396724403,107.0,133.0,114.0,133.42100524902344
23.900000000000002,2.4030465363558615e-07,0.0,2.1614654510671015e-16,7.01264971815574,0.3316380709875375,0.8418509396724403,107.0,133.0,114.0,133.42100524902344
23.950000000000003,8.582238671243042e-07,0.0,2.1614654510671015e-16,7.01264971815574,0.3316380709875375,0.8418509396724403,107.0,133.0,114.0,133.42100524902344
24.0,1.5104707787580664e-06,0.0,2.1614654510671015e-16,7.01264971815574,0.3316380709875375,0.8418509396724403,107.0,133.0,114.0,133.42100524902344
24.05,2.1627185599448133e-06,0.0,2.1614654510671015e-16,7.01264971815574,0.3316380709875375,0.8418509396724403,107.0,133.0,114.0,133.42100524902344
24.1,2.814966004258131e-06,0.0,2.1614654510671015e-16,7.01264971815574,0.3316380709875375,0.8418509396724403,107.0,133.0,114.0,133.42100524902344
24.150000000000002,3.398554802227098e-06,0.0,2.1614654510671015e-16,7.01264971815574,0.3316380709875375,0.8418509396724403,107.0,133.0,114.0,133.42100524902344
24.200000000000003,4.085136983788381e-06,0.0,2.1614654510671015e-16,7.01264971815574,0.3316380709875375,0.8418509396724403,107.0,133.0,114.0,133.42100524902344
24.25,4.737384205551315e-06,0.0,2.1614654510671015e-16,7.01264971815574,0.3316380709875375,0.8418509396724403,107.0,133.0,114.0,133.42100524902344
24.3,0.0,0.0,2.1614654510671015e-16,7.01264971815574,0.3316380709875375,0.8418509396724403,107.0,133.0,114.0,133.42100524902344
24.35,6.179259230673235e-07,0.0,2.1614654510671015e-16,7.01264971815574,0.3316380709875375,0.8418509396724403,107.0,133.0,114.0,133.42100524902344
24.400000000000002,1.2701697775576447e-06,0.0,2.1614654510671015e-16,7.01264971815574,0.3316380709875375,0.8418509396724403,107.0,133.0,114.0,133.42100524902344
24.450000000000003,1.8880853983908912e-06,0.0,2.1614654510671015e-16,7.01264971815574,0.3316380709875375,0.8418509396724403,107.0,133.0,114.0,133.42100524902344
24.5,2.5060067448388855e-06,0.0,2.1614654510671015e-16,7.01264971815574,0.3316380709875375,0.8418509396724403,107.0,133.0,114.0,133.42100524902344
24.55,3.1925809225284187e-06,0.0,2.1614654510671015e-16,7.01264971815574,0.3316380709875375,0.8418509396724403,107.0,133.0,114.0,133.42100524902344
24.6,3.8448359476148604e-06,0.0,2.1614654510671015e-16,7.01264971815574,0.3316380709875375,0.8418509396724403,107.0,133.0,114.0,133.42100524902344
24.650000000000002,4.428432662338041e-06,0.0,2.1614654510671015e-16,7.01264971815574,0.3316380709875375,0.8418509396724403,107.0,133.0,114.0,133.42100524902344
24.700000000000003,5.012028584828021e-06,0.0,2.1614654510671015e-16,7.01264971815574,0.3316380709875375,0.8418509396724403,107.0,133.0,114.0,133.42100524902344
24.75,3.0896046732673595e-07,0.0,2.1614654510671015e-16,7.01264971815574,0.3316380709875375,0.8418509396724403,107.0,133.0,114.0,133.42100524902344
24.8,8.925519631059799e-07,0.0,2.1614654510671015e-16,7.01264971815574,0.3316380709875375,0.8418509396724403,107.0,133.0,114.0,133.42100524902344
24.85,1.5791257214912836e-06,0.0,2.1614654510671015e-16,7.01264971815574,0.3316380709875375,0.8418509396724403,107.0,133.0,114.0,133.42100524902344
24.900000000000002,2.2313735719236694e-06,0.0,2.1614654510671015e-16,7.01264971815574,0.3316380709875375,0.8418509396724403,107.0,133.0,114.0,133.42100524902344
24.950000000000003,2.7806366861400772e-06,0.0,2.1614654510671015e-16,7.01264971815574,0.3316380709875375,0.8418509396724403,107.0,133.0,114.0,133.42100524902344
25.0,3.329899828452789e-06,0.0,2.1614654510671015e-16,7.01264971815574,0.3316380709875375,0.8418509396724403,107.0,133.0,114.0,133.42100524902344
25.05,3.982140005711375e-06,0.0,2.1614654510671015e-16,7.01264971815574,0.3316380709875375,0.8418509396724403,107.0,133.0,114.0,133.42100524902344
25.1,4.668731940444543e-06,0.0,2.1614654510671015e-16,7.01264971815574,0.3316380709875375,0.8418509396724403,107.0,133.0,114.0,133.42100524902344
25.150000000000002,1.0298675053683425e-07,0.0,2.1614654510671015e-16,7.01264971815574,0.3316380709875375,0.8418509396724403,107.0,133.0,114.0,133.42100524902344
25.200000000000003,6.522490635739028e-07,0.0,2.1614654510671015e-16,7.01264971815574,0.3316380709875375,0.8418509396724403,107.0,133.0,114.0,133.42100524902344
25.25,1.3388261859728173e-06,0.0,2.1614654510671015e-16,7.01264971815574,0.3316380709875375,0.8418509396724403,107.0,133.0,114.0,133.42100524902344
25.3,1.9567440848893343e-06,0.0,2.1614654510671015e-16,7.01264971815574,0.3316380709875375,0.8418509396724403,107.0,133.0,114.0,133.42100524902344
25.35,2.574662418978355e-06,0.0,2.1614654510671015e-16,7.01264971815574,0.3316380709875375,0.8418509396724403,107.0,133.0,114.0,133.42100524902344
25.400000000000002,3.2269104135904247e-06,0.0,2.1614654510671015e-16,7.01264971815574,0.3316380709875375,0.8418509396724403,107.0,133.0,114.0,133.42100524902344
25.450000000000003,3.7418400411746266e-06,0.0,2.1614654510671015e-16,7.01264971815574,0.3316380709875375,0.8418509396724403,107.0,133.0,114.0,133.42100524902344
25.5,4.394087944510516e-06,0.0,2.1614654510671015e-16,7.01264971815574,0.3316380709875375,0.8418509396724403,107.0,133.0,114.0,133.42100524902344
25.55,5.012028213569702e-06,0.0,2.1614654510671015e-16,7.01264971815574,0.3316380709875375,0.8418509396724403,107.0,133.0,114.0,133.42100524902344
25.6,4.462741581217383e-07,0.0,2.1614654510671015e-16,7.01264971815574,0.3316380709875375,0.8418509396724403,107.0,133.0,114.0,133.42100524902344
25.650000000000002,1.0641952370385947e-06,0.0,2.1614654510671015e-16,7.01264971815574,0.3316380709875375,0.8418509396724403,107.0,133.0,114.0,133.42100524902344
25.700000000000003,1.7507729326134e-06,0.0,2.1614654510671015e-16,7.01264971815574,0.3316380709875375,0.8418509396724403,107.0,133.0,114.0,133.42100524902344
25.75,2.4030190126152746e-06,0.0,2.1614654510671015e-16,7.01264971815574,0.3316380709875375,0.8418509396724403,107.0,133.0,114.0,133.42100524902344
25.8,2.9866105472512136e-06,0.0,2.1614654510671015e-16,7.01264971815574,0.3316380709875375,0.8418509396724403,107.0,133.0,114.0,133.42100524902344
25.85,3.535870061084237e-06,0.0,2.1614654510671015e-16,7.01264971815574,0.3316380709875375,0.8418509396724403,107.0,133.0,114.0,133.42100524902344
25.900000000000002,4.222440289330327e-06,0.0,2.1614654510671015e-16,7.01264971815574,0.3316380709875375,0.8418509396724403,107.0,133.0,114.0,133.42100524902344
25.950000000000003,4.874689070397693e-06,0.0,2.1614654510671015e-16,7.01264971815574,0.3316380709875375,0.8418509396724403,107.0,133.0,114.0,133.42100524902344
26.0,2.0597322486517354e-07,0.0,2.1614654510671015e-16,7.01264971815574,0.3316380709875375,0.8418509396724403,107.0,133.0,114.0,133.42100524902344
26.05,7.89563651980233e-07,0.0,2.1614654510671015e-16,7.01264971815574,0.3316380709875375,0.8418509396724403,107.0,133.0,114.0,133.42100524902344
26.1,1.4761404571610566e-06,0.0,2.1614654510671015e-16,7.01264971815574,0.3316380709875375,0.8418509396724403,107.0,133.0,114.0,133.42100524902344
26.150000000000002,2.128388872343446e-06,0.0,2.1614654510671015e-16,7.01264971815574,0.3316380709875375,0.8418509396724403,107.0,133.0,114.0,133.42100524902344
26.200000000000003,2.6433219712148583e-06,0.0,2.1614654510671015e-16,7.01264971815574,0.3316380709875375,0.8418509396724403,107.0,133.0,114.0,133.42100524902344
26.25,3.2612402254012737e-06,0.0,2.1614654510671015e-16,7.01264971815574,0.3316380709875375,0.8418509396724403,107.0,133.0,114.0,133.42100524902344
26.3,3.77618408367539e-06,0.0,2.1614654510671015e-16,7.01264971815574,0.3316380709875375,0.8418509396724403,107.0,133.0,114.0,133.42100524902344
26.35,4.462740403743382e-06,0.0,2.1614654510671015e-16,7.01264971815574,0.3316380709875375,0.8418509396724403,107.0,133.0,114.0,133.42100524902344
26.400000000000002,0.0,0.0,2.1614654510671015e-16,7.01264971815574,0.3316380709875375,0.8418509396724403,107.0,133.0,114.0,133.42100524902344
26.450000000000003,6.522480496392728e-07,0.0,2.1614654510671015e-16,7.01264971815574,0.3316380709875375,0.8418509396724403,107.0,133.0,114.0,133.42100524902344
26.5,1.3044971346779297e-06,0.0,2.1614654510671015e-16,7.01264971815574,0.3316380709875375,0.8418509396724403,107.0,133.0,114.0,133.42100524902344
26.55,1.8194295167058247e-06,0.0,2.1614654510671015e-16,7.01264971815574,0.3316380709875375,0.8418509396724403,107.0,133.0,114.0,133.42100524902344
26.6,2.3343640429727913e-06,0.0,2.1614654510671015e-16,7.01264971815574,0.3316380709875375,0.8418509396724403,107.0,133.0,114.0,133.42100524902344
26.650000000000002,2.986611025450767e-06,0.0,2.1614654510671015e-16,7.01264971815574,0.3316380709875375,0.8418509396724403,107.0,133.0,114.0,133.42100524902344
26.700000000000003,3.673188202218392e-06,0.0,2.1614654510671015e-16,7.01264971815574,0.3316380709875375,0.8418509396724403,107.0,133.0,114.0,133.42100524902344
26.75,4.325436696430467e-06,0.0,2.1614654510671015e-16,7.01264971815574,0.3316380709875375,0.8418509396724403,107.0,133.0,114.0,133.42100524902344
26.8,4.943340516097488e-06,0.0,2.1614654510671015e-16,7.01264971815574,0.3316380709875375,0.8418509396724403,107.0,133.0,114.0,133.42100524902344
26.85,3.0896046732673595e-07,0.0,2.1614654510671015e-16,7.01264971815574,0.3316380709875375,0.8418509396724403,107.0,133.0,114.0,133.42100524902344
26.900000000000002,8.582224421776407e-07,0.0,2.1614654510671015e-16,7.01264971815574,0.3316380709875375,0.8418509396724403,107.0,133.0,114.0,133.42100524902344
26.950000000000003,1.544799737593423e-06,0.0,2.1614654510671015e-16,7.01264971815574,0.3316380709875375,0.8418509396724403,107.0,133.0,114.0,133.42100524902344
27.0,2.231375070318231e-06,0.0,2.1614654510671015e-16,7.01264971815574,0.3316380709875375,0.8418509396724403,107.0,133.0,114.0,133.42100524902344
27.05,2.8149663742694127e-06,0.0,2.1614654510671015e-16,7.01264971815574,0.3316380709875375,0.8418509396724403,107.0,133.0,114.0,133.42100524902344
27.1,3.3642255432202924e-06,0.0,2.1614654510671015e-16,7.01264971815574,0.3316380709875375,0.8418509396724403,107.0,133.0,114.0,133.42100524902344
27.150000000000002,3.9821410783333715e-06,0.0,2.1614654510671015e-16,7.01264971815574,0.3316380709875375,0.8418509396724403,107.0,133.0,114.0,133.42100524902344
27.200000000000003,4.6343887590958736e-06,0.0,2.1614654510671015e-16,7.01264971815574,0.3316380709875375,0.8418509396724403,107.0,133.0,114.0,133.42100524902344
27.25,1.0298675053683425e-07,0.0,2.1614654510671015e-16,7.01264971815574,0.3316380709875375,0.8418509396724403,107.0,133.0,114.0,133.42100524902344
27.3,7.895628131144556e-07,0.0,2.1614654510671015e-16,7.01264971815574,0.3316380709875375,0.8418509396724403,107.0,133.0,114.0,133.42100524902344
27.35,1.4418109014357014e-06,0.0,2.1614654510671015e-16,7.01264971815574,0.3316380709875375,0.8418509396724403,107.0,133.0,114.0,133.42100524902344
27.400000000000002,1.956744089328884e-06,0.0,2.1614654510671015e-16,7.01264971815574,0.3316380709875375,0.8418509396724403,107.0,133.0,114.0,133.42100524902344
27.450000000000003,2.6089922507683046e-06,0.0,2.1614654510671015e-16,7.01264971815574,0.3316380709875375,0.8418509396724403,107.0,133.0,114.0,133.42100524902344
27.5,3.2955700459134817e-06,0.0,2.1614654510671015e-16,7.01264971815574,0.3316380709875375,0.8418509396724403,107.0,133.0,114.0,133.42100524902344
27.55,3.947832831160479e-06,0.0,2.1614654510671015e-16,7.01264971815574,0.3316380709875375,0.8418509396724403,107.0,133.0,114.0,133.42100524902344
27.6,4.565736643964902e-06,0.0,2.1614654510671015e-16,7.01264971815574,0.3316380709875375,0.8418509396724403,107.0,133.0,114.0,133.42100524902344
27.650000000000002,5.080680031626945e-06,0.0,2.1614654510671015e-16,7.01264971815574,0.3316380709875375,0.8418509396724403,107.0,133.0,114.0,133.42100524902344
27.700000000000003,4.11945982990697e-07,0.0,2.1614654510671015e-16,7.01264971815574,0.3316380709875375,0.8418509396724403,107.0,133.0,114.0,133.42100524902344
27.75,9.955377335743373e-07,0.0,2.1614654510671015e-16,7.01264971815574,0.3316380709875375,0.8418509396724403,107.0,133.0,114.0,133.42100524902344
27.8,1.647786090668898e-06,0.0,2.1614654510671015e-16,7.01264971815574,0.3316380709875375,0.8418509396724403,107.0,133.0,114.0,133.42100524902344
27.85,2.3343637234554185e-06,0.0,2.1614654510671015e-16,7.01264971815574,0.3316380709875375,0.8418509396724403,107.0,133.0,114.0,133.42100524902344
27.900000000000002,2.986610871403628e-06,0.0,2.1614654510671015e-16,7.01264971815574,0.3316380709875375,0.8418509396724403,107.0,133.0,114.0,133.42100524902344
27.950000000000003,3.501541535775064e-06,0.0,2.1614654510671015e-16,7.01264971815574,0.3316380709875375,0.8418509396724403,107.0,133.0,114.0,133.42100524902344
28.0,4.119444059494897e-06,0.0,2.1614654510671015e-16,7.01264971815574,0.3316380709875375,0.8418509396724403,107.0,133.0,114.0,133.42100524902344
28.05,4.634387841359091e-06,0.0,2.1614654510671015e-16,7.01264971815574,0.3316380709875375,0.8418509396724403,107.0,133.0,114.0,133.42100524902344
28.1,2.4030465363558615e-07,0.0,2.1614654510671015e-16,7.01264971815574,0.3316380709875375,0.8418509396724403,107.0,133.0,114.0,133.42100524902344
28.150000000000002,7.552341469978565e-07,0.0,2.1614654510671015e-16,7.01264971815574,0.3316380709875375,0.8418509396724403,107.0,133.0,114.0,133.42100524902344
28.200000000000003,1.3731564312416105e-06,0.0,2.1614654510671015e-16,7.01264971815574,0.3316380709875375,0.8418509396724403,107.0,133.0,114.0,133.42100524902344
28.25,2.025403205274124e-06,0.0,2.1614654510671015e-16,7.01264971815574,0.3316380709875375,0.8418509396724403,107.0,133.0,114.0,133.42100524902344
28.3,2.71197778377644e-06,0.0,2.1614654510671015e-16,7.01264971815574,0.3316380709875375,0.8418509396724403,107.0,133.0,114.0,133.42100524902344
28.35,3.295570532149468e-06,0.0,2.1614654510671015e-16,7.01264971815574,0.3316380709875375,0.8418509396724403,107.0,133.0,114.0,133.42100524902344
28.400000000000002,3.913488104569626e-06,0.0,2.1614654510671015e-16,7.01264971815574,0.3316380709875375,0.8418509396724403,107.0,133.0,114.0,133.42100524902344
28.450000000000003,4.428432042528361e-06,0.0,2.1614654510671015e-16,7.01264971815574,0.3316380709875375,0.8418509396724403,107.0,133.0,114.0,133.42100524902344
28.5,0.0,0.0,2.1614654510671015e-16,7.01264971815574,0.3316380709875375,0.8418509396724403,107.0,133.0,114.0,133.42100524902344
28.55,5.835909075963027e-07,0.0,2.1614654510671015e-16,7.01264971815574,0.3316380709875375,0.8418509396724403,107.0,133.0,114.0,133.42100524902344
28.6,1.2015141304655618e-06,0.0,2.1614654510671015e-16,7.01264971815574,0.3316380709875375,0.8418509396724403,107.0,133.0,114.0,133.42100524902344
28.650000000000002,1.888085714485256e-06,0.0,2.1614654510671015e-16,7.01264971815574,0.3316380709875375,0.8418509396724403,107.0,133.0,114.0,133.42100524902344
28.700000000000003,2.574662480748917e-06,0.0,2.1614654510671015e-16,7.01264971815574,0.3316380709875375,0.8418509396724403,107.0,133.0,114.0,133.42100524902344
28.75,3.192580786908686e-06,0.0,2.1614654510671015e-16,7.01264971815574,0.3316380709875375,0.8418509396724403,107.0,133.0,114.0,133.42100524902344
28.8,3.7075322672495354e-06,0.0,2.1614654510671015e-16,7.01264971815574,0.3316380709875375,0.8418509396724403,107.0,133.0,114.0,133.42100524902344
28.85,4.291092164865161e-06,0.0,2.1614654510671015e-16,7.01264971815574,0.3316380709875375,0.8418509396724403,107.0,133.0,114.0,133.42100524902344
28.900000000000002,4.874688257369228e-06,0.0,2.1614654510671015e-16,7.01264971815574,0.3316380709875375,0.8418509396724403,107.0,133.0,114.0,133.42100524902344
28.950000000000003,4.1194494271783734e-07,0.0,2.1614654510671015e-16,7.01264971815574,0.3316380709875375,0.8418509396724403,107.0,133.0,114.0,133.42100524902344
29.0,9.955384840067827e-07,0.0,2.1614654510671015e-16,7.01264971815574,0.3316380709875375,0.8418509396724403,107.0,133.0,114.0,133.42100524902344
29.05,1.6134555121430957e-06,0.0,2.1614654510671015e-16,7.01264971815574,0.3316380709875375,0.8418509396724403,107.0,133.0,114.0,133.42100524902344
29.1,2.1283885034454954e-06,0.0,2.1614654510671015e-16,7.01264971815574,0.3316380709875375,0.8418509396724403,107.0,133.0,114.0,133.42100524902344
29.150000000000002,2.7119774874712775e-06,0.0,2.1614654510671015e-16,7.01264971815574,0.3316380709875375,0.8418509396724403,107.0,133.0,114.0,133.42100524902344
29.200000000000003,3.3642252170414447e-06,0.0,2.1614654510671015e-16,7.01264971815574,0.3316380709875375,0.8418509396724403,107.0,133.0,114.0,133.42100524902344
29.25,4.016484294023933e-06,0.0,2.1614654510671015e-16,7.01264971815574,0.3316380709875375,0.8418509396724403,107.0,133.0,114.0,133.42100524902344
29.3,4.703040318889147e-06,0.0,2.1614654510671015e-16,7.01264971815574,0.3316380709875375,0.8418509396724403,107.0,133.0,114.0,133.42100524902344
29.35,1.3731556483615243e-07,0.0,2.1614654510671015e-16,7.01264971815574,0.3316380709875375,0.8418509396724403,107.0,133.0,114.0,133.42100524902344
29.400000000000002,7.895628901214264e-07,0.0,2.1614654510671015e-16,7.01264971815574,0.3316380709875375,0.8418509396724403,107.0,133.0,114.0,133.42100524902344
29.450000000000003,1.4418128482142552e-06,0.0,2.1614654510671015e-16,7.01264971815574,0.3316380709875375,0.8418509396724403,107.0,133.0,114.0,133.42100524902344
29.5,2.0940596480968423e-06,0.0,2.1614654510671015e-16,7.01264971815574,0.3316380709875375,0.8418509396724403,107.0,133.0,114.0,133.42100524902344
29.55,2.6433215896868455e-06,0.0,2.1614654510671015e-16,7.01264971815574,0.3316380709875375,0.8418509396724403,107.0,133.0,114.0,133.42100524902344
29.6,3.329899359996206e-06,0.0,2.1614654510671015e-16,7.01264971815574,0.3316380709875375,0.8418509396724403,107.0,133.0,114.0,133.42100524902344
29.650000000000002,4.01648400507124e-06,0.0,2.1614654510671015e-16,7.01264971815574,0.3316380709875375,0.8418509396724403,107.0,133.0,114.0,133.42100524902344
29.700000000000003,4.5313921523829155e-06,0.0,2.1614654510671015e-16,7.01264971815574,0.3316380709875375,0.8418509396724403,107.0,133.0,114.0,133.42100524902344
29.75,5.149332410315631e-06,0.0,2.1614654510671015e-16,7.01264971815574,0.3316380709875375,0.8418509396724403,107.0,133.0,114.0,133.42100524902344
29.8,4.11945982990697e-07,0.0,2.1614654510671015e-16,7.01264971815574,0.3316380709875375,0.8418509396724403,107.0,133.0,114.0,133.42100524902344
29.85,1.0985237346168997e-06,0.0,2.1614654510671015e-16,7.01264971815574,0.3316380709875375,0.8418509396724403,107.0,133.0,114.0,133.42100524902344
29.900000000000002,1.7851009459870257e-06,0.0,2.1614654510671015e-16,7.01264971815574,0.3316380709875375,0.8418509396724403,107.0,133.0,114.0,133.42100524902344
29.950000000000003,2.403018281514206e-06,0.0,2.1614654510671015e-16,7.01264971815574,0.3316380709875375,0.8418509396724403,107.0,133.0,114.0,133.42100524902344
30.0,2.917951292262845e-06,0.0,2.1614654510671015e-16,7.01264971815574,0.3316380709875375,0.8418509396724403,107.0,133.0,114.0,133.42100524902344
30.05,3.467213982952777e-06,0.0,2.1614654510671015e-16,7.01264971815574,0.3316380709875375,0.8418509396724403,107.0,133.0,114.0,133.42100524902344
30.1,4.153788005420935e-06,0.0,2.1614654510671015e-16,7.01264971815574,0.3316380709875375,0.8418509396724403,107.0,133.0,114.0,133.42100524902344
30.150000000000002,4.80603595283638e-06,0.0,2.1614654510671015e-16,7.01264971815574,0.3316380709875375,0.8418509396724403,107.0,133.0,114.0,133.42100524902344
30.200000000000003,2.0597322486517354e-07,0.0,2.1614654510671015e-16,7.01264971815574,0.3316380709875375,0.8418509396724403,107.0,133.0,114.0,133.42100524902344
30.25,7.552333667243697e-07,0.0,2.1614654510671015e-16,7.01264971815574,0.3316380709875375,0.8418509396724403,107.0,133.0,114.0,133.42100524902344
30.3,1.4418113804381012e-06,0.0,2.1614654510671015e-16,7.01264971815574,0.3316380709875375,0.8418509396724403,107.0,133.0,114.0,133.42100524902344
30.35,2.094060794234994e-06,0.0,2.1614654510671015e-16,7.01264971815574,0.3316380709875375,0.8418509396724403,107.0,133.0,114.0,133.42100524902344
30.400000000000002,2.6776511556455113e-06,0.0,2.1614654510671015e-16,7.01264971815574,0.3316380709875375,0.8418509396724403,107.0,133.0,114.0,133.42100524902344
30.450000000000003,3.1925810505167212e-06,0.0,2.1614654510671015e-16,7.01264971815574,0.3316380709875375,0.8418509396724403,107.0,133.0,114.0,133.42100524902344
30.5,3.7761844004767378e-06,0.0,2.1614654510671015e-16,7.01264971815574,0.3316380709875375,0.8418509396724403,107.0,133.0,114.0,133.42100524902344
30.55,4.394088158264383e-06,0.0,2.1614654510671015e-16,7.01264971815574,0.3316380709875375,0.8418509396724403,107.0,133.0,114.0,133.42100524902344
30.6,0.0,0.0,2.1614654510671015e-16,7.01264971815574,0.3316380709875375,0.8418509396724403,107.0,133.0,114.0,133.42100524902344
30.650000000000002,6.865848655588055e-07,0.0,2.1614654510671015e-16,7.01264971815574,0.3316380709875375,0.8418509396724403,107.0,133.0,114.0,133.42100524902344
30.700000000000003,1.338831301793761e-06,0.0,2.1614654510671015e-16,7.01264971815574,0.3316380709875375,0.8418509396724403,107.0,133.0,114.0,133.42100524902344
30.75,1.956744369588665e-06,0.0,2.1614654510671015e-16,7.01264971815574,0.3316380709875375,0.8418509396724403,107.0,133.0,114.0,133.42100524902344
30.8,2.5746648058786915e-06,0.0,2.1614654510671015e-16,7.01264971815574,0.3316380709875375,0.8418509396724403,107.0,133.0,114.0,133.42100524902344
30.85,3.089596118188219e-06,0.0,2.1614654510671015e-16,7.01264971815574,0.3316380709875375,0.8418509396724403,107.0,133.0,114.0,133.42100524902344
30.900000000000002,3.7075340241661805e-06,0.0,2.1614654510671015e-16,7.01264971815574,0.3316380709875375,0.8418509396724403,107.0,133.0,114.0,133.42100524902344
30.950000000000003,4.291092892718775e-06,0.0,2.1614654510671015e-16,7.01264971815574,0.3316380709875375,0.8418509396724403,107.0,133.0,114.0,133.42100524902344
31.0,4.977685146309538e-06,0.0,2.1614654510671015e-16,7.01264971815574,0.3316380709875375,0.8418509396724403,107.0,133.0,114.0,133.42100524902344
31.05,4.1194494271783734e-07,0.0,2.1614654510671015e-16,7.01264971815574,0.3316380709875375,0.8418509396724403,107.0,133.0,114.0,133.42100524902344
31.1,1.0641931741973355e-06,0.0,2.1614654510671015e-16,7.01264971815574,0.3316380709875375,0.8418509396724403,107.0,133.0,114.0,133.42100524902344
31.150000000000002,1.579126092058531e-06,0.0,2.1614654510671015e-16,7.01264971815574,0.3316380709875375,0.8418509396724403,107.0,133.0,114.0,133.42100524902344
31.200000000000003,2.0940589215578567e-06,0.0,2.1614654510671015e-16,7.01264971815574,0.3316380709875375,0.8418509396724403,107.0,133.0,114.0,133.42100524902344
31.25,2.6089927264291954e-06,0.0,2.1614654510671015e-16,7.01264971815574,0.3316380709875375,0.8418509396724403,107.0,133.0,114.0,133.42100524902344
31.3,3.261240486449198e-06,0.0,2.1614654510671015e-16,7.01264971815574,0.3316380709875375,0.8418509396724403,107.0,133.0,114.0,133.42100524902344
31.35,3.913488080987909e-06,0.0,2.1614654510671015e-16,7.01264971815574,0.3316380709875375,0.8418509396724403,107.0,133.0,114.0,133.42100524902344
31.400000000000002,4.600080447859e-06,0.0,2.1614654510671015e-16,7.01264971815574,0.3316380709875375,0.8418509396724403,107.0,133.0,114.0,133.42100524902344
31.450000000000003,1.3731556483615243e-07,0.0,2.1614654510671015e-16,7.01264971815574,0.3316380709875375,0.8418509396724403,107.0,133.0,114.0,133.42100524902344
31.5,7.895629269932654e-07,0.0,2.1614654510671015e-16,7.01264971815574,0.3316380709875375,0.8418509396724403,107.0,133.0,114.0,133.42100524902344
31.55,1.3731552729944584e-06,0.0,2.1614654510671015e-16,7.01264971815574,0.3316380709875375,0.8418509396724403,107.0,133.0,114.0,133.42100524902344
31.6,1.991073693965172e-06,0.0,2.1614654510671015e-16,7.01264971815574,0.3316380709875375,0.8418509396724403,107.0,133.0,114.0,133.42100524902344
31.650000000000002,2.6433217847493438e-06,0.0,2.1614654510671015e-16,7.01264971815574,0.3316380709875375,0.8418509396724403,107.0,133.0,114.0,133.42100524902344
31.700000000000003,3.26123993091239e-06,0.0,2.1614654510671015e-16,7.01264971815574,0.3316380709875375,0.8418509396724403,107.0,133.0,114.0,133.42100524902344
31.75,3.913488327557845e-06,0.0,2.1614654510671015e-16,7.01264971815574,0.3316380709875375,0.8418509396724403,107.0,133.0,114.0,133.42100524902344
31.8,4.565736367633183e-06,0.0,2.1614654510671015e-16,7.01264971815574,0.3316380709875375,0.8418509396724403,107.0,133.0,114.0,133.42100524902344
31.85,5.217983986047991e-06,0.0,2.1614654510671015e-16,7.01264971815574,0.3316380709875375,0.8418509396724403,107.0,133.0,114.0,133.42100524902344
31.900000000000002,5.149332531326596e-07,0.0,2.1614654510671015e-16,7.01264971815574,0.3316380709875375,0.8418509396724403,107.0,133.0,114.0,133.42100524902344
31.950000000000003,1.1671812552224365e-06,0.0,2.1614654510671015e-16,7.01264971815574,0.3316380709875375,0.8418509396724403,107.0,133.0,114.0,133.42100524902344
32.0,1.8194292703150325e-06,0.0,2.1614654510671015e-16,7.01264971815574,0.3316380709875375,0.8418509396724403,107.0,133.0,114.0,133.42100524902344
32.050000000000004,2.4716779706273337e-06,0.0,2.1614654510671015e-16,7.01264971815574,0.3316380709875375,0.8418509396724403,107.0,133.0,114.0,133.42100524902344
32.1,3.1239253074489807e-06,0.0,2.1614654510671015e-16,7.01264971815574,0.3316380709875375,0.8418509396724403,107.0,133.0,114.0,133.42100524902344
32.15,3.741840327668757e-06,0.0,2.1614654510671015e-16,7.01264971815574,0.3316380709875375,0.8418509396724403,107.0,133.0,114.0,133.42100524902344
32.2,4.359779963574245e-06,0.0,2.1614654510671015e-16,7.01264971815574,0.3316380709875375,0.8418509396724403,107.0,133.0,114.0,133.42100524902344
32.25,4.977684985941517e-06,0.0,2.1614654510671015e-16,7.01264971815574,0.3316380709875375,0.8418509396724403,107.0,133.0,114.0,133.42100524902344
32.300000000000004,2.4030465363558615e-07,0.0,2.1614654510671015e-16,7.01264971815574,0.3316380709875375,0.8418509396724403,107.0,133.0,114.0,133.42100524902344
32.35,9.268793076880452e-07,0.0,2.1614654510671015e-16,7.01264971815574,0.3316380709875375,0.8418509396724403,107.0,133.0,114.0,133.42100524902344
32.4,1.5447995912526353e-06,0.0,2.1614654510671015e-16,7.01264971815574,0.3316380709875375,0.8418509396724403,107.0,133.0,114.0,133.42100524902344
32.45,2.0940594846129825e-06,0.0,2.1614654510671015e-16,7.01264971815574,0.3316380709875375,0.8418509396724403,107.0,133.0,114.0,133.42100524902344
32.5,2.7463085190108784e-06,0.0,2.1614654510671015e-16,7.01264971815574,0.3316380709875375,0.8418509396724403,107.0,133.0,114.0,133.42100524902344
32.550000000000004,3.432885628695831e-06,0.0,2.1614654510671015e-16,7.01264971815574,0.3316380709875375,0.8418509396724403,107.0,133.0,114.0,133.42100524902344
32.6,4.11944464870001e-06,0.0,2.1614654510671015e-16,7.01264971815574,0.3316380709875375,0.8418509396724403,107.0,133.0,114.0,133.42100524902344
32.65,4.771691898761575e-06,0.0,2.1614654510671015e-16,7.01264971815574,0.3316380709875375,0.8418509396724403,107.0,133.0,114.0,133.42100524902344
32.7,0.0,0.0,2.1614654510671015e-16,7.01264971815574,0.3316380709875375,0.8418509396724403,107.0,133.0,114.0,133.42100524902344
32.75,5.149354976725384e-07,0.0,2.1614654510671015e-16,7.01264971815574,0.3316380709875375,0.8418509396724403,107.0,133.0,114.0,133.42100524902344
32.800000000000004,1.201514362362185e-06,0.0,2.1614654510671015e-16,7.01264971815574,0.3316380709875375,0.8418509396724403,107.0,133.0,114.0,133.42100524902344
32.85,1.8880866340135032e-06,0.0,2.1614654510671015e-16,7.01264971815574,0.3316380709875375,0.8418509396724403,107.0,133.0,114.0,133.42100524902344
32.9,2.540332932817912e-06,0.0,2.1614654510671015e-16,7.01264971815574,0.3316380709875375,0.8418509396724403,107.0,133.0,114.0,133.42100524902344
32.95,3.1582572864369167e-06,0.0,2.1614654510671015e-16,7.01264971815574,0.3316380709875375,0.8418509396724403,107.0,133.0,114.0,133.42100524902344
33.0,3.776184714524232e-06,0.0,2.1614654510671015e-16,7.01264971815574,0.3316380709875375,0.8418509396724403,107.0,133.0,114.0,133.42100524902344
33.050000000000004,4.291093561980791e-06,0.0,2.1614654510671015e-16,7.01264971815574,0.3316380709875375,0.8418509396724403,107.0,133.0,114.0,133.42100524902344
33.1,4.943340473123325e-06,0.0,2.1614654510671015e-16,7.01264971815574,0.3316380709875375,0.8418509396724403,107.0,133.0,114.0,133.42100524902344
33.15,3.0896046732673595e-07,0.0,2.1614654510671015e-16,7.01264971815574,0.3316380709875375,0.8418509396724403,107.0,133.0,114.0,133.42100524902344
33.2,9.612096416650252e-07,0.0,2.1614654510671015e-16,7.01264971815574,0.3316380709875375,0.8418509396724403,107.0,133.0,114.0,133.42100524902344
33.25,1.647785756323275e-06,0.0,2.1614654510671015e-16,7.01264971815574,0.3316380709875375,0.8418509396724403,107.0,133.0,114.0,133.42100524902344
33.300000000000004,2.3000332529903763e-06,0.0,2.1614654510671015e-16,7.01264971815574,0.3316380709875375,0.8418509396724403,107.0,133.0,114.0,133.42100524902344
33.35,2.8836216917707147e-06,0.0,2.1614654510671015e-16,7.01264971815574,0.3316380709875375,0.8418509396724403,107.0,133.0,114.0,133.42100524902344
33.4,3.3985558269346327e-06,0.0,2.1614654510671015e-16,7.01264971815574,0.3316380709875375,0.8418509396724403,107.0,133.0,114.0,133.42100524902344
33.45,4.050792526853148e-06,0.0,2.1614654510671015e-16,7.01264971815574,0.3316380709875375,0.8418509396724403,107.0,133.0,114.0,133.42100524902344
33.5,4.737384252157567e-06,0.0,2.1614654510671015e-16,7.01264971815574,0.3316380709875375,0.8418509396724403,107.0,133.0,114.0,133.42100524902344
33.550000000000004,1.0298675053683425e-07,0.0,2.1614654510671015e-16,7.01264971815574,0.3316380709875375,0.8418509396724403,107.0,133.0,114.0,133.42100524902344
33.6,7.895628330760696e-07,0.0,2.1614654510671015e-16,7.01264971815574,0.3316380709875375,0.8418509396724403,107.0,133.0,114.0,133.42100524902344
33.65,1.3388260467716557e-06,0.0,2.1614654510671015e-16,7.01264971815574,0.3316380709875375,0.8418509396724403,107.0,133.0,114.0,133.42100524902344
33.7,1.8880849262585567e-06,0.0,2.1614654510671015e-16,7.01264971815574,0.3316380709875375,0.8418509396724403,107.0,133.0,114.0,133.42100524902344
33.75,2.540332863150865e-06,0.0,2.1614654510671015e-16,7.01264971815574,0.3316380709875375,0.8418509396724403,107.0,133.0,114.0,133.42100524902344
33.800000000000004,3.1925808496540945e-06,0.0,2.1614654510671015e-16,7.01264971815574,0.3316380709875375,0.8418509396724403,107.0,133.0,114.0,133.42100524902344
33.85,3.707531937568759e-06,0.0,2.1614654510671015e-16,7.01264971815574,0.3316380709875375,0.8418509396724403,107.0,133.0,114.0,133.42100524902344
33.9,4.291092072256288e-06,0.0,2.1614654510671015e-16,7.01264971815574,0.3316380709875375,0.8418509396724403,107.0,133.0,114.0,133.42100524902344
33.95,4.977684102841807e-06,0.0,2.1614654510671015e-16,7.01264971815574,0.3316380709875375,0.8418509396724403,107.0,133.0,114.0,133.42100524902344
34.0,5.149334156085664e-07,0.0,2.1614654510671015e-16,7.01264971815574,0.3316380709875375,0.8418509396724403,107.0,133.0,114.0,133.42100524902344
34.050000000000004,1.0641927799429712e-06,0.0,2.1614654510671015e-16,7.01264971815574,0.3316380709875375,0.8418509396724403,107.0,133.0,114.0,133.42100524902344
34.1,1.6134555987665686e-06,0.0,2.1614654510671015e-16,7.01264971815574,0.3316380709875375,0.8418509396724403,107.0,133.0,114.0,133.42100524902344
34.15,2.3000334555966775e-06,0.0,2.1614654510671015e-16,7.01264971815574,0.3316380709875375,0.8418509396724403,107.0,133.0,114.0,133.42100524902344
34.2,2.952281711090198e-06,0.0,2.1614654510671015e-16,7.01264971815574,0.3316380709875375,0.8418509396724403,107.0,133.0,114.0,133.42100524902344
34.25,3.5701999963002805e-06,0.0,2.1614654510671015e-16,7.01264971815574,0.3316380709875375,0.8418509396724403,107.0,133.0,114.0,133.42100524902344
34.300000000000004,4.15378804738653e-06,0.0,2.1614654510671015e-16,7.01264971815574,0.3316380709875375,0.8418509396724403,107.0,133.0,114.0,133.42100524902344
34.35,4.703040436916124e-06,0.0,2.1614654510671015e-16,7.01264971815574,0.3316380709875375,0.8418509396724403,107.0,133.0,114.0,133.42100524902344
34.4,2.4030187974726177e-07,0.0,2.1614654510671015e-16,7.01264971815574,0.3316380709875375,0.8418509396724403,107.0,133.0,114.0,133.42100524902344
34.45,8.925531240539012e-07,0.0,2.1614654510671015e-16,7.01264971815574,0.3316380709875375,0.8418509396724403,107.0,133.0,114.0,133.42100524902344
34.5,1.510470358052668e-06,0.0,2.1614654510671015e-16,7.01264971815574,0.3316380709875375,0.8418509396724403,107.0,133.0,114.0,133.42100524902344
34.550000000000004,2.0254032413337068e-06,0.0,2.1614654510671015e-16,7.01264971815574,0.3316380709875375,0.8418509396724403,107.0,133.0,114.0,133.42100524902344
34.6,2.6776522113180356e-06,0.0,2.1614654510671015e-16,7.01264971815574,0.3316380709875375,0.8418509396724403,107.0,133.0,114.0,133.42100524902344
34.65,3.36422550629256e-06,0.0,2.1614654510671015e-16,7.01264971815574,0.3316380709875375,0.8418509396724403,107.0,133.0,114.0,133.42100524902344
34.7,4.0164843989416185e-06,0.0,2.1614654510671015e-16,7.01264971815574,0.3316380709875375,0.8418509396724403,107.0,133.0,114.0,133.42100524902344
34.75,4.5657361171071605e-06,0.0,2.1614654510671015e-16,7.01264971815574,0.3316380709875375,0.8418509396724403,107.0,133.0,114.0,133.42100524902344
34.800000000000004,0.0,0.0,2.1614654510671015e-16,7.01264971815574,0.3316380709875375,0.8418509396724403,107.0,133.0,114.0,133.42100524902344
34.85,6.522492237649235e-07,0.0,2.1614654510671015e-16,7.01264971815574,0.3316380709875375,0.8418509396724403,107.0,133.0,114.0,133.42100524902344
34.9,1.2358368325489746e-06,0.0,2.1614654510671015e-16,7.01264971815574,0.3316380709875375,0.8418509396724403,107.0,133.0,114.0,133.42100524902344
34.95,1.8880853202001948e-06,0.0,2.1614654510671015e-16,7.01264971815574,0.3316380709875375,0.8418509396724403,107.0,133.0,114.0,133.42100524902344
35.0,2.47167740062665e-06,0.0,2.1614654510671015e-16,7.01264971815574,0.3316380709875375,0.8418509396724403,107.0,133.0,114.0,133.42100524902344
35.050000000000004,3.0552662003498246e-06,0.0,2.1614654510671015e-16,7.01264971815574,0.3316380709875375,0.8418509396724403,107.0,133.0,114.0,133.42100524902344
35.1,3.707532088461161e-06,0.0,2.1614654510671015e-16,7.01264971815574,0.3316380709875375,0.8418509396724403,107.0,133.0,114.0,133.42100524902344
35.15,4.291092000563747e-06,0.0,2.1614654510671015e-16,7.01264971815574,0.3316380709875375,0.8418509396724403,107.0,133.0,114.0,133.42100524902344
35.2,4.943339946649785e-06,0.0,2.1614654510671015e-16,7.01264971815574,0.3316380709875375,0.8418509396724403,107.0,133.0,114.0,133.42100524902344
35.25,4.119494412407432e-07,0.0,2.1614654510671015e-16,7.01264971815574,0.3316380709875375,0.8418509396724403,107.0,133.0,114.0,133.42100524902344
35.300000000000004,1.0641924609195691e-06,0.0,2.1614654510671015e-16,7.01264971815574,0.3316380709875375,0.8418509396724403,107.0,133.0,114.0,133.42100524902344
35.35,1.682115246586571e-06,0.0,2.1614654510671015e-16,7.01264971815574,0.3316380709875375,0.8418509396724403,107.0,133.0,114.0,133.42100524902344
35.4,2.300032987082351e-06,0.0,2.1614654510671015e-16,7.01264971815574,0.3316380709875375,0.8418509396724403,107.0,133.0,114.0,133.42100524902344
35.45,2.9179518175170466e-06,0.0,2.1614654510671015e-16,7.01264971815574,0.3316380709875375,0.8418509396724403,107.0,133.0,114.0,133.42100524902344
35.5,3.570199539333487e-06,0.0,2.1614654510671015e-16,7.01264971815574,0.3316380709875375,0.8418509396724403,107.0,133.0,114.0,133.42100524902344
35.550000000000004,4.2567847930041215e-06,0.0,2.1614654510671015e-16,7.01264971815574,0.3316380709875375,0.8418509396724403,107.0,133.0,114.0,133.42100524902344
35.6,4.909032182306831e-06,0.0,2.1614654510671015e-16,7.01264971815574,0.3316380709875375,0.8418509396724403,107.0,133.0,114.0,133.42100524902344
35.65,1.0298664292226102e-07,0.0,2.1614654510671015e-16,7.01264971815574,0.3316380709875375,0.8418509396724403,107.0,133.0,114.0,133.42100524902344
35.7,6.179203920585254e-07,0.0,2.1614654510671015e-16,7.01264971815574,0.3316380709875375,0.8418509396724403,107.0,133.0,114.0,133.42100524902344
35.75,1.304496811536147e-06,0.0,2.1614654510671015e-16,7.01264971815574,0.3316380709875375,0.8418509396724403,107.0,133.0,114.0,133.42100524902344
35.800000000000004,1.9567441442651017e-06,0.0,2.1614654510671015e-16,7.01264971815574,0.3316380709875375,0.8418509396724403,107.0,133.0,114.0,133.42100524902344
35.85,2.540332874493679e-06,0.0,2.1614654510671015e-16,7.01264971815574,0.3316380709875375,0.8418509396724403,107.0,133.0,114.0,133.42100524902344
35.9,3.055266115808723e-06,0.0,2.1614654510671015e-16,7.01264971815574,0.3316380709875375,0.8418509396724403,107.0,133.0,114.0,133.42100524902344
35.95,3.6388440751787003e-06,0.0,2.1614654510671015e-16,7.01264971815574,0.3316380709875375,0.8418509396724403,107.0,133.0,114.0,133.42100524902344
36.0,4.325436196998938e-06,0.0,2.1614654510671015e-16,7.01264971815574,0.3316380709875375,0.8418509396724403,107.0,133.0,114.0,133.42100524902344
36.050000000000004,4.977684102052573e-06,0.0,2.1614654510671015e-16,7.01264971815574,0.3316380709875375,0.8418509396724403,107.0,133.0,114.0,133.42100524902344
36.1,4.462741581217383e-07,0.0,2.1614654510671015e-16,7.01264971815574,0.3316380709875375,0.8418509396724403,107.0,133.0,114.0,133.42100524902344
36.15,1.098522043642847e-06,0.0,2.1614654510671015e-16,7.01264971815574,0.3316380709875375,0.8418509396724403,107.0,133.0,114.0,133.42100524902344
36.2,1.750770360722188e-06,0.0,2.1614654510671015e-16,7.01264971815574,0.3316380709875375,0.8418509396724403,107.0,133.0,114.0,133.42100524902344
36.25,2.3000327371438068e-06,0.0,2.1614654510671015e-16,7.01264971815574,0.3316380709875375,0.8418509396724403,107.0,133.0,114.0,133.42100524902344
36.300000000000004,2.8836225974797242e-06,0.0,2.1614654510671015e-16,7.01264971815574,0.3316380709875375,0.8418509396724403,107.0,133.0,114.0,133.42100524902344
36.35,3.5701996876524017e-06,0.0,2.1614654510671015e-16,7.01264971815574,0.3316380709875375,0.8418509396724403,107.0,133.0,114.0,133.42100524902344
36.4,4.222440269610787e-06,0.0,2.1614654510671015e-16,7.01264971815574,0.3316380709875375,0.8418509396724403,107.0,133.0,114.0,133.42100524902344
36.45,4.806035969474074e-06,0.0,2.1614654510671015e-16,7.01264971815574,0.3316380709875375,0.8418509396724403,107.0,133.0,114.0,133.42100524902344
36.5,2.403046536355908e-07,0.0,2.1614654510671015e-16,7.01264971815574,0.3316380709875375,0.8418509396724403,107.0,133.0,114.0,133.42100524902344
36.550000000000004,8.925535724547022e-07,0.0,2.1614654510671015e-16,7.01264971815574,0.3316380709875375,0.8418509396724403,107.0,133.0,114.0,133.42100524902344
36.6,1.4761409183256807e-06,0.0,2.1614654510671015e-16,7.01264971815574,0.3316380709875375,0.8418509396724403,107.0,133.0,114.0,133.42100524902344
36.65,2.059731387161603e-06,0.0,2.1614654510671015e-16,7.01264971815574,0.3316380709875375,0.8418509396724403,107.0,133.0,114.0,133.42100524902344
36.7,2.746308026001463e-06,0.0,2.1614654510671015e-16,7.01264971815574,0.3316380709875375,0.8418509396724403,107.0,133.0,114.0,133.42100524902344
36.75,3.398555949656317e-06,0.0,2.1614654510671015e-16,7.01264971815574,0.3316380709875375,0.8418509396724403,107.0,133.0,114.0,133.42100524902344
36.800000000000004,4.016484303784514e-06,0.0,2.1614654510671015e-16,7.01264971815574,0.3316380709875375,0.8418509396724403,107.0,133.0,114.0,133.42100524902344
36.85,4.565736265483453e-06,0.0,2.1614654510671015e-16,7.01264971815574,0.3316380709875375,0.8418509396724403,107.0,133.0,114.0,133.42100524902344
36.9,0.0,0.0,2.1614654510671015e-16,7.01264971815574,0.3316380709875375,0.8418509396724403,107.0,133.0,114.0,133.42100524902344
36.95,6.522495600640147e-07,0.0,2.1614654510671015e-16,7.01264971815574,0.3316380709875375,0.8418509396724403,107.0,133.0,114.0,133.42100524902344
37.0,1.2015117110783364e-06,0.0,2.1614654510671015e-16,7.01264971815574,0.3316380709875375,0.8418509396724403,107.0,133.0,114.0,133.42100524902344
37.050000000000004,1.8194298223612679e-06,0.0,2.1614654510671015e-16,7.01264971815574,0.3316380709875375,0.8418509396724403,107.0,133.0,114.0,133.42100524902344
37.1,2.471677581786155e-06,0.0,2.1614654510671015e-16,7.01264971815574,0.3316380709875375,0.8418509396724403,107.0,133.0,114.0,133.42100524902344
37.15,3.1239255411169253e-06,0.0,2.1614654510671015e-16,7.01264971815574,0.3316380709875375,0.8418509396724403,107.0,133.0,114.0,133.42100524902344
37.2,3.77618435309097e-06,0.0,2.1614654510671015e-16,7.01264971815574,0.3316380709875375,0.8418509396724403,107.0,133.0,114.0,133.42100524902344
37.25,4.428432169048836e-06,0.0,2.1614654510671015e-16,7.01264971815574,0.3316380709875375,0.8418509396724403,107.0,133.0,114.0,133.42100524902344
37.300000000000004,5.04633619370924e-06,0.0,2.1614654510671015e-16,7.01264971815574,0.3316380709875375,0.8418509396724403,107.0,133.0,114.0,133.42100524902344
37.35,3.432947304033333e-07,0.0,2.1614654510671015e-16,7.01264971815574,0.3316380709875375,0.8418509396724403,107.0,133.0,114.0,133.42100524902344
37.4,9.612073079693264e-07,0.0,2.1614654510671015e-16,7.01264971815574,0.3316380709875375,0.8418509396724403,107.0,133.0,114.0,133.42100524902344
37.45,1.6134552237941923e-06,0.0,2.1614654510671015e-16,7.01264971815574,0.3316380709875375,0.8418509396724403,107.0,133.0,114.0,133.42100524902344
37.5,2.231373670820999e-06,0.0,2.1614654510671015e-16,7.01264971815574,0.3316380709875375,0.8418509396724403,107.0,133.0,114.0,133.42100524902344
37.550000000000004,2.8149667661870063e-06,0.0,2.1614654510671015e-16,7.01264971815574,0.3316380709875375,0.8418509396724403,107.0,133.0,114.0,133.42100524902344
37.6,3.432884386073983e-06,0.0,2.1614654510671015e-16,7.01264971815574,0.3316380709875375,0.8418509396724403,107.0,133.0,114.0,133.42100524902344
37.65,4.085136216872621e-06,0.0,2.1614654510671015e-16,7.01264971815574,0.3316380709875375,0.8418509396724403,107.0,133.0,114.0,133.42100524902344
37.7,4.703040094453667e-06,0.0,2.1614654510671015e-16,7.01264971815574,0.3316380709875375,0.8418509396724403,107.0,133.0,114.0,133.42100524902344
37.75,1.0298664292227392e-07,0.0,2.1614654510671015e-16,7.01264971815574,0.3316380709875375,0.8418509396724403,107.0,133.0,114.0,133.42100524902344
37.800000000000004,6.86577582307186e-07,0.0,2.1614654510671015e-16,7.01264971815574,0.3316380709875375,0.8418509396724403,107.0,133.0,114.0,133.42100524902344
37.85,1.3388261878228474e-06,0.0,2.1614654510671015e-16,7.01264971815574,0.3316380709875375,0.8418509396724403,107.0,133.0,114.0,133.42100524902344
37.9,1.8537592478018177e-06,0.0,2.1614654510671015e-16,7.01264971815574,0.3316380709875375,0.8418509396724403,107.0,133.0,114.0,133.42100524902344
37.95,2.4373480618833775e-06,0.0,2.1614654510671015e-16,7.01264971815574,0.3316380709875375,0.8418509396724403,107.0,133.0,114.0,133.42100524902344
38.0,3.0552663053165903e-06,0.0,2.1614654510671015e-16,7.01264971815574,0.3316380709875375,0.8418509396724403,107.0,133.0,114.0,133.42100524902344
38.050000000000004,3.7418402577544956e-06,0.0,2.1614654510671015e-16,7.01264971815574,0.3316380709875375,0.8418509396724403,107.0,133.0,114.0,133.42100524902344
38.1,4.39408869858615e-06,0.0,2.1614654510671015e-16,7.01264971815574,0.3316380709875375,0.8418509396724403,107.0,133.0,114.0,133.42100524902344
38.15,5.0463369653106015e-06,0.0,2.1614654510671015e-16,7.01264971815574,0.3316380709875375,0.8418509396724403,107.0,133.0,114.0,133.42100524902344
38.2,4.11945982990697e-07,0.0,2.1614654510671015e-16,7.01264971815574,0.3316380709875375,0.8418509396724403,107.0,133.0,114.0,133.42100524902344
38.25,1.064193859068943e-06,0.0,2.1614654510671015e-16,7.01264971815574,0.3316380709875375,0.8418509396724403,107.0,133.0,114.0,133.42100524902344
38.300000000000004,1.7507701514624138e-06,0.0,2.1614654510671015e-16,7.01264971815574,0.3316380709875375,0.8418509396724403,107.0,133.0,114.0,133.42100524902344
38.35,2.3343630961192627e-06,0.0,2.1614654510671015e-16,7.01264971815574,0.3316380709875375,0.8418509396724403,107.0,133.0,114.0,133.42100524902344
38.400000000000006,2.8836217048257044e-06,0.0,2.1614654510671015e-16,7.01264971815574,0.3316380709875375,0.8418509396724403,107.0,133.0,114.0,133.42100524902344
38.45,3.4328843897085886e-06,0.0,2.1614654510671015e-16,7.01264971815574,0.3316380709875375,0.8418509396724403,107.0,133.0,114.0,133.42100524902344
38.5,4.085136388458902e-06,0.0,2.1614654510671015e-16,7.01264971815574,0.3316380709875375,0.8418509396724403,107.0,133.0,114.0,133.42100524902344
38.550000000000004,4.737384383473865e-06,0.0,2.1614654510671015e-16,7.01264971815574,0.3316380709875375,0.8418509396724403,107.0,133.0,114.0,133.42100524902344
38.6,2.4030187974726177e-07,0.0,2.1614654510671015e-16,7.01264971815574,0.3316380709875375,0.8418509396724403,107.0,133.0,114.0,133.42100524902344
38.650000000000006,8.238924401003802e-07,0.0,2.1614654510671015e-16,7.01264971815574,0.3316380709875375,0.8418509396724403,107.0,133.0,114.0,133.42100524902344
38.7,1.3731552091342813e-06,0.0,2.1614654510671015e-16,7.01264971815574,0.3316380709875375,0.8418509396724403,107.0,133.0,114.0,133.42100524902344
38.75,1.956744320444648e-06,0.0,2.1614654510671015e-16,7.01264971815574,0.3316380709875375,0.8418509396724403,107.0,133.0,114.0,133.42100524902344
38.800000000000004,2.6089923159755847e-06,0.0,2.1614654510671015e-16,7.01264971815574,0.3316380709875375,0.8418509396724403,107.0,133.0,114.0,133.42100524902344
38.85,3.2612399355313733e-06,0.0,2.1614654510671015e-16,7.01264971815574,0.3316380709875375,0.8418509396724403,107.0,133.0,114.0,133.42100524902344
38.900000000000006,3.810492342391957e-06,0.0,2.1614654510671015e-16,7.01264971815574,0.3316380709875375,0.8418509396724403,107.0,133.0,114.0,133.42100524902344
38.95,4.462740144211793e-06,0.0,2.1614654510671015e-16,7.01264971815574,0.3316380709875375,0.8418509396724403,107.0,133.0,114.0,133.42100524902344
39.0,0.0,0.0,2.1614654510671015e-16,7.01264971815574,0.3316380709875375,0.8418509396724403,107.0,133.0,114.0,133.42100524902344
39.050000000000004,6.865776038792212e-07,0.0,2.1614654510671015e-16,7.01264971815574,0.3316380709875375,0.8418509396724403,107.0,133.0,114.0,133.42100524902344
39.1,1.2701664698767644e-06,0.0,2.1614654510671015e-16,7.01264971815574,0.3316380709875375,0.8418509396724403,107.0,133.0,114.0,133.42100524902344
39.150000000000006,1.8194295231803538e-06,0.0,2.1614654510671015e-16,7.01264971815574,0.3316380709875375,0.8418509396724403,107.0,133.0,114.0,133.42100524902344
39.2,2.4716771693499814e-06,0.0,2.1614654510671015e-16,7.01264971815574,0.3316380709875375,0.8418509396724403,107.0,133.0,114.0,133.42100524902344
39.25,3.0895964564267728e-06,0.0,2.1614654510671015e-16,7.01264971815574,0.3316380709875375,0.8418509396724403,107.0,133.0,114.0,133.42100524902344
39.300000000000004,3.6731881929186942e-06,0.0,2.1614654510671015e-16,7.01264971815574,0.3316380709875375,0.8418509396724403,107.0,133.0,114.0,133.42100524902344
39.35,4.222440221876946e-06,0.0,2.1614654510671015e-16,7.01264971815574,0.3316380709875375,0.8418509396724403,107.0,133.0,114.0,133.42100524902344
39.400000000000006,4.909032439587328e-06,0.0,2.1614654510671015e-16,7.01264971815574,0.3316380709875375,0.8418509396724403,107.0,133.0,114.0,133.42100524902344
39.45,4.1195023238928515e-07,0.0,2.1614654510671015e-16,7.01264971815574,0.3316380709875375,0.8418509396724403,107.0,133.0,114.0,133.42100524902344
39.5,1.0641970704987337e-06,0.0,2.1614654510671015e-16,7.01264971815574,0.3316380709875375,0.8418509396724403,107.0,133.0,114.0,133.42100524902344
39.550000000000004,1.7164408624145817e-06,0.0,2.1614654510671015e-16,7.01264971815574,0.3316380709875375,0.8418509396724403,107.0,133.0,114.0,133.42100524902344
39.6,2.2313738632888125e-06,0.0,2.1614654510671015e-16,7.01264971815574,0.3316380709875375,0.8418509396724403,107.0,133.0,114.0,133.42100524902344
39.650000000000006,2.7463068786782265e-06,0.0,2.1614654510671015e-16,7.01264971815574,0.3316380709875375,0.8418509396724403,107.0,133.0,114.0,133.42100524902344
39.7,3.3985553648120584e-06,0.0,2.1614654510671015e-16,7.01264971815574,0.3316380709875375,0.8418509396724403,107.0,133.0,114.0,133.42100524902344
39.75,4.085136208022805e-06,0.0,2.1614654510671015e-16,7.01264971815574,0.3316380709875375,0.8418509396724403,107.0,133.0,114.0,133.42100524902344
39.800000000000004,4.737384411231036e-06,0.0,2.1614654510671015e-16,7.01264971815574,0.3316380709875375,0.8418509396724403,107.0,133.0,114.0,133.42100524902344
39.85,1.3731556483615243e-07,0.0,2.1614654510671015e-16,7.01264971815574,0.3316380709875375,0.8418509396724403,107.0,133.0,114.0,133.42100524902344
39.900000000000006,7.209122231234363e-07,0.0,2.1614654510671015e-16,7.01264971815574,0.3316380709875375,0.8418509396724403,107.0,133.0,114.0,133.42100524902344
39.95,1.3731594711810667e-06,0.0,2.1614654510671015e-16,7.01264971815574,0.3316380709875375,0.8418509396724403,107.0,133.0,114.0,133.42100524902344
40.0,2.0597306588472544e-06,0.0,2.1614654510671015e-16,7.01264971815574,0.3316380709875375,0.8418509396724403,107.0,133.0,114.0,133.42100524902344
40.050000000000004,2.71197735970082e-06,0.0,2.1614654510671015e-16,7.01264971815574,0.3316380709875375,0.8418509396724403,107.0,133.0,114.0,133.42100524902344
40.1,3.2955703639012414e-06,0.0,2.1614654510671015e-16,7.01264971815574,0.3316380709875375,0.8418509396724403,107.0,133.0,114.0,133.42100524902344
40.150000000000006,3.913488683595745e-06,0.0,2.1614654510671015e-16,7.01264971815574,0.3316380709875375,0.8418509396724403,107.0,133.0,114.0,133.42100524902344
40.2,4.5313919342585425e-06,0.0,2.1614654510671015e-16,7.01264971815574,0.3316380709875375,0.8418509396724403,107.0,133.0,114.0,133.42100524902344
40.25,5.217984127497607e-06,0.0,2.1614654510671015e-16,7.01264971815574,0.3316380709875375,0.8418509396724403,107.0,133.0,114.0,133.42100524902344
40.300000000000004,5.14939906625072e-07,0.0,2.1614654510671015e-16,7.01264971815574,0.3316380709875375,0.8418509396724403,107.0,133.0,114.0,133.42100524902344
40.35,1.167185964949407e-06,0.0,2.1614654510671015e-16,7.01264971815574,0.3316380709875375,0.8418509396724403,107.0,133.0,114.0,133.42100524902344
40.400000000000006,1.7851014939505148e-06,0.0,2.1614654510671015e-16,7.01264971815574,0.3316380709875375,0.8418509396724403,107.0,133.0,114.0,133.42100524902344
40.45,2.403017999414307e-06,0.0,2.1614654510671015e-16,7.01264971815574,0.3316380709875375,0.8418509396724403,107.0,133.0,114.0,133.42100524902344
40.5,3.0552665931552044e-06,0.0,2.1614654510671015e-16,7.01264971815574,0.3316380709875375,0.8418509396724403,107.0,133.0,114.0,133.42100524902344
40.550000000000004,3.673191776490606e-06,0.0,2.1614654510671015e-16,7.01264971815574,0.3316380709875375,0.8418509396724403,107.0,133.0,114.0,133.42100524902344
40.6,4.325436179229085e-06,0.0,2.1614654510671015e-16,7.01264971815574,0.3316380709875375,0.8418509396724403,107.0,133.0,114.0,133.42100524902344
40.650000000000006,4.977686867644312e-06,0.0,2.1614654510671015e-16,7.01264971815574,0.3316380709875375,0.8418509396724403,107.0,133.0,114.0,133.42100524902344
40.7,2.7463658157530035e-07,0.0,2.1614654510671015e-16,7.01264971815574,0.3316380709875375,0.8418509396724403,107.0,133.0,114.0,133.42100524902344
40.75,9.268890457091814e-07,0.0,2.1614654510671015e-16,7.01264971815574,0.3316380709875375,0.8418509396724403,107.0,133.0,114.0,133.42100524902344
40.800000000000004,1.5791263587931578e-06,0.0,2.1614654510671015e-16,7.01264971815574,0.3316380709875375,0.8418509396724403,107.0,133.0,114.0,133.42100524902344
40.85,2.162723093397779e-06,0.0,2.1614654510671015e-16,7.01264971815574,0.3316380709875375,0.8418509396724403,107.0,133.0,114.0,133.42100524902344
40.900000000000006,2.8149673903860003e-06,0.0,2.1614654510671015e-16,7.01264971815574,0.3316380709875375,0.8418509396724403,107.0,133.0,114.0,133.42100524902344
40.95,3.3299022721035174e-06,0.0,2.1614654510671015e-16,7.01264971815574,0.3316380709875375,0.8418509396724403,107.0,133.0,114.0,133.42100524902344
41.0,3.982140163290934e-06,0.0,2.1614654510671015e-16,7.01264971815574,0.3316380709875375,0.8418509396724403,107.0,133.0,114.0,133.42100524902344
41.050000000000004,4.668733022707663e-06,0.0,2.1614654510671015e-16,7.01264971815574,0.3316380709875375,0.8418509396724403,107.0,133.0,114.0,133.42100524902344
41.1,0.0,0.0,2.1614654510671015e-16,7.01264971815574,0.3316380709875375,0.8418509396724403,107.0,133.0,114.0,133.42100524902344
41.150000000000006,6.522495600640147e-07,0.0,2.1614654510671015e-16,7.01264971815574,0.3316380709875375,0.8418509396724403,107.0,133.0,114.0,133.42100524902344
41.2,1.2015117110783364e-06,0.0,2.1614654510671015e-16,7.01264971815574,0.3316380709875375,0.8418509396724403,107.0,133.0,114.0,133.42100524902344
41.25,1.8194298223612679e-06,0.0,2.1614654510671015e-16,7.01264971815574,0.3316380709875375,0.8418509396724403,107.0,133.0,114.0,133.42100524902344
41.300000000000004,2.471677581786155e-06,0.0,2.1614654510671015e-16,7.01264971815574,0.3316380709875375,0.8418509396724403,107.0,133.0,114.0,133.42100524902344
41.35,3.1239254831883074e-06,0.0,2.1614654510671015e-16,7.01264971815574,0.3316380709875375,0.8418509396724403,107.0,133.0,114.0,133.42100524902344
41.400000000000006,3.673188167941188e-06,0.0,2.1614654510671015e-16,7.01264971815574,0.3316380709875375,0.8418509396724403,107.0,133.0,114.0,133.42100524902344
41.45,4.359780001562558e-06,0.0,2.1614654510671015e-16,7.01264971815574,0.3316380709875375,0.8418509396724403,107.0,133.0,114.0,133.42100524902344
41.5,4.97768407214244e-06,0.0,2.1614654510671015e-16,7.01264971815574,0.3316380709875375,0.8418509396724403,107.0,133.0,114.0,133.42100524902344
41.550000000000004,3.0896046732673595e-07,0.0,2.1614654510671015e-16,7.01264971815574,0.3316380709875375,0.8418509396724403,107.0,133.0,114.0,133.42100524902344
41.6,9.612073876382861e-07,0.0,2.1614654510671015e-16,7.01264971815574,0.3316380709875375,0.8418509396724403,107.0,133.0,114.0,133.42100524902344
41.650000000000006,1.5791269233085574e-06,0.0,2.1614654510671015e-16,7.01264971815574,0.3316380709875375,0.8418509396724403,107.0,133.0,114.0,133.42100524902344
41.7,2.1627182132313725e-06,0.0,2.1614654510671015e-16,7.01264971815574,0.3316380709875375,0.8418509396724403,107.0,133.0,114.0,133.42100524902344
41.75,2.6776512711911984e-06,0.0,2.1614654510671015e-16,7.01264971815574,0.3316380709875375,0.8418509396724403,107.0,133.0,114.0,133.42100524902344
41.800000000000004,3.364225269189728e-06,0.0,2.1614654510671015e-16,7.01264971815574,0.3316380709875375,0.8418509396724403,107.0,133.0,114.0,133.42100524902344
41.85,4.016484170721457e-06,0.0,2.1614654510671015e-16,7.01264971815574,0.3316380709875375,0.8418509396724403,107.0,133.0,114.0,133.42100524902344
41.900000000000006,4.565736036873416e-06,0.0,2.1614654510671015e-16,7.01264971815574,0.3316380709875375,0.8418509396724403,107.0,133.0,114.0,133.42100524902344
41.95,1.0298675053683425e-07,0.0,2.1614654510671015e-16,7.01264971815574,0.3316380709875375,0.8418509396724403,107.0,133.0,114.0,133.42100524902344
42.0,6.865827759061175e-07,0.0,2.1614654510671015e-16,7.01264971815574,0.3316380709875375,0.8418509396724403,107.0,133.0,114.0,133.42100524902344
42.050000000000004,1.3731580053085106e-06,0.0,2.1614654510671015e-16,7.01264971815574,0.3316380709875375,0.8418509396724403,107.0,133.0,114.0,133.42100524902344
42.1,2.02540350951051e-06,0.0,2.1614654510671015e-16,7.01264971815574,0.3316380709875375,0.8418509396724403,107.0,133.0,114.0,133.42100524902344
42.150000000000006,2.608992143945779e-06,0.0,2.1614654510671015e-16,7.01264971815574,0.3316380709875375,0.8418509396724403,107.0,133.0,114.0,133.42100524902344
42.2,3.2612403428375307e-06,0.0,2.1614654510671015e-16,7.01264971815574,0.3316380709875375,0.8418509396724403,107.0,133.0,114.0,133.42100524902344
42.25,3.913488158729047e-06,0.0,2.1614654510671015e-16,7.01264971815574,0.3316380709875375,0.8418509396724403,107.0,133.0,114.0,133.42100524902344
42.300000000000004,4.531391973527197e-06,0.0,2.1614654510671015e-16,7.01264971815574,0.3316380709875375,0.8418509396724403,107.0,133.0,114.0,133.42100524902344
42.35,5.046335890648296e-06,0.0,2.1614654510671015e-16,7.01264971815574,0.3316380709875375,0.8418509396724403,107.0,133.0,114.0,133.42100524902344
42.400000000000006,5.492629972514122e-07,0.0,2.1614654510671015e-16,7.01264971815574,0.3316380709875375,0.8418509396724403,107.0,133.0,114.0,133.42100524902344
42.45,1.1328518122858432e-06,0.0,2.1614654510671015e-16,7.01264971815574,0.3316380709875375,0.8418509396724403,107.0,133.0,114.0,133.42100524902344
42.5,1.7850997566250657e-06,0.0,2.1614654510671015e-16,7.01264971815574,0.3316380709875375,0.8418509396724403,107.0,133.0,114.0,133.42100524902344
42.550000000000004,2.368688446811536e-06,0.0,2.1614654510671015e-16,7.01264971815574,0.3316380709875375,0.8418509396724403,107.0,133.0,114.0,133.42100524902344
42.6,2.986610501457189e-06,0.0,2.1614654510671015e-16,7.01264971815574,0.3316380709875375,0.8418509396724403,107.0,133.0,114.0,133.42100524902344
42.650000000000006,3.6388443652614178e-06,0.0,2.1614654510671015e-16,7.01264971815574,0.3316380709875375,0.8418509396724403,107.0,133.0,114.0,133.42100524902344
42.7,4.188132120903254e-06,0.0,2.1614654510671015e-16,7.01264971815574,0.3316380709875375,0.8418509396724403,107.0,133.0,114.0,133.42100524902344
42.75,4.7373841493664025e-06,0.0,2.1614654510671015e-16,7.01264971815574,0.3316380709875375,0.8418509396724403,107.0,133.0,114.0,133.42100524902344
42.800000000000004,2.746356191917296e-07,0.0,2.1614654510671015e-16,7.01264971815574,0.3316380709875375,0.8418509396724403,107.0,133.0,114.0,133.42100524902344
42.85,9.268787925570229e-07,0.0,2.1614654510671015e-16,7.01264971815574,0.3316380709875375,0.8418509396724403,107.0,133.0,114.0,133.42100524902344
42.900000000000006,1.5104704393580298e-06,0.0,2.1614654510671015e-16,7.01264971815574,0.3316380709875375,0.8418509396724403,107.0,133.0,114.0,133.42100524902344
42.95,2.1627182395475016e-06,0.0,2.1614654510671015e-16,7.01264971815574,0.3316380709875375,0.8418509396724403,107.0,133.0,114.0,133.42100524902344
43.0,2.8149661461321087e-06,0.0,2.1614654510671015e-16,7.01264971815574,0.3316380709875375,0.8418509396724403,107.0,133.0,114.0,133.42100524902344
43.050000000000004,3.3985548090674846e-06,0.0,2.1614654510671015e-16,7.01264971815574,0.3316380709875375,0.8418509396724403,107.0,133.0,114.0,133.42100524902344
43.1,4.050792106087919e-06,0.0,2.1614654510671015e-16,7.01264971815574,0.3316380709875375,0.8418509396724403,107.0,133.0,114.0,133.42100524902344
43.150000000000006,4.703040048751224e-06,0.0,2.1614654510671015e-16,7.01264971815574,0.3316380709875375,0.8418509396724403,107.0,133.0,114.0,133.42100524902344
43.2,0.0,0.0,2.1614654510671015e-16,7.01264971815574,0.3316380709875375,0.8418509396724403,107.0,133.0,114.0,133.42100524902344
43.25,6.17919685576153e-07,0.0,2.1614654510671015e-16,7.01264971815574,0.3316380709875375,0.8418509396724403,107.0,133.0,114.0,133.42100524902344
43.300000000000004,1.2701664699867736e-06,0.0,2.1614654510671015e-16,7.01264971815574,0.3316380709875375,0.8418509396724403,107.0,133.0,114.0,133.42100524902344
43.35,1.922415961523311e-06,0.0,2.1614654510671015e-16,7.01264971815574,0.3316380709875375,0.8418509396724403,107.0,133.0,114.0,133.42100524902344
43.400000000000006,2.574663018988521e-06,0.0,2.1614654510671015e-16,7.01264971815574,0.3316380709875375,0.8418509396724403,107.0,133.0,114.0,133.42100524902344
43.45,3.1582550436718597e-06,0.0,2.1614654510671015e-16,7.01264971815574,0.3316380709875375,0.8418509396724403,107.0,133.0,114.0,133.42100524902344
43.5,3.7761841495898152e-06,0.0,2.1614654510671015e-16,7.01264971815574,0.3316380709875375,0.8418509396724403,107.0,133.0,114.0,133.42100524902344
43.550000000000004,4.4627401822166405e-06,0.0,2.1614654510671015e-16,7.01264971815574,0.3316380709875375,0.8418509396724403,107.0,133.0,114.0,133.42100524902344
43.6,5.114988409012591e-06,0.0,2.1614654510671015e-16,7.01264971815574,0.3316380709875375,0.8418509396724403,107.0,133.0,114.0,133.42100524902344
43.650000000000006,3.4328934548425176e-07,0.0,2.1614654510671015e-16,7.01264971815574,0.3316380709875375,0.8418509396724403,107.0,133.0,114.0,133.42100524902344
43.7,9.268800759413192e-07,0.0,2.1614654510671015e-16,7.01264971815574,0.3316380709875375,0.8418509396724403,107.0,133.0,114.0,133.42100524902344
43.75,1.5791269928614108e-06,0.0,2.1614654510671015e-16,7.01264971815574,0.3316380709875375,0.8418509396724403,107.0,133.0,114.0,133.42100524902344
43.800000000000004,2.265703300197761e-06,0.0,2.1614654510671015e-16,7.01264971815574,0.3316380709875375,0.8418509396724403,107.0,133.0,114.0,133.42100524902344
43.85,2.8149660189420564e-06,0.0,2.1614654510671015e-16,7.01264971815574,0.3316380709875375,0.8418509396724403,107.0,133.0,114.0,133.42100524902344
43.900000000000006,3.329899757013307e-06,0.0,2.1614654510671015e-16,7.01264971815574,0.3316380709875375,0.8418509396724403,107.0,133.0,114.0,133.42100524902344
43.95,3.982140711525572e-06,0.0,2.1614654510671015e-16,7.01264971815574,0.3316380709875375,0.8418509396724403,107.0,133.0,114.0,133.42100524902344
44.0,4.634388704837057e-06,0.0,2.1614654510671015e-16,7.01264971815574,0.3316380709875375,0.8418509396724403,107.0,133.0,114.0,133.42100524902344
44.050000000000004,1.0298675053683425e-07,0.0,2.1614654510671015e-16,7.01264971815574,0.3316380709875375,0.8418509396724403,107.0,133.0,114.0,133.42100524902344
44.1,7.895639802337213e-07,0.0,2.1614654510671015e-16,7.01264971815574,0.3316380709875375,0.8418509396724403,107.0,133.0,114.0,133.42100524902344
44.150000000000006,1.4074812180308294e-06,0.0,2.1614654510671015e-16,7.01264971815574,0.3316380709875375,0.8418509396724403,107.0,133.0,114.0,133.42100524902344
44.2,1.9910744847714442e-06,0.0,2.1614654510671015e-16,7.01264971815574,0.3316380709875375,0.8418509396724403,107.0,133.0,114.0,133.42100524902344
44.25,2.5746650011315574e-06,0.0,2.1614654510671015e-16,7.01264971815574,0.3316380709875375,0.8418509396724403,107.0,133.0,114.0,133.42100524902344
44.300000000000004,3.2269111569537267e-06,0.0,2.1614654510671015e-16,7.01264971815574,0.3316380709875375,0.8418509396724403,107.0,133.0,114.0,133.42100524902344
44.35,3.91348812970119e-06,0.0,2.1614654510671015e-16,7.01264971815574,0.3316380709875375,0.8418509396724403,107.0,133.0,114.0,133.42100524902344
44.400000000000006,4.565736423144547e-06,0.0,2.1614654510671015e-16,7.01264971815574,0.3316380709875375,0.8418509396724403,107.0,133.0,114.0,133.42100524902344
44.45,5.183640580937146e-06,0.0,2.1614654510671015e-16,7.01264971815574,0.3316380709875375,0.8418509396724403,107.0,133.0,114.0,133.42100524902344
44.5,4.11945982990697e-07,0.0,2.1614654510671015e-16,7.01264971815574,0.3316380709875375,0.8418509396724403,107.0,133.0,114.0,133.42100524902344
44.550000000000004,1.0641929479806971e-06,0.0,2.1614654510671015e-16,7.01264971815574,0.3316380709875375,0.8418509396724403,107.0,133.0,114.0,133.42100524902344
44.6,1.7507702449727816e-06,0.0,2.1614654510671015e-16,7.01264971815574,0.3316380709875375,0.8418509396724403,107.0,133.0,114.0,133.42100524902344
44.650000000000006,2.334362822665953e-06,0.0,2.1614654510671015e-16,7.01264971815574,0.3316380709875375,0.8418509396724403,107.0,133.0,114.0,133.42100524902344
44.7,2.8836222928567024e-06,0.0,2.1614654510671015e-16,7.01264971815574,0.3316380709875375,0.8418509396724403,107.0,133.0,114.0,133.42100524902344
44.75,3.4672139747512074e-06,0.0,2.1614654510671015e-16,7.01264971815574,0.3316380709875375,0.8418509396724403,107.0,133.0,114.0,133.42100524902344
44.800000000000004,4.153788915986541e-06,0.0,2.1614654510671015e-16,7.01264971815574,0.3316380709875375,0.8418509396724403,107.0,133.0,114.0,133.42100524902344
44.85,4.80603792875438e-06,0.0,2.1614654510671015e-16,7.01264971815574,0.3316380709875375,0.8418509396724403,107.0,133.0,114.0,133.42100524902344
44.900000000000006,2.403046536355908e-07,0.0,2.1614654510671015e-16,7.01264971815574,0.3316380709875375,0.8418509396724403,107.0,133.0,114.0,133.42100524902344
44.95,9.268786033545255e-07,0.0,2.1614654510671015e-16,7.01264971815574,0.3316380709875375,0.8418509396724403,107.0,133.0,114.0,133.42100524902344
45.0,1.5448025303485796e-06,0.0,2.1614654510671015e-16,7.01264971815574,0.3316380709875375,0.8418509396724403,107.0,133.0,114.0,133.42100524902344
45.050000000000004,2.128388476198726e-06,0.0,2.1614654510671015e-16,7.01264971815574,0.3316380709875375,0.8418509396724403,107.0,133.0,114.0,133.42100524902344
45.1,2.6776511517636897e-06,0.0,2.1614654510671015e-16,7.01264971815574,0.3316380709875375,0.8418509396724403,107.0,133.0,114.0,133.42100524902344
45.150000000000006,3.226910727672072e-06,0.0,2.1614654510671015e-16,7.01264971815574,0.3316380709875375,0.8418509396724403,107.0,133.0,114.0,133.42100524902344
45.2,3.844836166916892e-06,0.0,2.1614654510671015e-16,7.01264971815574,0.3316380709875375,0.8418509396724403,107.0,133.0,114.0,133.42100524902344
45.25,4.497083960244372e-06,0.0,2.1614654510671015e-16,7.01264971815574,0.3316380709875375,0.8418509396724403,107.0,133.0,114.0,133.42100524902344
45.300000000000004,0.0,0.0,2.1614654510671015e-16,7.01264971815574,0.3316380709875375,0.8418509396724403,107.0,133.0,114.0,133.42100524902344
45.35,6.522480496392728e-07,0.0,2.1614654510671015e-16,7.01264971815574,0.3316380709875375,0.8418509396724403,107.0,133.0,114.0,133.42100524902344
45.400000000000006,1.167181246807116e-06,0.0,2.1614654510671015e-16,7.01264971815574,0.3316380709875375,0.8418509396724403,107.0,133.0,114.0,133.42100524902344
45.45,1.682115145649123e-06,0.0,2.1614654510671015e-16,7.01264971815574,0.3316380709875375,0.8418509396724403,107.0,133.0,114.0,133.42100524902344
45.5,2.368688910608996e-06,0.0,2.1614654510671015e-16,7.01264971815574,0.3316380709875375,0.8418509396724403,107.0,133.0,114.0,133.42100524902344
45.550000000000004,3.0552668346471446e-06,0.0,2.1614654510671015e-16,7.01264971815574,0.3316380709875375,0.8418509396724403,107.0,133.0,114.0,133.42100524902344
45.6,3.7075319670542496e-06,0.0,2.1614654510671015e-16,7.01264971815574,0.3316380709875375,0.8418509396724403,107.0,133.0,114.0,133.42100524902344
45.650000000000006,4.222440285086117e-06,0.0,2.1614654510671015e-16,7.01264971815574,0.3316380709875375,0.8418509396724403,107.0,133.0,114.0,133.42100524902344
45.7,4.737384208096973e-06,0.0,2.1614654510671015e-16,7.01264971815574,0.3316380709875375,0.8418509396724403,107.0,133.0,114.0,133.42100524902344
45.75,3.0896046732673595e-07,0.0,2.1614654510671015e-16,7.01264971815574,0.3316380709875375,0.8418509396724403,107.0,133.0,114.0,133.42100524902344
45.800000000000004,9.612073876382861e-07,0.0,2.1614654510671015e-16,7.01264971815574,0.3316380709875375,0.8418509396724403,107.0,133.0,114.0,133.42100524902344
45.85,1.5447997511406393e-06,0.0,2.1614654510671015e-16,7.01264971815574,0.3316380709875375,0.8418509396724403,107.0,133.0,114.0,133.42100524902344
45.900000000000006,2.1970448860751457e-06,0.0,2.1614654510671015e-16,7.01264971815574,0.3316380709875375,0.8418509396724403,107.0,133.0,114.0,133.42100524902344
45.95,2.8492919258190637e-06,0.0,2.1614654510671015e-16,7.01264971815574,0.3316380709875375,0.8418509396724403,107.0,133.0,114.0,133.42100524902344
46.0,3.501540065189539e-06,0.0,2.1614654510671015e-16,7.01264971815574,0.3316380709875375,0.8418509396724403,107.0,133.0,114.0,133.42100524902344
46.050000000000004,4.0507924435278574e-06,0.0,2.1614654510671015e-16,7.01264971815574,0.3316380709875375,0.8418509396724403,107.0,133.0,114.0,133.42100524902344
46.1,4.737384149569023e-06,0.0,2.1614654510671015e-16,7.01264971815574,0.3316380709875375,0.8418509396724403,107.0,133.0,114.0,133.42100524902344
46.150000000000006,1.0298675053683425e-07,0.0,2.1614654510671015e-16,7.01264971815574,0.3316380709875375,0.8418509396724403,107.0,133.0,114.0,133.42100524902344
46.2,7.552378326367603e-07,0.0,2.1614654510671015e-16,7.01264971815574,0.3316380709875375,0.8418509396724403,107.0,133.0,114.0,133.42100524902344
46.25,1.3388255765882024e-06,0.0,2.1614654510671015e-16,7.01264971815574,0.3316380709875375,0.8418509396724403,107.0,133.0,114.0,133.42100524902344
46.300000000000004,1.956744561003238e-06,0.0,2.1614654510671015e-16,7.01264971815574,0.3316380709875375,0.8418509396724403,107.0,133.0,114.0,133.42100524902344
46.35,2.6089922276747145e-06,0.0,2.1614654510671015e-16,7.01264971815574,0.3316380709875375,0.8418509396724403,107.0,133.0,114.0,133.42100524902344
46.400000000000006,3.2955695601781564e-06,0.0,2.1614654510671015e-16,7.01264971815574,0.3316380709875375,0.8418509396724403,107.0,133.0,114.0,133.42100524902344
46.45,3.844835946081199e-06,0.0,2.1614654510671015e-16,7.01264971815574,0.3316380709875375,0.8418509396724403,107.0,133.0,114.0,133.42100524902344
46.5,4.428432075590313e-06,0.0,2.1614654510671015e-16,7.01264971815574,0.3316380709875375,0.8418509396724403,107.0,133.0,114.0,133.42100524902344
46.550000000000004,5.080679981710954e-06,0.0,2.1614654510671015e-16,7.01264971815574,0.3316380709875375,0.8418509396724403,107.0,133.0,114.0,133.42100524902344
46.6,5.492659077960633e-07,0.0,2.1614654510671015e-16,7.01264971815574,0.3316380709875375,0.8418509396724403,107.0,133.0,114.0,133.42100524902344
46.650000000000006,1.2015110608337103e-06,0.0,2.1614654510671015e-16,7.01264971815574,0.3316380709875375,0.8418509396724403,107.0,133.0,114.0,133.42100524902344
46.7,1.7507702194120465e-06,0.0,2.1614654510671015e-16,7.01264971815574,0.3316380709875375,0.8418509396724403,107.0,133.0,114.0,133.42100524902344
46.75,2.3000328841103136e-06,0.0,2.1614654510671015e-16,7.01264971815574,0.3316380709875375,0.8418509396724403,107.0,133.0,114.0,133.42100524902344
46.800000000000004,2.952280877501214e-06,0.0,2.1614654510671015e-16,7.01264971815574,0.3316380709875375,0.8418509396724403,107.0,133.0,114.0,133.42100524902344
46.85,3.6045359694683706e-06,0.0,2.1614654510671015e-16,7.01264971815574,0.3316380709875375,0.8418509396724403,107.0,133.0,114.0,133.42100524902344
46.900000000000006,4.18813211776392e-06,0.0,2.1614654510671015e-16,7.01264971815574,0.3316380709875375,0.8418509396724403,107.0,133.0,114.0,133.42100524902344
46.95,4.703040409176146e-06,0.0,2.1614654510671015e-16,7.01264971815574,0.3316380709875375,0.8418509396724403,107.0,133.0,114.0,133.42100524902344
47.0,2.4030465363558615e-07,0.0,2.1614654510671015e-16,7.01264971815574,0.3316380709875375,0.8418509396724403,107.0,133.0,114.0,133.42100524902344
47.050000000000004,8.238924373767866e-07,0.0,2.1614654510671015e-16,7.01264971815574,0.3316380709875375,0.8418509396724403,107.0,133.0,114.0,133.42100524902344
47.1,1.4761404285505359e-06,0.0,2.1614654510671015e-16,7.01264971815574,0.3316380709875375,0.8418509396724403,107.0,133.0,114.0,133.42100524902344
47.150000000000006,2.162718062996367e-06,0.0,2.1614654510671015e-16,7.01264971815574,0.3316380709875375,0.8418509396724403,107.0,133.0,114.0,133.42100524902344
47.2,2.8149662274732417e-06,0.0,2.1614654510671015e-16,7.01264971815574,0.3316380709875375,0.8418509396724403,107.0,133.0,114.0,133.42100524902344
47.25,3.364225230259497e-06,0.0,2.1614654510671015e-16,7.01264971815574,0.3316380709875375,0.8418509396724403,107.0,133.0,114.0,133.42100524902344
47.300000000000004,3.879144141044957e-06,0.0,2.1614654510671015e-16,7.01264971815574,0.3316380709875375,0.8418509396724403,107.0,133.0,114.0,133.42100524902344
47.35,4.5657372191587625e-06,0.0,2.1614654510671015e-16,7.01264971815574,0.3316380709875375,0.8418509396724403,107.0,133.0,114.0,133.42100524902344
47.400000000000006,0.0,0.0,2.1614654510671015e-16,7.01264971815574,0.3316380709875375,0.8418509396724403,107.0,133.0,114.0,133.42100524902344
47.45,6.522480496392728e-07,0.0,2.1614654510671015e-16,7.01264971815574,0.3316380709875375,0.8418509396724403,107.0,133.0,114.0,133.42100524902344
47.5,1.1671812468071152e-06,0.0,2.1614654510671015e-16,7.01264971815574,0.3316380709875375,0.8418509396724403,107.0,133.0,114.0,133.42100524902344
47.550000000000004,1.682115145649123e-06,0.0,2.1614654510671015e-16,7.01264971815574,0.3316380709875375,0.8418509396724403,107.0,133.0,114.0,133.42100524902344
47.6,2.368688910608996e-06,0.0,2.1614654510671015e-16,7.01264971815574,0.3316380709875375,0.8418509396724403,107.0,133.0,114.0,133.42100524902344
47.650000000000006,3.0552668346471446e-06,0.0,2.1614654510671015e-16,7.01264971815574,0.3316380709875375,0.8418509396724403,107.0,133.0,114.0,133.42100524902344
47.7,3.7075319670542496e-06,0.0,2.1614654510671015e-16,7.01264971815574,0.3316380709875375,0.8418509396724403,107.0,133.0,114.0,133.42100524902344
47.75,4.222440285086117e-06,0.0,2.1614654510671015e-16,7.01264971815574,0.3316380709875375,0.8418509396724403,107.0,133.0,114.0,133.42100524902344
47.800000000000004,4.737384208096973e-06,0.0,2.1614654510671015e-16,7.01264971815574,0.3316380709875375,0.8418509396724403,107.0,133.0,114.0,133.42100524902344
47.85,3.0896046732673595e-07,0.0,2.1614654510671015e-16,7.01264971815574,0.3316380709875375,0.8418509396724403,107.0,133.0,114.0,133.42100524902344
47.900000000000006,9.612073876382861e-07,0.0,2.1614654510671015e-16,7.01264971815574,0.3316380709875375,0.8418509396724403,107.0,133.0,114.0,133.42100524902344
47.95,1.5791269233085574e-06,0.0,2.1614654510671015e-16,7.01264971815574,0.3316380709875375,0.8418509396724403,107.0,133.0,114.0,133.42100524902344
48.0,2.1283885493622867e-06,0.0,2.1614654510671015e-16,7.01264971815574,0.3316380709875375,0.8418509396724403,107.0,133.0,114.0,133.42100524902344
48.050000000000004,2.7119780909395742e-06,0.0,2.1614654510671015e-16,7.01264971815574,0.3316380709875375,0.8418509396724403,107.0,133.0,114.0,133.42100524902344
48.1,3.3642258482334504e-06,0.0,2.1614654510671015e-16,7.01264971815574,0.3316380709875375,0.8418509396724403,107.0,133.0,114.0,133.42100524902344
48.150000000000006,4.050792182630937e-06,0.0,2.1614654510671015e-16,7.01264971815574,0.3316380709875375,0.8418509396724403,107.0,133.0,114.0,133.42100524902344
48.2,4.668731950725635e-06,0.0,2.1614654510671015e-16,7.01264971815574,0.3316380709875375,0.8418509396724403,107.0,133.0,114.0,133.42100524902344
48.25,1.0298664292226102e-07,0.0,2.1614654510671015e-16,7.01264971815574,0.3316380709875375,0.8418509396724403,107.0,133.0,114.0,133.42100524902344
48.300000000000004,6.865776147914837e-07,0.0,2.1614654510671015e-16,7.01264971815574,0.3316380709875375,0.8418509396724403,107.0,133.0,114.0,133.42100524902344
48.35,1.3388258966077293e-06,0.0,2.1614654510671015e-16,7.01264971815574,0.3316380709875375,0.8418509396724403,107.0,133.0,114.0,133.42100524902344
48.400000000000006,1.9910737005188824e-06,0.0,2.1614654510671015e-16,7.01264971815574,0.3316380709875375,0.8418509396724403,107.0,133.0,114.0,133.42100524902344
48.45,2.5060077410999997e-06,0.0,2.1614654510671015e-16,7.01264971815574,0.3316380709875375,0.8418509396724403,107.0,133.0,114.0,133.42100524902344
48.5,3.158255693271653e-06,0.0,2.1614654510671015e-16,7.01264971815574,0.3316380709875375,0.8418509396724403,107.0,133.0,114.0,133.42100524902344
48.550000000000004,3.810492788635686e-06,0.0,2.1614654510671015e-16,7.01264971815574,0.3316380709875375,0.8418509396724403,107.0,133.0,114.0,133.42100524902344
48.6,4.462740133213988e-06,0.0,2.1614654510671015e-16,7.01264971815574,0.3316380709875375,0.8418509396724403,107.0,133.0,114.0,133.42100524902344
48.650000000000006,5.149332936313602e-06,0.0,2.1614654510671015e-16,7.01264971815574,0.3316380709875375,0.8418509396724403,107.0,133.0,114.0,133.42100524902344
48.7,4.806201905063836e-07,0.0,2.1614654510671015e-16,7.01264971815574,0.3316380709875375,0.8418509396724403,107.0,133.0,114.0,133.42100524902344
48.75,1.1328531925711238e-06,0.0,2.1614654510671015e-16,7.01264971815574,0.3316380709875375,0.8418509396724403,107.0,133.0,114.0,133.42100524902344
48.800000000000004,1.7507703158166184e-06,0.0,2.1614654510671015e-16,7.01264971815574,0.3316380709875375,0.8418509396724403,107.0,133.0,114.0,133.42100524902344
48.85,2.368688507563238e-06,0.0,2.1614654510671015e-16,7.01264971815574,0.3316380709875375,0.8418509396724403,107.0,133.0,114.0,133.42100524902344
48.900000000000006,2.986611148080716e-06,0.0,2.1614654510671015e-16,7.01264971815574,0.3316380709875375,0.8418509396724403,107.0,133.0,114.0,133.42100524902344
48.95,3.638844730963215e-06,0.0,2.1614654510671015e-16,7.01264971815574,0.3316380709875375,0.8418509396724403,107.0,133.0,114.0,133.42100524902344
49.0,4.256784327642707e-06,0.0,2.1614654510671015e-16,7.01264971815574,0.3316380709875375,0.8418509396724403,107.0,133.0,114.0,133.42100524902344
49.050000000000004,4.943340104985117e-06,0.0,2.1614654510671015e-16,7.01264971815574,0.3316380709875375,0.8418509396724403,107.0,133.0,114.0,133.42100524902344
49.1,2.059730126841543e-07,0.0,2.1614654510671015e-16,7.01264971815574,0.3316380709875375,0.8418509396724403,107.0,133.0,114.0,133.42100524902344
49.150000000000006,7.895646310665568e-07,0.0,2.1614654510671015e-16,7.01264971815574,0.3316380709875375,0.8418509396724403,107.0,133.0,114.0,133.42100524902344
49.2,1.4761408520377555e-06,0.0,2.1614654510671015e-16,7.01264971815574,0.3316380709875375,0.8418509396724403,107.0,133.0,114.0,133.42100524902344
49.25,2.0940588939525807e-06,0.0,2.1614654510671015e-16,7.01264971815574,0.3316380709875375,0.8418509396724403,107.0,133.0,114.0,133.42100524902344
49.300000000000004,2.6089919884324604e-06,0.0,2.1614654510671015e-16,7.01264971815574,0.3316380709875375,0.8418509396724403,107.0,133.0,114.0,133.42100524902344
49.35,3.2269103512708192e-06,0.0,2.1614654510671015e-16,7.01264971815574,0.3316380709875375,0.8418509396724403,107.0,133.0,114.0,133.42100524902344
49.400000000000006,3.879144080015665e-06,0.0,2.1614654510671015e-16,7.01264971815574,0.3316380709875375,0.8418509396724403,107.0,133.0,114.0,133.42100524902344
49.45,4.42843204467186e-06,0.0,2.1614654510671015e-16,7.01264971815574,0.3316380709875375,0.8418509396724403,107.0,133.0,114.0,133.42100524902344
49.5,0.0,0.0,2.1614654510671015e-16,7.01264971815574,0.3316380709875375,0.8418509396724403,107.0,133.0,114.0,133.42100524902344
49.550000000000004,6.17919685576153e-07,0.0,2.1614654510671015e-16,7.01264971815574,0.3316380709875375,0.8418509396724403,107.0,133.0,114.0,133.42100524902344
49.6,1.2701664699867736e-06,0.0,2.1614654510671015e-16,7.01264971815574,0.3316380709875375,0.8418509396724403,107.0,133.0,114.0,133.42100524902344
49.650000000000006,1.922414761423141e-06,0.0,2.1614654510671015e-16,7.01264971815574,0.3316380709875375,0.8418509396724403,107.0,133.0,114.0,133.42100524902344
49.7,2.4373477383147004e-06,0.0,2.1614654510671015e-16,7.01264971815574,0.3316380709875375,0.8418509396724403,107.0,133.0,114.0,133.42100524902344
49.75,2.986610467802286e-06,0.0,2.1614654510671015e-16,7.01264971815574,0.3316380709875375,0.8418509396724403,107.0,133.0,114.0,133.42100524902344
49.800000000000004,3.638844212064789e-06,0.0,2.1614654510671015e-16,7.01264971815574,0.3316380709875375,0.8418509396724403,107.0,133.0,114.0,133.42100524902344
49.85,4.291092631487546e-06,0.0,2.1614654510671015e-16,7.01264971815574,0.3316380709875375,0.8418509396724403,107.0,133.0,114.0,133.42100524902344
49.900000000000006,4.909032341129068e-06,0.0,2.1614654510671015e-16,7.01264971815574,0.3316380709875375,0.8418509396724403,107.0,133.0,114.0,133.42100524902344
49.95,3.4328932334711805e-07,0.0,2.1614654510671015e-16,7.01264971815574,0.3316380709875375,0.8418509396724403,107.0,133.0,114.0,133.42100524902344
50.0,9.268779121835465e-07,0.0,2.1614654510671015e-16,7.01264971815574,0.3316380709875375,0.8418509396724403,107.0,133.0,114.0,133.42100524902344
50.050000000000004,1.6134554957321472e-06,0.0,2.1614654510671015e-16,7.01264971815574,0.3316380709875375,0.8418509396724403,107.0,133.0,114.0,133.42100524902344
50.1,2.2657034736171715e-06,0.0,2.1614654510671015e-16,7.01264971815574,0.3316380709875375,0.8418509396724403,107.0,133.0,114.0,133.42100524902344
50.150000000000006,2.8492919010710535e-06,0.0,2.1614654510671015e-16,7.01264971815574,0.3316380709875375,0.8418509396724403,107.0,133.0,114.0,133.42100524902344
50.2,3.43288463892923e-06,0.0,2.1614654510671015e-16,7.01264971815574,0.3316380709875375,0.8418509396724403,107.0,133.0,114.0,133.42100524902344
50.25,4.016484208297275e-06,0.0,2.1614654510671015e-16,7.01264971815574,0.3316380709875375,0.8418509396724403,107.0,133.0,114.0,133.42100524902344
50.300000000000004,4.668731950979618e-06,0.0,2.1614654510671015e-16,7.01264971815574,0.3316380709875375,0.8418509396724403,107.0,133.0,114.0,133.42100524902344
50.35,1.3731552221924945e-07,0.0,2.1614654510671015e-16,7.01264971815574,0.3316380709875375,0.8418509396724403,107.0,133.0,114.0,133.42100524902344
50.400000000000006,7.895628498259437e-07,0.0,2.1614654510671015e-16,7.01264971815574,0.3316380709875375,0.8418509396724403,107.0,133.0,114.0,133.42100524902344
50.45,1.3044963530884268e-06,0.0,2.1614654510671015e-16,7.01264971815574,0.3316380709875375,0.8418509396724403,107.0,133.0,114.0,133.42100524902344
50.5,1.956744102803247e-06,0.0,2.1614654510671015e-16,7.01264971815574,0.3316380709875375,0.8418509396724403,107.0,133.0,114.0,133.42100524902344
50.550000000000004,2.6089920994819763e-06,0.0,2.1614654510671015e-16,7.01264971815574,0.3316380709875375,0.8418509396724403,107.0,133.0,114.0,133.42100524902344
50.6,3.2955696417950935e-06,0.0,2.1614654510671015e-16,7.01264971815574,0.3316380709875375,0.8418509396724403,107.0,133.0,114.0,133.42100524902344
50.650000000000006,3.91348809899841e-06,0.0,2.1614654510671015e-16,7.01264971815574,0.3316380709875375,0.8418509396724403,107.0,133.0,114.0,133.42100524902344
50.7,4.428432036861199e-06,0.0,2.1614654510671015e-16,7.01264971815574,0.3316380709875375,0.8418509396724403,107.0,133.0,114.0,133.42100524902344
50.75,5.114988069614197e-06,0.0,2.1614654510671015e-16,7.01264971815574,0.3316380709875375,0.8418509396724403,107.0,133.0,114.0,133.42100524902344
50.800000000000004,5.149337739201508e-07,0.0,2.1614654510671015e-16,7.01264971815574,0.3316380709875375,0.8418509396724403,107.0,133.0,114.0,133.42100524902344
50.85,1.0298668455372772e-06,0.0,2.1614654510671015e-16,7.01264971815574,0.3316380709875375,0.8418509396724403,107.0,133.0,114.0,133.42100524902344
50.900000000000006,1.7164407414442875e-06,0.0,2.1614654510671015e-16,7.01264971815574,0.3316380709875375,0.8418509396724403,107.0,133.0,114.0,133.42100524902344
50.95,2.4030188294547996e-06,0.0,2.1614654510671015e-16,7.01264971815574,0.3316380709875375,0.8418509396724403,107.0,133.0,114.0,133.42100524902344
51.0,3.055265938559792e-06,0.0,2.1614654510671015e-16,7.01264971815574,0.3316380709875375,0.8418509396724403,107.0,133.0,114.0,133.42100524902344
51.050000000000004,3.6388440702213155e-06,0.0,2.1614654510671015e-16,7.01264971815574,0.3316380709875375,0.8418509396724403,107.0,133.0,114.0,133.42100524902344
51.1,4.291092010268754e-06,0.0,2.1614654510671015e-16,7.01264971815574,0.3316380709875375,0.8418509396724403,107.0,133.0,114.0,133.42100524902344
51.150000000000006,4.874688326749888e-06,0.0,2.1614654510671015e-16,7.01264971815574,0.3316380709875375,0.8418509396724403,107.0,133.0,114.0,133.42100524902344
51.2,2.0597322486517354e-07,0.0,2.1614654510671015e-16,7.01264971815574,0.3316380709875375,0.8418509396724403,107.0,133.0,114.0,133.42100524902344
51.25,8.925531406937654e-07,0.0,2.1614654510671015e-16,7.01264971815574,0.3316380709875375,0.8418509396724403,107.0,133.0,114.0,133.42100524902344
51.300000000000004,1.5791262763341478e-06,0.0,2.1614654510671015e-16,7.01264971815574,0.3316380709875375,0.8418509396724403,107.0,133.0,114.0,133.42100524902344
51.35,2.1970439921537236e-06,0.0,2.1614654510671015e-16,7.01264971815574,0.3316380709875375,0.8418509396724403,107.0,133.0,114.0,133.42100524902344
51.400000000000006,2.7806366138260166e-06,0.0,2.1614654510671015e-16,7.01264971815574,0.3316380709875375,0.8418509396724403,107.0,133.0,114.0,133.42100524902344
51.45,3.398554864220611e-06,0.0,2.1614654510671015e-16,7.01264971815574,0.3316380709875375,0.8418509396724403,107.0,133.0,114.0,133.42100524902344
51.5,4.08513624325803e-06,0.0,2.1614654510671015e-16,7.01264971815574,0.3316380709875375,0.8418509396724403,107.0,133.0,114.0,133.42100524902344
51.550000000000004,4.73738452235566e-06,0.0,2.1614654510671015e-16,7.01264971815574,0.3316380709875375,0.8418509396724403,107.0,133.0,114.0,133.42100524902344
51.6,0.0,0.0,2.1614654510671015e-16,7.01264971815574,0.3316380709875375,0.8418509396724403,107.0,133.0,114.0,133.42100524902344
51.650000000000006,5.149350531180871e-07,0.0,2.1614654510671015e-16,7.01264971815574,0.3316380709875375,0.8418509396724403,107.0,133.0,114.0,133.42100524902344
51.7,1.2015119033957085e-06,0.0,2.1614654510671015e-16,7.01264971815574,0.3316380709875375,0.8418509396724403,107.0,133.0,114.0,133.42100524902344
51.75,1.853760410831259e-06,0.0,2.1614654510671015e-16,7.01264971815574,0.3316380709875375,0.8418509396724403,107.0,133.0,114.0,133.42100524902344
51.800000000000004,2.5060089314423284e-06,0.0,2.1614654510671015e-16,7.01264971815574,0.3316380709875375,0.8418509396724403,107.0,133.0,114.0,133.42100524902344
51.85,3.123926355017235e-06,0.0,2.1614654510671015e-16,7.01264971815574,0.3316380709875375,0.8418509396724403,107.0,133.0,114.0,133.42100524902344
51.900000000000006,3.7418399841089074e-06,0.0,2.1614654510671015e-16,7.01264971815574,0.3316380709875375,0.8418509396724403,107.0,133.0,114.0,133.42100524902344
51.95,4.2910924465726834e-06,0.0,2.1614654510671015e-16,7.01264971815574,0.3316380709875375,0.8418509396724403,107.0,133.0,114.0,133.42100524902344
52.0,4.909033499793532e-06,0.0,2.1614654510671015e-16,7.01264971815574,0.3316380709875375,0.8418509396724403,107.0,133.0,114.0,133.42100524902344
52.050000000000004,3.776254411861068e-07,0.0,2.1614654510671015e-16,7.01264971815574,0.3316380709875375,0.8418509396724403,107.0,133.0,114.0,133.42100524902344
52.1,1.029868354418191e-06,0.0,2.1614654510671015e-16,7.01264971815574,0.3316380709875375,0.8418509396724403,107.0,133.0,114.0,133.42100524902344
52.150000000000006,1.6477849446374051e-06,0.0,2.1614654510671015e-16,7.01264971815574,0.3316380709875375,0.8418509396724403,107.0,133.0,114.0,133.42100524902344
52.2,2.162718208330551e-06,0.0,2.1614654510671015e-16,7.01264971815574,0.3316380709875375,0.8418509396724403,107.0,133.0,114.0,133.42100524902344
52.25,2.746306960584625e-06,0.0,2.1614654510671015e-16,7.01264971815574,0.3316380709875375,0.8418509396724403,107.0,133.0,114.0,133.42100524902344
52.300000000000004,3.432884428975382e-06,0.0,2.1614654510671015e-16,7.01264971815574,0.3316380709875375,0.8418509396724403,107.0,133.0,114.0,133.42100524902344
52.35,4.050792272183539e-06,0.0,2.1614654510671015e-16,7.01264971815574,0.3316380709875375,0.8418509396724403,107.0,133.0,114.0,133.42100524902344
52.400000000000006,4.565736040025828e-06,0.0,2.1614654510671015e-16,7.01264971815574,0.3316380709875375,0.8418509396724403,107.0,133.0,114.0,133.42100524902344
52.45,1.0298675053683425e-07,0.0,2.1614654510671015e-16,7.01264971815574,0.3316380709875375,0.8418509396724403,107.0,133.0,114.0,133.42100524902344
52.5,7.552332348159063e-07,0.0,2.1614654510671015e-16,7.01264971815574,0.3316380709875375,0.8418509396724403,107.0,133.0,114.0,133.42100524902344
52.550000000000004,1.2701671207357602e-06,0.0,2.1614654510671015e-16,7.01264971815574,0.3316380709875375,0.8418509396724403,107.0,133.0,114.0,133.42100524902344
52.6,1.8880854335879732e-06,0.0,2.1614654510671015e-16,7.01264971815574,0.3316380709875375,0.8418509396724403,107.0,133.0,114.0,133.42100524902344
52.650000000000006,2.5403330694782725e-06,0.0,2.1614654510671015e-16,7.01264971815574,0.3316380709875375,0.8418509396724403,107.0,133.0,114.0,133.42100524902344
52.7,3.226910396415804e-06,0.0,2.1614654510671015e-16,7.01264971815574,0.3316380709875375,0.8418509396724403,107.0,133.0,114.0,133.42100524902344
52.75,3.741840559443533e-06,0.0,2.1614654510671015e-16,7.01264971815574,0.3316380709875375,0.8418509396724403,107.0,133.0,114.0,133.42100524902344
52.800000000000004,4.394088461580401e-06,0.0,2.1614654510671015e-16,7.01264971815574,0.3316380709875375,0.8418509396724403,107.0,133.0,114.0,133.42100524902344
52.85,5.046335870005521e-06,0.0,2.1614654510671015e-16,7.01264971815574,0.3316380709875375,0.8418509396724403,107.0,133.0,114.0,133.42100524902344
52.900000000000006,5.149334288000395e-07,0.0,2.1614654510671015e-16,7.01264971815574,0.3316380709875375,0.8418509396724403,107.0,133.0,114.0,133.42100524902344
52.95,1.0298670034044363e-06,0.0,2.1614654510671015e-16,7.01264971815574,0.3316380709875375,0.8418509396724403,107.0,133.0,114.0,133.42100524902344
53.0,1.7164414118443074e-06,0.0,2.1614654510671015e-16,7.01264971815574,0.3316380709875375,0.8418509396724403,107.0,133.0,114.0,133.42100524902344
53.050000000000004,2.3686894689062657e-06,0.0,2.1614654510671015e-16,7.01264971815574,0.3316380709875375,0.8418509396724403,107.0,133.0,114.0,133.42100524902344
53.1,3.0209386124997533e-06,0.0,2.1614654510671015e-16,7.01264971815574,0.3316380709875375,0.8418509396724403,107.0,133.0,114.0,133.42100524902344
53.150000000000006,3.6731898779475222e-06,0.0,2.1614654510671015e-16,7.01264971815574,0.3316380709875375,0.8418509396724403,107.0,133.0,114.0,133.42100524902344
53.2,4.291092067621689e-06,0.0,2.1614654510671015e-16,7.01264971815574,0.3316380709875375,0.8418509396724403,107.0,133.0,114.0,133.42100524902344
53.25,4.874688717633012e-06,0.0,2.1614654510671015e-16,7.01264971815574,0.3316380709875375,0.8418509396724403,107.0,133.0,114.0,133.42100524902344
53.300000000000004,2.0597322486517354e-07,0.0,2.1614654510671015e-16,7.01264971815574,0.3316380709875375,0.8418509396724403,107.0,133.0,114.0,133.42100524902344
53.35,7.209094669723765e-07,0.0,2.1614654510671015e-16,7.01264971815574,0.3316380709875375,0.8418509396724403,107.0,133.0,114.0,133.42100524902344
53.400000000000006,1.407481192341635e-06,0.0,2.1614654510671015e-16,7.01264971815574,0.3316380709875375,0.8418509396724403,107.0,133.0,114.0,133.42100524902344
53.45,2.0597291189013874e-06,0.0,2.1614654510671015e-16,7.01264971815574,0.3316380709875375,0.8418509396724403,107.0,133.0,114.0,133.42100524902344
53.5,2.6433219947995476e-06,0.0,2.1614654510671015e-16,7.01264971815574,0.3316380709875375,0.8418509396724403,107.0,133.0,114.0,133.42100524902344
53.550000000000004,3.192581861355126e-06,0.0,2.1614654510671015e-16,7.01264971815574,0.3316380709875375,0.8418509396724403,107.0,133.0,114.0,133.42100524902344
53.6,3.8104921896288315e-06,0.0,2.1614654510671015e-16,7.01264971815574,0.3316380709875375,0.8418509396724403,107.0,133.0,114.0,133.42100524902344
53.650000000000006,4.497085211847122e-06,0.0,2.1614654510671015e-16,7.01264971815574,0.3316380709875375,0.8418509396724403,107.0,133.0,114.0,133.42100524902344
53.7,0.0,0.0,2.1614654510671015e-16,7.01264971815574,0.3316380709875375,0.8418509396724403,107.0,133.0,114.0,133.42100524902344
53.75,6.179184237805045e-07,0.0,2.1614654510671015e-16,7.01264971815574,0.3316380709875375,0.8418509396724403,107.0,133.0,114.0,133.42100524902344
53.800000000000004,1.167181246523973e-06,0.0,2.1614654510671015e-16,7.01264971815574,0.3316380709875375,0.8418509396724403,107.0,133.0,114.0,133.42100524902344
53.85,1.8194311256931955e-06,0.0,2.1614654510671015e-16,7.01264971815574,0.3316380709875375,0.8418509396724403,107.0,133.0,114.0,133.42100524902344
53.900000000000006,2.5060082933720585e-06,0.0,2.1614654510671015e-16,7.01264971815574,0.3316380709875375,0.8418509396724403,107.0,133.0,114.0,133.42100524902344
53.95,3.0895964956969448e-06,0.0,2.1614654510671015e-16,7.01264971815574,0.3316380709875375,0.8418509396724403,107.0,133.0,114.0,133.42100524902344
54.0,3.7075323761002355e-06,0.0,2.1614654510671015e-16,7.01264971815574,0.3316380709875375,0.8418509396724403,107.0,133.0,114.0,133.42100524902344
54.050000000000004,4.35978061630108e-06,0.0,2.1614654510671015e-16,7.01264971815574,0.3316380709875375,0.8418509396724403,107.0,133.0,114.0,133.42100524902344
54.1,5.046336960935064e-06,0.0,2.1614654510671015e-16,7.01264971815574,0.3316380709875375,0.8418509396724403,107.0,133.0,114.0,133.42100524902344
54.150000000000006,3.7763529735241867e-07,0.0,2.1614654510671015e-16,7.01264971815574,0.3316380709875375,0.8418509396724403,107.0,133.0,114.0,133.42100524902344
54.2,1.0298666802897606e-06,0.0,2.1614654510671015e-16,7.01264971815574,0.3316380709875375,0.8418509396724403,107.0,133.0,114.0,133.42100524902344
54.25,1.7164406971408283e-06,0.0,2.1614654510671015e-16,7.01264971815574,0.3316380709875375,0.8418509396724403,107.0,133.0,114.0,133.42100524902344
54.300000000000004,2.265705467034954e-06,0.0,2.1614654510671015e-16,7.01264971815574,0.3316380709875375,0.8418509396724403,107.0,133.0,114.0,133.42100524902344
54.35,2.9179525007294346e-06,0.0,2.1614654510671015e-16,7.01264971815574,0.3316380709875375,0.8418509396724403,107.0,133.0,114.0,133.42100524902344
54.400000000000006,3.5701996534382833e-06,0.0,2.1614654510671015e-16,7.01264971815574,0.3316380709875375,0.8418509396724403,107.0,133.0,114.0,133.42100524902344
54.45,4.188132106906433e-06,0.0,2.1614654510671015e-16,7.01264971815574,0.3316380709875375,0.8418509396724403,107.0,133.0,114.0,133.42100524902344
54.5,4.8746881498721875e-06,0.0,2.1614654510671015e-16,7.01264971815574,0.3316380709875375,0.8418509396724403,107.0,133.0,114.0,133.42100524902344
54.550000000000004,1.0298675053683425e-07,0.0,2.1614654510671015e-16,7.01264971815574,0.3316380709875375,0.8418509396724403,107.0,133.0,114.0,133.42100524902344
54.6,7.552350252509447e-07,0.0,2.1614654510671015e-16,7.01264971815574,0.3316380709875375,0.8418509396724403,107.0,133.0,114.0,133.42100524902344
54.650000000000006,1.3731577521024934e-06,0.0,2.1614654510671015e-16,7.01264971815574,0.3316380709875375,0.8418509396724403,107.0,133.0,114.0,133.42100524902344
54.7,2.025406152683044e-06,0.0,2.1614654510671015e-16,7.01264971815574,0.3316380709875375,0.8418509396724403,107.0,133.0,114.0,133.42100524902344
54.75,2.711978423344029e-06,0.0,2.1614654510671015e-16,7.01264971815574,0.3316380709875375,0.8418509396724403,107.0,133.0,114.0,133.42100524902344
54.800000000000004,3.3298993877163257e-06,0.0,2.1614654510671015e-16,7.01264971815574,0.3316380709875375,0.8418509396724403,107.0,133.0,114.0,133.42100524902344
54.85,3.9134887889613e-06,0.0,2.1614654510671015e-16,7.01264971815574,0.3316380709875375,0.8418509396724403,107.0,133.0,114.0,133.42100524902344
54.900000000000006,4.531393336668259e-06,0.0,2.1614654510671015e-16,7.01264971815574,0.3316380709875375,0.8418509396724403,107.0,133.0,114.0,133.42100524902344
54.95,5.183639914097761e-06,0.0,2.1614654510671015e-16,7.01264971815574,0.3316380709875375,0.8418509396724403,107.0,133.0,114.0,133.42100524902344
55.0,5.492720493936145e-07,0.0,2.1614654510671015e-16,7.01264971815574,0.3316380709875375,0.8418509396724403,107.0,133.0,114.0,133.42100524902344
55.050000000000004,1.1671867971306767e-06,0.0,2.1614654510671015e-16,7.01264971815574,0.3316380709875375,0.8418509396724403,107.0,133.0,114.0,133.42100524902344
55.1,1.8194306623829133e-06,0.0,2.1614654510671015e-16,7.01264971815574,0.3316380709875375,0.8418509396724403,107.0,133.0,114.0,133.42100524902344
55.150000000000006,2.4373476309379096e-06,0.0,2.1614654510671015e-16,7.01264971815574,0.3316380709875375,0.8418509396724403,107.0,133.0,114.0,133.42100524902344
55.2,3.055266522489826e-06,0.0,2.1614654510671015e-16,7.01264971815574,0.3316380709875375,0.8418509396724403,107.0,133.0,114.0,133.42100524902344
55.25,3.7075341060173882e-06,0.0,2.1614654510671015e-16,7.01264971815574,0.3316380709875375,0.8418509396724403,107.0,133.0,114.0,133.42100524902344
55.300000000000004,4.359780974162914e-06,0.0,2.1614654510671015e-16,7.01264971815574,0.3316380709875375,0.8418509396724403,107.0,133.0,114.0,133.42100524902344
55.35,4.9776840725616875e-06,0.0,2.1614654510671015e-16,7.01264971815574,0.3316380709875375,0.8418509396724403,107.0,133.0,114.0,133.42100524902344
55.400000000000006,2.059730126841543e-07,0.0,2.1614654510671015e-16,7.01264971815574,0.3316380709875375,0.8418509396724403,107.0,133.0,114.0,133.42100524902344
55.45,7.895628658786238e-07,0.0,2.1614654510671015e-16,7.01264971815574,0.3316380709875375,0.8418509396724403,107.0,133.0,114.0,133.42100524902344
55.5,1.4761411355902892e-06,0.0,2.1614654510671015e-16,7.01264971815574,0.3316380709875375,0.8418509396724403,107.0,133.0,114.0,133.42100524902344
55.550000000000004,2.0597305736077154e-06,0.0,2.1614654510671015e-16,7.01264971815574,0.3316380709875375,0.8418509396724403,107.0,133.0,114.0,133.42100524902344
55.6,2.643321604339467e-06,0.0,2.1614654510671015e-16,7.01264971815574,0.3316380709875375,0.8418509396724403,107.0,133.0,114.0,133.42100524902344
55.650000000000006,3.192580792550864e-06,0.0,2.1614654510671015e-16,7.01264971815574,0.3316380709875375,0.8418509396724403,107.0,133.0,114.0,133.42100524902344
55.7,3.879144110184379e-06,0.0,2.1614654510671015e-16,7.01264971815574,0.3316380709875375,0.8418509396724403,107.0,133.0,114.0,133.42100524902344
55.75,4.565736488606607e-06,0.0,2.1614654510671015e-16,7.01264971815574,0.3316380709875375,0.8418509396724403,107.0,133.0,114.0,133.42100524902344
55.800000000000004,0.0,0.0,2.1614654510671015e-16,7.01264971815574,0.3316380709875375,0.8418509396724403,107.0,133.0,114.0,133.42100524902344
55.85,5.835909075963027e-07,0.0,2.1614654510671015e-16,7.01264971815574,0.3316380709875375,0.8418509396724403,107.0,133.0,114.0,133.42100524902344
55.900000000000006,1.201511818221103e-06,0.0,2.1614654510671015e-16,7.01264971815574,0.3316380709875375,0.8418509396724403,107.0,133.0,114.0,133.42100524902344
55.95,1.8880854572320233e-06,0.0,2.1614654510671015e-16,7.01264971815574,0.3316380709875375,0.8418509396724403,107.0,133.0,114.0,133.42100524902344
56.0,2.540333061153036e-06,0.0,2.1614654510671015e-16,7.01264971815574,0.3316380709875375,0.8418509396724403,107.0,133.0,114.0,133.42100524902344
56.050000000000004,3.0895955324233385e-06,0.0,2.1614654510671015e-16,7.01264971815574,0.3316380709875375,0.8418509396724403,107.0,133.0,114.0,133.42100524902344
56.1,3.604536142227986e-06,0.0,2.1614654510671015e-16,7.01264971815574,0.3316380709875375,0.8418509396724403,107.0,133.0,114.0,133.42100524902344
56.150000000000006,4.256784269973093e-06,0.0,2.1614654510671015e-16,7.01264971815574,0.3316380709875375,0.8418509396724403,107.0,133.0,114.0,133.42100524902344
56.2,4.943339986124421e-06,0.0,2.1614654510671015e-16,7.01264971815574,0.3316380709875375,0.8418509396724403,107.0,133.0,114.0,133.42100524902344
56.25,4.1194494271783734e-07,0.0,2.1614654510671015e-16,7.01264971815574,0.3316380709875375,0.8418509396724403,107.0,133.0,114.0,133.42100524902344
56.300000000000004,9.612072816347822e-07,0.0,2.1614654510671015e-16,7.01264971815574,0.3316380709875375,0.8418509396724403,107.0,133.0,114.0,133.42100524902344
56.35,1.544800009202256e-06,0.0,2.1614654510671015e-16,7.01264971815574,0.3316380709875375,0.8418509396724403,107.0,133.0,114.0,133.42100524902344
56.400000000000006,2.1970447507026128e-06,0.0,2.1614654510671015e-16,7.01264971815574,0.3316380709875375,0.8418509396724403,107.0,133.0,114.0,133.42100524902344
56.45,2.883621962359927e-06,0.0,2.1614654510671015e-16,7.01264971815574,0.3316380709875375,0.8418509396724403,107.0,133.0,114.0,133.42100524902344
56.5,3.5015400500175904e-06,0.0,2.1614654510671015e-16,7.01264971815574,0.3316380709875375,0.8418509396724403,107.0,133.0,114.0,133.42100524902344
56.550000000000004,4.050792090639884e-06,0.0,2.1614654510671015e-16,7.01264971815574,0.3316380709875375,0.8418509396724403,107.0,133.0,114.0,133.42100524902344
56.6,4.703040046436667e-06,0.0,2.1614654510671015e-16,7.01264971815574,0.3316380709875375,0.8418509396724403,107.0,133.0,114.0,133.42100524902344
56.650000000000006,1.3731556483615243e-07,0.0,2.1614654510671015e-16,7.01264971815574,0.3316380709875375,0.8418509396724403,107.0,133.0,114.0,133.42100524902344
56.7,7.895648296851142e-07,0.0,2.1614654510671015e-16,7.01264971815574,0.3316380709875375,0.8418509396724403,107.0,133.0,114.0,133.42100524902344
56.75,1.4418125855126209e-06,0.0,2.1614654510671015e-16,7.01264971815574,0.3316380709875375,0.8418509396724403,107.0,133.0,114.0,133.42100524902344
56.800000000000004,2.059730436709046e-06,0.0,2.1614654510671015e-16,7.01264971815574,0.3316380709875375,0.8418509396724403,107.0,133.0,114.0,133.42100524902344
56.85,2.6776535753843256e-06,0.0,2.1614654510671015e-16,7.01264971815574,0.3316380709875375,0.8418509396724403,107.0,133.0,114.0,133.42100524902344
56.900000000000006,3.3298999988221834e-06,0.0,2.1614654510671015e-16,7.01264971815574,0.3316380709875375,0.8418509396724403,107.0,133.0,114.0,133.42100524902344
56.95,3.913488141202639e-06,0.0,2.1614654510671015e-16,7.01264971815574,0.3316380709875375,0.8418509396724403,107.0,133.0,114.0,133.42100524902344
57.0,4.565736137229167e-06,0.0,2.1614654510671015e-16,7.01264971815574,0.3316380709875375,0.8418509396724403,107.0,133.0,114.0,133.42100524902344
57.050000000000004,5.2523280886451654e-06,0.0,2.1614654510671015e-16,7.01264971815574,0.3316380709875375,0.8418509396724403,107.0,133.0,114.0,133.42100524902344
57.1,5.149343911633798e-07,0.0,2.1614654510671015e-16,7.01264971815574,0.3316380709875375,0.8418509396724403,107.0,133.0,114.0,133.42100524902344
57.150000000000006,1.1671813673027972e-06,0.0,2.1614654510671015e-16,7.01264971815574,0.3316380709875375,0.8418509396724403,107.0,133.0,114.0,133.42100524902344
57.2,1.6821157807284138e-06,0.0,2.1614654510671015e-16,7.01264971815574,0.3316380709875375,0.8418509396724403,107.0,133.0,114.0,133.42100524902344
57.25,2.334363520560467e-06,0.0,2.1614654510671015e-16,7.01264971815574,0.3316380709875375,0.8418509396724403,107.0,133.0,114.0,133.42100524902344
57.300000000000004,2.9866110374777537e-06,0.0,2.1614654510671015e-16,7.01264971815574,0.3316380709875375,0.8418509396724403,107.0,133.0,114.0,133.42100524902344
57.35,3.6731883927016894e-06,0.0,2.1614654510671015e-16,7.01264971815574,0.3316380709875375,0.8418509396724403,107.0,133.0,114.0,133.42100524902344
57.400000000000006,4.2224404563755285e-06,0.0,2.1614654510671015e-16,7.01264971815574,0.3316380709875375,0.8418509396724403,107.0,133.0,114.0,133.42100524902344
57.45,4.840380294675956e-06,0.0,2.1614654510671015e-16,7.01264971815574,0.3316380709875375,0.8418509396724403,107.0,133.0,114.0,133.42100524902344
57.5,2.403077292303239e-07,0.0,2.1614654510671015e-16,7.01264971815574,0.3316380709875375,0.8418509396724403,107.0,133.0,114.0,133.42100524902344
57.550000000000004,8.238924892211304e-07,0.0,2.1614654510671015e-16,7.01264971815574,0.3316380709875375,0.8418509396724403,107.0,133.0,114.0,133.42100524902344
57.6,1.5104705448346795e-06,0.0,2.1614654510671015e-16,7.01264971815574,0.3316380709875375,0.8418509396724403,107.0,133.0,114.0,133.42100524902344
57.650000000000006,2.162718593961659e-06,0.0,2.1614654510671015e-16,7.01264971815574,0.3316380709875375,0.8418509396724403,107.0,133.0,114.0,133.42100524902344
57.7,2.8492923813666037e-06,0.0,2.1614654510671015e-16,7.01264971815574,0.3316380709875375,0.8418509396724403,107.0,133.0,114.0,133.42100524902344
57.75,3.3985556937831722e-06,0.0,2.1614654510671015e-16,7.01264971815574,0.3316380709875375,0.8418509396724403,107.0,133.0,114.0,133.42100524902344
57.800000000000004,4.05079342867265e-06,0.0,2.1614654510671015e-16,7.01264971815574,0.3316380709875375,0.8418509396724403,107.0,133.0,114.0,133.42100524902344
57.85,4.703041694234861e-06,0.0,2.1614654510671015e-16,7.01264971815574,0.3316380709875375,0.8418509396724403,107.0,133.0,114.0,133.42100524902344
57.900000000000006,0.0,0.0,2.1614654510671015e-16,7.01264971815574,0.3316380709875375,0.8418509396724403,107.0,133.0,114.0,133.42100524902344
57.95,6.522632479719523e-07,0.0,2.1614654510671015e-16,7.01264971815574,0.3316380709875375,0.8418509396724403,107.0,133.0,114.0,133.42100524902344
58.0,1.3388287338203585e-06,0.0,2.1614654510671015e-16,7.01264971815574,0.3316380709875375,0.8418509396724403,107.0,133.0,114.0,133.42100524902344
58.050000000000004,1.9567443793767666e-06,0.0,2.1614654510671015e-16,7.01264971815574,0.3316380709875375,0.8418509396724403,107.0,133.0,114.0,133.42100524902344
58.1,2.574664765798434e-06,0.0,2.1614654510671015e-16,7.01264971815574,0.3316380709875375,0.8418509396724403,107.0,133.0,114.0,133.42100524902344
58.150000000000006,3.2269113521193856e-06,0.0,2.1614654510671015e-16,7.01264971815574,0.3316380709875375,0.8418509396724403,107.0,133.0,114.0,133.42100524902344
58.2,3.844835955035706e-06,0.0,2.1614654510671015e-16,7.01264971815574,0.3316380709875375,0.8418509396724403,107.0,133.0,114.0,133.42100524902344
58.25,4.531392548668854e-06,0.0,2.1614654510671015e-16,7.01264971815574,0.3316380709875375,0.8418509396724403,107.0,133.0,114.0,133.42100524902344
58.300000000000004,5.183640974187514e-06,0.0,2.1614654510671015e-16,7.01264971815574,0.3316380709875375,0.8418509396724403,107.0,133.0,114.0,133.42100524902344
58.35,3.776254411861068e-07,0.0,2.1614654510671015e-16,7.01264971815574,0.3316380709875375,0.8418509396724403,107.0,133.0,114.0,133.42100524902344
58.400000000000006,1.06419256644518e-06,0.0,2.1614654510671015e-16,7.01264971815574,0.3316380709875375,0.8418509396724403,107.0,133.0,114.0,133.42100524902344
58.45,1.6821155254195742e-06,0.0,2.1614654510671015e-16,7.01264971815574,0.3316380709875375,0.8418509396724403,107.0,133.0,114.0,133.42100524902344
58.5,2.3000343184590603e-06,0.0,2.1614654510671015e-16,7.01264971815574,0.3316380709875375,0.8418509396724403,107.0,133.0,114.0,133.42100524902344
58.550000000000004,2.8836217049779006e-06,0.0,2.1614654510671015e-16,7.01264971815574,0.3316380709875375,0.8418509396724403,107.0,133.0,114.0,133.42100524902344
58.6,3.5015404069242325e-06,0.0,2.1614654510671015e-16,7.01264971815574,0.3316380709875375,0.8418509396724403,107.0,133.0,114.0,133.42100524902344
58.650000000000006,4.188132423434288e-06,0.0,2.1614654510671015e-16,7.01264971815574,0.3316380709875375,0.8418509396724403,107.0,133.0,114.0,133.42100524902344
58.7,4.840381519822582e-06,0.0,2.1614654510671015e-16,7.01264971815574,0.3316380709875375,0.8418509396724403,107.0,133.0,114.0,133.42100524902344
58.75,1.0298664292226102e-07,0.0,2.1614654510671015e-16,7.01264971815574,0.3316380709875375,0.8418509396724403,107.0,133.0,114.0,133.42100524902344
58.800000000000004,6.522480467145284e-07,0.0,2.1614654510671015e-16,7.01264971815574,0.3316380709875375,0.8418509396724403,107.0,133.0,114.0,133.42100524902344
58.85,1.3044966293177696e-06,0.0,2.1614654510671015e-16,7.01264971815574,0.3316380709875375,0.8418509396724403,107.0,133.0,114.0,133.42100524902344
58.900000000000006,1.956744357588409e-06,0.0,2.1614654510671015e-16,7.01264971815574,0.3316380709875375,0.8418509396724403,107.0,133.0,114.0,133.42100524902344
58.95,2.6433223650182484e-06,0.0,2.1614654510671015e-16,7.01264971815574,0.3316380709875375,0.8418509396724403,107.0,133.0,114.0,133.42100524902344
59.0,3.22691237326529e-06,0.0,2.1614654510671015e-16,7.01264971815574,0.3316380709875375,0.8418509396724403,107.0,133.0,114.0,133.42100524902344
59.050000000000004,3.879144577435318e-06,0.0,2.1614654510671015e-16,7.01264971815574,0.3316380709875375,0.8418509396724403,107.0,133.0,114.0,133.42100524902344
59.1,4.3940879844404805e-06,0.0,2.1614654510671015e-16,7.01264971815574,0.3316380709875375,0.8418509396724403,107.0,133.0,114.0,133.42100524902344
59.150000000000006,4.977684507331096e-06,0.0,2.1614654510671015e-16,7.01264971815574,0.3316380709875375,0.8418509396724403,107.0,133.0,114.0,133.42100524902344
59.2,5.149335761050959e-07,0.0,2.1614654510671015e-16,7.01264971815574,0.3316380709875375,0.8418509396724403,107.0,133.0,114.0,133.42100524902344
59.25,1.0641924981100722e-06,0.0,2.1614654510671015e-16,7.01264971815574,0.3316380709875375,0.8418509396724403,107.0,133.0,114.0,133.42100524902344
59.300000000000004,1.5791260051159053e-06,0.0,2.1614654510671015e-16,7.01264971815574,0.3316380709875375,0.8418509396724403,107.0,133.0,114.0,133.42100524902344
59.35,2.1970441698383216e-06,0.0,2.1614654510671015e-16,7.01264971815574,0.3316380709875375,0.8418509396724403,107.0,133.0,114.0,133.42100524902344
59.400000000000006,2.849291968571387e-06,0.0,2.1614654510671015e-16,7.01264971815574,0.3316380709875375,0.8418509396724403,107.0,133.0,114.0,133.42100524902344
59.45,3.4328845296835046e-06,0.0,2.1614654510671015e-16,7.01264971815574,0.3316380709875375,0.8418509396724403,107.0,133.0,114.0,133.42100524902344
59.5,3.982140040046821e-06,0.0,2.1614654510671015e-16,7.01264971815574,0.3316380709875375,0.8418509396724403,107.0,133.0,114.0,133.42100524902344
59.550000000000004,4.5657364452358344e-06,0.0,2.1614654510671015e-16,7.01264971815574,0.3316380709875375,0.8418509396724403,107.0,133.0,114.0,133.42100524902344
59.6,2.7463658157530035e-07,0.0,2.1614654510671015e-16,7.01264971815574,0.3316380709875375,0.8418509396724403,107.0,133.0,114.0,133.42100524902344
59.650000000000006,8.925516456993656e-07,0.0,2.1614654510671015e-16,7.01264971815574,0.3316380709875375,0.8418509396724403,107.0,133.0,114.0,133.42100524902344
59.7,1.5448004729550117e-06,0.0,2.1614654510671015e-16,7.01264971815574,0.3316380709875375,0.8418509396724403,107.0,133.0,114.0,133.42100524902344
59.75,2.1970479126677394e-06,0.0,2.1614654510671015e-16,7.01264971815574,0.3316380709875375,0.8418509396724403,107.0,133.0,114.0,133.42100524902344
59.800000000000004,2.8492925545132175e-06,0.0,2.1614654510671015e-16,7.01264971815574,0.3316380709875375,0.8418509396724403,107.0,133.0,114.0,133.42100524902344
59.85,3.5015418919168766e-06,0.0,2.1614654510671015e-16,7.01264971815574,0.3316380709875375,0.8418509396724403,107.0,133.0,114.0,133.42100524902344
59.900000000000006,4.153791110445725e-06,0.0,2.1614654510671015e-16,7.01264971815574,0.3316380709875375,0.8418509396724403,107.0,133.0,114.0,133.42100524902344
59.95,4.771692383329784e-06,0.0,2.1614654510671015e-16,7.01264971815574,0.3316380709875375,0.8418509396724403,107.0,133.0,114.0,133.42100524902344
60.0,0.0,0.0,2.1614654510671015e-16,7.01264971815574,0.3316380709875375,0.8418509396724403,107.0,133.0,114.0,133.42100524902344
60.050000000000004,5.492628233345957e-07,0.0,2.1614654510671015e-16,7.01264971815574,0.3316380709875375,0.8418509396724403,107.0,133.0,114.0,133.42100524902344
60.1,1.0985230884909996e-06,0.0,2.1614654510671015e-16,7.01264971815574,0.3316380709875375,0.8418509396724403,107.0,133.0,114.0,133.42100524902344
60.150000000000006,1.750772417619412e-06,0.0,2.1614654510671015e-16,7.01264971815574,0.3316380709875375,0.8418509396724403,107.0,133.0,114.0,133.42100524902344
60.2,2.4373475559357903e-06,0.0,2.1614654510671015e-16,7.01264971815574,0.3316380709875375,0.8418509396724403,107.0,133.0,114.0,133.42100524902344
60.25,3.1239271250048644e-06,0.0,2.1614654510671015e-16,7.01264971815574,0.3316380709875375,0.8418509396724403,107.0,133.0,114.0,133.42100524902344
60.300000000000004,3.7418405984507177e-06,0.0,2.1614654510671015e-16,7.01264971815574,0.3316380709875375,0.8418509396724403,107.0,133.0,114.0,133.42100524902344
60.35,4.256785453704858e-06,0.0,2.1614654510671015e-16,7.01264971815574,0.3316380709875375,0.8418509396724403,107.0,133.0,114.0,133.42100524902344
60.400000000000006,4.909032393847252e-06,0.0,2.1614654510671015e-16,7.01264971815574,0.3316380709875375,0.8418509396724403,107.0,133.0,114.0,133.42100524902344
60.45,3.0896046732673595e-07,0.0,2.1614654510671015e-16,7.01264971815574,0.3316380709875375,0.8418509396724403,107.0,133.0,114.0,133.42100524902344
60.5,9.268804244189315e-07,0.0,2.1614654510671015e-16,7.01264971815574,0.3316380709875375,0.8418509396724403,107.0,133.0,114.0,133.42100524902344
60.550000000000004,1.5447997538081017e-06,0.0,2.1614654510671015e-16,7.01264971815574,0.3316380709875375,0.8418509396724403,107.0,133.0,114.0,133.42100524902344
60.6,2.197046660784227e-06,0.0,2.1614654510671015e-16,7.01264971815574,0.3316380709875375,0.8418509396724403,107.0,133.0,114.0,133.42100524902344
60.650000000000006,2.849293161003867e-06,0.0,2.1614654510671015e-16,7.01264971815574,0.3316380709875375,0.8418509396724403,107.0,133.0,114.0,133.42100524902344
60.7,3.5358704649709762e-06,0.0,2.1614654510671015e-16,7.01264971815574,0.3316380709875375,0.8418509396724403,107.0,133.0,114.0,133.42100524902344
60.75,4.153790401587204e-06,0.0,2.1614654510671015e-16,7.01264971815574,0.3316380709875375,0.8418509396724403,107.0,133.0,114.0,133.42100524902344
60.800000000000004,4.771692068006121e-06,0.0,2.1614654510671015e-16,7.01264971815574,0.3316380709875375,0.8418509396724403,107.0,133.0,114.0,133.42100524902344
60.85,1.0298664292226102e-07,0.0,2.1614654510671015e-16,7.01264971815574,0.3316380709875375,0.8418509396724403,107.0,133.0,114.0,133.42100524902344
60.900000000000006,6.522480266459931e-07,0.0,2.1614654510671015e-16,7.01264971815574,0.3316380709875375,0.8418509396724403,107.0,133.0,114.0,133.42100524902344
60.95,1.235840669329614e-06,0.0,2.1614654510671015e-16,7.01264971815574,0.3316380709875375,0.8418509396724403,107.0,133.0,114.0,133.42100524902344
61.0,1.8537593984632822e-06,0.0,2.1614654510671015e-16,7.01264971815574,0.3316380709875375,0.8418509396724403,107.0,133.0,114.0,133.42100524902344
61.050000000000004,2.5060099761498333e-06,0.0,2.1614654510671015e-16,7.01264971815574,0.3316380709875375,0.8418509396724403,107.0,133.0,114.0,133.42100524902344
61.1,3.158255442553013e-06,0.0,2.1614654510671015e-16,7.01264971815574,0.3316380709875375,0.8418509396724403,107.0,133.0,114.0,133.42100524902344
61.150000000000006,3.844836443111701e-06,0.0,2.1614654510671015e-16,7.01264971815574,0.3316380709875375,0.8418509396724403,107.0,133.0,114.0,133.42100524902344
61.2,4.4970842605473304e-06,0.0,2.1614654510671015e-16,7.01264971815574,0.3316380709875375,0.8418509396724403,107.0,133.0,114.0,133.42100524902344
61.25,5.012029562013777e-06,0.0,2.1614654510671015e-16,7.01264971815574,0.3316380709875375,0.8418509396724403,107.0,133.0,114.0,133.42100524902344
61.300000000000004,4.806075416623646e-07,0.0,2.1614654510671015e-16,7.01264971815574,0.3316380709875375,0.8418509396724403,107.0,133.0,114.0,133.42100524902344
61.35,9.955369314972916e-07,0.0,2.1614654510671015e-16,7.01264971815574,0.3316380709875375,0.8418509396724403,107.0,133.0,114.0,133.42100524902344
61.400000000000006,1.6134584389121292e-06,0.0,2.1614654510671015e-16,7.01264971815574,0.3316380709875375,0.8418509396724403,107.0,133.0,114.0,133.42100524902344
61.45,2.3000329745125633e-06,0.0,2.1614654510671015e-16,7.01264971815574,0.3316380709875375,0.8418509396724403,107.0,133.0,114.0,133.42100524902344
61.5,2.986611236991542e-06,0.0,2.1614654510671015e-16,7.01264971815574,0.3316380709875375,0.8418509396724403,107.0,133.0,114.0,133.42100524902344
61.550000000000004,3.6388442684571503e-06,0.0,2.1614654510671015e-16,7.01264971815574,0.3316380709875375,0.8418509396724403,107.0,133.0,114.0,133.42100524902344
61.6,4.291092970380761e-06,0.0,2.1614654510671015e-16,7.01264971815574,0.3316380709875375,0.8418509396724403,107.0,133.0,114.0,133.42100524902344
61.650000000000006,4.840380270544804e-06,0.0,2.1614654510671015e-16,7.01264971815574,0.3316380709875375,0.8418509396724403,107.0,133.0,114.0,133.42100524902344
61.7,2.0597322486517354e-07,0.0,2.1614654510671015e-16,7.01264971815574,0.3316380709875375,0.8418509396724403,107.0,133.0,114.0,133.42100524902344
61.75,7.209098764728812e-07,0.0,2.1614654510671015e-16,7.01264971815574,0.3316380709875375,0.8418509396724403,107.0,133.0,114.0,133.42100524902344
61.800000000000004,1.3731576846531442e-06,0.0,2.1614654510671015e-16,7.01264971815574,0.3316380709875375,0.8418509396724403,107.0,133.0,114.0,133.42100524902344
61.85,2.0597291244537557e-06,0.0,2.1614654510671015e-16,7.01264971815574,0.3316380709875375,0.8418509396724403,107.0,133.0,114.0,133.42100524902344
61.900000000000006,2.7463084221151034e-06,0.0,2.1614654510671015e-16,7.01264971815574,0.3316380709875375,0.8418509396724403,107.0,133.0,114.0,133.42100524902344
61.95,3.3985548275153316e-06,0.0,2.1614654510671015e-16,7.01264971815574,0.3316380709875375,0.8418509396724403,107.0,133.0,114.0,133.42100524902344
62.0,3.947832711852798e-06,0.0,2.1614654510671015e-16,7.01264971815574,0.3316380709875375,0.8418509396724403,107.0,133.0,114.0,133.42100524902344
62.050000000000004,4.4627401379369615e-06,0.0,2.1614654510671015e-16,7.01264971815574,0.3316380709875375,0.8418509396724403,107.0,133.0,114.0,133.42100524902344
62.1,0.0,0.0,2.1614654510671015e-16,7.01264971815574,0.3316380709875375,0.8418509396724403,107.0,133.0,114.0,133.42100524902344
62.150000000000006,5.149354976725384e-07,0.0,2.1614654510671015e-16,7.01264971815574,0.3316380709875375,0.8418509396724403,107.0,133.0,114.0,133.42100524902344
62.2,1.1328523870234274e-06,0.0,2.1614654510671015e-16,7.01264971815574,0.3316380709875375,0.8418509396724403,107.0,133.0,114.0,133.42100524902344
62.25,1.8194297546640493e-06,0.0,2.1614654510671015e-16,7.01264971815574,0.3316380709875375,0.8418509396724403,107.0,133.0,114.0,133.42100524902344
62.300000000000004,2.4716772988145154e-06,0.0,2.1614654510671015e-16,7.01264971815574,0.3316380709875375,0.8418509396724403,107.0,133.0,114.0,133.42100524902344
62.35,2.9866114482947805e-06,0.0,2.1614654510671015e-16,7.01264971815574,0.3316380709875375,0.8418509396724403,107.0,133.0,114.0,133.42100524902344
62.400000000000006,3.570199241918267e-06,0.0,2.1614654510671015e-16,7.01264971815574,0.3316380709875375,0.8418509396724403,107.0,133.0,114.0,133.42100524902344
62.45,4.085136323978079e-06,0.0,2.1614654510671015e-16,7.01264971815574,0.3316380709875375,0.8418509396724403,107.0,133.0,114.0,133.42100524902344
62.5,4.737385311281698e-06,0.0,2.1614654510671015e-16,7.01264971815574,0.3316380709875375,0.8418509396724403,107.0,133.0,114.0,133.42100524902344
62.550000000000004,4.1195955596192796e-07,0.0,2.1614654510671015e-16,7.01264971815574,0.3316380709875375,0.8418509396724403,107.0,133.0,114.0,133.42100524902344
62.6,1.06419304765168e-06,0.0,2.1614654510671015e-16,7.01264971815574,0.3316380709875375,0.8418509396724403,107.0,133.0,114.0,133.42100524902344
62.650000000000006,1.682114934621259e-06,0.0,2.1614654510671015e-16,7.01264971815574,0.3316380709875375,0.8418509396724403,107.0,133.0,114.0,133.42100524902344
62.7,2.2657073972737003e-06,0.0,2.1614654510671015e-16,7.01264971815574,0.3316380709875375,0.8418509396724403,107.0,133.0,114.0,133.42100524902344
62.75,2.9179516736246184e-06,0.0,2.1614654510671015e-16,7.01264971815574,0.3316380709875375,0.8418509396724403,107.0,133.0,114.0,133.42100524902344
62.800000000000004,3.5015413286283365e-06,0.0,2.1614654510671015e-16,7.01264971815574,0.3316380709875375,0.8418509396724403,107.0,133.0,114.0,133.42100524902344
62.85,4.1537914466610275e-06,0.0,2.1614654510671015e-16,7.01264971815574,0.3316380709875375,0.8418509396724403,107.0,133.0,114.0,133.42100524902344
62.900000000000006,4.806035955212469e-06,0.0,2.1614654510671015e-16,7.01264971815574,0.3316380709875375,0.8418509396724403,107.0,133.0,114.0,133.42100524902344
62.95,1.3731556483615243e-07,0.0,2.1614654510671015e-16,7.01264971815574,0.3316380709875375,0.8418509396724403,107.0,133.0,114.0,133.42100524902344
63.0,7.895644973570265e-07,0.0,2.1614654510671015e-16,7.01264971815574,0.3316380709875375,0.8418509396724403,107.0,133.0,114.0,133.42100524902344
63.050000000000004,1.4418110477405588e-06,0.0,2.1614654510671015e-16,7.01264971815574,0.3316380709875375,0.8418509396724403,107.0,133.0,114.0,133.42100524902344
63.1,2.1283885619461304e-06,0.0,2.1614654510671015e-16,7.01264971815574,0.3316380709875375,0.8418509396724403,107.0,133.0,114.0,133.42100524902344
63.150000000000006,2.7806366245874787e-06,0.0,2.1614654510671015e-16,7.01264971815574,0.3316380709875375,0.8418509396724403,107.0,133.0,114.0,133.42100524902344
63.2,3.3985547816022063e-06,0.0,2.1614654510671015e-16,7.01264971815574,0.3316380709875375,0.8418509396724403,107.0,133.0,114.0,133.42100524902344
63.25,4.0507923241607185e-06,0.0,2.1614654510671015e-16,7.01264971815574,0.3316380709875375,0.8418509396724403,107.0,133.0,114.0,133.42100524902344
63.300000000000004,4.703040362626502e-06,0.0,2.1614654510671015e-16,7.01264971815574,0.3316380709875375,0.8418509396724403,107.0,133.0,114.0,133.42100524902344
63.35,5.3209800015178685e-06,0.0,2.1614654510671015e-16,7.01264971815574,0.3316380709875375,0.8418509396724403,107.0,133.0,114.0,133.42100524902344
63.400000000000006,5.149364416473609e-07,0.0,2.1614654510671015e-16,7.01264971815574,0.3316380709875375,0.8418509396724403,107.0,133.0,114.0,133.42100524902344
63.45,1.1671814945333087e-06,0.0,2.1614654510671015e-16,7.01264971815574,0.3316380709875375,0.8418509396724403,107.0,133.0,114.0,133.42100524902344
63.5,1.8537588730717324e-06,0.0,2.1614654510671015e-16,7.01264971815574,0.3316380709875375,0.8418509396724403,107.0,133.0,114.0,133.42100524902344
63.550000000000004,2.47167733809536e-06,0.0,2.1614654510671015e-16,7.01264971815574,0.3316380709875375,0.8418509396724403,107.0,133.0,114.0,133.42100524902344
63.6,3.020936739376006e-06,0.0,2.1614654510671015e-16,7.01264971815574,0.3316380709875375,0.8418509396724403,107.0,133.0,114.0,133.42100524902344
63.650000000000006,3.707531880894502e-06,0.0,2.1614654510671015e-16,7.01264971815574,0.3316380709875375,0.8418509396724403,107.0,133.0,114.0,133.42100524902344
63.7,4.291092002382501e-06,0.0,2.1614654510671015e-16,7.01264971815574,0.3316380709875375,0.8418509396724403,107.0,133.0,114.0,133.42100524902344
63.75,4.806036178410808e-06,0.0,2.1614654510671015e-16,7.01264971815574,0.3316380709875375,0.8418509396724403,107.0,133.0,114.0,133.42100524902344
63.800000000000004,2.4030465363558615e-07,0.0,2.1614654510671015e-16,7.01264971815574,0.3316380709875375,0.8418509396724403,107.0,133.0,114.0,133.42100524902344
63.85,8.582273760729939e-07,0.0,2.1614654510671015e-16,7.01264971815574,0.3316380709875375,0.8418509396724403,107.0,133.0,114.0,133.42100524902344
63.900000000000006,1.5104721513014295e-06,0.0,2.1614654510671015e-16,7.01264971815574,0.3316380709875375,0.8418509396724403,107.0,133.0,114.0,133.42100524902344
63.95,2.094059729537246e-06,0.0,2.1614654510671015e-16,7.01264971815574,0.3316380709875375,0.8418509396724403,107.0,133.0,114.0,133.42100524902344
64.0,2.780637593720592e-06,0.0,2.1614654510671015e-16,7.01264971815574,0.3316380709875375,0.8418509396724403,107.0,133.0,114.0,133.42100524902344
64.05,3.4328869077531904e-06,0.0,2.1614654510671015e-16,7.01264971815574,0.3316380709875375,0.8418509396724403,107.0,133.0,114.0,133.42100524902344
64.10000000000001,4.085136493795415e-06,0.0,2.1614654510671015e-16,7.01264971815574,0.3316380709875375,0.8418509396724403,107.0,133.0,114.0,133.42100524902344
64.15,4.703040326861096e-06,0.0,2.1614654510671015e-16,7.01264971815574,0.3316380709875375,0.8418509396724403,107.0,133.0,114.0,133.42100524902344
64.2,0.0,0.0,2.1614654510671015e-16,7.01264971815574,0.3316380709875375,0.8418509396724403,107.0,133.0,114.0,133.42100524902344
64.25,5.835903865478733e-07,0.0,2.1614654510671015e-16,7.01264971815574,0.3316380709875375,0.8418509396724403,107.0,133.0,114.0,133.42100524902344
64.3,1.1671820148490355e-06,0.0,2.1614654510671015e-16,7.01264971815574,0.3316380709875375,0.8418509396724403,107.0,133.0,114.0,133.42100524902344
64.35000000000001,1.853759326592225e-06,0.0,2.1614654510671015e-16,7.01264971815574,0.3316380709875375,0.8418509396724403,107.0,133.0,114.0,133.42100524902344
64.4,2.4716783230887405e-06,0.0,2.1614654510671015e-16,7.01264971815574,0.3316380709875375,0.8418509396724403,107.0,133.0,114.0,133.42100524902344
64.45,3.0209364787771834e-06,0.0,2.1614654510671015e-16,7.01264971815574,0.3316380709875375,0.8418509396724403,107.0,133.0,114.0,133.42100524902344
64.5,3.6045363877685832e-06,0.0,2.1614654510671015e-16,7.01264971815574,0.3316380709875375,0.8418509396724403,107.0,133.0,114.0,133.42100524902344
64.55,4.153788014549148e-06,0.0,2.1614654510671015e-16,7.01264971815574,0.3316380709875375,0.8418509396724403,107.0,133.0,114.0,133.42100524902344
64.60000000000001,4.806036399213676e-06,0.0,2.1614654510671015e-16,7.01264971815574,0.3316380709875375,0.8418509396724403,107.0,133.0,114.0,133.42100524902344
64.65,4.1195023238928515e-07,0.0,2.1614654510671015e-16,7.01264971815574,0.3316380709875375,0.8418509396724403,107.0,133.0,114.0,133.42100524902344
64.7,1.0985233493655341e-06,0.0,2.1614654510671015e-16,7.01264971815574,0.3316380709875375,0.8418509396724403,107.0,133.0,114.0,133.42100524902344
64.75,1.7164404571647611e-06,0.0,2.1614654510671015e-16,7.01264971815574,0.3316380709875375,0.8418509396724403,107.0,133.0,114.0,133.42100524902344
64.8,2.231373537975154e-06,0.0,2.1614654510671015e-16,7.01264971815574,0.3316380709875375,0.8418509396724403,107.0,133.0,114.0,133.42100524902344
64.85000000000001,2.746307190233164e-06,0.0,2.1614654510671015e-16,7.01264971815574,0.3316380709875375,0.8418509396724403,107.0,133.0,114.0,133.42100524902344
64.9,3.3985560574349697e-06,0.0,2.1614654510671015e-16,7.01264971815574,0.3316380709875375,0.8418509396724403,107.0,133.0,114.0,133.42100524902344
64.95,4.085137030261461e-06,0.0,2.1614654510671015e-16,7.01264971815574,0.3316380709875375,0.8418509396724403,107.0,133.0,114.0,133.42100524902344
65.0,4.771692331259132e-06,0.0,2.1614654510671015e-16,7.01264971815574,0.3316380709875375,0.8418509396724403,107.0,133.0,114.0,133.42100524902344
65.05,1.3731556483615243e-07,0.0,2.1614654510671015e-16,7.01264971815574,0.3316380709875375,0.8418509396724403,107.0,133.0,114.0,133.42100524902344
65.10000000000001,7.895636159279654e-07,0.0,2.1614654510671015e-16,7.01264971815574,0.3316380709875375,0.8418509396724403,107.0,133.0,114.0,133.42100524902344
65.15,1.4418148240751747e-06,0.0,2.1614654510671015e-16,7.01264971815574,0.3316380709875375,0.8418509396724403,107.0,133.0,114.0,133.42100524902344
65.2,2.0254044505336134e-06,0.0,2.1614654510671015e-16,7.01264971815574,0.3316380709875375,0.8418509396724403,107.0,133.0,114.0,133.42100524902344
65.25,2.6089921112126284e-06,0.0,2.1614654510671015e-16,7.01264971815574,0.3316380709875375,0.8418509396724403,107.0,133.0,114.0,133.42100524902344
65.3,3.295570376250155e-06,0.0,2.1614654510671015e-16,7.01264971815574,0.3316380709875375,0.8418509396724403,107.0,133.0,114.0,133.42100524902344
65.35000000000001,3.947832643918492e-06,0.0,2.1614654510671015e-16,7.01264971815574,0.3316380709875375,0.8418509396724403,107.0,133.0,114.0,133.42100524902344
65.4,4.634387997533309e-06,0.0,2.1614654510671015e-16,7.01264971815574,0.3316380709875375,0.8418509396724403,107.0,133.0,114.0,133.42100524902344
65.45,5.252328083206111e-06,0.0,2.1614654510671015e-16,7.01264971815574,0.3316380709875375,0.8418509396724403,107.0,133.0,114.0,133.42100524902344
65.5,4.462741715832139e-07,0.0,2.1614654510671015e-16,7.01264971815574,0.3316380709875375,0.8418509396724403,107.0,133.0,114.0,133.42100524902344
65.55,1.098522376361633e-06,0.0,2.1614654510671015e-16,7.01264971815574,0.3316380709875375,0.8418509396724403,107.0,133.0,114.0,133.42100524902344
65.60000000000001,1.682114500247607e-06,0.0,2.1614654510671015e-16,7.01264971815574,0.3316380709875375,0.8418509396724403,107.0,133.0,114.0,133.42100524902344
65.65,2.3000327330245657e-06,0.0,2.1614654510671015e-16,7.01264971815574,0.3316380709875375,0.8418509396724403,107.0,133.0,114.0,133.42100524902344
65.7,2.91795147910922e-06,0.0,2.1614654510671015e-16,7.01264971815574,0.3316380709875375,0.8418509396724403,107.0,133.0,114.0,133.42100524902344
65.75,3.604536097874861e-06,0.0,2.1614654510671015e-16,7.01264971815574,0.3316380709875375,0.8418509396724403,107.0,133.0,114.0,133.42100524902344
65.8,4.2224402715883166e-06,0.0,2.1614654510671015e-16,7.01264971815574,0.3316380709875375,0.8418509396724403,107.0,133.0,114.0,133.42100524902344
65.85000000000001,4.87468856746413e-06,0.0,2.1614654510671015e-16,7.01264971815574,0.3316380709875375,0.8418509396724403,107.0,133.0,114.0,133.42100524902344
65.9,2.40303955757665e-07,0.0,2.1614654510671015e-16,7.01264971815574,0.3316380709875375,0.8418509396724403,107.0,133.0,114.0,133.42100524902344
65.95,8.23892445322887e-07,0.0,2.1614654510671015e-16,7.01264971815574,0.3316380709875375,0.8418509396724403,107.0,133.0,114.0,133.42100524902344
66.0,1.5104705606212895e-06,0.0,2.1614654510671015e-16,7.01264971815574,0.3316380709875375,0.8418509396724403,107.0,133.0,114.0,133.42100524902344
66.05,2.128388512058474e-06,0.0,2.1614654510671015e-16,7.01264971815574,0.3316380709875375,0.8418509396724403,107.0,133.0,114.0,133.42100524902344
66.10000000000001,2.6776511701895193e-06,0.0,2.1614654510671015e-16,7.01264971815574,0.3316380709875375,0.8418509396724403,107.0,133.0,114.0,133.42100524902344
66.15,3.329899384714778e-06,0.0,2.1614654510671015e-16,7.01264971815574,0.3316380709875375,0.8418509396724403,107.0,133.0,114.0,133.42100524902344
66.2,3.982140406868479e-06,0.0,2.1614654510671015e-16,7.01264971815574,0.3316380709875375,0.8418509396724403,107.0,133.0,114.0,133.42100524902344
66.25,4.565736101252265e-06,0.0,2.1614654510671015e-16,7.01264971815574,0.3316380709875375,0.8418509396724403,107.0,133.0,114.0,133.42100524902344
66.3,0.0,0.0,2.1614654510671015e-16,7.01264971815574,0.3316380709875375,0.8418509396724403,107.0,133.0,114.0,133.42100524902344
66.35000000000001,6.522492237649235e-07,0.0,2.1614654510671015e-16,7.01264971815574,0.3316380709875375,0.8418509396724403,107.0,133.0,114.0,133.42100524902344
66.4,1.2701673310816386e-06,0.0,2.1614654510671015e-16,7.01264971815574,0.3316380709875375,0.8418509396724403,107.0,133.0,114.0,133.42100524902344
66.45,1.888087005346115e-06,0.0,2.1614654510671015e-16,7.01264971815574,0.3316380709875375,0.8418509396724403,107.0,133.0,114.0,133.42100524902344
66.5,2.540334504488144e-06,0.0,2.1614654510671015e-16,7.01264971815574,0.3316380709875375,0.8418509396724403,107.0,133.0,114.0,133.42100524902344
66.55,3.1582562822111614e-06,0.0,2.1614654510671015e-16,7.01264971815574,0.3316380709875375,0.8418509396724403,107.0,133.0,114.0,133.42100524902344
66.60000000000001,3.8104924781111983e-06,0.0,2.1614654510671015e-16,7.01264971815574,0.3316380709875375,0.8418509396724403,107.0,133.0,114.0,133.42100524902344
66.65,4.462740119060036e-06,0.0,2.1614654510671015e-16,7.01264971815574,0.3316380709875375,0.8418509396724403,107.0,133.0,114.0,133.42100524902344
66.7,5.114988764188103e-06,0.0,2.1614654510671015e-16,7.01264971815574,0.3316380709875375,0.8418509396724403,107.0,133.0,114.0,133.42100524902344
66.75,3.776254411861068e-07,0.0,2.1614654510671015e-16,7.01264971815574,0.3316380709875375,0.8418509396724403,107.0,133.0,114.0,133.42100524902344
66.8,9.955370106079675e-07,0.0,2.1614654510671015e-16,7.01264971815574,0.3316380709875375,0.8418509396724403,107.0,133.0,114.0,133.42100524902344
66.85000000000001,1.647784802796402e-06,0.0,2.1614654510671015e-16,7.01264971815574,0.3316380709875375,0.8418509396724403,107.0,133.0,114.0,133.42100524902344
66.9,2.3000330526973957e-06,0.0,2.1614654510671015e-16,7.01264971815574,0.3316380709875375,0.8418509396724403,107.0,133.0,114.0,133.42100524902344
66.95,2.952281247551135e-06,0.0,2.1614654510671015e-16,7.01264971815574,0.3316380709875375,0.8418509396724403,107.0,133.0,114.0,133.42100524902344
67.0,3.5358697810113764e-06,0.0,2.1614654510671015e-16,7.01264971815574,0.3316380709875375,0.8418509396724403,107.0,133.0,114.0,133.42100524902344
67.05,4.188133201980906e-06,0.0,2.1614654510671015e-16,7.01264971815574,0.3316380709875375,0.8418509396724403,107.0,133.0,114.0,133.42100524902344
67.10000000000001,4.840381026540584e-06,0.0,2.1614654510671015e-16,7.01264971815574,0.3316380709875375,0.8418509396724403,107.0,133.0,114.0,133.42100524902344
67.15,1.3731556483615243e-07,0.0,2.1614654510671015e-16,7.01264971815574,0.3316380709875375,0.8418509396724403,107.0,133.0,114.0,133.42100524902344
67.2,7.552341074788714e-07,0.0,2.1614654510671015e-16,7.01264971815574,0.3316380709875375,0.8418509396724403,107.0,133.0,114.0,133.42100524902344
67.25,1.4418122588225811e-06,0.0,2.1614654510671015e-16,7.01264971815574,0.3316380709875375,0.8418509396724403,107.0,133.0,114.0,133.42100524902344
67.3,2.059730364143253e-06,0.0,2.1614654510671015e-16,7.01264971815574,0.3316380709875375,0.8418509396724403,107.0,133.0,114.0,133.42100524902344
67.35000000000001,2.7463091675113286e-06,0.0,2.1614654510671015e-16,7.01264971815574,0.3316380709875375,0.8418509396724403,107.0,133.0,114.0,133.42100524902344
67.4,3.364226883609525e-06,0.0,2.1614654510671015e-16,7.01264971815574,0.3316380709875375,0.8418509396724403,107.0,133.0,114.0,133.42100524902344
67.45,4.016484155423226e-06,0.0,2.1614654510671015e-16,7.01264971815574,0.3316380709875375,0.8418509396724403,107.0,133.0,114.0,133.42100524902344
67.5,4.6343879972630076e-06,0.0,2.1614654510671015e-16,7.01264971815574,0.3316380709875375,0.8418509396724403,107.0,133.0,114.0,133.42100524902344
67.55,5.252328974537839e-06,0.0,2.1614654510671015e-16,7.01264971815574,0.3316380709875375,0.8418509396724403,107.0,133.0,114.0,133.42100524902344
67.60000000000001,5.149448169264894e-07,0.0,2.1614654510671015e-16,7.01264971815574,0.3316380709875375,0.8418509396724403,107.0,133.0,114.0,133.42100524902344
67.65,1.2015134603777138e-06,0.0,2.1614654510671015e-16,7.01264971815574,0.3316380709875375,0.8418509396724403,107.0,133.0,114.0,133.42100524902344
67.7,1.7851010934756343e-06,0.0,2.1614654510671015e-16,7.01264971815574,0.3316380709875375,0.8418509396724403,107.0,133.0,114.0,133.42100524902344
67.75,2.4373505936541466e-06,0.0,2.1614654510671015e-16,7.01264971815574,0.3316380709875375,0.8418509396724403,107.0,133.0,114.0,133.42100524902344
67.8,3.0552660533201897e-06,0.0,2.1614654510671015e-16,7.01264971815574,0.3316380709875375,0.8418509396724403,107.0,133.0,114.0,133.42100524902344
67.85000000000001,3.6388474240264413e-06,0.0,2.1614654510671015e-16,7.01264971815574,0.3316380709875375,0.8418509396724403,107.0,133.0,114.0,133.42100524902344
67.9,4.291092020365898e-06,0.0,2.1614654510671015e-16,7.01264971815574,0.3316380709875375,0.8418509396724403,107.0,133.0,114.0,133.42100524902344
67.95,4.94334311223698e-06,0.0,2.1614654510671015e-16,7.01264971815574,0.3316380709875375,0.8418509396724403,107.0,133.0,114.0,133.42100524902344
68.0,2.7463658157530035e-07,0.0,2.1614654510671015e-16,7.01264971815574,0.3316380709875375,0.8418509396724403,107.0,133.0,114.0,133.42100524902344
68.05,9.612350705686534e-07,0.0,2.1614654510671015e-16,7.01264971815574,0.3316380709875375,0.8418509396724403,107.0,133.0,114.0,133.42100524902344
68.10000000000001,1.6135528123673737e-06,0.0,2.1614654510671015e-16,7.01264971815574,0.3316380709875375,0.8418509396724403,107.0,133.0,114.0,133.42100524902344
68.15,2.1627932452521768e-06,0.0,2.1614654510671015e-16,7.01264971815574,0.3316380709875375,0.8418509396724403,107.0,133.0,114.0,133.42100524902344
68.2,2.816296377484578e-06,0.0,2.1614654510671015e-16,7.01264971815574,0.3316380709875375,0.8418509396724403,107.0,133.0,114.0,133.42100524902344
68.25,3.3299205311304114e-06,0.0,2.1614654510671015e-16,7.01264971815574,0.3316380709875375,0.8418509396724403,107.0,133.0,114.0,133.42100524902344
68.3,3.982146660504256e-06,0.0,2.1614654510671015e-16,7.01264971815574,0.3316380709875375,0.8418509396724403,107.0,133.0,114.0,133.42100524902344
68.35000000000001,4.634387978972416e-06,0.0,2.1614654510671015e-16,7.01264971815574,0.3316380709875375,0.8418509396724403,107.0,133.0,114.0,133.42100524902344
68.4,0.0,0.0,2.1614654510671015e-16,7.01264971815574,0.3316380709875375,0.8418509396724403,107.0,133.0,114.0,133.42100524902344
68.45,6.522643186530573e-07,0.0,2.1614654510671015e-16,7.01264971815574,0.3316380709875375,0.8418509396724403,107.0,133.0,114.0,133.42100524902344
68.5,1.3045392010574974e-06,0.0,2.1614654510671015e-16,7.01264971815574,0.3316380709875375,0.8418509396724403,107.0,133.0,114.0,133.42100524902344
68.55,1.819452668093103e-06,0.0,2.1614654510671015e-16,7.01264971815574,0.3316380709875375,0.8418509396724403,107.0,133.0,114.0,133.42100524902344
68.60000000000001,2.3343750664366358e-06,0.0,2.1614654510671015e-16,7.01264971815574,0.3316380709875375,0.8418509396724403,107.0,133.0,114.0,133.42100524902344
68.65,2.9522825361436918e-06,0.0,2.1614654510671015e-16,7.01264971815574,0.3316380709875375,0.8418509396724403,107.0,133.0,114.0,133.42100524902344
68.7,3.638848570064841e-06,0.0,2.1614654510671015e-16,7.01264971815574,0.3316380709875375,0.8418509396724403,107.0,133.0,114.0,133.42100524902344
68.75,4.2911162576773836e-06,0.0,2.1614654510671015e-16,7.01264971815574,0.3316380709875375,0.8418509396724403,107.0,133.0,114.0,133.42100524902344
68.8,4.943350253165036e-06,0.0,2.1614654510671015e-16,7.01264971815574,0.3316380709875375,0.8418509396724403,107.0,133.0,114.0,133.42100524902344
68.85000000000001,4.1196089955619965e-07,0.0,2.1614654510671015e-16,7.01264971815574,0.3316380709875375,0.8418509396724403,107.0,133.0,114.0,133.42100524902344
68.9,9.955826631772126e-07,0.0,2.1614654510671015e-16,7.01264971815574,0.3316380709875375,0.8418509396724403,107.0,133.0,114.0,133.42100524902344
68.95,1.5791464139315005e-06,0.0,2.1614654510671015e-16,7.01264971815574,0.3316380709875375,0.8418509396724403,107.0,133.0,114.0,133.42100524902344
69.0,2.2313743966772467e-06,0.0,2.1614654510671015e-16,7.01264971815574,0.3316380709875375,0.8418509396724403,107.0,133.0,114.0,133.42100524902344
69.05,2.883624750588983e-06,0.0,2.1614654510671015e-16,7.01264971815574,0.3316380709875375,0.8418509396724403,107.0,133.0,114.0,133.42100524902344
69.10000000000001,3.5358846036072227e-06,0.0,2.1614654510671015e-16,7.01264971815574,0.3316380709875375,0.8418509396724403,107.0,133.0,114.0,133.42100524902344
69.15,4.153794637218931e-06,0.0,2.1614654510671015e-16,7.01264971815574,0.3316380709875375,0.8418509396724403,107.0,133.0,114.0,133.42100524902344
69.2,4.840380252422953e-06,0.0,2.1614654510671015e-16,7.01264971815574,0.3316380709875375,0.8418509396724403,107.0,133.0,114.0,133.42100524902344
69.25,1.3731556483615243e-07,0.0,2.1614654510671015e-16,7.01264971815574,0.3316380709875375,0.8418509396724403,107.0,133.0,114.0,133.42100524902344
69.3,7.896075383969905e-07,0.0,2.1614654510671015e-16,7.01264971815574,0.3316380709875375,0.8418509396724403,107.0,133.0,114.0,133.42100524902344
69.35000000000001,1.4418133264395529e-06,0.0,2.1614654510671015e-16,7.01264971815574,0.3316380709875375,0.8418509396724403,107.0,133.0,114.0,133.42100524902344
69.4,2.0940617926756704e-06,0.0,2.1614654510671015e-16,7.01264971815574,0.3316380709875375,0.8418509396724403,107.0,133.0,114.0,133.42100524902344
69.45,2.643326395365144e-06,0.0,2.1614654510671015e-16,7.01264971815574,0.3316380709875375,0.8418509396724403,107.0,133.0,114.0,133.42100524902344
69.5,3.2955696679987857e-06,0.0,2.1614654510671015e-16,7.01264971815574,0.3316380709875375,0.8418509396724403,107.0,133.0,114.0,133.42100524902344
69.55,3.844839618469068e-06,0.0,2.1614654510671015e-16,7.01264971815574,0.3316380709875375,0.8418509396724403,107.0,133.0,114.0,133.42100524902344
69.60000000000001,4.49708389725906e-06,0.0,2.1614654510671015e-16,7.01264971815574,0.3316380709875375,0.8418509396724403,107.0,133.0,114.0,133.42100524902344
69.65,6.453832719596261e-06,0.0,2.1614654510671015e-16,7.01264971815574,0.3316380709875375,0.8418509396724403,107.0,133.0,114.0,133.42100524902344
69.7,4.46289259743434e-07,0.0,2.1614654510671015e-16,7.01264971815574,0.3316380709875375,0.8418509396724403,107.0,133.0,114.0,133.42100524902344
69.75,9.61207353422409e-07,0.0,2.1614654510671015e-16,7.01264971815574,0.3316380709875375,0.8418509396724403,107.0,133.0,114.0,133.42100524902344
69.8,1.4761410298428285e-06,0.0,2.1614654510671015e-16,7.01264971815574,0.3316380709875375,0.8418509396724403,107.0,133.0,114.0,133.42100524902344
69.85000000000001,1.991075761551475e-06,0.0,2.1614654510671015e-16,7.01264971815574,0.3316380709875375,0.8418509396724403,107.0,133.0,114.0,133.42100524902344
69.9,2.5403346373113996e-06,0.0,2.1614654510671015e-16,7.01264971815574,0.3316380709875375,0.8418509396724403,107.0,133.0,114.0,133.42100524902344
69.95,3.226910454904378e-06,0.0,2.1614654510671015e-16,7.01264971815574,0.3316380709875375,0.8418509396724403,107.0,133.0,114.0,133.42100524902344
70.0,5.183653782933092e-06,0.0,2.1614654510671015e-16,7.01264971815574,0.3316380709875375,0.8418509396724403,107.0,133.0,114.0,133.42100524902344
70.05,4.497085364979093e-06,0.0,2.1614654510671015e-16,7.01264971815574,0.3316380709875375,0.8418509396724403,107.0,133.0,114.0,133.42100524902344
70.10000000000001,2.4030465363558615e-07,0.0,2.1614654510671015e-16,7.01264971815574,0.3316380709875375,0.8418509396724403,107.0,133.0,114.0,133.42100524902344
70.15,8.239034140676264e-07,0.0,2.1614654510671015e-16,7.01264971815574,0.3316380709875375,0.8418509396724403,107.0,133.0,114.0,133.42100524902344
70.2,1.4074817131122991e-06,0.0,2.1614654510671015e-16,7.01264971815574,0.3316380709875375,0.8418509396724403,107.0,133.0,114.0,133.42100524902344
70.25,2.025412007942421e-06,0.0,2.1614654510671015e-16,7.01264971815574,0.3316380709875375,0.8418509396724403,107.0,133.0,114.0,133.42100524902344
70.3,2.6776511594611427e-06,0.0,2.1614654510671015e-16,7.01264971815574,0.3316380709875375,0.8418509396724403,107.0,133.0,114.0,133.42100524902344
70.35000000000001,3.3642266772636136e-06,0.0,2.1614654510671015e-16,7.01264971815574,0.3316380709875375,0.8418509396724403,107.0,133.0,114.0,133.42100524902344
70.4,4.050792133319735e-06,0.0,2.1614654510671015e-16,7.01264971815574,0.3316380709875375,0.8418509396724403,107.0,133.0,114.0,133.42100524902344
70.45,4.7030415293269826e-06,0.0,2.1614654510671015e-16,7.01264971815574,0.3316380709875375,0.8418509396724403,107.0,133.0,114.0,133.42100524902344
70.5,0.0,0.0,2.1614654510671015e-16,7.01264971815574,0.3316380709875375,0.8418509396724403,107.0,133.0,114.0,133.42100524902344
70.55,5.149350531180871e-07,0.0,2.1614654510671015e-16,7.01264971815574,0.3316380709875375,0.8418509396724403,107.0,133.0,114.0,133.42100524902344
70.60000000000001,1.1328557052839677e-06,0.0,2.1614654510671015e-16,7.01264971815574,0.3316380709875375,0.8418509396724403,107.0,133.0,114.0,133.42100524902344
70.65,1.7851018546717552e-06,0.0,2.1614654510671015e-16,7.01264971815574,0.3316380709875375,0.8418509396724403,107.0,133.0,114.0,133.42100524902344
70.7,2.4373475808526354e-06,0.0,2.1614654510671015e-16,7.01264971815574,0.3316380709875375,0.8418509396724403,107.0,133.0,114.0,133.42100524902344
70.75,3.123925337585013e-06,0.0,2.1614654510671015e-16,7.01264971815574,0.3316380709875375,0.8418509396724403,107.0,133.0,114.0,133.42100524902344
70.8,3.707531978249899e-06,0.0,2.1614654510671015e-16,7.01264971815574,0.3316380709875375,0.8418509396724403,107.0,133.0,114.0,133.42100524902344
70.85000000000001,4.222440262737605e-06,0.0,2.1614654510671015e-16,7.01264971815574,0.3316380709875375,0.8418509396724403,107.0,133.0,114.0,133.42100524902344
70.9,4.737384637661488e-06,0.0,2.1614654510671015e-16,7.01264971815574,0.3316380709875375,0.8418509396724403,107.0,133.0,114.0,133.42100524902344
70.95,3.776254411861068e-07,0.0,2.1614654510671015e-16,7.01264971815574,0.3316380709875375,0.8418509396724403,107.0,133.0,114.0,133.42100524902344
71.0,9.955389455799361e-07,0.0,2.1614654510671015e-16,7.01264971815574,0.3316380709875375,0.8418509396724403,107.0,133.0,114.0,133.42100524902344
71.05,1.5791257860603619e-06,0.0,2.1614654510671015e-16,7.01264971815574,0.3316380709875375,0.8418509396724403,107.0,133.0,114.0,133.42100524902344
71.10000000000001,2.1970466300245727e-06,0.0,2.1614654510671015e-16,7.01264971815574,0.3316380709875375,0.8418509396724403,107.0,133.0,114.0,133.42100524902344
71.15,2.849292831299681e-06,0.0,2.1614654510671015e-16,7.01264971815574,0.3316380709875375,0.8418509396724403,107.0,133.0,114.0,133.42100524902344
71.2,3.4672145591115665e-06,0.0,2.1614654510671015e-16,7.01264971815574,0.3316380709875375,0.8418509396724403,107.0,133.0,114.0,133.42100524902344
71.25,4.050792161464832e-06,0.0,2.1614654510671015e-16,7.01264971815574,0.3316380709875375,0.8418509396724403,107.0,133.0,114.0,133.42100524902344
71.3,4.668733194369229e-06,0.0,2.1614654510671015e-16,7.01264971815574,0.3316380709875375,0.8418509396724403,107.0,133.0,114.0,133.42100524902344
71.35000000000001,1.0298675053683425e-07,0.0,2.1614654510671015e-16,7.01264971815574,0.3316380709875375,0.8418509396724403,107.0,133.0,114.0,133.42100524902344
71.4,7.895628131144556e-07,0.0,2.1614654510671015e-16,7.01264971815574,0.3316380709875375,0.8418509396724403,107.0,133.0,114.0,133.42100524902344
71.45,1.4074816270520953e-06,0.0,2.1614654510671015e-16,7.01264971815574,0.3316380709875375,0.8418509396724403,107.0,133.0,114.0,133.42100524902344
71.5,2.0254040495182985e-06,0.0,2.1614654510671015e-16,7.01264971815574,0.3316380709875375,0.8418509396724403,107.0,133.0,114.0,133.42100524902344
71.55,2.6433225625428423e-06,0.0,2.1614654510671015e-16,7.01264971815574,0.3316380709875375,0.8418509396724403,107.0,133.0,114.0,133.42100524902344
71.60000000000001,3.3299012080627993e-06,0.0,2.1614654510671015e-16,7.01264971815574,0.3316380709875375,0.8418509396724403,107.0,133.0,114.0,133.42100524902344
71.65,3.98214116779552e-06,0.0,2.1614654510671015e-16,7.01264971815574,0.3316380709875375,0.8418509396724403,107.0,133.0,114.0,133.42100524902344
71.7,4.634388533199486e-06,0.0,2.1614654510671015e-16,7.01264971815574,0.3316380709875375,0.8418509396724403,107.0,133.0,114.0,133.42100524902344
71.75,5.217984232774243e-06,0.0,2.1614654510671015e-16,7.01264971815574,0.3316380709875375,0.8418509396724403,107.0,133.0,114.0,133.42100524902344
71.8,4.11945982990697e-07,0.0,2.1614654510671015e-16,7.01264971815574,0.3316380709875375,0.8418509396724403,107.0,133.0,114.0,133.42100524902344
71.85000000000001,1.0985220762151214e-06,0.0,2.1614654510671015e-16,7.01264971815574,0.3316380709875375,0.8418509396724403,107.0,133.0,114.0,133.42100524902344
71.9,1.7507714429757773e-06,0.0,2.1614654510671015e-16,7.01264971815574,0.3316380709875375,0.8418509396724403,107.0,133.0,114.0,133.42100524902344
71.95,2.334362638813705e-06,0.0,2.1614654510671015e-16,7.01264971815574,0.3316380709875375,0.8418509396724403,107.0,133.0,114.0,133.42100524902344
72.0,2.849292006835202e-06,0.0,2.1614654510671015e-16,7.01264971815574,0.3316380709875375,0.8418509396724403,107.0,133.0,114.0,133.42100524902344
72.05,3.53587010660792e-06,0.0,2.1614654510671015e-16,7.01264971815574,0.3316380709875375,0.8418509396724403,107.0,133.0,114.0,133.42100524902344
72.10000000000001,4.222440590582504e-06,0.0,2.1614654510671015e-16,7.01264971815574,0.3316380709875375,0.8418509396724403,107.0,133.0,114.0,133.42100524902344
72.15,4.874688364046915e-06,0.0,2.1614654510671015e-16,7.01264971815574,0.3316380709875375,0.8418509396724403,107.0,133.0,114.0,133.42100524902344
72.2,2.0597322486517354e-07,0.0,2.1614654510671015e-16,7.01264971815574,0.3316380709875375,0.8418509396724403,107.0,133.0,114.0,133.42100524902344
72.25,7.552333667243697e-07,0.0,2.1614654510671015e-16,7.01264971815574,0.3316380709875375,0.8418509396724403,107.0,133.0,114.0,133.42100524902344
72.3,1.4418113804381012e-06,0.0,2.1614654510671015e-16,7.01264971815574,0.3316380709875375,0.8418509396724403,107.0,133.0,114.0,133.42100524902344
72.35000000000001,2.094060794234994e-06,0.0,2.1614654510671015e-16,7.01264971815574,0.3316380709875375,0.8418509396724403,107.0,133.0,114.0,133.42100524902344
72.4,2.6776511556455113e-06,0.0,2.1614654510671015e-16,7.01264971815574,0.3316380709875375,0.8418509396724403,107.0,133.0,114.0,133.42100524902344
72.45,3.1925810505167212e-06,0.0,2.1614654510671015e-16,7.01264971815574,0.3316380709875375,0.8418509396724403,107.0,133.0,114.0,133.42100524902344
72.5,3.7761843297232333e-06,0.0,2.1614654510671015e-16,7.01264971815574,0.3316380709875375,0.8418509396724403,107.0,133.0,114.0,133.42100524902344
72.55,4.4284320236578935e-06,0.0,2.1614654510671015e-16,7.01264971815574,0.3316380709875375,0.8418509396724403,107.0,133.0,114.0,133.42100524902344
72.60000000000001,0.0,0.0,2.1614654510671015e-16,7.01264971815574,0.3316380709875375,0.8418509396724403,107.0,133.0,114.0,133.42100524902344
72.65,6.179184237805045e-07,0.0,2.1614654510671015e-16,7.01264971815574,0.3316380709875375,0.8418509396724403,107.0,133.0,114.0,133.42100524902344
72.7,1.167181246523973e-06,0.0,2.1614654510671015e-16,7.01264971815574,0.3316380709875375,0.8418509396724403,107.0,133.0,114.0,133.42100524902344
72.75,1.7851000925497288e-06,0.0,2.1614654510671015e-16,7.01264971815574,0.3316380709875375,0.8418509396724403,107.0,133.0,114.0,133.42100524902344
72.8,2.4373475545763274e-06,0.0,2.1614654510671015e-16,7.01264971815574,0.3316380709875375,0.8418509396724403,107.0,133.0,114.0,133.42100524902344
72.85000000000001,3.0552661271928366e-06,0.0,2.1614654510671015e-16,7.01264971815574,0.3316380709875375,0.8418509396724403,107.0,133.0,114.0,133.42100524902344
72.9,3.6388440564825046e-06,0.0,2.1614654510671015e-16,7.01264971815574,0.3316380709875375,0.8418509396724403,107.0,133.0,114.0,133.42100524902344
72.95,4.29109202259522e-06,0.0,2.1614654510671015e-16,7.01264971815574,0.3316380709875375,0.8418509396724403,107.0,133.0,114.0,133.42100524902344
73.0,4.90903189857248e-06,0.0,2.1614654510671015e-16,7.01264971815574,0.3316380709875375,0.8418509396724403,107.0,133.0,114.0,133.42100524902344
73.05,3.0896012799637223e-07,0.0,2.1614654510671015e-16,7.01264971815574,0.3316380709875375,0.8418509396724403,107.0,133.0,114.0,133.42100524902344
73.10000000000001,9.268778069814953e-07,0.0,2.1614654510671015e-16,7.01264971815574,0.3316380709875375,0.8418509396724403,107.0,133.0,114.0,133.42100524902344
73.15,1.5791256324170308e-06,0.0,2.1614654510671015e-16,7.01264971815574,0.3316380709875375,0.8418509396724403,107.0,133.0,114.0,133.42100524902344
73.2,2.16271807581196e-06,0.0,2.1614654510671015e-16,7.01264971815574,0.3316380709875375,0.8418509396724403,107.0,133.0,114.0,133.42100524902344
73.25,2.7119772852152147e-06,0.0,2.1614654510671015e-16,7.01264971815574,0.3316380709875375,0.8418509396724403,107.0,133.0,114.0,133.42100524902344
73.3,3.3985551678000655e-06,0.0,2.1614654510671015e-16,7.01264971815574,0.3316380709875375,0.8418509396724403,107.0,133.0,114.0,133.42100524902344
73.35000000000001,4.05079233294759e-06,0.0,2.1614654510671015e-16,7.01264971815574,0.3316380709875375,0.8418509396724403,107.0,133.0,114.0,133.42100524902344
73.4,4.60008032341382e-06,0.0,2.1614654510671015e-16,7.01264971815574,0.3316380709875375,0.8418509396724403,107.0,133.0,114.0,133.42100524902344
73.45,1.0298675053683425e-07,0.0,2.1614654510671015e-16,7.01264971815574,0.3316380709875375,0.8418509396724403,107.0,133.0,114.0,133.42100524902344
73.5,7.552378326367603e-07,0.0,2.1614654510671015e-16,7.01264971815574,0.3316380709875375,0.8418509396724403,107.0,133.0,114.0,133.42100524902344
73.55,1.3731560610954407e-06,0.0,2.1614654510671015e-16,7.01264971815574,0.3316380709875375,0.8418509396724403,107.0,133.0,114.0,133.42100524902344
73.60000000000001,1.9224150544825676e-06,0.0,2.1614654510671015e-16,7.01264971815574,0.3316380709875375,0.8418509396724403,107.0,133.0,114.0,133.42100524902344
73.65,2.6089919871050293e-06,0.0,2.1614654510671015e-16,7.01264971815574,0.3316380709875375,0.8418509396724403,107.0,133.0,114.0,133.42100524902344
73.7,3.2612404388743567e-06,0.0,2.1614654510671015e-16,7.01264971815574,0.3316380709875375,0.8418509396724403,107.0,133.0,114.0,133.42100524902344
73.75,3.810492327404977e-06,0.0,2.1614654510671015e-16,7.01264971815574,0.3316380709875375,0.8418509396724403,107.0,133.0,114.0,133.42100524902344
73.8,4.359779972536349e-06,0.0,2.1614654510671015e-16,7.01264971815574,0.3316380709875375,0.8418509396724403,107.0,133.0,114.0,133.42100524902344
73.85000000000001,5.046336971105999e-06,0.0,2.1614654510671015e-16,7.01264971815574,0.3316380709875375,0.8418509396724403,107.0,133.0,114.0,133.42100524902344
73.9,5.149484969168121e-07,0.0,2.1614654510671015e-16,7.01264971815574,0.3316380709875375,0.8418509396724403,107.0,133.0,114.0,133.42100524902344
73.95,1.1671828862617817e-06,0.0,2.1614654510671015e-16,7.01264971815574,0.3316380709875375,0.8418509396724403,107.0,133.0,114.0,133.42100524902344
74.0,1.7507701014403865e-06,0.0,2.1614654510671015e-16,7.01264971815574,0.3316380709875375,0.8418509396724403,107.0,133.0,114.0,133.42100524902344
74.05,2.2657042834954234e-06,0.0,2.1614654510671015e-16,7.01264971815574,0.3316380709875375,0.8418509396724403,107.0,133.0,114.0,133.42100524902344
74.10000000000001,2.952281635360973e-06,0.0,2.1614654510671015e-16,7.01264971815574,0.3316380709875375,0.8418509396724403,107.0,133.0,114.0,133.42100524902344
74.15,3.638844496843635e-06,0.0,2.1614654510671015e-16,7.01264971815574,0.3316380709875375,0.8418509396724403,107.0,133.0,114.0,133.42100524902344
74.2,4.2910920088602595e-06,0.0,2.1614654510671015e-16,7.01264971815574,0.3316380709875375,0.8418509396724403,107.0,133.0,114.0,133.42100524902344
74.25,4.840380324371188e-06,0.0,2.1614654510671015e-16,7.01264971815574,0.3316380709875375,0.8418509396724403,107.0,133.0,114.0,133.42100524902344
74.3,2.0597322486517354e-07,0.0,2.1614654510671015e-16,7.01264971815574,0.3316380709875375,0.8418509396724403,107.0,133.0,114.0,133.42100524902344
74.35000000000001,7.209098764728812e-07,0.0,2.1614654510671015e-16,7.01264971815574,0.3316380709875375,0.8418509396724403,107.0,133.0,114.0,133.42100524902344
74.4,1.373156469664745e-06,0.0,2.1614654510671015e-16,7.01264971815574,0.3316380709875375,0.8418509396724403,107.0,133.0,114.0,133.42100524902344
74.45,2.0597291048960174e-06,0.0,2.1614654510671015e-16,7.01264971815574,0.3316380709875375,0.8418509396724403,107.0,133.0,114.0,133.42100524902344
74.5,2.711977970408501e-06,0.0,2.1614654510671015e-16,7.01264971815574,0.3316380709875375,0.8418509396724403,107.0,133.0,114.0,133.42100524902344
74.55,3.3642253038980492e-06,0.0,2.1614654510671015e-16,7.01264971815574,0.3316380709875375,0.8418509396724403,107.0,133.0,114.0,133.42100524902344
74.60000000000001,3.879144116208601e-06,0.0,2.1614654510671015e-16,7.01264971815574,0.3316380709875375,0.8418509396724403,107.0,133.0,114.0,133.42100524902344
74.65,4.394088705548153e-06,0.0,2.1614654510671015e-16,7.01264971815574,0.3316380709875375,0.8418509396724403,107.0,133.0,114.0,133.42100524902344
74.7,0.0,0.0,2.1614654510671015e-16,7.01264971815574,0.3316380709875375,0.8418509396724403,107.0,133.0,114.0,133.42100524902344
74.75,6.179261768042334e-07,0.0,2.1614654510671015e-16,7.01264971815574,0.3316380709875375,0.8418509396724403,107.0,133.0,114.0,133.42100524902344
74.8,1.1328526378835566e-06,0.0,2.1614654510671015e-16,7.01264971815574,0.3316380709875375,0.8418509396724403,107.0,133.0,114.0,133.42100524902344
74.85000000000001,1.7851050803683396e-06,0.0,2.1614654510671015e-16,7.01264971815574,0.3316380709875375,0.8418509396724403,107.0,133.0,114.0,133.42100524902344
74.9,2.4373480188044283e-06,0.0,2.1614654510671015e-16,7.01264971815574,0.3316380709875375,0.8418509396724403,107.0,133.0,114.0,133.42100524902344
74.95,3.123925735959345e-06,0.0,2.1614654510671015e-16,7.01264971815574,0.3316380709875375,0.8418509396724403,107.0,133.0,114.0,133.42100524902344
75.0,3.7761849657138e-06,0.0,2.1614654510671015e-16,7.01264971815574,0.3316380709875375,0.8418509396724403,107.0,133.0,114.0,133.42100524902344
75.05,4.325436244426838e-06,0.0,2.1614654510671015e-16,7.01264971815574,0.3316380709875375,0.8418509396724403,107.0,133.0,114.0,133.42100524902344
75.10000000000001,4.909031865199447e-06,0.0,2.1614654510671015e-16,7.01264971815574,0.3316380709875375,0.8418509396724403,107.0,133.0,114.0,133.42100524902344
75.15,3.0896046732673595e-07,0.0,2.1614654510671015e-16,7.01264971815574,0.3316380709875375,0.8418509396724403,107.0,133.0,114.0,133.42100524902344
75.2,9.268805091050637e-07,0.0,2.1614654510671015e-16,7.01264971815574,0.3316380709875375,0.8418509396724403,107.0,133.0,114.0,133.42100524902344
75.25,1.5448009940096598e-06,0.0,2.1614654510671015e-16,7.01264971815574,0.3316380709875375,0.8418509396724403,107.0,133.0,114.0,133.42100524902344
75.3,2.197043992419456e-06,0.0,2.1614654510671015e-16,7.01264971815574,0.3316380709875375,0.8418509396724403,107.0,133.0,114.0,133.42100524902344
75.35000000000001,2.84929216474157e-06,0.0,2.1614654510671015e-16,7.01264971815574,0.3316380709875375,0.8418509396724403,107.0,133.0,114.0,133.42100524902344
75.4,3.4672139664179685e-06,0.0,2.1614654510671015e-16,7.01264971815574,0.3316380709875375,0.8418509396724403,107.0,133.0,114.0,133.42100524902344
75.45,3.98214030936631e-06,0.0,2.1614654510671015e-16,7.01264971815574,0.3316380709875375,0.8418509396724403,107.0,133.0,114.0,133.42100524902344
75.5,4.565736044158969e-06,0.0,2.1614654510671015e-16,7.01264971815574,0.3316380709875375,0.8418509396724403,107.0,133.0,114.0,133.42100524902344
75.55,1.0298664292226102e-07,0.0,2.1614654510671015e-16,7.01264971815574,0.3316380709875375,0.8418509396724403,107.0,133.0,114.0,133.42100524902344
75.60000000000001,6.865792420753353e-07,0.0,2.1614654510671015e-16,7.01264971815574,0.3316380709875375,0.8418509396724403,107.0,133.0,114.0,133.42100524902344
75.65,1.338828498070474e-06,0.0,2.1614654510671015e-16,7.01264971815574,0.3316380709875375,0.8418509396724403,107.0,133.0,114.0,133.42100524902344
75.7,2.0254039975523033e-06,0.0,2.1614654510671015e-16,7.01264971815574,0.3316380709875375,0.8418509396724403,107.0,133.0,114.0,133.42100524902344
75.75,2.711978085753561e-06,0.0,2.1614654510671015e-16,7.01264971815574,0.3316380709875375,0.8418509396724403,107.0,133.0,114.0,133.42100524902344
75.8,3.3642253648861104e-06,0.0,2.1614654510671015e-16,7.01264971815574,0.3316380709875375,0.8418509396724403,107.0,133.0,114.0,133.42100524902344
75.85000000000001,3.879143984410698e-06,0.0,2.1614654510671015e-16,7.01264971815574,0.3316380709875375,0.8418509396724403,107.0,133.0,114.0,133.42100524902344
75.9,4.462740258939429e-06,0.0,2.1614654510671015e-16,7.01264971815574,0.3316380709875375,0.8418509396724403,107.0,133.0,114.0,133.42100524902344
75.95,5.0806799774714535e-06,0.0,2.1614654510671015e-16,7.01264971815574,0.3316380709875375,0.8418509396724403,107.0,133.0,114.0,133.42100524902344
76.0,5.492637716410851e-07,0.0,2.1614654510671015e-16,7.01264971815574,0.3316380709875375,0.8418509396724403,107.0,133.0,114.0,133.42100524902344
76.05,1.0985221956182857e-06,0.0,2.1614654510671015e-16,7.01264971815574,0.3316380709875375,0.8418509396724403,107.0,133.0,114.0,133.42100524902344
76.10000000000001,1.6477849311323802e-06,0.0,2.1614654510671015e-16,7.01264971815574,0.3316380709875375,0.8418509396724403,107.0,133.0,114.0,133.42100524902344
76.15,2.1970441048361776e-06,0.0,2.1614654510671015e-16,7.01264971815574,0.3316380709875375,0.8418509396724403,107.0,133.0,114.0,133.42100524902344
76.2,2.849292022529815e-06,0.0,2.1614654510671015e-16,7.01264971815574,0.3316380709875375,0.8418509396724403,107.0,133.0,114.0,133.42100524902344
76.25,3.5358698859429343e-06,0.0,2.1614654510671015e-16,7.01264971815574,0.3316380709875375,0.8418509396724403,107.0,133.0,114.0,133.42100524902344
76.3,4.1537880028735335e-06,0.0,2.1614654510671015e-16,7.01264971815574,0.3316380709875375,0.8418509396724403,107.0,133.0,114.0,133.42100524902344
76.35000000000001,4.6687321694754845e-06,0.0,2.1614654510671015e-16,7.01264971815574,0.3316380709875375,0.8418509396724403,107.0,133.0,114.0,133.42100524902344
76.4,2.4030465363558615e-07,0.0,2.1614654510671015e-16,7.01264971815574,0.3316380709875375,0.8418509396724403,107.0,133.0,114.0,133.42100524902344
76.45,7.552341469978565e-07,0.0,2.1614654510671015e-16,7.01264971815574,0.3316380709875375,0.8418509396724403,107.0,133.0,114.0,133.42100524902344
76.5,1.3731564312416105e-06,0.0,2.1614654510671015e-16,7.01264971815574,0.3316380709875375,0.8418509396724403,107.0,133.0,114.0,133.42100524902344
76.55,2.059729104896575e-06,0.0,2.1614654510671015e-16,7.01264971815574,0.3316380709875375,0.8418509396724403,107.0,133.0,114.0,133.42100524902344
76.60000000000001,2.7119779704213497e-06,0.0,2.1614654510671015e-16,7.01264971815574,0.3316380709875375,0.8418509396724403,107.0,133.0,114.0,133.42100524902344
76.65,3.3298994627752148e-06,0.0,2.1614654510671015e-16,7.01264971815574,0.3316380709875375,0.8418509396724403,107.0,133.0,114.0,133.42100524902344
76.7,3.844836773228097e-06,0.0,2.1614654510671015e-16,7.01264971815574,0.3316380709875375,0.8418509396724403,107.0,133.0,114.0,133.42100524902344
76.75,4.497084164427636e-06,0.0,2.1614654510671015e-16,7.01264971815574,0.3316380709875375,0.8418509396724403,107.0,133.0,114.0,133.42100524902344
76.80000000000001,0.0,0.0,2.1614654510671015e-16,7.01264971815574,0.3316380709875375,0.8418509396724403,107.0,133.0,114.0,133.42100524902344
76.85000000000001,5.835903865478733e-07,0.0,2.1614654510671015e-16,7.01264971815574,0.3316380709875375,0.8418509396724403,107.0,133.0,114.0,133.42100524902344
76.9,1.2015117057782783e-06,0.0,2.1614654510671015e-16,7.01264971815574,0.3316380709875375,0.8418509396724403,107.0,133.0,114.0,133.42100524902344
76.95,1.8880857395713727e-06,0.0,2.1614654510671015e-16,7.01264971815574,0.3316380709875375,0.8418509396724403,107.0,133.0,114.0,133.42100524902344
77.0,2.5060075517843917e-06,0.0,2.1614654510671015e-16,7.01264971815574,0.3316380709875375,0.8418509396724403,107.0,133.0,114.0,133.42100524902344
77.05000000000001,3.0552659991256203e-06,0.0,2.1614654510671015e-16,7.01264971815574,0.3316380709875375,0.8418509396724403,107.0,133.0,114.0,133.42100524902344
77.10000000000001,3.6388441445262766e-06,0.0,2.1614654510671015e-16,7.01264971815574,0.3316380709875375,0.8418509396724403,107.0,133.0,114.0,133.42100524902344
77.15,4.291092053834352e-06,0.0,2.1614654510671015e-16,7.01264971815574,0.3316380709875375,0.8418509396724403,107.0,133.0,114.0,133.42100524902344
77.2,4.943340064894389e-06,0.0,2.1614654510671015e-16,7.01264971815574,0.3316380709875375,0.8418509396724403,107.0,133.0,114.0,133.42100524902344
77.25,3.0896012799637223e-07,0.0,2.1614654510671015e-16,7.01264971815574,0.3316380709875375,0.8418509396724403,107.0,133.0,114.0,133.42100524902344
77.30000000000001,9.612094490465926e-07,0.0,2.1614654510671015e-16,7.01264971815574,0.3316380709875375,0.8418509396724403,107.0,133.0,114.0,133.42100524902344
77.35000000000001,1.6134567038329703e-06,0.0,2.1614654510671015e-16,7.01264971815574,0.3316380709875375,0.8418509396724403,107.0,133.0,114.0,133.42100524902344
77.4,2.2313743412586376e-06,0.0,2.1614654510671015e-16,7.01264971815574,0.3316380709875375,0.8418509396724403,107.0,133.0,114.0,133.42100524902344
77.45,2.883622858070938e-06,0.0,2.1614654510671015e-16,7.01264971815574,0.3316380709875375,0.8418509396724403,107.0,133.0,114.0,133.42100524902344
77.5,3.535870713229129e-06,0.0,2.1614654510671015e-16,7.01264971815574,0.3316380709875375,0.8418509396724403,107.0,133.0,114.0,133.42100524902344
77.55000000000001,4.18813313303013e-06,0.0,2.1614654510671015e-16,7.01264971815574,0.3316380709875375,0.8418509396724403,107.0,133.0,114.0,133.42100524902344
77.60000000000001,4.806036756336795e-06,0.0,2.1614654510671015e-16,7.01264971815574,0.3316380709875375,0.8418509396724403,107.0,133.0,114.0,133.42100524902344
77.65,1.0298675053683425e-07,0.0,2.1614654510671015e-16,7.01264971815574,0.3316380709875375,0.8418509396724403,107.0,133.0,114.0,133.42100524902344
77.7,7.209134331328216e-07,0.0,2.1614654510671015e-16,7.01264971815574,0.3316380709875375,0.8418509396724403,107.0,133.0,114.0,133.42100524902344
77.75,1.3731655710459795e-06,0.0,2.1614654510671015e-16,7.01264971815574,0.3316380709875375,0.8418509396724403,107.0,133.0,114.0,133.42100524902344
77.80000000000001,2.0254032416904847e-06,0.0,2.1614654510671015e-16,7.01264971815574,0.3316380709875375,0.8418509396724403,107.0,133.0,114.0,133.42100524902344
77.85000000000001,2.677655650692325e-06,0.0,2.1614654510671015e-16,7.01264971815574,0.3316380709875375,0.8418509396724403,107.0,133.0,114.0,133.42100524902344
77.9,3.3642272074644286e-06,0.0,2.1614654510671015e-16,7.01264971815574,0.3316380709875375,0.8418509396724403,107.0,133.0,114.0,133.42100524902344
77.95,3.982140341287267e-06,0.0,2.1614654510671015e-16,7.01264971815574,0.3316380709875375,0.8418509396724403,107.0,133.0,114.0,133.42100524902344
78.0,4.634389623090266e-06,0.0,2.1614654510671015e-16,7.01264971815574,0.3316380709875375,0.8418509396724403,107.0,133.0,114.0,133.42100524902344
78.05000000000001,5.252328088726392e-06,0.0,2.1614654510671015e-16,7.01264971815574,0.3316380709875375,0.8418509396724403,107.0,133.0,114.0,133.42100524902344
78.10000000000001,4.806214931014905e-07,0.0,2.1614654510671015e-16,7.01264971815574,0.3316380709875375,0.8418509396724403,107.0,133.0,114.0,133.42100524902344
78.15,1.1328516215596858e-06,0.0,2.1614654510671015e-16,7.01264971815574,0.3316380709875375,0.8418509396724403,107.0,133.0,114.0,133.42100524902344
78.2,1.7507732794141936e-06,0.0,2.1614654510671015e-16,7.01264971815574,0.3316380709875375,0.8418509396724403,107.0,133.0,114.0,133.42100524902344
78.25,2.4030231042534637e-06,0.0,2.1614654510671015e-16,7.01264971815574,0.3316380709875375,0.8418509396724403,107.0,133.0,114.0,133.42100524902344
78.30000000000001,3.0552660110896295e-06,0.0,2.1614654510671015e-16,7.01264971815574,0.3316380709875375,0.8418509396724403,107.0,133.0,114.0,133.42100524902344
78.35000000000001,3.7418420498475664e-06,0.0,2.1614654510671015e-16,7.01264971815574,0.3316380709875375,0.8418509396724403,107.0,133.0,114.0,133.42100524902344
78.4,4.394090426776886e-06,0.0,2.1614654510671015e-16,7.01264971815574,0.3316380709875375,0.8418509396724403,107.0,133.0,114.0,133.42100524902344
78.45,5.012028534897246e-06,0.0,2.1614654510671015e-16,7.01264971815574,0.3316380709875375,0.8418509396724403,107.0,133.0,114.0,133.42100524902344
78.5,2.403046536355908e-07,0.0,2.1614654510671015e-16,7.01264971815574,0.3316380709875375,0.8418509396724403,107.0,133.0,114.0,133.42100524902344
78.55000000000001,8.582320434944164e-07,0.0,2.1614654510671015e-16,7.01264971815574,0.3316380709875375,0.8418509396724403,107.0,133.0,114.0,133.42100524902344
78.60000000000001,1.5104762614169244e-06,0.0,2.1614654510671015e-16,7.01264971815574,0.3316380709875375,0.8418509396724403,107.0,133.0,114.0,133.42100524902344
78.65,2.128389046374248e-06,0.0,2.1614654510671015e-16,7.01264971815574,0.3316380709875375,0.8418509396724403,107.0,133.0,114.0,133.42100524902344
78.7,2.780640218653248e-06,0.0,2.1614654510671015e-16,7.01264971815574,0.3316380709875375,0.8418509396724403,107.0,133.0,114.0,133.42100524902344
78.75,3.4672142193444833e-06,0.0,2.1614654510671015e-16,7.01264971815574,0.3316380709875375,0.8418509396724403,107.0,133.0,114.0,133.42100524902344
78.80000000000001,4.119446031336073e-06,0.0,2.1614654510671015e-16,7.01264971815574,0.3316380709875375,0.8418509396724403,107.0,133.0,114.0,133.42100524902344
78.85000000000001,4.771692226651475e-06,0.0,2.1614654510671015e-16,7.01264971815574,0.3316380709875375,0.8418509396724403,107.0,133.0,114.0,133.42100524902344
78.9,0.0,0.0,2.1614654510671015e-16,7.01264971815574,0.3316380709875375,0.8418509396724403,107.0,133.0,114.0,133.42100524902344
78.95,5.149354976725384e-07,0.0,2.1614654510671015e-16,7.01264971815574,0.3316380709875375,0.8418509396724403,107.0,133.0,114.0,133.42100524902344
79.0,1.1328516164835366e-06,0.0,2.1614654510671015e-16,7.01264971815574,0.3316380709875375,0.8418509396724403,107.0,133.0,114.0,133.42100524902344
79.05000000000001,1.819429496773847e-06,0.0,2.1614654510671015e-16,7.01264971815574,0.3316380709875375,0.8418509396724403,107.0,133.0,114.0,133.42100524902344
79.10000000000001,2.471678247890424e-06,0.0,2.1614654510671015e-16,7.01264971815574,0.3316380709875375,0.8418509396724403,107.0,133.0,114.0,133.42100524902344
79.15,3.1239259202719593e-06,0.0,2.1614654510671015e-16,7.01264971815574,0.3316380709875375,0.8418509396724403,107.0,133.0,114.0,133.42100524902344
79.2,3.638845854087342e-06,0.0,2.1614654510671015e-16,7.01264971815574,0.3316380709875375,0.8418509396724403,107.0,133.0,114.0,133.42100524902344
79.25,4.291092549953933e-06,0.0,2.1614654510671015e-16,7.01264971815574,0.3316380709875375,0.8418509396724403,107.0,133.0,114.0,133.42100524902344
79.30000000000001,4.8060360089135026e-06,0.0,2.1614654510671015e-16,7.01264971815574,0.3316380709875375,0.8418509396724403,107.0,133.0,114.0,133.42100524902344
79.35000000000001,3.0896046732673595e-07,0.0,2.1614654510671015e-16,7.01264971815574,0.3316380709875375,0.8418509396724403,107.0,133.0,114.0,133.42100524902344
79.4,8.925519631059799e-07,0.0,2.1614654510671015e-16,7.01264971815574,0.3316380709875375,0.8418509396724403,107.0,133.0,114.0,133.42100524902344
79.45,1.5791258447234142e-06,0.0,2.1614654510671015e-16,7.01264971815574,0.3316380709875375,0.8418509396724403,107.0,133.0,114.0,133.42100524902344
79.5,2.2657056009371e-06,0.0,2.1614654510671015e-16,7.01264971815574,0.3316380709875375,0.8418509396724403,107.0,133.0,114.0,133.42100524902344
79.55000000000001,2.9179516921155018e-06,0.0,2.1614654510671015e-16,7.01264971815574,0.3316380709875375,0.8418509396724403,107.0,133.0,114.0,133.42100524902344
79.60000000000001,3.6045363789208574e-06,0.0,2.1614654510671015e-16,7.01264971815574,0.3316380709875375,0.8418509396724403,107.0,133.0,114.0,133.42100524902344
79.65,4.188134152263026e-06,0.0,2.1614654510671015e-16,7.01264971815574,0.3316380709875375,0.8418509396724403,107.0,133.0,114.0,133.42100524902344
79.7,4.806036077092412e-06,0.0,2.1614654510671015e-16,7.01264971815574,0.3316380709875375,0.8418509396724403,107.0,133.0,114.0,133.42100524902344
79.75,1.0298664292226102e-07,0.0,2.1614654510671015e-16,7.01264971815574,0.3316380709875375,0.8418509396724403,107.0,133.0,114.0,133.42100524902344
79.80000000000001,6.865793131403555e-07,0.0,2.1614654510671015e-16,7.01264971815574,0.3316380709875375,0.8418509396724403,107.0,133.0,114.0,133.42100524902344
79.85000000000001,1.235837768570361e-06,0.0,2.1614654510671015e-16,7.01264971815574,0.3316380709875375,0.8418509396724403,107.0,133.0,114.0,133.42100524902344
79.9,1.9224150049598093e-06,0.0,2.1614654510671015e-16,7.01264971815574,0.3316380709875375,0.8418509396724403,107.0,133.0,114.0,133.42100524902344
79.95,2.5746626415922827e-06,0.0,2.1614654510671015e-16,7.01264971815574,0.3316380709875375,0.8418509396724403,107.0,133.0,114.0,133.42100524902344
80.0,3.2612405890181116e-06,0.0,2.1614654510671015e-16,7.01264971815574,0.3316380709875375,0.8418509396724403,107.0,133.0,114.0,133.42100524902344
80.05000000000001,3.810492827194011e-06,0.0,2.1614654510671015e-16,7.01264971815574,0.3316380709875375,0.8418509396724403,107.0,133.0,114.0,133.42100524902344
80.10000000000001,4.4284320865545876e-06,0.0,2.1614654510671015e-16,7.01264971815574,0.3316380709875375,0.8418509396724403,107.0,133.0,114.0,133.42100524902344
80.15,4.97768460502204e-06,0.0,2.1614654510671015e-16,7.01264971815574,0.3316380709875375,0.8418509396724403,107.0,133.0,114.0,133.42100524902344
80.2,4.806214931014905e-07,0.0,2.1614654510671015e-16,7.01264971815574,0.3316380709875375,0.8418509396724403,107.0,133.0,114.0,133.42100524902344
80.25,1.1328516215596858e-06,0.0,2.1614654510671015e-16,7.01264971815574,0.3316380709875375,0.8418509396724403,107.0,133.0,114.0,133.42100524902344
80.30000000000001,1.7851063299122535e-06,0.0,2.1614654510671015e-16,7.01264971815574,0.3316380709875375,0.8418509396724403,107.0,133.0,114.0,133.42100524902344
80.35000000000001,2.47167988310712e-06,0.0,2.1614654510671015e-16,7.01264971815574,0.3316380709875375,0.8418509396724403,107.0,133.0,114.0,133.42100524902344
80.4,3.123927191657616e-06,0.0,2.1614654510671015e-16,7.01264971815574,0.3316380709875375,0.8418509396724403,107.0,133.0,114.0,133.42100524902344
80.45,3.776185045814464e-06,0.0,2.1614654510671015e-16,7.01264971815574,0.3316380709875375,0.8418509396724403,107.0,133.0,114.0,133.42100524902344
80.5,4.394091613628379e-06,0.0,2.1614654510671015e-16,7.01264971815574,0.3316380709875375,0.8418509396724403,107.0,133.0,114.0,133.42100524902344
80.55000000000001,5.080680796865878e-06,0.0,2.1614654510671015e-16,7.01264971815574,0.3316380709875375,0.8418509396724403,107.0,133.0,114.0,133.42100524902344
80.60000000000001,2.0597322486517354e-07,0.0,2.1614654510671015e-16,7.01264971815574,0.3316380709875375,0.8418509396724403,107.0,133.0,114.0,133.42100524902344
80.65,7.552333667243697e-07,0.0,2.1614654510671015e-16,7.01264971815574,0.3316380709875375,0.8418509396724403,107.0,133.0,114.0,133.42100524902344
80.7,1.4418108574905884e-06,0.0,2.1614654510671015e-16,7.01264971815574,0.3316380709875375,0.8418509396724403,107.0,133.0,114.0,133.42100524902344
80.75,2.0940592985469825e-06,0.0,2.1614654510671015e-16,7.01264971815574,0.3316380709875375,0.8418509396724403,107.0,133.0,114.0,133.42100524902344
80.80000000000001,2.711977271258729e-06,0.0,2.1614654510671015e-16,7.01264971815574,0.3316380709875375,0.8418509396724403,107.0,133.0,114.0,133.42100524902344
80.85000000000001,3.2269106985437554e-06,0.0,2.1614654510671015e-16,7.01264971815574,0.3316380709875375,0.8418509396724403,107.0,133.0,114.0,133.42100524902344
80.9,3.844836168698988e-06,0.0,2.1614654510671015e-16,7.01264971815574,0.3316380709875375,0.8418509396724403,107.0,133.0,114.0,133.42100524902344
80.95,4.531392133816475e-06,0.0,2.1614654510671015e-16,7.01264971815574,0.3316380709875375,0.8418509396724403,107.0,133.0,114.0,133.42100524902344
81.0,0.0,0.0,2.1614654510671015e-16,7.01264971815574,0.3316380709875375,0.8418509396724403,107.0,133.0,114.0,133.42100524902344
81.05000000000001,5.835903865478733e-07,0.0,2.1614654510671015e-16,7.01264971815574,0.3316380709875375,0.8418509396724403,107.0,133.0,114.0,133.42100524902344
81.10000000000001,1.2358377517812934e-06,0.0,2.1614654510671015e-16,7.01264971815574,0.3316380709875375,0.8418509396724403,107.0,133.0,114.0,133.42100524902344
81.15,1.922415160788698e-06,0.0,2.1614654510671015e-16,7.01264971815574,0.3316380709875375,0.8418509396724403,107.0,133.0,114.0,133.42100524902344
81.2,2.574662653256595e-06,0.0,2.1614654510671015e-16,7.01264971815574,0.3316380709875375,0.8418509396724403,107.0,133.0,114.0,133.42100524902344
81.25,3.158255485972962e-06,0.0,2.1614654510671015e-16,7.01264971815574,0.3316380709875375,0.8418509396724403,107.0,133.0,114.0,133.42100524902344
81.30000000000001,3.7418409050351637e-06,0.0,2.1614654510671015e-16,7.01264971815574,0.3316380709875375,0.8418509396724403,107.0,133.0,114.0,133.42100524902344
81.35000000000001,4.3940883182262656e-06,0.0,2.1614654510671015e-16,7.01264971815574,0.3316380709875375,0.8418509396724403,107.0,133.0,114.0,133.42100524902344
81.4,5.080680522834117e-06,0.0,2.1614654510671015e-16,7.01264971815574,0.3316380709875375,0.8418509396724403,107.0,133.0,114.0,133.42100524902344
81.45,4.119494412407432e-07,0.0,2.1614654510671015e-16,7.01264971815574,0.3316380709875375,0.8418509396724403,107.0,133.0,114.0,133.42100524902344
81.5,1.0641924609195691e-06,0.0,2.1614654510671015e-16,7.01264971815574,0.3316380709875375,0.8418509396724403,107.0,133.0,114.0,133.42100524902344
81.55000000000001,1.6477847853931358e-06,0.0,2.1614654510671015e-16,7.01264971815574,0.3316380709875375,0.8418509396724403,107.0,133.0,114.0,133.42100524902344
81.60000000000001,2.265703144453016e-06,0.0,2.1614654510671015e-16,7.01264971815574,0.3316380709875375,0.8418509396724403,107.0,133.0,114.0,133.42100524902344
81.65,2.9522811501862203e-06,0.0,2.1614654510671015e-16,7.01264971815574,0.3316380709875375,0.8418509396724403,107.0,133.0,114.0,133.42100524902344
81.7,3.4672141258094182e-06,0.0,2.1614654510671015e-16,7.01264971815574,0.3316380709875375,0.8418509396724403,107.0,133.0,114.0,133.42100524902344
81.75,4.153788021811471e-06,0.0,2.1614654510671015e-16,7.01264971815574,0.3316380709875375,0.8418509396724403,107.0,133.0,114.0,133.42100524902344
81.80000000000001,4.8060360054236675e-06,0.0,2.1614654510671015e-16,7.01264971815574,0.3316380709875375,0.8418509396724403,107.0,133.0,114.0,133.42100524902344
81.85000000000001,1.0298664292226102e-07,0.0,2.1614654510671015e-16,7.01264971815574,0.3316380709875375,0.8418509396724403,107.0,133.0,114.0,133.42100524902344
81.9,7.552332218373579e-07,0.0,2.1614654510671015e-16,7.01264971815574,0.3316380709875375,0.8418509396724403,107.0,133.0,114.0,133.42100524902344
81.95,1.4074812259892371e-06,0.0,2.1614654510671015e-16,7.01264971815574,0.3316380709875375,0.8418509396724403,107.0,133.0,114.0,133.42100524902344
82.0,1.991075124860705e-06,0.0,2.1614654510671015e-16,7.01264971815574,0.3316380709875375,0.8418509396724403,107.0,133.0,114.0,133.42100524902344
82.05000000000001,2.6089927159539106e-06,0.0,2.1614654510671015e-16,7.01264971815574,0.3316380709875375,0.8418509396724403,107.0,133.0,114.0,133.42100524902344
82.10000000000001,3.1925818490266526e-06,0.0,2.1614654510671015e-16,7.01264971815574,0.3316380709875375,0.8418509396724403,107.0,133.0,114.0,133.42100524902344
82.15,3.844836340749989e-06,0.0,2.1614654510671015e-16,7.01264971815574,0.3316380709875375,0.8418509396724403,107.0,133.0,114.0,133.42100524902344
82.2,4.53139253845952e-06,0.0,2.1614654510671015e-16,7.01264971815574,0.3316380709875375,0.8418509396724403,107.0,133.0,114.0,133.42100524902344
82.25,5.183639925240034e-06,0.0,2.1614654510671015e-16,7.01264971815574,0.3316380709875375,0.8418509396724403,107.0,133.0,114.0,133.42100524902344
82.30000000000001,4.462741715832139e-07,0.0,2.1614654510671015e-16,7.01264971815574,0.3316380709875375,0.8418509396724403,107.0,133.0,114.0,133.42100524902344
82.35000000000001,1.0985224860952628e-06,0.0,2.1614654510671015e-16,7.01264971815574,0.3316380709875375,0.8418509396724403,107.0,133.0,114.0,133.42100524902344
82.4,1.7850998217675615e-06,0.0,2.1614654510671015e-16,7.01264971815574,0.3316380709875375,0.8418509396724403,107.0,133.0,114.0,133.42100524902344
82.45,2.334363109329951e-06,0.0,2.1614654510671015e-16,7.01264971815574,0.3316380709875375,0.8418509396724403,107.0,133.0,114.0,133.42100524902344
82.5,2.917951516117105e-06,0.0,2.1614654510671015e-16,7.01264971815574,0.3316380709875375,0.8418509396724403,107.0,133.0,114.0,133.42100524902344
82.55000000000001,3.467214385235707e-06,0.0,2.1614654510671015e-16,7.01264971815574,0.3316380709875375,0.8418509396724403,107.0,133.0,114.0,133.42100524902344
82.60000000000001,4.1537881230444685e-06,0.0,2.1614654510671015e-16,7.01264971815574,0.3316380709875375,0.8418509396724403,107.0,133.0,114.0,133.42100524902344
82.65,4.771692000839856e-06,0.0,2.1614654510671015e-16,7.01264971815574,0.3316380709875375,0.8418509396724403,107.0,133.0,114.0,133.42100524902344
82.7,2.0597301268381537e-07,0.0,2.1614654510671015e-16,7.01264971815574,0.3316380709875375,0.8418509396724403,107.0,133.0,114.0,133.42100524902344
82.75,7.895634732806235e-07,0.0,2.1614654510671015e-16,7.01264971815574,0.3316380709875375,0.8418509396724403,107.0,133.0,114.0,133.42100524902344
82.80000000000001,1.4761411141074557e-06,0.0,2.1614654510671015e-16,7.01264971815574,0.3316380709875375,0.8418509396724403,107.0,133.0,114.0,133.42100524902344
82.85000000000001,2.0597291540510384e-06,0.0,2.1614654510671015e-16,7.01264971815574,0.3316380709875375,0.8418509396724403,107.0,133.0,114.0,133.42100524902344
82.9,2.5746625965405395e-06,0.0,2.1614654510671015e-16,7.01264971815574,0.3316380709875375,0.8418509396724403,107.0,133.0,114.0,133.42100524902344
82.95,3.226910482100389e-06,0.0,2.1614654510671015e-16,7.01264971815574,0.3316380709875375,0.8418509396724403,107.0,133.0,114.0,133.42100524902344
83.0,3.7761841016344833e-06,0.0,2.1614654510671015e-16,7.01264971815574,0.3316380709875375,0.8418509396724403,107.0,133.0,114.0,133.42100524902344
83.05000000000001,4.359779967405113e-06,0.0,2.1614654510671015e-16,7.01264971815574,0.3316380709875375,0.8418509396724403,107.0,133.0,114.0,133.42100524902344
83.10000000000001,0.0,0.0,2.1614654510671015e-16,7.01264971815574,0.3316380709875375,0.8418509396724403,107.0,133.0,114.0,133.42100524902344
83.15,6.179184297046e-07,0.0,2.1614654510671015e-16,7.01264971815574,0.3316380709875375,0.8418509396724403,107.0,133.0,114.0,133.42100524902344
83.2,1.2015116187274294e-06,0.0,2.1614654510671015e-16,7.01264971815574,0.3316380709875375,0.8418509396724403,107.0,133.0,114.0,133.42100524902344
83.25,1.819429809499641e-06,0.0,2.1614654510671015e-16,7.01264971815574,0.3316380709875375,0.8418509396724403,107.0,133.0,114.0,133.42100524902344
83.30000000000001,2.5060067213187067e-06,0.0,2.1614654510671015e-16,7.01264971815574,0.3316380709875375,0.8418509396724403,107.0,133.0,114.0,133.42100524902344
83.35000000000001,3.158254893678501e-06,0.0,2.1614654510671015e-16,7.01264971815574,0.3316380709875375,0.8418509396724403,107.0,133.0,114.0,133.42100524902344
83.4,3.7761841106643636e-06,0.0,2.1614654510671015e-16,7.01264971815574,0.3316380709875375,0.8418509396724403,107.0,133.0,114.0,133.42100524902344
83.45,4.359780418616866e-06,0.0,2.1614654510671015e-16,7.01264971815574,0.3316380709875375,0.8418509396724403,107.0,133.0,114.0,133.42100524902344
83.5,5.01202951882258e-06,0.0,2.1614654510671015e-16,7.01264971815574,0.3316380709875375,0.8418509396724403,107.0,133.0,114.0,133.42100524902344
83.55000000000001,4.1196089955619965e-07,0.0,2.1614654510671015e-16,7.01264971815574,0.3316380709875375,0.8418509396724403,107.0,133.0,114.0,133.42100524902344
83.60000000000001,1.0641924635128746e-06,0.0,2.1614654510671015e-16,7.01264971815574,0.3316380709875375,0.8418509396724403,107.0,133.0,114.0,133.42100524902344
83.65,1.682119842357719e-06,0.0,2.1614654510671015e-16,7.01264971815574,0.3316380709875375,0.8418509396724403,107.0,133.0,114.0,133.42100524902344
83.7,2.3343646513262926e-06,0.0,2.1614654510671015e-16,7.01264971815574,0.3316380709875375,0.8418509396724403,107.0,133.0,114.0,133.42100524902344
83.75,2.9179519128230195e-06,0.0,2.1614654510671015e-16,7.01264971815574,0.3316380709875375,0.8418509396724403,107.0,133.0,114.0,133.42100524902344
83.80000000000001,3.570201526589006e-06,0.0,2.1614654510671015e-16,7.01264971815574,0.3316380709875375,0.8418509396724403,107.0,133.0,114.0,133.42100524902344
83.85000000000001,4.222441408018837e-06,0.0,2.1614654510671015e-16,7.01264971815574,0.3316380709875375,0.8418509396724403,107.0,133.0,114.0,133.42100524902344
83.9,4.874688282004877e-06,0.0,2.1614654510671015e-16,7.01264971815574,0.3316380709875375,0.8418509396724403,107.0,133.0,114.0,133.42100524902344
83.95,1.3731556483615243e-07,0.0,2.1614654510671015e-16,7.01264971815574,0.3316380709875375,0.8418509396724403,107.0,133.0,114.0,133.42100524902344
84.0,7.552341074788714e-07,0.0,2.1614654510671015e-16,7.01264971815574,0.3316380709875375,0.8418509396724403,107.0,133.0,114.0,133.42100524902344
84.05000000000001,1.4418122588225811e-06,0.0,2.1614654510671015e-16,7.01264971815574,0.3316380709875375,0.8418509396724403,107.0,133.0,114.0,133.42100524902344
84.10000000000001,2.0940590275824534e-06,0.0,2.1614654510671015e-16,7.01264971815574,0.3316380709875375,0.8418509396724403,107.0,133.0,114.0,133.42100524902344
84.15,2.6776512413654226e-06,0.0,2.1614654510671015e-16,7.01264971815574,0.3316380709875375,0.8418509396724403,107.0,133.0,114.0,133.42100524902344
84.2,3.2955695399848206e-06,0.0,2.1614654510671015e-16,7.01264971815574,0.3316380709875375,0.8418509396724403,107.0,133.0,114.0,133.42100524902344
84.25,3.9821398868925834e-06,0.0,2.1614654510671015e-16,7.01264971815574,0.3316380709875375,0.8418509396724403,107.0,133.0,114.0,133.42100524902344
84.30000000000001,4.600080138877298e-06,0.0,2.1614654510671015e-16,7.01264971815574,0.3316380709875375,0.8418509396724403,107.0,133.0,114.0,133.42100524902344
84.35000000000001,5.149332173929043e-06,0.0,2.1614654510671015e-16,7.01264971815574,0.3316380709875375,0.8418509396724403,107.0,133.0,114.0,133.42100524902344
84.4,4.462741911162688e-07,0.0,2.1614654510671015e-16,7.01264971815574,0.3316380709875375,0.8418509396724403,107.0,133.0,114.0,133.42100524902344
84.45,1.0641928093863779e-06,0.0,2.1614654510671015e-16,7.01264971815574,0.3316380709875375,0.8418509396724403,107.0,133.0,114.0,133.42100524902344
84.5,1.6821147709433539e-06,0.0,2.1614654510671015e-16,7.01264971815574,0.3316380709875375,0.8418509396724403,107.0,133.0,114.0,133.42100524902344
84.55000000000001,2.2657031570817875e-06,0.0,2.1614654510671015e-16,7.01264971815574,0.3316380709875375,0.8418509396724403,107.0,133.0,114.0,133.42100524902344
84.60000000000001,2.8836222340823915e-06,0.0,2.1614654510671015e-16,7.01264971815574,0.3316380709875375,0.8418509396724403,107.0,133.0,114.0,133.42100524902344
84.65,3.5701998899943087e-06,0.0,2.1614654510671015e-16,7.01264971815574,0.3316380709875375,0.8418509396724403,107.0,133.0,114.0,133.42100524902344
84.7,4.222440983378837e-06,0.0,2.1614654510671015e-16,7.01264971815574,0.3316380709875375,0.8418509396724403,107.0,133.0,114.0,133.42100524902344
84.75,4.806036287985244e-06,0.0,2.1614654510671015e-16,7.01264971815574,0.3316380709875375,0.8418509396724403,107.0,133.0,114.0,133.42100524902344
84.80000000000001,2.4030465363558615e-07,0.0,2.1614654510671015e-16,7.01264971815574,0.3316380709875375,0.8418509396724403,107.0,133.0,114.0,133.42100524902344
84.85000000000001,8.238940727914435e-07,0.0,2.1614654510671015e-16,7.01264971815574,0.3316380709875375,0.8418509396724403,107.0,133.0,114.0,133.42100524902344
84.9,1.4418112845012129e-06,0.0,2.1614654510671015e-16,7.01264971815574,0.3316380709875375,0.8418509396724403,107.0,133.0,114.0,133.42100524902344
84.95,2.128389079248589e-06,0.0,2.1614654510671015e-16,7.01264971815574,0.3316380709875375,0.8418509396724403,107.0,133.0,114.0,133.42100524902344
85.0,2.7463068407610944e-06,0.0,2.1614654510671015e-16,7.01264971815574,0.3316380709875375,0.8418509396724403,107.0,133.0,114.0,133.42100524902344
85.05000000000001,3.2612402092970454e-06,0.0,2.1614654510671015e-16,7.01264971815574,0.3316380709875375,0.8418509396724403,107.0,133.0,114.0,133.42100524902344
85.10000000000001,3.844836192512078e-06,0.0,2.1614654510671015e-16,7.01264971815574,0.3316380709875375,0.8418509396724403,107.0,133.0,114.0,133.42100524902344
85.15,4.497084079315018e-06,0.0,2.1614654510671015e-16,7.01264971815574,0.3316380709875375,0.8418509396724403,107.0,133.0,114.0,133.42100524902344
85.2,0.0,0.0,2.1614654510671015e-16,7.01264971815574,0.3316380709875375,0.8418509396724403,107.0,133.0,114.0,133.42100524902344
85.25,6.865792064577579e-07,0.0,2.1614654510671015e-16,7.01264971815574,0.3316380709875375,0.8418509396724403,107.0,133.0,114.0,133.42100524902344
85.30000000000001,1.235839301916683e-06,0.0,2.1614654510671015e-16,7.01264971815574,0.3316380709875375,0.8418509396724403,107.0,133.0,114.0,133.42100524902344
85.35000000000001,1.8537597998928726e-06,0.0,2.1614654510671015e-16,7.01264971815574,0.3316380709875375,0.8418509396724403,107.0,133.0,114.0,133.42100524902344
85.4,2.4030179979737784e-06,0.0,2.1614654510671015e-16,7.01264971815574,0.3316380709875375,0.8418509396724403,107.0,133.0,114.0,133.42100524902344
85.45,3.0552660225708756e-06,0.0,2.1614654510671015e-16,7.01264971815574,0.3316380709875375,0.8418509396724403,107.0,133.0,114.0,133.42100524902344
85.5,3.741840071460217e-06,0.0,2.1614654510671015e-16,7.01264971815574,0.3316380709875375,0.8418509396724403,107.0,133.0,114.0,133.42100524902344
85.55000000000001,4.394088291252145e-06,0.0,2.1614654510671015e-16,7.01264971815574,0.3316380709875375,0.8418509396724403,107.0,133.0,114.0,133.42100524902344
85.60000000000001,4.909032142164271e-06,0.0,2.1614654510671015e-16,7.01264971815574,0.3316380709875375,0.8418509396724403,107.0,133.0,114.0,133.42100524902344
85.65,3.4328934548425176e-07,0.0,2.1614654510671015e-16,7.01264971815574,0.3316380709875375,0.8418509396724403,107.0,133.0,114.0,133.42100524902344
85.7,9.268800759413192e-07,0.0,2.1614654510671015e-16,7.01264971815574,0.3316380709875375,0.8418509396724403,107.0,133.0,114.0,133.42100524902344
85.75,1.5447997639724812e-06,0.0,2.1614654510671015e-16,7.01264971815574,0.3316380709875375,0.8418509396724403,107.0,133.0,114.0,133.42100524902344
85.80000000000001,2.1970446075009023e-06,0.0,2.1614654510671015e-16,7.01264971815574,0.3316380709875375,0.8418509396724403,107.0,133.0,114.0,133.42100524902344
85.85000000000001,2.883622914322544e-06,0.0,2.1614654510671015e-16,7.01264971815574,0.3316380709875375,0.8418509396724403,107.0,133.0,114.0,133.42100524902344
85.9,3.4328846753064127e-06,0.0,2.1614654510671015e-16,7.01264971815574,0.3316380709875375,0.8418509396724403,107.0,133.0,114.0,133.42100524902344
85.95,3.982140175604338e-06,0.0,2.1614654510671015e-16,7.01264971815574,0.3316380709875375,0.8418509396724403,107.0,133.0,114.0,133.42100524902344
86.0,4.600081168393303e-06,0.0,2.1614654510671015e-16,7.01264971815574,0.3316380709875375,0.8418509396724403,107.0,133.0,114.0,133.42100524902344
86.05000000000001,1.3731556483615243e-07,0.0,2.1614654510671015e-16,7.01264971815574,0.3316380709875375,0.8418509396724403,107.0,133.0,114.0,133.42100524902344
86.10000000000001,7.895648046595132e-07,0.0,2.1614654510671015e-16,7.01264971815574,0.3316380709875375,0.8418509396724403,107.0,133.0,114.0,133.42100524902344
86.15,1.3731574029288103e-06,0.0,2.1614654510671015e-16,7.01264971815574,0.3316380709875375,0.8418509396724403,107.0,133.0,114.0,133.42100524902344
86.2,2.025405896315148e-06,0.0,2.1614654510671015e-16,7.01264971815574,0.3316380709875375,0.8418509396724403,107.0,133.0,114.0,133.42100524902344
86.25,2.6776540666886495e-06,0.0,2.1614654510671015e-16,7.01264971815574,0.3316380709875375,0.8418509396724403,107.0,133.0,114.0,133.42100524902344
86.30000000000001,3.329899322530473e-06,0.0,2.1614654510671015e-16,7.01264971815574,0.3316380709875375,0.8418509396724403,107.0,133.0,114.0,133.42100524902344
86.35000000000001,3.9821404037895496e-06,0.0,2.1614654510671015e-16,7.01264971815574,0.3316380709875375,0.8418509396724403,107.0,133.0,114.0,133.42100524902344
86.4,4.565737478710073e-06,0.0,2.1614654510671015e-16,7.01264971815574,0.3316380709875375,0.8418509396724403,107.0,133.0,114.0,133.42100524902344
86.45,5.217984476783996e-06,0.0,2.1614654510671015e-16,7.01264971815574,0.3316380709875375,0.8418509396724403,107.0,133.0,114.0,133.42100524902344
86.5,4.806068378238874e-07,0.0,2.1614654510671015e-16,7.01264971815574,0.3316380709875375,0.8418509396724403,107.0,133.0,114.0,133.42100524902344
86.55000000000001,1.1328546393798342e-06,0.0,2.1614654510671015e-16,7.01264971815574,0.3316380709875375,0.8418509396724403,107.0,133.0,114.0,133.42100524902344
86.60000000000001,1.785102958559342e-06,0.0,2.1614654510671015e-16,7.01264971815574,0.3316380709875375,0.8418509396724403,107.0,133.0,114.0,133.42100524902344
86.65,2.4716784151613307e-06,0.0,2.1614654510671015e-16,7.01264971815574,0.3316380709875375,0.8418509396724403,107.0,133.0,114.0,133.42100524902344
86.7,3.0552667837727555e-06,0.0,2.1614654510671015e-16,7.01264971815574,0.3316380709875375,0.8418509396724403,107.0,133.0,114.0,133.42100524902344
86.75,3.707533867924733e-06,0.0,2.1614654510671015e-16,7.01264971815574,0.3316380709875375,0.8418509396724403,107.0,133.0,114.0,133.42100524902344
86.80000000000001,4.325436209059862e-06,0.0,2.1614654510671015e-16,7.01264971815574,0.3316380709875375,0.8418509396724403,107.0,133.0,114.0,133.42100524902344
86.85000000000001,4.943343953052188e-06,0.0,2.1614654510671015e-16,7.01264971815574,0.3316380709875375,0.8418509396724403,107.0,133.0,114.0,133.42100524902344
86.9,2.4030465363558615e-07,0.0,2.1614654510671015e-16,7.01264971815574,0.3316380709875375,0.8418509396724403,107.0,133.0,114.0,133.42100524902344
86.95,8.239034140676262e-07,0.0,2.1614654510671015e-16,7.01264971815574,0.3316380709875375,0.8418509396724403,107.0,133.0,114.0,133.42100524902344
87.0,1.5104736482856588e-06,0.0,2.1614654510671015e-16,7.01264971815574,0.3316380709875375,0.8418509396724403,107.0,133.0,114.0,133.42100524902344
87.05000000000001,2.1283890463293307e-06,0.0,2.1614654510671015e-16,7.01264971815574,0.3316380709875375,0.8418509396724403,107.0,133.0,114.0,133.42100524902344
87.10000000000001,2.8149695700179847e-06,0.0,2.1614654510671015e-16,7.01264971815574,0.3316380709875375,0.8418509396724403,107.0,133.0,114.0,133.42100524902344
87.15,3.5015409576470977e-06,0.0,2.1614654510671015e-16,7.01264971815574,0.3316380709875375,0.8418509396724403,107.0,133.0,114.0,133.42100524902344
87.2,4.1537886255067236e-06,0.0,2.1614654510671015e-16,7.01264971815574,0.3316380709875375,0.8418509396724403,107.0,133.0,114.0,133.42100524902344
87.25,4.806037379279565e-06,0.0,2.1614654510671015e-16,7.01264971815574,0.3316380709875375,0.8418509396724403,107.0,133.0,114.0,133.42100524902344
87.30000000000001,0.0,0.0,2.1614654510671015e-16,7.01264971815574,0.3316380709875375,0.8418509396724403,107.0,133.0,114.0,133.42100524902344
87.35000000000001,5.149354976725384e-07,0.0,2.1614654510671015e-16,7.01264971815574,0.3316380709875375,0.8418509396724403,107.0,133.0,114.0,133.42100524902344
87.4,1.1328526123590465e-06,0.0,2.1614654510671015e-16,7.01264971815574,0.3316380709875375,0.8418509396724403,107.0,133.0,114.0,133.42100524902344
87.45,1.7850996468719434e-06,0.0,2.1614654510671015e-16,7.01264971815574,0.3316380709875375,0.8418509396724403,107.0,133.0,114.0,133.42100524902344
87.5,2.4716772116394705e-06,0.0,2.1614654510671015e-16,7.01264971815574,0.3316380709875375,0.8418509396724403,107.0,133.0,114.0,133.42100524902344
87.55000000000001,3.08959569622569e-06,0.0,2.1614654510671015e-16,7.01264971815574,0.3316380709875375,0.8418509396724403,107.0,133.0,114.0,133.42100524902344
87.60000000000001,3.604536027421472e-06,0.0,2.1614654510671015e-16,7.01264971815574,0.3316380709875375,0.8418509396724403,107.0,133.0,114.0,133.42100524902344
87.65,4.119444526544445e-06,0.0,2.1614654510671015e-16,7.01264971815574,0.3316380709875375,0.8418509396724403,107.0,133.0,114.0,133.42100524902344
87.7,4.737384202597149e-06,0.0,2.1614654510671015e-16,7.01264971815574,0.3316380709875375,0.8418509396724403,107.0,133.0,114.0,133.42100524902344
87.75,3.776188037219167e-07,0.0,2.1614654510671015e-16,7.01264971815574,0.3316380709875375,0.8418509396724403,107.0,133.0,114.0,133.42100524902344
87.80000000000001,1.0298665158497647e-06,0.0,2.1614654510671015e-16,7.01264971815574,0.3316380709875375,0.8418509396724403,107.0,133.0,114.0,133.42100524902344
87.85000000000001,1.5448012398319227e-06,0.0,2.1614654510671015e-16,7.01264971815574,0.3316380709875375,0.8418509396724403,107.0,133.0,114.0,133.42100524902344
87.9,2.1970451484875595e-06,0.0,2.1614654510671015e-16,7.01264971815574,0.3316380709875375,0.8418509396724403,107.0,133.0,114.0,133.42100524902344
87.95,2.814966076366997e-06,0.0,2.1614654510671015e-16,7.01264971815574,0.3316380709875375,0.8418509396724403,107.0,133.0,114.0,133.42100524902344
88.0,3.501545515608309e-06,0.0,2.1614654510671015e-16,7.01264971815574,0.3316380709875375,0.8418509396724403,107.0,133.0,114.0,133.42100524902344
88.05000000000001,4.188165547429795e-06,0.0,2.1614654510671015e-16,7.01264971815574,0.3316380709875375,0.8418509396724403,107.0,133.0,114.0,133.42100524902344
88.10000000000001,4.703080106097088e-06,0.0,2.1614654510671015e-16,7.01264971815574,0.3316380709875375,0.8418509396724403,107.0,133.0,114.0,133.42100524902344
88.15,1.3731586688068596e-07,0.0,2.1614654510671015e-16,7.01264971815574,0.3316380709875375,0.8418509396724403,107.0,133.0,114.0,133.42100524902344
88.2,8.240093082947452e-07,0.0,2.1614654510671015e-16,7.01264971815574,0.3316380709875375,0.8418509396724403,107.0,133.0,114.0,133.42100524902344
88.25,1.409490992248692e-06,0.0,2.1614654510671015e-16,7.01264971815574,0.3316380709875375,0.8418509396724403,107.0,133.0,114.0,133.42100524902344
88.30000000000001,2.026477563965615e-06,0.0,2.1614654510671015e-16,7.01264971815574,0.3316380709875375,0.8418509396724403,107.0,133.0,114.0,133.42100524902344
88.35000000000001,1.3732354918696048e-06,0.0,2.1614654510671015e-16,7.01264971815574,0.3316380709875375,0.8418509396724403,107.0,133.0,114.0,133.42100524902344
88.4,3.330116110330117e-06,0.0,2.1614654510671015e-16,7.01264971815574,0.3316380709875375,0.8418509396724403,107.0,133.0,114.0,133.42100524902344
88.45,2.7122497362354557e-06,0.0,2.1614654510671015e-16,7.01264971815574,0.3316380709875375,0.8418509396724403,107.0,133.0,114.0,133.42100524902344
88.5,3.3644036697551083e-06,0.0,2.1614654510671015e-16,7.01264971815574,0.3316380709875375,0.8418509396724403,107.0,133.0,114.0,133.42100524902344
88.55000000000001,4.05091471078232e-06,0.0,2.1614654510671015e-16,7.01264971815574,0.3316380709875375,0.8418509396724403,107.0,133.0,114.0,133.42100524902344
88.60000000000001,5.835925526976508e-07,0.0,2.1614654510671015e-16,7.01264971815574,0.3316380709875375,0.8418509396724403,107.0,133.0,114.0,133.42100524902344
88.65,1.2701670632784585e-06,0.0,2.1614654510671015e-16,7.01264971815574,0.3316380709875375,0.8418509396724403,107.0,133.0,114.0,133.42100524902344
88.7,6.523014592732742e-07,0.0,2.1614654510671015e-16,7.01264971815574,0.3316380709875375,0.8418509396724403,107.0,133.0,114.0,133.42100524902344
88.75,2.6090362606631245e-06,0.0,2.1614654510671015e-16,7.01264971815574,0.3316380709875375,0.8418509396724403,107.0,133.0,114.0,133.42100524902344
88.80000000000001,3.226926008648613e-06,0.0,2.1614654510671015e-16,7.01264971815574,0.3316380709875375,0.8418509396724403,107.0,133.0,114.0,133.42100524902344
88.85000000000001,3.8105327458345924e-06,0.0,2.1614654510671015e-16,7.01264971815574,0.3316380709875375,0.8418509396724403,107.0,133.0,114.0,133.42100524902344
88.9,3.124007181014273e-06,0.0,2.1614654510671015e-16,7.01264971815574,0.3316380709875375,0.8418509396724403,107.0,133.0,114.0,133.42100524902344
88.95,3.7763178811481436e-06,0.0,2.1614654510671015e-16,7.01264971815574,0.3316380709875375,0.8418509396724403,107.0,133.0,114.0,133.42100524902344
89.0,2.0597623424803292e-07,0.0,2.1614654510671015e-16,7.01264971815574,0.3316380709875375,0.8418509396724403,107.0,133.0,114.0,133.42100524902344
89.05000000000001,8.239246987937027e-07,0.0,2.1614654510671015e-16,7.01264971815574,0.3316380709875375,0.8418509396724403,107.0,133.0,114.0,133.42100524902344
89.10000000000001,1.4418714667237542e-06,0.0,2.1614654510671015e-16,7.01264971815574,0.3316380709875375,0.8418509396724403,107.0,133.0,114.0,133.42100524902344
89.15,2.094200806602722e-06,0.0,2.1614654510671015e-16,7.01264971815574,0.3316380709875375,0.8418509396724403,107.0,133.0,114.0,133.42100524902344
89.2,2.780759501745829e-06,0.0,2.1614654510671015e-16,7.01264971815574,0.3316380709875375,0.8418509396724403,107.0,133.0,114.0,133.42100524902344
89.25,3.4673284592124797e-06,0.0,2.1614654510671015e-16,7.01264971815574,0.3316380709875375,0.8418509396724403,107.0,133.0,114.0,133.42100524902344
89.30000000000001,2.883659004616914e-06,0.0,2.1614654510671015e-16,7.01264971815574,0.3316380709875375,0.8418509396724403,107.0,133.0,114.0,133.42100524902344
89.35000000000001,4.806531699273849e-06,0.0,2.1614654510671015e-16,7.01264971815574,0.3316380709875375,0.8418509396724403,107.0,133.0,114.0,133.42100524902344
89.4,0.0,0.0,2.1614654510671015e-16,7.01264971815574,0.3316380709875375,0.8418509396724403,107.0,133.0,114.0,133.42100524902344
89.45,6.866623302203017e-07,0.0,2.1614654510671015e-16,7.01264971815574,0.3316380709875375,0.8418509396724403,107.0,133.0,114.0,133.42100524902344
89.5,1.304702416529257e-06,0.0,2.1614654510671015e-16,7.01264971815574,0.3316380709875375,0.8418509396724403,107.0,133.0,114.0,133.42100524902344
89.55000000000001,1.9235608718703176e-06,0.0,2.1614654510671015e-16,7.01264971815574,0.3316380709875375,0.8418509396724403,107.0,133.0,114.0,133.42100524902344
89.60000000000001,1.3047620398444745e-06,0.0,2.1614654510671015e-16,7.01264971815574,0.3316380709875375,0.8418509396724403,107.0,133.0,114.0,133.42100524902344
89.65,3.2613433059742152e-06,0.0,2.1614654510671015e-16,7.01264971815574,0.3316380709875375,0.8418509396724403,107.0,133.0,114.0,133.42100524902344
89.7,3.913930346569895e-06,0.0,2.1614654510671015e-16,7.01264971815574,0.3316380709875375,0.8418509396724403,107.0,133.0,114.0,133.42100524902344
89.75,3.295680425241175e-06,0.0,2.1614654510671015e-16,7.01264971815574,0.3316380709875375,0.8418509396724403,107.0,133.0,114.0,133.42100524902344
89.80000000000001,3.947878336711572e-06,0.0,2.1614654510671015e-16,7.01264971815574,0.3316380709875375,0.8418509396724403,107.0,133.0,114.0,133.42100524902344
89.85000000000001,3.43296176239882e-07,0.0,2.1614654510671015e-16,7.01264971815574,0.3316380709875375,0.8418509396724403,107.0,133.0,114.0,133.42100524902344
89.9,9.61244397632826e-07,0.0,2.1614654510671015e-16,7.01264971815574,0.3316380709875375,0.8418509396724403,107.0,133.0,114.0,133.42100524902344
89.95,1.6478073011553065e-06,0.0,2.1614654510671015e-16,7.01264971815574,0.3316380709875375,0.8418509396724403,107.0,133.0,114.0,133.42100524902344
90.0,2.334409738905845e-06,0.0,2.1614654510671015e-16,7.01264971815574,0.3316380709875375,0.8418509396724403,107.0,133.0,114.0,133.42100524902344
90.05000000000001,2.953363357013501e-06,0.0,2.1614654510671015e-16,7.01264971815574,0.3316380709875375,0.8418509396724403,107.0,133.0,114.0,133.42100524902344
90.10000000000001,2.334386856630544e-06,0.0,2.1614654510671015e-16,7.01264971815574,0.3316380709875375,0.8418509396724403,107.0,133.0,114.0,133.42100524902344
