Time (s),Ego Speed (km/h),Lead Speed (km/h),Smoothed Lead Speed (km/h),Distance Between (m),Ego Distance Covered (m),Lead Vehicle Distance Covered (m),Ego X (m),Ego Y (m),Lead X (m),Lead Y (m)
0.0,8.808552074432374,7.056000137329102,7.056000137329102,17.008180773535738,0.0,0.0,107.0,133.0,124.0,133.4250030517578
0.05,8.17365560544142,8.820000171661377,7.938000154495239,17.008462103682305,0.12765920162200928,0.11269998550415039,107.0,133.0,124.0,133.4250030517578
0.1,4.180355787306508,10.584000205993652,8.820000171661377,17.007425475164258,0.20564299821853638,0.2498999983072281,107.0,133.0,124.0,133.4250030517578
0.15000000000000002,1.821484708794148,10.747439861297629,9.30186009407044,17.005970832940758,0.24262429773807526,0.40529029071331024,107.0,133.0,124.0,133.4250030517578
0.2,0.48326759934861835,7.768655776977541,8.995219230651859,17.005355261383432,0.25589120015501976,0.5298077911138535,107.0,133.0,124.0,133.4250030517578
0.25,0.22904064059339668,4.894812154769908,8.311818051338202,17.00537115565154,0.2561344988644123,0.6134719923138618,107.0,133.0,124.0,133.4250030517578
0.30000000000000004,0.5667552173138005,0.2858883509983007,7.165256665575358,17.005499425005404,0.26244330033659935,0.6421069949865341,107.0,133.0,124.0,133.4250030517578
0.35000000000000003,0.6878304004669763,1.260133334573056,6.42711624920007,17.005484053519897,0.2715005986392498,0.6545059978961945,107.0,133.0,124.0,133.4250030517578
0.4,0.6899400115016578,1.8184629641215373,5.915043661969122,17.005431088157366,0.28116450086236,0.6770130023360252,107.0,133.0,124.0,133.4250030517578
0.45,0.6322068035604534,2.026972871978765,5.526236582970086,17.005372697051914,0.2903091013431549,0.7043372020125389,107.0,133.0,124.0,133.4250030517578
0.5,0.5493815839304547,1.968872116568315,5.017523780894008,17.005331151743718,0.29841409996151924,0.7322818972170353,107.0,133.0,124.0,133.4250030517578
0.55,0.4610340178017785,1.7295322139274503,4.308476985120615,17.005313197652406,0.30530709959566593,0.7578396983444691,107.0,133.0,124.0,133.4250030517578
0.6000000000000001,0.37743838727534945,1.387140070533253,3.3887909715745748,17.005313910408503,0.3110048994421959,0.7791417986154556,107.0,133.0,124.0,133.4250030517578
0.65,0.3033572494985249,1.0069669496472946,2.4147436804095412,17.005323662750826,0.31561779975891113,0.7953073885291815,107.0,133.0,124.0,133.4250030517578
0.7000000000000001,0.24035653173954474,0.6386228281153604,1.7017403855233233,17.0053337960685,0.3192934999242425,0.8062361981719732,107.0,133.0,124.0,133.4250030517578
0.75,0.18827819824219819,0.3157472793040423,1.2438338979767365,17.005339356769564,0.32218606024980545,0.8123878985643387,107.0,133.0,124.0,133.4250030517578
0.8,0.14611643403771088,0.05750396858834732,1.2209954597357413,17.005339222735984,0.3244393300265074,0.8145666979253292,107.0,133.0,124.0,133.4250030517578
0.8500000000000001,0.1125230401764511,0.12993203008830007,1.1079753292872656,17.005334798205492,0.326180009637028,0.8153952974826097,107.0,133.0,124.0,133.4250030517578
0.9,0.08608571961524407,0.24809026433017028,0.9509380593081289,17.005328414887526,0.3275153497233987,0.8182502966374159,107.0,133.0,124.0,133.4250030517578
0.9500000000000001,0.06549263745556316,0.3060045080110389,0.7788412229113563,17.00532214204555,0.32853348983917385,0.8222386967390776,107.0,133.0,124.0,133.4250030517578
1.0,0.04957991950219218,0.31578104382813627,0.6135321156373384,17.005317224547156,0.3293059298302978,0.826619797386229,107.0,133.0,124.0,133.4250030517578
1.05,0.03738275840878736,0.2907933105346151,0.46965822529805495,17.00531405044818,0.3298892308375798,0.8308340273797512,107.0,133.0,124.0,133.4250030517578
1.1,0.028077551722737838,0.24392635226663864,0.35533685347139354,17.00531240744278,0.330328035808634,0.8345059771090746,107.0,133.0,124.0,133.4250030517578
1.1500000000000001,0.02101870849730227,0.18643074620960082,0.2732832331276242,17.005311811875778,0.33065697678830475,0.8374267369508743,107.0,133.0,124.0,133.4250030517578
1.2000000000000002,0.0,0.12728264385513025,0.22214921470160118,17.00531175729491,0.33065697678830475,0.8395257000811398,107.0,133.0,124.0,133.4250030517578
1.25,0.005313564185596264,0.07293911418952835,0.19786839819014979,17.005311885759223,0.3309158807969652,0.8408361971378326,107.0,133.0,124.0,133.4250030517578
1.3,0.00669783591293202,0.027445366237740857,0.19486253795508915,17.00531199184896,0.33100308480788954,0.8414612771011889,107.0,133.0,124.0,133.4250030517578
1.35,0.006825455836971079,0.0072450133048761025,0.18259383627674675,17.005312022674435,0.3310981467657257,0.8415422970429063,107.0,133.0,124.0,133.4250030517578
1.4000000000000001,0.006304751895511314,0.030857520856162612,0.16087056192934596,17.005311984804774,0.3311890887853224,0.8418510870542377,107.0,133.0,124.0,133.4250030517578
1.4500000000000002,0.005510520050304082,0.0,0.13027011112824208,17.005311998563826,0.33127011379110627,0.8418510870542377,107.0,133.0,124.0,133.4250030517578
1.5,0.004642667854211314,0.0,0.09869200674542844,17.00531201063372,0.3313393887656275,0.8418510870542377,107.0,133.0,124.0,133.4250030517578
1.55,0.0038070361131784932,0.0,0.06961267569196693,17.00531202085036,0.3313967997964937,0.8418510870542377,107.0,133.0,124.0,133.4250030517578
1.6,0.0030677292030338718,0.0,0.04522004046530307,17.00531202928146,0.3314433768100571,0.8418510870542377,107.0,133.0,124.0,133.4250030517578
1.6500000000000001,0.0008348760099500089,0.0,0.026576965844342985,17.005312031799022,0.3314571497903671,0.8418510870542377,107.0,133.0,124.0,133.4250030517578
1.7000000000000002,0.001298246370080222,0.0,0.013848701458829962,17.005312034726604,0.33147308984189294,0.8418510870542377,107.0,133.0,124.0,133.4250030517578
1.75,0.0014144183953880352,0.0,0.006554790039877127,17.0053120382931,0.3314923997677397,0.8418510870542377,107.0,133.0,124.0,133.4250030517578
1.8,0.001357981156481726,0.0,0.0038102534161030418,17.00531204187969,0.3315116997982841,0.8418510870542377,107.0,133.0,124.0,133.4250030517578
1.85,0.0012115692198171669,0.0,0.0030857520856154316,17.005312045180702,0.3315293597697746,0.8418510870542377,107.0,133.0,124.0,133.4250030517578
1.9000000000000001,0.0010339163476722338,0.0,0.0,17.005312048068568,0.33154472973546945,0.8418510870542377,107.0,133.0,124.0,133.4250030517578
1.9500000000000002,0.0008582903841738705,0.0,0.0,17.00531205050313,0.3315576298336964,0.8418510870542377,107.0,133.0,124.0,133.4250030517578
2.0,0.0006978708237007226,0.0,0.0,17.005312052497636,0.3315681598323863,0.8418510870542377,107.0,133.0,124.0,133.4250030517578
2.0500000000000003,0.00010521792001276557,0.0,0.0,17.005312053568616,0.33157379980548285,0.8418510870542377,107.0,133.0,124.0,133.4250030517578
2.1,0.00024246467656229595,0.0,0.0,17.005312054091434,0.33157654976821505,0.8418510870542377,107.0,133.0,124.0,133.4250030517578
2.15,0.00029042207544378943,0.0,0.0,17.005312054824213,0.3315803997393232,0.8418510870542377,107.0,133.0,124.0,133.4250030517578
2.2,0.0002895292897860931,0.0,0.0,17.005312055601724,0.33158447974710725,0.8418510870542377,107.0,133.0,124.0,133.4250030517578
2.25,0.00026474402142591266,0.0,0.0,17.005312056338166,0.3315883398463484,0.8418510870542377,107.0,133.0,124.0,133.4250030517578
2.3000000000000003,0.00022832099967512012,0.0,0.0,17.005312056985684,0.33159172974410467,0.8418510870542377,107.0,133.0,124.0,133.4250030517578
2.35,0.0001922760068631115,0.0,0.0,17.00531205753251,0.3315945898357313,0.8418510870542377,107.0,133.0,124.0,133.4250030517578
2.4000000000000004,0.00015605893874687634,0.0,0.0,17.005312057993613,0.33159699974930845,0.8418510870542377,107.0,133.0,124.0,133.4250030517578
2.45,0.00012560940499940255,0.0,0.0,17.00531205836511,0.3315989398106467,0.8418510870542377,107.0,133.0,124.0,133.4250030517578
2.5,3.8894401784071166e-05,0.0,0.0,17.00531205836511,0.3315989398106467,0.8418510870542377,107.0,133.0,124.0,133.4250030517578
2.5500000000000003,5.763815771431874e-05,0.0,0.0,17.00531205857773,0.3316000498307403,0.8418510870542377,107.0,133.0,124.0,133.4250030517578
2.6,6.048756449145859e-05,0.0,0.0,17.00531205857773,0.3316000498307403,0.8418510870542377,107.0,133.0,124.0,133.4250030517578
2.6500000000000004,5.990400911264015e-05,0.0,0.0,17.00531205888436,0.3316016498429235,0.8418510870542377,107.0,133.0,124.0,133.4250030517578
2.7,5.307229578460838e-05,0.0,0.0,17.00531205888436,0.3316016498429235,0.8418510870542377,107.0,133.0,124.0,133.4250030517578
2.75,4.6962047543159136e-05,0.0,0.0,17.005312059154704,0.33160305974888615,0.8418510870542377,107.0,133.0,124.0,133.4250030517578
2.8000000000000003,3.693780456158425e-05,0.0,0.0,17.005312059154704,0.33160305974888615,0.8418510870542377,107.0,133.0,124.0,133.4250030517578
2.85,2.9454205473244847e-05,0.0,0.0,17.005312059154704,0.33160305974888615,0.8418510870542377,107.0,133.0,124.0,133.4250030517578
2.9000000000000004,5.595883589022387e-06,0.0,0.0,17.005312059373352,0.3316041998041328,0.8418510870542377,107.0,133.0,124.0,133.4250030517578
2.95,8.960370719332618e-06,0.0,0.0,17.005312059373352,0.3316041998041328,0.8418510870542377,107.0,133.0,124.0,133.4250030517578
3.0,1.1294172530553558e-05,0.0,0.0,17.005312059373352,0.3316041998041328,0.8418510870542377,107.0,133.0,124.0,133.4250030517578
3.0500000000000003,1.0092756766131374e-05,0.0,0.0,17.005312059373352,0.3316041998041328,0.8418510870542377,107.0,133.0,124.0,133.4250030517578
3.1,1.047041748656405e-05,0.0,0.0,17.005312059373352,0.3316041998041328,0.8418510870542377,107.0,133.0,124.0,133.4250030517578
3.1500000000000004,7.209104134315011e-06,0.0,0.0,17.005312059373352,0.3316041998041328,0.8418510870542377,107.0,133.0,124.0,133.4250030517578
3.2,6.077549561255015e-06,0.0,0.0,17.005312059373352,0.3316041998041328,0.8418510870542377,107.0,133.0,124.0,133.4250030517578
3.25,6.694389003169484e-06,0.0,0.0,17.005312059373352,0.3316041998041328,0.8418510870542377,107.0,133.0,124.0,133.4250030517578
3.3000000000000003,0.0,0.0,0.0,17.005312059373352,0.3316041998041328,0.8418510870542377,107.0,133.0,124.0,133.4250030517578
3.35,3.364229252220946e-06,0.0,0.0,17.00531205957099,0.33160522984690033,0.8418510870542377,107.0,133.0,124.0,133.4250030517578
3.4000000000000004,6.625481118093901e-06,0.0,0.0,17.00531205957099,0.33160522984690033,0.8418510870542377,107.0,133.0,124.0,133.4250030517578
3.45,7.724955045785388e-06,0.0,0.0,17.00531205957099,0.33160522984690033,0.8418510870542377,107.0,133.0,124.0,133.4250030517578
3.5,3.6393888847429353e-06,0.0,0.0,17.00531205957099,0.33160522984690033,0.8418510870542377,107.0,133.0,124.0,133.4250030517578
3.5500000000000003,6.316593520335145e-06,0.0,0.0,17.00531205957099,0.33160522984690033,0.8418510870542377,107.0,133.0,124.0,133.4250030517578
3.6,6.866985114924077e-06,0.0,0.0,17.00531205957099,0.33160522984690033,0.8418510870542377,107.0,133.0,124.0,133.4250030517578
3.6500000000000004,5.733192222339539e-06,0.0,0.0,17.00531205957099,0.33160522984690033,0.8418510870542377,107.0,133.0,124.0,133.4250030517578
3.7,5.0807102656529216e-06,0.0,0.0,17.00531205957099,0.33160522984690033,0.8418510870542377,107.0,133.0,124.0,133.4250030517578
3.75,6.179189710094753e-07,0.0,0.0,17.00531205957099,0.33160522984690033,0.8418510870542377,107.0,133.0,124.0,133.4250030517578
3.8000000000000003,1.6477873204958544e-06,0.0,0.0,17.00531205957099,0.33160522984690033,0.8418510870542377,107.0,133.0,124.0,133.4250030517578
3.85,2.6433219222984998e-06,0.0,0.0,17.00531205957099,0.33160522984690033,0.8418510870542377,107.0,133.0,124.0,133.4250030517578
3.9000000000000004,3.6388447133909465e-06,0.0,0.0,17.00531205957099,0.33160522984690033,0.8418510870542377,107.0,133.0,124.0,133.4250030517578
3.95,4.634390409201062e-06,0.0,0.0,17.00531205957099,0.33160522984690033,0.8418510870542377,107.0,133.0,124.0,133.4250030517578
4.0,5.629937276098488e-06,0.0,0.0,17.00531205957099,0.33160522984690033,0.8418510870542377,107.0,133.0,124.0,133.4250030517578
4.05,6.625484561453619e-06,0.0,0.0,17.00531205957099,0.33160522984690033,0.8418510870542377,107.0,133.0,124.0,133.4250030517578
4.1000000000000005,4.119691584986373e-06,0.0,0.0,17.00531205957099,0.33160522984690033,0.8418510870542377,107.0,133.0,124.0,133.4250030517578
4.15,1.0298664429850987e-07,0.0,0.0,17.00531205957099,0.33160522984690033,0.8418510870542377,107.0,133.0,124.0,133.4250030517578
4.2,7.552334148029823e-07,0.0,0.0,17.00531205957099,0.33160522984690033,0.8418510870542377,107.0,133.0,124.0,133.4250030517578
4.25,1.3731555726512013e-06,0.0,0.0,17.00531205957099,0.33160522984690033,0.8418510870542377,107.0,133.0,124.0,133.4250030517578
4.3,1.991074252898173e-06,0.0,0.0,17.00531205957099,0.33160522984690033,0.8418510870542377,107.0,133.0,124.0,133.4250030517578
4.3500000000000005,2.6089927459589224e-06,0.0,0.0,17.00531205957099,0.33160522984690033,0.8418510870542377,107.0,133.0,124.0,133.4250030517578
4.4,3.2269263347980075e-06,0.0,0.0,17.00531205957099,0.33160522984690033,0.8418510870542377,107.0,133.0,124.0,133.4250030517578
4.45,3.844850140890922e-06,0.0,0.0,17.00531205957099,0.33160522984690033,0.8418510870542377,107.0,133.0,124.0,133.4250030517578
4.5,4.428440241299783e-06,0.0,0.0,17.00531205957099,0.33160522984690033,0.8418510870542377,107.0,133.0,124.0,133.4250030517578
4.55,5.012062587952359e-06,0.0,0.0,17.00531205957099,0.33160522984690033,0.8418510870542377,107.0,133.0,124.0,133.4250030517578
4.6000000000000005,4.119690934109422e-07,0.0,0.0,17.00531205957099,0.33160522984690033,0.8418510870542377,107.0,133.0,124.0,133.4250030517578
4.65,1.5448138004102647e-06,0.0,0.0,17.00531205957099,0.33160522984690033,0.8418510870542377,107.0,133.0,124.0,133.4250030517578
4.7,1.5105455829810854e-06,0.0,0.0,17.00531205957099,0.33160522984690033,0.8418510870542377,107.0,133.0,124.0,133.4250030517578
4.75,2.128389228028121e-06,0.0,0.0,17.00531205957099,0.33160522984690033,0.8418510870542377,107.0,133.0,124.0,133.4250030517578
4.800000000000001,2.643397216419091e-06,0.0,0.0,17.00531205957099,0.33160522984690033,0.8418510870542377,107.0,133.0,124.0,133.4250030517578
4.8500000000000005,3.2612676849397044e-06,0.0,0.0,17.00531205957099,0.33160522984690033,0.8418510870542377,107.0,133.0,124.0,133.4250030517578
4.9,3.81057806497823e-06,0.0,0.0,17.00531205957099,0.33160522984690033,0.8418510870542377,107.0,133.0,124.0,133.4250030517578
4.95,4.428494819898594e-06,0.0,0.0,17.00531205957099,0.33160522984690033,0.8418510870542377,107.0,133.0,124.0,133.4250030517578
5.0,2.0597813612539329e-07,0.0,0.0,17.00531205957099,0.33160522984690033,0.8418510870542377,107.0,133.0,124.0,133.4250030517578
5.050000000000001,7.209601602248552e-07,0.0,0.0,17.00531205957099,0.33160522984690033,0.8418510870542377,107.0,133.0,124.0,133.4250030517578
5.1000000000000005,1.2359173981295756e-06,0.0,0.0,17.00531205957099,0.33160522984690033,0.8418510870542377,107.0,133.0,124.0,133.4250030517578
5.15,1.8881421853947682e-06,0.0,0.0,17.00531205957099,0.33160522984690033,0.8418510870542377,107.0,133.0,124.0,133.4250030517578
5.2,2.4375387719618755e-06,0.0,0.0,17.00531205957099,0.33160522984690033,0.8418510870542377,107.0,133.0,124.0,133.4250030517578
5.25,3.638874101499746e-06,0.0,0.0,17.00531205957099,0.33160522984690033,0.8418510870542377,107.0,133.0,124.0,133.4250030517578
5.300000000000001,3.6397062284160916e-06,0.0,0.0,17.00531205957099,0.33160522984690033,0.8418510870542377,107.0,133.0,124.0,133.4250030517578
5.3500000000000005,4.1538517052936585e-06,0.0,0.0,17.00531205957099,0.33160522984690033,0.8418510870542377,107.0,133.0,124.0,133.4250030517578
5.4,0.0,0.0,0.0,17.00531205957099,0.33160522984690033,0.8418510870542377,107.0,133.0,124.0,133.4250030517578
5.45,6.522480633903408e-07,0.0,0.0,17.00531205957099,0.33160522984690033,0.8418510870542377,107.0,133.0,124.0,133.4250030517578
5.5,1.3053823170054838e-06,0.0,0.0,17.00531205957099,0.33160522984690033,0.8418510870542377,107.0,133.0,124.0,133.4250030517578
5.550000000000001,1.956744995710245e-06,0.0,0.0,17.00531205957099,0.33160522984690033,0.8418510870542377,107.0,133.0,124.0,133.4250030517578
5.6000000000000005,0.9362838758185584,0.0,0.0,16.99931723059891,0.3376019374172325,0.8418510870542377,107.00599670410156,133.0,124.0,133.4250030517578
5.65,2.101757779703636,0.016662018938299952,0.0016662018938291656,16.976296571759903,0.36062660377397104,0.84215199702885,107.02899932861328,133.00100708007812,124.0,133.4250030517578
5.7,2.6762663229580506,0.021415020642201205,0.003807703958049286,16.94227816718984,0.3946452807330586,0.8423449069960043,107.06300354003906,133.0019989013672,124.0,133.4250030517578
5.75,3.046695583495905,0.020032518451346782,0.005810955803183965,16.90127303594723,0.4356503875294846,0.8425394169753417,107.10399627685547,133.0030059814453,124.0,133.4250030517578
5.800000000000001,3.1821102027501706,0.01890176159643075,0.00770113196282704,16.857230492477246,0.4797021100136651,0.8427459769882262,107.14800262451172,133.0050048828125,124.0,133.4250030517578
5.8500000000000005,3.062546851439377,0.017968759353886015,0.009498007898215642,16.814219830961573,0.5227128149103756,0.8429714679950848,107.19100189208984,133.00599670410156,124.0,133.4250030517578
5.9,3.1145948438815356,0.017235905659682006,0.011221598464183843,16.770184957348214,0.5657585192140676,0.8440014197439186,107.23400115966797,133.00799560546875,123.9990005493164,133.4250030517578
5.95,3.0225561086711683,0.016667047478499026,0.012888303212033747,16.727173913591454,0.6087695791233785,0.8442750857683595,107.2770004272461,133.00900268554688,123.9990005493164,133.4250030517578
6.0,2.8455744204345157,0.016191349546762886,0.014507438166710036,16.687135660934167,0.648820408452912,0.844572479767422,107.31700134277344,133.01100158691406,123.9990005493164,133.4250030517578
6.050000000000001,2.6975768709308237,0.015709016979753777,0.01607833986468541,16.649120714148726,0.6868353642902346,0.844891121774609,107.3550033569336,133.01199340820312,123.9990005493164,133.4250030517578
6.1000000000000005,2.659750298389178,0.015117017361396843,0.017590041600825095,16.61108807390579,0.7238850881508615,0.8459452236098193,107.39199829101562,133.01400756835938,123.99800109863281,133.4250030517578
6.15,2.6970637259212995,0.014365677548020204,0.017360407461797123,16.573073143053122,0.7619000432037932,0.8462912176005963,107.43000030517578,133.01499938964844,123.99800109863281,133.4250030517578
6.2,2.890867552815033,0.676721335500474,0.0828910389476244,16.54603158067484,0.7999545920553671,0.8572930149981143,107.46800231933594,133.01699829101562,124.00900268554688,133.4250030517578
6.25,3.1563280427034046,1.22249138610604,0.20313692571309372,16.51901453647063,0.8429656514097055,0.8732924278159726,107.51100158691406,133.01800537109375,124.0250015258789,133.4250030517578
6.300000000000001,3.506607320576278,0.8047945547183388,0.2817262050252845,16.485978221364828,0.8890066835091032,0.8862943825716382,107.55699920654297,133.02000427246094,124.03800201416016,133.4250030517578
6.3500000000000005,3.830461931991309,1.4798328336699782,0.4279126124568937,16.453933520152233,0.9410470405682444,0.9062924355659061,107.60900115966797,133.02200317382812,124.05799865722656,133.4250030517578
6.4,4.134160886264469,1.0727090734798834,0.5334599292389138,16.41586979535816,0.9961285984118279,0.9232916951673981,107.66400146484375,133.02499389648438,124.07499694824219,133.4250030517578
6.45,4.349231990126583,1.7547188530414584,0.7072651097952097,16.37881274432527,1.0562014123508157,0.9462948293191177,107.7239990234375,133.0279998779297,124.0979995727539,133.4250030517578
6.5,4.509167686826724,1.353925400981895,0.8410385149387232,16.338775167696696,1.1172387906435568,0.9672986550652012,107.78500366210938,133.02999877929688,124.11900329589844,133.4250030517578
6.550000000000001,4.59944555138854,2.041519519499071,1.0436195651906548,16.301718513562484,1.1813047113503017,0.9942991029905177,107.8489990234375,133.0330047607422,124.14600372314453,133.4250030517578
6.6000000000000005,4.671631971026247,1.6470259804649645,1.2068104615010113,16.262624850641824,1.2454324374179881,1.0192930324316096,107.91300201416016,133.03700256347656,124.1709976196289,133.4250030517578
6.65,4.727888496026851,2.3390272557832206,1.4392766193245312,16.22857436167284,1.3104960218207053,1.0502989305549442,107.97799682617188,133.0399932861328,124.2020034790039,133.4250030517578
6.7,4.809990847718329,1.9491670825815244,1.5665211940326362,16.189512686347946,1.3775647616587454,1.078298975605641,108.04499816894531,133.04299926757812,124.2300033569336,133.4250030517578
6.75,4.910574418566244,2.6442913495308145,1.7087011903751137,16.15742227587803,1.444685267944878,1.1132950996582816,108.11199951171875,133.0469970703125,124.26499938964844,133.4250030517578
6.800000000000001,5.0450493431177765,2.2576625423540633,1.8539879891386861,16.121335790214417,1.5138012293363774,1.1462924049932153,108.18099975585938,133.05099487304688,124.2979965209961,133.4250030517578
6.8500000000000005,5.194196586851967,2.955856240939419,2.00159032986563,16.089254299420016,1.585910731347914,1.1862933904681396,108.25299835205078,133.05499267578125,124.33799743652344,133.4250030517578
6.9,5.354755674300262,2.572790894166456,2.1515985119342873,16.053176357435632,1.6590190038645074,1.2232960689124524,108.32599639892578,133.0590057373047,124.375,133.4250030517578
6.95,5.512997812278286,3.2734236092650097,2.3034689875566423,16.02208774674629,1.7341300489477076,1.2672948210370951,108.4010009765625,133.06300354003906,124.41899871826172,133.4250030517578
7.0,5.665366590279939,2.8926658789001802,2.457343035348471,15.98499005852147,1.8122847878703725,1.3082952484445862,108.47899627685547,133.0679931640625,124.45999908447266,133.4250030517578
7.050000000000001,5.795335608355593,3.5956292273533887,2.6127540061339025,15.95391027677586,1.892387207527435,1.3572988614921189,108.55899810791016,133.07200622558594,124.50900268554688,133.4250030517578
7.1000000000000005,5.914939452270253,3.2174310886582096,2.769794516953227,15.91880533924336,1.9735420224871882,1.403296512168943,108.63999938964844,133.07699584960938,124.55500030517578,133.4250030517578
7.15,6.043412809017103,3.9233543235442907,2.9282272237293343,15.88870490986977,2.05669296504122,1.4562979197612116,108.7229995727539,133.08200073242188,124.60800170898438,133.4250030517578
7.2,6.177971349177315,3.547640196606078,3.0880745351317893,15.854601152080585,2.141839269794644,1.507292810897751,108.80799865722656,133.08700561523438,124.65899658203125,133.4250030517578
7.25,6.317552656931292,4.2543375419021725,3.249079154368925,15.82451104381499,2.228980223932703,1.5642996481751723,108.8949966430664,133.0919952392578,124.71600341796875,133.4250030517578
7.300000000000001,6.45993627222182,3.879613707361585,3.411274270869677,15.79140885702276,2.3181253462191007,1.6202994168719045,108.98400115966797,133.0970001220703,124.77200317382812,133.4250030517578
7.3500000000000005,6.60294674156341,4.5879495254349,3.574483599319225,15.762312442749323,2.409258668281984,1.6822958774699417,109.07499694824219,133.1020050048828,124.83399963378906,133.4250030517578
7.4,6.745065068320026,4.214521299276421,3.7386566398302223,15.730191875306227,2.5014567609973093,1.7422934467563989,109.16699981689453,133.10800170898438,124.89399719238281,133.4250030517578
7.45,6.885365492270851,4.922713028499593,3.9035855817536804,15.70207777469253,2.596647056695861,1.8092947899177705,109.26200103759766,133.11399841308594,124.96099853515625,133.4250030517578
7.5,7.023673239296157,4.549429410755778,4.06926193493924,15.669968513308989,2.6938323649567977,1.8742972405118663,109.35900115966797,133.1199951171875,125.0260009765625,133.4250030517578
7.550000000000001,7.160301396266384,5.258269235054007,4.235525935709302,15.642857143146136,2.792016171960593,1.9452963862534067,109.45700073242188,133.12600708007812,125.09700012207031,133.4250030517578
7.6000000000000005,7.295866835566484,4.886028875673199,4.4023857144108005,15.611750890112326,2.8921942897639856,2.0142966383384655,109.55699920654297,133.1320037841797,125.16600036621094,133.4250030517578
7.65,7.431123104928711,5.595264863400363,4.5695767683964075,15.585635011811746,2.9954365817734536,2.091298875855223,109.66000366210938,133.13900756835938,125.24299621582031,133.42599487304688
7.7,7.566755906332136,5.225220900721801,4.73733483880798,15.555539477856701,3.099605608167596,2.165304009386885,109.76399993896484,133.14500427246094,125.31700134277344,133.42599487304688
7.75,7.703253437983659,5.932512869518623,4.905152371569626,15.530417167861218,3.205838534842255,2.2463052911523356,109.87000274658203,133.15199279785156,125.39800262451172,133.42599487304688
7.800000000000001,7.840556936441371,5.56794103216821,5.073985104050288,15.501300144283077,3.3140594857680954,2.325300047463064,109.97799682617188,133.15899658203125,125.47699737548828,133.42599487304688
7.8500000000000005,7.978798057321242,6.272388610696413,5.242429012576439,15.476183087863298,3.424282837516051,2.410299131935935,110.08799743652344,133.16600036621094,125.56199645996094,133.42599487304688
7.9,8.117786104779256,5.9117409492476805,5.412150977573565,15.449077826076643,3.535503638370226,2.494306399363507,110.1989974975586,133.17300415039062,125.64600372314453,133.42599487304688
7.95,8.25732959977685,6.612372952419927,5.581116969965597,15.424958308075679,3.649723676932679,2.5843027372893577,110.31300354003906,133.17999267578125,125.73600006103516,133.42599487304688
8.0,8.397156066265104,6.256332679095998,5.75180729679962,15.396836088747122,3.765997280585852,2.6723001772739963,110.42900085449219,133.18800354003906,125.8239974975586,133.42599487304688
8.05,8.537052356818574,6.953724595339166,5.921352832828135,15.375735695203185,3.883203492218571,2.7683008487592256,110.5459976196289,133.19500732421875,125.91999816894531,133.42599487304688
8.1,8.676879438683658,6.600492698347491,6.092799215095564,15.348620074025119,4.0034723115112,2.8613031709300447,110.66600036621094,133.2030029296875,126.01300048828125,133.42599487304688
8.15,8.816689346529618,7.294788717974903,6.262751600553019,15.327518276935358,4.124677033927222,2.961301645230544,110.78700256347656,133.2100067138672,126.11299896240234,133.42599487304688
8.200000000000001,8.956498814871162,6.94548056732007,6.434777567212845,15.3014091130648,4.248935095788772,3.059301220371478,110.91100311279297,133.21800231933594,126.21099853515625,133.42599487304688
8.25,9.096376675301507,7.634844767196756,6.605010756980659,15.28030821952426,4.374190553581284,3.163305126853024,111.03600311279297,133.2259979248047,126.31500244140625,133.42599487304688
8.3,9.236411958705471,7.292016400873273,6.777418293851166,15.256205482773627,4.501440899967141,3.2663019550471466,111.16300201416016,133.23399353027344,126.41799926757812,133.42599487304688
8.35,9.37677223310779,7.976160815925594,6.947795514374084,15.236111581070523,4.63068720380773,3.3753031150094213,111.29199981689453,133.24200439453125,126.5270004272461,133.42599487304688
8.4,9.517466266586727,7.640460685578685,7.120667488007184,15.212016652778875,4.762932917328324,3.4833048257111163,111.42400360107422,133.25,126.63500213623047,133.42599487304688
8.450000000000001,9.658557071465449,8.319456982607305,7.291375891025922,15.192919113987019,4.896232877647361,3.5973032391491726,111.55699920654297,133.25900268554688,126.7490005493164,133.42599487304688
8.5,9.800038040039919,7.990309164774903,7.464773539593812,15.169831971327827,5.031471579554907,3.7093027523515483,111.69200134277344,133.26699829101562,126.86100006103516,133.42599487304688
8.55,9.941883056339735,8.662464761537795,7.635647556213675,15.151753426566414,5.16870573714567,3.8283060486667804,111.8290023803711,133.27499389648438,126.9800033569336,133.42599487304688
8.6,10.084017194679488,8.339904447117727,7.809588731090699,15.130663581357569,5.307996911953293,3.9463022657538462,111.96800231933594,133.28399658203125,127.0979995727539,133.42599487304688
8.65,10.226423487652696,9.005977227381225,7.980707582031331,15.112593486362082,5.449223137992046,4.069303364851198,112.10900115966797,133.29200744628906,127.22100067138672,133.42599487304688
8.700000000000001,10.369097787090073,8.687772818659678,8.154936807165292,15.091529476943737,5.592503031804135,4.191309170381974,112.25199890136719,133.30099487304688,127.34300231933594,133.427001953125
8.75,10.512036383970633,9.346680456173575,8.326120376062974,15.075458736195092,5.737728418627817,4.320306973611287,112.39700317382812,133.3090057373047,127.47200012207031,133.427001953125
8.8,10.655143963657956,9.034848974592158,8.500403633434862,15.055394950391028,5.884998456052508,4.447305875966307,112.54399871826172,133.3179931640625,127.5989990234375,133.427001953125
8.85,10.798538059064551,9.687205157962689,8.671508067638573,15.039340598903832,6.034215721671072,4.58030911134861,112.69300079345703,133.3260040283203,127.73200225830078,133.427001953125
8.9,10.942153808142894,9.381672789797973,8.845629278060501,15.02027836920773,6.1844871631130705,4.711305816337845,112.84300231933594,133.3350067138672,127.86299896240234,133.427001953125
8.950000000000001,11.085998384091454,10.028736654863511,9.016557245286121,15.005240000765204,6.337695819374123,4.849313934543196,112.99600219726562,133.34300231933594,128.00100708007812,133.427001953125
9.0,11.230223918626063,9.729577214188174,9.190484050227449,14.987187158129549,6.492955826879524,4.986307343541467,113.1510009765625,133.3520050048828,128.13800048828125,133.427001953125
9.05,11.374758205549906,10.371348760441204,9.36137245011779,14.973157110775416,6.650156976495895,5.129312715178911,113.30799865722656,133.36000061035156,128.281005859375,133.427001953125
9.1,11.519552135101398,10.078921019960319,9.53527410740205,14.955106667020209,6.809415846258907,5.2703039268426135,113.46700286865234,133.36900329589844,128.4219970703125,133.427001953125
9.15,11.66462014321083,10.715365056861296,9.706212890350056,14.94209263917577,6.970609752413927,5.418314181298016,113.62799835205078,133.3769989013672,128.57000732421875,133.427001953125
9.200000000000001,11.810025862810042,10.429849261319582,9.880420534616047,14.92506216825915,7.133807749727295,5.564310275708758,113.79100036621094,133.38499450683594,128.71600341796875,133.427001953125
9.25,11.955704487201505,11.05920110888126,10.051672599886816,14.912031459071772,7.299054082430699,5.716303074117123,113.95600128173828,133.3939971923828,128.8679962158203,133.427001953125
9.3,12.101658587919175,10.779373312893426,10.226125033716944,14.896017088089588,7.466245196278356,5.86730405128399,114.12300109863281,133.40199279785156,129.0189971923828,133.427001953125
9.35,12.24790315367882,11.402748770098952,10.397679394930568,14.884004762881665,7.635433673191818,6.024301732506336,114.29199981689453,133.41000366210938,129.17599487304688,133.427001953125
9.4,12.394434409950664,11.129148848625379,10.57242700081331,14.868006571007156,7.807616488544846,6.180307592433029,114.46399688720703,133.41799926757812,129.33200073242188,133.427001953125
9.450000000000001,12.541233608873975,11.747377039808718,10.74429103930783,14.857002292706023,7.980805303885808,6.342310156472081,114.63700103759766,133.42599487304688,129.49400329589844,133.427001953125
9.5,12.68831455649532,11.480113139756005,10.919344631864615,14.843003971931541,8.155983989216704,6.503305640374595,114.81199645996094,133.4340057373047,129.65499877929688,133.427001953125
9.55,12.835654727373612,12.091825065337135,11.091392262354207,14.832007332777934,8.333123851746867,6.669306007150862,114.98899841308594,133.4409942626953,129.8209991455078,133.427001953125
9.600000000000001,12.983294815808351,11.83078904004802,11.266579064362976,14.818017129857653,8.513302329400403,6.835306373824929,115.16899871826172,133.44900512695312,129.98699951171875,133.427001953125
9.65,13.131256111792382,12.436525433182812,11.438695101995126,14.808034667429546,8.694436950906864,7.006311623402779,115.3499984741211,133.45599365234375,130.1580047607422,133.427001953125
9.700000000000001,13.279415187562975,12.183013326410423,11.61401150850421,14.796039024781944,8.877569584644169,7.177304490560754,115.53299713134766,133.46299743652344,130.32899475097656,133.42799377441406
9.75,13.427880308894503,12.785221220037057,11.78661351961979,14.786062785135055,9.06370603620676,7.353314622941605,115.71900177001953,133.47000122070312,130.5050048828125,133.42799377441406
9.8,13.576643432363536,12.537792792536592,11.962455467584107,14.775082815241811,9.250833610419575,7.529309496386074,115.90599822998047,133.4770050048828,130.68099975585938,133.42799377441406
9.850000000000001,13.72565064024327,13.132909354721363,12.135471526046349,14.766105029243874,9.44096453170139,7.710309252781487,116.09600067138672,133.48399353027344,130.86199951171875,133.42799377441406
9.9,13.874952294874774,12.89286150825871,12.311842792009681,14.754135750757191,9.633059974970097,7.8903171877229905,116.28800201416016,133.49000549316406,131.04200744628906,133.42799377441406
9.950000000000001,14.0245500138604,13.483368962313756,12.485441984260182,14.7461560021308,9.82718605310944,8.076306568141028,116.48200225830078,133.4969940185547,131.22799682617188,133.42799377441406
10.0,14.174375868493687,13.252933295621443,12.662723999846726,14.735183914283416,10.02327738065249,8.261304127081726,116.6780014038086,133.5030059814453,131.41299438476562,133.42799377441406
10.05,14.32450546436104,13.836277319994414,12.837169225312454,14.729219048466943,10.221366216850804,8.453305470382487,116.8759994506836,133.50900268554688,131.60499572753906,133.42799377441406
10.100000000000001,14.474869135257762,13.60850497962269,13.01494081926992,14.719258917867299,10.42145304741761,8.643307912105994,117.07599639892578,133.51499938964844,131.7949981689453,133.42799377441406
10.15,14.625522868666092,14.183461628509553,13.189634438802594,14.713285136570713,10.623518517950517,8.83930705813255,117.27799987792969,133.52000427246094,131.99099731445312,133.42799377441406
10.200000000000001,14.776452442793444,13.961377288451306,13.367470835006682,14.704322324902163,10.82760901664449,9.034316983073984,117.48200225830078,133.5260009765625,132.18600463867188,133.4290008544922
10.25,14.92762950169195,14.53064593709994,13.54201330671297,14.697352576890234,11.034670244485836,9.234313931841077,117.68900299072266,133.531005859375,132.38600158691406,133.4290008544922
10.3,15.079046198509477,14.315149103518879,13.719748937811199,14.689385030880695,11.242730265921487,9.434310880368429,117.89700317382812,133.53599548339844,132.58599853515625,133.4290008544922
10.350000000000001,15.230773237602417,14.876749637541538,13.894132966093215,14.684425212649378,11.45376667099132,9.640319792008727,118.10800170898438,133.5399932861328,132.79200744628906,133.4290008544922
10.4,15.382736888431777,14.668993017141128,14.071746116981458,14.676453280720409,11.66682290023028,9.845306364550492,118.32099914550781,133.5449981689453,132.9969940185547,133.4290008544922
10.450000000000001,15.534976941952502,15.219936811189452,14.245402901869028,14.672487753373202,11.880864754904946,10.05531307885675,118.53500366210938,133.5489959716797,133.20700073242188,133.4290008544922
10.5,15.687453550921138,15.022800881901347,14.422389660497018,14.66553271715279,12.097896817714275,10.2653197930157,118.75199890136719,133.55299377441406,133.41700744628906,133.4290008544922
10.55,15.840204186882,15.56175755999271,14.594937684496847,14.661561916061958,12.31693535298716,10.48031613127965,118.97100067138672,133.5570068359375,133.6320037841797,133.4290008544922
10.600000000000001,15.993012394045873,15.37444924540751,14.771532111075327,14.653586825281321,12.538971468576362,10.694305389382118,119.19300079345703,133.56100463867188,133.8459930419922,133.4290008544922
10.65,16.14544894536068,15.901164749416427,14.943302423166017,14.65061584705765,12.761991095224959,10.914306610413606,119.41600036621094,133.56399536132812,134.0659942626953,133.4290008544922
10.700000000000001,16.29728781447706,15.725628972137065,15.119727591534593,14.645637509577186,12.987009648418404,11.134310067064837,119.64099884033203,133.56700134277344,134.28599548339844,133.42999267578125
10.75,16.435971150690353,16.24075389953572,15.290738387778172,14.64166068978783,13.215033918360437,11.358309090816306,119.86900329589844,133.57000732421875,134.50999450683594,133.42999267578125
10.8,16.56700560554702,16.078140791344776,15.46703755656076,14.637699611712481,13.444049724006456,11.583315194573204,120.0979995727539,133.572998046875,134.73500061035156,133.42999267578125
10.850000000000001,16.70862677463012,16.58203391449594,15.637565984256202,14.634721071964302,13.676060593285104,11.812319101126706,120.33000183105469,133.5749969482422,134.96400451660156,133.42999267578125
10.9,16.859233540041743,16.431229392451495,15.813789621787237,14.630738308320918,13.909081691716395,12.041307748794367,120.56300354003906,133.5780029296875,135.1929931640625,133.42999267578125
10.950000000000001,17.017246477788834,16.921945787977155,15.983990519466008,14.629774526458197,14.14408317406445,12.275316538155892,120.7979965209961,133.5800018310547,135.427001953125,133.42999267578125
11.0,17.17981173248125,16.782949852519504,16.16000541652782,14.625782314206312,14.382098159612557,12.509310068600872,121.03600311279297,133.58200073242188,135.66099548339844,133.42999267578125
11.05,17.330674378209494,17.262829265180443,16.330112587046592,14.624793260092003,14.622098072786383,12.74830848197515,121.2760009765625,133.58299255371094,135.89999389648438,133.42999267578125
11.100000000000001,17.472408391962663,17.137082155642986,16.50637587807014,14.621831544546845,14.864103219793158,12.98732215399881,121.51799774169922,133.5850067138672,136.13900756835938,133.42999267578125
11.15,17.62205026545119,17.603426067945207,16.67660200992302,14.621826835199677,15.108108531454137,13.231310191389671,121.76200103759766,133.58599853515625,136.38299560546875,133.42999267578125
11.200000000000001,17.776888921570265,17.49078187193876,16.85311729990319,14.61983882863257,15.354112790095732,13.475313487408656,122.00800323486328,133.58700561523438,136.6269989013672,133.42999267578125
11.25,17.93529940178483,17.94560558890754,17.023602468840373,14.619846293820746,15.602108242663604,13.72331663106341,122.25599670410156,133.58799743652344,136.875,133.43099975585938
11.3,18.09516711946105,17.845164800819003,17.200304869787793,14.618850122999014,15.852110288887186,13.972309551087656,122.50599670410156,133.58900451660156,137.12399291992188,133.43099975585938
11.350000000000001,18.254380866215936,18.15390126024732,17.35749160436293,14.616862093910083,16.105118255222774,14.223316656493386,122.75900268554688,133.58999633789062,137.375,133.43099975585938
11.4,18.411301398873327,18.86522706631535,17.60089137174932,14.616869723926712,16.360115515798817,14.478321539341636,123.01399993896484,133.58999633789062,137.6300048828125,133.43099975585938
11.450000000000001,18.56498443891842,17.850240857359005,17.693720878687504,14.60787856854914,16.617121273603615,14.726322640277747,123.27100372314453,133.59100341796875,137.8780059814453,133.43099975585938
11.5,18.714964394704776,18.665713234349177,17.88199721687047,14.60887795962306,16.876116329840055,14.986317147908522,123.52999877929688,133.59100341796875,138.13800048828125,133.43099975585938
11.55,18.861815330397683,18.74804562254374,18.0305188526068,14.607870940546336,17.137117917293516,15.246311657729823,123.79100036621094,133.59100341796875,138.3979949951172,133.43099975585938
11.600000000000001,19.006724529170025,19.102250214794818,18.227035658521984,14.609869724208625,17.400118406331423,15.511311064144142,124.05400085449219,133.59100341796875,138.66299438476562,133.43099975585938
11.65,19.15084160766582,19.10221399524862,18.376914451252325,14.610876746374482,17.66511779669952,15.777317549599385,124.31900024414062,133.59100341796875,138.9290008544922,133.43099975585938
11.700000000000001,19.296325681153803,19.447742476884027,18.572610511746852,14.61387155908742,17.93211798758541,16.047321838728024,124.58599853515625,133.58999633789062,139.19900512695312,133.43099975585938
11.75,19.444908426615246,19.447850500406105,18.72283500289671,14.614852402235696,18.202122260460232,16.31831981048024,124.85600280761719,133.58999633789062,139.47000122070312,133.4320068359375
11.8,19.595902830664016,19.769725933425228,18.91529111615733,14.617858209735783,18.473118354498983,16.59232188993826,125.12699890136719,133.58999633789062,139.74400329589844,133.4320068359375
11.850000000000001,19.748546866941535,19.739738547293374,19.073874844861937,14.619838680998601,18.746122780837748,16.867315786660757,125.4000015258789,133.58900451660156,140.0189971923828,133.4320068359375
11.9,19.901810780953852,20.03112183811921,19.190464322042324,14.620845702822967,19.02212375751852,17.14432384333259,125.6760025024414,133.58900451660156,140.29600524902344,133.4320068359375
11.950000000000001,20.054853790790983,19.97589852788083,19.403030089094504,14.62083492216797,19.300125459635222,17.422323722226583,125.9540023803711,133.58799743652344,140.57400512695312,133.4320068359375
12.0,20.2069976069075,20.24305342712466,19.56076410837205,14.62281553298153,19.579126551208834,17.703314323520807,126.23300170898438,133.58700561523438,140.85499572753906,133.4320068359375
12.05,20.357878741557542,20.167022944858857,19.70266184060356,14.621823765669374,19.86112423189823,17.984320185382522,126.51499938964844,133.58700561523438,141.13600158691406,133.4320068359375
12.100000000000001,20.501307682762487,20.41477487211675,19.833914306335753,14.620813728370717,20.145130228891432,18.267324947306573,126.79900360107422,133.58599853515625,141.41900634765625,133.4320068359375
12.15,20.63166801063216,20.32182195303048,19.955875102113943,14.61680573052077,20.431127432093728,18.54932263042335,127.08499908447266,133.5850067138672,141.7010040283203,133.4320068359375
12.200000000000001,20.747267651193148,20.55387886446481,20.06648874087202,14.614788800591793,20.71913120702672,18.835318114648377,127.37300109863281,133.58399963378906,141.98699951171875,133.4320068359375
12.25,20.846917289022436,20.44724624031849,20.16642831486326,14.609773902685852,21.008132671878393,19.11931643026724,127.66200256347656,133.58399963378906,142.27099609375,133.43299865722656
12.3,20.933461311439693,20.666486933832545,20.25610441490399,14.606765334076353,21.298135336039653,19.406318994125456,127.9520034790039,133.58299255371094,142.55799865722656,133.43299865722656
12.350000000000001,21.003085598184047,20.548874856267368,20.33701804580139,14.600766419167948,21.589129763123886,19.69132265727076,128.2429962158203,133.58200073242188,142.84300231933594,133.43299865722656
12.4,21.05467429670335,20.757673411877708,20.40967320317724,14.596743320926427,21.881138946031932,19.979317042179495,128.53500366210938,133.58099365234375,143.13099670410156,133.43299865722656
12.450000000000001,21.08901553777406,20.631241380454533,20.47520748843461,14.590736898164428,22.17413989230158,20.26631960633891,128.8280029296875,133.5800018310547,143.41799926757812,133.43299865722656
12.5,21.1084541653613,21.144242819534913,20.565326427675636,14.59173381591678,22.46714089062214,20.56032595406011,129.12100219726562,133.57899475097656,143.71200561523438,133.43299865722656
12.55,21.116225291342047,20.982242545606873,20.646848387750435,14.590716895227391,22.760141836892497,20.852318142014457,129.41400146484375,133.5780029296875,144.00399780273438,133.43299865722656
12.600000000000001,21.11589930599122,21.14643834741618,20.720014735280376,14.589705243504731,23.05413465066183,21.145319140335303,129.70799255371094,133.57699584960938,144.2969970703125,133.4340057373047
12.65,21.11701195379899,20.982314630685433,20.786064003045873,14.588698211399171,23.347149177034243,21.437326586984177,130.00100708007812,133.57699584960938,144.58900451660156,133.4340057373047
12.700000000000001,21.127737123232,21.14640229169568,20.845316345768957,14.588688523767305,23.640150123301062,21.730325854566686,130.29400634765625,133.5760040283203,144.8820037841797,133.4340057373047
12.75,21.15120424296455,20.982314624956498,20.89882318423276,14.586679947796469,23.934142937064838,22.022318042422704,130.58799743652344,133.5749969482422,145.1739959716797,133.4340057373047
12.8,21.18889136305198,21.146402288219175,20.946814719671423,14.585663361070383,24.228150957655973,22.31531731000729,130.8820037841797,133.57400512695312,145.4669952392578,133.4340057373047
12.850000000000001,21.231076420550522,20.982350668703212,20.99016230091501,14.582663142289944,24.523150845607553,22.607324756665705,131.177001953125,133.572998046875,145.75900268554688,133.4340057373047
12.9,21.268224964889814,21.146402282863566,21.029035188013594,14.580645557251628,24.81815068186271,22.90032570293556,131.4720001220703,133.57200622558594,146.052001953125,133.43499755859375
12.950000000000001,21.291836237852834,20.982350661084222,21.064146116076564,14.576632672650248,25.114155930886156,23.192317890791628,131.76800537109375,133.57200622558594,146.343994140625,133.43499755859375
13.0,21.29615037470066,21.146402275662687,21.06436206168934,14.575631463538574,25.409155818837725,23.486324238451807,132.06300354003906,133.5709991455078,146.63800048828125,133.43499755859375
13.05,21.277822241988638,20.98231460302271,21.064369267430923,14.57063283265937,25.705147470796113,23.777324604987122,132.35899353027344,133.57000732421875,146.9290008544922,133.43499755859375
13.100000000000001,21.236489821569187,21.1464022680317,21.064365659492474,14.56961649845624,26.00016261744966,24.071330952644157,132.6540069580078,133.56900024414062,147.22300720214844,133.43499755859375
13.15,21.17621990522346,20.982314594836442,21.064365655907572,14.566610643911462,26.295160786398537,24.36332314043221,132.94900512695312,133.56900024414062,147.51499938964844,133.43499755859375
13.200000000000001,21.103712408138573,21.146402261949163,21.064365652932924,14.566601414254425,26.588161784715435,24.656322408010343,133.24200439453125,133.5679931640625,147.80799865722656,133.43499755859375
13.25,21.02583894012165,20.982314587224128,21.064365649159686,14.565591519652942,26.88116273098304,24.94833159116003,133.53500366210938,133.56700134277344,148.10000610351562,133.43600463867188
13.3,20.948650789219613,21.14640225685357,21.064365646023127,14.567590340176842,27.17216309719906,25.24133085873983,133.8260040283203,133.56700134277344,148.39300537109375,133.43600463867188
13.350000000000001,20.88251607411991,20.98231458124384,21.06436203727719,14.569580140566739,27.46215813200824,25.533323046456548,134.11599731445312,133.5659942626953,148.68499755859375,133.43600463867188
13.4,20.83520772657194,21.1464022524615,21.064362034236986,14.572570744223475,27.752166676931672,25.82632231403966,134.406005859375,133.5659942626953,148.97799682617188,133.43600463867188
13.450000000000001,20.80827576811774,20.98231457684973,21.064358425813534,14.575567794290496,28.041169843681345,26.11832976052403,134.69500732421875,133.56500244140625,149.27000427246094,133.43600463867188
13.5,20.80726492795475,21.146402249287423,21.06435842317601,14.579580698728515,28.33015604973628,26.411329028110796,134.98399353027344,133.56500244140625,149.56300354003906,133.43600463867188
13.55,20.831994952852238,20.982314573313836,21.06435842020512,14.582562430314912,28.619159269256105,26.70332121578686,135.2729949951172,133.56399536132812,149.85499572753906,133.43600463867188
13.600000000000001,20.87853989924171,21.146402246740923,21.064358418076047,14.586551410083223,28.909167814181757,26.99732923639029,135.56300354003906,133.56399536132812,150.1490020751953,133.43699645996094
13.65,20.94042134743083,20.98231457027387,21.064358415619786,14.588550235577983,29.199161100320598,27.289321424051078,135.85299682617188,133.56399536132812,150.4409942626953,133.43699645996094
13.700000000000001,21.01047411111617,21.14640224467752,21.064358413892624,14.589533419474476,29.491170231001178,27.582320691645922,136.14500427246094,133.56300354003906,150.73399353027344,133.43699645996094
13.75,21.08200521149691,20.982314567625757,21.064358411932787,14.589548677583238,29.783162418507423,27.874328138084678,136.43699645996094,133.56300354003906,151.0260009765625,133.43699645996094
13.8,21.14388732048972,21.14640224298958,21.064358410546387,14.588541635146335,30.077168766168025,28.167327405684308,136.7310028076172,133.56300354003906,151.31900024414062,133.43699645996094
13.850000000000001,21.187372750715735,20.982314565514443,21.064358408973447,14.58653414325233,30.371161579931524,28.459319593324246,137.02499389648438,133.56199645996094,151.61099243164062,133.43699645996094
13.9,21.210123452750114,21.146402241559855,21.064358407883283,14.58554235844951,30.66516792758825,28.752334119717254,137.31900024414062,133.56199645996094,151.9040069580078,133.43699645996094
13.950000000000001,21.205911526197454,20.982314563763907,21.0643584065747,14.582527889477593,30.960166096533584,29.04432804404961,137.61399841308594,133.56199645996094,152.1959991455078,133.43800354003906
14.0,21.174410784645072,21.14640224059644,21.0643584057056,14.581520845857076,31.25417244419092,29.337327311658417,137.9080047607422,133.56199645996094,152.48899841308594,133.43800354003906
14.05,21.119689588039126,20.98231456238592,21.06435840461281,14.579537274865247,31.548163533062464,29.62933475807032,138.20199584960938,133.56199645996094,152.781005859375,133.43800354003906
14.100000000000001,21.048660712395854,21.146402239685347,21.064358403907253,14.581512445600671,31.840172663742806,29.923325846971338,138.49400329589844,133.56100463867188,153.0749969482422,133.43800354003906
14.15,20.975508522043107,20.982314561050988,21.064358402984965,14.580520659465588,32.13216485124854,30.214326213297806,138.78599548339844,133.56100463867188,153.36599731445312,133.43800354003906
14.200000000000001,20.919599835065462,21.146402238989896,21.064358402416204,14.583526534009396,32.423165217463875,30.508332560990354,139.07699584960938,133.56100463867188,153.66000366210938,133.43800354003906
14.25,20.894652097465006,20.98231456029131,21.06435840168276,14.585510105923984,32.71317376238734,30.800324748598307,139.36700439453125,133.56100463867188,153.95199584960938,133.43800354003906
14.3,20.907935158258326,21.146402238500986,21.0643584012339,14.587500607014835,33.00417412859829,31.093325694901726,139.6580047607422,133.56100463867188,154.2449951171875,133.43899536132812
14.350000000000001,20.957291228681434,20.98231455945339,21.064358400627793,14.589514696637952,33.2941674147322,31.385333141294698,139.947998046875,133.56100463867188,154.53700256347656,133.43899536132812
14.4,21.03577144972719,21.14640223807834,21.06435840027964,14.590506483331612,33.58617486102565,31.678332408915487,140.24000549316406,133.56100463867188,154.8300018310547,133.43899536132812
14.450000000000001,21.134483744208012,20.982314558807733,21.064358399784023,14.589499438395574,33.87917412861101,31.970324596515177,140.5330047607422,133.56100463867188,155.1219940185547,133.43899536132812
14.5,21.235571920310324,21.146402237678956,21.064358399492274,14.58850765188868,34.17316521748712,32.26332386413856,140.82699584960938,133.56100463867188,155.4149932861328,133.43899536132812
14.55,21.322583906879444,20.98231455818154,21.06435839907184,14.584509988939516,34.46917046651718,32.555331310522405,141.1230010986328,133.56100463867188,155.70700073242188,133.43899536132812
14.600000000000001,21.385621701628576,21.146402237603684,21.06435839886367,14.58151937104717,34.766167536833024,32.8493376582266,141.4199981689453,133.56100463867188,156.00100708007812,133.43899536132812
14.65,21.412656979427517,20.982314557879388,21.06435839854651,14.575514481561605,35.06316460714615,33.1403397671518,141.7169952392578,133.56100463867188,156.29200744628906,133.44000244140625
14.700000000000001,21.399732905411373,21.14640223745163,21.064358398392685,14.572493345526608,35.36017693624795,33.434330856068215,142.01400756835938,133.56100463867188,156.58599853515625,133.44000244140625
14.75,21.350342797876525,20.98231455753086,21.06435839811664,14.567503893467375,35.657174006563125,33.726338302445306,142.31100463867188,133.56100463867188,156.8780059814453,133.44000244140625
14.8,21.27358984986603,21.14640223747317,21.06435839801386,14.564513274051883,35.95316399680439,34.019337570076374,142.60699462890625,133.56100463867188,157.17100524902344,133.44000244140625
14.850000000000001,21.181322120890375,20.982314557481203,21.06435839781664,14.561515671794142,36.24816383306929,34.31132975766269,142.90199279785156,133.56199645996094,157.46299743652344,133.44000244140625
14.9,21.09218731332705,21.146402237414996,21.064358397750304,14.561500413580822,36.541178359446306,34.60432902529529,143.19500732421875,133.56199645996094,157.75599670410156,133.44000244140625
14.950000000000001,21.01464281746918,20.982314557388445,21.064358397608377,14.560500350876314,36.83417762703167,34.89633815605495,143.48800659179688,133.56199645996094,158.04800415039062,133.4409942626953
15.0,20.943219927013033,21.14640223748422,21.0643583975889,14.562499183276921,37.12517799324723,35.18933742368813,143.7790069580078,133.56199645996094,158.34100341796875,133.4409942626953
15.05,20.887131526612364,20.98231455728172,21.064358397498918,14.564498015552422,37.415171279382164,35.4813296112706,144.06900024414062,133.56199645996094,158.63299560546875,133.4409942626953
15.100000000000001,20.851311196020202,21.146402237598036,21.064358397498353,14.567503893338692,37.70516456551534,35.77432887890613,144.35899353027344,133.56199645996094,158.92599487304688,133.4409942626953
15.15,20.83467917388929,20.982314557316567,21.06435839744207,14.570509771025305,37.994166030359104,36.06633632527601,144.6479949951172,133.56199645996094,159.21800231933594,133.4409942626953
15.200000000000001,20.84072876086464,21.146402237781874,21.064358397475093,14.574500573650337,38.284176323863335,36.3603274142012,144.93800354003906,133.56300354003906,159.51199340820312,133.4409942626953
15.25,20.86834053240607,20.98231455734736,21.064358397456743,14.57651466317134,38.574169609998236,36.652334860569205,145.22799682617188,133.56300354003906,159.8040008544922,133.4409942626953
15.3,20.913484315275777,21.146402237890708,21.064358397498495,14.579496888149333,38.86417815492394,36.945335858939615,145.51800537109375,133.56300354003906,160.0970001220703,133.44200134277344
15.350000000000001,20.9706529679977,20.982314557423088,21.064358397492683,14.580503933484994,39.15517852113996,37.237343305306695,145.8090057373047,133.56300354003906,160.38900756835938,133.44200134277344
15.4,21.03455241106402,21.14640223817241,21.064358397568423,14.5825027661179,39.44617888735616,37.53034257294443,146.10000610351562,133.56300354003906,160.6820068359375,133.44200134277344
15.450000000000001,21.100576996012983,20.982314557523114,21.06435839758189,14.58150398485101,39.739179833623595,37.82233476052153,146.39300537109375,133.56399536132812,160.9739990234375,133.44200134277344
15.5,21.158464819485896,21.14640223837217,21.064358397670688,14.58051219836643,40.033170922494165,38.11533402816088,146.68699645996094,133.56399536132812,161.26699829101562,133.44200134277344
15.55,21.20011685957507,20.98231455779641,21.064358397722156,14.578513366907803,40.327177270152085,38.40734147452635,146.9810028076172,133.56399536132812,161.5590057373047,133.44200134277344
15.600000000000001,21.228449664616935,21.146402238649213,21.064358397827274,14.576514535617497,40.62217543909782,38.700340742166524,147.2760009765625,133.56399536132812,161.8520050048828,133.44200134277344
15.65,21.241410142721584,20.98231455797781,21.0643583978934,14.573500390658527,40.917173608043136,38.99233461421535,147.5709991455078,133.56399536132812,162.1439971923828,133.4429931640625
15.700000000000001,21.233958371946255,21.146402238948795,21.064358398010093,14.572517000670786,41.21217349599489,39.286340961934265,147.86599731445312,133.56500244140625,162.43800354003906,133.4429931640625
15.75,21.20566181405597,20.982314558227493,21.064358398098108,14.569511124518334,41.506179843652454,39.57734132821914,148.16000366210938,133.56500244140625,162.72900390625,133.4429931640625
15.8,21.157781923473216,21.14640223928779,21.064358398237818,14.569511124577103,41.80017093252252,39.87133241715129,148.45399475097656,133.56500244140625,163.0229949951172,133.4429931640625
15.850000000000001,21.09334186987771,20.9823145585585,21.06435839835136,14.567512293214065,42.09417728018291,40.16333986351426,148.7480010986328,133.56500244140625,163.31500244140625,133.4429931640625
15.9,21.023104798017947,21.146402239593925,21.06435839849351,14.568519338023947,42.38616946768798,40.45633913115693,149.0399932861328,133.56500244140625,163.60800170898438,133.4429931640625
15.950000000000001,20.962336575934096,20.9823145587872,21.06435839861992,14.568504079675975,42.678176913981,40.748331318729946,149.33200073242188,133.56500244140625,163.89999389648438,133.4429931640625
16.0,20.917084828332506,21.14640223989021,21.064358398771724,14.57150982802589,42.96817189620105,41.04133231710589,149.6219940185547,133.5659942626953,164.1929931640625,133.44400024414062
16.05,20.88590932403153,20.98231455901448,21.064358398893532,14.572516872729667,43.25917226241271,41.33333976346685,149.91299438476562,133.5659942626953,164.48500061035156,133.44400024414062
16.1,20.87140043284767,21.14640224028918,21.06435839905753,14.575507490675315,43.54918080733465,41.62633903110931,150.2030029296875,133.5659942626953,164.7779998779297,133.44400024414062
16.150000000000002,20.879933631415387,20.982314559361985,21.064358399195946,14.578513366781152,43.838182272178706,41.91834647747027,150.49200439453125,133.5659942626953,165.07000732421875,133.44400024414062
16.2,20.91362902965358,21.1464022406314,21.064358399364203,14.580512198252016,44.1291826383911,42.211345745113576,150.7830047607422,133.5659942626953,165.36300659179688,133.44400024414062
16.25,20.969465309729664,20.98231455964185,21.06435839950564,14.581512445130523,44.420184747227204,42.503337932684815,151.07400512695312,133.56700134277344,165.65499877929688,133.44400024414062
16.3,21.041068690541458,21.146402240950273,21.064358399671885,14.584518319740686,44.71118511344299,42.79734428040686,151.36500549316406,133.56700134277344,165.94900512695312,133.44400024414062
16.35,21.121241410007652,20.982314559959093,21.064358399811944,14.582511029639491,45.00418438102708,43.088346389312115,151.6580047607422,133.56700134277344,166.24000549316406,133.44500732421875
16.400000000000002,21.196913165363465,21.146402241235236,21.064358399976076,14.582511029734652,45.298175469899476,43.38233747824595,151.95199584960938,133.56700134277344,166.53399658203125,133.44500732421875
16.45,21.256852150039702,20.98231456031951,21.064358400129304,14.57952041169583,45.593173638848015,43.674344924606245,152.2469940185547,133.56700134277344,166.8260040283203,133.44500732421875
16.5,21.295985742804177,21.1464022416741,21.064358400307693,14.576522870099682,45.8891805495098,43.96734419225125,152.54299926757812,133.5679931640625,167.11900329589844,133.44500732421875
16.55,21.302860702875737,20.982314560656373,21.064358400471882,14.572509951381273,46.18518579853326,44.259336379822486,152.83900451660156,133.5679931640625,167.41099548339844,133.44500732421875
16.6,21.276004153971552,21.146402242008076,21.064358400643773,14.570511121279777,46.480183967479384,44.55233564746749,153.13400268554688,133.5679931640625,167.70399475097656,133.44500732421875
16.650000000000002,21.22401977160991,20.98231456102291,21.064358400809866,14.56652871915305,46.77617395771693,44.84434309382691,153.42999267578125,133.5679931640625,167.99600219726562,133.44500732421875
16.7,21.15374829039097,21.146402242341576,21.064358400980883,14.565513334221922,47.07018030537888,45.13734404015618,153.7239990234375,133.5679931640625,168.28900146484375,133.4459991455078
16.75,21.073971905081414,20.982314561386094,21.064358401155307,14.564514759607942,47.36318130369745,45.42933622772632,154.01699829101562,133.56900024414062,168.58099365234375,133.4459991455078
16.8,20.99286341561786,21.1464022426762,21.0643584013279,14.565506545578554,47.65518874999329,45.7223354953711,154.3090057373047,133.56900024414062,168.87399291992188,133.4459991455078
16.85,20.923060569075666,20.98231456172944,21.064358401504933,14.566513589657077,47.946189116209254,46.01434294172964,154.60000610351562,133.56900024414062,169.16600036621094,133.4459991455078
16.900000000000002,20.87406308653107,21.14640224304546,21.064358401685958,14.569519464012934,48.23618240234435,46.30734220937464,154.88999938964844,133.56900024414062,169.45899963378906,133.4459991455078
16.95,20.842096163916217,20.982314562049464,21.06435840185895,14.571533552321313,48.52617568847772,46.59934965573318,155.17999267578125,133.56900024414062,169.75100708007812,133.4459991455078
17.0,20.82056798692279,21.146402243461726,21.064358402037712,14.576522998707455,48.81517890799633,46.893342469561446,155.468994140625,133.57000732421875,170.0449981689453,133.44700622558594
17.05,20.807319059006513,20.98231456246589,21.064358402218666,14.579528873083673,49.104180372840204,47.185349915919986,155.75799560546875,133.57000732421875,170.33700561523438,133.44700622558594
17.1,20.806419486732274,21.14640224389862,21.06435840240772,14.583526533658386,49.393181837684516,47.47834918356499,156.0469970703125,133.57000732421875,170.6300048828125,133.44700622558594
17.150000000000002,20.819271717706265,20.98231456284238,21.06435840258967,14.586517149896856,49.68218330252949,47.77034137113447,156.33599853515625,133.57000732421875,170.9219970703125,133.44700622558594
17.2,20.8456594610667,21.14640224430268,21.06435840278578,14.590514810614073,49.97118476737522,48.06334063877925,156.625,133.57000732421875,171.21499633789062,133.44700622558594
17.25,20.881910875734572,20.982314563206295,21.0643584029678,14.59252889914773,50.261178053510434,48.35534808513779,156.9149932861328,133.57000732421875,171.5070037841797,133.44700622558594
17.3,20.923023755153757,21.146402244587208,21.064358403158902,14.594527729599735,50.55217841972393,48.64834735278279,157.20599365234375,133.57000732421875,171.8000030517578,133.44700622558594
17.35,20.967015395951382,20.982314563518752,21.06435840333783,14.595519515606478,50.843180476152845,48.94034122482651,157.4969940185547,133.5709991455078,172.0919952392578,133.447998046875
17.400000000000002,21.016010960687574,21.146402245021097,21.064358403535397,14.597518346087787,51.1341808423659,49.23334049247215,157.78799438476562,133.5709991455078,172.38499450683594,133.447998046875
17.45,21.072746741142083,20.982314564018278,21.064358403732278,14.597518346025463,51.426188288656924,49.52534793883069,158.0800018310547,133.5709991455078,172.677001953125,133.447998046875
17.5,21.12869117499579,21.146402245462145,21.064358403932324,14.596526560035013,51.72017937752578,49.81834720647569,158.37399291992188,133.5709991455078,172.97000122070312,133.447998046875
17.55,21.170090730559743,20.982314564233057,21.06435840410904,14.595504257402045,52.01319390389386,50.11033939404518,158.66700744628906,133.5709991455078,173.26199340820312,133.447998046875
17.6,21.187227654852943,21.146402245732027,21.06435840429238,14.594512471414216,52.30819207283929,50.40434574176957,158.96200561523438,133.5709991455078,173.55599975585938,133.447998046875
17.650000000000002,21.175058553351406,20.982314564719875,21.064358404480128,14.591521854916673,52.60218316170668,50.695346108050224,159.25599670410156,133.5709991455078,173.8470001220703,133.447998046875
17.7,21.134342114838113,21.14640224615941,21.064358404665803,14.591521854979565,52.89619123416971,50.98935418057888,159.5500030517578,133.57200622558594,174.14100646972656,133.44900512695312
17.75,21.068427489599923,20.98231456502017,21.06435840484719,14.590514810591973,53.189190501752044,51.28134636814836,159.84300231933594,133.57200622558594,174.43299865722656,133.44900512695312
17.8,20.982709983363364,21.146402246493512,21.06435840503782,14.5915218549364,53.48118268925876,51.57434563579422,160.13499450683594,133.57200622558594,174.7259979248047,133.44900512695312
17.85,20.89274729784708,20.982314565486014,21.064358405234547,14.593520685194848,53.77119123418824,51.866353082152756,160.4250030517578,133.57200622558594,175.01800537109375,133.44900512695312
17.900000000000002,20.814050750445453,21.14640224696874,21.06435840542931,14.596526559939104,54.06118452032708,52.1593523497984,160.71499633789062,133.57200622558594,175.31100463867188,133.44900512695312
17.95,20.750329954867453,20.982314565736562,21.064358405601137,14.600508962432661,54.34919416388522,52.45134453736788,161.0030059814453,133.57200622558594,175.60299682617188,133.44900512695312
18.0,20.70864191363738,21.146402247352967,21.06435840579022,14.605513667763121,54.637188548651956,52.74434380501438,161.29100036621094,133.57200622558594,175.89599609375,133.44900512695312
18.05,20.697626349367027,20.982314566301497,21.064358405997062,14.609526586942788,54.92518464127477,53.03635293575913,161.57899475097656,133.572998046875,176.18800354003906,133.4499969482422
18.1,20.718829927201316,21.14643829671814,21.064362011095675,14.615523078672195,55.21218720475216,53.3293522034065,161.86599731445312,133.572998046875,176.4810028076172,133.4499969482422
18.150000000000002,20.77052573675983,20.982314566698513,21.064362011293536,14.61950548156438,55.50019684831011,53.621344390975985,162.1540069580078,133.572998046875,176.7729949951172,133.4499969482422
18.2,20.84807034226556,21.146402248156754,21.064362011493273,14.624525445637357,55.78918305437138,53.915350738700596,162.4429931640625,133.572998046875,177.06700134277344,133.4499969482422
18.25,20.94145415107973,20.982314566997776,21.064362011691035,14.624525445590788,56.08018342059157,54.20635110498147,162.73399353027344,133.572998046875,177.35800170898438,133.4499969482422
18.3,21.039733750040654,21.14640224856166,21.06436201189785,14.627516062588603,56.37118378681215,54.50034219391702,163.02499389648438,133.572998046875,177.65199279785156,133.4499969482422
18.35,21.133874600540185,20.98231456733235,21.06436201208248,14.626532779980725,56.66418478513158,54.79234964027556,163.3179931640625,133.57400512695312,177.94400024414062,133.4499969482422
18.400000000000002,21.21120292392734,21.146402249009018,21.06436201228651,14.62451018748817,56.95919821287068,55.08535063865555,163.61300659179688,133.57400512695312,178.23699951171875,133.4510040283203
18.45,21.26268246607578,20.982314567727883,21.06436201248564,14.621519570571031,57.25419638181779,55.37735808501409,163.9080047607422,133.57400512695312,178.5290069580078,133.4510040283203
18.5,21.291914668516757,21.1464022494043,21.064362012690772,14.619520740022915,57.549194550763225,55.67035735266059,164.2030029296875,133.57400512695312,178.82200622558594,133.4510040283203
18.55,21.298106478719806,20.9823145681657,21.064362012877194,14.61552307874437,57.84518454099784,55.96234954023007,164.49899291992188,133.57400512695312,179.11399841308594,133.4510040283203
18.6,21.279458848671453,21.146402249801135,21.06435840818549,14.61251720383809,58.14118979002281,56.25534880787744,164.7949981689453,133.57400512695312,179.40699768066406,133.4510040283203
18.650000000000002,21.23989427198924,20.982314568618282,21.06435840837747,14.609526587065103,58.436187958971885,56.54735625423598,165.08999633789062,133.57400512695312,179.69900512695312,133.4510040283203
18.7,21.184057909050196,21.146402250189144,21.06435840858071,14.607527756607757,58.73118779523245,56.84035720056784,165.38499450683594,133.5749969482422,179.99200439453125,133.45199584960938
18.75,21.117242073303803,20.982314569046714,21.0643584087856,14.606520712138522,59.02418706281706,57.13234938813645,165.67799377441406,133.5749969482422,180.28399658203125,133.45199584960938
18.8,21.04639390874135,21.146402250605654,21.06435840899,14.606520712189125,59.317186330401675,57.42534865578295,165.9709930419922,133.5749969482422,180.57699584960938,133.45199584960938
18.85,20.983682496388568,20.98231456948138,21.064358409204907,14.606520712097687,59.60919377669551,57.71735610214062,166.26300048828125,133.5749969482422,180.86900329589844,133.45199584960938
18.900000000000002,20.945666300603055,21.146402251038797,21.064358409407884,14.609511328792067,59.900194142908724,58.011347191075956,166.5540008544922,133.5749969482422,181.16299438476562,133.45199584960938
18.95,20.942785801519488,20.98231456986441,21.064358409621537,14.609511328716387,60.19119450911991,58.30234755735574,166.84500122070312,133.5749969482422,181.45399475097656,133.45199584960938
19.0,20.97756096902759,21.146402251443636,21.06435840982547,14.61251720372099,60.482194875331274,58.59635390508013,167.13600158691406,133.5749969482422,181.7480010986328,133.45199584960938
19.05,21.0449535397865,20.982314570336694,21.06435841004257,14.612508761252556,60.7741870628343,58.88834782935149,167.42799377441406,133.5749969482422,182.0399932861328,133.4530029296875
19.1,21.12944532685297,21.146402251852074,21.064358410247664,14.612508761346936,61.06718633041865,59.18134709699799,167.7209930419922,133.5749969482422,182.33299255371094,133.4530029296875
19.150000000000002,21.21393711742572,20.98231457071678,21.064358410457515,14.61051837316825,61.361194402887236,59.47335454335653,168.01499938964844,133.5760040283203,182.625,133.4530029296875
19.200000000000003,21.285506244133117,21.146402252292756,21.064358410667875,14.608519542743318,61.656192571838226,59.766353811003896,168.30999755859375,133.5760040283203,182.91799926757812,133.4530029296875
19.25,21.327518701284305,20.98231457108939,21.064358410872142,14.604521881698433,61.95219782086418,60.058361257362435,168.6060028076172,133.5760040283203,183.2100067138672,133.4530029296875
19.3,21.33101029989552,21.146402252712328,21.06435841108281,14.601531265215485,62.248187811098795,60.3513605250098,168.90199279785156,133.5760040283203,183.5030059814453,133.4530029296875
19.35,21.29468673362787,20.98231457151625,21.064358411286296,14.597518346037425,62.54419306012286,60.64335271257841,169.197998046875,133.5760040283203,183.7949981689453,133.4530029296875
19.400000000000002,21.224521815626822,21.14640225309359,21.064358411491774,14.594504146113968,62.84019830915005,60.936353658909404,169.49400329589844,133.5760040283203,184.08799743652344,133.45399475097656
19.450000000000003,21.1311379517479,20.98231457192776,21.06435841169811,14.592520572764794,63.13418939802495,61.228361105267076,169.78799438476562,133.5760040283203,184.3800048828125,133.45399475097656
19.5,21.026808959779313,21.146402253501094,21.064358411903854,14.594512471332415,63.42619852871017,61.52235219420241,170.0800018310547,133.57699584960938,184.6739959716797,133.45399475097656
19.55,20.929428814933164,20.982314572305093,21.064358412100695,14.59451247123402,63.717198894930036,61.81335256048307,170.37100219726562,133.57699584960938,184.96499633789062,133.45399475097656
19.6,20.853865149378407,21.146402253915674,21.064358412307055,14.598525390321846,64.00719218106869,62.107358908208326,170.66099548339844,133.57699584960938,185.25900268554688,133.45399475097656
19.650000000000002,20.80713718235206,20.982314572755467,21.06435841251092,14.600508962416047,64.2972007259925,62.399351095776936,170.9510040283203,133.57699584960938,185.55099487304688,133.45399475097656
19.700000000000003,20.79785030159923,21.1464022543617,21.064358412717816,14.605513667753153,64.58519511075816,62.69235036342344,171.23899841308594,133.57699584960938,185.843994140625,133.45399475097656
19.75,20.826073182037277,20.982314573190546,21.06435841292793,14.607504052879133,64.87520365568106,62.9843595463931,171.5290069580078,133.57699584960938,186.13600158691406,133.4550018310547
19.8,20.885509270709967,21.146402254781748,21.064358413134872,14.611516974577667,65.16418986174018,63.2773588140396,171.8179931640625,133.57699584960938,186.4290008544922,133.4550018310547
19.85,20.966221086220806,20.982314573628344,21.06435841334608,14.612508761251773,65.455190227959,63.56935100160821,172.10899353027344,133.57699584960938,186.7209930419922,133.4550018310547
19.900000000000002,21.056798291701384,21.146402255221577,21.06435841355888,14.613515806335888,65.74719767425792,63.86236552804464,172.4010009765625,133.57699584960938,187.01400756835938,133.4550018310547
19.950000000000003,21.146834765151517,20.982314573935973,21.064358413759702,14.612508761305358,66.04019694184531,64.15435771561413,172.69400024414062,133.57699584960938,187.30599975585938,133.4550018310547
20.0,21.215882204752134,21.146402255646016,21.064358413974198,14.611510159417605,66.33420501431281,64.4473569832615,172.98800659179688,133.5780029296875,187.5989990234375,133.4550018310547
20.05,21.249829999856985,20.982314574291724,21.06435841417286,14.608519542689988,66.62920318326007,64.73936442962004,173.2830047607422,133.5780029296875,187.89100646972656,133.4550018310547
20.1,21.25854183156243,21.146402256031692,21.06435841438446,14.605520607154272,66.92519317349453,65.03236537595103,173.57899475097656,133.5780029296875,188.1840057373047,133.45599365234375
20.150000000000002,21.245078428916834,20.98231457483228,21.064358414592142,14.602514730535823,67.22019134244015,65.32435756351964,173.87399291992188,133.5780029296875,188.4759979248047,133.45599365234375
20.200000000000003,21.209906706492085,21.146402256376494,21.064358414793624,14.601507685676406,67.51520477017647,65.61836391124403,174.16900634765625,133.5780029296875,188.77000427246094,133.45599365234375
20.25,21.15720148959841,20.982314575233495,21.06435841499792,14.599508854011313,67.80919585904743,65.91035609881264,174.46299743652344,133.5780029296875,189.06199645996094,133.45599365234375
20.3,21.091681724533796,21.14640225682396,21.06435841520214,14.599508854064775,68.10219512663079,66.20335536645915,174.75599670410156,133.5780029296875,189.35499572753906,133.45599365234375
20.35,21.02083358508781,20.982314575633072,21.064358415402612,14.59852539030338,68.39519607289887,66.49536281281682,175.0489959716797,133.57899475097656,189.64700317382812,133.45599365234375
20.400000000000002,20.94732126662008,21.14640225724427,21.06435841560488,14.600524220780123,68.6861964391149,66.78836208046333,175.33999633789062,133.57899475097656,189.94000244140625,133.45599365234375
20.450000000000003,20.87528523250492,20.982314576046576,21.06435841581594,14.60249934468825,68.97620498404059,67.08035600473556,175.6300048828125,133.57899475097656,190.23199462890625,133.45700073242188
20.5,20.822257266630515,21.146402257672758,21.064358416018614,14.605505221311459,69.2661982701755,67.37335527238294,175.9199981689453,133.57899475097656,190.52499389648438,133.45700073242188
20.55,20.79982969809657,20.98231457643839,21.06435841623328,14.608511097842353,69.55519973501961,67.66536271874148,176.20899963378906,133.57899475097656,190.81700134277344,133.45700073242188
20.6,20.812645949084875,21.146402258063006,21.06435841643641,14.612508761289112,69.84420119986356,67.95836198638885,176.4980010986328,133.57899475097656,191.11000061035156,133.45700073242188
20.650000000000002,20.858113940126405,20.982314576871957,21.064358416640374,14.61549937968073,70.13320266470944,68.25035417395746,176.78700256347656,133.57899475097656,191.40199279785156,133.45700073242188
20.700000000000003,20.931265777364676,21.146402258478254,21.06435841685055,14.618520514780812,70.42319595084778,68.54336870039302,177.07699584960938,133.57899475097656,191.69500732421875,133.45700073242188
20.75,21.025190378861176,20.98231457729952,21.064358417057154,14.61850538382119,70.71520513375721,68.83536257243586,177.36900329589844,133.5800018310547,191.98699951171875,133.45799255371094
20.8,21.128834455436238,21.146402258895286,21.064358417264284,14.619512428926528,71.0082044013455,69.12936892016025,177.66200256347656,133.5800018310547,192.281005859375,133.45799255371094
20.85,21.231470862887107,20.982314577741427,21.06435841747512,14.6165218103977,71.3021954902216,69.42036928644004,177.95599365234375,133.5800018310547,192.57200622558594,133.45799255371094
20.900000000000002,21.32478262096278,21.146402259335638,21.064358417684257,14.61450772052278,71.59820073925147,69.71436037537536,178.2519989013672,133.5800018310547,192.86599731445312,133.45799255371094
20.950000000000003,21.397429801689476,20.98231457816613,21.064358417896212,14.610510057088515,71.89420598827826,70.00636782173304,178.54800415039062,133.5800018310547,193.1580047607422,133.45799255371094
21.0,21.436203003574125,21.146402259729246,21.064358418101865,14.605520607188804,72.19219487988036,70.29936708937954,178.8459930419922,133.5800018310547,193.4510040283203,133.45799255371094
21.05,21.434258057922367,20.98231457852799,21.064358418310825,14.599508854076163,72.49019903027114,70.59135927694729,179.1439971923828,133.5800018310547,193.7429962158203,133.45799255371094
21.1,21.390626853649326,21.14640226019861,21.064358418524385,14.595511063501965,72.78719775667476,70.88436027532642,179.4409942626953,133.58099365234375,194.03599548339844,133.45899963378906
21.150000000000002,21.313586890432443,20.982314578918437,21.064358418729036,14.590506355477073,73.08421008578374,71.17636772168322,179.73800659179688,133.58099365234375,194.3280029296875,133.45899963378906
21.200000000000003,21.21649341464559,21.14640226060154,21.064358418941364,14.588507524035114,73.37920825474077,71.46936698932886,180.0330047607422,133.58099365234375,194.62100219726562,133.45899963378906
21.25,21.11180564134112,20.982314579337107,21.064358419145123,14.586508692464145,73.67319934362082,71.7613591768966,180.32699584960938,133.58099365234375,194.91299438476562,133.45899963378906
21.3,21.010214636958246,21.146402260992076,21.064358419354804,14.587500479109769,73.96520678992137,72.05435844454311,180.61900329589844,133.58099365234375,195.20599365234375,133.45899963378906
21.35,20.927089255099688,20.982314579811373,21.0643584195618,14.58850752387788,74.25620715613988,72.34636589090078,180.91000366210938,133.58099365234375,195.4980010986328,133.45899963378906
21.400000000000002,20.872909430754838,21.146402261451296,21.064358419773363,14.592520445179698,74.5462004422756,72.64037223862604,181.1999969482422,133.58099365234375,195.79200744628906,133.45899963378906
21.450000000000003,20.84533371063751,20.98231458008664,21.064358419965416,14.59348858956202,74.83620898719784,72.93135908883096,181.49000549316406,133.58099365234375,196.08299255371094,133.4600067138672
21.5,20.8453697602174,21.146402261826275,21.064358420175118,14.598501681550273,75.12521220671664,73.22536543655622,181.7790069580078,133.58200073242188,196.3769989013672,133.4600067138672
21.55,20.87366644544743,20.98231458045716,21.064358420368034,14.600515771328046,75.41520549285129,73.51737288291476,182.06900024414062,133.58200073242188,196.66900634765625,133.4600067138672
21.6,20.92464133643003,21.146402262242756,21.06435842057245,14.603521647952995,75.70519877898873,73.81037215056126,182.35899353027344,133.58200073242188,196.96200561523438,133.4600067138672
21.650000000000002,20.99203394581903,20.982314580979995,21.064358420778603,14.603506389646693,75.9972062252843,74.10236433812987,182.6510009765625,133.58200073242188,197.25399780273438,133.4600067138672
21.700000000000003,21.066878375823357,21.146402262647744,21.064358420983222,14.604513434683607,76.28919841279178,74.39536360577638,182.9429931640625,133.58200073242188,197.5469970703125,133.4600067138672
21.75,21.144349211216962,20.982314581409828,21.064358421190498,14.603521647949552,76.58219768037667,74.68737105213405,183.23599243164062,133.58200073242188,197.83900451660156,133.4600067138672
21.8,21.218977328408872,21.14640226305302,21.064358421396587,14.602506350801725,76.87620402803836,74.98037199846505,183.52999877929688,133.58200073242188,198.1320037841797,133.46099853515625
21.85,21.278882041049293,20.982314581867836,21.064358421602233,14.598493427037248,77.17220927706497,75.27236418603366,183.8260040283203,133.58200073242188,198.4239959716797,133.46099853515625
21.900000000000002,21.31898559389672,21.14640226347829,21.064358421804933,14.596502850136485,77.4672091133211,75.56536345368016,184.12100219726562,133.58299255371094,198.7169952392578,133.46099853515625
21.950000000000003,21.33046974884326,20.98231458224911,21.06435842202118,14.591513400369456,77.76420618363365,75.8573709000387,184.41799926757812,133.58299255371094,199.00900268554688,133.46099853515625
22.0,21.31099475437821,21.14640226391989,21.06435842223054,14.588507524075562,78.06021143265771,76.15037016768608,184.71400451660156,133.58299255371094,199.302001953125,133.46099853515625
22.05,21.2635457944986,20.9823145825824,21.064358422443064,14.585501647664916,78.35520960160589,76.44236235525555,185.00900268554688,133.58299255371094,199.593994140625,133.46099853515625
22.1,21.19514554295018,21.14640226435895,21.064358422654685,14.584509861125547,78.65020777055663,76.73636870298081,185.3040008544922,133.58299255371094,199.88800048828125,133.46099853515625
22.150000000000002,21.114613983624327,20.98231458305086,21.06435842286177,14.581495593952756,78.9442141182201,77.02737081188253,185.59800720214844,133.58299255371094,200.1790008544922,133.46200561523438
22.200000000000003,21.030769347168373,21.14640226472346,21.064358423069343,14.58351807448828,79.23620804243012,77.32137715960693,185.88999938964844,133.58399963378906,200.47300720214844,133.46200561523438
22.25,20.95715058283453,20.982314583493043,21.06435842327766,14.583502816140225,79.52821548872491,77.61336934717554,186.1820068359375,133.58399963378906,200.76499938964844,133.46200561523438
22.3,20.90962950908976,21.146402265163093,21.06435842348867,14.585501647634567,79.81921585493858,77.90636861482204,186.47300720214844,133.58399963378906,201.05799865722656,133.46200561523438
22.35,20.890657463400295,20.98231458393846,21.064358423695733,14.58751573727022,80.10920914107176,78.19837606117972,186.76300048828125,133.58399963378906,201.35000610351562,133.46200561523438
22.400000000000002,20.89699348682966,21.146402265512172,21.064358423899122,14.59052161369222,80.39920242720466,78.49137532882622,187.05299377441406,133.58399963378906,201.64300537109375,133.46200561523438
22.450000000000003,20.928457330415455,20.98231458427025,21.064358424101236,14.592505186879555,80.689210972128,78.7833675163957,187.34300231933594,133.58399963378906,201.93499755859375,133.46200561523438
22.5,20.9807299749583,21.146438314856,21.064362029194847,14.593503974456995,80.98120315963159,79.07636846272756,187.63499450683594,133.58399963378906,202.22799682617188,133.46299743652344
22.55,21.048014430725242,20.982314584700358,21.064362029406645,14.594511019866538,81.27220352584779,79.36837590908523,187.92599487304688,133.58399963378906,202.52000427246094,133.46299743652344
22.6,21.116701368925394,21.146402266369215,21.064362029607672,14.594511019960821,81.56520279343162,79.66137517673174,188.218994140625,133.58399963378906,202.81300354003906,133.46299743652344
22.650000000000002,21.16793032401118,20.98231458510362,21.064362029812948,14.592505314526624,81.85921086589718,79.95336736430035,188.51300048828125,133.5850067138672,203.10499572753906,133.46299743652344
22.700000000000003,21.188557182792046,21.146402266820854,21.064362030022686,14.59250531461223,82.15321721355497,80.24737371202474,188.8070068359375,133.5850067138672,203.3990020751953,133.46299743652344
22.75,21.17203477080304,20.98231458554759,21.06436203022814,14.588507651584056,82.4482153825003,80.53837407830453,189.1020050048828,133.5850067138672,203.69000244140625,133.46299743652344
22.8,21.11943769921246,21.1464022672352,21.06436203043535,14.589491050985153,82.74121465007954,80.83236689213537,189.39500427246094,133.5850067138672,203.98399353027344,133.46400451660156
22.85,21.037754298803524,20.98231458583897,21.0643620306254,14.588499263718083,83.03421391766203,81.12437433849391,189.68800354003906,133.5850067138672,204.2760009765625,133.46400451660156
22.900000000000002,20.937529730154342,21.058741774716484,21.05559598154583,14.589491050648206,83.32521428388026,81.41636652673975,189.97900390625,133.5850067138672,204.5679931640625,133.46400451660156
22.950000000000003,20.83032199398992,20.981413353468444,21.05550585846565,14.59150514148279,83.6152075700218,81.70837397305039,190.2689971923828,133.5850067138672,204.86000061035156,133.46400451660156
23.0,20.726353489912874,21.146510410323202,21.05551306801237,14.595511063110884,83.90421073677925,82.00137324072399,190.55799865722656,133.58599853515625,205.1529998779297,133.46400451660156
23.05,20.633330125422226,20.98235062869283,21.05551667241162,14.600515771091127,84.19121330026121,82.29338068705518,190.84500122070312,133.58599853515625,205.44500732421875,133.46400451660156
23.1,20.562121523344057,21.146402264198805,21.055516672194578,14.607519310964303,84.47720878366225,82.58637995473161,191.13099670410156,133.58599853515625,205.73800659179688,133.46400451660156
23.150000000000002,20.52493279133796,20.982314580987197,21.055516671782936,14.614499347165008,84.76221244577188,82.87837382675056,191.41600036621094,133.58599853515625,206.02999877929688,133.46499633789062
23.200000000000003,20.52543748746112,21.14640226491901,21.055516671592752,14.622494678799569,85.04721610788162,83.17137309442596,191.7010040283203,133.58599853515625,206.322998046875,133.46499633789062
23.25,20.56287687538266,20.982314581738724,21.05551667121187,14.629513481521615,85.33220451120503,83.46338054075903,191.98599243164062,133.58599853515625,206.61500549316406,133.46499633789062
23.3,20.631026506860614,21.146402265829657,21.055516671071313,14.636501768070517,85.61821525339995,83.75637980843162,192.27200317382812,133.58599853515625,206.9080047607422,133.46499633789062
23.35,20.72023384917893,20.982314583149215,21.05551667080234,14.640499434193456,85.9062096381766,84.04837199598192,192.55999755859375,133.58599853515625,207.1999969482422,133.46499633789062
23.400000000000002,20.821105600724408,21.146402266676862,21.064282719998378,14.645488887959548,86.19421928174404,84.34137126365074,192.84800720214844,133.58599853515625,207.4929962158203,133.46499633789062
23.450000000000003,20.921258100025884,20.982314584031396,21.064372843054674,14.647511333397148,86.48421431656169,84.6333787099916,193.13800048828125,133.58700561523438,207.78500366210938,133.46499633789062
23.5,21.01168939272261,21.146402267440372,21.06436202876639,14.64950181261884,86.77620650407013,84.92737152384014,193.42999267578125,133.58700561523438,208.07899475097656,133.46600341796875
23.55,21.086750110591176,20.982314584941104,21.064358424391216,14.649501812574327,87.06821395036357,85.21937897018309,193.7220001220703,133.58700561523438,208.37100219726562,133.46600341796875
23.6,21.144279026914642,21.146402268155395,21.064358424786874,14.6495018126648,87.36121321794337,85.51237823784626,194.01499938964844,133.58700561523438,208.66400146484375,133.46600341796875
23.650000000000002,21.178837930022688,20.982314585889903,21.064358425277142,14.647487721166277,87.65521956559982,85.8043704254017,194.3090057373047,133.58700561523438,208.95599365234375,133.46600341796875
23.700000000000003,21.184130254311338,21.14640226886225,21.064358425671468,14.645488888091085,87.95021773454538,86.09736969306392,194.60400390625,133.58700561523438,209.24899291992188,133.46600341796875
23.75,21.160695020996105,20.9823145865723,21.064358426154826,14.643505313148962,88.24420882341451,86.38937713941058,194.8979949951172,133.58700561523438,209.54100036621094,133.46600341796875
23.8,21.111553483214312,21.14640226945657,21.064358426517515,14.643513542411489,88.53720976968171,86.6823764070702,195.1909942626953,133.58799743652344,209.83399963378906,133.46600341796875
23.85,21.04823097872905,20.982314587420664,21.064358426944658,14.642513525695657,88.83020903726653,86.97438553780387,195.48399353027344,133.58799743652344,210.12600708007812,133.4669952392578
23.900000000000002,20.99041365590047,21.146402270124526,21.064358427289427,14.643505313174758,89.1222164835623,87.2673848054616,195.7760009765625,133.58799743652344,210.41900634765625,133.4669952392578
23.950000000000003,20.948653540384164,20.982314588109237,21.064358427697208,14.644497100521578,89.41321684977785,87.5593769930206,196.06700134277344,133.58799743652344,210.71099853515625,133.4669952392578
24.0,20.925865451351175,21.146402270695354,21.064358428022707,14.646495933724973,89.70421721599075,87.85237626067557,196.35800170898438,133.58799743652344,211.00399780273438,133.4669952392578
24.05,20.92730566423881,20.84004162582482,21.05013113211108,14.647502979185026,89.99421050212386,88.1433766278729,196.6479949951172,133.58799743652344,211.2949981689453,133.4669952392578
24.1,20.957797863274855,18.869978219497966,20.822488727245336,14.637508813995682,90.28521086833496,88.42438266262604,196.93899536132812,133.58799743652344,211.5760040283203,133.4669952392578
24.150000000000002,21.015146510002026,15.863933992130725,20.31065066786942,14.587500688290298,90.57722005123759,88.66637572325077,197.2310028076172,133.58900451660156,211.8179931640625,133.4669952392578
24.200000000000003,21.09542569440986,15.57952763021616,19.753963204004812,14.531518224944662,90.86921223874154,88.90238403347077,197.5229949951172,133.58900451660156,212.0540008544922,133.4669952392578
24.25,21.18683026846377,15.168980937632865,19.172629839110865,14.46650948121433,91.16321858640349,89.13139648246435,197.81700134277344,133.58900451660156,212.2830047607422,133.46800231933594
24.3,21.268297367726372,14.63780610678034,18.521770222843244,14.395513350752806,91.45821675535429,89.35543620767933,198.11199951171875,133.58900451660156,212.5070037841797,133.46800231933594
24.35,21.321289259633588,14.017533862327706,17.825292150333947,14.315517643753642,91.75422200438054,89.571538994466,198.4080047607422,133.58900451660156,212.72300720214844,133.46800231933594
24.400000000000002,21.331765759379607,13.32973792697758,17.043625716019253,14.228538928336132,92.05021199461527,89.78070277355341,198.70399475097656,133.58900451660156,212.9320068359375,133.46800231933594
24.450000000000003,21.293390827139714,12.577839399262157,16.203178197134545,14.132549683631686,92.34621724363942,89.98091809667815,199.0,133.58900451660156,213.1320037841797,133.46800231933594
24.5,21.208286203877364,11.812175316101358,15.269755501675146,14.029588837063171,92.6412170798995,90.17317611700558,199.2949981689453,133.58999633789062,213.32400512695312,133.46800231933594
24.55,21.08415778038648,11.174692915652722,14.303220630657936,13.92259613489406,92.93522342756725,90.36022445789425,199.58900451660156,133.58999633789062,213.51100158691406,133.46800231933594
24.6,20.931914626172997,10.422587104516134,13.458481519159752,13.808613094486416,93.22622379379578,90.53725666209425,199.8800048828125,133.58999633789062,213.68800354003906,133.46800231933594
24.650000000000002,20.76332586880344,9.682778236320814,12.840365943578764,13.685625854515997,93.516217079949,90.70426662352916,200.1699981689453,133.58999633789062,213.85499572753906,133.46800231933594
24.700000000000003,20.588328999347038,8.927616669100146,12.17517484746716,13.553634228189045,93.80321964344512,90.85927445950291,200.45700073242188,133.58999633789062,214.00999450683594,133.46800231933594
24.75,20.414197282126963,8.151670234751155,11.47344377717899,13.41465251300969,94.08721622549275,91.0042825960597,200.74099731445312,133.58999633789062,214.15499877929688,133.46800231933594
24.8,20.256733971063987,7.362130259196498,10.745876192420605,13.265659952252609,94.36921390616746,91.1372794393279,201.0229949951172,133.58999633789062,214.28799438476562,133.46800231933594
24.85,20.111582212808152,6.553296335436715,9.999452439731504,13.107679146882063,94.64921268546955,91.25928886259494,201.30299377441406,133.58999633789062,214.41000366210938,133.46800231933594
24.900000000000002,19.962468517260273,5.721675516962056,9.23864619872995,12.938681037355677,94.92821964348039,91.36928954419577,201.58200073242188,133.58999633789062,214.52000427246094,133.46800231933594
24.950000000000003,19.80176596478513,4.877354305768336,8.46859768938057,12.761696614322666,95.20321538401984,91.46728222707362,201.85699462890625,133.59100341796875,214.6179962158203,133.46800231933594
25.0,19.605385313063262,4.02822428136542,7.690202585906976,12.572709327831992,95.47721745921774,91.55229096211615,202.13099670410156,133.59100341796875,214.7030029296875,133.46800231933594
25.05,19.371637396459644,3.16913261711232,6.889646556052935,12.376702986947294,95.74722173168342,91.62628470263739,202.4010009765625,133.59100341796875,214.77699279785156,133.46800231933594
25.1,19.101133339755236,0.5308169455536085,5.900469540156683,12.119708057732836,96.0142200227082,91.63772601492394,202.66799926757812,133.59100341796875,214.78700256347656,133.46800231933594
25.150000000000002,18.79786940765606,0.790253680515824,5.011217084576184,11.858693813524221,96.27722051100342,91.64630581338882,202.93099975585938,133.59100341796875,214.78900146484375,133.46800231933594
25.200000000000003,18.46778510189522,0.8957009862354438,4.208025516289714,11.604684749770009,96.5352161164902,91.65700015784584,203.18899536132812,133.59100341796875,214.79299926757812,133.46800231933594
25.25,18.115381386438276,0.8821664088684433,3.4810751337014425,11.35368936772424,96.78921391924575,91.66756243400857,203.4429931640625,133.59100341796875,214.79600524902344,133.46800231933594
25.3,17.743072983197155,0.7864139762878581,2.823503505410579,11.109691622096058,97.03721504921432,91.67755932701927,203.6909942626953,133.59100341796875,214.8000030517578,133.46800231933594
25.35,17.353513137701167,0.6424466682963902,2.232418538696546,10.86869229157977,97.2812183758378,91.68558058539845,203.93499755859375,133.59100341796875,214.80299377441406,133.46800231933594
25.400000000000002,16.94750549980564,0.47902967794867535,1.708153954795208,10.635723017957462,97.51821789418085,91.69229270168066,204.1719970703125,133.59100341796875,214.8070068359375,133.46800231933594
25.450000000000003,16.523352319071225,0.3186798217469133,1.2522865063930655,10.406733932456923,97.75022990255317,91.69675771023266,204.4040069580078,133.5919952392578,214.80999755859375,133.46800231933594
25.5,16.077204368117815,0.17829733258663547,0.8672938115151873,10.182752799223406,97.9762278273676,91.69924773796387,204.6300048828125,133.5919952392578,214.81199645996094,133.46800231933594
25.55,15.603480759291458,0.07638406396917397,0.5580189562008726,9.965774146981142,98.1952219683119,91.70124676595711,204.8489990234375,133.5919952392578,214.81399536132812,133.46800231933594
25.6,15.097319995973953,0.06734678727759824,0.5116719403732717,9.754791286052376,98.40821940538191,91.70349250934981,205.06199645996094,133.5919952392578,214.8159942626953,133.46800231933594
25.650000000000002,14.554404781071899,0.10898955759887476,0.4435455280815767,9.550811817246847,98.61322123701038,91.70544329124944,205.26699829101562,133.5919952392578,214.81700134277344,133.46800231933594
25.700000000000003,13.971960260189046,0.13491811225531405,0.3674672406835638,9.353821012945346,98.81022746305614,91.7074144513111,205.46400451660156,133.5919952392578,214.81700134277344,133.46800231933594
25.75,13.382064772622885,0.1410376481469469,0.2933543646114142,9.16383443177065,99.0002299047978,91.70941202135266,205.6540069580078,133.5919952392578,214.81700134277344,133.46800231933594
25.8,12.796848774964797,0.1315819063324065,0.227871157615869,8.98285084996229,99.18122966089302,91.7112389612242,205.8350067138672,133.5919952392578,214.81700134277344,133.46800231933594
25.85,12.182976491261066,0.11184529768322764,0.17481102055455272,8.810870145589796,99.35322673135664,91.71277182109164,206.0070037841797,133.5919952392578,214.81700134277344,133.46800231933594
25.900000000000002,11.555928318263042,0.08679168893106061,0.13558722165279127,8.646885144303322,99.51722819628831,91.71395151121517,206.17100524902344,133.5919952392578,214.81700134277344,133.46800231933594
25.950000000000003,10.917072455690183,0.060529532180446606,0.1097721926961446,8.490895655811325,99.67222697563128,91.71524876774676,206.3260040283203,133.5919952392578,214.8159942626953,133.46800231933594
26.0,10.267992443594986,0.0361126171355015,0.0955537211510312,8.344915462576708,99.81822306940371,91.71573334873575,206.4720001220703,133.5919952392578,214.8159942626953,133.46800231933594
26.05,9.59356833922262,0.015684877942595456,0.08948380254837335,8.207937465840923,99.95521647761484,91.71593667174785,206.60899353027344,133.5919952392578,214.8159942626953,133.46800231933594
26.1,8.911080444177193,0.004623606885785621,0.0832114845091921,8.07994632204682,100.0832224590618,91.71595105276539,206.73699951171875,133.5919952392578,214.8159942626953,133.46800231933594
26.150000000000002,8.223264180028067,0.013005548794783491,0.07361308362878297,7.961964179732983,100.20121867488217,91.71611737376408,206.85499572753906,133.5919952392578,214.8159942626953,133.46800231933594
26.200000000000003,7.532963978505308,0.019277718889803928,0.062049044292231945,7.853975711298208,100.30922038386672,91.71637463675326,206.96299743652344,133.5919952392578,214.8159942626953,133.46800231933594
26.25,6.836868055307037,0.021855812894787604,0.05013086076701602,7.7549891501042,100.40821940730511,91.7166711917471,207.06199645996094,133.5919952392578,214.8159942626953,133.46800231933594
26.3,6.132024272006853,0.021487722486460907,0.039121442382421455,7.665996120453702,100.49722392390856,91.71696656378664,207.1510009765625,133.5919952392578,214.8159942626953,133.46800231933594
26.35,5.418432223894399,0.0190723420297894,0.029844146817077633,7.58600485431684,100.57722575496649,91.71723233373815,207.2310028076172,133.5919952392578,214.8159942626953,133.46800231933594
26.400000000000002,4.695191935769948,0.0,0.021164977923971574,7.517013912364841,100.64622599911273,91.71723233373815,207.3000030517578,133.5919952392578,214.8159942626953,133.46800231933594
26.450000000000003,3.9628081012901655,0.0,0.015112024705926912,7.458031523047625,100.70521647763735,91.71723233373815,207.35899353027344,133.5919952392578,214.8159942626953,133.46800231933594
26.5,2.219889606487731,0.0,0.011500762992376764,7.414031293559477,100.74922282571639,91.71723233373815,207.4029998779297,133.5919952392578,214.8159942626953,133.46800231933594
26.55,0.0006236739482872865,0.0,0.009932275198117218,7.404038185886795,100.75921736349521,91.71723233373815,207.41299438476562,133.5919952392578,214.8159942626953,133.46800231933594
26.6,1.4544322029033561e-05,0.0,0.009469914509538654,7.404038185736209,100.75922522339208,91.71723233373815,207.41299438476562,133.5919952392578,214.8159942626953,133.46800231933594
26.650000000000002,1.6622105064799272e-05,0.0,0.008169359630060305,7.404038185887583,100.75923312333582,91.71723233373815,207.41299438476562,133.5919952392578,214.8159942626953,133.46800231933594
26.700000000000003,2.1960150865824156e-05,0.0,0.0062415877410799125,7.404038186195376,100.7592479932977,91.71723233373815,207.41299438476562,133.5919952392578,214.8159942626953,133.46800231933594
26.75,2.3688309194980306e-05,0.0,0.0040560064516011515,7.404038186586968,100.75926512334665,91.71723233373815,207.41299438476562,133.5919952392578,214.8159942626953,133.46800231933594
26.8,2.2669604667732232e-05,0.0,0.001907234202955061,7.404038187006093,100.75928179332224,91.71723233373815,207.41299438476562,133.5919952392578,214.8159942626953,133.46800231933594
26.85,1.9877041532965743e-05,0.0,0.0,7.404038187416161,100.7592968233552,91.71723233373815,207.41299438476562,133.5919952392578,214.8159942626953,133.46800231933594
26.900000000000002,1.720697825667945e-05,0.0,0.0,7.404038187794547,100.75930979330262,91.71723233373815,207.41299438476562,133.5919952392578,214.8159942626953,133.46800231933594
26.950000000000003,0.0,0.0,0.0,7.404038187794547,100.75930979330262,91.71723233373815,207.41299438476562,133.5919952392578,214.8159942626953,133.46800231933594
27.0,5.202486385733727e-06,0.0,0.0,7.4040381881617074,100.75932169339323,91.71723233373815,207.41299438476562,133.5919952392578,214.8159942626953,133.46800231933594
27.05,6.9452907392336e-06,0.0,0.0,7.404038188318123,100.75932658330241,91.71723233373815,207.41299438476562,133.5919952392578,214.8159942626953,133.46800231933594
27.1,7.268197720542374e-06,0.0,0.0,7.404038188492628,100.75933192338964,91.71723233373815,207.41299438476562,133.5919952392578,214.8159942626953,133.46800231933594
27.150000000000002,6.871968205755498e-06,0.0,0.0,7.404038188663217,100.75933703332377,91.71723233373815,207.41299438476562,133.5919952392578,214.8159942626953,133.46800231933594
27.200000000000003,6.109827812060843e-06,0.0,0.0,7.404038188817737,100.7593415732885,91.71723233373815,207.41299438476562,133.5919952392578,214.8159942626953,133.46800231933594
27.25,5.279311179797527e-06,0.0,0.0,7.404038188952351,100.75934546330647,91.71723233373815,207.41299438476562,133.5919952392578,214.8159942626953,133.46800231933594
27.3,6.267682822382675e-06,0.0,0.0,7.404038189064621,100.75934866333084,91.71723233373815,207.41299438476562,133.5919952392578,214.8159942626953,133.46800231933594
27.35,5.129846669178848e-06,0.0,0.0,7.404038189156857,100.75935126335064,91.71723233373815,207.41299438476562,133.5919952392578,214.8159942626953,133.46800231933594
27.400000000000002,1.7221864113878307e-06,0.0,0.0,7.404038189156857,100.75935126335064,91.71723233373815,207.41299438476562,133.5919952392578,214.8159942626953,133.46800231933594
27.450000000000003,1.4600425887030942e-06,0.0,0.0,7.404038189218018,100.7593529733753,91.71723233373815,207.41299438476562,133.5919952392578,214.8159942626953,133.46800231933594
27.5,1.5137135245964926e-06,0.0,0.0,7.404038189257931,100.7593540833954,91.71723233373815,207.41299438476562,133.5919952392578,214.8159942626953,133.46800231933594
27.55,1.637020263530418e-06,0.0,0.0,7.404038189296561,100.75935515336862,91.71723233373815,207.41299438476562,133.5919952392578,214.8159942626953,133.46800231933594
27.6,3.3181712151263224e-06,0.0,0.0,7.404038189333892,100.75935618329497,91.71723233373815,207.41299438476562,133.5919952392578,214.8159942626953,133.46800231933594
27.650000000000002,2.4623303923501666e-06,0.0,0.0,7.404038189333892,100.75935618329497,91.71723233373815,207.41299438476562,133.5919952392578,214.8159942626953,133.46800231933594
27.700000000000003,3.2895336874461966e-06,0.0,0.0,7.404038189390712,100.7593577433767,91.71723233373815,207.41299438476562,133.5919952392578,214.8159942626953,133.46800231933594
27.75,5.033582975214268e-06,0.0,0.0,7.404038189390712,100.7593577433767,91.71723233373815,207.41299438476562,133.5919952392578,214.8159942626953,133.46800231933594
27.8,5.196753458771007e-07,0.0,0.0,7.404038189390712,100.7593577433767,91.71723233373815,207.41299438476562,133.5919952392578,214.8159942626953,133.46800231933594
27.85,5.741784537508024e-07,0.0,0.0,7.404038189429871,100.75935881334992,91.71723233373815,207.41299438476562,133.5919952392578,214.8159942626953,133.46800231933594
27.900000000000002,7.863334597336667e-07,0.0,0.0,7.404038189429871,100.75935881334992,91.71723233373815,207.41299438476562,133.5919952392578,214.8159942626953,133.46800231933594
27.950000000000003,6.619627641520798e-07,0.0,0.0,7.404038189429871,100.75935881334992,91.71723233373815,207.41299438476562,133.5919952392578,214.8159942626953,133.46800231933594
28.0,1.1752969568766121e-06,0.0,0.0,7.404038189429871,100.75935881334992,91.71723233373815,207.41299438476562,133.5919952392578,214.8159942626953,133.46800231933594
28.05,4.298003810381103e-06,0.0,0.0,7.404038189429871,100.75935881334992,91.71723233373815,207.41299438476562,133.5919952392578,214.8159942626953,133.46800231933594
28.1,4.296027276676753e-06,0.0,0.0,7.404038189467715,100.75935984339269,91.71723233373815,207.41299438476562,133.5919952392578,214.8159942626953,133.46800231933594
28.150000000000002,6.181548851145469e-06,0.0,0.0,7.404038189467715,100.75935984339269,91.71723233373815,207.41299438476562,133.5919952392578,214.8159942626953,133.46800231933594
28.200000000000003,4.190579852813969e-06,0.0,0.0,7.404038189467715,100.75935984339269,91.71723233373815,207.41299438476562,133.5919952392578,214.8159942626953,133.46800231933594
28.25,1.1157725925626407e-07,0.0,0.0,7.404038189467715,100.75935984339269,91.71723233373815,207.41299438476562,133.5919952392578,214.8159942626953,133.46800231933594
28.3,5.868522354905859e-07,0.0,0.0,7.404038189467715,100.75935984339269,91.71723233373815,207.41299438476562,133.5919952392578,214.8159942626953,133.46800231933594
28.35,3.2280735193214463e-06,0.0,0.0,7.404038189467715,100.75935984339269,91.71723233373815,207.41299438476562,133.5919952392578,214.8159942626953,133.46800231933594
28.400000000000002,1.9245061160379667e-06,0.0,0.0,7.404038189467715,100.75935984339269,91.71723233373815,207.41299438476562,133.5919952392578,214.8159942626953,133.46800231933594
28.450000000000003,3.2616462387808132e-06,0.0,0.0,7.404038189467715,100.75935984339269,91.71723233373815,207.41299438476562,133.5919952392578,214.8159942626953,133.46800231933594
28.5,2.6094516202317563e-06,0.0,0.0,7.404038189467715,100.75935984339269,91.71723233373815,207.41299438476562,133.5919952392578,214.8159942626953,133.46800231933594
28.55,5.184085332424232e-06,0.0,0.0,7.404038189467715,100.75935984339269,91.71723233373815,207.41299438476562,133.5919952392578,214.8159942626953,133.46800231933594
28.6,4.565869377459415e-06,0.0,0.0,7.404038189467715,100.75935984339269,91.71723233373815,207.41299438476562,133.5919952392578,214.8159942626953,133.46800231933594
28.650000000000002,2.4488579926603545e-07,0.0,0.0,7.404038189467715,100.75935984339269,91.71723233373815,207.41299438476562,133.5919952392578,214.8159942626953,133.46800231933594
28.700000000000003,8.990192014729521e-07,0.0,0.0,7.404038189467715,100.75935984339269,91.71723233373815,207.41299438476562,133.5919952392578,214.8159942626953,133.46800231933594
28.75,2.2665513706942363e-06,0.0,0.0,7.404038189467715,100.75935984339269,91.71723233373815,207.41299438476562,133.5919952392578,214.8159942626953,133.46800231933594
28.8,4.8747053626961915e-06,0.0,0.0,7.404038189467715,100.75935984339269,91.71723233373815,207.41299438476562,133.5919952392578,214.8159942626953,133.46800231933594
28.85,6.213847046375383e-06,0.0,0.0,7.404038189467715,100.75935984339269,91.71723233373815,207.41299438476562,133.5919952392578,214.8159942626953,133.46800231933594
28.900000000000002,6.24783958478751e-06,0.0,0.0,7.404038189467715,100.75935984339269,91.71723233373815,207.41299438476562,133.5919952392578,214.8159942626953,133.46800231933594
28.950000000000003,6.934442055836598e-06,0.0,0.0,7.404038189467715,100.75935984339269,91.71723233373815,207.41299438476562,133.5919952392578,214.8159942626953,133.46800231933594
29.0,6.0418912880183885e-06,0.0,0.0,7.404038189467715,100.75935984339269,91.71723233373815,207.41299438476562,133.5919952392578,214.8159942626953,133.46800231933594
29.05,0.0,0.0,0.0,7.404038189467715,100.75935984339269,91.71723233373815,207.41299438476562,133.5919952392578,214.8159942626953,133.46800231933594
29.1,5.149448310032235e-07,0.0,0.0,7.404038189467715,100.75935984339269,91.71723233373815,207.41299438476562,133.5919952392578,214.8159942626953,133.46800231933594
29.150000000000002,3.4351876666897145e-07,0.0,0.0,7.404038189467715,100.75935984339269,91.71723233373815,207.41299438476562,133.5919952392578,214.8159942626953,133.46800231933594
29.200000000000003,6.891581299806409e-07,0.0,0.0,7.404038189467715,100.75935984339269,91.71723233373815,207.41299438476562,133.5919952392578,214.8159942626953,133.46800231933594
29.25,5.492686844731522e-07,0.0,0.0,7.404038189467715,100.75935984339269,91.71723233373815,207.41299438476562,133.5919952392578,214.8159942626953,133.46800231933594
29.3,8.928200578870169e-07,0.0,0.0,7.404038189467715,100.75935984339269,91.71723233373815,207.41299438476562,133.5919952392578,214.8159942626953,133.46800231933594
29.35,1.236262068862588e-06,0.0,0.0,7.404038189467715,100.75935984339269,91.71723233373815,207.41299438476562,133.5919952392578,214.8159942626953,133.46800231933594
29.400000000000002,1.6139214837130173e-06,0.0,0.0,7.404038189467715,100.75935984339269,91.71723233373815,207.41299438476562,133.5919952392578,214.8159942626953,133.46800231933594
29.450000000000003,1.991449620133967e-06,0.0,0.0,7.404038189467715,100.75935984339269,91.71723233373815,207.41299438476562,133.5919952392578,214.8159942626953,133.46800231933594
29.5,2.0598451346106148e-07,0.0,0.0,7.404038189467715,100.75935984339269,91.71723233373815,207.41299438476562,133.5919952392578,214.8159942626953,133.46800231933594
29.55,5.4930763469161e-07,0.0,0.0,7.404038189467715,100.75935984339269,91.71723233373815,207.41299438476562,133.5919952392578,214.8159942626953,133.46800231933594
29.6,8.590148298295516e-07,0.0,0.0,7.404038189467715,100.75935984339269,91.71723233373815,207.41299438476562,133.5919952392578,214.8159942626953,133.46800231933594
29.650000000000002,1.2358681575484861e-06,0.0,0.0,7.404038189467715,100.75935984339269,91.71723233373815,207.41299438476562,133.5919952392578,214.8159942626953,133.46800231933594
29.700000000000003,9.269562216994744e-07,0.0,0.0,7.404038189467715,100.75935984339269,91.71723233373815,207.41299438476562,133.5919952392578,214.8159942626953,133.46800231933594
29.75,1.2362864759439709e-06,0.0,0.0,7.404038189467715,100.75935984339269,91.71723233373815,207.41299438476562,133.5919952392578,214.8159942626953,133.46800231933594
29.8,1.5794415834878546e-06,0.0,0.0,7.404038189467715,100.75935984339269,91.71723233373815,207.41299438476562,133.5919952392578,214.8159942626953,133.46800231933594
29.85,2.6090799511757563e-06,0.0,0.0,7.404038189467715,100.75935984339269,91.71723233373815,207.41299438476562,133.5919952392578,214.8159942626953,133.46800231933594
29.900000000000002,1.0298678666967536e-07,0.0,0.0,7.404038189467715,100.75935984339269,91.71723233373815,207.41299438476562,133.5919952392578,214.8159942626953,133.46800231933594
29.950000000000003,4.807219081301793e-07,0.0,0.0,7.404038189467715,100.75935984339269,91.71723233373815,207.41299438476562,133.5919952392578,214.8159942626953,133.46800231933594
30.0,8.240117213649039e-07,0.0,0.0,7.404038189467715,100.75935984339269,91.71723233373815,207.41299438476562,133.5919952392578,214.8159942626953,133.46800231933594
30.05,1.1673213439637361e-06,0.0,0.0,7.404038189467715,100.75935984339269,91.71723233373815,207.41299438476562,133.5919952392578,214.8159942626953,133.46800231933594
30.1,1.47636679861306e-06,0.0,0.0,7.404038189467715,100.75935984339269,91.71723233373815,207.41299438476562,133.5919952392578,214.8159942626953,133.46800231933594
30.150000000000002,1.2016636281683726e-06,0.0,0.0,7.404038189467715,100.75935984339269,91.71723233373815,207.41299438476562,133.5919952392578,214.8159942626953,133.46800231933594
30.200000000000003,1.5106349637388616e-06,0.0,0.0,7.404038189467715,100.75935984339269,91.71723233373815,207.41299438476562,133.5919952392578,214.8159942626953,133.46800231933594
30.25,2.5060738055582796e-06,0.0,0.0,7.404038189467715,100.75935984339269,91.71723233373815,207.41299438476562,133.5919952392578,214.8159942626953,133.46800231933594
30.3,2.1971362030127464e-06,0.0,0.0,7.404038189467715,100.75935984339269,91.71723233373815,207.41299438476562,133.5919952392578,214.8159942626953,133.46800231933594
30.35,2.7463270050036075e-07,0.0,0.0,7.404038189467715,100.75935984339269,91.71723233373815,207.41299438476562,133.5919952392578,214.8159942626953,133.46800231933594
30.400000000000002,6.179217846910803e-07,0.0,0.0,7.404038189467715,100.75935984339269,91.71723233373815,207.41299438476562,133.5919952392578,214.8159942626953,133.46800231933594
30.450000000000003,9.612084001049344e-07,0.0,0.0,7.404038189467715,100.75935984339269,91.71723233373815,207.41299438476562,133.5919952392578,214.8159942626953,133.46800231933594
30.5,1.3044970556814765e-06,0.0,0.0,7.404038189467715,100.75935984339269,91.71723233373815,207.41299438476562,133.5919952392578,214.8159942626953,133.46800231933594
30.55,1.6477915054299642e-06,0.0,0.0,7.404038189467715,100.75935984339269,91.71723233373815,207.41299438476562,133.5919952392578,214.8159942626953,133.46800231933594
30.6,1.9910882633149804e-06,0.0,0.0,7.404038189467715,100.75935984339269,91.71723233373815,207.41299438476562,133.5919952392578,214.8159942626953,133.46800231933594
30.650000000000002,2.3343630769696434e-06,0.0,0.0,7.404038189467715,100.75935984339269,91.71723233373815,207.41299438476562,133.5919952392578,214.8159942626953,133.46800231933594
30.700000000000003,2.6776565167037662e-06,0.0,0.0,7.404038189467715,100.75935984339269,91.71723233373815,207.41299438476562,133.5919952392578,214.8159942626953,133.46800231933594
30.75,1.3731640333600433e-07,0.0,0.0,7.404038189467715,100.75935984339269,91.71723233373815,207.41299438476562,133.5919952392578,214.8159942626953,133.46800231933594
30.8,4.806037099095942e-07,0.0,0.0,7.404038189467715,100.75935984339269,91.71723233373815,207.41299438476562,133.5919952392578,214.8159942626953,133.46800231933594
30.85,8.238923913693912e-07,0.0,0.0,7.404038189467715,100.75935984339269,91.71723233373815,207.41299438476562,133.5919952392578,214.8159942626953,133.46800231933594
30.900000000000002,1.1671815614376591e-06,0.0,0.0,7.404038189467715,100.75935984339269,91.71723233373815,207.41299438476562,133.5919952392578,214.8159942626953,133.46800231933594
30.950000000000003,1.5104703850407595e-06,0.0,0.0,7.404038189467715,100.75935984339269,91.71723233373815,207.41299438476562,133.5919952392578,214.8159942626953,133.46800231933594
31.0,1.8537587934985306e-06,0.0,0.0,7.404038189467715,100.75935984339269,91.71723233373815,207.41299438476562,133.5919952392578,214.8159942626953,133.46800231933594
31.05,2.197044213670673e-06,0.0,0.0,7.404038189467715,100.75935984339269,91.71723233373815,207.41299438476562,133.5919952392578,214.8159942626953,133.46800231933594
31.1,2.54033356394074e-06,0.0,0.0,7.404038189467715,100.75935984339269,91.71723233373815,207.41299438476562,133.5919952392578,214.8159942626953,133.46800231933594
31.150000000000002,0.0,0.0,0.0,7.404038189467715,100.75935984339269,91.71723233373815,207.41299438476562,133.5919952392578,214.8159942626953,133.46800231933594
31.200000000000003,3.4329146173563917e-07,0.0,0.0,7.404038189467715,100.75935984339269,91.71723233373815,207.41299438476562,133.5919952392578,214.8159942626953,133.46800231933594
31.25,6.86578164775422e-07,0.0,0.0,7.404038189467715,100.75935984339269,91.71723233373815,207.41299438476562,133.5919952392578,214.8159942626953,133.46800231933594
31.3,1.0298671224833433e-06,0.0,0.0,7.404038189467715,100.75935984339269,91.71723233373815,207.41299438476562,133.5919952392578,214.8159942626953,133.46800231933594
31.35,1.373155339635196e-06,0.0,0.0,7.404038189467715,100.75935984339269,91.71723233373815,207.41299438476562,133.5919952392578,214.8159942626953,133.46800231933594
31.400000000000002,1.7164409968077101e-06,0.0,0.0,7.404038189467715,100.75935984339269,91.71723233373815,207.41299438476562,133.5919952392578,214.8159942626953,133.46800231933594
31.450000000000003,2.0597291641506544e-06,0.0,0.0,7.404038189467715,100.75935984339269,91.71723233373815,207.41299438476562,133.5919952392578,214.8159942626953,133.46800231933594
31.5,2.4030185200177622e-06,0.0,0.0,7.404038189467715,100.75935984339269,91.71723233373815,207.41299438476562,133.5919952392578,214.8159942626953,133.46800231933594
31.55,2.746307044529623e-06,0.0,0.0,7.404038189467715,100.75935984339269,91.71723233373815,207.41299438476562,133.5919952392578,214.8159942626953,133.46800231933594
31.6,2.0597417878956142e-07,0.0,0.0,7.404038189467715,100.75935984339269,91.71723233373815,207.41299438476562,133.5919952392578,214.8159942626953,133.46800231933594
31.650000000000002,5.49263009140128e-07,0.0,0.0,7.404038189467715,100.75935984339269,91.71723233373815,207.41299438476562,133.5919952392578,214.8159942626953,133.46800231933594
31.700000000000003,8.925517707096326e-07,0.0,0.0,7.404038189467715,100.75935984339269,91.71723233373815,207.41299438476562,133.5919952392578,214.8159942626953,133.46800231933594
31.75,1.23583683392978e-06,0.0,0.0,7.404038189467715,100.75935984339269,91.71723233373815,207.41299438476562,133.5919952392578,214.8159942626953,133.46800231933594
31.8,1.579125735800761e-06,0.0,0.0,7.404038189467715,100.75935984339269,91.71723233373815,207.41299438476562,133.5919952392578,214.8159942626953,133.46800231933594
31.85,1.9224146589854547e-06,0.0,0.0,7.404038189467715,100.75935984339269,91.71723233373815,207.41299438476562,133.5919952392578,214.8159942626953,133.46800231933594
31.900000000000002,2.2657042202957943e-06,0.0,0.0,7.404038189467715,100.75935984339269,91.71723233373815,207.41299438476562,133.5919952392578,214.8159942626953,133.46800231933594
31.950000000000003,2.608992001398631e-06,0.0,0.0,7.404038189467715,100.75935984339269,91.71723233373815,207.41299438476562,133.5919952392578,214.8159942626953,133.46800231933594
32.0,6.86577784967047e-08,0.0,0.0,7.404038189467715,100.75935984339269,91.71723233373815,207.41299438476562,133.5919952392578,214.8159942626953,133.46800231933594
32.050000000000004,4.11945724446493e-07,0.0,0.0,7.404038189467715,100.75935984339269,91.71723233373815,207.41299438476562,133.5919952392578,214.8159942626953,133.46800231933594
32.1,7.552333632002652e-07,0.0,0.0,7.404038189467715,100.75935984339269,91.71723233373815,207.41299438476562,133.5919952392578,214.8159942626953,133.46800231933594
32.15,1.0985224996226738e-06,0.0,0.0,7.404038189467715,100.75935984339269,91.71723233373815,207.41299438476562,133.5919952392578,214.8159942626953,133.46800231933594
32.2,1.4418128711890322e-06,0.0,0.0,7.404038189467715,100.75935984339269,91.71723233373815,207.41299438476562,133.5919952392578,214.8159942626953,133.46800231933594
32.25,1.7850996741662488e-06,0.0,0.0,7.404038189467715,100.75935984339269,91.71723233373815,207.41299438476562,133.5919952392578,214.8159942626953,133.46800231933594
32.300000000000004,2.1283884929225057e-06,0.0,0.0,7.404038189467715,100.75935984339269,91.71723233373815,207.41299438476562,133.5919952392578,214.8159942626953,133.46800231933594
32.35,2.4716785853723452e-06,0.0,0.0,7.404038189467715,100.75935984339269,91.71723233373815,207.41299438476562,133.5919952392578,214.8159942626953,133.46800231933594
32.4,2.8149660170005468e-06,0.0,0.0,7.404038189467715,100.75935984339269,91.71723233373815,207.41299438476562,133.5919952392578,214.8159942626953,133.46800231933594
32.45,2.746335440262125e-07,0.0,0.0,7.404038189467715,100.75935984339269,91.71723233373815,207.41299438476562,133.5919952392578,214.8159942626953,133.46800231933594
32.5,6.179197149230773e-07,0.0,0.0,7.404038189467715,100.75935984339269,91.71723233373815,207.41299438476562,133.5919952392578,214.8159942626953,133.46800231933594
32.550000000000004,9.612157895703376e-07,0.0,0.0,7.404038189467715,100.75935984339269,91.71723233373815,207.41299438476562,133.5919952392578,214.8159942626953,133.46800231933594
32.6,1.3044965881794605e-06,0.0,0.0,7.404038189467715,100.75935984339269,91.71723233373815,207.41299438476562,133.5919952392578,214.8159942626953,133.46800231933594
32.65,1.6477857761904335e-06,0.0,0.0,7.404038189467715,100.75935984339269,91.71723233373815,207.41299438476562,133.5919952392578,214.8159942626953,133.46800231933594
32.7,1.991073918173745e-06,0.0,0.0,7.404038189467715,100.75935984339269,91.71723233373815,207.41299438476562,133.5919952392578,214.8159942626953,133.46800231933594
32.75,2.3343639148947296e-06,0.0,0.0,7.404038189467715,100.75935984339269,91.71723233373815,207.41299438476562,133.5919952392578,214.8159942626953,133.46800231933594
32.800000000000004,2.6776519084068776e-06,0.0,0.0,7.404038189467715,100.75935984339269,91.71723233373815,207.41299438476562,133.5919952392578,214.8159942626953,133.46800231933594
32.85,1.3731640333600433e-07,0.0,0.0,7.404038189467715,100.75935984339269,91.71723233373815,207.41299438476562,133.5919952392578,214.8159942626953,133.46800231933594
32.9,4.806117032896275e-07,0.0,0.0,7.404038189467715,100.75935984339269,91.71723233373815,207.41299438476562,133.5919952392578,214.8159942626953,133.46800231933594
32.95,8.238925112736364e-07,0.0,0.0,7.404038189467715,100.75935984339269,91.71723233373815,207.41299438476562,133.5919952392578,214.8159942626953,133.46800231933594
33.0,1.1671860491104223e-06,0.0,0.0,7.404038189467715,100.75935984339269,91.71723233373815,207.41299438476562,133.5919952392578,214.8159942626953,133.46800231933594
33.050000000000004,1.5104700352372192e-06,0.0,0.0,7.404038189467715,100.75935984339269,91.71723233373815,207.41299438476562,133.5919952392578,214.8159942626953,133.46800231933594
33.1,1.8537608759828206e-06,0.0,0.0,7.404038189467715,100.75935984339269,91.71723233373815,207.41299438476562,133.5919952392578,214.8159942626953,133.46800231933594
33.15,2.197043960851374e-06,0.0,0.0,7.404038189467715,100.75935984339269,91.71723233373815,207.41299438476562,133.5919952392578,214.8159942626953,133.46800231933594
33.2,2.540337154153483e-06,0.0,0.0,7.404038189467715,100.75935984339269,91.71723233373815,207.41299438476562,133.5919952392578,214.8159942626953,133.46800231933594
33.25,0.0,0.0,0.0,7.404038189467715,100.75935984339269,91.71723233373815,207.41299438476562,133.5919952392578,214.8159942626953,133.46800231933594
33.300000000000004,3.4329234992680915e-07,0.0,0.0,7.404038189467715,100.75935984339269,91.71723233373815,207.41299438476562,133.5919952392578,214.8159942626953,133.46800231933594
33.35,6.865849656063636e-07,0.0,0.0,7.404038189467715,100.75935984339269,91.71723233373815,207.41299438476562,133.5919952392578,214.8159942626953,133.46800231933594
33.4,1.0298684914413353e-06,0.0,0.0,7.404038189467715,100.75935984339269,91.71723233373815,207.41299438476562,133.5919952392578,214.8159942626953,133.46800231933594
33.45,1.3731633133982256e-06,0.0,0.0,7.404038189467715,100.75935984339269,91.71723233373815,207.41299438476562,133.5919952392578,214.8159942626953,133.46800231933594
33.5,1.7164427076536473e-06,0.0,0.0,7.404038189467715,100.75935984339269,91.71723233373815,207.41299438476562,133.5919952392578,214.8159942626953,133.46800231933594
33.550000000000004,2.059729124921614e-06,0.0,0.0,7.404038189467715,100.75935984339269,91.71723233373815,207.41299438476562,133.5919952392578,214.8159942626953,133.46800231933594
33.6,2.4030203313478276e-06,0.0,0.0,7.404038189467715,100.75935984339269,91.71723233373815,207.41299438476562,133.5919952392578,214.8159942626953,133.46800231933594
33.65,2.7463074073335245e-06,0.0,0.0,7.404038189467715,100.75935984339269,91.71723233373815,207.41299438476562,133.5919952392578,214.8159942626953,133.46800231933594
33.7,2.0599206103560238e-07,0.0,0.0,7.404038189467715,100.75935984339269,91.71723233373815,207.41299438476562,133.5919952392578,214.8159942626953,133.46800231933594
33.75,5.492680202963325e-07,0.0,0.0,7.404038189467715,100.75935984339269,91.71723233373815,207.41299438476562,133.5919952392578,214.8159942626953,133.46800231933594
33.800000000000004,8.925519021088948e-07,0.0,0.0,7.404038189467715,100.75935984339269,91.71723233373815,207.41299438476562,133.5919952392578,214.8159942626953,133.46800231933594
33.85,1.2358417997130315e-06,0.0,0.0,7.404038189467715,100.75935984339269,91.71723233373815,207.41299438476562,133.5919952392578,214.8159942626953,133.46800231933594
33.9,1.5791270889890269e-06,0.0,0.0,7.404038189467715,100.75935984339269,91.71723233373815,207.41299438476562,133.5919952392578,214.8159942626953,133.46800231933594
33.95,1.9224159400781835e-06,0.0,0.0,7.404038189467715,100.75935984339269,91.71723233373815,207.41299438476562,133.5919952392578,214.8159942626953,133.46800231933594
34.0,2.2657032206406817e-06,0.0,0.0,7.404038189467715,100.75935984339269,91.71723233373815,207.41299438476562,133.5919952392578,214.8159942626953,133.46800231933594
34.050000000000004,2.6089936877774043e-06,0.0,0.0,7.404038189467715,100.75935984339269,91.71723233373815,207.41299438476562,133.5919952392578,214.8159942626953,133.46800231933594
34.1,6.865782442353736e-08,0.0,0.0,7.404038189467715,100.75935984339269,91.71723233373815,207.41299438476562,133.5919952392578,214.8159942626953,133.46800231933594
34.15,4.119630516657319e-07,0.0,0.0,7.404038189467715,100.75935984339269,91.71723233373815,207.41299438476562,133.5919952392578,214.8159942626953,133.46800231933594
34.2,7.552337118730081e-07,0.0,0.0,7.404038189467715,100.75935984339269,91.71723233373815,207.41299438476562,133.5919952392578,214.8159942626953,133.46800231933594
34.25,1.098524033670491e-06,0.0,0.0,7.404038189467715,100.75935984339269,91.71723233373815,207.41299438476562,133.5919952392578,214.8159942626953,133.46800231933594
34.300000000000004,1.4418113985596643e-06,0.0,0.0,7.404038189467715,100.75935984339269,91.71723233373815,207.41299438476562,133.5919952392578,214.8159942626953,133.46800231933594
34.35,1.7850996543455751e-06,0.0,0.0,7.404038189467715,100.75935984339269,91.71723233373815,207.41299438476562,133.5919952392578,214.8159942626953,133.46800231933594
34.4,2.12839149747725e-06,0.0,0.0,7.404038189467715,100.75935984339269,91.71723233373815,207.41299438476562,133.5919952392578,214.8159942626953,133.46800231933594
34.45,2.471677226431234e-06,0.0,0.0,7.404038189467715,100.75935984339269,91.71723233373815,207.41299438476562,133.5919952392578,214.8159942626953,133.46800231933594
34.5,2.8149669040435578e-06,0.0,0.0,7.404038189467715,100.75935984339269,91.71723233373815,207.41299438476562,133.5919952392578,214.8159942626953,133.46800231933594
34.550000000000004,2.746383613908558e-07,0.0,0.0,7.404038189467715,100.75935984339269,91.71723233373815,207.41299438476562,133.5919952392578,214.8159942626953,133.46800231933594
34.6,6.179191017639965e-07,0.0,0.0,7.404038189467715,100.75935984339269,91.71723233373815,207.41299438476562,133.5919952392578,214.8159942626953,133.46800231933594
34.65,9.612076401021985e-07,0.0,0.0,7.404038189467715,100.75935984339269,91.71723233373815,207.41299438476562,133.5919952392578,214.8159942626953,133.46800231933594
34.7,1.3044959990386386e-06,0.0,0.0,7.404038189467715,100.75935984339269,91.71723233373815,207.41299438476562,133.5919952392578,214.8159942626953,133.46800231933594
34.75,1.6477851183093054e-06,0.0,0.0,7.404038189467715,100.75935984339269,91.71723233373815,207.41299438476562,133.5919952392578,214.8159942626953,133.46800231933594
34.800000000000004,1.991074649830495e-06,0.0,0.0,7.404038189467715,100.75935984339269,91.71723233373815,207.41299438476562,133.5919952392578,214.8159942626953,133.46800231933594
34.85,2.3343630586608044e-06,0.0,0.0,7.404038189467715,100.75935984339269,91.71723233373815,207.41299438476562,133.5919952392578,214.8159942626953,133.46800231933594
34.9,2.6776515415460183e-06,0.0,0.0,7.404038189467715,100.75935984339269,91.71723233373815,207.41299438476562,133.5919952392578,214.8159942626953,133.46800231933594
34.95,1.3731721789902481e-07,0.0,0.0,7.404038189467715,100.75935984339269,91.71723233373815,207.41299438476562,133.5919952392578,214.8159942626953,133.46800231933594
35.0,4.806044615167081e-07,0.0,0.0,7.404038189467715,100.75935984339269,91.71723233373815,207.41299438476562,133.5919952392578,214.8159942626953,133.46800231933594
35.050000000000004,8.238940372524639e-07,0.0,0.0,7.404038189467715,100.75935984339269,91.71723233373815,207.41299438476562,133.5919952392578,214.8159942626953,133.46800231933594
35.1,1.1671823641798753e-06,0.0,0.0,7.404038189467715,100.75935984339269,91.71723233373815,207.41299438476562,133.5919952392578,214.8159942626953,133.46800231933594
35.15,1.5104720660556588e-06,0.0,0.0,7.404038189467715,100.75935984339269,91.71723233373815,207.41299438476562,133.5919952392578,214.8159942626953,133.46800231933594
35.2,1.8537588368538601e-06,0.0,0.0,7.404038189467715,100.75935984339269,91.71723233373815,207.41299438476562,133.5919952392578,214.8159942626953,133.46800231933594
35.25,2.1970443186455568e-06,0.0,0.0,7.404038189467715,100.75935984339269,91.71723233373815,207.41299438476562,133.5919952392578,214.8159942626953,133.46800231933594
35.300000000000004,2.5403341287479565e-06,0.0,0.0,7.404038189467715,100.75935984339269,91.71723233373815,207.41299438476562,133.5919952392578,214.8159942626953,133.46800231933594
35.35,0.0,0.0,0.0,7.404038189467715,100.75935984339269,91.71723233373815,207.41299438476562,133.5919952392578,214.8159942626953,133.46800231933594
35.4,3.4329189598577916e-07,0.0,0.0,7.404038189467715,100.75935984339269,91.71723233373815,207.41299438476562,133.5919952392578,214.8159942626953,133.46800231933594
35.45,6.865779462777263e-07,0.0,0.0,7.404038189467715,100.75935984339269,91.71723233373815,207.41299438476562,133.5919952392578,214.8159942626953,133.46800231933594
35.5,1.0298687454529908e-06,0.0,0.0,7.404038189467715,100.75935984339269,91.71723233373815,207.41299438476562,133.5919952392578,214.8159942626953,133.46800231933594
35.550000000000004,1.3731553212505122e-06,0.0,0.0,7.404038189467715,100.75935984339269,91.71723233373815,207.41299438476562,133.5919952392578,214.8159942626953,133.46800231933594
35.6,1.7164421367697676e-06,0.0,0.0,7.404038189467715,100.75935984339269,91.71723233373815,207.41299438476562,133.5919952392578,214.8159942626953,133.46800231933594
35.65,2.0597295011755752e-06,0.0,0.0,7.404038189467715,100.75935984339269,91.71723233373815,207.41299438476562,133.5919952392578,214.8159942626953,133.46800231933594
35.7,2.4030191573789473e-06,0.0,0.0,7.404038189467715,100.75935984339269,91.71723233373815,207.41299438476562,133.5919952392578,214.8159942626953,133.46800231933594
35.75,2.7463074416781893e-06,0.0,0.0,7.404038189467715,100.75935984339269,91.71723233373815,207.41299438476562,133.5919952392578,214.8159942626953,133.46800231933594
35.800000000000004,2.0597476089231336e-07,0.0,0.0,7.404038189467715,100.75935984339269,91.71723233373815,207.41299438476562,133.5919952392578,214.8159942626953,133.46800231933594
35.85,5.492680912653885e-07,0.0,0.0,7.404038189467715,100.75935984339269,91.71723233373815,207.41299438476562,133.5919952392578,214.8159942626953,133.46800231933594
35.9,8.925520551994001e-07,0.0,0.0,7.404038189467715,100.75935984339269,91.71723233373815,207.41299438476562,133.5919952392578,214.8159942626953,133.46800231933594
35.95,1.2358404128029031e-06,0.0,0.0,7.404038189467715,100.75935984339269,91.71723233373815,207.41299438476562,133.5919952392578,214.8159942626953,133.46800231933594
36.0,1.5791255950148725e-06,0.0,0.0,7.404038189467715,100.75935984339269,91.71723233373815,207.41299438476562,133.5919952392578,214.8159942626953,133.46800231933594
36.050000000000004,1.922417084297159e-06,0.0,0.0,7.404038189467715,100.75935984339269,91.71723233373815,207.41299438476562,133.5919952392578,214.8159942626953,133.46800231933594
36.1,2.2657032187762966e-06,0.0,0.0,7.404038189467715,100.75935984339269,91.71723233373815,207.41299438476562,133.5919952392578,214.8159942626953,133.46800231933594
36.15,2.608995545765426e-06,0.0,0.0,7.404038189467715,100.75935984339269,91.71723233373815,207.41299438476562,133.5919952392578,214.8159942626953,133.46800231933594
36.2,6.865793740290978e-08,0.0,0.0,7.404038189467715,100.75935984339269,91.71723233373815,207.41299438476562,133.5919952392578,214.8159942626953,133.46800231933594
36.25,4.119514112007673e-07,0.0,0.0,7.404038189467715,100.75935984339269,91.71723233373815,207.41299438476562,133.5919952392578,214.8159942626953,133.46800231933594
36.300000000000004,7.552346390535687e-07,0.0,0.0,7.404038189467715,100.75935984339269,91.71723233373815,207.41299438476562,133.5919952392578,214.8159942626953,133.46800231933594
36.35,1.0985233430260672e-06,0.0,0.0,7.404038189467715,100.75935984339269,91.71723233373815,207.41299438476562,133.5919952392578,214.8159942626953,133.46800231933594
36.4,1.441813169181528e-06,0.0,0.0,7.404038189467715,100.75935984339269,91.71723233373815,207.41299438476562,133.5919952392578,214.8159942626953,133.46800231933594
36.45,1.7850996741623628e-06,0.0,0.0,7.404038189467715,100.75935984339269,91.71723233373815,207.41299438476562,133.5919952392578,214.8159942626953,133.46800231933594
36.5,2.128391210214128e-06,0.0,0.0,7.404038189467715,100.75935984339269,91.71723233373815,207.41299438476562,133.5919952392578,214.8159942626953,133.46800231933594
36.550000000000004,2.4716775388480897e-06,0.0,0.0,7.404038189467715,100.75935984339269,91.71723233373815,207.41299438476562,133.5919952392578,214.8159942626953,133.46800231933594
36.6,2.814967015308723e-06,0.0,0.0,7.404038189467715,100.75935984339269,91.71723233373815,207.41299438476562,133.5919952392578,214.8159942626953,133.46800231933594
36.65,2.7463081071815476e-07,0.0,0.0,7.404038189467715,100.75935984339269,91.71723233373815,207.41299438476562,133.5919952392578,214.8159942626953,133.46800231933594
36.7,6.179197110669631e-07,0.0,0.0,7.404038189467715,100.75935984339269,91.71723233373815,207.41299438476562,133.5919952392578,214.8159942626953,133.46800231933594
36.75,9.612080204429227e-07,0.0,0.0,7.404038189467715,100.75935984339269,91.71723233373815,207.41299438476562,133.5919952392578,214.8159942626953,133.46800231933594
36.800000000000004,1.3044962782498739e-06,0.0,0.0,7.404038189467715,100.75935984339269,91.71723233373815,207.41299438476562,133.5919952392578,214.8159942626953,133.46800231933594
36.85,1.6477862536540754e-06,0.0,0.0,7.404038189467715,100.75935984339269,91.71723233373815,207.41299438476562,133.5919952392578,214.8159942626953,133.46800231933594
36.9,1.991073994816708e-06,0.0,0.0,7.404038189467715,100.75935984339269,91.71723233373815,207.41299438476562,133.5919952392578,214.8159942626953,133.46800231933594
36.95,2.3343635253633536e-06,0.0,0.0,7.404038189467715,100.75935984339269,91.71723233373815,207.41299438476562,133.5919952392578,214.8159942626953,133.46800231933594
37.0,2.6776512912720473e-06,0.0,0.0,7.404038189467715,100.75935984339269,91.71723233373815,207.41299438476562,133.5919952392578,214.8159942626953,133.46800231933594
37.050000000000004,1.3731640333600433e-07,0.0,0.0,7.404038189467715,100.75935984339269,91.71723233373815,207.41299438476562,133.5919952392578,214.8159942626953,133.46800231933594
37.1,4.806108431961383e-07,0.0,0.0,7.404038189467715,100.75935984339269,91.71723233373815,207.41299438476562,133.5919952392578,214.8159942626953,133.46800231933594
37.15,8.238983453821319e-07,0.0,0.0,7.404038189467715,100.75935984339269,91.71723233373815,207.41299438476562,133.5919952392578,214.8159942626953,133.46800231933594
37.2,1.1671826676162899e-06,0.0,0.0,7.404038189467715,100.75935984339269,91.71723233373815,207.41299438476562,133.5919952392578,214.8159942626953,133.46800231933594
37.25,1.5104705321882923e-06,0.0,0.0,7.404038189467715,100.75935984339269,91.71723233373815,207.41299438476562,133.5919952392578,214.8159942626953,133.46800231933594
37.300000000000004,1.85375988666945e-06,0.0,0.0,7.404038189467715,100.75935984339269,91.71723233373815,207.41299438476562,133.5919952392578,214.8159942626953,133.46800231933594
37.35,2.197044303854517e-06,0.0,0.0,7.404038189467715,100.75935984339269,91.71723233373815,207.41299438476562,133.5919952392578,214.8159942626953,133.46800231933594
37.4,2.540334143594832e-06,0.0,0.0,7.404038189467715,100.75935984339269,91.71723233373815,207.41299438476562,133.5919952392578,214.8159942626953,133.46800231933594
37.45,0.0,0.0,0.0,7.404038189467715,100.75935984339269,91.71723233373815,207.41299438476562,133.5919952392578,214.8159942626953,133.46800231933594
37.5,3.4329234992680915e-07,0.0,0.0,7.404038189467715,100.75935984339269,91.71723233373815,207.41299438476562,133.5919952392578,214.8159942626953,133.46800231933594
37.550000000000004,6.865805492558774e-07,0.0,0.0,7.404038189467715,100.75935984339269,91.71723233373815,207.41299438476562,133.5919952392578,214.8159942626953,133.46800231933594
37.6,1.0298737950603913e-06,0.0,0.0,7.404038189467715,100.75935984339269,91.71723233373815,207.41299438476562,133.5919952392578,214.8159942626953,133.46800231933594
37.65,1.3731576030922183e-06,0.0,0.0,7.404038189467715,100.75935984339269,91.71723233373815,207.41299438476562,133.5919952392578,214.8159942626953,133.46800231933594
37.7,1.71644051584913e-06,0.0,0.0,7.404038189467715,100.75935984339269,91.71723233373815,207.41299438476562,133.5919952392578,214.8159942626953,133.46800231933594
37.75,2.059730107085401e-06,0.0,0.0,7.404038189467715,100.75935984339269,91.71723233373815,207.41299438476562,133.5919952392578,214.8159942626953,133.46800231933594
37.800000000000004,2.4030182137592215e-06,0.0,0.0,7.404038189467715,100.75935984339269,91.71723233373815,207.41299438476562,133.5919952392578,214.8159942626953,133.46800231933594
37.85,2.746306859602032e-06,0.0,0.0,7.404038189467715,100.75935984339269,91.71723233373815,207.41299438476562,133.5919952392578,214.8159942626953,133.46800231933594
37.9,2.059769333748718e-07,0.0,0.0,7.404038189467715,100.75935984339269,91.71723233373815,207.41299438476562,133.5919952392578,214.8159942626953,133.46800231933594
37.95,5.492627958652031e-07,0.0,0.0,7.404038189467715,100.75935984339269,91.71723233373815,207.41299438476562,133.5919952392578,214.8159942626953,133.46800231933594
38.0,8.925520624119491e-07,0.0,0.0,7.404038189467715,100.75935984339269,91.71723233373815,207.41299438476562,133.5919952392578,214.8159942626953,133.46800231933594
38.050000000000004,1.2358368310908578e-06,0.0,0.0,7.404038189467715,100.75935984339269,91.71723233373815,207.41299438476562,133.5919952392578,214.8159942626953,133.46800231933594
38.1,1.5791256746790485e-06,0.0,0.0,7.404038189467715,100.75935984339269,91.71723233373815,207.41299438476562,133.5919952392578,214.8159942626953,133.46800231933594
38.15,1.9224144884872168e-06,0.0,0.0,7.404038189467715,100.75935984339269,91.71723233373815,207.41299438476562,133.5919952392578,214.8159942626953,133.46800231933594
38.2,2.2657039284396038e-06,0.0,0.0,7.404038189467715,100.75935984339269,91.71723233373815,207.41299438476562,133.5919952392578,214.8159942626953,133.46800231933594
38.25,2.608992143504441e-06,0.0,0.0,7.404038189467715,100.75935984339269,91.71723233373815,207.41299438476562,133.5919952392578,214.8159942626953,133.46800231933594
38.300000000000004,6.865793740290978e-08,0.0,0.0,7.404038189467715,100.75935984339269,91.71723233373815,207.41299438476562,133.5919952392578,214.8159942626953,133.46800231933594
38.35,4.119467893195146e-07,0.0,0.0,7.404038189467715,100.75935984339269,91.71723233373815,207.41299438476562,133.5919952392578,214.8159942626953,133.46800231933594
38.400000000000006,7.552334237514159e-07,0.0,0.0,7.404038189467715,100.75935984339269,91.71723233373815,207.41299438476562,133.5919952392578,214.8159942626953,133.46800231933594
38.45,1.0985220006836798e-06,0.0,0.0,7.404038189467715,100.75935984339269,91.71723233373815,207.41299438476562,133.5919952392578,214.8159942626953,133.46800231933594
38.5,1.4418122974523568e-06,0.0,0.0,7.404038189467715,100.75935984339269,91.71723233373815,207.41299438476562,133.5919952392578,214.8159942626953,133.46800231933594
38.550000000000004,1.7850997299825763e-06,0.0,0.0,7.404038189467715,100.75935984339269,91.71723233373815,207.41299438476562,133.5919952392578,214.8159942626953,133.46800231933594
38.6,2.1283884754111566e-06,0.0,0.0,7.404038189467715,100.75935984339269,91.71723233373815,207.41299438476562,133.5919952392578,214.8159942626953,133.46800231933594
38.650000000000006,2.4716772331374708e-06,0.0,0.0,7.404038189467715,100.75935984339269,91.71723233373815,207.41299438476562,133.5919952392578,214.8159942626953,133.46800231933594
38.7,2.814966744779644e-06,0.0,0.0,7.404038189467715,100.75935984339269,91.71723233373815,207.41299438476562,133.5919952392578,214.8159942626953,133.46800231933594
38.75,2.746335440262125e-07,0.0,0.0,7.404038189467715,100.75935984339269,91.71723233373815,207.41299438476562,133.5919952392578,214.8159942626953,133.46800231933594
38.800000000000004,6.179200164465842e-07,0.0,0.0,7.404038189467715,100.75935984339269,91.71723233373815,207.41299438476562,133.5919952392578,214.8159942626953,133.46800231933594
38.85,9.61207613788056e-07,0.0,0.0,7.404038189467715,100.75935984339269,91.71723233373815,207.41299438476562,133.5919952392578,214.8159942626953,133.46800231933594
38.900000000000006,1.3044961733993972e-06,0.0,0.0,7.404038189467715,100.75935984339269,91.71723233373815,207.41299438476562,133.5919952392578,214.8159942626953,133.46800231933594
38.95,1.6477848950926108e-06,0.0,0.0,7.404038189467715,100.75935984339269,91.71723233373815,207.41299438476562,133.5919952392578,214.8159942626953,133.46800231933594
39.0,1.9910736298745613e-06,0.0,0.0,7.404038189467715,100.75935984339269,91.71723233373815,207.41299438476562,133.5919952392578,214.8159942626953,133.46800231933594
39.050000000000004,2.334362492332815e-06,0.0,0.0,7.404038189467715,100.75935984339269,91.71723233373815,207.41299438476562,133.5919952392578,214.8159942626953,133.46800231933594
39.1,2.677651290361025e-06,0.0,0.0,7.404038189467715,100.75935984339269,91.71723233373815,207.41299438476562,133.5919952392578,214.8159942626953,133.46800231933594
39.150000000000006,1.3731653801807436e-07,0.0,0.0,7.404038189467715,100.75935984339269,91.71723233373815,207.41299438476562,133.5919952392578,214.8159942626953,133.46800231933594
39.2,4.806036874116983e-07,0.0,0.0,7.404038189467715,100.75935984339269,91.71723233373815,207.41299438476562,133.5919952392578,214.8159942626953,133.46800231933594
39.25,8.238931730804156e-07,0.0,0.0,7.404038189467715,100.75935984339269,91.71723233373815,207.41299438476562,133.5919952392578,214.8159942626953,133.46800231933594
39.300000000000004,1.1671812912002022e-06,0.0,0.0,7.404038189467715,100.75935984339269,91.71723233373815,207.41299438476562,133.5919952392578,214.8159942626953,133.46800231933594
39.35,1.5104707581498793e-06,0.0,0.0,7.404038189467715,100.75935984339269,91.71723233373815,207.41299438476562,133.5919952392578,214.8159942626953,133.46800231933594
39.400000000000006,1.8537588634664855e-06,0.0,0.0,7.404038189467715,100.75935984339269,91.71723233373815,207.41299438476562,133.5919952392578,214.8159942626953,133.46800231933594
39.45,2.1970445755112974e-06,0.0,0.0,7.404038189467715,100.75935984339269,91.71723233373815,207.41299438476562,133.5919952392578,214.8159942626953,133.46800231933594
39.5,2.540333060952108e-06,0.0,0.0,7.404038189467715,100.75935984339269,91.71723233373815,207.41299438476562,133.5919952392578,214.8159942626953,133.46800231933594
39.550000000000004,0.0,0.0,0.0,7.404038189467715,100.75935984339269,91.71723233373815,207.41299438476562,133.5919952392578,214.8159942626953,133.46800231933594
39.6,3.4328848718025016e-07,0.0,0.0,7.404038189467715,100.75935984339269,91.71723233373815,207.41299438476562,133.5919952392578,214.8159942626953,133.46800231933594
39.650000000000006,6.865790129341472e-07,0.0,0.0,7.404038189467715,100.75935984339269,91.71723233373815,207.41299438476562,133.5919952392578,214.8159942626953,133.46800231933594
39.7,1.0298673319514512e-06,0.0,0.0,7.404038189467715,100.75935984339269,91.71723233373815,207.41299438476562,133.5919952392578,214.8159942626953,133.46800231933594
39.75,1.373155709824293e-06,0.0,0.0,7.404038189467715,100.75935984339269,91.71723233373815,207.41299438476562,133.5919952392578,214.8159942626953,133.46800231933594
39.800000000000004,1.7164407684618217e-06,0.0,0.0,7.404038189467715,100.75935984339269,91.71723233373815,207.41299438476562,133.5919952392578,214.8159942626953,133.46800231933594
39.85,2.059730155582975e-06,0.0,0.0,7.404038189467715,100.75935984339269,91.71723233373815,207.41299438476562,133.5919952392578,214.8159942626953,133.46800231933594
39.900000000000006,2.4030181273229803e-06,0.0,0.0,7.404038189467715,100.75935984339269,91.71723233373815,207.41299438476562,133.5919952392578,214.8159942626953,133.46800231933594
39.95,2.7463074199110426e-06,0.0,0.0,7.404038189467715,100.75935984339269,91.71723233373815,207.41299438476562,133.5919952392578,214.8159942626953,133.46800231933594
40.0,2.0597436907069861e-07,0.0,0.0,7.404038189467715,100.75935984339269,91.71723233373815,207.41299438476562,133.5919952392578,214.8159942626953,133.46800231933594
40.050000000000004,5.492637041041511e-07,0.0,0.0,7.404038189467715,100.75935984339269,91.71723233373815,207.41299438476562,133.5919952392578,214.8159942626953,133.46800231933594
40.1,8.925517740913257e-07,0.0,0.0,7.404038189467715,100.75935984339269,91.71723233373815,207.41299438476562,133.5919952392578,214.8159942626953,133.46800231933594
40.150000000000006,1.2358371687533444e-06,0.0,0.0,7.404038189467715,100.75935984339269,91.71723233373815,207.41299438476562,133.5919952392578,214.8159942626953,133.46800231933594
40.2,1.579126627441088e-06,0.0,0.0,7.404038189467715,100.75935984339269,91.71723233373815,207.41299438476562,133.5919952392578,214.8159942626953,133.46800231933594
40.25,1.92241486872077e-06,0.0,0.0,7.404038189467715,100.75935984339269,91.71723233373815,207.41299438476562,133.5919952392578,214.8159942626953,133.46800231933594
40.300000000000004,2.265703292405303e-06,0.0,0.0,7.404038189467715,100.75935984339269,91.71723233373815,207.41299438476562,133.5919952392578,214.8159942626953,133.46800231933594
40.35,2.6089922795693027e-06,0.0,0.0,7.404038189467715,100.75935984339269,91.71723233373815,207.41299438476562,133.5919952392578,214.8159942626953,133.46800231933594
40.400000000000006,6.86577784967047e-08,0.0,0.0,7.404038189467715,100.75935984339269,91.71723233373815,207.41299438476562,133.5919952392578,214.8159942626953,133.46800231933594
40.45,4.1194531544256215e-07,0.0,0.0,7.404038189467715,100.75935984339269,91.71723233373815,207.41299438476562,133.5919952392578,214.8159942626953,133.46800231933594
40.5,7.552366849386169e-07,0.0,0.0,7.404038189467715,100.75935984339269,91.71723233373815,207.41299438476562,133.5919952392578,214.8159942626953,133.46800231933594
40.550000000000004,1.0985221317256072e-06,0.0,0.0,7.404038189467715,100.75935984339269,91.71723233373815,207.41299438476562,133.5919952392578,214.8159942626953,133.46800231933594
40.6,1.4418108599673832e-06,0.0,0.0,7.404038189467715,100.75935984339269,91.71723233373815,207.41299438476562,133.5919952392578,214.8159942626953,133.46800231933594
40.650000000000006,1.7850996827861262e-06,0.0,0.0,7.404038189467715,100.75935984339269,91.71723233373815,207.41299438476562,133.5919952392578,214.8159942626953,133.46800231933594
40.7,2.128388576787058e-06,0.0,0.0,7.404038189467715,100.75935984339269,91.71723233373815,207.41299438476562,133.5919952392578,214.8159942626953,133.46800231933594
40.75,2.4716771776598057e-06,0.0,0.0,7.404038189467715,100.75935984339269,91.71723233373815,207.41299438476562,133.5919952392578,214.8159942626953,133.46800231933594
40.800000000000004,2.814966021292478e-06,0.0,0.0,7.404038189467715,100.75935984339269,91.71723233373815,207.41299438476562,133.5919952392578,214.8159942626953,133.46800231933594
40.85,2.7463081071815476e-07,0.0,0.0,7.404038189467715,100.75935984339269,91.71723233373815,207.41299438476562,133.5919952392578,214.8159942626953,133.46800231933594
40.900000000000006,6.179192542008487e-07,0.0,0.0,7.404038189467715,100.75935984339269,91.71723233373815,207.41299438476562,133.5919952392578,214.8159942626953,133.46800231933594
40.95,9.612073701586334e-07,0.0,0.0,7.404038189467715,100.75935984339269,91.71723233373815,207.41299438476562,133.5919952392578,214.8159942626953,133.46800231933594
41.0,1.3044959967909346e-06,0.0,0.0,7.404038189467715,100.75935984339269,91.71723233373815,207.41299438476562,133.5919952392578,214.8159942626953,133.46800231933594
41.050000000000004,1.6477848296254612e-06,0.0,0.0,7.404038189467715,100.75935984339269,91.71723233373815,207.41299438476562,133.5919952392578,214.8159942626953,133.46800231933594
41.1,1.991073677286872e-06,0.0,0.0,7.404038189467715,100.75935984339269,91.71723233373815,207.41299438476562,133.5919952392578,214.8159942626953,133.46800231933594
41.150000000000006,2.3343628750575997e-06,0.0,0.0,7.404038189467715,100.75935984339269,91.71723233373815,207.41299438476562,133.5919952392578,214.8159942626953,133.46800231933594
41.2,2.677651561896833e-06,0.0,0.0,7.404038189467715,100.75935984339269,91.71723233373815,207.41299438476562,133.5919952392578,214.8159942626953,133.46800231933594
41.25,1.3731721789902481e-07,0.0,0.0,7.404038189467715,100.75935984339269,91.71723233373815,207.41299438476562,133.5919952392578,214.8159942626953,133.46800231933594
41.300000000000004,4.806057335170267e-07,0.0,0.0,7.404038189467715,100.75935984339269,91.71723233373815,207.41299438476562,133.5919952392578,214.8159942626953,133.46800231933594
41.35,8.238925833798405e-07,0.0,0.0,7.404038189467715,100.75935984339269,91.71723233373815,207.41299438476562,133.5919952392578,214.8159942626953,133.46800231933594
41.400000000000006,1.16718135336049e-06,0.0,0.0,7.404038189467715,100.75935984339269,91.71723233373815,207.41299438476562,133.5919952392578,214.8159942626953,133.46800231933594
41.45,1.5104714590078953e-06,0.0,0.0,7.404038189467715,100.75935984339269,91.71723233373815,207.41299438476562,133.5919952392578,214.8159942626953,133.46800231933594
41.5,1.853758896619798e-06,0.0,0.0,7.404038189467715,100.75935984339269,91.71723233373815,207.41299438476562,133.5919952392578,214.8159942626953,133.46800231933594
41.550000000000004,2.1970441310338224e-06,0.0,0.0,7.404038189467715,100.75935984339269,91.71723233373815,207.41299438476562,133.5919952392578,214.8159942626953,133.46800231933594
41.6,2.5403328274034306e-06,0.0,0.0,7.404038189467715,100.75935984339269,91.71723233373815,207.41299438476562,133.5919952392578,214.8159942626953,133.46800231933594
41.650000000000006,0.0,0.0,0.0,7.404038189467715,100.75935984339269,91.71723233373815,207.41299438476562,133.5919952392578,214.8159942626953,133.46800231933594
41.7,3.4328879820106877e-07,0.0,0.0,7.404038189467715,100.75935984339269,91.71723233373815,207.41299438476562,133.5919952392578,214.8159942626953,133.46800231933594
41.75,6.865783436234308e-07,0.0,0.0,7.404038189467715,100.75935984339269,91.71723233373815,207.41299438476562,133.5919952392578,214.8159942626953,133.46800231933594
41.800000000000004,1.0298671309540768e-06,0.0,0.0,7.404038189467715,100.75935984339269,91.71723233373815,207.41299438476562,133.5919952392578,214.8159942626953,133.46800231933594
41.85,1.3731552151819722e-06,0.0,0.0,7.404038189467715,100.75935984339269,91.71723233373815,207.41299438476562,133.5919952392578,214.8159942626953,133.46800231933594
41.900000000000006,1.7164406180779486e-06,0.0,0.0,7.404038189467715,100.75935984339269,91.71723233373815,207.41299438476562,133.5919952392578,214.8159942626953,133.46800231933594
41.95,2.0597291711858708e-06,0.0,0.0,7.404038189467715,100.75935984339269,91.71723233373815,207.41299438476562,133.5919952392578,214.8159942626953,133.46800231933594
42.0,2.403018016146909e-06,0.0,0.0,7.404038189467715,100.75935984339269,91.71723233373815,207.41299438476562,133.5919952392578,214.8159942626953,133.46800231933594
42.050000000000004,2.7463069152077163e-06,0.0,0.0,7.404038189467715,100.75935984339269,91.71723233373815,207.41299438476562,133.5919952392578,214.8159942626953,133.46800231933594
42.1,2.0597476089231336e-07,0.0,0.0,7.404038189467715,100.75935984339269,91.71723233373815,207.41299438476562,133.5919952392578,214.8159942626953,133.46800231933594
42.150000000000006,5.492681114401552e-07,0.0,0.0,7.404038189467715,100.75935984339269,91.71723233373815,207.41299438476562,133.5919952392578,214.8159942626953,133.46800231933594
42.2,8.925517755614253e-07,0.0,0.0,7.404038189467715,100.75935984339269,91.71723233373815,207.41299438476562,133.5919952392578,214.8159942626953,133.46800231933594
42.25,1.2358368661524371e-06,0.0,0.0,7.404038189467715,100.75935984339269,91.71723233373815,207.41299438476562,133.5919952392578,214.8159942626953,133.46800231933594
42.300000000000004,1.5791258344511375e-06,0.0,0.0,7.404038189467715,100.75935984339269,91.71723233373815,207.41299438476562,133.5919952392578,214.8159942626953,133.46800231933594
42.35,1.9224149928835386e-06,0.0,0.0,7.404038189467715,100.75935984339269,91.71723233373815,207.41299438476562,133.5919952392578,214.8159942626953,133.46800231933594
42.400000000000006,2.2657035714960412e-06,0.0,0.0,7.404038189467715,100.75935984339269,91.71723233373815,207.41299438476562,133.5919952392578,214.8159942626953,133.46800231933594
42.45,2.608992127592477e-06,0.0,0.0,7.404038189467715,100.75935984339269,91.71723233373815,207.41299438476562,133.5919952392578,214.8159942626953,133.46800231933594
42.5,6.865778412498869e-08,0.0,0.0,7.404038189467715,100.75935984339269,91.71723233373815,207.41299438476562,133.5919952392578,214.8159942626953,133.46800231933594
42.550000000000004,4.119444254508423e-07,0.0,0.0,7.404038189467715,100.75935984339269,91.71723233373815,207.41299438476562,133.5919952392578,214.8159942626953,133.46800231933594
42.6,7.552381637180046e-07,0.0,0.0,7.404038189467715,100.75935984339269,91.71723233373815,207.41299438476562,133.5919952392578,214.8159942626953,133.46800231933594
42.650000000000006,1.0985265968030114e-06,0.0,0.0,7.404038189467715,100.75935984339269,91.71723233373815,207.41299438476562,133.5919952392578,214.8159942626953,133.46800231933594
42.7,1.4418108777672703e-06,0.0,0.0,7.404038189467715,100.75935984339269,91.71723233373815,207.41299438476562,133.5919952392578,214.8159942626953,133.46800231933594
42.75,1.7851000553877363e-06,0.0,0.0,7.404038189467715,100.75935984339269,91.71723233373815,207.41299438476562,133.5919952392578,214.8159942626953,133.46800231933594
42.800000000000004,2.1283885000772515e-06,0.0,0.0,7.404038189467715,100.75935984339269,91.71723233373815,207.41299438476562,133.5919952392578,214.8159942626953,133.46800231933594
42.85,2.4716793763716884e-06,0.0,0.0,7.404038189467715,100.75935984339269,91.71723233373815,207.41299438476562,133.5919952392578,214.8159942626953,133.46800231933594
42.900000000000006,2.8149660156873285e-06,0.0,0.0,7.404038189467715,100.75935984339269,91.71723233373815,207.41299438476562,133.5919952392578,214.8159942626953,133.46800231933594
42.95,2.746335440262125e-07,0.0,0.0,7.404038189467715,100.75935984339269,91.71723233373815,207.41299438476562,133.5919952392578,214.8159942626953,133.46800231933594
43.0,6.179197133227475e-07,0.0,0.0,7.404038189467715,100.75935984339269,91.71723233373815,207.41299438476562,133.5919952392578,214.8159942626953,133.46800231933594
43.050000000000004,9.612137430136042e-07,0.0,0.0,7.404038189467715,100.75935984339269,91.71723233373815,207.41299438476562,133.5919952392578,214.8159942626953,133.46800231933594
43.1,1.304497860982854e-06,0.0,0.0,7.404038189467715,100.75935984339269,91.71723233373815,207.41299438476562,133.5919952392578,214.8159942626953,133.46800231933594
43.150000000000006,1.6477849952846442e-06,0.0,0.0,7.404038189467715,100.75935984339269,91.71723233373815,207.41299438476562,133.5919952392578,214.8159942626953,133.46800231933594
43.2,1.991073817098445e-06,0.0,0.0,7.404038189467715,100.75935984339269,91.71723233373815,207.41299438476562,133.5919952392578,214.8159942626953,133.46800231933594
43.25,2.334362501383944e-06,0.0,0.0,7.404038189467715,100.75935984339269,91.71723233373815,207.41299438476562,133.5919952392578,214.8159942626953,133.46800231933594
43.300000000000004,2.677651451585216e-06,0.0,0.0,7.404038189467715,100.75935984339269,91.71723233373815,207.41299438476562,133.5919952392578,214.8159942626953,133.46800231933594
43.35,1.3731721789902481e-07,0.0,0.0,7.404038189467715,100.75935984339269,91.71723233373815,207.41299438476562,133.5919952392578,214.8159942626953,133.46800231933594
43.400000000000006,4.806048026348637e-07,0.0,0.0,7.404038189467715,100.75935984339269,91.71723233373815,207.41299438476562,133.5919952392578,214.8159942626953,133.46800231933594
43.45,8.238945878918208e-07,0.0,0.0,7.404038189467715,100.75935984339269,91.71723233373815,207.41299438476562,133.5919952392578,214.8159942626953,133.46800231933594
43.5,1.1671816449520889e-06,0.0,0.0,7.404038189467715,100.75935984339269,91.71723233373815,207.41299438476562,133.5919952392578,214.8159942626953,133.46800231933594
43.550000000000004,1.5104700210802341e-06,0.0,0.0,7.404038189467715,100.75935984339269,91.71723233373815,207.41299438476562,133.5919952392578,214.8159942626953,133.46800231933594
43.6,1.8537593409017744e-06,0.0,0.0,7.404038189467715,100.75935984339269,91.71723233373815,207.41299438476562,133.5919952392578,214.8159942626953,133.46800231933594
43.650000000000006,2.1970439604755295e-06,0.0,0.0,7.404038189467715,100.75935984339269,91.71723233373815,207.41299438476562,133.5919952392578,214.8159942626953,133.46800231933594
43.7,2.5403347799503715e-06,0.0,0.0,7.404038189467715,100.75935984339269,91.71723233373815,207.41299438476562,133.5919952392578,214.8159942626953,133.46800231933594
43.75,0.0,0.0,0.0,7.404038189467715,100.75935984339269,91.71723233373815,207.41299438476562,133.5919952392578,214.8159942626953,133.46800231933594
43.800000000000004,3.4328844749130603e-07,0.0,0.0,7.404038189467715,100.75935984339269,91.71723233373815,207.41299438476562,133.5919952392578,214.8159942626953,133.46800231933594
43.85,6.865781576969888e-07,0.0,0.0,7.404038189467715,100.75935984339269,91.71723233373815,207.41299438476562,133.5919952392578,214.8159942626953,133.46800231933594
43.900000000000006,1.0298687816133124e-06,0.0,0.0,7.404038189467715,100.75935984339269,91.71723233373815,207.41299438476562,133.5919952392578,214.8159942626953,133.46800231933594
43.95,1.3731554222346316e-06,0.0,0.0,7.404038189467715,100.75935984339269,91.71723233373815,207.41299438476562,133.5919952392578,214.8159942626953,133.46800231933594
44.0,1.7164412298026837e-06,0.0,0.0,7.404038189467715,100.75935984339269,91.71723233373815,207.41299438476562,133.5919952392578,214.8159942626953,133.46800231933594
44.050000000000004,2.0597297411502464e-06,0.0,0.0,7.404038189467715,100.75935984339269,91.71723233373815,207.41299438476562,133.5919952392578,214.8159942626953,133.46800231933594
44.1,2.403017988046937e-06,0.0,0.0,7.404038189467715,100.75935984339269,91.71723233373815,207.41299438476562,133.5919952392578,214.8159942626953,133.46800231933594
44.150000000000006,2.746306852349881e-06,0.0,0.0,7.404038189467715,100.75935984339269,91.71723233373815,207.41299438476562,133.5919952392578,214.8159942626953,133.46800231933594
44.2,2.0597476089231336e-07,0.0,0.0,7.404038189467715,100.75935984339269,91.71723233373815,207.41299438476562,133.5919952392578,214.8159942626953,133.46800231933594
44.25,5.492634955818504e-07,0.0,0.0,7.404038189467715,100.75935984339269,91.71723233373815,207.41299438476562,133.5919952392578,214.8159942626953,133.46800231933594
44.300000000000004,8.925516916903932e-07,0.0,0.0,7.404038189467715,100.75935984339269,91.71723233373815,207.41299438476562,133.5919952392578,214.8159942626953,133.46800231933594
44.35,1.2358378939923508e-06,0.0,0.0,7.404038189467715,100.75935984339269,91.71723233373815,207.41299438476562,133.5919952392578,214.8159942626953,133.46800231933594
44.400000000000006,1.5791260919611464e-06,0.0,0.0,7.404038189467715,100.75935984339269,91.71723233373815,207.41299438476562,133.5919952392578,214.8159942626953,133.46800231933594
44.45,1.9224152548378207e-06,0.0,0.0,7.404038189467715,100.75935984339269,91.71723233373815,207.41299438476562,133.5919952392578,214.8159942626953,133.46800231933594
44.5,2.2657032903318112e-06,0.0,0.0,7.404038189467715,100.75935984339269,91.71723233373815,207.41299438476562,133.5919952392578,214.8159942626953,133.46800231933594
44.550000000000004,2.6089919954585898e-06,0.0,0.0,7.404038189467715,100.75935984339269,91.71723233373815,207.41299438476562,133.5919952392578,214.8159942626953,133.46800231933594
44.6,6.865793740290978e-08,0.0,0.0,7.404038189467715,100.75935984339269,91.71723233373815,207.41299438476562,133.5919952392578,214.8159942626953,133.46800231933594
44.650000000000006,4.1194489675265886e-07,0.0,0.0,7.404038189467715,100.75935984339269,91.71723233373815,207.41299438476562,133.5919952392578,214.8159942626953,133.46800231933594
44.7,7.552332190457925e-07,0.0,0.0,7.404038189467715,100.75935984339269,91.71723233373815,207.41299438476562,133.5919952392578,214.8159942626953,133.46800231933594
44.75,1.0985229510415426e-06,0.0,0.0,7.404038189467715,100.75935984339269,91.71723233373815,207.41299438476562,133.5919952392578,214.8159942626953,133.46800231933594
44.800000000000004,1.4418109251417167e-06,0.0,0.0,7.404038189467715,100.75935984339269,91.71723233373815,207.41299438476562,133.5919952392578,214.8159942626953,133.46800231933594
44.85,1.7851007683973712e-06,0.0,0.0,7.404038189467715,100.75935984339269,91.71723233373815,207.41299438476562,133.5919952392578,214.8159942626953,133.46800231933594
44.900000000000006,2.1283886481079977e-06,0.0,0.0,7.404038189467715,100.75935984339269,91.71723233373815,207.41299438476562,133.5919952392578,214.8159942626953,133.46800231933594
44.95,2.4716775561019835e-06,0.0,0.0,7.404038189467715,100.75935984339269,91.71723233373815,207.41299438476562,133.5919952392578,214.8159942626953,133.46800231933594
45.0,2.8149660842425643e-06,0.0,0.0,7.404038189467715,100.75935984339269,91.71723233373815,207.41299438476562,133.5919952392578,214.8159942626953,133.46800231933594
45.050000000000004,2.7463081071815476e-07,0.0,0.0,7.404038189467715,100.75935984339269,91.71723233373815,207.41299438476562,133.5919952392578,214.8159942626953,133.46800231933594
45.1,6.179184806359883e-07,0.0,0.0,7.404038189467715,100.75935984339269,91.71723233373815,207.41299438476562,133.5919952392578,214.8159942626953,133.46800231933594
45.150000000000006,9.612072739071194e-07,0.0,0.0,7.404038189467715,100.75935984339269,91.71723233373815,207.41299438476562,133.5919952392578,214.8159942626953,133.46800231933594
45.2,1.3044960794599828e-06,0.0,0.0,7.404038189467715,100.75935984339269,91.71723233373815,207.41299438476562,133.5919952392578,214.8159942626953,133.46800231933594
45.25,1.6477849670007821e-06,0.0,0.0,7.404038189467715,100.75935984339269,91.71723233373815,207.41299438476562,133.5919952392578,214.8159942626953,133.46800231933594
45.300000000000004,1.991073681660142e-06,0.0,0.0,7.404038189467715,100.75935984339269,91.71723233373815,207.41299438476562,133.5919952392578,214.8159942626953,133.46800231933594
45.35,2.3343629120013093e-06,0.0,0.0,7.404038189467715,100.75935984339269,91.71723233373815,207.41299438476562,133.5919952392578,214.8159942626953,133.46800231933594
45.400000000000006,2.677651150586697e-06,0.0,0.0,7.404038189467715,100.75935984339269,91.71723233373815,207.41299438476562,133.5919952392578,214.8159942626953,133.46800231933594
45.45,1.3731608515664286e-07,0.0,0.0,7.404038189467715,100.75935984339269,91.71723233373815,207.41299438476562,133.5919952392578,214.8159942626953,133.46800231933594
45.5,4.806044758832017e-07,0.0,0.0,7.404038189467715,100.75935984339269,91.71723233373815,207.41299438476562,133.5919952392578,214.8159942626953,133.46800231933594
45.550000000000004,8.23892522972765e-07,0.0,0.0,7.404038189467715,100.75935984339269,91.71723233373815,207.41299438476562,133.5919952392578,214.8159942626953,133.46800231933594
45.6,1.1671813392745532e-06,0.0,0.0,7.404038189467715,100.75935984339269,91.71723233373815,207.41299438476562,133.5919952392578,214.8159942626953,133.46800231933594
45.650000000000006,1.510470015688584e-06,0.0,0.0,7.404038189467715,100.75935984339269,91.71723233373815,207.41299438476562,133.5919952392578,214.8159942626953,133.46800231933594
45.7,1.8537592185046718e-06,0.0,0.0,7.404038189467715,100.75935984339269,91.71723233373815,207.41299438476562,133.5919952392578,214.8159942626953,133.46800231933594
45.75,2.1970439595632212e-06,0.0,0.0,7.404038189467715,100.75935984339269,91.71723233373815,207.41299438476562,133.5919952392578,214.8159942626953,133.46800231933594
45.800000000000004,2.5403329665522744e-06,0.0,0.0,7.404038189467715,100.75935984339269,91.71723233373815,207.41299438476562,133.5919952392578,214.8159942626953,133.46800231933594
45.85,0.0,0.0,0.0,7.404038189467715,100.75935984339269,91.71723233373815,207.41299438476562,133.5919952392578,214.8159942626953,133.46800231933594
45.900000000000006,3.4328878560524526e-07,0.0,0.0,7.404038189467715,100.75935984339269,91.71723233373815,207.41299438476562,133.5919952392578,214.8159942626953,133.46800231933594
45.95,6.865783704973407e-07,0.0,0.0,7.404038189467715,100.75935984339269,91.71723233373815,207.41299438476562,133.5919952392578,214.8159942626953,133.46800231933594
46.0,1.029866435115638e-06,0.0,0.0,7.404038189467715,100.75935984339269,91.71723233373815,207.41299438476562,133.5919952392578,214.8159942626953,133.46800231933594
46.050000000000004,1.3731551624110086e-06,0.0,0.0,7.404038189467715,100.75935984339269,91.71723233373815,207.41299438476562,133.5919952392578,214.8159942626953,133.46800231933594
46.1,1.7164410448019386e-06,0.0,0.0,7.404038189467715,100.75935984339269,91.71723233373815,207.41299438476562,133.5919952392578,214.8159942626953,133.46800231933594
46.150000000000006,2.0597297589162615e-06,0.0,0.0,7.404038189467715,100.75935984339269,91.71723233373815,207.41299438476562,133.5919952392578,214.8159942626953,133.46800231933594
46.2,2.4030180592640258e-06,0.0,0.0,7.404038189467715,100.75935984339269,91.71723233373815,207.41299438476562,133.5919952392578,214.8159942626953,133.46800231933594
46.25,2.7463078728520644e-06,0.0,0.0,7.404038189467715,100.75935984339269,91.71723233373815,207.41299438476562,133.5919952392578,214.8159942626953,133.46800231933594
46.300000000000004,2.0597476089231336e-07,0.0,0.0,7.404038189467715,100.75935984339269,91.71723233373815,207.41299438476562,133.5919952392578,214.8159942626953,133.46800231933594
46.35,5.492652549500772e-07,0.0,0.0,7.404038189467715,100.75935984339269,91.71723233373815,207.41299438476562,133.5919952392578,214.8159942626953,133.46800231933594
46.400000000000006,8.925591945940235e-07,0.0,0.0,7.404038189467715,100.75935984339269,91.71723233373815,207.41299438476562,133.5919952392578,214.8159942626953,133.46800231933594
46.45,1.2358371290544121e-06,0.0,0.0,7.404038189467715,100.75935984339269,91.71723233373815,207.41299438476562,133.5919952392578,214.8159942626953,133.46800231933594
46.5,1.5791270164637253e-06,0.0,0.0,7.404038189467715,100.75935984339269,91.71723233373815,207.41299438476562,133.5919952392578,214.8159942626953,133.46800231933594
46.550000000000004,1.9224146623111436e-06,0.0,0.0,7.404038189467715,100.75935984339269,91.71723233373815,207.41299438476562,133.5919952392578,214.8159942626953,133.46800231933594
46.6,2.265703459983257e-06,0.0,0.0,7.404038189467715,100.75935984339269,91.71723233373815,207.41299438476562,133.5919952392578,214.8159942626953,133.46800231933594
46.650000000000006,2.6089924009710266e-06,0.0,0.0,7.404038189467715,100.75935984339269,91.71723233373815,207.41299438476562,133.5919952392578,214.8159942626953,133.46800231933594
46.7,6.865793740290978e-08,0.0,0.0,7.404038189467715,100.75935984339269,91.71723233373815,207.41299438476562,133.5919952392578,214.8159942626953,133.46800231933594
46.75,4.1194635511367933e-07,0.0,0.0,7.404038189467715,100.75935984339269,91.71723233373815,207.41299438476562,133.5919952392578,214.8159942626953,133.46800231933594
46.800000000000004,7.55233519223283e-07,0.0,0.0,7.404038189467715,100.75935984339269,91.71723233373815,207.41299438476562,133.5919952392578,214.8159942626953,133.46800231933594
46.85,1.0985231409364388e-06,0.0,0.0,7.404038189467715,100.75935984339269,91.71723233373815,207.41299438476562,133.5919952392578,214.8159942626953,133.46800231933594
46.900000000000006,1.4418108719464639e-06,0.0,0.0,7.404038189467715,100.75935984339269,91.71723233373815,207.41299438476562,133.5919952392578,214.8159942626953,133.46800231933594
46.95,1.7850998107375675e-06,0.0,0.0,7.404038189467715,100.75935984339269,91.71723233373815,207.41299438476562,133.5919952392578,214.8159942626953,133.46800231933594
47.0,2.1283898217773095e-06,0.0,0.0,7.404038189467715,100.75935984339269,91.71723233373815,207.41299438476562,133.5919952392578,214.8159942626953,133.46800231933594
47.050000000000004,2.4716772352499765e-06,0.0,0.0,7.404038189467715,100.75935984339269,91.71723233373815,207.41299438476562,133.5919952392578,214.8159942626953,133.46800231933594
47.1,2.8149660850830717e-06,0.0,0.0,7.404038189467715,100.75935984339269,91.71723233373815,207.41299438476562,133.5919952392578,214.8159942626953,133.46800231933594
47.150000000000006,2.7463270050036075e-07,0.0,0.0,7.404038189467715,100.75935984339269,91.71723233373815,207.41299438476562,133.5919952392578,214.8159942626953,133.46800231933594
47.2,6.179186316197497e-07,0.0,0.0,7.404038189467715,100.75935984339269,91.71723233373815,207.41299438476562,133.5919952392578,214.8159942626953,133.46800231933594
47.25,9.612082947530693e-07,0.0,0.0,7.404038189467715,100.75935984339269,91.71723233373815,207.41299438476562,133.5919952392578,214.8159942626953,133.46800231933594
47.300000000000004,1.3044968442680564e-06,0.0,0.0,7.404038189467715,100.75935984339269,91.71723233373815,207.41299438476562,133.5919952392578,214.8159942626953,133.46800231933594
47.35,1.647784981210672e-06,0.0,0.0,7.404038189467715,100.75935984339269,91.71723233373815,207.41299438476562,133.5919952392578,214.8159942626953,133.46800231933594
47.400000000000006,1.9910744492282413e-06,0.0,0.0,7.404038189467715,100.75935984339269,91.71723233373815,207.41299438476562,133.5919952392578,214.8159942626953,133.46800231933594
47.45,2.334362538966868e-06,0.0,0.0,7.404038189467715,100.75935984339269,91.71723233373815,207.41299438476562,133.5919952392578,214.8159942626953,133.46800231933594
47.5,2.677652411473538e-06,0.0,0.0,7.404038189467715,100.75935984339269,91.71723233373815,207.41299438476562,133.5919952392578,214.8159942626953,133.46800231933594
47.550000000000004,1.3732315057253139e-07,0.0,0.0,7.404038189467715,100.75935984339269,91.71723233373815,207.41299438476562,133.5919952392578,214.8159942626953,133.46800231933594
47.6,4.806095970619325e-07,0.0,0.0,7.404038189467715,100.75935984339269,91.71723233373815,207.41299438476562,133.5919952392578,214.8159942626953,133.46800231933594
47.650000000000006,8.2389265991481e-07,0.0,0.0,7.404038189467715,100.75935984339269,91.71723233373815,207.41299438476562,133.5919952392578,214.8159942626953,133.46800231933594
47.7,1.1671833625145497e-06,0.0,0.0,7.404038189467715,100.75935984339269,91.71723233373815,207.41299438476562,133.5919952392578,214.8159942626953,133.46800231933594
47.75,1.5104715960412406e-06,0.0,0.0,7.404038189467715,100.75935984339269,91.71723233373815,207.41299438476562,133.5919952392578,214.8159942626953,133.46800231933594
47.800000000000004,1.8537603253060183e-06,0.0,0.0,7.404038189467715,100.75935984339269,91.71723233373815,207.41299438476562,133.5919952392578,214.8159942626953,133.46800231933594
47.85,2.1970440603560863e-06,0.0,0.0,7.404038189467715,100.75935984339269,91.71723233373815,207.41299438476562,133.5919952392578,214.8159942626953,133.46800231933594
47.900000000000006,2.540334570382329e-06,0.0,0.0,7.404038189467715,100.75935984339269,91.71723233373815,207.41299438476562,133.5919952392578,214.8159942626953,133.46800231933594
47.95,0.0,0.0,0.0,7.404038189467715,100.75935984339269,91.71723233373815,207.41299438476562,133.5919952392578,214.8159942626953,133.46800231933594
48.0,3.4330873488792704e-07,0.0,0.0,7.404038189467715,100.75935984339269,91.71723233373815,207.41299438476562,133.5919952392578,214.8159942626953,133.46800231933594
48.050000000000004,6.865795179292219e-07,0.0,0.0,7.404038189467715,100.75935984339269,91.71723233373815,207.41299438476562,133.5919952392578,214.8159942626953,133.46800231933594
48.1,1.0298674096099348e-06,0.0,0.0,7.404038189467715,100.75935984339269,91.71723233373815,207.41299438476562,133.5919952392578,214.8159942626953,133.46800231933594
48.150000000000006,1.3731602769784132e-06,0.0,0.0,7.404038189467715,100.75935984339269,91.71723233373815,207.41299438476562,133.5919952392578,214.8159942626953,133.46800231933594
48.2,1.7164413904396442e-06,0.0,0.0,7.404038189467715,100.75935984339269,91.71723233373815,207.41299438476562,133.5919952392578,214.8159942626953,133.46800231933594
48.25,2.059734448170056e-06,0.0,0.0,7.404038189467715,100.75935984339269,91.71723233373815,207.41299438476562,133.5919952392578,214.8159942626953,133.46800231933594
48.300000000000004,2.403018524477537e-06,0.0,0.0,7.404038189467715,100.75935984339269,91.71723233373815,207.41299438476562,133.5919952392578,214.8159942626953,133.46800231933594
48.35,2.74630722348104e-06,0.0,0.0,7.404038189467715,100.75935984339269,91.71723233373815,207.41299438476562,133.5919952392578,214.8159942626953,133.46800231933594
48.400000000000006,2.059730060752506e-07,0.0,0.0,7.404038189467715,100.75935984339269,91.71723233373815,207.41299438476562,133.5919952392578,214.8159942626953,133.46800231933594
48.45,5.492628323808405e-07,0.0,0.0,7.404038189467715,100.75935984339269,91.71723233373815,207.41299438476562,133.5919952392578,214.8159942626953,133.46800231933594
48.5,8.925533311002192e-07,0.0,0.0,7.404038189467715,100.75935984339269,91.71723233373815,207.41299438476562,133.5919952392578,214.8159942626953,133.46800231933594
48.550000000000004,1.2358369659899626e-06,0.0,0.0,7.404038189467715,100.75935984339269,91.71723233373815,207.41299438476562,133.5919952392578,214.8159942626953,133.46800231933594
48.6,1.579127685137503e-06,0.0,0.0,7.404038189467715,100.75935984339269,91.71723233373815,207.41299438476562,133.5919952392578,214.8159942626953,133.46800231933594
48.650000000000006,1.9224145289733664e-06,0.0,0.0,7.404038189467715,100.75935984339269,91.71723233373815,207.41299438476562,133.5919952392578,214.8159942626953,133.46800231933594
48.7,2.265703473446328e-06,0.0,0.0,7.404038189467715,100.75935984339269,91.71723233373815,207.41299438476562,133.5919952392578,214.8159942626953,133.46800231933594
48.75,2.608992007359061e-06,0.0,0.0,7.404038189467715,100.75935984339269,91.71723233373815,207.41299438476562,133.5919952392578,214.8159942626953,133.46800231933594
48.800000000000004,6.865793740290978e-08,0.0,0.0,7.404038189467715,100.75935984339269,91.71723233373815,207.41299438476562,133.5919952392578,214.8159942626953,133.46800231933594
48.85,4.1194679871851344e-07,0.0,0.0,7.404038189467715,100.75935984339269,91.71723233373815,207.41299438476562,133.5919952392578,214.8159942626953,133.46800231933594
48.900000000000006,7.55233219249606e-07,0.0,0.0,7.404038189467715,100.75935984339269,91.71723233373815,207.41299438476562,133.5919952392578,214.8159942626953,133.46800231933594
48.95,1.0985220149457466e-06,0.0,0.0,7.404038189467715,100.75935984339269,91.71723233373815,207.41299438476562,133.5919952392578,214.8159942626953,133.46800231933594
49.0,1.4418119929566782e-06,0.0,0.0,7.404038189467715,100.75935984339269,91.71723233373815,207.41299438476562,133.5919952392578,214.8159942626953,133.46800231933594
49.050000000000004,1.7851000517584743e-06,0.0,0.0,7.404038189467715,100.75935984339269,91.71723233373815,207.41299438476562,133.5919952392578,214.8159942626953,133.46800231933594
49.1,2.128388849443263e-06,0.0,0.0,7.404038189467715,100.75935984339269,91.71723233373815,207.41299438476562,133.5919952392578,214.8159942626953,133.46800231933594
49.150000000000006,2.471679007608511e-06,0.0,0.0,7.404038189467715,100.75935984339269,91.71723233373815,207.41299438476562,133.5919952392578,214.8159942626953,133.46800231933594
49.2,2.814966002630736e-06,0.0,0.0,7.404038189467715,100.75935984339269,91.71723233373815,207.41299438476562,133.5919952392578,214.8159942626953,133.46800231933594
49.25,2.746335440262125e-07,0.0,0.0,7.404038189467715,100.75935984339269,91.71723233373815,207.41299438476562,133.5919952392578,214.8159942626953,133.46800231933594
49.300000000000004,6.179197163373296e-07,0.0,0.0,7.404038189467715,100.75935984339269,91.71723233373815,207.41299438476562,133.5919952392578,214.8159942626953,133.46800231933594
49.35,9.612099690324942e-07,0.0,0.0,7.404038189467715,100.75935984339269,91.71723233373815,207.41299438476562,133.5919952392578,214.8159942626953,133.46800231933594
49.400000000000006,1.3044961681369064e-06,0.0,0.0,7.404038189467715,100.75935984339269,91.71723233373815,207.41299438476562,133.5919952392578,214.8159942626953,133.46800231933594
49.45,1.6477850951985767e-06,0.0,0.0,7.404038189467715,100.75935984339269,91.71723233373815,207.41299438476562,133.5919952392578,214.8159942626953,133.46800231933594
49.5,1.99107582162844e-06,0.0,0.0,7.404038189467715,100.75935984339269,91.71723233373815,207.41299438476562,133.5919952392578,214.8159942626953,133.46800231933594
49.550000000000004,2.3343624939075397e-06,0.0,0.0,7.404038189467715,100.75935984339269,91.71723233373815,207.41299438476562,133.5919952392578,214.8159942626953,133.46800231933594
49.6,2.6776512948238716e-06,0.0,0.0,7.404038189467715,100.75935984339269,91.71723233373815,207.41299438476562,133.5919952392578,214.8159942626953,133.46800231933594
49.650000000000006,1.3731581838752092e-07,0.0,0.0,7.404038189467715,100.75935984339269,91.71723233373815,207.41299438476562,133.5919952392578,214.8159942626953,133.46800231933594
49.7,4.806038692861843e-07,0.0,0.0,7.404038189467715,100.75935984339269,91.71723233373815,207.41299438476562,133.5919952392578,214.8159942626953,133.46800231933594
49.75,8.238928243633922e-07,0.0,0.0,7.404038189467715,100.75935984339269,91.71723233373815,207.41299438476562,133.5919952392578,214.8159942626953,133.46800231933594
49.800000000000004,1.1671813677188325e-06,0.0,0.0,7.404038189467715,100.75935984339269,91.71723233373815,207.41299438476562,133.5919952392578,214.8159942626953,133.46800231933594
49.85,1.510470081484643e-06,0.0,0.0,7.404038189467715,100.75935984339269,91.71723233373815,207.41299438476562,133.5919952392578,214.8159942626953,133.46800231933594
49.900000000000006,1.8537593284627487e-06,0.0,0.0,7.404038189467715,100.75935984339269,91.71723233373815,207.41299438476562,133.5919952392578,214.8159942626953,133.46800231933594
49.95,2.197044060153172e-06,0.0,0.0,7.404038189467715,100.75935984339269,91.71723233373815,207.41299438476562,133.5919952392578,214.8159942626953,133.46800231933594
50.0,2.540334394218377e-06,0.0,0.0,7.404038189467715,100.75935984339269,91.71723233373815,207.41299438476562,133.5919952392578,214.8159942626953,133.46800231933594
50.050000000000004,0.0,0.0,0.0,7.404038189467715,100.75935984339269,91.71723233373815,207.41299438476562,133.5919952392578,214.8159942626953,133.46800231933594
50.1,3.4328878560524526e-07,0.0,0.0,7.404038189467715,100.75935984339269,91.71723233373815,207.41299438476562,133.5919952392578,214.8159942626953,133.46800231933594
50.150000000000006,6.865783704973407e-07,0.0,0.0,7.404038189467715,100.75935984339269,91.71723233373815,207.41299438476562,133.5919952392578,214.8159942626953,133.46800231933594
50.2,1.029866435115638e-06,0.0,0.0,7.404038189467715,100.75935984339269,91.71723233373815,207.41299438476562,133.5919952392578,214.8159942626953,133.46800231933594
50.25,1.3731555810929993e-06,0.0,0.0,7.404038189467715,100.75935984339269,91.71723233373815,207.41299438476562,133.5919952392578,214.8159942626953,133.46800231933594
50.300000000000004,1.7164404457208672e-06,0.0,0.0,7.404038189467715,100.75935984339269,91.71723233373815,207.41299438476562,133.5919952392578,214.8159942626953,133.46800231933594
50.35,2.0597291404243785e-06,0.0,0.0,7.404038189467715,100.75935984339269,91.71723233373815,207.41299438476562,133.5919952392578,214.8159942626953,133.46800231933594
50.400000000000006,2.4030182404125116e-06,0.0,0.0,7.404038189467715,100.75935984339269,91.71723233373815,207.41299438476562,133.5919952392578,214.8159942626953,133.46800231933594
50.45,2.7463068535049503e-06,0.0,0.0,7.404038189467715,100.75935984339269,91.71723233373815,207.41299438476562,133.5919952392578,214.8159942626953,133.46800231933594
50.5,2.0597369499292084e-07,0.0,0.0,7.404038189467715,100.75935984339269,91.71723233373815,207.41299438476562,133.5919952392578,214.8159942626953,133.46800231933594
50.550000000000004,5.492631516518841e-07,0.0,0.0,7.404038189467715,100.75935984339269,91.71723233373815,207.41299438476562,133.5919952392578,214.8159942626953,133.46800231933594
50.6,8.925518247205685e-07,0.0,0.0,7.404038189467715,100.75935984339269,91.71723233373815,207.41299438476562,133.5919952392578,214.8159942626953,133.46800231933594
50.650000000000006,1.2358369991664656e-06,0.0,0.0,7.404038189467715,100.75935984339269,91.71723233373815,207.41299438476562,133.5919952392578,214.8159942626953,133.46800231933594
50.7,1.5791256932478172e-06,0.0,0.0,7.404038189467715,100.75935984339269,91.71723233373815,207.41299438476562,133.5919952392578,214.8159942626953,133.46800231933594
50.75,1.922414564426416e-06,0.0,0.0,7.404038189467715,100.75935984339269,91.71723233373815,207.41299438476562,133.5919952392578,214.8159942626953,133.46800231933594
50.800000000000004,2.2657031901691577e-06,0.0,0.0,7.404038189467715,100.75935984339269,91.71723233373815,207.41299438476562,133.5919952392578,214.8159942626953,133.46800231933594
50.85,2.6089920667027783e-06,0.0,0.0,7.404038189467715,100.75935984339269,91.71723233373815,207.41299438476562,133.5919952392578,214.8159942626953,133.46800231933594
50.900000000000006,6.865778412498869e-08,0.0,0.0,7.404038189467715,100.75935984339269,91.71723233373815,207.41299438476562,133.5919952392578,214.8159942626953,133.46800231933594
50.95,4.119445052617157e-07,0.0,0.0,7.404038189467715,100.75935984339269,91.71723233373815,207.41299438476562,133.5919952392578,214.8159942626953,133.46800231933594
51.0,7.552342145309953e-07,0.0,0.0,7.404038189467715,100.75935984339269,91.71723233373815,207.41299438476562,133.5919952392578,214.8159942626953,133.46800231933594
51.050000000000004,1.0985220187867504e-06,0.0,0.0,7.404038189467715,100.75935984339269,91.71723233373815,207.41299438476562,133.5919952392578,214.8159942626953,133.46800231933594
51.1,1.44181123044904e-06,0.0,0.0,7.404038189467715,100.75935984339269,91.71723233373815,207.41299438476562,133.5919952392578,214.8159942626953,133.46800231933594
51.150000000000006,1.7850996741828362e-06,0.0,0.0,7.404038189467715,100.75935984339269,91.71723233373815,207.41299438476562,133.5919952392578,214.8159942626953,133.46800231933594
51.2,2.1283894477879856e-06,0.0,0.0,7.404038189467715,100.75935984339269,91.71723233373815,207.41299438476562,133.5919952392578,214.8159942626953,133.46800231933594
51.25,2.4716772860416333e-06,0.0,0.0,7.404038189467715,100.75935984339269,91.71723233373815,207.41299438476562,133.5919952392578,214.8159942626953,133.46800231933594
51.300000000000004,2.814966084613366e-06,0.0,0.0,7.404038189467715,100.75935984339269,91.71723233373815,207.41299438476562,133.5919952392578,214.8159942626953,133.46800231933594
51.35,2.7463270050036075e-07,0.0,0.0,7.404038189467715,100.75935984339269,91.71723233373815,207.41299438476562,133.5919952392578,214.8159942626953,133.46800231933594
51.400000000000006,6.179193290608258e-07,0.0,0.0,7.404038189467715,100.75935984339269,91.71723233373815,207.41299438476562,133.5919952392578,214.8159942626953,133.46800231933594
51.45,9.612072343238133e-07,0.0,0.0,7.404038189467715,100.75935984339269,91.71723233373815,207.41299438476562,133.5919952392578,214.8159942626953,133.46800231933594
51.5,1.3044985699132063e-06,0.0,0.0,7.404038189467715,100.75935984339269,91.71723233373815,207.41299438476562,133.5919952392578,214.8159942626953,133.46800231933594
51.550000000000004,1.647784789658098e-06,0.0,0.0,7.404038189467715,100.75935984339269,91.71723233373815,207.41299438476562,133.5919952392578,214.8159942626953,133.46800231933594
51.6,1.99107400676158e-06,0.0,0.0,7.404038189467715,100.75935984339269,91.71723233373815,207.41299438476562,133.5919952392578,214.8159942626953,133.46800231933594
51.650000000000006,2.3343624914767297e-06,0.0,0.0,7.404038189467715,100.75935984339269,91.71723233373815,207.41299438476562,133.5919952392578,214.8159942626953,133.46800231933594
51.7,2.6776522289818075e-06,0.0,0.0,7.404038189467715,100.75935984339269,91.71723233373815,207.41299438476562,133.5919952392578,214.8159942626953,133.46800231933594
51.75,1.3731581838752092e-07,0.0,0.0,7.404038189467715,100.75935984339269,91.71723233373815,207.41299438476562,133.5919952392578,214.8159942626953,133.46800231933594
51.800000000000004,4.806038692861843e-07,0.0,0.0,7.404038189467715,100.75935984339269,91.71723233373815,207.41299438476562,133.5919952392578,214.8159942626953,133.46800231933594
51.85,8.238944699910157e-07,0.0,0.0,7.404038189467715,100.75935984339269,91.71723233373815,207.41299438476562,133.5919952392578,214.8159942626953,133.46800231933594
51.900000000000006,1.1671817456173782e-06,0.0,0.0,7.404038189467715,100.75935984339269,91.71723233373815,207.41299438476562,133.5919952392578,214.8159942626953,133.46800231933594
51.95,1.5104703889127908e-06,0.0,0.0,7.404038189467715,100.75935984339269,91.71723233373815,207.41299438476562,133.5919952392578,214.8159942626953,133.46800231933594
52.0,1.8537600739296445e-06,0.0,0.0,7.404038189467715,100.75935984339269,91.71723233373815,207.41299438476562,133.5919952392578,214.8159942626953,133.46800231933594
52.050000000000004,2.197044565470745e-06,0.0,0.0,7.404038189467715,100.75935984339269,91.71723233373815,207.41299438476562,133.5919952392578,214.8159942626953,133.46800231933594
52.1,2.540333232221394e-06,0.0,0.0,7.404038189467715,100.75935984339269,91.71723233373815,207.41299438476562,133.5919952392578,214.8159942626953,133.46800231933594
52.150000000000006,0.0,0.0,0.0,7.404038189467715,100.75935984339269,91.71723233373815,207.41299438476562,133.5919952392578,214.8159942626953,133.46800231933594
52.2,3.4328911809150754e-07,0.0,0.0,7.404038189467715,100.75935984339269,91.71723233373815,207.41299438476562,133.5919952392578,214.8159942626953,133.46800231933594
52.25,6.865775893399902e-07,0.0,0.0,7.404038189467715,100.75935984339269,91.71723233373815,207.41299438476562,133.5919952392578,214.8159942626953,133.46800231933594
52.300000000000004,1.0298667602788759e-06,0.0,0.0,7.404038189467715,100.75935984339269,91.71723233373815,207.41299438476562,133.5919952392578,214.8159942626953,133.46800231933594
52.35,1.373155204746921e-06,0.0,0.0,7.404038189467715,100.75935984339269,91.71723233373815,207.41299438476562,133.5919952392578,214.8159942626953,133.46800231933594
52.400000000000006,1.716441030378607e-06,0.0,0.0,7.404038189467715,100.75935984339269,91.71723233373815,207.41299438476562,133.5919952392578,214.8159942626953,133.46800231933594
52.45,2.059729767414681e-06,0.0,0.0,7.404038189467715,100.75935984339269,91.71723233373815,207.41299438476562,133.5919952392578,214.8159942626953,133.46800231933594
52.5,2.4030180203798204e-06,0.0,0.0,7.404038189467715,100.75935984339269,91.71723233373815,207.41299438476562,133.5919952392578,214.8159942626953,133.46800231933594
52.550000000000004,2.7463075696283584e-06,0.0,0.0,7.404038189467715,100.75935984339269,91.71723233373815,207.41299438476562,133.5919952392578,214.8159942626953,133.46800231933594
52.6,2.0597400123860356e-07,0.0,0.0,7.404038189467715,100.75935984339269,91.71723233373815,207.41299438476562,133.5919952392578,214.8159942626953,133.46800231933594
52.650000000000006,5.492646807736312e-07,0.0,0.0,7.404038189467715,100.75935984339269,91.71723233373815,207.41299438476562,133.5919952392578,214.8159942626953,133.46800231933594
52.7,8.925544187074743e-07,0.0,0.0,7.404038189467715,100.75935984339269,91.71723233373815,207.41299438476562,133.5919952392578,214.8159942626953,133.46800231933594
52.75,1.2358369693983804e-06,0.0,0.0,7.404038189467715,100.75935984339269,91.71723233373815,207.41299438476562,133.5919952392578,214.8159942626953,133.46800231933594
52.800000000000004,1.5791256197115482e-06,0.0,0.0,7.404038189467715,100.75935984339269,91.71723233373815,207.41299438476562,133.5919952392578,214.8159942626953,133.46800231933594
52.85,1.9224144614827582e-06,0.0,0.0,7.404038189467715,100.75935984339269,91.71723233373815,207.41299438476562,133.5919952392578,214.8159942626953,133.46800231933594
52.900000000000006,2.2657031421830687e-06,0.0,0.0,7.404038189467715,100.75935984339269,91.71723233373815,207.41299438476562,133.5919952392578,214.8159942626953,133.46800231933594
52.95,2.6089919901581524e-06,0.0,0.0,7.404038189467715,100.75935984339269,91.71723233373815,207.41299438476562,133.5919952392578,214.8159942626953,133.46800231933594
53.0,6.865793740290978e-08,0.0,0.0,7.404038189467715,100.75935984339269,91.71723233373815,207.41299438476562,133.5919952392578,214.8159942626953,133.46800231933594
53.050000000000004,4.1194679871851344e-07,0.0,0.0,7.404038189467715,100.75935984339269,91.71723233373815,207.41299438476562,133.5919952392578,214.8159942626953,133.46800231933594
53.1,7.552334367860897e-07,0.0,0.0,7.404038189467715,100.75935984339269,91.71723233373815,207.41299438476562,133.5919952392578,214.8159942626953,133.46800231933594
53.150000000000006,1.0985221820338607e-06,0.0,0.0,7.404038189467715,100.75935984339269,91.71723233373815,207.41299438476562,133.5919952392578,214.8159942626953,133.46800231933594
53.2,1.4418111084237045e-06,0.0,0.0,7.404038189467715,100.75935984339269,91.71723233373815,207.41299438476562,133.5919952392578,214.8159942626953,133.46800231933594
53.25,1.7851001755647742e-06,0.0,0.0,7.404038189467715,100.75935984339269,91.71723233373815,207.41299438476562,133.5919952392578,214.8159942626953,133.46800231933594
53.300000000000004,2.1283884754838913e-06,0.0,0.0,7.404038189467715,100.75935984339269,91.71723233373815,207.41299438476562,133.5919952392578,214.8159942626953,133.46800231933594
53.35,2.471677194584903e-06,0.0,0.0,7.404038189467715,100.75935984339269,91.71723233373815,207.41299438476562,133.5919952392578,214.8159942626953,133.46800231933594
53.400000000000006,2.8149660030844498e-06,0.0,0.0,7.404038189467715,100.75935984339269,91.71723233373815,207.41299438476562,133.5919952392578,214.8159942626953,133.46800231933594
53.45,2.7463071687387645e-07,0.0,0.0,7.404038189467715,100.75935984339269,91.71723233373815,207.41299438476562,133.5919952392578,214.8159942626953,133.46800231933594
53.5,6.179184173257813e-07,0.0,0.0,7.404038189467715,100.75935984339269,91.71723233373815,207.41299438476562,133.5919952392578,214.8159942626953,133.46800231933594
53.550000000000004,9.612076167166059e-07,0.0,0.0,7.404038189467715,100.75935984339269,91.71723233373815,207.41299438476562,133.5919952392578,214.8159942626953,133.46800231933594
53.6,1.3044960026303042e-06,0.0,0.0,7.404038189467715,100.75935984339269,91.71723233373815,207.41299438476562,133.5919952392578,214.8159942626953,133.46800231933594
53.650000000000006,1.6477849764662682e-06,0.0,0.0,7.404038189467715,100.75935984339269,91.71723233373815,207.41299438476562,133.5919952392578,214.8159942626953,133.46800231933594
53.7,1.991073895755425e-06,0.0,0.0,7.404038189467715,100.75935984339269,91.71723233373815,207.41299438476562,133.5919952392578,214.8159942626953,133.46800231933594
53.75,2.334363364804267e-06,0.0,0.0,7.404038189467715,100.75935984339269,91.71723233373815,207.41299438476562,133.5919952392578,214.8159942626953,133.46800231933594
53.800000000000004,2.6776522438788783e-06,0.0,0.0,7.404038189467715,100.75935984339269,91.71723233373815,207.41299438476562,133.5919952392578,214.8159942626953,133.46800231933594
53.85,1.3731640333600433e-07,0.0,0.0,7.404038189467715,100.75935984339269,91.71723233373815,207.41299438476562,133.5919952392578,214.8159942626953,133.46800231933594
53.900000000000006,4.806049010020029e-07,0.0,0.0,7.404038189467715,100.75935984339269,91.71723233373815,207.41299438476562,133.5919952392578,214.8159942626953,133.46800231933594
53.95,8.238939703684337e-07,0.0,0.0,7.404038189467715,100.75935984339269,91.71723233373815,207.41299438476562,133.5919952392578,214.8159942626953,133.46800231933594
54.0,1.1671819601081244e-06,0.0,0.0,7.404038189467715,100.75935984339269,91.71723233373815,207.41299438476562,133.5919952392578,214.8159942626953,133.46800231933594
54.050000000000004,1.5104713144567904e-06,0.0,0.0,7.404038189467715,100.75935984339269,91.71723233373815,207.41299438476562,133.5919952392578,214.8159942626953,133.46800231933594
54.1,1.8537589259711367e-06,0.0,0.0,7.404038189467715,100.75935984339269,91.71723233373815,207.41299438476562,133.5919952392578,214.8159942626953,133.46800231933594
54.150000000000006,2.1970439563131185e-06,0.0,0.0,7.404038189467715,100.75935984339269,91.71723233373815,207.41299438476562,133.5919952392578,214.8159942626953,133.46800231933594
54.2,2.540332823291206e-06,0.0,0.0,7.404038189467715,100.75935984339269,91.71723233373815,207.41299438476562,133.5919952392578,214.8159942626953,133.46800231933594
54.25,0.0,0.0,0.0,7.404038189467715,100.75935984339269,91.71723233373815,207.41299438476562,133.5919952392578,214.8159942626953,133.46800231933594
54.300000000000004,3.4328855580386005e-07,0.0,0.0,7.404038189467715,100.75935984339269,91.71723233373815,207.41299438476562,133.5919952392578,214.8159942626953,133.46800231933594
54.35,6.865776045730704e-07,0.0,0.0,7.404038189467715,100.75935984339269,91.71723233373815,207.41299438476562,133.5919952392578,214.8159942626953,133.46800231933594
54.400000000000006,1.0298669098223106e-06,0.0,0.0,7.404038189467715,100.75935984339269,91.71723233373815,207.41299438476562,133.5919952392578,214.8159942626953,133.46800231933594
54.45,1.3731551632264453e-06,0.0,0.0,7.404038189467715,100.75935984339269,91.71723233373815,207.41299438476562,133.5919952392578,214.8159942626953,133.46800231933594
54.5,1.7164408831069254e-06,0.0,0.0,7.404038189467715,100.75935984339269,91.71723233373815,207.41299438476562,133.5919952392578,214.8159942626953,133.46800231933594
54.550000000000004,2.05972971172008e-06,0.0,0.0,7.404038189467715,100.75935984339269,91.71723233373815,207.41299438476562,133.5919952392578,214.8159942626953,133.46800231933594
54.6,2.4030185833013547e-06,0.0,0.0,7.404038189467715,100.75935984339269,91.71723233373815,207.41299438476562,133.5919952392578,214.8159942626953,133.46800231933594
54.650000000000006,2.7463071228655026e-06,0.0,0.0,7.404038189467715,100.75935984339269,91.71723233373815,207.41299438476562,133.5919952392578,214.8159942626953,133.46800231933594
54.7,2.0598074178530236e-07,0.0,0.0,7.404038189467715,100.75935984339269,91.71723233373815,207.41299438476562,133.5919952392578,214.8159942626953,133.46800231933594
54.75,5.492628566903606e-07,0.0,0.0,7.404038189467715,100.75935984339269,91.71723233373815,207.41299438476562,133.5919952392578,214.8159942626953,133.46800231933594
54.800000000000004,8.925528422795348e-07,0.0,0.0,7.404038189467715,100.75935984339269,91.71723233373815,207.41299438476562,133.5919952392578,214.8159942626953,133.46800231933594
54.85,1.2358368627461289e-06,0.0,0.0,7.404038189467715,100.75935984339269,91.71723233373815,207.41299438476562,133.5919952392578,214.8159942626953,133.46800231933594
54.900000000000006,1.5791256702490211e-06,0.0,0.0,7.404038189467715,100.75935984339269,91.71723233373815,207.41299438476562,133.5919952392578,214.8159942626953,133.46800231933594
54.95,1.9224146408271206e-06,0.0,0.0,7.404038189467715,100.75935984339269,91.71723233373815,207.41299438476562,133.5919952392578,214.8159942626953,133.46800231933594
55.0,2.2657034527841424e-06,0.0,0.0,7.404038189467715,100.75935984339269,91.71723233373815,207.41299438476562,133.5919952392578,214.8159942626953,133.46800231933594
55.050000000000004,2.6089922024086974e-06,0.0,0.0,7.404038189467715,100.75935984339269,91.71723233373815,207.41299438476562,133.5919952392578,214.8159942626953,133.46800231933594
55.1,6.865778412498869e-08,0.0,0.0,7.404038189467715,100.75935984339269,91.71723233373815,207.41299438476562,133.5919952392578,214.8159942626953,133.46800231933594
55.150000000000006,4.1194883598623184e-07,0.0,0.0,7.404038189467715,100.75935984339269,91.71723233373815,207.41299438476562,133.5919952392578,214.8159942626953,133.46800231933594
55.2,7.552332213802452e-07,0.0,0.0,7.404038189467715,100.75935984339269,91.71723233373815,207.41299438476562,133.5919952392578,214.8159942626953,133.46800231933594
55.25,1.0985220338173217e-06,0.0,0.0,7.404038189467715,100.75935984339269,91.71723233373815,207.41299438476562,133.5919952392578,214.8159942626953,133.46800231933594
55.300000000000004,1.4418108754317594e-06,0.0,0.0,7.404038189467715,100.75935984339269,91.71723233373815,207.41299438476562,133.5919952392578,214.8159942626953,133.46800231933594
55.35,1.7850997411056749e-06,0.0,0.0,7.404038189467715,100.75935984339269,91.71723233373815,207.41299438476562,133.5919952392578,214.8159942626953,133.46800231933594
55.400000000000006,2.1283890995404585e-06,0.0,0.0,7.404038189467715,100.75935984339269,91.71723233373815,207.41299438476562,133.5919952392578,214.8159942626953,133.46800231933594
55.45,2.471677151120593e-06,0.0,0.0,7.404038189467715,100.75935984339269,91.71723233373815,207.41299438476562,133.5919952392578,214.8159942626953,133.46800231933594
55.5,2.8149660916793916e-06,0.0,0.0,7.404038189467715,100.75935984339269,91.71723233373815,207.41299438476562,133.5919952392578,214.8159942626953,133.46800231933594
55.550000000000004,2.746310968501178e-07,0.0,0.0,7.404038189467715,100.75935984339269,91.71723233373815,207.41299438476562,133.5919952392578,214.8159942626953,133.46800231933594
55.6,6.179184618063245e-07,0.0,0.0,7.404038189467715,100.75935984339269,91.71723233373815,207.41299438476562,133.5919952392578,214.8159942626953,133.46800231933594
55.650000000000006,9.612072905367158e-07,0.0,0.0,7.404038189467715,100.75935984339269,91.71723233373815,207.41299438476562,133.5919952392578,214.8159942626953,133.46800231933594
55.7,1.304496268359454e-06,0.0,0.0,7.404038189467715,100.75935984339269,91.71723233373815,207.41299438476562,133.5919952392578,214.8159942626953,133.46800231933594
55.75,1.6477850883064602e-06,0.0,0.0,7.404038189467715,100.75935984339269,91.71723233373815,207.41299438476562,133.5919952392578,214.8159942626953,133.46800231933594
55.800000000000004,1.991073807266851e-06,0.0,0.0,7.404038189467715,100.75935984339269,91.71723233373815,207.41299438476562,133.5919952392578,214.8159942626953,133.46800231933594
55.85,2.3343634329761296e-06,0.0,0.0,7.404038189467715,100.75935984339269,91.71723233373815,207.41299438476562,133.5919952392578,214.8159942626953,133.46800231933594
55.900000000000006,2.6776512349711175e-06,0.0,0.0,7.404038189467715,100.75935984339269,91.71723233373815,207.41299438476562,133.5919952392578,214.8159942626953,133.46800231933594
55.95,1.3731581838752092e-07,0.0,0.0,7.404038189467715,100.75935984339269,91.71723233373815,207.41299438476562,133.5919952392578,214.8159942626953,133.46800231933594
56.0,4.806047883140755e-07,0.0,0.0,7.404038189467715,100.75935984339269,91.71723233373815,207.41299438476562,133.5919952392578,214.8159942626953,133.46800231933594
56.050000000000004,8.238925757829522e-07,0.0,0.0,7.404038189467715,100.75935984339269,91.71723233373815,207.41299438476562,133.5919952392578,214.8159942626953,133.46800231933594
56.1,1.167182114053183e-06,0.0,0.0,7.404038189467715,100.75935984339269,91.71723233373815,207.41299438476562,133.5919952392578,214.8159942626953,133.46800231933594
56.150000000000006,1.5104701521013546e-06,0.0,0.0,7.404038189467715,100.75935984339269,91.71723233373815,207.41299438476562,133.5919952392578,214.8159942626953,133.46800231933594
56.2,1.8537589674503882e-06,0.0,0.0,7.404038189467715,100.75935984339269,91.71723233373815,207.41299438476562,133.5919952392578,214.8159942626953,133.46800231933594
56.25,2.1970449758214437e-06,0.0,0.0,7.404038189467715,100.75935984339269,91.71723233373815,207.41299438476562,133.5919952392578,214.8159942626953,133.46800231933594
56.300000000000004,2.540333683913548e-06,0.0,0.0,7.404038189467715,100.75935984339269,91.71723233373815,207.41299438476562,133.5919952392578,214.8159942626953,133.46800231933594
56.35,0.0,0.0,0.0,7.404038189467715,100.75935984339269,91.71723233373815,207.41299438476562,133.5919952392578,214.8159942626953,133.46800231933594
56.400000000000006,3.4329234992680915e-07,0.0,0.0,7.404038189467715,100.75935984339269,91.71723233373815,207.41299438476562,133.5919952392578,214.8159942626953,133.46800231933594
56.45,6.865795647244586e-07,0.0,0.0,7.404038189467715,100.75935984339269,91.71723233373815,207.41299438476562,133.5919952392578,214.8159942626953,133.46800231933594
56.5,1.0298683415975569e-06,0.0,0.0,7.404038189467715,100.75935984339269,91.71723233373815,207.41299438476562,133.5919952392578,214.8159942626953,133.46800231933594
56.550000000000004,1.3731555675104455e-06,0.0,0.0,7.404038189467715,100.75935984339269,91.71723233373815,207.41299438476562,133.5919952392578,214.8159942626953,133.46800231933594
56.6,1.716440471054879e-06,0.0,0.0,7.404038189467715,100.75935984339269,91.71723233373815,207.41299438476562,133.5919952392578,214.8159942626953,133.46800231933594
56.650000000000006,2.0597307163395776e-06,0.0,0.0,7.404038189467715,100.75935984339269,91.71723233373815,207.41299438476562,133.5919952392578,214.8159942626953,133.46800231933594
56.7,2.403018022532754e-06,0.0,0.0,7.404038189467715,100.75935984339269,91.71723233373815,207.41299438476562,133.5919952392578,214.8159942626953,133.46800231933594
56.75,2.74630688142629e-06,0.0,0.0,7.404038189467715,100.75935984339269,91.71723233373815,207.41299438476562,133.5919952392578,214.8159942626953,133.46800231933594
56.800000000000004,2.0597400123860356e-07,0.0,0.0,7.404038189467715,100.75935984339269,91.71723233373815,207.41299438476562,133.5919952392578,214.8159942626953,133.46800231933594
56.85,5.492632037116958e-07,0.0,0.0,7.404038189467715,100.75935984339269,91.71723233373815,207.41299438476562,133.5919952392578,214.8159942626953,133.46800231933594
56.900000000000006,8.92551771288066e-07,0.0,0.0,7.404038189467715,100.75935984339269,91.71723233373815,207.41299438476562,133.5919952392578,214.8159942626953,133.46800231933594
56.95,1.2358381756149292e-06,0.0,0.0,7.404038189467715,100.75935984339269,91.71723233373815,207.41299438476562,133.5919952392578,214.8159942626953,133.46800231933594
57.0,1.579125669098418e-06,0.0,0.0,7.404038189467715,100.75935984339269,91.71723233373815,207.41299438476562,133.5919952392578,214.8159942626953,133.46800231933594
57.050000000000004,1.9224145178538334e-06,0.0,0.0,7.404038189467715,100.75935984339269,91.71723233373815,207.41299438476562,133.5919952392578,214.8159942626953,133.46800231933594
57.1,2.2657032879316807e-06,0.0,0.0,7.404038189467715,100.75935984339269,91.71723233373815,207.41299438476562,133.5919952392578,214.8159942626953,133.46800231933594
57.150000000000006,2.6089919889209176e-06,0.0,0.0,7.404038189467715,100.75935984339269,91.71723233373815,207.41299438476562,133.5919952392578,214.8159942626953,133.46800231933594
57.2,6.865793740290978e-08,0.0,0.0,7.404038189467715,100.75935984339269,91.71723233373815,207.41299438476562,133.5919952392578,214.8159942626953,133.46800231933594
57.25,4.1194470751951654e-07,0.0,0.0,7.404038189467715,100.75935984339269,91.71723233373815,207.41299438476562,133.5919952392578,214.8159942626953,133.46800231933594
57.300000000000004,7.552336915030118e-07,0.0,0.0,7.404038189467715,100.75935984339269,91.71723233373815,207.41299438476562,133.5919952392578,214.8159942626953,133.46800231933594
57.35,1.0985221496047624e-06,0.0,0.0,7.404038189467715,100.75935984339269,91.71723233373815,207.41299438476562,133.5919952392578,214.8159942626953,133.46800231933594
57.400000000000006,1.4418110423364704e-06,0.0,0.0,7.404038189467715,100.75935984339269,91.71723233373815,207.41299438476562,133.5919952392578,214.8159942626953,133.46800231933594
57.45,1.7850998007627366e-06,0.0,0.0,7.404038189467715,100.75935984339269,91.71723233373815,207.41299438476562,133.5919952392578,214.8159942626953,133.46800231933594
57.5,2.128388474918834e-06,0.0,0.0,7.404038189467715,100.75935984339269,91.71723233373815,207.41299438476562,133.5919952392578,214.8159942626953,133.46800231933594
57.550000000000004,2.471677175094333e-06,0.0,0.0,7.404038189467715,100.75935984339269,91.71723233373815,207.41299438476562,133.5919952392578,214.8159942626953,133.46800231933594
57.6,2.814966231484791e-06,0.0,0.0,7.404038189467715,100.75935984339269,91.71723233373815,207.41299438476562,133.5919952392578,214.8159942626953,133.46800231933594
57.650000000000006,2.746309680090452e-07,0.0,0.0,7.404038189467715,100.75935984339269,91.71723233373815,207.41299438476562,133.5919952392578,214.8159942626953,133.46800231933594
57.7,6.179185983762643e-07,0.0,0.0,7.404038189467715,100.75935984339269,91.71723233373815,207.41299438476562,133.5919952392578,214.8159942626953,133.46800231933594
57.75,9.612079045038233e-07,0.0,0.0,7.404038189467715,100.75935984339269,91.71723233373815,207.41299438476562,133.5919952392578,214.8159942626953,133.46800231933594
57.800000000000004,1.3044960259700196e-06,0.0,0.0,7.404038189467715,100.75935984339269,91.71723233373815,207.41299438476562,133.5919952392578,214.8159942626953,133.46800231933594
57.85,1.6477849369954686e-06,0.0,0.0,7.404038189467715,100.75935984339269,91.71723233373815,207.41299438476562,133.5919952392578,214.8159942626953,133.46800231933594
57.900000000000006,1.991073739307226e-06,0.0,0.0,7.404038189467715,100.75935984339269,91.71723233373815,207.41299438476562,133.5919952392578,214.8159942626953,133.46800231933594
57.95,2.3343630488244166e-06,0.0,0.0,7.404038189467715,100.75935984339269,91.71723233373815,207.41299438476562,133.5919952392578,214.8159942626953,133.46800231933594
58.0,2.677651165594948e-06,0.0,0.0,7.404038189467715,100.75935984339269,91.71723233373815,207.41299438476562,133.5919952392578,214.8159942626953,133.46800231933594
58.050000000000004,1.3731640333600433e-07,0.0,0.0,7.404038189467715,100.75935984339269,91.71723233373815,207.41299438476562,133.5919952392578,214.8159942626953,133.46800231933594
58.1,4.806064642549185e-07,0.0,0.0,7.404038189467715,100.75935984339269,91.71723233373815,207.41299438476562,133.5919952392578,214.8159942626953,133.46800231933594
58.150000000000006,8.238924301601869e-07,0.0,0.0,7.404038189467715,100.75935984339269,91.71723233373815,207.41299438476562,133.5919952392578,214.8159942626953,133.46800231933594
58.2,1.167181876156672e-06,0.0,0.0,7.404038189467715,100.75935984339269,91.71723233373815,207.41299438476562,133.5919952392578,214.8159942626953,133.46800231933594
58.25,1.5104702587192352e-06,0.0,0.0,7.404038189467715,100.75935984339269,91.71723233373815,207.41299438476562,133.5919952392578,214.8159942626953,133.46800231933594
58.300000000000004,1.8537604088613462e-06,0.0,0.0,7.404038189467715,100.75935984339269,91.71723233373815,207.41299438476562,133.5919952392578,214.8159942626953,133.46800231933594
58.35,2.1970439738620763e-06,0.0,0.0,7.404038189467715,100.75935984339269,91.71723233373815,207.41299438476562,133.5919952392578,214.8159942626953,133.46800231933594
58.400000000000006,2.540332837889354e-06,0.0,0.0,7.404038189467715,100.75935984339269,91.71723233373815,207.41299438476562,133.5919952392578,214.8159942626953,133.46800231933594
58.45,0.0,0.0,0.0,7.404038189467715,100.75935984339269,91.71723233373815,207.41299438476562,133.5919952392578,214.8159942626953,133.46800231933594
58.5,3.432890693420779e-07,0.0,0.0,7.404038189467715,100.75935984339269,91.71723233373815,207.41299438476562,133.5919952392578,214.8159942626953,133.46800231933594
58.550000000000004,6.865775936584444e-07,0.0,0.0,7.404038189467715,100.75935984339269,91.71723233373815,207.41299438476562,133.5919952392578,214.8159942626953,133.46800231933594
58.6,1.029866429643279e-06,0.0,0.0,7.404038189467715,100.75935984339269,91.71723233373815,207.41299438476562,133.5919952392578,214.8159942626953,133.46800231933594
58.650000000000006,1.3731556391613642e-06,0.0,0.0,7.404038189467715,100.75935984339269,91.71723233373815,207.41299438476562,133.5919952392578,214.8159942626953,133.46800231933594
58.7,1.7164410738097876e-06,0.0,0.0,7.404038189467715,100.75935984339269,91.71723233373815,207.41299438476562,133.5919952392578,214.8159942626953,133.46800231933594
58.75,2.0597295510305183e-06,0.0,0.0,7.404038189467715,100.75935984339269,91.71723233373815,207.41299438476562,133.5919952392578,214.8159942626953,133.46800231933594
58.800000000000004,2.403018539344549e-06,0.0,0.0,7.404038189467715,100.75935984339269,91.71723233373815,207.41299438476562,133.5919952392578,214.8159942626953,133.46800231933594
58.85,2.7463071189391114e-06,0.0,0.0,7.404038189467715,100.75935984339269,91.71723233373815,207.41299438476562,133.5919952392578,214.8159942626953,133.46800231933594
58.900000000000006,2.0597476089231336e-07,0.0,0.0,7.404038189467715,100.75935984339269,91.71723233373815,207.41299438476562,133.5919952392578,214.8159942626953,133.46800231933594
58.95,5.492630076140599e-07,0.0,0.0,7.404038189467715,100.75935984339269,91.71723233373815,207.41299438476562,133.5919952392578,214.8159942626953,133.46800231933594
59.0,8.925529597044304e-07,0.0,0.0,7.404038189467715,100.75935984339269,91.71723233373815,207.41299438476562,133.5919952392578,214.8159942626953,133.46800231933594
59.050000000000004,1.2358370291290519e-06,0.0,0.0,7.404038189467715,100.75935984339269,91.71723233373815,207.41299438476562,133.5919952392578,214.8159942626953,133.46800231933594
59.1,1.579125894705659e-06,0.0,0.0,7.404038189467715,100.75935984339269,91.71723233373815,207.41299438476562,133.5919952392578,214.8159942626953,133.46800231933594
59.150000000000006,1.9224147411785745e-06,0.0,0.0,7.404038189467715,100.75935984339269,91.71723233373815,207.41299438476562,133.5919952392578,214.8159942626953,133.46800231933594
59.2,2.2657031713528467e-06,0.0,0.0,7.404038189467715,100.75935984339269,91.71723233373815,207.41299438476562,133.5919952392578,214.8159942626953,133.46800231933594
59.25,2.6089920051110554e-06,0.0,0.0,7.404038189467715,100.75935984339269,91.71723233373815,207.41299438476562,133.5919952392578,214.8159942626953,133.46800231933594
59.300000000000004,6.865778412498869e-08,0.0,0.0,7.404038189467715,100.75935984339269,91.71723233373815,207.41299438476562,133.5919952392578,214.8159942626953,133.46800231933594
59.35,4.1194496114402114e-07,0.0,0.0,7.404038189467715,100.75935984339269,91.71723233373815,207.41299438476562,133.5919952392578,214.8159942626953,133.46800231933594
59.400000000000006,7.552364939925823e-07,0.0,0.0,7.404038189467715,100.75935984339269,91.71723233373815,207.41299438476562,133.5919952392578,214.8159942626953,133.46800231933594
59.45,1.0985219844607e-06,0.0,0.0,7.404038189467715,100.75935984339269,91.71723233373815,207.41299438476562,133.5919952392578,214.8159942626953,133.46800231933594
59.5,1.4418111574814298e-06,0.0,0.0,7.404038189467715,100.75935984339269,91.71723233373815,207.41299438476562,133.5919952392578,214.8159942626953,133.46800231933594
59.550000000000004,1.7851000467395953e-06,0.0,0.0,7.404038189467715,100.75935984339269,91.71723233373815,207.41299438476562,133.5919952392578,214.8159942626953,133.46800231933594
59.6,2.1283892823687894e-06,0.0,0.0,7.404038189467715,100.75935984339269,91.71723233373815,207.41299438476562,133.5919952392578,214.8159942626953,133.46800231933594
59.650000000000006,2.471677153106627e-06,0.0,0.0,7.404038189467715,100.75935984339269,91.71723233373815,207.41299438476562,133.5919952392578,214.8159942626953,133.46800231933594
59.7,2.8149660818384413e-06,0.0,0.0,7.404038189467715,100.75935984339269,91.71723233373815,207.41299438476562,133.5919952392578,214.8159942626953,133.46800231933594
59.75,2.746310968501178e-07,0.0,0.0,7.404038189467715,100.75935984339269,91.71723233373815,207.41299438476562,133.5919952392578,214.8159942626953,133.46800231933594
59.800000000000004,6.179185843940807e-07,0.0,0.0,7.404038189467715,100.75935984339269,91.71723233373815,207.41299438476562,133.5919952392578,214.8159942626953,133.46800231933594
59.85,9.612075896231277e-07,0.0,0.0,7.404038189467715,100.75935984339269,91.71723233373815,207.41299438476562,133.5919952392578,214.8159942626953,133.46800231933594
59.900000000000006,1.3044960827028287e-06,0.0,0.0,7.404038189467715,100.75935984339269,91.71723233373815,207.41299438476562,133.5919952392578,214.8159942626953,133.46800231933594
59.95,1.647786068449861e-06,0.0,0.0,7.404038189467715,100.75935984339269,91.71723233373815,207.41299438476562,133.5919952392578,214.8159942626953,133.46800231933594
60.0,1.9910736253599604e-06,0.0,0.0,7.404038189467715,100.75935984339269,91.71723233373815,207.41299438476562,133.5919952392578,214.8159942626953,133.46800231933594
60.050000000000004,2.334362491529389e-06,0.0,0.0,7.404038189467715,100.75935984339269,91.71723233373815,207.41299438476562,133.5919952392578,214.8159942626953,133.46800231933594
60.1,2.677651255983415e-06,0.0,0.0,7.404038189467715,100.75935984339269,91.71723233373815,207.41299438476562,133.5919952392578,214.8159942626953,133.46800231933594
60.150000000000006,1.3731640333600433e-07,0.0,0.0,7.404038189467715,100.75935984339269,91.71723233373815,207.41299438476562,133.5919952392578,214.8159942626953,133.46800231933594
60.2,4.806064642549185e-07,0.0,0.0,7.404038189467715,100.75935984339269,91.71723233373815,207.41299438476562,133.5919952392578,214.8159942626953,133.46800231933594
60.25,8.238924301601869e-07,0.0,0.0,7.404038189467715,100.75935984339269,91.71723233373815,207.41299438476562,133.5919952392578,214.8159942626953,133.46800231933594
60.300000000000004,1.1671817803533743e-06,0.0,0.0,7.404038189467715,100.75935984339269,91.71723233373815,207.41299438476562,133.5919952392578,214.8159942626953,133.46800231933594
60.35,1.5104700369007047e-06,0.0,0.0,7.404038189467715,100.75935984339269,91.71723233373815,207.41299438476562,133.5919952392578,214.8159942626953,133.46800231933594
60.400000000000006,1.8537591676235394e-06,0.0,0.0,7.404038189467715,100.75935984339269,91.71723233373815,207.41299438476562,133.5919952392578,214.8159942626953,133.46800231933594
60.45,2.1970439864660032e-06,0.0,0.0,7.404038189467715,100.75935984339269,91.71723233373815,207.41299438476562,133.5919952392578,214.8159942626953,133.46800231933594
60.5,2.540333109647114e-06,0.0,0.0,7.404038189467715,100.75935984339269,91.71723233373815,207.41299438476562,133.5919952392578,214.8159942626953,133.46800231933594
60.550000000000004,0.0,0.0,0.0,7.404038189467715,100.75935984339269,91.71723233373815,207.41299438476562,133.5919952392578,214.8159942626953,133.46800231933594
60.6,3.4328844749130603e-07,0.0,0.0,7.404038189467715,100.75935984339269,91.71723233373815,207.41299438476562,133.5919952392578,214.8159942626953,133.46800231933594
60.650000000000006,6.865796777534201e-07,0.0,0.0,7.404038189467715,100.75935984339269,91.71723233373815,207.41299438476562,133.5919952392578,214.8159942626953,133.46800231933594
60.7,1.0298668293495357e-06,0.0,0.0,7.404038189467715,100.75935984339269,91.71723233373815,207.41299438476562,133.5919952392578,214.8159942626953,133.46800231933594
60.75,1.37315517050071e-06,0.0,0.0,7.404038189467715,100.75935984339269,91.71723233373815,207.41299438476562,133.5919952392578,214.8159942626953,133.46800231933594
60.800000000000004,1.7164408036204572e-06,0.0,0.0,7.404038189467715,100.75935984339269,91.71723233373815,207.41299438476562,133.5919952392578,214.8159942626953,133.46800231933594
60.85,2.059730263059523e-06,0.0,0.0,7.404038189467715,100.75935984339269,91.71723233373815,207.41299438476562,133.5919952392578,214.8159942626953,133.46800231933594
60.900000000000006,2.40301809870976e-06,0.0,0.0,7.404038189467715,100.75935984339269,91.71723233373815,207.41299438476562,133.5919952392578,214.8159942626953,133.46800231933594
60.95,2.746306838766119e-06,0.0,0.0,7.404038189467715,100.75935984339269,91.71723233373815,207.41299438476562,133.5919952392578,214.8159942626953,133.46800231933594
61.0,2.0597400123860356e-07,0.0,0.0,7.404038189467715,100.75935984339269,91.71723233373815,207.41299438476562,133.5919952392578,214.8159942626953,133.46800231933594
61.050000000000004,5.49264299043708e-07,0.0,0.0,7.404038189467715,100.75935984339269,91.71723233373815,207.41299438476562,133.5919952392578,214.8159942626953,133.46800231933594
61.1,8.925538461932126e-07,0.0,0.0,7.404038189467715,100.75935984339269,91.71723233373815,207.41299438476562,133.5919952392578,214.8159942626953,133.46800231933594
61.150000000000006,1.2358373538846261e-06,0.0,0.0,7.404038189467715,100.75935984339269,91.71723233373815,207.41299438476562,133.5919952392578,214.8159942626953,133.46800231933594
61.2,1.5791256195461386e-06,0.0,0.0,7.404038189467715,100.75935984339269,91.71723233373815,207.41299438476562,133.5919952392578,214.8159942626953,133.46800231933594
61.25,1.9224144874723625e-06,0.0,0.0,7.404038189467715,100.75935984339269,91.71723233373815,207.41299438476562,133.5919952392578,214.8159942626953,133.46800231933594
61.300000000000004,2.265703169601956e-06,0.0,0.0,7.404038189467715,100.75935984339269,91.71723233373815,207.41299438476562,133.5919952392578,214.8159942626953,133.46800231933594
61.35,2.6089923756761744e-06,0.0,0.0,7.404038189467715,100.75935984339269,91.71723233373815,207.41299438476562,133.5919952392578,214.8159942626953,133.46800231933594
61.400000000000006,6.865778412498869e-08,0.0,0.0,7.404038189467715,100.75935984339269,91.71723233373815,207.41299438476562,133.5919952392578,214.8159942626953,133.46800231933594
61.45,4.119444254508423e-07,0.0,0.0,7.404038189467715,100.75935984339269,91.71723233373815,207.41299438476562,133.5919952392578,214.8159942626953,133.46800231933594
61.5,7.552333689712013e-07,0.0,0.0,7.404038189467715,100.75935984339269,91.71723233373815,207.41299438476562,133.5919952392578,214.8159942626953,133.46800231933594
61.550000000000004,1.0985226701947719e-06,0.0,0.0,7.404038189467715,100.75935984339269,91.71723233373815,207.41299438476562,133.5919952392578,214.8159942626953,133.46800231933594
61.6,1.4418109197141905e-06,0.0,0.0,7.404038189467715,100.75935984339269,91.71723233373815,207.41299438476562,133.5919952392578,214.8159942626953,133.46800231933594
61.650000000000006,1.78509981884628e-06,0.0,0.0,7.404038189467715,100.75935984339269,91.71723233373815,207.41299438476562,133.5919952392578,214.8159942626953,133.46800231933594
61.7,2.1283885747948024e-06,0.0,0.0,7.404038189467715,100.75935984339269,91.71723233373815,207.41299438476562,133.5919952392578,214.8159942626953,133.46800231933594
61.75,2.471677955909426e-06,0.0,0.0,7.404038189467715,100.75935984339269,91.71723233373815,207.41299438476562,133.5919952392578,214.8159942626953,133.46800231933594
61.800000000000004,2.814966203939e-06,0.0,0.0,7.404038189467715,100.75935984339269,91.71723233373815,207.41299438476562,133.5919952392578,214.8159942626953,133.46800231933594
61.85,2.746335440262125e-07,0.0,0.0,7.404038189467715,100.75935984339269,91.71723233373815,207.41299438476562,133.5919952392578,214.8159942626953,133.46800231933594
61.900000000000006,6.179184235188996e-07,0.0,0.0,7.404038189467715,100.75935984339269,91.71723233373815,207.41299438476562,133.5919952392578,214.8159942626953,133.46800231933594
61.95,9.612112245524642e-07,0.0,0.0,7.404038189467715,100.75935984339269,91.71723233373815,207.41299438476562,133.5919952392578,214.8159942626953,133.46800231933594
62.0,1.3044960255498369e-06,0.0,0.0,7.404038189467715,100.75935984339269,91.71723233373815,207.41299438476562,133.5919952392578,214.8159942626953,133.46800231933594
62.050000000000004,1.6477877116826077e-06,0.0,0.0,7.404038189467715,100.75935984339269,91.71723233373815,207.41299438476562,133.5919952392578,214.8159942626953,133.46800231933594
62.1,1.9910752670482614e-06,0.0,0.0,7.404038189467715,100.75935984339269,91.71723233373815,207.41299438476562,133.5919952392578,214.8159942626953,133.46800231933594
62.150000000000006,2.3343628215194173e-06,0.0,0.0,7.404038189467715,100.75935984339269,91.71723233373815,207.41299438476562,133.5919952392578,214.8159942626953,133.46800231933594
62.2,2.6776517133905367e-06,0.0,0.0,7.404038189467715,100.75935984339269,91.71723233373815,207.41299438476562,133.5919952392578,214.8159942626953,133.46800231933594
62.25,1.3731581838752092e-07,0.0,0.0,7.404038189467715,100.75935984339269,91.71723233373815,207.41299438476562,133.5919952392578,214.8159942626953,133.46800231933594
62.300000000000004,4.806038692861843e-07,0.0,0.0,7.404038189467715,100.75935984339269,91.71723233373815,207.41299438476562,133.5919952392578,214.8159942626953,133.46800231933594
62.35,8.238928243633922e-07,0.0,0.0,7.404038189467715,100.75935984339269,91.71723233373815,207.41299438476562,133.5919952392578,214.8159942626953,133.46800231933594
62.400000000000006,1.1671813677188325e-06,0.0,0.0,7.404038189467715,100.75935984339269,91.71723233373815,207.41299438476562,133.5919952392578,214.8159942626953,133.46800231933594
62.45,1.510470081484643e-06,0.0,0.0,7.404038189467715,100.75935984339269,91.71723233373815,207.41299438476562,133.5919952392578,214.8159942626953,133.46800231933594
62.5,1.8537593284627487e-06,0.0,0.0,7.404038189467715,100.75935984339269,91.71723233373815,207.41299438476562,133.5919952392578,214.8159942626953,133.46800231933594
62.550000000000004,2.197044060153172e-06,0.0,0.0,7.404038189467715,100.75935984339269,91.71723233373815,207.41299438476562,133.5919952392578,214.8159942626953,133.46800231933594
62.6,2.540334394218377e-06,0.0,0.0,7.404038189467715,100.75935984339269,91.71723233373815,207.41299438476562,133.5919952392578,214.8159942626953,133.46800231933594
62.650000000000006,0.0,0.0,0.0,7.404038189467715,100.75935984339269,91.71723233373815,207.41299438476562,133.5919952392578,214.8159942626953,133.46800231933594
62.7,3.43288824470958e-07,0.0,0.0,7.404038189467715,100.75935984339269,91.71723233373815,207.41299438476562,133.5919952392578,214.8159942626953,133.46800231933594
62.75,6.865778941076698e-07,0.0,0.0,7.404038189467715,100.75935984339269,91.71723233373815,207.41299438476562,133.5919952392578,214.8159942626953,133.46800231933594
62.800000000000004,1.0298667501700092e-06,0.0,0.0,7.404038189467715,100.75935984339269,91.71723233373815,207.41299438476562,133.5919952392578,214.8159942626953,133.46800231933594
62.85,1.373155161119995e-06,0.0,0.0,7.404038189467715,100.75935984339269,91.71723233373815,207.41299438476562,133.5919952392578,214.8159942626953,133.46800231933594
62.900000000000006,1.7164404697010802e-06,0.0,0.0,7.404038189467715,100.75935984339269,91.71723233373815,207.41299438476562,133.5919952392578,214.8159942626953,133.46800231933594
62.95,2.059729818815536e-06,0.0,0.0,7.404038189467715,100.75935984339269,91.71723233373815,207.41299438476562,133.5919952392578,214.8159942626953,133.46800231933594
63.0,2.403018222430757e-06,0.0,0.0,7.404038189467715,100.75935984339269,91.71723233373815,207.41299438476562,133.5919952392578,214.8159942626953,133.46800231933594
63.050000000000004,2.7463071590684497e-06,0.0,0.0,7.404038189467715,100.75935984339269,91.71723233373815,207.41299438476562,133.5919952392578,214.8159942626953,133.46800231933594
63.1,2.0597436907069861e-07,0.0,0.0,7.404038189467715,100.75935984339269,91.71723233373815,207.41299438476562,133.5919952392578,214.8159942626953,133.46800231933594
63.150000000000006,5.492650965407892e-07,0.0,0.0,7.404038189467715,100.75935984339269,91.71723233373815,207.41299438476562,133.5919952392578,214.8159942626953,133.46800231933594
63.2,8.925528205385868e-07,0.0,0.0,7.404038189467715,100.75935984339269,91.71723233373815,207.41299438476562,133.5919952392578,214.8159942626953,133.46800231933594
63.25,1.235838417929505e-06,0.0,0.0,7.404038189467715,100.75935984339269,91.71723233373815,207.41299438476562,133.5919952392578,214.8159942626953,133.46800231933594
63.300000000000004,1.5791262455750605e-06,0.0,0.0,7.404038189467715,100.75935984339269,91.71723233373815,207.41299438476562,133.5919952392578,214.8159942626953,133.46800231933594
63.35,1.9224151577079927e-06,0.0,0.0,7.404038189467715,100.75935984339269,91.71723233373815,207.41299438476562,133.5919952392578,214.8159942626953,133.46800231933594
63.400000000000006,2.2657031708783076e-06,0.0,0.0,7.404038189467715,100.75935984339269,91.71723233373815,207.41299438476562,133.5919952392578,214.8159942626953,133.46800231933594
63.45,2.6089930773453875e-06,0.0,0.0,7.404038189467715,100.75935984339269,91.71723233373815,207.41299438476562,133.5919952392578,214.8159942626953,133.46800231933594
63.5,6.865793740290978e-08,0.0,0.0,7.404038189467715,100.75935984339269,91.71723233373815,207.41299438476562,133.5919952392578,214.8159942626953,133.46800231933594
63.550000000000004,4.1194710692204694e-07,0.0,0.0,7.404038189467715,100.75935984339269,91.71723233373815,207.41299438476562,133.5919952392578,214.8159942626953,133.46800231933594
63.6,7.552369717244405e-07,0.0,0.0,7.404038189467715,100.75935984339269,91.71723233373815,207.41299438476562,133.5919952392578,214.8159942626953,133.46800231933594
63.650000000000006,1.09852218991351e-06,0.0,0.0,7.404038189467715,100.75935984339269,91.71723233373815,207.41299438476562,133.5919952392578,214.8159942626953,133.46800231933594
63.7,1.441811578890452e-06,0.0,0.0,7.404038189467715,100.75935984339269,91.71723233373815,207.41299438476562,133.5919952392578,214.8159942626953,133.46800231933594
63.75,1.785102039922806e-06,0.0,0.0,7.404038189467715,100.75935984339269,91.71723233373815,207.41299438476562,133.5919952392578,214.8159942626953,133.46800231933594
63.800000000000004,2.12838864882375e-06,0.0,0.0,7.404038189467715,100.75935984339269,91.71723233373815,207.41299438476562,133.5919952392578,214.8159942626953,133.46800231933594
63.85,2.4716781272789207e-06,0.0,0.0,7.404038189467715,100.75935984339269,91.71723233373815,207.41299438476562,133.5919952392578,214.8159942626953,133.46800231933594
63.900000000000006,2.814966464299682e-06,0.0,0.0,7.404038189467715,100.75935984339269,91.71723233373815,207.41299438476562,133.5919952392578,214.8159942626953,133.46800231933594
63.95,2.7463081071815476e-07,0.0,0.0,7.404038189467715,100.75935984339269,91.71723233373815,207.41299438476562,133.5919952392578,214.8159942626953,133.46800231933594
64.0,6.179203807405975e-07,0.0,0.0,7.404038189467715,100.75935984339269,91.71723233373815,207.41299438476562,133.5919952392578,214.8159942626953,133.46800231933594
64.05,9.6120724207521e-07,0.0,0.0,7.404038189467715,100.75935984339269,91.71723233373815,207.41299438476562,133.5919952392578,214.8159942626953,133.46800231933594
64.10000000000001,1.3044967737082995e-06,0.0,0.0,7.404038189467715,100.75935984339269,91.71723233373815,207.41299438476562,133.5919952392578,214.8159942626953,133.46800231933594
64.15,1.6477848961303956e-06,0.0,0.0,7.404038189467715,100.75935984339269,91.71723233373815,207.41299438476562,133.5919952392578,214.8159942626953,133.46800231933594
64.2,1.9910736977005806e-06,0.0,0.0,7.404038189467715,100.75935984339269,91.71723233373815,207.41299438476562,133.5919952392578,214.8159942626953,133.46800231933594
64.25,2.3343625851906974e-06,0.0,0.0,7.404038189467715,100.75935984339269,91.71723233373815,207.41299438476562,133.5919952392578,214.8159942626953,133.46800231933594
64.3,2.677651157225911e-06,0.0,0.0,7.404038189467715,100.75935984339269,91.71723233373815,207.41299438476562,133.5919952392578,214.8159942626953,133.46800231933594
64.35000000000001,1.3731581838769086e-07,0.0,0.0,7.404038189467715,100.75935984339269,91.71723233373815,207.41299438476562,133.5919952392578,214.8159942626953,133.46800231933594
64.4,4.80604389356442e-07,0.0,0.0,7.404038189467715,100.75935984339269,91.71723233373815,207.41299438476562,133.5919952392578,214.8159942626953,133.46800231933594
64.45,8.238923938389973e-07,0.0,0.0,7.404038189467715,100.75935984339269,91.71723233373815,207.41299438476562,133.5919952392578,214.8159942626953,133.46800231933594
64.5,1.167181554765598e-06,0.0,0.0,7.404038189467715,100.75935984339269,91.71723233373815,207.41299438476562,133.5919952392578,214.8159942626953,133.46800231933594
64.55,1.5104700348739456e-06,0.0,0.0,7.404038189467715,100.75935984339269,91.71723233373815,207.41299438476562,133.5919952392578,214.8159942626953,133.46800231933594
64.60000000000001,1.8537592029798902e-06,0.0,0.0,7.404038189467715,100.75935984339269,91.71723233373815,207.41299438476562,133.5919952392578,214.8159942626953,133.46800231933594
64.65,2.197046552252583e-06,0.0,0.0,7.404038189467715,100.75935984339269,91.71723233373815,207.41299438476562,133.5919952392578,214.8159942626953,133.46800231933594
64.7,2.540332867131889e-06,0.0,0.0,7.404038189467715,100.75935984339269,91.71723233373815,207.41299438476562,133.5919952392578,214.8159942626953,133.46800231933594
64.75,0.0,0.0,0.0,7.404038189467715,100.75935984339269,91.71723233373815,207.41299438476562,133.5919952392578,214.8159942626953,133.46800231933594
64.8,3.432890693420779e-07,0.0,0.0,7.404038189467715,100.75935984339269,91.71723233373815,207.41299438476562,133.5919952392578,214.8159942626953,133.46800231933594
64.85000000000001,6.865809687503506e-07,0.0,0.0,7.404038189467715,100.75935984339269,91.71723233373815,207.41299438476562,133.5919952392578,214.8159942626953,133.46800231933594
64.9,1.029868321924486e-06,0.0,0.0,7.404038189467715,100.75935984339269,91.71723233373815,207.41299438476562,133.5919952392578,214.8159942626953,133.46800231933594
64.95,1.3731551902490265e-06,0.0,0.0,7.404038189467715,100.75935984339269,91.71723233373815,207.41299438476562,133.5919952392578,214.8159942626953,133.46800231933594
65.0,1.71644057497314e-06,0.0,0.0,7.404038189467715,100.75935984339269,91.71723233373815,207.41299438476562,133.5919952392578,214.8159942626953,133.46800231933594
65.05,2.05972950976923e-06,0.0,0.0,7.404038189467715,100.75935984339269,91.71723233373815,207.41299438476562,133.5919952392578,214.8159942626953,133.46800231933594
65.10000000000001,2.4030189344237278e-06,0.0,0.0,7.404038189467715,100.75935984339269,91.71723233373815,207.41299438476562,133.5919952392578,214.8159942626953,133.46800231933594
65.15,2.7463073138731233e-06,0.0,0.0,7.404038189467715,100.75935984339269,91.71723233373815,207.41299438476562,133.5919952392578,214.8159942626953,133.46800231933594
65.2,2.0597369499292084e-07,0.0,0.0,7.404038189467715,100.75935984339269,91.71723233373815,207.41299438476562,133.5919952392578,214.8159942626953,133.46800231933594
65.25,5.49263491468355e-07,0.0,0.0,7.404038189467715,100.75935984339269,91.71723233373815,207.41299438476562,133.5919952392578,214.8159942626953,133.46800231933594
65.3,8.925520409038592e-07,0.0,0.0,7.404038189467715,100.75935984339269,91.71723233373815,207.41299438476562,133.5919952392578,214.8159942626953,133.46800231933594
65.35000000000001,1.235838527037883e-06,0.0,0.0,7.404038189467715,100.75935984339269,91.71723233373815,207.41299438476562,133.5919952392578,214.8159942626953,133.46800231933594
65.4,1.5791257907032442e-06,0.0,0.0,7.404038189467715,100.75935984339269,91.71723233373815,207.41299438476562,133.5919952392578,214.8159942626953,133.46800231933594
65.45,1.9224144603816027e-06,0.0,0.0,7.404038189467715,100.75935984339269,91.71723233373815,207.41299438476562,133.5919952392578,214.8159942626953,133.46800231933594
65.5,2.265703328328757e-06,0.0,0.0,7.404038189467715,100.75935984339269,91.71723233373815,207.41299438476562,133.5919952392578,214.8159942626953,133.46800231933594
65.55,2.6089923783139697e-06,0.0,0.0,7.404038189467715,100.75935984339269,91.71723233373815,207.41299438476562,133.5919952392578,214.8159942626953,133.46800231933594
65.60000000000001,6.865793740290978e-08,0.0,0.0,7.404038189467715,100.75935984339269,91.71723233373815,207.41299438476562,133.5919952392578,214.8159942626953,133.46800231933594
65.65,4.119462642507863e-07,0.0,0.0,7.404038189467715,100.75935984339269,91.71723233373815,207.41299438476562,133.5919952392578,214.8159942626953,133.46800231933594
65.7,7.552366923971038e-07,0.0,0.0,7.404038189467715,100.75935984339269,91.71723233373815,207.41299438476562,133.5919952392578,214.8159942626953,133.46800231933594
65.75,1.0985221899244798e-06,0.0,0.0,7.404038189467715,100.75935984339269,91.71723233373815,207.41299438476562,133.5919952392578,214.8159942626953,133.46800231933594
65.8,1.4418110097179624e-06,0.0,0.0,7.404038189467715,100.75935984339269,91.71723233373815,207.41299438476562,133.5919952392578,214.8159942626953,133.46800231933594
65.85000000000001,1.7851013383666673e-06,0.0,0.0,7.404038189467715,100.75935984339269,91.71723233373815,207.41299438476562,133.5919952392578,214.8159942626953,133.46800231933594
65.9,2.1283887346262507e-06,0.0,0.0,7.404038189467715,100.75935984339269,91.71723233373815,207.41299438476562,133.5919952392578,214.8159942626953,133.46800231933594
65.95,2.4716779636878604e-06,0.0,0.0,7.404038189467715,100.75935984339269,91.71723233373815,207.41299438476562,133.5919952392578,214.8159942626953,133.46800231933594
66.0,2.814966145439811e-06,0.0,0.0,7.404038189467715,100.75935984339269,91.71723233373815,207.41299438476562,133.5919952392578,214.8159942626953,133.46800231933594
66.05,2.7463270050036075e-07,0.0,0.0,7.404038189467715,100.75935984339269,91.71723233373815,207.41299438476562,133.5919952392578,214.8159942626953,133.46800231933594
66.10000000000001,6.179193728865382e-07,0.0,0.0,7.404038189467715,100.75935984339269,91.71723233373815,207.41299438476562,133.5919952392578,214.8159942626953,133.46800231933594
66.15,9.612074914430577e-07,0.0,0.0,7.404038189467715,100.75935984339269,91.71723233373815,207.41299438476562,133.5919952392578,214.8159942626953,133.46800231933594
66.2,1.3044969947187825e-06,0.0,0.0,7.404038189467715,100.75935984339269,91.71723233373815,207.41299438476562,133.5919952392578,214.8159942626953,133.46800231933594
66.25,1.6477850925787916e-06,0.0,0.0,7.404038189467715,100.75935984339269,91.71723233373815,207.41299438476562,133.5919952392578,214.8159942626953,133.46800231933594
66.3,1.991074015022865e-06,0.0,0.0,7.404038189467715,100.75935984339269,91.71723233373815,207.41299438476562,133.5919952392578,214.8159942626953,133.46800231933594
66.35000000000001,2.334362503132215e-06,0.0,0.0,7.404038189467715,100.75935984339269,91.71723233373815,207.41299438476562,133.5919952392578,214.8159942626953,133.46800231933594
66.4,2.677651535633602e-06,0.0,0.0,7.404038189467715,100.75935984339269,91.71723233373815,207.41299438476562,133.5919952392578,214.8159942626953,133.46800231933594
66.45,1.3731640333600433e-07,0.0,0.0,7.404038189467715,100.75935984339269,91.71723233373815,207.41299438476562,133.5919952392578,214.8159942626953,133.46800231933594
66.5,4.806036754860655e-07,0.0,0.0,7.404038189467715,100.75935984339269,91.71723233373815,207.41299438476562,133.5919952392578,214.8159942626953,133.46800231933594
66.55,8.23895839972788e-07,0.0,0.0,7.404038189467715,100.75935984339269,91.71723233373815,207.41299438476562,133.5919952392578,214.8159942626953,133.46800231933594
66.60000000000001,1.1671817213091775e-06,0.0,0.0,7.404038189467715,100.75935984339269,91.71723233373815,207.41299438476562,133.5919952392578,214.8159942626953,133.46800231933594
66.65,1.5104705266454222e-06,0.0,0.0,7.404038189467715,100.75935984339269,91.71723233373815,207.41299438476562,133.5919952392578,214.8159942626953,133.46800231933594
66.7,1.8537588039754524e-06,0.0,0.0,7.404038189467715,100.75935984339269,91.71723233373815,207.41299438476562,133.5919952392578,214.8159942626953,133.46800231933594
66.75,2.1970441368481094e-06,0.0,0.0,7.404038189467715,100.75935984339269,91.71723233373815,207.41299438476562,133.5919952392578,214.8159942626953,133.46800231933594
66.8,2.5403328686043977e-06,0.0,0.0,7.404038189467715,100.75935984339269,91.71723233373815,207.41299438476562,133.5919952392578,214.8159942626953,133.46800231933594
66.85000000000001,0.0,0.0,0.0,7.404038189467715,100.75935984339269,91.71723233373815,207.41299438476562,133.5919952392578,214.8159942626953,133.46800231933594
66.9,3.432884583079097e-07,4.9679319480561235,0.4967931948055885,7.4960359900107,100.75935984339269,91.80925011361711,207.41299438476562,133.5919952392578,214.9080047607422,133.46800231933594
66.95,6.865784449304083e-07,10.629209806651595,1.559714175470748,7.642012590823024,100.75935984339269,91.95524760707117,207.41299438476562,133.5919952392578,215.0540008544922,133.46800231933594
67.0,1.0298664984622501e-06,12.152036000274196,2.7749177754981673,7.807991440420179,100.75935984339269,92.12125057916094,207.41299438476562,133.5919952392578,215.22000122070312,133.46800231933594
67.05,1.3731552106729586e-06,12.629517183291883,4.037869493827356,7.984971632663404,100.75935984339269,92.29826139891229,207.41299438476562,133.5919952392578,215.39700317382812,133.46800231933594
67.10000000000001,1.716440505074442e-06,13.876113079164693,5.425480801743825,8.177927665288461,100.75935984339269,92.49126844548377,207.41299438476562,133.5919952392578,215.58999633789062,133.468994140625
67.15,2.0597292906899025e-06,14.207616100948613,6.846242411838686,8.37790349350821,100.75935984339269,92.69127475430973,207.41299438476562,133.5919952392578,215.7899932861328,133.468994140625
67.2,2.4030181207414293e-06,15.270843936020832,8.373326805440769,8.589887877215727,100.75935984339269,92.90328618171479,207.41299438476562,133.5919952392578,216.0019989013672,133.468994140625
67.25,2.7463068516415638e-06,15.494761745798312,9.9228029800206,8.807869191484619,100.75935984339269,93.12129096883437,207.41299438476562,133.5919952392578,216.22000122070312,133.468994140625
67.3,2.0597476091051176e-07,16.388692915683123,11.561672271588913,9.03584474680678,100.75935984339269,93.34928844877749,207.41299438476562,133.5919952392578,216.447998046875,133.468994140625
67.35000000000001,5.492634955626963e-07,16.537701802901033,13.215442451879017,9.266826656334207,100.75935984339269,93.58029126872938,207.41299438476562,133.5919952392578,216.6790008544922,133.468994140625
67.4,8.925558853557521e-07,17.29265724075213,14.447914981148617,9.506811226186034,100.75935984339269,93.820296890572,207.41299438476562,133.5919952392578,216.91900634765625,133.468994140625
67.45,1.235836862471477e-06,17.38311307503318,15.123305307986774,9.74978711437439,100.75935984339269,94.0632936222031,207.41299438476562,133.5919952392578,217.16200256347656,133.468994140625
67.5,1.5791259657001817e-06,17.608052258734528,15.668906933832806,9.996761358953634,100.75935984339269,94.31028869458011,207.41299438476562,133.5919952392578,217.40899658203125,133.468994140625
67.55,1.9224151413292512e-06,18.889118311576425,16.29486704666126,10.25475277561113,100.75935984339269,94.56830010611533,207.41299438476562,133.5919952392578,217.66700744628906,133.468994140625
67.60000000000001,2.2657038415815762e-06,18.353293880904364,16.74258512683523,10.504734816331377,100.75935984339269,94.81830084716908,207.41299438476562,133.5919952392578,217.91700744628906,133.468994140625
67.65,2.608992288283954e-06,18.247033653495674,17.146526882089933,10.759695575612618,100.75935984339269,95.07329310355894,207.41299438476562,133.5919952392578,218.1719970703125,133.47000122070312
67.7,6.865778412470467e-08,19.509202073022937,17.570362695790145,11.026676913457385,100.75935984339269,95.34029166921742,207.41299438476562,133.5919952392578,218.43899536132812,133.47000122070312
67.75,4.119453480105806e-07,18.255426612025012,17.846429182412813,11.284672131316675,100.75935984339269,95.59830295699744,207.41299438476562,133.5919952392578,218.69700622558594,133.47000122070312
67.8,7.552339462585893e-07,20.281089378112455,18.235668828655747,11.561649035620183,100.75935984339269,95.8752958271108,207.41299438476562,133.5919952392578,218.9739990234375,133.47000122070312
67.85000000000001,0.04972213632185369,18.639562069441943,18.44585485530984,11.826633898582596,100.76035166477064,96.13930351878433,207.41200256347656,133.5919952392578,219.23800659179688,133.47000122070312
67.9,0.00893778252717002,20.598206865882023,18.776409817822827,12.107609856417277,100.76035181471357,96.42029412991499,207.41200256347656,133.5919952392578,219.5189971923828,133.47000122070312
67.95,0.02270029793852314,18.930870449002494,18.93118555521976,12.375601844339133,100.76035184474873,96.68829957309627,207.41200256347656,133.5919952392578,219.78700256347656,133.47000122070312
68.0,0.009696291602445846,20.855785183693065,19.25595884771561,12.660591940631367,100.76035207466899,96.97330324187351,207.41200256347656,133.5919952392578,220.07200622558594,133.47000122070312
68.05,0.0075691758911334076,19.167640892547535,19.283811105812724,12.931575650319271,100.76035207466899,97.24429941440708,207.41200256347656,133.5919952392578,220.34300231933594,133.47000122070312
68.10000000000001,0.02372046531668294,21.06393655064743,19.55487537278703,13.219548352409664,100.76035242472986,97.53229551889233,207.41200256347656,133.5919952392578,220.63099670410156,133.4709930419922
68.15,0.0070039293339682115,19.359736449941398,19.666145652431602,13.49254733802855,100.76035253474234,97.80530586852228,207.41200256347656,133.5919952392578,220.9040069580078,133.4709930419922
68.2,0.03985417973901826,21.23227209570357,19.838452654699665,13.782544436566255,100.76134435604959,98.09630625175076,207.41299438476562,133.5919952392578,221.19500732421875,133.4709930419922
68.25,0.0250547252399276,19.515435214175028,19.964453514914666,14.058519671914134,100.76134447595737,98.37229207165456,207.41299438476562,133.5919952392578,221.4709930419922,133.4709930419922
68.3,0.05989573479457902,21.36849410348148,20.073193987451567,14.349509453477237,100.76235155605345,98.66429953495702,207.41400146484375,133.5919952392578,221.76300048828125,133.4709930419922
68.35000000000001,0.04635504818729462,19.641612591690972,20.17339903967647,14.626492545009514,100.76235162601905,98.94129242829011,207.41400146484375,133.5919952392578,222.0399932861328,133.4709930419922
68.4,0.08186797387896326,21.47883270874684,20.26146162396295,14.91949722354509,100.76334344732102,99.23529878864161,207.4149932861328,133.5919952392578,222.33399963378906,133.4709930419922
68.45,0.06930756078622517,19.743813962428668,20.342755975305572,15.19748809088872,100.76435052740159,99.51430582778745,207.41600036621094,133.5919952392578,222.61300659179688,133.4709930419922
68.5,0.10635733248022329,21.56818247101735,20.413995704038,15.490478235031217,100.76634942877517,99.80930400438154,207.41799926757812,133.5919952392578,222.9080047607422,133.4709930419922
68.55,0.0948095994872641,19.82657677609524,20.479889292392773,15.769461546541315,100.76735650885573,100.08930285018444,207.41900634765625,133.5919952392578,223.18800354003906,133.4709930419922
68.60000000000001,0.13241412716238446,21.640577627260573,20.537553400054087,16.06344413137409,100.76935541022854,100.38529284430905,207.42100524902344,133.5919952392578,223.48399353027344,133.4709930419922
68.65,0.12191832284976145,19.893643350032605,20.590944090063203,16.34344291569077,100.77034723151841,100.66630056283581,207.4219970703125,133.5919952392578,223.76499938964844,133.4720001220703
68.7,0.16131097287036458,21.699149251698614,20.637631805662707,16.637441474318592,100.77234613289123,100.96230581356075,207.4239959716797,133.5919952392578,224.06100463867188,133.4720001220703
68.75,0.15199415997321086,19.94800223068949,20.680888507314155,16.91642602100133,100.77535211433681,101.24430353989027,207.427001953125,133.5919952392578,224.34300231933594,133.4720001220703
68.8,0.19206756886575208,21.746631823108707,20.718702279276876,17.212423948409167,100.77735101570761,101.54230769086473,207.4290008544922,133.5919952392578,224.64100646972656,133.4720001220703
68.85000000000001,0.18417959515406593,19.992065149680975,20.753747535075878,17.49140896356414,100.78035699715319,101.8243054108535,207.4320068359375,133.5919952392578,224.92300415039062,133.4720001220703
68.9,0.22666105152992938,21.785043987806795,20.784368662981873,17.78739210319636,100.782355898526,102.12229430256899,207.4340057373047,133.5919952392578,225.2209930419922,133.4720001220703
68.95,0.2204611259142945,20.027776934103425,20.812764960149348,18.066392800417994,100.78635370126058,102.40529909771307,207.43800354003906,133.5919952392578,225.50399780273438,133.4720001220703
69.0,0.2641676414281417,21.816110887149318,20.837557801762546,18.361399824860698,100.7893444239206,102.7033032481039,207.4409942626953,133.5919952392578,225.802001953125,133.4720001220703
69.05,0.272609290553359,20.05672024505846,20.860572148658868,18.641377448169123,100.79335748544554,102.98729986059392,207.44500732421875,133.5919952392578,226.08599853515625,133.4720001220703
69.10000000000001,0.6571973492150706,21.841274436644582,20.88064182959727,18.932387136779642,100.8003460115193,103.28530401108715,207.45199584960938,133.5919952392578,226.38400268554688,133.4720001220703
69.15,0.9366699225774289,20.080191088128228,20.89929660340683,19.205370454348266,100.81134759976848,103.56930240599326,207.46299743652344,133.5919952392578,226.66799926757812,133.47300720214844
69.2,1.0670330566204227,21.8616504172786,20.915546719964833,19.489361665700283,100.82634698993175,103.86829837802063,207.47799682617188,133.5919952392578,226.9669952392578,133.47300720214844
69.25,1.1335502333508927,20.0991988098746,20.930666377883345,19.757362104280723,100.84235345975073,104.15231024341261,207.49400329589844,133.5919952392578,227.25100708007812,133.47300720214844
69.3,1.1632392579315969,21.878102264218796,20.943813421994353,20.040361805741515,100.8583446706905,104.45130621580188,207.50999450683594,133.5919952392578,227.5500030517578,133.47300720214844
69.35000000000001,1.0906890753535843,20.114606857305684,20.956067592756824,20.30834725211591,100.87435114050946,104.73530282003794,207.5260009765625,133.5919952392578,227.83399963378906,133.47300720214844
69.4,1.1008231264054353,21.891457382659247,20.966708932242067,20.59334609062926,100.88935053038848,105.0353058729304,207.54100036621094,133.5919952392578,228.13400268554688,133.47300720214844
69.45,1.1090103225409018,20.127134476940324,20.976644686525756,20.862338846898012,100.90434992033295,105.31930247517703,207.55599975585938,133.5919952392578,228.41799926757812,133.47300720214844
69.5,1.1447342311798245,21.902222163193358,20.985255814130163,21.146330872515303,100.91934931006672,105.61829844845734,207.5709991455078,133.5919952392578,228.7169952392578,133.47300720214844
69.55,1.201176026773369,20.137250296696777,20.993308819293993,21.415323856875293,100.93535577980947,105.90330212904024,207.58700561523438,133.5919952392578,229.0019989013672,133.47300720214844
69.60000000000001,1.3991800390057654,21.91096994735247,21.000278370364782,21.696325435712858,100.95334589213716,106.20229810280208,207.60499572753906,133.5919952392578,229.30099487304688,133.47300720214844
69.65,1.5310806482095753,20.145458993420046,21.006805160893965,21.960308468886986,100.97435724476672,106.48730350772271,207.62600708007812,133.5919952392578,229.58599853515625,133.4739990234375
69.7,1.534784628141975,21.918025169898613,21.012442636155964,22.239311450652522,100.99535333853645,106.78730656202357,207.64700317382812,133.5919952392578,229.88600158691406,133.4739990234375
69.75,1.8930708686504918,20.15215366260815,21.01773812142932,22.499317596747975,101.02034723516773,107.07231023996141,207.6719970703125,133.5919952392578,230.17100524902344,133.4739990234375
69.8,2.124176745138283,21.923750031413373,21.022302898148777,22.770310008939603,101.04834711330385,107.37130621465026,207.6999969482422,133.5919952392578,230.47000122070312,133.4739990234375
69.85000000000001,2.1299113730273946,20.15755402797759,21.02659761521597,23.026303312289134,101.07735407133566,107.65630989156276,207.72900390625,133.5919952392578,230.7550048828125,133.4739990234375
69.9,2.139681630438925,21.9283573887728,21.030287615827326,23.296288822868448,101.10735285064216,107.95629768796026,207.75900268554688,133.5919952392578,231.05499267578125,133.4739990234375
69.95,2.1894516014418133,20.161946758429096,21.033768843976205,23.551290468543364,101.13735162997604,108.24130136397689,207.78900146484375,133.5919952392578,231.33999633789062,133.4739990234375
70.0,2.1990756833501783,21.932101298273942,21.036756757484262,23.82028432354174,101.16835748939441,108.54130441957899,207.82000732421875,133.5919952392578,231.63999938964844,133.4739990234375
70.05,2.211408554370047,20.16547433050977,21.039579160865564,24.075286109502695,101.19835626874469,108.82630809483166,207.85000610351562,133.5919952392578,231.9250030517578,133.4739990234375
70.10000000000001,2.258895729566469,21.93512595351843,21.041994761482158,24.34228122950177,101.23035394944161,109.12530407072569,207.8820037841797,133.5919952392578,232.2239990234375,133.4739990234375
70.15,2.337886793189178,20.1683547500098,21.044284337141132,24.59628652579515,101.2613445500412,109.41030952462545,207.91299438476562,133.5919952392578,232.50900268554688,133.47500610351562
70.2,2.4127244111605703,21.93757383115489,21.046239203266758,24.86227476072208,101.29535639086258,109.71031258093524,207.94700622558594,133.5919952392578,232.8090057373047,133.47500610351562
70.25,2.497647906610684,20.170694446132167,21.04809328161916,25.113263830168332,101.3293529728942,109.99530099617803,207.9810028076172,133.5919952392578,233.093994140625,133.47500610351562
70.3,2.600982203369823,21.939553077121403,21.049673586189964,25.378260374963688,101.36435663500647,110.29530405280552,208.01600646972656,133.5919952392578,233.3939971923828,133.47500610351562
70.35000000000001,2.7072901626492163,20.17260156310034,21.05117833970224,25.62627412186366,101.40134393970041,110.58030772635632,208.05299377441406,133.5919952392578,233.6790008544922,133.47500610351562
70.4,2.8176267371997024,21.94113750489808,21.052456351314767,25.887273016911994,101.44034540455156,110.88031078327674,208.0919952392578,133.5919952392578,233.97900390625,133.47500610351562
70.45,2.9505638548220965,20.174149914658656,21.05367666693772,26.132265655096106,101.48035394948593,111.16531445639923,208.1320037841797,133.5919952392578,234.26400756835938,133.47500610351562
70.5,3.0901143202177193,21.942433543656193,21.054709891475945,26.390258700942915,101.52234613700034,111.46530225479613,208.1739959716797,133.5919952392578,234.56399536132812,133.47500610351562
70.55,3.2324331952851844,20.17540988016605,21.055703446441573,26.632260738551178,101.5663524846735,111.75131300760158,208.21800231933594,133.5919952392578,234.85000610351562,133.47500610351562
70.60000000000001,3.3570003871635645,21.94347724185952,21.05653857527568,26.88624085559375,101.61235773370696,112.05130080624062,208.26400756835938,133.5919952392578,235.14999389648438,133.47500610351562
70.65,3.468539109343202,20.176417508085425,21.057344851083243,27.12325340140278,101.6603466253119,112.33630447868555,208.31199645996094,133.5919952392578,235.43499755859375,133.47500610351562
70.7,3.5917636710389416,21.94430636463028,21.058018104430783,27.374253947622545,101.70934259699277,112.63630917581811,208.36099243164062,133.5919952392578,235.73500061035156,133.4759979248047
70.75,3.7292404587113674,20.177246611744234,21.058673320991993,27.608245394414823,101.76035272883044,112.92131284797767,208.41200256347656,133.5919952392578,236.02000427246094,133.4759979248047
70.8,3.8680205222898376,21.94498957609079,21.05921697088893,27.855252511212516,101.81334650324617,113.22131590581388,208.46499633789062,133.5919952392578,236.32000732421875,133.4759979248047
70.85000000000001,4.019976539877425,20.17792980614464,21.059749795193362,28.085231001779793,101.86835443781943,113.50630431895333,208.52000427246094,133.5919952392578,236.60499572753906,133.4759979248047
70.9,4.202208363996087,21.94553030921543,21.060189075625097,28.328240421790273,101.92534601497466,113.80630737695958,208.57699584960938,133.5919952392578,236.90499877929688,133.4759979248047
70.95,4.413096624002799,20.178470524448876,21.06062113660412,28.553248762455244,101.9853520250844,114.09131104866805,208.63699340820312,133.59300231933594,237.19000244140625,133.4759979248047
71.0,4.633308518235126,21.945961179565664,21.060973900195066,28.789239229290438,102.04936264522259,114.3913141068308,208.7010040283203,133.59300231933594,237.49000549316406,133.4759979248047
71.05,4.842468538308745,20.17890138140299,21.06132305031876,29.008231574600796,102.1153569079373,114.67630251956271,208.76699829101562,133.59300231933594,237.77499389648438,133.4759979248047
71.10000000000001,5.023116842165114,21.94632166909758,21.061607493042565,29.24022433159889,102.18336533079909,114.97630557786009,208.8350067138672,133.59300231933594,238.0749969482422,133.4759979248047
71.15,5.17140054205246,20.179261859297448,21.061891928163767,29.45422714701061,102.2543644763084,115.26130924921631,208.906005859375,133.59300231933594,238.36000061035156,133.4759979248047
71.2,5.280804628588805,21.946610060998122,21.062122297800553,29.681226421912704,102.32736252318439,115.56131399797857,208.97900390625,133.59300231933594,238.66000366210938,133.4770050048828
71.25,5.374368701467092,20.17955024086653,21.062352660712783,29.893230429315974,102.40135239135739,115.84730949044513,209.05299377441406,133.59300231933594,238.9459991455078,133.4770050048828
71.3,5.4802086844594635,21.9468624041956,21.062539943523262,30.117227779105193,102.47735641968865,116.14731254898268,209.12899780273438,133.59300231933594,239.24600219726562,133.4770050048828
71.35000000000001,5.600952761056521,20.179802575054726,21.06272722041427,30.325234059095795,102.55435226930602,116.43231622006833,209.20599365234375,133.59300231933594,239.531005859375,133.4770050048828
71.4,5.7366009014514034,21.947040932998465,21.062878282792575,30.546210237592764,102.63336227907502,116.73230401992389,209.28500366210938,133.59300231933594,239.83099365234375,133.4770050048828
71.45,5.883732758401063,20.17998109571241,21.06302933991893,30.7502187859088,102.71435593141932,117.01730769090193,209.36599731445312,133.59300231933594,240.11599731445312,133.4770050048828
71.5,6.037344839303717,21.947185129612784,21.063151734923643,30.96721249228192,102.79736374391933,117.3173107496257,209.44900512695312,133.59300231933594,240.41600036621094,133.4770050048828
71.55,6.192504873367014,20.180161334056177,21.06327773018896,31.167223304901146,102.88235519899786,117.6023144205092,209.53399658203125,133.59300231933594,240.7010040283203,133.4770050048828
71.60000000000001,6.34539683155539,21.947293277385565,21.06337489101776,31.380219276448127,102.96936081423279,117.90231747932596,209.62100219726562,133.59300231933594,241.00100708007812,133.4770050048828
71.65,6.493932881751838,20.18030552440248,21.063479257528265,31.575210017694136,103.05935715212371,118.18730589133672,209.71099853515625,133.59300231933594,241.28599548339844,133.4770050048828
71.7,6.623749255637761,21.947401425114585,21.063558393939907,31.784204646404685,103.15036057009249,118.48731058969805,209.802001953125,133.59300231933594,241.58599853515625,133.47799682617188
71.75,6.733836976542896,20.18037761783132,21.063641131636388,31.977196554541013,103.24336288942894,118.77330608167286,209.89500427246094,133.59300231933594,241.8719940185547,133.47799682617188
71.8,6.851413034866283,21.947473523944467,21.063702243611274,32.1832041420333,103.33735703005506,119.0733091406138,209.98899841308594,133.59300231933594,242.1719970703125,133.47799682617188
71.85000000000001,6.977485051832188,20.18048576066094,21.063770562171893,32.37219830352628,103.43336533083723,119.35831281126316,210.0850067138672,133.59300231933594,242.45700073242188,133.47799682617188
71.9,7.114177333264656,21.947545622726356,21.06382103114468,32.57320107139363,103.532364354275,119.65831587025453,210.1840057373047,133.59300231933594,242.7570037841797,133.47799682617188
71.95,7.2687970773196335,20.180557854823064,21.063878707055746,32.75821274196732,103.6323551990016,119.94331954085742,210.28399658203125,133.59300231933594,243.04200744628906,133.47799682617188
72.0,7.431985302605575,21.947581672554794,21.06391836134995,32.95619431743266,103.73436020388512,120.24330734111066,210.38600158691406,133.59300231933594,243.3419952392578,133.47799682617188
72.05,7.597872897483875,20.180593900862146,21.063961618030543,33.136201161764795,103.83935593142557,120.52831101165752,210.49099731445312,133.59300231933594,243.6269989013672,133.47799682617188
72.10000000000001,7.761637041161636,21.94761772232801,21.063994062524788,33.33020368143967,103.94536337895885,120.82831407073921,210.5970001220703,133.593994140625,243.927001953125,133.47799682617188
72.15,7.919101211145061,20.18066599610323,21.064030109694862,33.50520567875421,104.0553639893115,121.11331774124719,210.70700073242188,133.593994140625,244.21200561523438,133.47799682617188
72.2,8.068753070315587,21.947653772122667,21.06405534439567,33.6941964619566,104.16635642095255,121.41330723199005,210.8179931640625,133.593994140625,244.51199340820312,133.47900390625
72.25,8.210305085970147,20.180702043004743,21.064087786913014,33.86719960986468,104.27936301274946,121.69931798250309,210.93099975585938,133.593994140625,244.79800415039062,133.47900390625
72.3,8.34494516228596,21.947689821862692,21.064109416704834,34.05219610803265,104.39436850591355,121.99932104165343,211.04600524902344,133.593994140625,245.09800720214844,133.47900390625
72.35000000000001,8.475769172901266,20.180702040983444,21.06413104473709,34.220194422299315,104.51135764165605,122.28430945330011,211.16299438476562,133.593994140625,245.38299560546875,133.47900390625
72.4,8.606125438634704,21.94772587146988,21.06414906961144,34.401193161766805,104.63036093755497,122.58431251248601,211.28199768066406,133.593994140625,245.68299865722656,133.47900390625
72.45,8.738425783380976,20.180738088124883,21.064167092941624,34.565193714621344,104.75136313482099,122.86931618288507,211.4029998779297,133.593994140625,245.96800231933594,133.47900390625
72.5,8.874181651264022,21.947725872215674,21.06418151290771,34.743201767944676,104.87335715337589,123.16931924210441,211.52499389648438,133.593994140625,246.26800537109375,133.47900390625
72.55,9.013933779577869,20.180774135604075,21.064199536381903,34.90318929888097,104.99835715337598,123.45430765368837,211.64999389648438,133.593994140625,246.55299377441406,133.47900390625
72.60000000000001,9.157141449870748,21.947725872921293,21.064210351441233,35.07718433107833,105.1243642334541,123.7543107129345,211.7760009765625,133.593994140625,246.85299682617188,133.47900390625
72.65,9.303085402344704,20.180774134583583,21.06422116528927,35.23418117178306,105.25237021489944,124.03931438328061,211.9040069580078,133.593994140625,247.13800048828125,133.47900390625
72.7,9.450866123265422,21.947761922471493,21.064231980324152,35.4031834162351,105.38336691900109,124.33931908203697,212.03500366210938,133.593994140625,247.43800354003906,133.47999572753906
72.75,9.599077707923012,20.180810182481363,21.064242794271813,35.55717432046898,105.51537070318088,124.625314573622,212.16700744628906,133.593994140625,247.7239990234375,133.47999572753906
72.8,9.746642146041705,21.947761923177215,21.064250004403267,35.72218524941025,105.65036896645192,124.9253176328927,212.302001953125,133.59500122070312,248.0240020751953,133.47999572753906
72.85000000000001,9.892765486842341,20.180810181735456,21.064260818478466,35.87118655551103,105.78637055336603,125.21032130320037,212.43800354003906,133.59500122070312,248.3090057373047,133.47999572753906
72.9,10.037197948965536,21.947761923809843,21.064264423712466,36.03218121528599,105.92536286293638,125.51030910370703,212.57699584960938,133.59500122070312,248.60899353027344,133.47999572753906
72.95,10.180154128723855,20.180810180888365,21.064271632988813,36.17617767701157,106.06636933266294,125.7953127740051,212.71800231933594,133.59500122070312,248.8939971923828,133.47999572753906
73.0,10.322245993167524,21.947761924332333,21.064275238200477,36.334181642907986,106.20836762367857,126.09531583330941,212.86000061035156,133.59500122070312,249.19400024414062,133.47999572753906
73.05,10.464014266734473,20.180810180493253,21.064278842689394,36.474180333842654,106.3533718961395,126.38031950358116,213.0050048828125,133.59500122070312,249.47900390625,133.47999572753906
73.10000000000001,10.605961932628714,21.94779797381818,21.06428605277908,36.628186529615185,106.4993679898895,126.68032256290343,213.1510009765625,133.59500122070312,249.7790069580078,133.47999572753906
73.15,10.736137919754974,20.180846229012683,21.06429326222199,36.76517926496161,106.64837006508486,126.96631805442638,213.3000030517578,133.59500122070312,250.06500244140625,133.47999572753906
73.2,10.862030088409535,21.94779797432936,21.06429686740778,36.91518768939059,106.79836396156948,127.26632111374865,213.4499969482422,133.59500122070312,250.36500549316406,133.47999572753906
73.25,11.014129801534539,20.180846228440643,21.06430047200371,37.04816428044479,106.95037201821017,127.5513113045957,213.6020050048828,133.59500122070312,250.64999389648438,133.4810028076172
73.3,11.197405809657429,21.94779797487168,21.064304077173155,37.19417799767687,107.10436691143035,127.85131436392693,213.75599670410156,133.5959930419922,250.9499969482422,133.4810028076172
73.35000000000001,11.39950964608915,20.180846228096993,21.064307681809307,37.32218336937306,107.26136459209688,128.13631803417235,213.91299438476562,133.5959930419922,251.23500061035156,133.4810028076172
73.4,11.608201850518752,21.94779797529006,21.064311286957327,37.46117502178719,107.4223753342887,128.43632109352157,214.07400512695312,133.5959930419922,251.53500366210938,133.4810028076172
73.45,11.813509763496455,20.180846227732125,21.064314891641708,37.584190801453246,107.58436263898079,128.72132476376697,214.23599243164062,133.5959930419922,251.82000732421875,133.4810028076172
73.5,11.998910075262616,21.947797975785228,21.064318496786996,37.718177603427684,107.7503630051945,129.02131256433427,214.40199279785156,133.5959930419922,252.1199951171875,133.4810028076172
73.55,12.174122288986226,20.18084622773419,21.064322101511088,37.83617327250338,107.91837753156253,129.30732331461726,214.57000732421875,133.5959930419922,252.406005859375,133.4810028076172
73.60000000000001,12.357793965125024,21.94779797624237,21.06432210175351,37.965170481619175,108.08936752179733,129.60731111519357,214.74099731445312,133.5959930419922,252.70599365234375,133.4810028076172
73.65,12.543014041420419,20.18084622763743,21.064322101615986,38.07716948101231,108.26237167218817,129.8923147854008,214.91400146484375,133.5959930419922,252.99099731445312,133.4810028076172
73.7,12.7261097938522,21.94779797667337,21.064322101850387,38.201177096185454,108.43836654523514,130.19231784477256,215.08999633789062,133.5959930419922,253.29100036621094,133.4810028076172
73.75,12.905246207426067,20.1808462278495,21.06432210179127,38.30816827728548,108.6163755784383,130.47732324074892,215.26800537109375,133.5959930419922,253.5760040283203,133.48199462890625
73.8,13.079270515405884,21.94779797708507,21.064322102012607,38.42717404880658,108.79737813596563,130.77732630012292,215.44900512695312,133.5970001220703,253.87600708007812,133.48199462890625
73.85000000000001,13.247786191091256,20.180846227842753,21.064322101987184,38.52916333924823,108.98037679319222,131.06231471153203,215.6320037841797,133.5970001220703,254.16099548339844,133.48199462890625
73.9,13.411297952453586,21.94779797752171,21.064322102210348,38.644168321708946,109.16537435178611,131.3623177709038,215.81700134277344,133.5970001220703,254.46099853515625,133.48199462890625
73.95,13.571354159953469,20.180846227799368,21.064322102217073,38.74116801520608,109.35337789182549,131.6473214411015,216.0050048828125,133.5970001220703,254.74600219726562,133.48199462890625
74.0,13.73000618803177,21.947797977960846,21.064322102434637,38.85215995928779,109.54338033323207,131.94831632174848,216.19500732421875,133.5970001220703,255.0469970703125,133.48199462890625
74.05,13.888946620532469,20.180846227838202,21.06432210244504,38.945177130774105,109.73536641721681,132.23331999194858,216.38699340820312,133.5970001220703,255.33200073242188,133.48199462890625
74.10000000000001,14.04936245309401,21.9477979784359,21.06432210266439,39.05117947755367,109.9293666613576,132.53332305134063,216.58099365234375,133.5970001220703,255.6320037841797,133.48199462890625
74.15,14.212009901409044,20.180846228106823,21.06432210271133,39.14018360896876,110.1253658068656,132.81832672154786,216.77699279785156,133.5970001220703,255.91700744628906,133.48199462890625
74.2,14.377178192328953,21.94779797873304,21.064322102917295,39.24118109900098,110.32437093381878,133.11832978094665,216.9759979248047,133.5970001220703,256.2170104980469,133.48199462890625
74.25,14.544651037065234,20.180846227997566,21.064322102932103,39.32517744043574,110.5253749621391,133.40333523042267,217.177001953125,133.5970001220703,256.50201416015625,133.48300170898438
74.3,14.713562414328141,21.94779797909812,21.064322103133406,39.4211700801671,110.72936971311566,133.70332303102379,217.38099670410156,133.5970001220703,256.802001953125,133.48300170898438
74.35000000000001,14.882726127707663,20.18084622820668,21.0643221031698,39.501174496516526,110.93437401781696,133.98832670121436,217.58599853515625,133.59800720214844,257.0870056152344,133.48300170898438
74.4,15.05127873235229,21.947797979599255,21.064322103377556,39.593154088148026,111.14238183031698,134.28831450182676,217.79400634765625,133.59800720214844,257.3869934082031,133.48300170898438
74.45,15.21846319748016,20.18084622845052,21.06432210344267,39.66816597923888,111.35338036547324,134.574325252067,218.0050048828125,133.59800720214844,257.6730041503906,133.48300170898438
74.5,15.383882973863747,21.947797979958146,21.0643221036424,39.755155970985754,111.56637780199668,134.87431305267714,218.21800231933594,133.59800720214844,257.9729919433594,133.48300170898438
74.55,15.547466001191731,20.180882277627653,21.064325708621347,39.82516300269667,111.7813741398873,135.15931672286533,218.43299865722656,133.59800720214844,258.25799560546875,133.48300170898438
74.60000000000001,15.709430218424224,21.947797980351467,21.064325708812902,39.9081857286254,111.99836937914512,135.4593350410528,218.64999389648438,133.59800720214844,258.5580139160156,133.48300170898438
74.65,15.869990264806072,20.180846228981586,21.064325708900377,39.974149200204714,112.2173787785592,135.74430819365662,218.86900329589844,133.59800720214844,258.8429870605469,133.48300170898438
74.7,16.029470565807358,21.94779798074178,21.06432570910125,40.0521670665175,112.43937890062953,136.04432651184638,219.09100341796875,133.59800720214844,259.14300537109375,133.48300170898438
74.75,16.188193831993743,20.18084622923721,21.064325709225216,40.11316862267668,112.66337792406706,136.32933190780605,219.31500244140625,133.59800720214844,259.4280090332031,133.48399353027344
74.8,16.346414128692032,21.947797981189815,21.064325709434385,40.18716101871283,112.88937802522966,136.62931970841618,219.54100036621094,133.5989990234375,259.7279968261719,133.48399353027344
74.85000000000001,16.504346003465947,20.180846229458613,21.064325709559576,40.244167621459255,113.11838193147969,136.91533045863744,219.77000427246094,133.5989990234375,260.0140075683594,133.48399353027344
74.9,16.66220577077829,21.947797981550654,21.06432570975472,40.31415940168141,113.34837765901877,137.2153182592476,220.0,133.5989990234375,260.3139953613281,133.48399353027344
74.95,16.820065601910095,20.180846229897742,21.064325709899443,40.36616114339155,113.58137936800316,137.50032192941674,220.23300170898438,133.5989990234375,260.5989990234375,133.48399353027344
75.0,16.977927072025853,21.947797981947655,21.06432571009839,40.43114806276584,113.81637997835473,137.8003097300269,220.46800231933594,133.5989990234375,260.89898681640625,133.48399353027344
75.05,17.13582286337962,20.18084622993704,21.064322105329328,40.47915201909596,114.05337949007348,138.08531340019843,220.7050018310547,133.5989990234375,261.1839904785156,133.48399353027344
75.10000000000001,17.293610522104828,21.947797982289938,21.06432210552317,40.5401716707424,114.29237790315942,138.3853317183859,220.94400024414062,133.5989990234375,261.4840087890625,133.48399353027344
75.15,17.451145841045523,20.180846230360327,21.064322105661045,40.58317363177666,114.53438439311934,138.67033538855503,221.18600463867188,133.60000610351562,261.7690124511719,133.48399353027344
75.2,17.608286338997168,21.94779798269989,21.064322105856856,40.63917315922856,114.77837243022871,138.97032318916516,221.42999267578125,133.60000610351562,262.0690002441406,133.48399353027344
75.25,17.76503033749672,20.18084623042162,21.0643221059753,40.679166282475194,115.02338280620528,139.2553268593367,221.6750030517578,133.60000610351562,262.35400390625,133.48399353027344
75.3,17.921269651475153,21.947797983074018,21.064322106163722,40.732156985852455,115.27138390483809,139.55632342475803,221.92300415039062,133.60000610351562,262.6549987792969,133.48500061035156
75.35000000000001,18.077157079834567,20.180882279747642,21.064325711192623,40.766168691280086,115.52237574378177,139.84132709492957,222.1739959716797,133.60000610351562,262.94000244140625,133.48500061035156
75.4,18.232563599049193,21.947797983428483,21.064325711380405,40.81415739327192,115.7743746860125,140.14131489553972,222.42599487304688,133.60000610351562,263.239990234375,133.48500061035156
75.45,18.387577691380656,20.180846230932207,21.064325711483853,40.84415605350278,116.02937957595681,140.42631856570887,222.68099975585938,133.60000610351562,263.5249938964844,133.48500061035156
75.5,18.530858080901766,21.947797983877127,21.0643257116768,40.88817748635642,116.2853762805337,140.72633688389635,222.93699645996094,133.60000610351562,263.82501220703125,133.48500061035156
75.55,18.665210563571307,20.18088228028091,21.064329316711188,40.91415064194315,116.54438086520399,141.01131003649058,223.1959991455078,133.6009979248047,264.1099853515625,133.48500061035156
75.60000000000001,18.823070363145252,21.947797984146316,21.064329316896828,40.95417428538883,116.80437537258659,141.3113283546871,223.45599365234375,133.6009979248047,264.4100036621094,133.48500061035156
75.65,19.013834211904324,20.180846231483894,21.064329317009186,40.97617737029777,117.06737586159298,141.59633202485864,223.718994140625,133.6009979248047,264.69500732421875,133.48500061035156
75.7,19.22731402727237,21.947797984516004,21.064329317190797,41.010158557867406,117.33338233197684,141.8963198254688,223.98500061035156,133.6009979248047,264.9949951171875,133.48500061035156
75.75,19.452350091151246,20.18084623175938,21.06432931732457,41.027172039037076,117.60237952485048,142.1823305756877,224.25399780273438,133.6009979248047,265.281005859375,133.48500061035156
75.8,19.678393811360852,21.947797984952032,21.06432931751237,41.055153756457216,117.8743826990211,142.48232001587579,224.5260009765625,133.6009979248047,265.58099365234375,133.48599243164062
75.85000000000001,19.896841524460743,20.180882280792606,21.06432931761687,41.06516348230327,118.14937659573273,142.7673236860473,224.80099487304688,133.6009979248047,265.8659973144531,133.48599243164062
75.9,20.100349537954195,21.947797985216436,21.064329317795664,41.08715414274985,118.42737829792834,143.06731148666645,225.07899475097656,133.6020050048828,266.1659851074219,133.48599243164062
75.95,20.28560651145614,20.180846232306536,21.064329317933094,41.09115192909193,118.70838415740693,143.352315156838,225.36000061035156,133.6020050048828,266.45098876953125,133.48599243164062
76.0,20.45149491475763,21.947797985665446,21.064329318111923,41.108165411477486,118.99138891822352,143.6523334750345,225.64300537109375,133.6020050048828,266.7510070800781,133.48599243164062
76.05,20.599491036583785,20.180882281521626,21.064329318236,41.108180669784545,119.27637732159826,143.93733714520604,225.92799377441406,133.6020050048828,267.0360107421875,133.48599243164062
76.10000000000001,20.724733442947716,21.947797986048773,21.064329318426243,41.120158771865704,119.56438696519429,144.2373249458252,226.21600341796875,133.6020050048828,267.33599853515625,133.48599243164062
76.15,20.83633390061333,20.180882281903905,21.064332923468246,41.11817513678551,119.85238134999399,144.52333569604644,226.50399780273438,133.6020050048828,267.62200927734375,133.48599243164062
76.2,20.97129746908475,21.947797986401294,21.064332923656774,41.12716252812539,120.14338171622695,144.82332349667462,226.7949981689453,133.6020050048828,267.9219970703125,133.48599243164062
76.25,21.144673723442295,20.180882282214018,21.06433652870224,41.12016158163469,120.43539084691184,145.10832716684612,227.08700561523438,133.60299682617188,268.2070007324219,133.48599243164062
76.3,21.3506656748485,21.94779798675945,21.06433652888298,41.12415651557592,120.73138083714858,145.40831665788875,227.38299560546875,133.60299682617188,268.5069885253906,133.48699951171875
76.35000000000001,21.579698055459605,20.18088228256222,21.064336529059936,41.111156078670334,121.02938498753922,145.69332032806025,227.68099975585938,133.60299682617188,268.7919921875,133.48699951171875
76.4,21.821438509740243,21.9477979871293,21.064336529251225,41.10917244434932,121.3313869406647,145.99333864626578,227.98300170898438,133.60299682617188,269.0920104980469,133.48699951171875
76.45,22.065841454556296,20.18088228283842,21.06434013430441,41.089183509938096,121.63637961644743,146.2783423164373,228.28799438476562,133.60299682617188,269.37701416015625,133.48699951171875
76.5,22.301858751392146,21.94779798748314,21.06434013448618,41.08016560191074,121.94538535375348,146.57833011705645,228.5970001220703,133.60299682617188,269.677001953125,133.48699951171875
76.55,22.52113391121588,20.18088228301843,21.06434013463586,41.05517466252602,122.25639162296066,146.86434086727536,228.9080047607422,133.60400390625,269.9630126953125,133.48699951171875
76.60000000000001,22.71924320572495,21.947797987840254,21.064340134815005,41.04016007545105,122.57139406436707,147.16432866789452,229.22300720214844,133.60400390625,270.26300048828125,133.48699951171875
76.65,22.896039012575322,20.180846234393965,21.06433653006401,41.00817778329085,122.88838014835156,147.44933233805654,229.5399932861328,133.60400390625,270.5480041503906,133.48699951171875
76.7,23.05490648370631,21.94779798819044,21.064336530242926,40.989165409901176,123.20738039249319,147.7493201386757,229.85899353027344,133.60400390625,270.8479919433594,133.48699951171875
76.75,23.190985890780023,20.18084623478906,21.06433292550043,40.953170072915576,123.52837953800318,148.0343238088472,230.17999267578125,133.60400390625,271.13299560546875,133.48699951171875
76.80000000000001,23.31205521430002,21.947797988636754,21.064332925688163,40.93017230556847,123.85139284367068,148.33434381728622,230.5030059814453,133.60400390625,271.4330139160156,133.48800659179688
76.85000000000001,23.445109935675724,20.180846235038715,21.064329320935816,40.890148662381016,124.17638979191611,148.6193169698805,230.8280029296875,133.60400390625,271.7179870605469,133.48800659179688
76.9,23.594330014920907,21.947797989020614,21.064329321124948,40.86317405978661,124.50338714568578,148.919335288077,231.15499877929688,133.60499572753906,272.01800537109375,133.48800659179688
76.95,23.761838908262376,20.180882284431732,21.06432932128428,40.81918315104297,124.83238189666291,149.20433895825803,231.48399353027344,133.60499572753906,272.3030090332031,133.48800659179688
77.0,23.945870225521293,21.947797989366475,21.064329321472613,40.78817741946257,125.1643826290848,149.50533383894773,231.8159942626953,133.60499572753906,272.60400390625,133.48800659179688
77.05000000000001,24.141962487223527,20.180882284719075,21.064329321642678,40.739181649209364,125.49838226287399,149.79033750912876,232.14999389648438,133.60499572753906,272.8890075683594,133.48800659179688
77.10000000000001,24.34410239776445,21.947797989714914,21.064329321830144,40.70216398007501,125.83538787810892,150.090325309766,232.48699951171875,133.60499572753906,273.1889953613281,133.48800659179688
77.15,24.546098129657,20.180882285103333,21.06433292690108,40.647171531408546,126.17538421600032,150.37532897993754,232.82699584960938,133.60499572753906,273.4739990234375,133.48800659179688
77.2,24.72915787586995,21.947797990079916,21.064332927090028,40.60514900092735,126.51739471404767,150.67531678056574,233.16900634765625,133.60499572753906,273.77398681640625,133.48800659179688
77.25,24.89040289148614,20.18088228530558,21.06433653214168,40.54515460970281,126.86239740461244,150.96032045073727,233.51400756835938,133.6060028076172,274.0589904785156,133.48800659179688
77.30000000000001,25.052583452571234,21.947797990460455,21.064336532324052,40.49818825645116,127.20938226789373,151.26033876894283,233.86099243164062,133.6060028076172,274.3590087890625,133.48800659179688
77.35000000000001,25.213394152820463,20.180882285772423,21.06434013739742,40.43417502590422,127.55839655012042,151.545344164893,234.2100067138672,133.6060028076172,274.6440124511719,133.48899841308594
77.4,25.367007090076516,21.94779799081089,21.064340137576448,40.38217329113807,127.91038629621437,151.8453319655212,234.56199645996094,133.6060028076172,274.9440002441406,133.48899841308594
77.45,25.521303233885586,20.180882286016715,21.06434013773495,40.31418041260031,128.26439020246468,152.13134271574248,234.91600036621094,133.6060028076172,275.2300109863281,133.48899841308594
77.5,25.693419547657808,21.947797991169548,21.064340137915256,40.259172710383794,128.61938593000386,152.43133051637068,235.27099609375,133.6060028076172,275.5299987792969,133.48899841308594
77.55000000000001,25.879826688999902,20.18088228639771,21.064340138083118,40.18517079624635,128.9783960890991,152.7163341865422,235.6300048828125,133.60699462890625,275.81500244140625,133.48899841308594
77.60000000000001,26.077142927123557,21.947797991512726,21.0643401382629,40.1241664213279,129.33938852073993,153.01632198717041,235.99099731445312,133.60699462890625,276.114990234375,133.48899841308594
77.65,26.28043469046684,20.180882286712237,21.06434013842379,40.04517201224756,129.70338693382638,153.30132565734195,236.35499572753906,133.60699462890625,276.3999938964844,133.48899841308594
77.7,26.483762507636477,21.947797991842666,21.064340138600066,39.97919329560921,130.06938424828016,153.6013439755475,236.7209930419922,133.60699462890625,276.70001220703125,133.48899841308594
77.75,26.682052063460908,20.180882287020093,21.064340138771517,39.894156434972075,130.43939462425715,153.88631712814177,237.09100341796875,133.60699462890625,276.9849853515625,133.48899841308594
77.80000000000001,26.871483890930122,21.94779799220101,21.06434013894557,39.82218104273325,130.81138864281206,154.18633544634733,237.46299743652344,133.60699462890625,277.2850036621094,133.48899841308594
77.85000000000001,27.04997057418391,20.180846238317535,21.064336534200084,39.73319217608496,131.18638999509002,154.47234796959137,237.83799743652344,133.60800170898438,277.5710144042969,133.49000549316406
77.9,27.21776788892078,21.947797992526585,21.06433653437165,39.65618140830484,131.56338889645727,154.77233577021957,238.21499633789062,133.60800170898438,277.8710021972656,133.49000549316406
77.95,27.37591615783331,20.18084623868312,21.06433292963829,39.56218768438661,131.94238669919184,155.0573394403911,238.593994140625,133.60800170898438,278.156005859375,133.49000549316406
78.0,27.526432275785695,21.947797992869962,21.064332929808334,39.48017205909348,132.32439048337196,155.3573272410193,238.9759979248047,133.60800170898438,278.45599365234375,133.49000549316406
78.05000000000001,27.67298816408602,20.18088228797629,21.06433292996619,39.38218055411362,132.70738608884133,155.64233091119084,239.35899353027344,133.60800170898438,278.7409973144531,133.49000549316406
78.10000000000001,27.819652197327127,21.94779799321447,21.064332930136366,39.2961701381583,133.09338894998368,155.94231871181904,239.7449951171875,133.60899353027344,279.0409851074219,133.49000549316406
78.15,27.969771779026697,20.180882288305284,21.06433293029567,39.19416560174739,133.48039761697635,156.22732238199058,240.1320037841797,133.60899353027344,279.32598876953125,133.49000549316406
78.2,28.125830854116916,21.947797993604055,21.064332930471814,39.10418493862248,133.870397006625,156.52734070019613,240.52200317382812,133.60899353027344,279.6260070800781,133.49000549316406
78.25,28.288982993478292,20.180882288617692,21.064332930631572,38.99816736398866,134.2623952976407,156.81332093284013,240.91400146484375,133.60899353027344,279.9119873046875,133.49000549316406
78.30000000000001,28.45875953412651,21.947797993992314,21.0643329308107,38.9031818456547,134.65739957010163,157.1133392510457,241.3090057373047,133.60899353027344,280.2120056152344,133.49000549316406
78.35000000000001,28.634115079333345,20.18088228900243,21.06433653587919,38.79218998109658,135.05339694443077,157.39834464699587,241.7050018310547,133.61000061035156,280.49700927734375,133.49099731445312
78.4,28.813612823775514,21.947797994356744,21.064336536062207,38.69317616634456,135.4523990196262,157.69833244762407,242.10400390625,133.61000061035156,280.7969970703125,133.49099731445312
78.45,28.994725915725738,20.180882289244273,21.06434014111832,38.57618758521586,135.85439181747793,157.9833361178051,242.50599670410156,133.61000061035156,281.0820007324219,133.49099731445312
78.5,29.17479874385078,21.947797994686958,21.06434014130002,38.472168916848254,136.25839877548592,158.28332391844233,242.91000366210938,133.61000061035156,281.3819885253906,133.49099731445312
78.55000000000001,29.351702705475383,20.180882289587736,21.064340141461166,38.350175483401,136.6653964561501,158.56832758861387,243.31700134277344,133.61000061035156,281.6669921875,133.49099731445312
78.60000000000001,29.52385507381201,21.947797995059993,21.06434014164572,38.24120083779788,137.07439424076847,158.86834590681943,243.7259979248047,133.61099243164062,281.9670104980469,133.49099731445312
78.65,29.69060697692566,20.180882289991132,21.064340141814302,38.11420256335835,137.48639680424503,159.15334957699096,244.13800048828125,133.61099243164062,282.25201416015625,133.49099731445312
78.7,29.852463089391076,21.947797995438815,21.064340141997775,38.002203608720144,137.89939118901066,159.45434445767168,244.55099487304688,133.61099243164062,282.5530090332031,133.49099731445312
78.75,30.01025082146696,20.180882290338616,21.06434014216987,37.87120755953708,138.31539155522165,159.73934812784321,244.9669952392578,133.61099243164062,282.8380126953125,133.49099731445312
78.80000000000001,30.165051638988547,21.94779799580225,21.064340142350865,37.75319667954918,138.73339082279986,160.03933592847142,245.38499450683594,133.61099243164062,283.13800048828125,133.49099731445312
78.85000000000001,30.308979451047545,20.180882290565037,21.064340142507124,37.618202856653696,139.15339019914208,160.32434137793078,245.80499267578125,133.61199951171875,283.4230041503906,133.49200439453125
78.9,30.43497888593767,21.94779799613378,21.064340142684827,37.49518712751147,139.57639434953313,160.62432917855898,246.22799682617188,133.61199951171875,283.7229919433594,133.49200439453125
78.95,30.553995134550707,20.180882290960817,21.064340142856484,37.35718734814114,139.99939849992458,160.90933284873051,246.6510009765625,133.61199951171875,284.00799560546875,133.49200439453125
79.0,30.678267645557288,21.947797996477117,21.064340143035498,37.231211438112624,140.4253933729722,161.20935116693607,247.07699584960938,133.61199951171875,284.3080139160156,133.49200439453125
79.05000000000001,30.817550232592897,20.18088229127579,21.0643401432043,37.08918336962449,140.85239532609756,161.49432431953034,247.50399780273438,133.61199951171875,284.5929870605469,133.49200439453125
79.10000000000001,30.972893473960827,21.947797996806464,21.06434014337895,36.960204786779656,141.2813973626491,161.7943426377359,247.93299865722656,133.61300659179688,284.89300537109375,133.49200439453125
79.15,31.09943195181515,20.18088229150995,21.06434014353083,36.81417896073711,141.7134041985866,162.0803228703799,248.36500549316406,133.61300659179688,285.1789855957031,133.49200439453125
79.2,31.07354880710964,21.947797997164535,21.064340143703404,36.68319822584761,142.1444039544497,162.38034118858545,248.79600524902344,133.61300659179688,285.47900390625,133.49200439453125
79.25,31.047088790466375,20.180882291807105,21.064340143850252,36.536211113286875,142.5763955316076,162.66534485874746,249.22799682617188,133.61300659179688,285.7640075683594,133.49200439453125
79.30000000000001,31.020663050887798,21.947797997486212,21.06434014401865,36.40519987183758,143.00739528747886,162.96533265936662,249.65899658203125,133.61300659179688,286.0639953613281,133.49200439453125
79.35000000000001,30.994240732931832,20.18088229216872,21.064340144179017,36.260199726475605,143.43740436588536,163.25033632953816,250.08900451660156,133.61399841308594,286.3489990234375,133.49200439453125
79.4,30.96788707801415,21.947797997883015,21.06434014435394,36.12918517273644,143.868404121753,163.55032576974435,250.52000427246094,133.61399841308594,286.64898681640625,133.4929962158203
79.45,30.94153344081029,20.1808462436843,21.06433653962629,35.98518879080503,144.29740497625087,163.83532943991588,250.94900512695312,133.61399841308594,286.9339904785156,133.4929962158203
79.5,30.91521754473379,21.947797998255204,21.064336539804096,35.85521516339031,144.7273976520362,164.13534775812144,251.37899780273438,133.61399841308594,287.2340087890625,133.4929962158203
79.55000000000001,30.88890171345847,20.180846244013775,21.064332935077893,35.712195350825134,145.15639850653082,164.42132799076543,251.80799865722656,133.61399841308594,287.5199890136719,133.4929962158203
79.60000000000001,30.862623648146915,21.947797998596883,21.064332935256935,35.58321698917296,145.58540054308392,164.721346308971,252.23699951171875,133.61500549316406,287.82000732421875,133.4929962158203
79.65,30.836379926540953,20.180882293218733,21.064332935427814,35.44022772046131,146.01339431749906,165.00634997914253,252.6649932861328,133.61500549316406,288.1050109863281,133.4929962158203
79.7,32.01941184685425,21.947797998958386,21.064332935607197,35.302212794904136,146.45139785765136,165.30633777977073,253.10299682617188,133.61500549316406,288.4049987792969,133.4929962158203
79.75,33.13818453450939,20.180882293626656,21.064332935789153,35.132215645892366,146.90639968910443,165.59134144994226,253.55799865722656,133.61500549316406,288.69000244140625,133.4929962158203
79.80000000000001,34.16389679080456,21.947797999341795,21.06433293597471,34.96321032291814,147.3753938301766,165.89132925057046,254.02699279785156,133.61500549316406,288.989990234375,133.4929962158203
79.85000000000001,35.01666419347573,20.180882293959822,21.06433293615382,34.767212377191576,147.8563966381056,166.176332920742,254.50799560546875,133.61500549316406,289.2749938964844,133.4929962158203
79.9,35.60850664420028,21.94779799972882,21.0643329363384,34.57522742872129,148.34840203245867,166.47635292919006,255.0,133.61599731445312,289.57501220703125,133.49400329589844
79.95,35.876458277157695,20.18088229428944,21.064336541398912,34.36421495584199,148.84539605102464,166.76233316183405,255.4969940185547,133.61599731445312,289.8609924316406,133.49400329589844
80.0,35.83250389772399,21.947798000071682,21.064336541580563,34.16623342304559,149.34339714968522,167.0623514800396,255.9949951171875,133.61599731445312,290.1610107421875,133.49400329589844
80.05000000000001,35.60325377306128,20.180882294506855,21.06434014662987,33.955239873843745,149.83940036947288,167.34735515021114,256.4909973144531,133.61700439453125,290.4460144042969,133.49400329589844
80.10000000000001,35.247323531537425,21.947798000437857,21.06434014681397,33.76322453966612,150.33140476426007,167.64734295083935,256.9830017089844,133.61700439453125,290.7460021972656,133.49400329589844
80.15,34.820396974710896,20.180882294946493,21.064340146986744,33.562240760841725,150.81739820826266,167.93234662101088,257.468994140625,133.6179962158203,291.031005859375,133.49400329589844
80.2,34.37817164593336,21.94779800081691,21.064340147172594,33.382218802983786,151.29740919487747,168.23233442163908,257.9490051269531,133.6179962158203,291.33099365234375,133.49400329589844
80.25,33.95232622187689,20.180882295177256,21.064340147327652,33.19322475231888,151.77140821854385,168.51733809181061,258.4230041503906,133.6179962158203,291.6159973144531,133.49400329589844
80.30000000000001,33.59700631679977,21.94779800114449,21.064340147507924,33.0252304595693,152.2393963628267,168.81732589243882,258.8909912109375,133.61900329589844,291.9159851074219,133.49400329589844
80.35000000000001,33.35371634077182,20.180882295482245,21.064340147660165,32.845239079758066,152.70439270078649,169.10232956261035,259.3559875488281,133.61900329589844,292.20098876953125,133.49400329589844
80.4,33.24585721981346,21.94779800147766,21.064340147835047,32.68425624886441,153.1663983160369,169.40335659479499,259.8179931640625,133.61900329589844,292.50201416015625,133.4949951171875
80.45,33.26465016890194,20.180882295874582,21.064340147993565,32.5072250589893,153.62840393127135,169.68832974738925,260.2799987792969,133.61900329589844,292.7869873046875,133.4949951171875
80.5,33.34518308343482,21.947798001821862,21.064340148168583,32.34523893924788,154.0904095465171,169.9883480655948,260.74200439453125,133.61900329589844,293.0870056152344,133.4949951171875
80.55000000000001,33.44482893036555,20.180882296140908,21.064340148331986,32.16625850495227,154.55439986440808,170.27335173576634,261.20599365234375,133.6199951171875,293.37200927734375,133.4949951171875
80.60000000000001,33.53493736452776,21.94779800221103,21.06434014850931,32.0002441404025,155.02040328240312,170.57333953639454,261.6719970703125,133.6199951171875,293.6719970703125,133.4949951171875
80.65,33.58926131125004,20.180846247635625,21.06433654377822,31.819245772943038,155.48640670039117,170.85834320656608,262.13800048828125,133.6199951171875,293.9570007324219,133.4949951171875
80.7,33.59019857391358,21.947798002511067,21.06433654394764,31.65222436388593,155.95341719844706,171.15833100719428,262.6050109863281,133.6199951171875,294.2569885253906,133.4949951171875
80.75,33.52960894899032,20.18088229686152,21.064336544116067,31.471226027189235,156.4194206164173,171.4433346773658,263.0710144042969,133.6199951171875,294.5419921875,133.4949951171875
80.80000000000001,33.41278987534526,21.947798002869728,21.064336544288587,31.30725638049767,156.88340987423004,171.74335299557137,263.5350036621094,133.6199951171875,294.8420104980469,133.4949951171875
80.85000000000001,33.25406476706087,20.18088229719143,21.064336544459508,31.130255845829673,157.34639205196788,172.02933322821536,263.99798583984375,133.6199951171875,295.12799072265625,133.4949951171875
80.9,33.06787383642029,21.94779800322738,21.06433654463448,30.97025348067308,157.80641512698085,172.32935323666342,264.4580078125,133.62100219726562,295.4280090332031,133.49600219726562
80.95,32.86789161020998,20.180882297425722,21.06433654478959,30.797281264268218,158.26439242191316,172.61435690683496,264.9159851074219,133.62100219726562,295.7130126953125,133.49600219726562
81.0,32.669389102150795,21.94779800355488,21.06433654496289,30.642253251201065,158.71940951176768,172.91434470746316,265.3710021972656,133.62100219726562,296.01300048828125,133.49600219726562
81.05000000000001,32.49309617048434,20.180882297737423,21.064336545122543,30.47526246037669,159.17140536138425,173.1993483776347,265.822998046875,133.62100219726562,296.2980041503906,133.49600219726562
81.10000000000001,32.369510163491576,21.94779800393343,21.064336545294783,30.325239314935462,159.6214175684181,173.4993361782629,266.27301025390625,133.62100219726562,296.5979919433594,133.49600219726562
81.15,32.30377408226748,20.18088229818576,21.064340150349796,30.161269767856478,160.07039217779314,173.78433984843443,266.72198486328125,133.62100219726562,296.88299560546875,133.49600219726562
81.2,32.273602845570586,21.947798004363026,21.064340150534992,30.012284237700392,160.51939730474774,174.08435816664,267.1709899902344,133.62100219726562,297.1830139160156,133.49600219726562
81.25,32.24595506243644,20.1808822985194,21.06434015070078,29.850267827940527,160.96739535162615,174.37033839929344,267.6189880371094,133.62100219726562,297.468994140625,133.49600219726562
81.30000000000001,32.218345065688176,21.94779800466106,21.064340150879914,29.70326594981416,161.41441683600507,174.670356717508,268.0660095214844,133.62100219726562,297.7690124511719,133.49600219726562
81.35000000000001,32.190769412260885,20.18088229875822,21.064340151036596,29.540246712170322,161.86241598077697,174.95532987010228,268.5140075683594,133.6219940185547,298.0539855957031,133.49600219726562
81.4,32.163228100546995,21.94779800506606,21.064340151220463,29.39428247065156,162.30839986749848,175.25534818830783,268.9599914550781,133.6219940185547,298.35400390625,133.49600219726562
81.45,32.13569022725565,20.18088229918129,21.06434015139602,29.232261886589367,162.75542135187533,175.540353584258,269.4070129394531,133.6219940185547,298.6390075683594,133.4969940185547
81.5,32.108183260260176,21.94779800543937,21.06434015158447,29.086267134747654,163.20140523859536,175.84034138488622,269.8529968261719,133.6219940185547,298.9389953613281,133.4969940185547
81.55000000000001,32.08071749400945,20.180882299436643,21.064340151754394,28.925257887280793,163.64741964289303,176.12534505505775,270.29901123046875,133.6219940185547,299.2239990234375,133.4969940185547
81.60000000000001,32.05324829932032,21.94779800581489,21.064340151942538,28.780270234724757,164.0923964495342,176.42533285568595,270.7439880371094,133.6219940185547,299.52398681640625,133.4969940185547
81.65,32.02581687420009,20.18088229992192,21.064340152116156,28.620268089773557,164.53740377375325,176.71033652585749,271.1889953613281,133.6219940185547,299.8089904785156,133.4969940185547
81.7,30.935413538443967,21.947798006185728,21.064340152298428,28.48226892447197,164.9763991351292,177.0113314065382,271.62799072265625,133.6219940185547,300.1099853515625,133.4969940185547
81.75,29.34806407537217,20.180882300221278,21.064340152468613,28.35125822857395,165.39241476078843,177.29633507670974,272.04400634765625,133.6219940185547,300.3949890136719,133.4969940185547
81.80000000000001,27.94780806831003,21.947798006528192,21.064340152655326,28.255285854831055,165.78841213600555,177.5963533949153,272.44000244140625,133.6230010986328,300.69500732421875,133.4969940185547
81.85000000000001,26.691011261563922,20.18088230050841,21.064340152830347,28.163306791625995,166.1653957793205,177.88135706508683,272.8169860839844,133.6230010986328,300.9800109863281,133.4969940185547
81.9,25.76772031022314,21.94779800685851,21.06434015300959,28.100288625148952,166.52840237149692,178.18134486571503,273.17999267578125,133.6230010986328,301.2799987792969,133.4969940185547
81.95,25.226604450261938,20.18088230079332,21.064340153170793,28.0322916373224,166.8813991977341,178.4663503151744,273.5329895019531,133.6230010986328,301.56500244140625,133.4980010986328
82.0,25.01740773044796,21.94779800722202,21.064340153349058,27.984257447943847,167.22942165868344,178.7663381158026,273.8810119628906,133.6230010986328,301.864990234375,133.4980010986328
82.05000000000001,25.074539986987062,20.18084625226199,21.064336548631594,27.92126979631249,167.5774136022101,179.05134178597413,274.22900390625,133.6230010986328,302.1499938964844,133.4980010986328
82.10000000000001,25.30472398105467,21.947798007593008,21.064336548809404,27.871278007029957,167.9274211549433,179.3513601041797,274.5790100097656,133.6219940185547,302.45001220703125,133.4980010986328
82.15,25.607340509892854,20.18084625257627,21.06433294407484,27.803254999974907,168.28142506167825,179.63734033682368,274.9330139160156,133.6219940185547,302.7359924316406,133.4980010986328
82.2,25.885404397940857,21.94779800787913,21.06433294424418,27.745302697048974,168.63939625353555,179.93735865502924,275.2909851074219,133.6219940185547,303.0360107421875,133.4980010986328
82.25,26.05809577856186,20.180882301778304,21.064332944399883,27.66928417085222,169.00041920306882,180.22236232520078,275.6520080566406,133.6219940185547,303.3210144042969,133.4980010986328
82.30000000000001,26.067923515538588,21.94779800826826,21.064332944573888,27.607273076625855,169.36241871493525,180.52235012582898,276.0140075683594,133.6219940185547,303.6210021972656,133.4980010986328
82.35000000000001,25.899911810467096,20.1808462532227,21.06432933984532,27.5312850752345,169.7234111466094,180.8073537960005,276.375,133.6219940185547,303.906005859375,133.4980010986328
82.4,25.584408628291165,21.94779800861093,21.06432934002056,27.474278819083462,170.08040577551574,181.10734159662871,276.73199462890625,133.6219940185547,304.20599365234375,133.4980010986328
82.45,25.173144102019094,20.180882302428632,21.064329340184095,27.407258432077935,170.43242603921126,181.3923469925789,277.0840148925781,133.6219940185547,304.4909973144531,133.49899291992188
82.5,24.72436809144003,21.947798008960234,21.064329340357915,27.36126890615663,170.7784038224703,181.6923347932071,277.42999267578125,133.6219940185547,304.7909851074219,133.49899291992188
82.55000000000001,24.296220589239326,20.180882302808566,21.06433294541257,27.307288411381816,171.11840165192348,181.97834554342836,277.7699890136719,133.6230010986328,305.0769958496094,133.49899291992188
82.60000000000001,23.939784664860554,21.947798009354656,21.064332945588735,27.273292180699674,171.45241654454605,182.27836386163392,278.10400390625,133.6230010986328,305.37701416015625,133.49899291992188
82.65,23.694805057914415,20.180882303066095,21.064336550637716,27.228279218642786,171.78240311682615,182.5633370142377,278.4339904785156,133.6230010986328,305.6619873046875,133.49899291992188
82.7,23.58756143627606,21.9477980097062,21.06433655082042,27.2002948904169,172.11040604651365,182.86335533245227,278.7619934082031,133.6230010986328,305.9620056152344,133.49899291992188
82.75,23.612869651406502,20.180882303473574,21.06433655098995,27.157296070057654,172.43840897621726,183.1483590026238,279.0899963378906,133.6230010986328,306.24700927734375,133.49899291992188
82.80000000000001,23.734117769805334,21.947798010045805,21.064336551167706,27.128274156587818,172.76741898603524,183.448346803252,279.41900634765625,133.6230010986328,306.5469970703125,133.49899291992188
82.85000000000001,23.912857073931548,20.180882303714544,21.06434015621689,27.08228464730155,173.09841263846351,183.73335047342354,279.75,133.6230010986328,306.8320007324219,133.49899291992188
82.9,24.113054110726768,21.947798010440252,21.06434015639982,27.04825790534495,173.4324275311367,184.03333827405174,280.0840148925781,133.6230010986328,307.1319885253906,133.49899291992188
82.95,24.29456584452206,20.180882304142592,21.064340156571213,26.998266031381135,173.76842606637445,184.31935079729578,280.4200134277344,133.6230010986328,307.4179992675781,133.5
83.0,24.42639876986789,21.94779801080976,21.064340156756167,26.95926497239635,174.10741532423793,184.61933859792398,280.7590026855469,133.6230010986328,307.7179870605469,133.5
83.05000000000001,24.487131226428343,20.180882304384156,21.064340156913723,26.904277422399076,174.44741310879488,184.90434226809552,281.0989990234375,133.62399291992188,308.00299072265625,133.5
83.10000000000001,24.46726001113867,21.94779801115484,21.064340157093746,26.864299820754958,174.7874094466886,185.20436058630108,281.4389953613281,133.62399291992188,308.3030090332031,133.5
83.15,24.379779868887777,20.180882304775697,21.064340157264706,26.81028428349468,175.1264292220801,185.4893642564726,281.77801513671875,133.62399291992188,308.5880126953125,133.5
83.2,24.252663018517943,21.947798011499994,21.064340157444086,26.772290306112513,175.46441139982272,185.7893520571008,282.1159973144531,133.62399291992188,308.88800048828125,133.5
83.25,24.11348861617311,20.18088230510609,21.06434015760734,26.722303049758604,175.79940285491585,186.07435572727235,282.45098876953125,133.62399291992188,309.1730041503906,133.5
83.30000000000001,23.987307239763325,21.94779801184518,21.064340157787278,26.688281015239813,176.13341926571704,186.37434352790055,282.7850036621094,133.625,309.4729919433594,133.5
83.35000000000001,23.89874716854051,20.180882305377033,21.064340157953524,26.6412844608435,176.46541999814818,186.65934719807208,283.11700439453125,133.625,309.75799560546875,133.5
83.4,23.86915625056752,21.94779801217787,21.064340158127287,26.61027894361494,176.7974207305726,186.9603420787528,283.4490051269531,133.625,310.0589904785156,133.5
83.45,23.918872894614484,20.18088230574664,21.064340158287695,26.56328239227778,177.12942146299474,187.24534574892434,283.781005859375,133.625,310.343994140625,133.5
83.5,24.044223682613843,21.94779801253537,21.064340158460258,26.530288530685823,177.46242927550188,187.5453657573724,284.114013671875,133.625,310.6440124511719,133.50100708007812
83.55000000000001,24.2219209324821,20.1808823059827,21.06434015862011,26.480270766995318,177.79742073059913,187.83033890996666,284.4490051269531,133.625,310.9289855957031,133.50100708007812
83.60000000000001,24.430180822373586,21.947798012897216,21.064340158794344,26.44130498985532,178.13641148437006,188.13035722817222,284.7879943847656,133.62600708007812,311.22900390625,133.50100708007812
83.65,24.643157992177112,20.180846257462996,21.064336554063075,26.385305860626538,178.47741490236996,188.41536089834375,285.1289978027344,133.62600708007812,311.5140075683594,133.50100708007812
83.7,24.84108560640164,21.947798013211532,21.064336554234227,26.341300008177505,178.8214090430201,188.71534869897195,285.4729919433594,133.62600708007812,311.8139953613281,133.50100708007812
83.75,25.007945915198803,20.180882306700404,21.06433655439366,26.280296057483646,179.16741734381617,189.00035236914349,285.8190002441406,133.62600708007812,312.0989990234375,133.50100708007812
83.80000000000001,25.122497479698637,21.94779801357129,21.06433655456627,26.23229719654344,179.5154107005861,189.3003401697717,286.1669921875,133.6269989013672,312.39898681640625,133.50100708007812
83.85000000000001,25.156805834659387,20.18088230695215,21.064336554723784,26.168302574619617,179.86541680410176,189.58635091999295,286.5169982910156,133.6269989013672,312.68499755859375,133.50100708007812
83.9,25.11447067816893,21.94779801394741,21.06433655490074,26.119291913807526,180.2144158275439,189.88633872062115,286.8659973144531,133.6269989013672,312.9849853515625,133.50100708007812
83.95,25.03174177377465,20.180882307370258,21.0643365550631,26.056304366592656,180.56240777091799,190.1713423907927,287.2139892578125,133.6269989013672,313.2699890136719,133.50100708007812
84.0,24.93943752584867,21.94779801433381,21.064336555242946,26.009307921102177,180.90942461312864,190.47136234840946,287.5610046386719,133.6280059814453,313.57000732421875,133.5019989013672
84.05000000000001,24.865925024589774,20.180882307723984,21.064336555417075,25.94830399950174,181.25543291392881,190.756366018581,287.9070129394531,133.6280059814453,313.8550109863281,133.5019989013672
84.10000000000001,24.833381252845978,21.947798014693685,21.06433655559672,25.903291103920527,181.6004341346429,191.0563538192092,288.25201416015625,133.6280059814453,314.1549987792969,133.5019989013672
84.15,24.85570051365664,20.180882308061097,21.06434016065653,25.843324773563683,181.94540483777078,191.34135748938073,288.59698486328125,133.6280059814453,314.44000244140625,133.5019989013672
84.2,24.937313397541352,21.947798015053266,21.064340160840704,25.79730967788844,182.2914145600605,191.64134529000893,288.9429931640625,133.62899780273438,314.739990234375,133.5019989013672
84.25,25.075121418566123,20.180882308357262,21.064340161006392,25.736305779721913,182.6384299409236,191.9273560402302,289.2900085449219,133.62899780273438,315.0260009765625,133.5019989013672
84.30000000000001,25.253896482975243,21.94779801538439,21.0643401611877,25.686288079880892,182.98843604444994,192.2273438408584,289.6400146484375,133.62899780273438,315.32598876953125,133.5019989013672
84.35000000000001,25.45272508307453,20.180882308661698,21.064340161358654,25.619302816302675,183.34042579056012,192.51234751102993,289.99200439453125,133.62899780273438,315.6109924316406,133.5019989013672
84.4,25.65259740301786,21.94779801573216,21.064340161537128,25.56434133541695,183.6954062593271,192.8123658292355,290.34698486328125,133.62899780273438,315.9110107421875,133.5019989013672
84.45,25.837816701742774,20.180882308964,21.064340161696503,25.491349228586778,184.0534093848097,193.09736949940702,290.7049865722656,133.6300048828125,316.1960144042969,133.5019989013672
84.5,25.99589287315194,21.947798016046793,21.0643401618678,25.431316862509526,184.41342525395734,193.39735899044967,291.06500244140625,133.6300048828125,316.4960021972656,133.5030059814453
84.55000000000001,26.121389391555674,20.180882309240904,21.064340162019494,25.354321975343897,184.77542476567842,193.6823626606212,291.427001953125,133.6300048828125,316.781005859375,133.5030059814453
84.60000000000001,26.213082290651776,21.947798016405688,21.064340162190696,25.290327419426998,185.1394079199754,193.9823504612494,291.7909851074219,133.6300048828125,317.08099365234375,133.5030059814453
84.65,26.273848616956023,20.180882309551592,21.064340162339743,25.211323424106645,185.50443001939732,194.26836121147068,292.156005859375,133.63099670410156,317.36700439453125,133.5030059814453
84.7,26.310712759077543,21.947798016783153,21.064340162512735,25.14632182307481,185.8694202537748,194.56834901209888,292.52099609375,133.63099670410156,317.6669921875,133.5030059814453
84.75,26.3387208574224,20.180846261046323,21.06433655778164,25.06532922269088,186.2354175682323,194.8533526822704,292.8869934082031,133.63099670410156,317.9519958496094,133.5030059814453
84.80000000000001,26.383180970205675,21.947798017097824,21.064336557952984,24.999351081773376,186.60141488268943,195.15337100047597,293.25299072265625,133.63099670410156,318.25201416015625,133.5030059814453
84.85000000000001,26.458708371844477,20.18088231026359,21.064336558113176,24.917326103199215,186.9684206589612,195.43834415307023,293.6199951171875,133.6320037841797,318.5369873046875,133.5030059814453
84.9,26.568652204992596,21.947798017489024,21.06433655828886,24.849333853349616,187.3364321335707,195.7383624712758,293.9880065917969,133.6320037841797,318.8370056152344,133.5030059814453
84.95,26.710312238638444,20.180846261694455,21.064332953561905,24.76434354686339,187.70642725075857,196.02336614144733,294.3580017089844,133.6320037841797,319.12200927734375,133.5030059814453
85.0,26.87839616148524,21.947798017849223,21.064332953742145,24.69134133208405,188.07941309060445,196.32335558165352,294.7309875488281,133.6320037841797,319.4219970703125,133.50399780273438
85.05000000000001,27.060340076130036,20.180882310940632,21.06433295391212,24.602322756752084,188.4534365281084,196.60835925182505,295.1050109863281,133.6320037841797,319.7070007324219,133.50399780273438
85.10000000000001,27.233177374337128,21.947798018210165,21.064332954092567,24.525333149899236,188.8314285520016,196.90935413250577,295.4830017089844,133.63299560546875,320.00799560546875,133.50399780273438
85.15,27.37649234314101,20.18088231128641,21.064332954266046,24.431340313912397,189.2104263547383,197.1943578026773,295.86199951171875,133.63299560546875,320.2929992675781,133.50399780273438
85.2,27.474304996254578,21.947798018601492,21.064332954447885,24.350317277759792,189.5914383176292,197.4943456033055,296.2430114746094,133.63299560546875,320.5929870605469,133.50399780273438
85.25,27.516567957578587,20.18088231164412,21.064336559507662,24.25333378025681,189.97342684302052,197.77934927348653,296.625,133.63299560546875,320.87799072265625,133.50399780273438
85.30000000000001,27.503248598538097,21.94779801892971,21.06433655969085,24.171370124924334,190.35541669595386,198.0793675917011,297.0069885253906,133.63400268554688,321.1780090332031,133.50399780273438
85.35000000000001,27.444603697363743,20.1808823119218,21.064336559856674,24.07435615235911,190.73743573893424,198.36437126188213,297.3890075683594,133.63400268554688,321.4630126953125,133.50399780273438
85.4,27.353451245345042,21.947798019297547,21.064336560037525,23.99434023366346,191.11744062176436,198.66435906251937,297.7690124511719,133.63400268554688,321.76300048828125,133.50399780273438
85.45,27.24318427411854,20.180882312209985,21.064340165089078,23.90034747754832,191.4964384245191,198.9493627327004,298.14801025390625,133.63400268554688,322.0480041503906,133.50399780273438
85.5,27.13035953752326,21.947798019645774,21.06434016526873,23.822340231514058,191.87442914719458,199.24935222375208,298.5260009765625,133.63400268554688,322.3479919433594,133.5050048828125
85.55000000000001,27.028838716178214,20.1808823125161,21.06434016542628,23.73235062931098,192.25043753538475,199.53536297397335,298.9020080566406,133.63499450683594,322.6340026855469,133.5050048828125
85.60000000000001,26.94866745528339,21.94779802003823,21.064340165609085,23.65733955159356,192.62543753539347,199.83535077460155,299.2770080566406,133.63499450683594,322.9339904785156,133.5050048828125
85.65,26.895170726788965,20.18088231298277,21.06434016577872,23.569358706446756,192.99842337524066,200.12035444477308,299.6499938964844,133.63499450683594,323.218994140625,133.5050048828125
85.7,26.86579413422697,21.947798020429754,21.064340165961546,23.495385226205258,193.37241629516316,200.42037276297864,300.02398681640625,133.63499450683594,323.5190124511719,133.5050048828125
85.75,26.85171777742358,20.180882313252233,21.064340166122356,23.407343365333865,193.74543265258504,200.7053459155729,300.3970031738281,133.63499450683594,323.8039855957031,133.5050048828125
85.80000000000001,26.843114023531584,21.947798020761123,21.064340166305495,23.3343769652588,194.11841849242913,201.00536423377847,300.7699890136719,133.63499450683594,324.10400390625,133.5050048828125
85.85000000000001,26.830369817719387,20.180846264558298,21.064336561569146,23.24737835757112,194.4904291329228,201.29036790394048,301.1419982910156,133.63600158691406,324.3890075683594,133.5050048828125
85.9,26.80279407488134,21.947798021041933,21.064336561743584,23.17435095673229,194.86344549034501,201.59035570455964,301.5150146484375,133.63600158691406,324.6889953613281,133.5050048828125
85.95,26.75235819335941,20.180882313718197,21.064336561894407,23.088384317190044,195.23542425011067,201.87636645477141,301.8869934082031,133.63600158691406,324.9750061035156,133.5050048828125
86.0,26.674130307226907,21.94779802137018,21.06433656206685,23.017365436685836,195.60642644737652,202.17635589496857,302.25799560546875,133.63600158691406,325.2749938964844,133.50599670410156
86.05000000000001,26.566562051771204,20.180882314201302,21.06433656223537,22.933351888570023,195.97544500206556,202.4613595651401,302.62701416015625,133.63600158691406,325.55999755859375,133.50599670410156
86.10000000000001,26.433613641697175,21.947798021830526,21.0643365624146,22.865359820791035,196.34342595910016,202.7613473657683,302.9949951171875,133.63600158691406,325.8599853515625,133.50599670410156
86.15,26.282881108302828,20.180882314569743,21.064336562573295,22.784373162496273,196.70942461743107,203.04635103593984,303.3609924316406,133.63699340820312,326.1449890136719,133.50599670410156
86.2,26.121926134152396,21.94779802224323,21.064336562754644,22.720378862381484,197.07343828931207,203.3463693541454,303.7250061035156,133.63699340820312,326.44500732421875,133.50599670410156
86.25,25.957766240478794,20.180882314990733,21.064336562928496,22.644391359572385,197.4344307209588,203.63137302432642,304.08599853515625,133.63699340820312,326.7300109863281,133.50599670410156
86.30000000000001,25.79727648135341,21.947798022644957,21.064336563116875,22.58537135416864,197.79343951002596,203.93136082496366,304.44500732421875,133.63699340820312,327.0299987792969,133.50599670410156
86.35000000000001,25.64474495903038,20.180882315287082,21.064340168189755,22.51438866467113,198.15043413893517,204.2173715751944,304.802001953125,133.63699340820312,327.3160095214844,133.50599670410156
86.4,25.502653904213012,21.947798022971156,21.064340168382678,22.459360554145043,198.5054451252648,204.51736106624608,305.1570129394531,133.63699340820312,327.6159973144531,133.5070037841797
86.45,25.37132431952177,20.180882315573385,21.064340168568197,22.391368531857005,198.85844195143713,204.8023647364271,305.510009765625,133.63699340820312,327.9010009765625,133.5070037841797
86.5,25.247377908406072,21.947798023308422,21.064340168762023,22.339367457583176,199.21043169753096,205.10235253706435,305.86199951171875,133.63699340820312,328.20098876953125,133.5070037841797
86.55000000000001,25.125228801214547,20.18088231587778,21.064340168929668,22.275373182273018,199.55943072096846,205.38735620723588,306.21099853515625,133.63699340820312,328.4859924316406,133.5070037841797
86.60000000000001,24.99948167813302,21.94779802370567,21.064340169117184,22.22740628098873,199.90742412155723,205.68737452544144,306.5589904785156,133.63800048828125,328.7860107421875,133.5070037841797
86.65,24.86559780907361,20.18088231630326,21.06434016929054,22.166402704160898,200.25343242233848,205.97237819561298,306.9049987792969,133.63800048828125,329.0710144042969,133.5070037841797
86.7,24.719689064096155,21.947798024047657,21.06434016947098,22.122397127013777,200.5974265629635,206.27236599624118,307.2489929199219,133.63800048828125,329.3710021972656,133.5070037841797
86.75,24.559381357589753,20.180882316680275,21.064340169639937,22.066398354905804,200.93943706101058,206.55837674646244,307.59100341796875,133.63800048828125,329.6570129394531,133.5070037841797
86.80000000000001,24.383881619475805,21.947798024439624,21.064340169819406,22.026390516775997,201.27943339890192,206.85836454709064,307.9309997558594,133.63800048828125,329.9570007324219,133.5070037841797
86.85000000000001,24.194988860244898,20.180846268068436,21.06433656509754,21.974383594763648,201.6164390141375,207.14336994304082,308.26800537109375,133.63800048828125,330.24200439453125,133.50799560546875
86.9,23.996232432287634,21.947798024772545,21.064336565277678,21.939380546738665,201.95143046921748,207.44335774366903,308.6029968261719,133.63800048828125,330.5419921875,133.50799560546875
86.95,23.79175281263547,20.180846268346187,21.064332960554957,21.89339136511089,202.28242412156334,207.72836141384056,308.9339904785156,133.63800048828125,330.8269958496094,133.50799560546875
87.0,23.5989015408216,21.947798025101232,21.06433296073424,21.864400178218297,202.6114341313307,208.02837973204612,309.26300048828125,133.63800048828125,331.12701416015625,133.50799560546875
87.05000000000001,23.419117140639564,20.180882317558478,21.064332960902313,21.82338527911352,202.9374229008626,208.31335288464038,309.5889892578125,133.63800048828125,331.4119873046875,133.50799560546875
87.10000000000001,23.24170854570684,21.94779802549218,21.06433296108096,21.80040595147459,203.261428027816,208.61437828289843,309.9129943847656,133.63800048828125,331.7130126953125,133.50799560546875
87.15,23.066497220224605,20.180846269048256,21.06432935635546,21.7643713720008,203.58244401180494,208.8993514354927,310.2340087890625,133.63900756835938,331.99798583984375,133.50799560546875
87.2,22.87170105261837,21.94779802582093,21.064329356532788,21.745389783127198,203.90144425594565,209.19936975369825,310.5530090332031,133.63900756835938,332.2980041503906,133.50799560546875
87.25,22.659805680055673,20.18088231829928,21.06432935669469,21.71441500380111,204.21742325985227,209.48437342386978,310.8689880371094,133.63900756835938,332.5830078125,133.50799560546875
87.30000000000001,22.43343754356879,21.947798026213917,21.064329356872115,21.70137817935956,204.53044205868133,209.78436291491244,311.1820068359375,133.63900756835938,332.88299560546875,133.50900268554688
87.35000000000001,22.197133645510817,20.180882318616938,21.064332961926965,21.676384731368223,204.84043961727653,210.06936658508397,311.49200439453125,133.63900756835938,333.1679992675781,133.50900268554688
87.4,21.955789762689214,21.94779802657501,21.064332962107212,21.67037287713192,205.14643937313778,210.36935438571217,311.7980041503906,133.63900756835938,333.4679870605469,133.50900268554688
87.45,21.713941194915517,20.180882318963544,21.064336567168947,21.653374891737517,205.4494484063429,210.65536513593344,312.10101318359375,133.63900756835938,333.7539978027344,133.50900268554688
87.5,21.474864965445107,21.947798026919482,21.06433656735077,21.65438195415706,205.74842911923494,210.95535293656164,312.3999938964844,133.63900756835938,334.0539855957031,133.50900268554688
87.55000000000001,21.255876552612705,20.180882319305805,21.064336567525505,21.642388761717797,206.04542618954807,211.24035660673317,312.6969909667969,133.63900756835938,334.3389892578125,133.50900268554688
87.60000000000001,21.05514090906824,21.94779802732623,21.06433656770891,21.649407678585085,206.3384254571262,211.54037492493873,312.989990234375,133.63900756835938,334.6390075683594,133.50900268554688
87.65,20.84187742078803,20.180882319638023,21.064340172767885,21.64340180390178,206.62944277225301,211.82537859511027,313.281005859375,133.63999938964844,334.92401123046875,133.50900268554688
87.7,20.615761650289137,21.94779802770156,21.064340172955948,21.65539499304385,206.91743715701864,212.12536639573847,313.5690002441406,133.63999938964844,335.2239990234375,133.50900268554688
87.75,20.375677777590326,20.1808823199844,21.06434017312446,21.656396077515595,207.20143373905003,212.41037179168865,313.8529968261719,133.63999938964844,335.5090026855469,133.50999450683594
87.80000000000001,20.12274162319321,21.947798028060603,21.064340173309127,21.67537766987044,207.4824395984255,212.71035959231685,314.1340026855469,133.63999938964844,335.8089904785156,133.50999450683594
87.85000000000001,19.859905758093497,20.180882320370618,21.064340173484496,21.68438019305632,207.75944765506694,212.9963703425381,314.4110107421875,133.63999938964844,336.0950012207031,133.50999450683594
87.9,19.59066176296526,21.947798028436353,21.06434017367063,21.710380703367328,208.0334344714746,213.29635814316632,314.68499755859375,133.63999938964844,336.3949890136719,133.50999450683594
87.95,19.318609394652785,20.180882320711245,21.0643401738454,21.725395082299855,208.3034234851479,213.58136181333785,314.9549865722656,133.63999938964844,336.67999267578125,133.50999450683594
88.0,19.04659307788875,21.947798028797337,21.064340174033184,21.75939105707155,208.56944521366486,213.8813801315434,315.22100830078125,133.63999938964844,336.9800109863281,133.50999450683594
88.05000000000001,18.776305395542757,20.180882321018625,21.064340174204467,21.78240090023012,208.8314386218691,214.16638380171494,315.4830017089844,133.63999938964844,337.2650146484375,133.50999450683594
88.10000000000001,18.508177216215866,21.947798029144224,21.064340174386267,21.824392341728714,209.08943422733847,214.46637160234314,315.7409973144531,133.63999938964844,337.56500244140625,133.50999450683594
88.15,18.241957910395257,20.180882321361537,21.06434017455862,21.854396603037625,209.3444410987531,214.75137527251468,315.9960021972656,133.64100646972656,337.8500061035156,133.50999450683594
88.2,17.97663639584111,21.947798029491143,21.064340174737577,21.90437750002502,209.59544817883142,215.052371837954,316.24700927734375,133.64100646972656,338.1510009765625,133.51100158691406
88.25,17.70952026608683,20.180882321675114,21.06434017490665,21.941394670695306,209.84343408387087,215.33737550812555,316.4949951171875,133.64100646972656,338.4360046386719,133.51100158691406
88.30000000000001,17.437646045851793,21.947798029867045,21.064340175087295,21.99736292908614,210.08745265466132,215.63736330875375,316.739013671875,133.64100646972656,338.7359924316406,133.51100158691406
88.35000000000001,17.158860597608207,20.18088232200724,21.06434017525096,22.043382635486527,210.32643581158078,215.92236697892528,316.9779968261719,133.64100646972656,339.02099609375,133.51100158691406
88.4,16.871545735428107,21.947798030259317,21.064340175433255,22.10740740367666,210.56242824329263,216.22238529713084,317.2139892578125,133.64100646972656,339.3210144042969,133.51100158691406
88.45,16.574257367492955,20.337380963206506,21.07999003968278,22.17137575509825,210.7944533899683,216.51871497463557,317.4460144042969,133.64100646972656,339.61700439453125,133.51100158691406
88.5,16.266420481855185,21.85251484185001,21.070461720988046,22.249378723053848,211.02245021671393,216.82472151243576,317.67401123046875,133.64100646972656,339.9230041503906,133.51100158691406
88.55000000000001,15.948829790257609,20.17525710922194,21.06989919980838,22.317377030050178,211.24544216080028,217.115793595232,317.8970031738281,133.64100646972656,340.2139892578125,133.51100158691406
88.60000000000001,15.622886008859053,21.948315528205004,21.069950949714457,22.402409306563275,211.4644363021102,217.41995531357233,318.1159973144531,133.64100646972656,340.51800537109375,133.51100158691406
88.65,15.291109166402403,20.232038101061185,21.07506652768442,22.475424488806915,211.6784278589643,217.70714956220954,318.3299865722656,133.64199829101562,340.80499267578125,133.51199340820312
88.7,14.955732575339237,21.874827617323795,21.06776948646769,22.5654433563591,211.8884498320285,218.00737357277342,318.5400085449219,133.64199829101562,341.1050109863281,133.51199340820312
88.75,14.618340677568805,20.27677552462931,21.077358806763108,22.645487902687517,212.0934364045781,218.2925865204316,318.7449951171875,133.64199829101562,341.3900146484375,133.51199340820312
88.80000000000001,14.279688792764501,21.819457229859044,21.064524726762308,22.742502083917735,212.29344861179683,218.58975467238344,318.94500732421875,133.64199829101562,341.68701171875,133.51199340820312
88.85000000000001,13.939092844704446,20.31278971532442,21.077715466094023,22.832498455101522,212.4884559361366,218.87487773904667,319.1400146484375,133.64199829101562,341.97198486328125,133.51199340820312
88.9,13.595077395711886,21.31606303632924,21.014541966701014,22.935569046201227,212.6794349401164,219.16911033596742,319.33099365234375,133.64199829101562,342.2659912109375,133.51199340820312
88.95,13.246129261331127,19.99491748408339,20.980295618788706,23.021622583512304,212.86543957883217,219.4414139333885,319.5169982910156,133.64199829101562,342.5379943847656,133.51199340820312
89.0,12.890484616240393,21.809599119842495,20.976004046587953,23.131667592233654,213.04643933471607,219.73250443555787,319.697998046875,133.64199829101562,342.8290100097656,133.51199340820312
89.05000000000001,12.525912737828296,20.2272599220743,20.981204327873186,23.23568093210053,213.22243420777585,220.01251398602582,319.8739929199219,133.64199829101562,343.1090087890625,133.51199340820312
89.10000000000001,12.150432638304794,21.902590821615387,20.976631857214223,23.360643672014188,213.3934547155936,220.30850464459533,320.0450134277344,133.64199829101562,343.4049987792969,133.51199340820312
89.15,11.762857197316208,20.2434219482813,20.977770241936234,23.472630397440312,213.55943982301721,220.5866126340019,320.21099853515625,133.64199829101562,343.6830139160156,133.51300048828125
89.2,11.356812790340117,21.468170420356717,20.93710452223953,23.59855493295901,213.71944348512667,220.8728021099959,320.3710021972656,133.64199829101562,343.968994140625,133.51300048828125
89.25,10.924992575396304,20.91234385178687,21.000661354955284,23.721510921870212,213.8734351843461,221.15020366428305,320.5249938964844,133.64199829101562,344.2460021972656,133.51300048828125
89.30000000000001,10.52823678132109,5.907476411752838,19.409463273144663,23.571249405032486,214.02144543825335,221.22420442434552,320.6730041503906,133.64199829101562,344.2439880371094,133.58599853515625
89.35000000000001,10.108440578990264,4.5787723760001455,17.83606153921224,23.445281219328695,214.16445080934824,221.2531212589171,320.8160095214844,133.64199829101562,344.260986328125,133.60299682617188
89.4,9.597456978271461,4.190694595520558,16.123524695131373,23.329340319236234,214.30044086651858,221.27780384242573,320.9519958496094,133.64300537109375,344.281005859375,133.61500549316406
89.45,9.059148300508763,4.110215853651833,14.535054532088214,23.220363456218884,214.42943866927257,221.30186395216737,321.08099365234375,133.64300537109375,344.3009948730469,133.62600708007812
89.5,8.482716206831366,4.042672822141498,12.758361902318114,23.121406338491024,214.55044086657392,221.32730190001448,321.2019958496094,133.64300537109375,344.322998046875,133.63600158691406
89.55000000000001,7.875180746002314,3.9687278561145596,11.13250869572214,23.030454567721648,214.66344745842073,221.35286460792628,321.31500244140625,133.64300537109375,344.3450012207031,133.64599609375
89.60000000000001,7.263432768391948,5.1189754184321545,9.454147155403817,23.003496065000125,214.7674513647273,221.44878189967773,321.41900634765625,133.64300537109375,344.4219970703125,133.7030029296875
89.65,6.652728495537105,3.257531201425373,7.755558080718226,22.871616362729547,214.86345966556456,221.48999588748663,321.5150146484375,133.64300537109375,344.385986328125,133.71600341796875
89.7,6.044364397397705,3.5656095403255152,5.965301992715105,22.810716183204462,214.95043476326782,221.51834668205976,321.60198974609375,133.64300537109375,344.4119873046875,133.71400451660156
89.75,5.430852166122669,3.381967812317721,4.21226438876819,22.759801091791214,215.02944477307236,221.54821497927713,321.6809997558594,133.64300537109375,344.44000244140625,133.71400451660156
89.80000000000001,4.802328150728317,3.3325310326909037,3.9547698508619966,22.71887115990501,215.09945209732382,221.57894018722018,321.7510070800781,133.64300537109375,344.468994140625,133.71499633789062
89.85000000000001,4.156596368656649,3.26105327839071,3.822997941101053,22.686955370548656,215.16045673602915,221.60981127436511,321.81201171875,133.64300537109375,344.49798583984375,133.71800231933594
89.9,3.4644566019929566,3.728922230305919,3.776820704579589,22.660101739918897,215.21245868919655,221.63829727868372,321.864013671875,133.64300537109375,344.52301025390625,133.7270050048828
89.95,0.8426990765626218,3.6048388485586016,3.726283004070266,22.658243151502717,215.24044331364752,221.66742672333783,321.8919982910156,133.64300537109375,344.54901123046875,133.73599243164062
90.0,2.2680846193177225e-05,3.5478569897374164,3.6768014208298583,22.683340056868147,215.24245758109757,221.69751113913463,321.8940124511719,133.64300537109375,344.57598876953125,133.7449951171875
