Time (s),Ego Speed (km/h),Lead Speed (km/h),Smoothed Lead Speed (km/h),Distance Between (m),Ego Distance Covered (m),Lead Vehicle Distance Covered (m),Ego X (m),Ego Y (m),Lead X (m),Lead Y (m)
0.0,8.808552074432374,7.056000137329102,7.056000137329102,5.027323750583874,0.0,0.0,107.0,133.0,112.0,133.4199981689453
0.05,8.17365560538449,8.820000171661377,7.938000154495239,5.028275449924262,0.12765920162200928,0.11269998550415039,107.0,133.0,112.0,133.4199981689453
0.1,4.180355787306681,10.584000205993652,8.820000171661377,5.024767871372783,0.20564299821853638,0.2498999983072281,107.0,133.0,112.0,133.4199981689453
0.15000000000000002,1.8214847087946806,10.747439861297607,9.301860094070435,5.019842112930026,0.24262429773807526,0.40529029071331024,107.0,133.0,112.0,133.4199981689453
0.2,0.48326759934972857,7.768655776977541,8.995219230651855,5.01775631470632,0.25589120015501976,0.5298077911138535,107.0,133.0,112.0,133.4199981689453
0.25,0.22903956770997203,4.894776105880743,8.311812043190004,5.01781018068434,0.2561344988644123,0.6134719923138618,107.0,133.0,112.0,133.4199981689453
0.30000000000000004,0.5667552173138016,0.2858883018613525,7.165251508714483,5.0182448686540875,0.26244330033659935,0.6421069949865341,107.0,133.0,112.0,133.4199981689453
0.35000000000000003,0.6878304004670633,1.2601333397479655,6.427111737593668,5.018192778524298,0.2715005986392498,0.6545059978961945,107.0,133.0,112.0,133.4199981689453
0.4,0.6899400115014708,1.81846296546511,5.915039651801606,5.018013288342606,0.28116450086236,0.6770130023360252,107.0,133.0,112.0,133.4199981689453
0.45,0.6322068035605196,2.0269728720120805,5.526232973822653,5.017815403612692,0.2903091013431549,0.7043372988700867,107.0,133.0,112.0,133.4199981689453
0.5,0.5493815839299957,1.9688721142311902,5.017520171512862,5.017674605154392,0.29841409996151924,0.7322819977998734,107.0,133.0,112.0,133.4199981689453
0.55,0.4610340178016787,1.7295322128948023,4.308473375636205,5.0176137572308015,0.30530709959566593,0.7578397989273071,107.0,133.0,112.0,133.4199981689453
0.6000000000000001,0.37743838727570983,1.3871364163729119,3.3887869966741304,5.0176161731615805,0.3110048994421959,0.7791418991982937,107.0,133.0,112.0,133.4199981689453
0.65,0.3033558011057205,1.00696340226384,2.414739350770754,5.017649224769214,0.31561779975891113,0.7953073885291815,107.0,133.0,112.0,133.4199981689453
0.7000000000000001,0.2403550833472584,0.6386228197041549,1.7017360550434155,5.017683567506363,0.3192934999242425,0.8062361981719732,107.0,133.0,112.0,133.4199981689453
0.75,0.18827640116216873,0.31574798285862116,1.2438332427412033,5.0177024125236285,0.32218606024980545,0.8123877979815006,107.0,133.0,112.0,133.4199981689453
0.8,0.14611536115422163,0.05750502296999003,1.2209949148520671,5.017701958287402,0.3244393300265074,0.8145665992051363,107.0,133.0,112.0,133.4199981689453
0.8500000000000001,0.11252124309568255,0.1299309308164235,1.107974673958913,5.01768696327743,0.326180009637028,0.8153951987624168,107.0,133.0,112.0,133.4199981689453
0.9,0.08608427792797083,0.24808918695718288,0.9509372961081202,5.01766533041477,0.3275153099093586,0.8182500991970301,107.0,133.0,112.0,133.4199981689453
0.9500000000000001,0.06549480334040728,0.30600271060670414,0.7788402799675824,5.017644071088508,0.32853344979230314,0.8222384992986917,107.0,133.0,112.0,133.4199981689453
1.0,0.04958244077868936,0.3157817409178542,0.6135312426362488,5.017627405381286,0.3293058897834271,0.8266194993630052,107.0,133.0,112.0,133.4199981689453
1.05,0.03738204091787545,0.29079330967743583,0.46965735231451217,5.017616647601163,0.3298892308375798,0.8308338299393654,107.0,133.0,112.0,133.4199981689453
1.1,0.028077048808495406,0.24392817479563297,0.35533652815678424,5.017611079318897,0.330328035808634,0.8345057098194957,107.0,133.0,112.0,133.4199981689453
1.1500000000000001,0.02101748473942636,0.18643326681000105,0.2732835146114003,5.017609060824503,0.330656938807806,0.8374264996964484,107.0,133.0,112.0,133.4199981689453
1.2000000000000002,0.0,0.12728371636238092,0.2221496042772229,5.017608875810677,0.330656938807806,0.8395254646893591,107.0,133.0,112.0,133.4199981689453
1.25,0.005311151873584249,0.07294128045944871,0.19786893403730565,5.017609311172196,0.33091584281646647,0.8408359696622938,107.0,133.0,112.0,133.4199981689453
1.3,0.0066964319442258035,0.02744673598714945,0.19486310533902157,5.017609670731338,0.3310030468273908,0.8414610796608031,107.0,133.0,112.0,133.4199981689453
1.35,0.006823655823381409,0.0072446889797028145,0.18259448115534951,5.017609775225897,0.3310981088434346,0.8415421396493912,107.0,133.0,112.0,133.4199981689453
1.4000000000000001,0.006303888140656101,0.030858026959082623,0.1608713651555395,5.017609646875064,0.33118905080482364,0.8418509396724403,107.0,133.0,112.0,133.4199981689453
1.4500000000000002,0.00550933191556568,0.0,0.1302710940948691,5.017609693528252,0.3312701138202101,0.8418509396724403,107.0,133.0,112.0,133.4199981689453
1.5,0.004640867840610335,0.0,0.09869292000308365,5.017609734435061,0.33133938879473135,0.8418509396724403,107.0,133.0,112.0,133.4199981689453
1.55,0.003806640068435018,0.0,0.06961358903534007,5.017609769060888,0.33139679982559755,0.8418509396724403,107.0,133.0,112.0,133.4199981689453
1.6,0.003067419703242527,0.0,0.04522077155577677,5.017609797635225,0.3314433768391609,0.8418509396724403,107.0,133.0,112.0,133.4199981689453
1.6500000000000001,0.000835084823764196,0.0,0.026577444874776666,5.017609806142634,0.33145710977260023,0.8418509396724403,107.0,133.0,112.0,133.4199981689453
1.7000000000000002,0.001298764790423584,0.0,0.013849073238538576,5.017609816070939,0.33147305983584374,0.8418509396724403,107.0,133.0,112.0,133.4199981689453
1.75,0.0014172660437064021,0.0,0.006554945192593704,5.017609828151945,0.33149235986638814,0.8418509396724403,107.0,133.0,112.0,133.4199981689453
1.8,0.0013584599715934606,0.0,0.00381027159387876,5.01760984033263,0.33151169982738793,0.8418509396724403,107.0,133.0,112.0,133.4199981689453
1.85,0.001211396443780547,0.0,0.0030858026959084783,5.017609851520272,0.33152935979887843,0.8418509396724403,107.0,133.0,112.0,133.4199981689453
1.9000000000000001,0.0010337112008409496,0.0,2.1614654510671015e-16,5.017609861307852,0.3315447297645733,0.8418509396724403,107.0,133.0,112.0,133.4199981689453
1.9500000000000002,0.0008574299810900088,0.0,2.1614654510671015e-16,5.017609869558826,0.33155762986280024,0.8418509396724403,107.0,133.0,112.0,133.4199981689453
2.0,0.0006969456134544819,0.0,2.1614654510671015e-16,5.017609876318517,0.33156815986149013,0.8418509396724403,107.0,133.0,112.0,133.4199981689453
2.0500000000000003,0.00010322675904636301,0.0,2.1614654510671015e-16,5.017609879948089,0.3315737998345867,0.8418509396724403,107.0,133.0,112.0,133.4199981689453
2.1,0.000242430132862147,0.0,2.1614654510671015e-16,5.017609881720296,0.3315765497973189,0.8418509396724403,107.0,133.0,112.0,133.4199981689453
2.15,0.00029035331689105705,0.0,2.1614654510671015e-16,5.01760988420365,0.331580399768427,0.8418509396724403,107.0,133.0,112.0,133.4199981689453
2.2,0.00028959802886562735,0.0,2.1614654510671015e-16,5.017609886812883,0.3315844398457557,0.8418509396724403,107.0,133.0,112.0,133.4199981689453
2.25,0.000266460493082128,0.0,2.1614654510671015e-16,5.017609889308918,0.3315882998285815,0.8418509396724403,107.0,133.0,112.0,133.4199981689453
2.3000000000000003,0.00023044968849198687,0.0,2.1614654510671015e-16,5.017609891503434,0.3315916898427531,0.8418509396724403,107.0,133.0,112.0,133.4199981689453
2.35,0.00019279080803365794,0.0,2.1614654510671015e-16,5.017609893382496,0.33159458986483514,0.8418509396724403,107.0,133.0,112.0,133.4199981689453
2.4000000000000004,0.00015726060039452017,0.0,2.1614654510671015e-16,5.0176098949194285,0.3315969598479569,0.8418509396724403,107.0,133.0,112.0,133.4199981689453
2.45,0.00012900779859244274,0.0,2.1614654510671015e-16,5.017609896178314,0.3315988997928798,0.8418509396724403,107.0,133.0,112.0,133.4199981689453
2.5,4.246487929429696e-05,0.0,2.1614654510671015e-16,5.017609896178314,0.3315988997928798,0.8418509396724403,107.0,133.0,112.0,133.4199981689453
2.5500000000000003,5.904577455702502e-05,0.0,2.1614654510671015e-16,5.01760989689905,0.33160000981297344,0.8418509396724403,107.0,133.0,112.0,133.4199981689453
2.6,6.0899412651316906e-05,0.0,2.1614654510671015e-16,5.01760989689905,0.33160000981297344,0.8418509396724403,107.0,133.0,112.0,133.4199981689453
2.6500000000000004,5.907996295488376e-05,0.0,2.1614654510671015e-16,5.017609897964279,0.33160164987202734,0.8418509396724403,107.0,133.0,112.0,133.4199981689453
2.7,5.235156008544301e-05,0.0,2.1614654510671015e-16,5.017609897964279,0.33160164987202734,0.8418509396724403,107.0,133.0,112.0,133.4199981689453
2.75,4.6927444395184334e-05,0.0,2.1614654510671015e-16,5.017609898880376,0.33160305977799,0.8418509396724403,107.0,133.0,112.0,133.4199981689453
2.8000000000000003,3.6285485302735446e-05,0.0,2.1614654510671015e-16,5.017609898880376,0.33160305977799,0.8418509396724403,107.0,133.0,112.0,133.4199981689453
2.85,2.876764143832916e-05,0.0,2.1614654510671015e-16,5.017609898880376,0.33160305977799,0.8418509396724403,107.0,133.0,112.0,133.4199981689453
2.9000000000000004,5.012028202976183e-06,0.0,2.1614654510671015e-16,5.017609899621561,0.33160419983323663,0.8418509396724403,107.0,133.0,112.0,133.4199981689453
2.95,9.097223354096106e-06,0.0,2.1614654510671015e-16,5.017609899621561,0.33160419983323663,0.8418509396724403,107.0,133.0,112.0,133.4199981689453
3.0,9.612106125179474e-06,0.0,2.1614654510671015e-16,5.017609899621561,0.33160419983323663,0.8418509396724403,107.0,133.0,112.0,133.4199981689453
3.0500000000000003,1.0332984363213471e-05,0.0,2.1614654510671015e-16,5.017609899621561,0.33160419983323663,0.8418509396724403,107.0,133.0,112.0,133.4199981689453
3.1,7.689675781831118e-06,0.0,2.1614654510671015e-16,5.017609899621561,0.33160419983323663,0.8418509396724403,107.0,133.0,112.0,133.4199981689453
3.1500000000000004,5.56137551186996e-06,0.0,2.1614654510671015e-16,5.017609899621561,0.33160419983323663,0.8418509396724403,107.0,133.0,112.0,133.4199981689453
3.2,6.4542817697529645e-06,0.0,2.1614654510671015e-16,5.017609899621561,0.33160419983323663,0.8418509396724403,107.0,133.0,112.0,133.4199981689453
3.25,3.1239694622093366e-06,0.0,2.1614654510671015e-16,5.017609900291378,0.33160522987600416,0.8418509396724403,107.0,133.0,112.0,133.4199981689453
3.3000000000000003,0.0,0.0,2.1614654510671015e-16,5.017609900291378,0.33160522987600416,0.8418509396724403,107.0,133.0,112.0,133.4199981689453
3.35,3.1582593126793934e-06,0.0,2.1614654510671015e-16,5.017609900291378,0.33160522987600416,0.8418509396724403,107.0,133.0,112.0,133.4199981689453
3.4000000000000004,6.282190559366641e-06,0.0,2.1614654510671015e-16,5.017609900291378,0.33160522987600416,0.8418509396724403,107.0,133.0,112.0,133.4199981689453
3.45,4.6000982378316064e-06,0.0,2.1614654510671015e-16,5.017609900291378,0.33160522987600416,0.8418509396724403,107.0,133.0,112.0,133.4199981689453
3.5,4.359782667909995e-06,0.0,2.1614654510671015e-16,5.017609900291378,0.33160522987600416,0.8418509396724403,107.0,133.0,112.0,133.4199981689453
3.5500000000000003,5.629939618604312e-06,0.0,2.1614654510671015e-16,5.017609900291378,0.33160522987600416,0.8418509396724403,107.0,133.0,112.0,133.4199981689453
3.6,6.831445066874643e-06,0.0,2.1614654510671015e-16,5.017609900291378,0.33160522987600416,0.8418509396724403,107.0,133.0,112.0,133.4199981689453
3.6500000000000004,4.874692929304277e-06,0.0,2.1614654510671015e-16,5.017609900291378,0.33160522987600416,0.8418509396724403,107.0,133.0,112.0,133.4199981689453
3.7,5.870235359816951e-06,0.0,2.1614654510671015e-16,5.017609900291378,0.33160522987600416,0.8418509396724403,107.0,133.0,112.0,133.4199981689453
3.75,5.835890307418078e-07,0.0,2.1614654510671015e-16,5.017609900291378,0.33160522987600416,0.8418509396724403,107.0,133.0,112.0,133.4199981689453
3.8000000000000003,1.5791264232267885e-06,0.0,2.1614654510671015e-16,5.017609900291378,0.33160522987600416,0.8418509396724403,107.0,133.0,112.0,133.4199981689453
3.85,2.5060208984463326e-06,0.0,2.1614654510671015e-16,5.017609900291378,0.33160522987600416,0.8418509396724403,107.0,133.0,112.0,133.4199981689453
3.9000000000000004,3.5015416241557665e-06,0.0,2.1614654510671015e-16,5.017609900291378,0.33160522987600416,0.8418509396724403,107.0,133.0,112.0,133.4199981689453
3.95,4.463025805991724e-06,0.0,2.1614654510671015e-16,5.017609900291378,0.33160522987600416,0.8418509396724403,107.0,133.0,112.0,133.4199981689453
4.0,4.806044171194022e-06,0.0,2.1614654510671015e-16,5.017609900291378,0.33160522987600416,0.8418509396724403,107.0,133.0,112.0,133.4199981689453
4.05,2.437417837434491e-06,0.0,2.1614654510671015e-16,5.017609900291378,0.33160522987600416,0.8418509396724403,107.0,133.0,112.0,133.4199981689453
4.1000000000000005,3.0209520643852087e-06,0.0,2.1614654510671015e-16,5.017609900291378,0.33160522987600416,0.8418509396724403,107.0,133.0,112.0,133.4199981689453
4.15,1.0298678124074223e-07,0.0,2.1614654510671015e-16,5.017609900291378,0.33160522987600416,0.8418509396724403,107.0,133.0,112.0,133.4199981689453
4.2,2.025406044626509e-06,0.0,2.1614654510671015e-16,5.017609900291378,0.33160522987600416,0.8418509396724403,107.0,133.0,112.0,133.4199981689453
4.25,1.3389304620978782e-06,0.0,2.1614654510671015e-16,5.017609900291378,0.33160522987600416,0.8418509396724403,107.0,133.0,112.0,133.4199981689453
4.3,1.991109943981403e-06,0.0,2.1614654510671015e-16,5.017609900291378,0.33160522987600416,0.8418509396724403,107.0,133.0,112.0,133.4199981689453
4.3500000000000005,2.643328100723587e-06,0.0,2.1614654510671015e-16,5.017609900291378,0.33160522987600416,0.8418509396724403,107.0,133.0,112.0,133.4199981689453
4.4,3.226910405759102e-06,0.0,2.1614654510671015e-16,5.017609900291378,0.33160522987600416,0.8418509396724403,107.0,133.0,112.0,133.4199981689453
4.45,3.7418410165747746e-06,0.0,2.1614654510671015e-16,5.017609900291378,0.33160522987600416,0.8418509396724403,107.0,133.0,112.0,133.4199981689453
4.5,4.25678619389928e-06,0.0,2.1614654510671015e-16,5.017609900291378,0.33160522987600416,0.8418509396724403,107.0,133.0,112.0,133.4199981689453
4.55,4.771695640454045e-06,0.0,2.1614654510671015e-16,5.017609900291378,0.33160522987600416,0.8418509396724403,107.0,133.0,112.0,133.4199981689453
4.6000000000000005,4.119460014494278e-07,0.0,2.1614654510671015e-16,5.017609900291378,0.33160522987600416,0.8418509396724403,107.0,133.0,112.0,133.4199981689453
4.65,1.0641973862022907e-06,0.0,2.1614654510671015e-16,5.017609900291378,0.33160522987600416,0.8418509396724403,107.0,133.0,112.0,133.4199981689453
4.7,1.5791267546284336e-06,0.0,2.1614654510671015e-16,5.017609900291378,0.33160522987600416,0.8418509396724403,107.0,133.0,112.0,133.4199981689453
4.75,2.128389304711394e-06,0.0,2.1614654510671015e-16,5.017609900291378,0.33160522987600416,0.8418509396724403,107.0,133.0,112.0,133.4199981689453
4.800000000000001,2.7463143432541314e-06,0.0,2.1614654510671015e-16,5.017609900291378,0.33160522987600416,0.8418509396724403,107.0,133.0,112.0,133.4199981689453
4.8500000000000005,3.2612436074402108e-06,0.0,2.1614654510671015e-16,5.017609900291378,0.33160522987600416,0.8418509396724403,107.0,133.0,112.0,133.4199981689453
4.9,3.8104935968647027e-06,0.0,2.1614654510671015e-16,5.017609900291378,0.33160522987600416,0.8418509396724403,107.0,133.0,112.0,133.4199981689453
4.95,4.497083935999531e-06,0.0,2.1614654510671015e-16,5.017609900291378,0.33160522987600416,0.8418509396724403,107.0,133.0,112.0,133.4199981689453
5.0,2.74631992732685e-07,0.0,2.1614654510671015e-16,5.017609900291378,0.33160522987600416,0.8418509396724403,107.0,133.0,112.0,133.4199981689453
5.050000000000001,9.612121625785363e-07,0.0,2.1614654510671015e-16,5.017609900291378,0.33160522987600416,0.8418509396724403,107.0,133.0,112.0,133.4199981689453
5.1000000000000005,1.613457539063897e-06,0.0,2.1614654510671015e-16,5.017609900291378,0.33160522987600416,0.8418509396724403,107.0,133.0,112.0,133.4199981689453
5.15,2.2657057440431418e-06,0.0,2.1614654510671015e-16,5.017609900291378,0.33160522987600416,0.8418509396724403,107.0,133.0,112.0,133.4199981689453
5.2,2.7806371698999024e-06,0.0,2.1614654510671015e-16,5.017609900291378,0.33160522987600416,0.8418509396724403,107.0,133.0,112.0,133.4199981689453
5.25,3.295569550460996e-06,0.0,2.1614654510671015e-16,5.017609900291378,0.33160522987600416,0.8418509396724403,107.0,133.0,112.0,133.4199981689453
5.300000000000001,3.8104923790670666e-06,0.0,2.1614654510671015e-16,5.017609900291378,0.33160522987600416,0.8418509396724403,107.0,133.0,112.0,133.4199981689453
5.3500000000000005,4.325437058459565e-06,0.0,2.1614654510671015e-16,5.017609900291378,0.33160522987600416,0.8418509396724403,107.0,133.0,112.0,133.4199981689453
5.4,0.0,0.0,2.1614654510671015e-16,5.017609900291378,0.33160522987600416,0.8418509396724403,107.0,133.0,112.0,133.4199981689453
5.45,5.149355243776227e-07,0.0,2.1614654510671015e-16,5.017609900291378,0.33160522987600416,0.8418509396724403,107.0,133.0,112.0,133.4199981689453
5.5,1.0298708060398835e-06,0.0,2.1614654510671015e-16,5.017609900291378,0.33160522987600416,0.8418509396724403,107.0,133.0,112.0,133.4199981689453
5.550000000000001,1.6821170920640362e-06,0.0,2.1614654510671015e-16,5.017609900291378,0.33160522987600416,0.8418509396724403,107.0,133.0,112.0,133.4199981689453
5.6000000000000005,2.3000452857549616e-06,0.0,2.1614654510671015e-16,5.017609900291378,0.33160522987600416,0.8418509396724403,107.0,133.0,112.0,133.4199981689453
5.65,2.917952940861622e-06,0.0,2.1614654510671015e-16,5.017609900291378,0.33160522987600416,0.8418509396724403,107.0,133.0,112.0,133.4199981689453
5.7,3.6045403072595683e-06,0.0,2.1614654510671015e-16,5.017609900291378,0.33160522987600416,0.8418509396724403,107.0,133.0,112.0,133.4199981689453
5.75,4.291097471576809e-06,0.0,2.1614654510671015e-16,5.017609900291378,0.33160522987600416,0.8418509396724403,107.0,133.0,112.0,133.4199981689453
5.800000000000001,4.9433411497971874e-06,0.0,2.1614654510671015e-16,5.017609900291378,0.33160522987600416,0.8418509396724403,107.0,133.0,112.0,133.4199981689453
5.8500000000000005,3.776254429532185e-07,0.0,2.1614654510671015e-16,5.017609900291378,0.33160522987600416,0.8418509396724403,107.0,133.0,112.0,133.4199981689453
5.9,1.0642154912280571e-06,0.0,2.1614654510671015e-16,5.017609900291378,0.33160522987600416,0.8418509396724403,107.0,133.0,112.0,133.4199981689453
5.95,1.7507797891414887e-06,0.0,2.1614654510671015e-16,5.017609900291378,0.33160522987600416,0.8418509396724403,107.0,133.0,112.0,133.4199981689453
6.0,2.437349191241124e-06,0.0,2.1614654510671015e-16,5.017609900291378,0.33160522987600416,0.8418509396724403,107.0,133.0,112.0,133.4199981689453
6.050000000000001,2.9866189719728303e-06,0.0,2.1614654510671015e-16,5.017609900291378,0.33160522987600416,0.8418509396724403,107.0,133.0,112.0,133.4199981689453
6.1000000000000005,3.604538352053664e-06,0.0,2.1614654510671015e-16,5.017609900291378,0.33160522987600416,0.8418509396724403,107.0,133.0,112.0,133.4199981689453
6.15,4.2567843978458874e-06,0.0,2.1614654510671015e-16,5.017609900291378,0.33160522987600416,0.8418509396724403,107.0,133.0,112.0,133.4199981689453
6.2,4.7716922606339295e-06,0.0,2.1614654510671015e-16,5.017609900291378,0.33160522987600416,0.8418509396724403,107.0,133.0,112.0,133.4199981689453
6.25,1.0298664292043146e-07,0.0,2.1614654510671015e-16,5.017609900291378,0.33160522987600416,0.8418509396724403,107.0,133.0,112.0,133.4199981689453
6.300000000000001,6.179204230374504e-07,0.0,2.1614654510671015e-16,5.017609900291378,0.33160522987600416,0.8418509396724403,107.0,133.0,112.0,133.4199981689453
6.3500000000000005,1.1671824745054938e-06,0.0,2.1614654510671015e-16,5.017609900291378,0.33160522987600416,0.8418509396724403,107.0,133.0,112.0,133.4199981689453
6.4,1.8194347846462697e-06,0.0,2.1614654510671015e-16,5.017609900291378,0.33160522987600416,0.8418509396724403,107.0,133.0,112.0,133.4199981689453
6.45,2.4030253738509523e-06,0.0,2.1614654510671015e-16,5.017609900291378,0.33160522987600416,0.8418509396724403,107.0,133.0,112.0,133.4199981689453
6.5,3.0895966857660555e-06,0.0,2.1614654510671015e-16,5.017609900291378,0.33160522987600416,0.8418509396724403,107.0,133.0,112.0,133.4199981689453
6.550000000000001,3.7761878470982224e-06,0.0,2.1614654510671015e-16,5.017609900291378,0.33160522987600416,0.8418509396724403,107.0,133.0,112.0,133.4199981689453
6.6000000000000005,4.42843336302344e-06,0.0,2.1614654510671015e-16,5.017609900291378,0.33160522987600416,0.8418509396724403,107.0,133.0,112.0,133.4199981689453
6.65,5.080680686984951e-06,0.0,2.1614654510671015e-16,5.017609900291378,0.33160522987600416,0.8418509396724403,107.0,133.0,112.0,133.4199981689453
6.7,5.14944818977687e-07,0.0,2.1614654510671015e-16,5.017609900291378,0.33160522987600416,0.8418509396724403,107.0,133.0,112.0,133.4199981689453
6.75,1.2015164003144161e-06,0.0,2.1614654510671015e-16,5.017609900291378,0.33160522987600416,0.8418509396724403,107.0,133.0,112.0,133.4199981689453
6.800000000000001,1.888085022858255e-06,0.0,2.1614654510671015e-16,5.017609900291378,0.33160522987600416,0.8418509396724403,107.0,133.0,112.0,133.4199981689453
6.8500000000000005,2.4373523471077915e-06,0.0,2.1614654510671015e-16,5.017609900291378,0.33160522987600416,0.8418509396724403,107.0,133.0,112.0,133.4199981689453
6.9,3.02093823307698e-06,0.0,2.1614654510671015e-16,5.017609900291378,0.33160522987600416,0.8418509396724403,107.0,133.0,112.0,133.4199981689453
6.95,3.638844282281974e-06,0.0,2.1614654510671015e-16,5.017609900291378,0.33160522987600416,0.8418509396724403,107.0,133.0,112.0,133.4199981689453
7.0,4.153788007252086e-06,0.0,2.1614654510671015e-16,5.017609900291378,0.33160522987600416,0.8418509396724403,107.0,133.0,112.0,133.4199981689453
7.050000000000001,4.6687323363058884e-06,0.0,2.1614654510671015e-16,5.017609900291378,0.33160522987600416,0.8418509396724403,107.0,133.0,112.0,133.4199981689453
7.1000000000000005,2.403046547674167e-07,0.0,2.1614654510671015e-16,5.017609900291378,0.33160522987600416,0.8418509396724403,107.0,133.0,112.0,133.4199981689453
7.15,7.895674588501162e-07,0.0,2.1614654510671015e-16,5.017609900291378,0.33160522987600416,0.8418509396724403,107.0,133.0,112.0,133.4199981689453
7.2,1.3044965252314735e-06,0.0,2.1614654510671015e-16,5.017609900291378,0.33160522987600416,0.8418509396724403,107.0,133.0,112.0,133.4199981689453
7.25,1.8194293305678888e-06,0.0,2.1614654510671015e-16,5.017609900291378,0.33160522987600416,0.8418509396724403,107.0,133.0,112.0,133.4199981689453
7.300000000000001,2.506010198019949e-06,0.0,2.1614654510671015e-16,5.017609900291378,0.33160522987600416,0.8418509396724403,107.0,133.0,112.0,133.4199981689453
7.3500000000000005,3.192580784226621e-06,0.0,2.1614654510671015e-16,5.017609900291378,0.33160522987600416,0.8418509396724403,107.0,133.0,112.0,133.4199981689453
7.4,3.8791441102015294e-06,0.0,2.1614654510671015e-16,5.017609900291378,0.33160522987600416,0.8418509396724403,107.0,133.0,112.0,133.4199981689453
7.45,4.565736530543435e-06,0.0,2.1614654510671015e-16,5.017609900291378,0.33160522987600416,0.8418509396724403,107.0,133.0,112.0,133.4199981689453
7.5,0.0,0.0,2.1614654510671015e-16,5.017609900291378,0.33160522987600416,0.8418509396724403,107.0,133.0,112.0,133.4199981689453
7.550000000000001,5.835903762570668e-07,0.0,2.1614654510671015e-16,5.017609900291378,0.33160522987600416,0.8418509396724403,107.0,133.0,112.0,133.4199981689453
7.6000000000000005,1.1671812583936253e-06,0.0,2.1614654510671015e-16,5.017609900291378,0.33160522987600416,0.8418509396724403,107.0,133.0,112.0,133.4199981689453
7.65,1.853759061173399e-06,0.0,2.1614654510671015e-16,5.017609900291378,0.33160522987600416,0.8418509396724403,107.0,133.0,112.0,133.4199981689453
7.7,2.4373477033044294e-06,0.0,2.1614654510671015e-16,5.017609900291378,0.33160522987600416,0.8418509396724403,107.0,133.0,112.0,133.4199981689453
7.75,2.9522809507956204e-06,0.0,2.1614654510671015e-16,5.017609900291378,0.33160522987600416,0.8418509396724403,107.0,133.0,112.0,133.4199981689453
7.800000000000001,3.57019926670466e-06,0.0,2.1614654510671015e-16,5.017609900291378,0.33160522987600416,0.8418509396724403,107.0,133.0,112.0,133.4199981689453
7.8500000000000005,4.2224402898971675e-06,0.0,2.1614654510671015e-16,5.017609900291378,0.33160522987600416,0.8418509396724403,107.0,133.0,112.0,133.4199981689453
7.9,4.771691879255283e-06,0.0,2.1614654510671015e-16,5.017609900291378,0.33160522987600416,0.8418509396724403,107.0,133.0,112.0,133.4199981689453
7.95,3.0896047790834195e-07,0.0,2.1614654510671015e-16,5.017609900291378,0.33160522987600416,0.8418509396724403,107.0,133.0,112.0,133.4199981689453
8.0,9.612073900862838e-07,0.0,2.1614654510671015e-16,5.017609900291378,0.33160522987600416,0.8418509396724403,107.0,133.0,112.0,133.4199981689453
8.05,1.6134552123458531e-06,0.0,2.1614654510671015e-16,5.017609900291378,0.33160522987600416,0.8418509396724403,107.0,133.0,112.0,133.4199981689453
8.1,2.300032716970293e-06,0.0,2.1614654510671015e-16,5.017609900291378,0.33160522987600416,0.8418509396724403,107.0,133.0,112.0,133.4199981689453
8.15,2.8149674640447304e-06,0.0,2.1614654510671015e-16,5.017609900291378,0.33160522987600416,0.8418509396724403,107.0,133.0,112.0,133.4199981689453
8.200000000000001,3.4672151737260355e-06,0.0,2.1614654510671015e-16,5.017609900291378,0.33160522987600416,0.8418509396724403,107.0,133.0,112.0,133.4199981689453
8.25,4.085136443625169e-06,0.0,2.1614654510671015e-16,5.017609900291378,0.33160522987600416,0.8418509396724403,107.0,133.0,112.0,133.4199981689453
8.3,4.703040045499605e-06,0.0,2.1614654510671015e-16,5.017609900291378,0.33160522987600416,0.8418509396724403,107.0,133.0,112.0,133.4199981689453
8.35,1.3731556484675768e-07,0.0,2.1614654510671015e-16,5.017609900291378,0.33160522987600416,0.8418509396724403,107.0,133.0,112.0,133.4199981689453
8.4,7.895671627270202e-07,0.0,2.1614654510671015e-16,5.017609900291378,0.33160522987600416,0.8418509396724403,107.0,133.0,112.0,133.4199981689453
8.450000000000001,1.441814752322094e-06,0.0,2.1614654510671015e-16,5.017609900291378,0.33160522987600416,0.8418509396724403,107.0,133.0,112.0,133.4199981689453
8.5,2.0254032703929914e-06,0.0,2.1614654510671015e-16,5.017609900291378,0.33160522987600416,0.8418509396724403,107.0,133.0,112.0,133.4199981689453
8.55,2.5746652362283133e-06,0.0,2.1614654510671015e-16,5.017609900291378,0.33160522987600416,0.8418509396724403,107.0,133.0,112.0,133.4199981689453
8.6,3.2269104331697264e-06,0.0,2.1614654510671015e-16,5.017609900291378,0.33160522987600416,0.8418509396724403,107.0,133.0,112.0,133.4199981689453
8.65,3.913490037346032e-06,0.0,2.1614654510671015e-16,5.017609900291378,0.33160522987600416,0.8418509396724403,107.0,133.0,112.0,133.4199981689453
8.700000000000001,4.600082531446194e-06,0.0,2.1614654510671015e-16,5.017609900291378,0.33160522987600416,0.8418509396724403,107.0,133.0,112.0,133.4199981689453
8.75,5.25232830039829e-06,0.0,2.1614654510671015e-16,5.017609900291378,0.33160522987600416,0.8418509396724403,107.0,133.0,112.0,133.4199981689453
8.8,5.14944818977687e-07,0.0,2.1614654510671015e-16,5.017609900291378,0.33160522987600416,0.8418509396724403,107.0,133.0,112.0,133.4199981689453
8.85,1.201510962477461e-06,0.0,2.1614654510671015e-16,5.017609900291378,0.33160522987600416,0.8418509396724403,107.0,133.0,112.0,133.4199981689453
8.9,1.7851070514841584e-06,0.0,2.1614654510671015e-16,5.017609900291378,0.33160522987600416,0.8418509396724403,107.0,133.0,112.0,133.4199981689453
8.950000000000001,2.4373476791383126e-06,0.0,2.1614654510671015e-16,5.017609900291378,0.33160522987600416,0.8418509396724403,107.0,133.0,112.0,133.4199981689453
9.0,3.0209388394429755e-06,0.0,2.1614654510671015e-16,5.017609900291378,0.33160522987600416,0.8418509396724403,107.0,133.0,112.0,133.4199981689453
9.05,3.6731888054373695e-06,0.0,2.1614654510671015e-16,5.017609900291378,0.33160522987600416,0.8418509396724403,107.0,133.0,112.0,133.4199981689453
9.1,4.256784358224079e-06,0.0,2.1614654510671015e-16,5.017609900291378,0.33160522987600416,0.8418509396724403,107.0,133.0,112.0,133.4199981689453
9.15,4.943341627859006e-06,0.0,2.1614654510671015e-16,5.017609900291378,0.33160522987600416,0.8418509396724403,107.0,133.0,112.0,133.4199981689453
9.200000000000001,2.746365716608271e-07,0.0,2.1614654510671015e-16,5.017609900291378,0.33160522987600416,0.8418509396724403,107.0,133.0,112.0,133.4199981689453
9.25,9.268826447042474e-07,0.0,2.1614654510671015e-16,5.017609900291378,0.33160522987600416,0.8418509396724403,107.0,133.0,112.0,133.4199981689453
9.3,1.579128662456574e-06,0.0,2.1614654510671015e-16,5.017609900291378,0.33160522987600416,0.8418509396724403,107.0,133.0,112.0,133.4199981689453
9.35,2.197046316868451e-06,0.0,2.1614654510671015e-16,5.017609900291378,0.33160522987600416,0.8418509396724403,107.0,133.0,112.0,133.4199981689453
9.4,2.8149690119077564e-06,0.0,2.1614654510671015e-16,5.017609900291378,0.33160522987600416,0.8418509396724403,107.0,133.0,112.0,133.4199981689453
9.450000000000001,3.364227858343957e-06,0.0,2.1614654510671015e-16,5.017609900291378,0.33160522987600416,0.8418509396724403,107.0,133.0,112.0,133.4199981689453
9.5,4.016484439426354e-06,0.0,2.1614654510671015e-16,5.017609900291378,0.33160522987600416,0.8418509396724403,107.0,133.0,112.0,133.4199981689453
9.55,4.600082866311199e-06,0.0,2.1614654510671015e-16,5.017609900291378,0.33160522987600416,0.8418509396724403,107.0,133.0,112.0,133.4199981689453
9.600000000000001,0.0,0.0,2.1614654510671015e-16,5.017609900291378,0.33160522987600416,0.8418509396724403,107.0,133.0,112.0,133.4199981689453
9.65,6.179466069454883e-07,0.0,2.1614654510671015e-16,5.017609900291378,0.33160522987600416,0.8418509396724403,107.0,133.0,112.0,133.4199981689453
9.700000000000001,1.2701664118096758e-06,0.0,2.1614654510671015e-16,5.017609900291378,0.33160522987600416,0.8418509396724403,107.0,133.0,112.0,133.4199981689453
9.75,1.92242386135225e-06,0.0,2.1614654510671015e-16,5.017609900291378,0.33160522987600416,0.8418509396724403,107.0,133.0,112.0,133.4199981689453
9.8,2.5746624091695756e-06,0.0,2.1614654510671015e-16,5.017609900291378,0.33160522987600416,0.8418509396724403,107.0,133.0,112.0,133.4199981689453
9.850000000000001,3.158260021559614e-06,0.0,2.1614654510671015e-16,5.017609900291378,0.33160522987600416,0.8418509396724403,107.0,133.0,112.0,133.4199981689453
9.9,3.8104923500322412e-06,0.0,2.1614654510671015e-16,5.017609900291378,0.33160522987600416,0.8418509396724403,107.0,133.0,112.0,133.4199981689453
9.950000000000001,4.462742905899467e-06,0.0,2.1614654510671015e-16,5.017609900291378,0.33160522987600416,0.8418509396724403,107.0,133.0,112.0,133.4199981689453
10.0,5.080680382294507e-06,0.0,2.1614654510671015e-16,5.017609900291378,0.33160522987600416,0.8418509396724403,107.0,133.0,112.0,133.4199981689453
10.05,4.1196086686602005e-07,0.0,2.1614654510671015e-16,5.017609900291378,0.33160522987600416,0.8418509396724403,107.0,133.0,112.0,133.4199981689453
10.100000000000001,1.0298784830247802e-06,0.0,2.1614654510671015e-16,5.017609900291378,0.33160522987600416,0.8418509396724403,107.0,133.0,112.0,133.4199981689453
10.15,1.682114843219686e-06,0.0,2.1614654510671015e-16,5.017609900291378,0.33160522987600416,0.8418509396724403,107.0,133.0,112.0,133.4199981689453
10.200000000000001,2.3000400091578253e-06,0.0,2.1614654510671015e-16,5.017609900291378,0.33160522987600416,0.8418509396724403,107.0,133.0,112.0,133.4199981689453
10.25,2.952280861142097e-06,0.0,2.1614654510671015e-16,5.017609900291378,0.33160522987600416,0.8418509396724403,107.0,133.0,112.0,133.4199981689453
10.3,3.5358744392484454e-06,0.0,2.1614654510671015e-16,5.017609900291378,0.33160522987600416,0.8418509396724403,107.0,133.0,112.0,133.4199981689453
10.350000000000001,4.188132106924595e-06,0.0,2.1614654510671015e-16,5.017609900291378,0.33160522987600416,0.8418509396724403,107.0,133.0,112.0,133.4199981689453
10.4,4.840383754184523e-06,0.0,2.1614654510671015e-16,5.017609900291378,0.33160522987600416,0.8418509396724403,107.0,133.0,112.0,133.4199981689453
10.450000000000001,1.3731556484675768e-07,0.0,2.1614654510671015e-16,5.017609900291378,0.33160522987600416,0.8418509396724403,107.0,133.0,112.0,133.4199981689453
10.5,7.209287273386972e-07,0.0,2.1614654510671015e-16,5.017609900291378,0.33160522987600416,0.8418509396724403,107.0,133.0,112.0,133.4199981689453
10.55,1.3731552075482921e-06,0.0,2.1614654510671015e-16,5.017609900291378,0.33160522987600416,0.8418509396724403,107.0,133.0,112.0,133.4199981689453
10.600000000000001,2.0597386044857723e-06,0.0,2.1614654510671015e-16,5.017609900291378,0.33160522987600416,0.8418509396724403,107.0,133.0,112.0,133.4199981689453
10.65,2.7463076672133e-06,0.0,2.1614654510671015e-16,5.017609900291378,0.33160522987600416,0.8418509396724403,107.0,133.0,112.0,133.4199981689453
10.700000000000001,3.398558404099923e-06,0.0,2.1614654510671015e-16,5.017609900291378,0.33160522987600416,0.8418509396724403,107.0,133.0,112.0,133.4199981689453
10.75,4.050792262581327e-06,0.0,2.1614654510671015e-16,5.017609900291378,0.33160522987600416,0.8418509396724403,107.0,133.0,112.0,133.4199981689453
10.8,4.634389815778851e-06,0.0,2.1614654510671015e-16,5.017609900291378,0.33160522987600416,0.8418509396724403,107.0,133.0,112.0,133.4199981689453
10.850000000000001,5.2179841214185225e-06,0.0,2.1614654510671015e-16,5.017609900291378,0.33160522987600416,0.8418509396724403,107.0,133.0,112.0,133.4199981689453
10.9,4.806214741777315e-07,0.0,2.1614654510671015e-16,5.017609900291378,0.33160522987600416,0.8418509396724403,107.0,133.0,112.0,133.4199981689453
10.950000000000001,1.0641958994227854e-06,0.0,2.1614654510671015e-16,5.017609900291378,0.33160522987600416,0.8418509396724403,107.0,133.0,112.0,133.4199981689453
11.0,1.7164438618403564e-06,0.0,2.1614654510671015e-16,5.017609900291378,0.33160522987600416,0.8418509396724403,107.0,133.0,112.0,133.4199981689453
11.05,2.3686892699529665e-06,0.0,2.1614654510671015e-16,5.017609900291378,0.33160522987600416,0.8418509396724403,107.0,133.0,112.0,133.4199981689453
11.100000000000001,3.0552730779529496e-06,0.0,2.1614654510671015e-16,5.017609900291378,0.33160522987600416,0.8418509396724403,107.0,133.0,112.0,133.4199981689453
11.15,3.707532362048418e-06,0.0,2.1614654510671015e-16,5.017609900291378,0.33160522987600416,0.8418509396724403,107.0,133.0,112.0,133.4199981689453
11.200000000000001,4.35978188036886e-06,0.0,2.1614654510671015e-16,5.017609900291378,0.33160522987600416,0.8418509396724403,107.0,133.0,112.0,133.4199981689453
11.25,5.012028985900919e-06,0.0,2.1614654510671015e-16,5.017609900291378,0.33160522987600416,0.8418509396724403,107.0,133.0,112.0,133.4199981689453
11.3,2.746365716608271e-07,0.0,2.1614654510671015e-16,5.017609900291378,0.33160522987600416,0.8418509396724403,107.0,133.0,112.0,133.4199981689453
11.350000000000001,8.582343595280418e-07,0.0,2.1614654510671015e-16,5.017609900291378,0.33160522987600416,0.8418509396724403,107.0,133.0,112.0,133.4199981689453
11.4,1.5104707769293322e-06,0.0,2.1614654510671015e-16,5.017609900291378,0.33160522987600416,0.8418509396724403,107.0,133.0,112.0,133.4199981689453
11.450000000000001,2.162726505903131e-06,0.0,2.1614654510671015e-16,5.017609900291378,0.33160522987600416,0.8418509396724403,107.0,133.0,112.0,133.4199981689453
11.5,2.849293025081694e-06,0.0,2.1614654510671015e-16,5.017609900291378,0.33160522987600416,0.8418509396724403,107.0,133.0,112.0,133.4199981689453
11.55,3.5015441490653996e-06,0.0,2.1614654510671015e-16,5.017609900291378,0.33160522987600416,0.8418509396724403,107.0,133.0,112.0,133.4199981689453
11.600000000000001,4.153788071730213e-06,0.0,2.1614654510671015e-16,5.017609900291378,0.33160522987600416,0.8418509396724403,107.0,133.0,112.0,133.4199981689453
11.65,4.771694915421356e-06,0.0,2.1614654510671015e-16,5.017609900291378,0.33160522987600416,0.8418509396724403,107.0,133.0,112.0,133.4199981689453
11.700000000000001,0.0,0.0,2.1614654510671015e-16,5.017609900291378,0.33160522987600416,0.8418509396724403,107.0,133.0,112.0,133.4199981689453
11.75,6.179480960834703e-07,0.0,2.1614654510671015e-16,5.017609900291378,0.33160522987600416,0.8418509396724403,107.0,133.0,112.0,133.4199981689453
11.8,1.235840699485815e-06,0.0,2.1614654510671015e-16,5.017609900291378,0.33160522987600416,0.8418509396724403,107.0,133.0,112.0,133.4199981689453
11.850000000000001,1.8880873595292314e-06,0.0,2.1614654510671015e-16,5.017609900291378,0.33160522987600416,0.8418509396724403,107.0,133.0,112.0,133.4199981689453
11.9,2.5060140400012328e-06,0.0,2.1614654510671015e-16,5.017609900291378,0.33160522987600416,0.8418509396724403,107.0,133.0,112.0,133.4199981689453
11.950000000000001,3.1925817806707913e-06,0.0,2.1614654510671015e-16,5.017609900291378,0.33160522987600416,0.8418509396724403,107.0,133.0,112.0,133.4199981689453
12.0,3.81049412312415e-06,0.0,2.1614654510671015e-16,5.017609900291378,0.33160522987600416,0.8418509396724403,107.0,133.0,112.0,133.4199981689453
12.05,4.462740706930479e-06,0.0,2.1614654510671015e-16,5.017609900291378,0.33160522987600416,0.8418509396724403,107.0,133.0,112.0,133.4199981689453
12.100000000000001,5.149332761786845e-06,0.0,2.1614654510671015e-16,5.017609900291378,0.33160522987600416,0.8418509396724403,107.0,133.0,112.0,133.4199981689453
12.15,4.1196086686602005e-07,0.0,2.1614654510671015e-16,5.017609900291378,0.33160522987600416,0.8418509396724403,107.0,133.0,112.0,133.4199981689453
12.200000000000001,1.029868191873467e-06,0.0,2.1614654510671015e-16,5.017609900291378,0.33160522987600416,0.8418509396724403,107.0,133.0,112.0,133.4199981689453
12.25,1.682119762531072e-06,0.0,2.1614654510671015e-16,5.017609900291378,0.33160522987600416,0.8418509396724403,107.0,133.0,112.0,133.4199981689453
12.3,2.334362499676183e-06,0.0,2.1614654510671015e-16,5.017609900291378,0.33160522987600416,0.8418509396724403,107.0,133.0,112.0,133.4199981689453
12.350000000000001,2.8836250777163176e-06,0.0,2.1614654510671015e-16,5.017609900291378,0.33160522987600416,0.8418509396724403,107.0,133.0,112.0,133.4199981689453
12.4,3.5358697543355047e-06,0.0,2.1614654510671015e-16,5.017609900291378,0.33160522987600416,0.8418509396724403,107.0,133.0,112.0,133.4199981689453
12.450000000000001,4.18813331307583e-06,0.0,2.1614654510671015e-16,5.017609900291378,0.33160522987600416,0.8418509396724403,107.0,133.0,112.0,133.4199981689453
12.5,4.840382994674025e-06,0.0,2.1614654510671015e-16,5.017609900291378,0.33160522987600416,0.8418509396724403,107.0,133.0,112.0,133.4199981689453
12.55,1.0298675058730169e-07,0.0,2.1614654510671015e-16,5.017609900291378,0.33160522987600416,0.8418509396724403,107.0,133.0,112.0,133.4199981689453
12.600000000000001,7.895691983615255e-07,0.0,2.1614654510671015e-16,5.017609900291378,0.33160522987600416,0.8418509396724403,107.0,133.0,112.0,133.4199981689453
12.65,1.4074872171631186e-06,0.0,2.1614654510671015e-16,5.017609900291378,0.33160522987600416,0.8418509396724403,107.0,133.0,112.0,133.4199981689453
12.700000000000001,2.0597291403223924e-06,0.0,2.1614654510671015e-16,5.017609900291378,0.33160522987600416,0.8418509396724403,107.0,133.0,112.0,133.4199981689453
12.75,2.677653284790952e-06,0.0,2.1614654510671015e-16,5.017609900291378,0.33160522987600416,0.8418509396724403,107.0,133.0,112.0,133.4199981689453
12.8,3.2955716728208202e-06,0.0,2.1614654510671015e-16,5.017609900291378,0.33160522987600416,0.8418509396724403,107.0,133.0,112.0,133.4199981689453
12.850000000000001,3.947832263038405e-06,0.0,2.1614654510671015e-16,5.017609900291378,0.33160522987600416,0.8418509396724403,107.0,133.0,112.0,133.4199981689453
12.9,4.634388464512322e-06,0.0,2.1614654510671015e-16,5.017609900291378,0.33160522987600416,0.8418509396724403,107.0,133.0,112.0,133.4199981689453
12.950000000000001,5.252330224576719e-06,0.0,2.1614654510671015e-16,5.017609900291378,0.33160522987600416,0.8418509396724403,107.0,133.0,112.0,133.4199981689453
13.0,5.149438071860786e-07,0.0,2.1614654510671015e-16,5.017609900291378,0.33160522987600416,0.8418509396724403,107.0,133.0,112.0,133.4199981689453
13.05,1.132854562469586e-06,0.0,2.1614654510671015e-16,5.017609900291378,0.33160522987600416,0.8418509396724403,107.0,133.0,112.0,133.4199981689453
13.100000000000001,1.7851006265429325e-06,0.0,2.1614654510671015e-16,5.017609900291378,0.33160522987600416,0.8418509396724403,107.0,133.0,112.0,133.4199981689453
13.15,2.4373488773372874e-06,0.0,2.1614654510671015e-16,5.017609900291378,0.33160522987600416,0.8418509396724403,107.0,133.0,112.0,133.4199981689453
13.200000000000001,3.089595592572611e-06,0.0,2.1614654510671015e-16,5.017609900291378,0.33160522987600416,0.8418509396724403,107.0,133.0,112.0,133.4199981689453
13.25,3.7761841911166084e-06,0.0,2.1614654510671015e-16,5.017609900291378,0.33160522987600416,0.8418509396724403,107.0,133.0,112.0,133.4199981689453
13.3,4.394089236418622e-06,0.0,2.1614654510671015e-16,5.017609900291378,0.33160522987600416,0.8418509396724403,107.0,133.0,112.0,133.4199981689453
13.350000000000001,5.046336582930796e-06,0.0,2.1614654510671015e-16,5.017609900291378,0.33160522987600416,0.8418509396724403,107.0,133.0,112.0,133.4199981689453
13.4,2.059732285304166e-07,0.0,2.1614654510671015e-16,5.017609900291378,0.33160522987600416,0.8418509396724403,107.0,133.0,112.0,133.4199981689453
13.450000000000001,7.552404869473213e-07,0.0,2.1614654510671015e-16,5.017609900291378,0.33160522987600416,0.8418509396724403,107.0,133.0,112.0,133.4199981689453
13.5,1.4418130508919956e-06,0.0,2.1614654510671015e-16,5.017609900291378,0.33160522987600416,0.8418509396724403,107.0,133.0,112.0,133.4199981689453
13.55,2.128389019582785e-06,0.0,2.1614654510671015e-16,5.017609900291378,0.33160522987600416,0.8418509396724403,107.0,133.0,112.0,133.4199981689453
13.600000000000001,2.780639471245393e-06,0.0,2.1614654510671015e-16,5.017609900291378,0.33160522987600416,0.8418509396724403,107.0,133.0,112.0,133.4199981689453
13.65,3.432884947679287e-06,0.0,2.1614654510671015e-16,5.017609900291378,0.33160522987600416,0.8418509396724403,107.0,133.0,112.0,133.4199981689453
13.700000000000001,3.9478326961163626e-06,0.0,2.1614654510671015e-16,5.017609900291378,0.33160522987600416,0.8418509396724403,107.0,133.0,112.0,133.4199981689453
13.75,4.497083831468735e-06,0.0,2.1614654510671015e-16,5.017609900291378,0.33160522987600416,0.8418509396724403,107.0,133.0,112.0,133.4199981689453
13.8,0.0,0.0,2.1614654510671015e-16,5.017609900291378,0.33160522987600416,0.8418509396724403,107.0,133.0,112.0,133.4199981689453
13.850000000000001,5.492628036705787e-07,0.0,2.1614654510671015e-16,5.017609900291378,0.33160522987600416,0.8418509396724403,107.0,133.0,112.0,133.4199981689453
13.9,1.235836833356096e-06,0.0,2.1614654510671015e-16,5.017609900291378,0.33160522987600416,0.8418509396724403,107.0,133.0,112.0,133.4199981689453
13.950000000000001,1.8194295134900246e-06,0.0,2.1614654510671015e-16,5.017609900291378,0.33160522987600416,0.8418509396724403,107.0,133.0,112.0,133.4199981689453
14.0,2.403018008498603e-06,0.0,2.1614654510671015e-16,5.017609900291378,0.33160522987600416,0.8418509396724403,107.0,133.0,112.0,133.4199981689453
14.05,3.055265947121513e-06,0.0,2.1614654510671015e-16,5.017609900291378,0.33160522987600416,0.8418509396724403,107.0,133.0,112.0,133.4199981689453
14.100000000000001,3.604536129244373e-06,0.0,2.1614654510671015e-16,5.017609900291378,0.33160522987600416,0.8418509396724403,107.0,133.0,112.0,133.4199981689453
14.15,4.291092025896842e-06,0.0,2.1614654510671015e-16,5.017609900291378,0.33160522987600416,0.8418509396724403,107.0,133.0,112.0,133.4199981689453
14.200000000000001,4.943340004067494e-06,0.0,2.1614654510671015e-16,5.017609900291378,0.33160522987600416,0.8418509396724403,107.0,133.0,112.0,133.4199981689453
14.25,3.7762397174685136e-07,0.0,2.1614654510671015e-16,5.017609900291378,0.33160522987600416,0.8418509396724403,107.0,133.0,112.0,133.4199981689453
14.3,9.612075841846392e-07,0.0,2.1614654510671015e-16,5.017609900291378,0.33160522987600416,0.8418509396724403,107.0,133.0,112.0,133.4199981689453
14.350000000000001,1.5104712819172862e-06,0.0,2.1614654510671015e-16,5.017609900291378,0.33160522987600416,0.8418509396724403,107.0,133.0,112.0,133.4199981689453
14.4,2.1627181250876896e-06,0.0,2.1614654510671015e-16,5.017609900291378,0.33160522987600416,0.8418509396724403,107.0,133.0,112.0,133.4199981689453
14.450000000000001,2.7806364968611644e-06,0.0,2.1614654510671015e-16,5.017609900291378,0.33160522987600416,0.8418509396724403,107.0,133.0,112.0,133.4199981689453
14.5,3.329899385859832e-06,0.0,2.1614654510671015e-16,5.017609900291378,0.33160522987600416,0.8418509396724403,107.0,133.0,112.0,133.4199981689453
14.55,3.982139975357607e-06,0.0,2.1614654510671015e-16,5.017609900291378,0.33160522987600416,0.8418509396724403,107.0,133.0,112.0,133.4199981689453
14.600000000000001,4.600080155805969e-06,0.0,2.1614654510671015e-16,5.017609900291378,0.33160522987600416,0.8418509396724403,107.0,133.0,112.0,133.4199981689453
14.65,1.3731556484675768e-07,0.0,2.1614654510671015e-16,5.017609900291378,0.33160522987600416,0.8418509396724403,107.0,133.0,112.0,133.4199981689453
14.700000000000001,7.895648133105955e-07,0.0,2.1614654510671015e-16,5.017609900291378,0.33160522987600416,0.8418509396724403,107.0,133.0,112.0,133.4199981689453
14.75,1.3731574020084685e-06,0.0,2.1614654510671015e-16,5.017609900291378,0.33160522987600416,0.8418509396724403,107.0,133.0,112.0,133.4199981689453
14.8,1.991074564626193e-06,0.0,2.1614654510671015e-16,5.017609900291378,0.33160522987600416,0.8418509396724403,107.0,133.0,112.0,133.4199981689453
14.850000000000001,2.643322891070195e-06,0.0,2.1614654510671015e-16,5.017609900291378,0.33160522987600416,0.8418509396724403,107.0,133.0,112.0,133.4199981689453
14.9,3.295571324259574e-06,0.0,2.1614654510671015e-16,5.017609900291378,0.33160522987600416,0.8418509396724403,107.0,133.0,112.0,133.4199981689453
14.950000000000001,3.9821406711202204e-06,0.0,2.1614654510671015e-16,5.017609900291378,0.33160522987600416,0.8418509396724403,107.0,133.0,112.0,133.4199981689453
15.0,4.6000802001567125e-06,0.0,2.1614654510671015e-16,5.017609900291378,0.33160522987600416,0.8418509396724403,107.0,133.0,112.0,133.4199981689453
15.05,5.183640393687424e-06,0.0,2.1614654510671015e-16,5.017609900291378,0.33160522987600416,0.8418509396724403,107.0,133.0,112.0,133.4199981689453
15.100000000000001,4.1194600144960756e-07,0.0,2.1614654510671015e-16,5.017609900291378,0.33160522987600416,0.8418509396724403,107.0,133.0,112.0,133.4199981689453
15.15,1.0641929521791453e-06,0.0,2.1614654510671015e-16,5.017609900291378,0.33160522987600416,0.8418509396724403,107.0,133.0,112.0,133.4199981689453
15.200000000000001,1.7507714131141337e-06,0.0,2.1614654510671015e-16,5.017609900291378,0.33160522987600416,0.8418509396724403,107.0,133.0,112.0,133.4199981689453
15.25,2.4030200123505046e-06,0.0,2.1614654510671015e-16,5.017609900291378,0.33160522987600416,0.8418509396724403,107.0,133.0,112.0,133.4199981689453
15.3,3.0209363573599515e-06,0.0,2.1614654510671015e-16,5.017609900291378,0.33160522987600416,0.8418509396724403,107.0,133.0,112.0,133.4199981689453
15.350000000000001,3.570199422317579e-06,0.0,2.1614654510671015e-16,5.017609900291378,0.33160522987600416,0.8418509396724403,107.0,133.0,112.0,133.4199981689453
15.4,4.085136222654071e-06,0.0,2.1614654510671015e-16,5.017609900291378,0.33160522987600416,0.8418509396724403,107.0,133.0,112.0,133.4199981689453
15.450000000000001,4.668732068163936e-06,0.0,2.1614654510671015e-16,5.017609900291378,0.33160522987600416,0.8418509396724403,107.0,133.0,112.0,133.4199981689453
15.5,2.7463083378834873e-07,0.0,2.1614654510671015e-16,5.017609900291378,0.33160522987600416,0.8418509396724403,107.0,133.0,112.0,133.4199981689453
15.55,8.925527849234168e-07,0.0,2.1614654510671015e-16,5.017609900291378,0.33160522987600416,0.8418509396724403,107.0,133.0,112.0,133.4199981689453
15.600000000000001,1.4761404365056368e-06,0.0,2.1614654510671015e-16,5.017609900291378,0.33160522987600416,0.8418509396724403,107.0,133.0,112.0,133.4199981689453
15.65,2.025403205348368e-06,0.0,2.1614654510671015e-16,5.017609900291378,0.33160522987600416,0.8418509396724403,107.0,133.0,112.0,133.4199981689453
15.700000000000001,2.5403328342708696e-06,0.0,2.1614654510671015e-16,5.017609900291378,0.33160522987600416,0.8418509396724403,107.0,133.0,112.0,133.4199981689453
15.75,3.1582548838625042e-06,0.0,2.1614654510671015e-16,5.017609900291378,0.33160522987600416,0.8418509396724403,107.0,133.0,112.0,133.4199981689453
15.8,3.844836015891947e-06,0.0,2.1614654510671015e-16,5.017609900291378,0.33160522987600416,0.8418509396724403,107.0,133.0,112.0,133.4199981689453
15.850000000000001,4.497083908320563e-06,0.0,2.1614654510671015e-16,5.017609900291378,0.33160522987600416,0.8418509396724403,107.0,133.0,112.0,133.4199981689453
15.9,0.0,0.0,2.1614654510671015e-16,5.017609900291378,0.33160522987600416,0.8418509396724403,107.0,133.0,112.0,133.4199981689453
15.950000000000001,5.149355243776227e-07,0.0,2.1614654510671015e-16,5.017609900291378,0.33160522987600416,0.8418509396724403,107.0,133.0,112.0,133.4199981689453
16.0,1.0985220298168234e-06,0.0,2.1614654510671015e-16,5.017609900291378,0.33160522987600416,0.8418509396724403,107.0,133.0,112.0,133.4199981689453
16.05,1.7850996095938874e-06,0.0,2.1614654510671015e-16,5.017609900291378,0.33160522987600416,0.8418509396724403,107.0,133.0,112.0,133.4199981689453
16.1,2.437347727422826e-06,0.0,2.1614654510671015e-16,5.017609900291378,0.33160522987600416,0.8418509396724403,107.0,133.0,112.0,133.4199981689453
16.150000000000002,3.020937036375504e-06,0.0,2.1614654510671015e-16,5.017609900291378,0.33160522987600416,0.8418509396724403,107.0,133.0,112.0,133.4199981689453
16.2,3.535869455842807e-06,0.0,2.1614654510671015e-16,5.017609900291378,0.33160522987600416,0.8418509396724403,107.0,133.0,112.0,133.4199981689453
16.25,4.050792259073951e-06,0.0,2.1614654510671015e-16,5.017609900291378,0.33160522987600416,0.8418509396724403,107.0,133.0,112.0,133.4199981689453
16.3,4.634388657884205e-06,0.0,2.1614654510671015e-16,5.017609900291378,0.33160522987600416,0.8418509396724403,107.0,133.0,112.0,133.4199981689453
16.35,4.119453037607771e-07,0.0,2.1614654510671015e-16,5.017609900291378,0.33160522987600416,0.8418509396724403,107.0,133.0,112.0,133.4199981689453
16.400000000000002,1.0641924363763348e-06,0.0,2.1614654510671015e-16,5.017609900291378,0.33160522987600416,0.8418509396724403,107.0,133.0,112.0,133.4199981689453
16.45,1.5791266723565183e-06,0.0,2.1614654510671015e-16,5.017609900291378,0.33160522987600416,0.8418509396724403,107.0,133.0,112.0,133.4199981689453
16.5,2.197044270165339e-06,0.0,2.1614654510671015e-16,5.017609900291378,0.33160522987600416,0.8418509396724403,107.0,133.0,112.0,133.4199981689453
16.55,2.711977277333645e-06,0.0,2.1614654510671015e-16,5.017609900291378,0.33160522987600416,0.8418509396724403,107.0,133.0,112.0,133.4199981689453
16.6,3.398554794127607e-06,0.0,2.1614654510671015e-16,5.017609900291378,0.33160522987600416,0.8418509396724403,107.0,133.0,112.0,133.4199981689453
16.650000000000002,4.050792090755396e-06,0.0,2.1614654510671015e-16,5.017609900291378,0.33160522987600416,0.8418509396724403,107.0,133.0,112.0,133.4199981689453
16.7,4.565736221382379e-06,0.0,2.1614654510671015e-16,5.017609900291378,0.33160522987600416,0.8418509396724403,107.0,133.0,112.0,133.4199981689453
16.75,1.0298664292043146e-07,0.0,2.1614654510671015e-16,5.017609900291378,0.33160522987600416,0.8418509396724403,107.0,133.0,112.0,133.4199981689453
16.8,7.209072154868842e-07,0.0,2.1614654510671015e-16,5.017609900291378,0.33160522987600416,0.8418509396724403,107.0,133.0,112.0,133.4199981689453
16.85,1.3388256484723285e-06,0.0,2.1614654510671015e-16,5.017609900291378,0.33160522987600416,0.8418509396724403,107.0,133.0,112.0,133.4199981689453
16.900000000000002,1.853759041230963e-06,0.0,2.1614654510671015e-16,5.017609900291378,0.33160522987600416,0.8418509396724403,107.0,133.0,112.0,133.4199981689453
16.95,2.5060068858799238e-06,0.0,2.1614654510671015e-16,5.017609900291378,0.33160522987600416,0.8418509396724403,107.0,133.0,112.0,133.4199981689453
17.0,3.0552659480127715e-06,0.0,2.1614654510671015e-16,5.017609900291378,0.33160522987600416,0.8418509396724403,107.0,133.0,112.0,133.4199981689453
17.05,3.604536721510115e-06,0.0,2.1614654510671015e-16,5.017609900291378,0.33160522987600416,0.8418509396724403,107.0,133.0,112.0,133.4199981689453
17.1,4.291092026910533e-06,0.0,2.1614654510671015e-16,5.017609900291378,0.33160522987600416,0.8418509396724403,107.0,133.0,112.0,133.4199981689453
17.150000000000002,4.909031897338725e-06,0.0,2.1614654510671015e-16,5.017609900291378,0.33160522987600416,0.8418509396724403,107.0,133.0,112.0,133.4199981689453
17.2,4.119455938473887e-07,0.0,2.1614654510671015e-16,5.017609900291378,0.33160522987600416,0.8418509396724403,107.0,133.0,112.0,133.4199981689453
17.25,1.0985223288007365e-06,0.0,2.1614654510671015e-16,5.017609900291378,0.33160522987600416,0.8418509396724403,107.0,133.0,112.0,133.4199981689453
17.3,1.7850997543395031e-06,0.0,2.1614654510671015e-16,5.017609900291378,0.33160522987600416,0.8418509396724403,107.0,133.0,112.0,133.4199981689453
17.35,2.3686886019731696e-06,0.0,2.1614654510671015e-16,5.017609900291378,0.33160522987600416,0.8418509396724403,107.0,133.0,112.0,133.4199981689453
17.400000000000002,2.952280874844603e-06,0.0,2.1614654510671015e-16,5.017609900291378,0.33160522987600416,0.8418509396724403,107.0,133.0,112.0,133.4199981689453
17.45,3.6045359759348158e-06,0.0,2.1614654510671015e-16,5.017609900291378,0.33160522987600416,0.8418509396724403,107.0,133.0,112.0,133.4199981689453
17.5,4.1194439001217876e-06,0.0,2.1614654510671015e-16,5.017609900291378,0.33160522987600416,0.8418509396724403,107.0,133.0,112.0,133.4199981689453
17.55,4.771691839835506e-06,0.0,2.1614654510671015e-16,5.017609900291378,0.33160522987600416,0.8418509396724403,107.0,133.0,112.0,133.4199981689453
17.6,2.7463270305137406e-07,0.0,2.1614654510671015e-16,5.017609900291378,0.33160522987600416,0.8418509396724403,107.0,133.0,112.0,133.4199981689453
17.650000000000002,8.925560570066536e-07,0.0,2.1614654510671015e-16,5.017609900291378,0.33160522987600416,0.8418509396724403,107.0,133.0,112.0,133.4199981689453
17.7,1.5104708472898994e-06,0.0,2.1614654510671015e-16,5.017609900291378,0.33160522987600416,0.8418509396724403,107.0,133.0,112.0,133.4199981689453
17.75,2.0254032130924793e-06,0.0,2.1614654510671015e-16,5.017609900291378,0.33160522987600416,0.8418509396724403,107.0,133.0,112.0,133.4199981689453
17.8,2.6089924398570154e-06,0.0,2.1614654510671015e-16,5.017609900291378,0.33160522987600416,0.8418509396724403,107.0,133.0,112.0,133.4199981689453
17.85,3.261239952115681e-06,0.0,2.1614654510671015e-16,5.017609900291378,0.33160522987600416,0.8418509396724403,107.0,133.0,112.0,133.4199981689453
17.900000000000002,3.9478322405220025e-06,0.0,2.1614654510671015e-16,5.017609900291378,0.33160522987600416,0.8418509396724403,107.0,133.0,112.0,133.4199981689453
17.95,4.497083870552274e-06,0.0,2.1614654510671015e-16,5.017609900291378,0.33160522987600416,0.8418509396724403,107.0,133.0,112.0,133.4199981689453
18.0,0.0,0.0,2.1614654510671015e-16,5.017609900291378,0.33160522987600416,0.8418509396724403,107.0,133.0,112.0,133.4199981689453
18.05,5.492628036705787e-07,0.0,2.1614654510671015e-16,5.017609900291378,0.33160522987600416,0.8418509396724403,107.0,133.0,112.0,133.4199981689453
18.1,1.1328526129445436e-06,0.0,2.1614654510671015e-16,5.017609900291378,0.33160522987600416,0.8418509396724403,107.0,133.0,112.0,133.4199981689453
18.150000000000002,1.819429778403972e-06,0.0,2.1614654510671015e-16,5.017609900291378,0.33160522987600416,0.8418509396724403,107.0,133.0,112.0,133.4199981689453
18.2,2.4716771760269816e-06,0.0,2.1614654510671015e-16,5.017609900291378,0.33160522987600416,0.8418509396724403,107.0,133.0,112.0,133.4199981689453
18.25,3.1582549286810885e-06,0.0,2.1614654510671015e-16,5.017609900291378,0.33160522987600416,0.8418509396724403,107.0,133.0,112.0,133.4199981689453
18.3,3.6731888542325273e-06,0.0,2.1614654510671015e-16,5.017609900291378,0.33160522987600416,0.8418509396724403,107.0,133.0,112.0,133.4199981689453
18.35,4.291092065243488e-06,0.0,2.1614654510671015e-16,5.017609900291378,0.33160522987600416,0.8418509396724403,107.0,133.0,112.0,133.4199981689453
18.400000000000002,4.943340529899125e-06,0.0,2.1614654510671015e-16,5.017609900291378,0.33160522987600416,0.8418509396724403,107.0,133.0,112.0,133.4199981689453
18.45,4.1196086686602005e-07,0.0,2.1614654510671015e-16,5.017609900291378,0.33160522987600416,0.8418509396724403,107.0,133.0,112.0,133.4199981689453
18.5,1.0641924620270738e-06,0.0,2.1614654510671015e-16,5.017609900291378,0.33160522987600416,0.8418509396724403,107.0,133.0,112.0,133.4199981689453
18.55,1.6821198435517802e-06,0.0,2.1614654510671015e-16,5.017609900291378,0.33160522987600416,0.8418509396724403,107.0,133.0,112.0,133.4199981689453
18.6,2.368690668552846e-06,0.0,2.1614654510671015e-16,5.017609900291378,0.33160522987600416,0.8418509396724403,107.0,133.0,112.0,133.4199981689453
18.650000000000002,2.952282459334325e-06,0.0,2.1614654510671015e-16,5.017609900291378,0.33160522987600416,0.8418509396724403,107.0,133.0,112.0,133.4199981689453
18.7,3.6045372677599878e-06,0.0,2.1614654510671015e-16,5.017609900291378,0.33160522987600416,0.8418509396724403,107.0,133.0,112.0,133.4199981689453
18.75,4.222441401350345e-06,0.0,2.1614654510671015e-16,5.017609900291378,0.33160522987600416,0.8418509396724403,107.0,133.0,112.0,133.4199981689453
18.8,4.874691240410089e-06,0.0,2.1614654510671015e-16,5.017609900291378,0.33160522987600416,0.8418509396724403,107.0,133.0,112.0,133.4199981689453
18.85,1.029867505873017e-07,0.0,2.1614654510671015e-16,5.017609900291378,0.33160522987600416,0.8418509396724403,107.0,133.0,112.0,133.4199981689453
18.900000000000002,7.552467110673582e-07,0.0,2.1614654510671015e-16,5.017609900291378,0.33160522987600416,0.8418509396724403,107.0,133.0,112.0,133.4199981689453
18.95,1.407486695948355e-06,0.0,2.1614654510671015e-16,5.017609900291378,0.33160522987600416,0.8418509396724403,107.0,133.0,112.0,133.4199981689453
19.0,2.0254035409731064e-06,0.0,2.1614654510671015e-16,5.017609900291378,0.33160522987600416,0.8418509396724403,107.0,133.0,112.0,133.4199981689453
19.05,2.677655516860981e-06,0.0,2.1614654510671015e-16,5.017609900291378,0.33160522987600416,0.8418509396724403,107.0,133.0,112.0,133.4199981689453
19.1,3.364226148962702e-06,0.0,2.1614654510671015e-16,5.017609900291378,0.33160522987600416,0.8418509396724403,107.0,133.0,112.0,133.4199981689453
19.150000000000002,3.982139953763072e-06,0.0,2.1614654510671015e-16,5.017609900291378,0.33160522987600416,0.8418509396724403,107.0,133.0,112.0,133.4199981689453
19.200000000000003,4.6343893394353195e-06,0.0,2.1614654510671015e-16,5.017609900291378,0.33160522987600416,0.8418509396724403,107.0,133.0,112.0,133.4199981689453
19.25,5.286638281282706e-06,0.0,2.1614654510671015e-16,5.017609900291378,0.33160522987600416,0.8418509396724403,107.0,133.0,112.0,133.4199981689453
19.3,5.149438071860786e-07,0.0,2.1614654510671015e-16,5.017609900291378,0.33160522987600416,0.8418509396724403,107.0,133.0,112.0,133.4199981689453
19.35,1.167187907538788e-06,0.0,2.1614654510671015e-16,5.017609900291378,0.33160522987600416,0.8418509396724403,107.0,133.0,112.0,133.4199981689453
19.400000000000002,1.8194292319460182e-06,0.0,2.1614654510671015e-16,5.017609900291378,0.33160522987600416,0.8418509396724403,107.0,133.0,112.0,133.4199981689453
19.450000000000003,2.437349903041008e-06,0.0,2.1614654510671015e-16,5.017609900291378,0.33160522987600416,0.8418509396724403,107.0,133.0,112.0,133.4199981689453
19.5,3.089599712571642e-06,0.0,2.1614654510671015e-16,5.017609900291378,0.33160522987600416,0.8418509396724403,107.0,133.0,112.0,133.4199981689453
19.55,3.741840043447132e-06,0.0,2.1614654510671015e-16,5.017609900291378,0.33160522987600416,0.8418509396724403,107.0,133.0,112.0,133.4199981689453
19.6,4.3940910247553785e-06,0.0,2.1614654510671015e-16,5.017609900291378,0.33160522987600416,0.8418509396724403,107.0,133.0,112.0,133.4199981689453
19.650000000000002,5.046335892158108e-06,0.0,2.1614654510671015e-16,5.017609900291378,0.33160522987600416,0.8418509396724403,107.0,133.0,112.0,133.4199981689453
19.700000000000003,2.059732285304166e-07,0.0,2.1614654510671015e-16,5.017609900291378,0.33160522987600416,0.8418509396724403,107.0,133.0,112.0,133.4199981689453
19.75,8.23892985352625e-07,0.0,2.1614654510671015e-16,5.017609900291378,0.33160522987600416,0.8418509396724403,107.0,133.0,112.0,133.4199981689453
19.8,1.5104706748449117e-06,0.0,2.1614654510671015e-16,5.017609900291378,0.33160522987600416,0.8418509396724403,107.0,133.0,112.0,133.4199981689453
19.85,2.0940589411346507e-06,0.0,2.1614654510671015e-16,5.017609900291378,0.33160522987600416,0.8418509396724403,107.0,133.0,112.0,133.4199981689453
19.900000000000002,2.608992179547604e-06,0.0,2.1614654510671015e-16,5.017609900291378,0.33160522987600416,0.8418509396724403,107.0,133.0,112.0,133.4199981689453
19.950000000000003,3.295569531376444e-06,0.0,2.1614654510671015e-16,5.017609900291378,0.33160522987600416,0.8418509396724403,107.0,133.0,112.0,133.4199981689453
20.0,3.947832273111629e-06,0.0,2.1614654510671015e-16,5.017609900291378,0.33160522987600416,0.8418509396724403,107.0,133.0,112.0,133.4199981689453
20.05,4.5313923688541715e-06,0.0,2.1614654510671015e-16,5.017609900291378,0.33160522987600416,0.8418509396724403,107.0,133.0,112.0,133.4199981689453
20.1,0.0,0.0,2.1614654510671015e-16,5.017609900291378,0.33160522987600416,0.8418509396724403,107.0,133.0,112.0,133.4199981689453
20.150000000000002,6.522548069829131e-07,0.0,2.1614654510671015e-16,5.017609900291378,0.33160522987600416,0.8418509396724403,107.0,133.0,112.0,133.4199981689453
20.200000000000003,1.2701726868660515e-06,0.0,2.1614654510671015e-16,5.017609900291378,0.33160522987600416,0.8418509396724403,107.0,133.0,112.0,133.4199981689453
20.25,1.9224154171372858e-06,0.0,2.1614654510671015e-16,5.017609900291378,0.33160522987600416,0.8418509396724403,107.0,133.0,112.0,133.4199981689453
20.3,2.608992169993037e-06,0.0,2.1614654510671015e-16,5.017609900291378,0.33160522987600416,0.8418509396724403,107.0,133.0,112.0,133.4199981689453
20.35,3.158255703353066e-06,0.0,2.1614654510671015e-16,5.017609900291378,0.33160522987600416,0.8418509396724403,107.0,133.0,112.0,133.4199981689453
20.400000000000002,3.810493944862105e-06,0.0,2.1614654510671015e-16,5.017609900291378,0.33160522987600416,0.8418509396724403,107.0,133.0,112.0,133.4199981689453
20.450000000000003,4.46274142642656e-06,0.0,2.1614654510671015e-16,5.017609900291378,0.33160522987600416,0.8418509396724403,107.0,133.0,112.0,133.4199981689453
20.5,5.114988517441934e-06,0.0,2.1614654510671015e-16,5.017609900291378,0.33160522987600416,0.8418509396724403,107.0,133.0,112.0,133.4199981689453
20.55,3.432957003574449e-07,0.0,2.1614654510671015e-16,5.017609900291378,0.33160522987600416,0.8418509396724403,107.0,133.0,112.0,133.4199981689453
20.6,9.95539438576726e-07,0.0,2.1614654510671015e-16,5.017609900291378,0.33160522987600416,0.8418509396724403,107.0,133.0,112.0,133.4199981689453
20.650000000000002,1.6477882868095348e-06,0.0,2.1614654510671015e-16,5.017609900291378,0.33160522987600416,0.8418509396724403,107.0,133.0,112.0,133.4199981689453
20.700000000000003,2.300033723523679e-06,0.0,2.1614654510671015e-16,5.017609900291378,0.33160522987600416,0.8418509396724403,107.0,133.0,112.0,133.4199981689453
20.75,2.8836225491493257e-06,0.0,2.1614654510671015e-16,5.017609900291378,0.33160522987600416,0.8418509396724403,107.0,133.0,112.0,133.4199981689453
20.8,3.5358701673814666e-06,0.0,2.1614654510671015e-16,5.017609900291378,0.33160522987600416,0.8418509396724403,107.0,133.0,112.0,133.4199981689453
20.85,4.18813349559102e-06,0.0,2.1614654510671015e-16,5.017609900291378,0.33160522987600416,0.8418509396724403,107.0,133.0,112.0,133.4199981689453
20.900000000000002,4.840380537452168e-06,0.0,2.1614654510671015e-16,5.017609900291378,0.33160522987600416,0.8418509396724403,107.0,133.0,112.0,133.4199981689453
20.950000000000003,1.0298664292043146e-07,0.0,2.1614654510671015e-16,5.017609900291378,0.33160522987600416,0.8418509396724403,107.0,133.0,112.0,133.4199981689453
21.0,7.209072224564915e-07,0.0,2.1614654510671015e-16,5.017609900291378,0.33160522987600416,0.8418509396724403,107.0,133.0,112.0,133.4199981689453
21.05,1.3388256484698639e-06,0.0,2.1614654510671015e-16,5.017609900291378,0.33160522987600416,0.8418509396724403,107.0,133.0,112.0,133.4199981689453
21.1,1.8880849166563888e-06,0.0,2.1614654510671015e-16,5.017609900291378,0.33160522987600416,0.8418509396724403,107.0,133.0,112.0,133.4199981689453
21.150000000000002,2.540332987008342e-06,0.0,2.1614654510671015e-16,5.017609900291378,0.33160522987600416,0.8418509396724403,107.0,133.0,112.0,133.4199981689453
21.200000000000003,3.0552660638175033e-06,0.0,2.1614654510671015e-16,5.017609900291378,0.33160522987600416,0.8418509396724403,107.0,133.0,112.0,133.4199981689453
21.25,3.6388441413461033e-06,0.0,2.1614654510671015e-16,5.017609900291378,0.33160522987600416,0.8418509396724403,107.0,133.0,112.0,133.4199981689453
21.3,4.291092011943719e-06,0.0,2.1614654510671015e-16,5.017609900291378,0.33160522987600416,0.8418509396724403,107.0,133.0,112.0,133.4199981689453
21.35,4.806036039007422e-06,0.0,2.1614654510671015e-16,5.017609900291378,0.33160522987600416,0.8418509396724403,107.0,133.0,112.0,133.4199981689453
21.400000000000002,4.4627418691713877e-07,0.0,2.1614654510671015e-16,5.017609900291378,0.33160522987600416,0.8418509396724403,107.0,133.0,112.0,133.4199981689453
21.450000000000003,1.098522042248485e-06,0.0,2.1614654510671015e-16,5.017609900291378,0.33160522987600416,0.8418509396724403,107.0,133.0,112.0,133.4199981689453
21.5,1.7507714478417186e-06,0.0,2.1614654510671015e-16,5.017609900291378,0.33160522987600416,0.8418509396724403,107.0,133.0,112.0,133.4199981689453
21.55,2.3000328906210667e-06,0.0,2.1614654510671015e-16,5.017609900291378,0.33160522987600416,0.8418509396724403,107.0,133.0,112.0,133.4199981689453
21.6,2.8492919292753008e-06,0.0,2.1614654510671015e-16,5.017609900291378,0.33160522987600416,0.8418509396724403,107.0,133.0,112.0,133.4199981689453
21.650000000000002,3.4328843972823155e-06,0.0,2.1614654510671015e-16,5.017609900291378,0.33160522987600416,0.8418509396724403,107.0,133.0,112.0,133.4199981689453
21.700000000000003,4.1194439372291516e-06,0.0,2.1614654510671015e-16,5.017609900291378,0.33160522987600416,0.8418509396724403,107.0,133.0,112.0,133.4199981689453
21.75,4.771691957494019e-06,0.0,2.1614654510671015e-16,5.017609900291378,0.33160522987600416,0.8418509396724403,107.0,133.0,112.0,133.4199981689453
21.8,2.059732285304166e-07,0.0,2.1614654510671015e-16,5.017609900291378,0.33160522987600416,0.8418509396724403,107.0,133.0,112.0,133.4199981689453
21.85,7.552333739116038e-07,0.0,2.1614654510671015e-16,5.017609900291378,0.33160522987600416,0.8418509396724403,107.0,133.0,112.0,133.4199981689453
21.900000000000002,1.4418112550606134e-06,0.0,2.1614654510671015e-16,5.017609900291378,0.33160522987600416,0.8418509396724403,107.0,133.0,112.0,133.4199981689453
21.950000000000003,2.0940594113066507e-06,0.0,2.1614654510671015e-16,5.017609900291378,0.33160522987600416,0.8418509396724403,107.0,133.0,112.0,133.4199981689453
22.0,2.677651638561808e-06,0.0,2.1614654510671015e-16,5.017609900291378,0.33160522987600416,0.8418509396724403,107.0,133.0,112.0,133.4199981689453
22.05,3.226910698458774e-06,0.0,2.1614654510671015e-16,5.017609900291378,0.33160522987600416,0.8418509396724403,107.0,133.0,112.0,133.4199981689453
22.1,3.810492177922768e-06,0.0,2.1614654510671015e-16,5.017609900291378,0.33160522987600416,0.8418509396724403,107.0,133.0,112.0,133.4199981689453
22.150000000000002,4.497083822335524e-06,0.0,2.1614654510671015e-16,5.017609900291378,0.33160522987600416,0.8418509396724403,107.0,133.0,112.0,133.4199981689453
22.200000000000003,0.0,0.0,2.1614654510671015e-16,5.017609900291378,0.33160522987600416,0.8418509396724403,107.0,133.0,112.0,133.4199981689453
22.25,5.14935076977035e-07,0.0,2.1614654510671015e-16,5.017609900291378,0.33160522987600416,0.8418509396724403,107.0,133.0,112.0,133.4199981689453
22.3,1.201511720738397e-06,0.0,2.1614654510671015e-16,5.017609900291378,0.33160522987600416,0.8418509396724403,107.0,133.0,112.0,133.4199981689453
22.35,1.8537590970837867e-06,0.0,2.1614654510671015e-16,5.017609900291378,0.33160522987600416,0.8418509396724403,107.0,133.0,112.0,133.4199981689453
22.400000000000002,2.4030180115933063e-06,0.0,2.1614654510671015e-16,5.017609900291378,0.33160522987600416,0.8418509396724403,107.0,133.0,112.0,133.4199981689453
22.450000000000003,2.9522810703069857e-06,0.0,2.1614654510671015e-16,5.017609900291378,0.33160522987600416,0.8418509396724403,107.0,133.0,112.0,133.4199981689453
22.5,3.604536040364084e-06,0.0,2.1614654510671015e-16,5.017609900291378,0.33160522987600416,0.8418509396724403,107.0,133.0,112.0,133.4199981689453
22.55,4.25678430535603e-06,0.0,2.1614654510671015e-16,5.017609900291378,0.33160522987600416,0.8418509396724403,107.0,133.0,112.0,133.4199981689453
22.6,4.840380095762658e-06,0.0,2.1614654510671015e-16,5.017609900291378,0.33160522987600416,0.8418509396724403,107.0,133.0,112.0,133.4199981689453
22.650000000000002,3.0896047790834195e-07,0.0,2.1614654510671015e-16,5.017609900291378,0.33160522987600416,0.8418509396724403,107.0,133.0,112.0,133.4199981689453
22.700000000000003,9.612096959972224e-07,0.0,2.1614654510671015e-16,5.017609900291378,0.33160522987600416,0.8418509396724403,107.0,133.0,112.0,133.4199981689453
22.75,1.6134584402340669e-06,0.0,2.1614654510671015e-16,5.017609900291378,0.33160522987600416,0.8418509396724403,107.0,133.0,112.0,133.4199981689453
22.8,2.265704724275378e-06,0.0,2.1614654510671015e-16,5.017609900291378,0.33160522987600416,0.8418509396724403,107.0,133.0,112.0,133.4199981689453
22.85,2.952281357477138e-06,0.0,2.1614654510671015e-16,5.017609900291378,0.33160522987600416,0.8418509396724403,107.0,133.0,112.0,133.4199981689453
22.900000000000002,3.535869752043747e-06,0.0,2.1614654510671015e-16,5.017609900291378,0.33160522987600416,0.8418509396724403,107.0,133.0,112.0,133.4199981689453
22.950000000000003,4.1537891678068964e-06,0.0,2.1614654510671015e-16,5.017609900291378,0.33160522987600416,0.8418509396724403,107.0,133.0,112.0,133.4199981689453
23.0,4.737384144775869e-06,0.0,2.1614654510671015e-16,5.017609900291378,0.33160522987600416,0.8418509396724403,107.0,133.0,112.0,133.4199981689453
23.05,1.0298664292043146e-07,0.0,2.1614654510671015e-16,5.017609900291378,0.33160522987600416,0.8418509396724403,107.0,133.0,112.0,133.4199981689453
23.1,7.209086098610845e-07,0.0,2.1614654510671015e-16,5.017609900291378,0.33160522987600416,0.8418509396724403,107.0,133.0,112.0,133.4199981689453
23.150000000000002,1.3731556152577554e-06,0.0,2.1614654510671015e-16,5.017609900291378,0.33160522987600416,0.8418509396724403,107.0,133.0,112.0,133.4199981689453
23.200000000000003,2.0597301128301667e-06,0.0,2.1614654510671015e-16,5.017609900291378,0.33160522987600416,0.8418509396724403,107.0,133.0,112.0,133.4199981689453
23.25,2.643324053513438e-06,0.0,2.1614654510671015e-16,5.017609900291378,0.33160522987600416,0.8418509396724403,107.0,133.0,112.0,133.4199981689453
23.3,3.29557032501895e-06,0.0,2.1614654510671015e-16,5.017609900291378,0.33160522987600416,0.8418509396724403,107.0,133.0,112.0,133.4199981689453
23.35,3.913488130196848e-06,0.0,2.1614654510671015e-16,5.017609900291378,0.33160522987600416,0.8418509396724403,107.0,133.0,112.0,133.4199981689453
23.400000000000002,4.4970838389832855e-06,0.0,2.1614654510671015e-16,5.017609900291378,0.33160522987600416,0.8418509396724403,107.0,133.0,112.0,133.4199981689453
23.450000000000003,5.149332391016675e-06,0.0,2.1614654510671015e-16,5.017609900291378,0.33160522987600416,0.8418509396724403,107.0,133.0,112.0,133.4199981689453
23.5,5.149332760190366e-07,0.0,2.1614654510671015e-16,5.017609900291378,0.33160522987600416,0.8418509396724403,107.0,133.0,112.0,133.4199981689453
23.55,1.1328516236137433e-06,0.0,2.1614654510671015e-16,5.017609900291378,0.33160522987600416,0.8418509396724403,107.0,133.0,112.0,133.4199981689453
23.6,1.7850999324056359e-06,0.0,2.1614654510671015e-16,5.017609900291378,0.33160522987600416,0.8418509396724403,107.0,133.0,112.0,133.4199981689453
23.650000000000002,2.33436252349462e-06,0.0,2.1614654510671015e-16,5.017609900291378,0.33160522987600416,0.8418509396724403,107.0,133.0,112.0,133.4199981689453
23.700000000000003,2.917952171579594e-06,0.0,2.1614654510671015e-16,5.017609900291378,0.33160522987600416,0.8418509396724403,107.0,133.0,112.0,133.4199981689453
23.75,3.6045364280114243e-06,0.0,2.1614654510671015e-16,5.017609900291378,0.33160522987600416,0.8418509396724403,107.0,133.0,112.0,133.4199981689453
23.8,4.256783970435945e-06,0.0,2.1614654510671015e-16,5.017609900291378,0.33160522987600416,0.8418509396724403,107.0,133.0,112.0,133.4199981689453
23.85,4.840380102118247e-06,0.0,2.1614654510671015e-16,5.017609900291378,0.33160522987600416,0.8418509396724403,107.0,133.0,112.0,133.4199981689453
23.900000000000002,2.403046547674167e-07,0.0,2.1614654510671015e-16,5.017609900291378,0.33160522987600416,0.8418509396724403,107.0,133.0,112.0,133.4199981689453
23.950000000000003,8.582220849070215e-07,0.0,2.1614654510671015e-16,5.017609900291378,0.33160522987600416,0.8418509396724403,107.0,133.0,112.0,133.4199981689453
24.0,1.4418108871059567e-06,0.0,2.1614654510671015e-16,5.017609900291378,0.33160522987600416,0.8418509396724403,107.0,133.0,112.0,133.4199981689453
24.05,2.0940589202711162e-06,0.0,2.1614654510671015e-16,5.017609900291378,0.33160522987600416,0.8418509396724403,107.0,133.0,112.0,133.4199981689453
24.1,2.608992009389047e-06,0.0,2.1614654510671015e-16,5.017609900291378,0.33160522987600416,0.8418509396724403,107.0,133.0,112.0,133.4199981689453
24.150000000000002,3.261239936467469e-06,0.0,2.1614654510671015e-16,5.017609900291378,0.33160522987600416,0.8418509396724403,107.0,133.0,112.0,133.4199981689453
24.200000000000003,3.913488085118804e-06,0.0,2.1614654510671015e-16,5.017609900291378,0.33160522987600416,0.8418509396724403,107.0,133.0,112.0,133.4199981689453
24.25,4.428432021651927e-06,0.0,2.1614654510671015e-16,5.017609900291378,0.33160522987600416,0.8418509396724403,107.0,133.0,112.0,133.4199981689453
24.3,0.0,0.0,2.1614654510671015e-16,5.017609900291378,0.33160522987600416,0.8418509396724403,107.0,133.0,112.0,133.4199981689453
24.35,6.522495800857753e-07,0.0,2.1614654510671015e-16,5.017609900291378,0.33160522987600416,0.8418509396724403,107.0,133.0,112.0,133.4199981689453
24.400000000000002,1.2015117097747968e-06,0.0,2.1614654510671015e-16,5.017609900291378,0.33160522987600416,0.8418509396724403,107.0,133.0,112.0,133.4199981689453
24.450000000000003,1.7850996128135554e-06,0.0,2.1614654510671015e-16,5.017609900291378,0.33160522987600416,0.8418509396724403,107.0,133.0,112.0,133.4199981689453
24.5,2.4716771392703993e-06,0.0,2.1614654510671015e-16,5.017609900291378,0.33160522987600416,0.8418509396724403,107.0,133.0,112.0,133.4199981689453
24.55,3.123925477844557e-06,0.0,2.1614654510671015e-16,5.017609900291378,0.33160522987600416,0.8418509396724403,107.0,133.0,112.0,133.4199981689453
24.6,3.741840437477027e-06,0.0,2.1614654510671015e-16,5.017609900291378,0.33160522987600416,0.8418509396724403,107.0,133.0,112.0,133.4199981689453
24.650000000000002,4.29109259861883e-06,0.0,2.1614654510671015e-16,5.017609900291378,0.33160522987600416,0.8418509396724403,107.0,133.0,112.0,133.4199981689453
24.700000000000003,4.943340470944381e-06,0.0,2.1614654510671015e-16,5.017609900291378,0.33160522987600416,0.8418509396724403,107.0,133.0,112.0,133.4199981689453
24.75,3.776338425915734e-07,0.0,2.1614654510671015e-16,5.017609900291378,0.33160522987600416,0.8418509396724403,107.0,133.0,112.0,133.4199981689453
24.8,1.029868675357465e-06,0.0,2.1614654510671015e-16,5.017609900291378,0.33160522987600416,0.8418509396724403,107.0,133.0,112.0,133.4199981689453
24.85,1.6134567150925317e-06,0.0,2.1614654510671015e-16,5.017609900291378,0.33160522987600416,0.8418509396724403,107.0,133.0,112.0,133.4199981689453
24.900000000000002,2.2657042739287232e-06,0.0,2.1614654510671015e-16,5.017609900291378,0.33160522987600416,0.8418509396724403,107.0,133.0,112.0,133.4199981689453
24.950000000000003,2.9179532628764046e-06,0.0,2.1614654510671015e-16,5.017609900291378,0.33160522987600416,0.8418509396724403,107.0,133.0,112.0,133.4199981689453
25.0,3.570199872852082e-06,0.0,2.1614654510671015e-16,5.017609900291378,0.33160522987600416,0.8418509396724403,107.0,133.0,112.0,133.4199981689453
25.05,4.1537885936395585e-06,0.0,2.1614654510671015e-16,5.017609900291378,0.33160522987600416,0.8418509396724403,107.0,133.0,112.0,133.4199981689453
25.1,4.806036484666338e-06,0.0,2.1614654510671015e-16,5.017609900291378,0.33160522987600416,0.8418509396724403,107.0,133.0,112.0,133.4199981689453
25.150000000000002,1.3731556484675768e-07,0.0,2.1614654510671015e-16,5.017609900291378,0.33160522987600416,0.8418509396724403,107.0,133.0,112.0,133.4199981689453
25.200000000000003,7.895628909309925e-07,0.0,2.1614654510671015e-16,5.017609900291378,0.33160522987600416,0.8418509396724403,107.0,133.0,112.0,133.4199981689453
25.25,1.441811188588538e-06,0.0,2.1614654510671015e-16,5.017609900291378,0.33160522987600416,0.8418509396724403,107.0,133.0,112.0,133.4199981689453
25.3,2.0597292447439123e-06,0.0,2.1614654510671015e-16,5.017609900291378,0.33160522987600416,0.8418509396724403,107.0,133.0,112.0,133.4199981689453
25.35,2.677651246693651e-06,0.0,2.1614654510671015e-16,5.017609900291378,0.33160522987600416,0.8418509396724403,107.0,133.0,112.0,133.4199981689453
25.400000000000002,3.2955701614863688e-06,0.0,2.1614654510671015e-16,5.017609900291378,0.33160522987600416,0.8418509396724403,107.0,133.0,112.0,133.4199981689453
25.450000000000003,3.947832812831175e-06,0.0,2.1614654510671015e-16,5.017609900291378,0.33160522987600416,0.8418509396724403,107.0,133.0,112.0,133.4199981689453
25.5,4.565736422032011e-06,0.0,2.1614654510671015e-16,5.017609900291378,0.33160522987600416,0.8418509396724403,107.0,133.0,112.0,133.4199981689453
25.55,5.252328232236767e-06,0.0,2.1614654510671015e-16,5.017609900291378,0.33160522987600416,0.8418509396724403,107.0,133.0,112.0,133.4199981689453
25.6,5.149398829106757e-07,0.0,2.1614654510671015e-16,5.017609900291378,0.33160522987600416,0.8418509396724403,107.0,133.0,112.0,133.4199981689453
25.650000000000002,1.1671859750910256e-06,0.0,2.1614654510671015e-16,5.017609900291378,0.33160522987600416,0.8418509396724403,107.0,133.0,112.0,133.4199981689453
25.700000000000003,1.7851012337133413e-06,0.0,2.1614654510671015e-16,5.017609900291378,0.33160522987600416,0.8418509396724403,107.0,133.0,112.0,133.4199981689453
25.75,2.3686886809379665e-06,0.0,2.1614654510671015e-16,5.017609900291378,0.33160522987600416,0.8418509396724403,107.0,133.0,112.0,133.4199981689453
25.8,3.020938184230747e-06,0.0,2.1614654510671015e-16,5.017609900291378,0.33160522987600416,0.8418509396724403,107.0,133.0,112.0,133.4199981689453
25.85,3.6731899315407092e-06,0.0,2.1614654510671015e-16,5.017609900291378,0.33160522987600416,0.8418509396724403,107.0,133.0,112.0,133.4199981689453
25.900000000000002,4.325436732694162e-06,0.0,2.1614654510671015e-16,5.017609900291378,0.33160522987600416,0.8418509396724403,107.0,133.0,112.0,133.4199981689453
25.950000000000003,4.943340434534259e-06,0.0,2.1614654510671015e-16,5.017609900291378,0.33160522987600416,0.8418509396724403,107.0,133.0,112.0,133.4199981689453
26.0,2.4030395608162534e-07,0.0,2.1614654510671015e-16,5.017609900291378,0.33160522987600416,0.8418509396724403,107.0,133.0,112.0,133.4199981689453
26.05,8.238930153095322e-07,0.0,2.1614654510671015e-16,5.017609900291378,0.33160522987600416,0.8418509396724403,107.0,133.0,112.0,133.4199981689453
26.1,1.476141003759174e-06,0.0,2.1614654510671015e-16,5.017609900291378,0.33160522987600416,0.8418509396724403,107.0,133.0,112.0,133.4199981689453
26.150000000000002,2.094058895177859e-06,0.0,2.1614654510671015e-16,5.017609900291378,0.33160522987600416,0.8418509396724403,107.0,133.0,112.0,133.4199981689453
26.200000000000003,2.608992346837329e-06,0.0,2.1614654510671015e-16,5.017609900291378,0.33160522987600416,0.8418509396724403,107.0,133.0,112.0,133.4199981689453
26.25,3.2955695153324984e-06,0.0,2.1614654510671015e-16,5.017609900291378,0.33160522987600416,0.8418509396724403,107.0,133.0,112.0,133.4199981689453
26.3,3.947832217016812e-06,0.0,2.1614654510671015e-16,5.017609900291378,0.33160522987600416,0.8418509396724403,107.0,133.0,112.0,133.4199981689453
26.35,4.497083945862178e-06,0.0,2.1614654510671015e-16,5.017609900291378,0.33160522987600416,0.8418509396724403,107.0,133.0,112.0,133.4199981689453
26.400000000000002,0.0,0.0,2.1614654510671015e-16,5.017609900291378,0.33160522987600416,0.8418509396724403,107.0,133.0,112.0,133.4199981689453
26.450000000000003,6.179184175907341e-07,0.0,2.1614654510671015e-16,5.017609900291378,0.33160522987600416,0.8418509396724403,107.0,133.0,112.0,133.4199981689453
26.5,1.2015108550279444e-06,0.0,2.1614654510671015e-16,5.017609900291378,0.33160522987600416,0.8418509396724403,107.0,133.0,112.0,133.4199981689453
26.55,1.8194294215744385e-06,0.0,2.1614654510671015e-16,5.017609900291378,0.33160522987600416,0.8418509396724403,107.0,133.0,112.0,133.4199981689453
26.6,2.4030181577362663e-06,0.0,2.1614654510671015e-16,5.017609900291378,0.33160522987600416,0.8418509396724403,107.0,133.0,112.0,133.4199981689453
26.650000000000002,3.0209363597773658e-06,0.0,2.1614654510671015e-16,5.017609900291378,0.33160522987600416,0.8418509396724403,107.0,133.0,112.0,133.4199981689453
26.700000000000003,3.6731883324200007e-06,0.0,2.1614654510671015e-16,5.017609900291378,0.33160522987600416,0.8418509396724403,107.0,133.0,112.0,133.4199981689453
26.75,4.291092404558555e-06,0.0,2.1614654510671015e-16,5.017609900291378,0.33160522987600416,0.8418509396724403,107.0,133.0,112.0,133.4199981689453
26.8,4.8746895084161055e-06,0.0,2.1614654510671015e-16,5.017609900291378,0.33160522987600416,0.8418509396724403,107.0,133.0,112.0,133.4199981689453
26.85,3.776254429532185e-07,0.0,2.1614654510671015e-16,5.017609900291378,0.33160522987600416,0.8418509396724403,107.0,133.0,112.0,133.4199981689453
26.900000000000002,9.955370118299635e-07,0.0,2.1614654510671015e-16,5.017609900291378,0.33160522987600416,0.8418509396724403,107.0,133.0,112.0,133.4199981689453
26.950000000000003,1.6134563394333611e-06,0.0,2.1614654510671015e-16,5.017609900291378,0.33160522987600416,0.8418509396724403,107.0,133.0,112.0,133.4199981689453
27.0,2.300036354857252e-06,0.0,2.1614654510671015e-16,5.017609900291378,0.33160522987600416,0.8418509396724403,107.0,133.0,112.0,133.4199981689453
27.05,2.9866118379309824e-06,0.0,2.1614654510671015e-16,5.017609900291378,0.33160522987600416,0.8418509396724403,107.0,133.0,112.0,133.4199981689453
27.1,3.604536140059937e-06,0.0,2.1614654510671015e-16,5.017609900291378,0.33160522987600416,0.8418509396724403,107.0,133.0,112.0,133.4199981689453
27.150000000000002,4.222441649457505e-06,0.0,2.1614654510671015e-16,5.017609900291378,0.33160522987600416,0.8418509396724403,107.0,133.0,112.0,133.4199981689453
27.200000000000003,4.840380658174407e-06,0.0,2.1614654510671015e-16,5.017609900291378,0.33160522987600416,0.8418509396724403,107.0,133.0,112.0,133.4199981689453
27.25,1.0298675058730169e-07,0.0,2.1614654510671015e-16,5.017609900291378,0.33160522987600416,0.8418509396724403,107.0,133.0,112.0,133.4199981689453
27.3,7.552350211708199e-07,0.0,2.1614654510671015e-16,5.017609900291378,0.33160522987600416,0.8418509396724403,107.0,133.0,112.0,133.4199981689453
27.35,1.373157751166639e-06,0.0,2.1614654510671015e-16,5.017609900291378,0.33160522987600416,0.8418509396724403,107.0,133.0,112.0,133.4199981689453
27.400000000000002,2.0254058951232924e-06,0.0,2.1614654510671015e-16,5.017609900291378,0.33160522987600416,0.8418509396724403,107.0,133.0,112.0,133.4199981689453
27.450000000000003,2.6776538388969624e-06,0.0,2.1614654510671015e-16,5.017609900291378,0.33160522987600416,0.8418509396724403,107.0,133.0,112.0,133.4199981689453
27.5,3.329899864993869e-06,0.0,2.1614654510671015e-16,5.017609900291378,0.33160522987600416,0.8418509396724403,107.0,133.0,112.0,133.4199981689453
27.55,3.947832318269141e-06,0.0,2.1614654510671015e-16,5.017609900291378,0.33160522987600416,0.8418509396724403,107.0,133.0,112.0,133.4199981689453
27.6,4.5313919834246606e-06,0.0,2.1614654510671015e-16,5.017609900291378,0.33160522987600416,0.8418509396724403,107.0,133.0,112.0,133.4199981689453
27.650000000000002,5.183639932981727e-06,0.0,2.1614654510671015e-16,5.017609900291378,0.33160522987600416,0.8418509396724403,107.0,133.0,112.0,133.4199981689453
27.700000000000003,5.14939882929007e-07,0.0,2.1614654510671015e-16,5.017609900291378,0.33160522987600416,0.8418509396724403,107.0,133.0,112.0,133.4199981689453
27.75,1.1671859750910256e-06,0.0,2.1614654510671015e-16,5.017609900291378,0.33160522987600416,0.8418509396724403,107.0,133.0,112.0,133.4199981689453
27.8,1.7851014874722413e-06,0.0,2.1614654510671015e-16,5.017609900291378,0.33160522987600416,0.8418509396724403,107.0,133.0,112.0,133.4199981689453
27.85,2.4030179992956766e-06,0.0,2.1614654510671015e-16,5.017609900291378,0.33160522987600416,0.8418509396724403,107.0,133.0,112.0,133.4199981689453
27.900000000000002,2.9866109925086018e-06,0.0,2.1614654510671015e-16,5.017609900291378,0.33160522987600416,0.8418509396724403,107.0,133.0,112.0,133.4199981689453
27.950000000000003,3.638844775698661e-06,0.0,2.1614654510671015e-16,5.017609900291378,0.33160522987600416,0.8418509396724403,107.0,133.0,112.0,133.4199981689453
28.0,4.325436769652666e-06,0.0,2.1614654510671015e-16,5.017609900291378,0.33160522987600416,0.8418509396724403,107.0,133.0,112.0,133.4199981689453
28.05,4.943340974116679e-06,0.0,2.1614654510671015e-16,5.017609900291378,0.33160522987600416,0.8418509396724403,107.0,133.0,112.0,133.4199981689453
28.1,2.403046547674167e-07,0.0,2.1614654510671015e-16,5.017609900291378,0.33160522987600416,0.8418509396724403,107.0,133.0,112.0,133.4199981689453
28.150000000000002,8.238924394315614e-07,0.0,2.1614654510671015e-16,5.017609900291378,0.33160522987600416,0.8418509396724403,107.0,133.0,112.0,133.4199981689453
28.200000000000003,1.4761404286902199e-06,0.0,2.1614654510671015e-16,5.017609900291378,0.33160522987600416,0.8418509396724403,107.0,133.0,112.0,133.4199981689453
28.25,2.162718063405311e-06,0.0,2.1614654510671015e-16,5.017609900291378,0.33160522987600416,0.8418509396724403,107.0,133.0,112.0,133.4199981689453
28.3,2.8149660352756375e-06,0.0,2.1614654510671015e-16,5.017609900291378,0.33160522987600416,0.8418509396724403,107.0,133.0,112.0,133.4199981689453
28.35,3.329899328452176e-06,0.0,2.1614654510671015e-16,5.017609900291378,0.33160522987600416,0.8418509396724403,107.0,133.0,112.0,133.4199981689453
28.400000000000002,3.9134882607521975e-06,0.0,2.1614654510671015e-16,5.017609900291378,0.33160522987600416,0.8418509396724403,107.0,133.0,112.0,133.4199981689453
28.450000000000003,4.600080165039359e-06,0.0,2.1614654510671015e-16,5.017609900291378,0.33160522987600416,0.8418509396724403,107.0,133.0,112.0,133.4199981689453
28.5,0.0,0.0,2.1614654510671015e-16,5.017609900291378,0.33160522987600416,0.8418509396724403,107.0,133.0,112.0,133.4199981689453
28.55,6.179201289765951e-07,0.0,2.1614654510671015e-16,5.017609900291378,0.33160522987600416,0.8418509396724403,107.0,133.0,112.0,133.4199981689453
28.6,1.2701669395561313e-06,0.0,2.1614654510671015e-16,5.017609900291378,0.33160522987600416,0.8418509396724403,107.0,133.0,112.0,133.4199981689453
28.650000000000002,1.956745082899279e-06,0.0,2.1614654510671015e-16,5.017609900291378,0.33160522987600416,0.8418509396724403,107.0,133.0,112.0,133.4199981689453
28.700000000000003,2.6089947098698496e-06,0.0,2.1614654510671015e-16,5.017609900291378,0.33160522987600416,0.8418509396724403,107.0,133.0,112.0,133.4199981689453
28.75,3.2612407650985317e-06,0.0,2.1614654510671015e-16,5.017609900291378,0.33160522987600416,0.8418509396724403,107.0,133.0,112.0,133.4199981689453
28.8,3.844835976425881e-06,0.0,2.1614654510671015e-16,5.017609900291378,0.33160522987600416,0.8418509396724403,107.0,133.0,112.0,133.4199981689453
28.85,4.394089141956903e-06,0.0,2.1614654510671015e-16,5.017609900291378,0.33160522987600416,0.8418509396724403,107.0,133.0,112.0,133.4199981689453
28.900000000000002,5.046336553458643e-06,0.0,2.1614654510671015e-16,5.017609900291378,0.33160522987600416,0.8418509396724403,107.0,133.0,112.0,133.4199981689453
28.950000000000003,4.1195952323201604e-07,0.0,2.1614654510671015e-16,5.017609900291378,0.33160522987600416,0.8418509396724403,107.0,133.0,112.0,133.4199981689453
29.0,1.064193054463848e-06,0.0,2.1614654510671015e-16,5.017609900291378,0.33160522987600416,0.8418509396724403,107.0,133.0,112.0,133.4199981689453
29.05,1.6821149360731577e-06,0.0,2.1614654510671015e-16,5.017609900291378,0.33160522987600416,0.8418509396724403,107.0,133.0,112.0,133.4199981689453
29.1,2.265707393525515e-06,0.0,2.1614654510671015e-16,5.017609900291378,0.33160522987600416,0.8418509396724403,107.0,133.0,112.0,133.4199981689453
29.150000000000002,2.9179516740774413e-06,0.0,2.1614654510671015e-16,5.017609900291378,0.33160522987600416,0.8418509396724403,107.0,133.0,112.0,133.4199981689453
29.200000000000003,3.501541322433362e-06,0.0,2.1614654510671015e-16,5.017609900291378,0.33160522987600416,0.8418509396724403,107.0,133.0,112.0,133.4199981689453
29.25,4.1537914466284405e-06,0.0,2.1614654510671015e-16,5.017609900291378,0.33160522987600416,0.8418509396724403,107.0,133.0,112.0,133.4199981689453
29.3,4.806035955216896e-06,0.0,2.1614654510671015e-16,5.017609900291378,0.33160522987600416,0.8418509396724403,107.0,133.0,112.0,133.4199981689453
29.35,1.3731556484675768e-07,0.0,2.1614654510671015e-16,5.017609900291378,0.33160522987600416,0.8418509396724403,107.0,133.0,112.0,133.4199981689453
29.400000000000002,7.895644912648241e-07,0.0,2.1614654510671015e-16,5.017609900291378,0.33160522987600416,0.8418509396724403,107.0,133.0,112.0,133.4199981689453
29.450000000000003,1.4418110473040567e-06,0.0,2.1614654510671015e-16,5.017609900291378,0.33160522987600416,0.8418509396724403,107.0,133.0,112.0,133.4199981689453
29.5,2.12838856108679e-06,0.0,2.1614654510671015e-16,5.017609900291378,0.33160522987600416,0.8418509396724403,107.0,133.0,112.0,133.4199981689453
29.55,2.7806366250044527e-06,0.0,2.1614654510671015e-16,5.017609900291378,0.33160522987600416,0.8418509396724403,107.0,133.0,112.0,133.4199981689453
29.6,3.3985547816041252e-06,0.0,2.1614654510671015e-16,5.017609900291378,0.33160522987600416,0.8418509396724403,107.0,133.0,112.0,133.4199981689453
29.650000000000002,4.050792324078764e-06,0.0,2.1614654510671015e-16,5.017609900291378,0.33160522987600416,0.8418509396724403,107.0,133.0,112.0,133.4199981689453
29.700000000000003,4.703040362778969e-06,0.0,2.1614654510671015e-16,5.017609900291378,0.33160522987600416,0.8418509396724403,107.0,133.0,112.0,133.4199981689453
29.75,5.3209800016643704e-06,0.0,2.1614654510671015e-16,5.017609900291378,0.33160522987600416,0.8418509396724403,107.0,133.0,112.0,133.4199981689453
29.8,5.492629987458414e-07,0.0,2.1614654510671015e-16,5.017609900291378,0.33160522987600416,0.8418509396724403,107.0,133.0,112.0,133.4199981689453
29.85,1.1671814363382885e-06,0.0,2.1614654510671015e-16,5.017609900291378,0.33160522987600416,0.8418509396724403,107.0,133.0,112.0,133.4199981689453
29.900000000000002,1.8194294794321297e-06,0.0,2.1614654510671015e-16,5.017609900291378,0.33160522987600416,0.8418509396724403,107.0,133.0,112.0,133.4199981689453
29.950000000000003,2.3686890046135303e-06,0.0,2.1614654510671015e-16,5.017609900291378,0.33160522987600416,0.8418509396724403,107.0,133.0,112.0,133.4199981689453
30.0,3.0552659273353848e-06,0.0,2.1614654510671015e-16,5.017609900291378,0.33160522987600416,0.8418509396724403,107.0,133.0,112.0,133.4199981689453
30.05,3.6731881670298276e-06,0.0,2.1614654510671015e-16,5.017609900291378,0.33160522987600416,0.8418509396724403,107.0,133.0,112.0,133.4199981689453
30.1,4.256784124371689e-06,0.0,2.1614654510671015e-16,5.017609900291378,0.33160522987600416,0.8418509396724403,107.0,133.0,112.0,133.4199981689453
30.150000000000002,4.874688327417043e-06,0.0,2.1614654510671015e-16,5.017609900291378,0.33160522987600416,0.8418509396724403,107.0,133.0,112.0,133.4199981689453
30.200000000000003,2.403018767993726e-07,0.0,2.1614654510671015e-16,5.017609900291378,0.33160522987600416,0.8418509396724403,107.0,133.0,112.0,133.4199981689453
30.25,8.238924558036541e-07,0.0,2.1614654510671015e-16,5.017609900291378,0.33160522987600416,0.8418509396724403,107.0,133.0,112.0,133.4199981689453
30.3,1.441811792920409e-06,0.0,2.1614654510671015e-16,5.017609900291378,0.33160522987600416,0.8418509396724403,107.0,133.0,112.0,133.4199981689453
30.35,2.059729434606548e-06,0.0,2.1614654510671015e-16,5.017609900291378,0.33160522987600416,0.8418509396724403,107.0,133.0,112.0,133.4199981689453
30.400000000000002,2.7119772833827262e-06,0.0,2.1614654510671015e-16,5.017609900291378,0.33160522987600416,0.8418509396724403,107.0,133.0,112.0,133.4199981689453
30.450000000000003,3.398555158859581e-06,0.0,2.1614654510671015e-16,5.017609900291378,0.33160522987600416,0.8418509396724403,107.0,133.0,112.0,133.4199981689453
30.5,3.982139879172956e-06,0.0,2.1614654510671015e-16,5.017609900291378,0.33160522987600416,0.8418509396724403,107.0,133.0,112.0,133.4199981689453
30.55,4.565736229158824e-06,0.0,2.1614654510671015e-16,5.017609900291378,0.33160522987600416,0.8418509396724403,107.0,133.0,112.0,133.4199981689453
30.6,0.0,0.0,2.1614654510671015e-16,5.017609900291378,0.33160522987600416,0.8418509396724403,107.0,133.0,112.0,133.4199981689453
30.650000000000002,6.52248939868232e-07,0.0,2.1614654510671015e-16,5.017609900291378,0.33160522987600416,0.8418509396724403,107.0,133.0,112.0,133.4199981689453
30.700000000000003,1.2701670390340517e-06,0.0,2.1614654510671015e-16,5.017609900291378,0.33160522987600416,0.8418509396724403,107.0,133.0,112.0,133.4199981689453
30.75,1.9567447386021796e-06,0.0,2.1614654510671015e-16,5.017609900291378,0.33160522987600416,0.8418509396724403,107.0,133.0,112.0,133.4199981689453
30.8,2.6089920939467723e-06,0.0,2.1614654510671015e-16,5.017609900291378,0.33160522987600416,0.8418509396724403,107.0,133.0,112.0,133.4199981689453
30.85,3.1925808416028537e-06,0.0,2.1614654510671015e-16,5.017609900291378,0.33160522987600416,0.8418509396724403,107.0,133.0,112.0,133.4199981689453
30.900000000000002,3.8448360419370766e-06,0.0,2.1614654510671015e-16,5.017609900291378,0.33160522987600416,0.8418509396724403,107.0,133.0,112.0,133.4199981689453
30.950000000000003,4.4970842036888115e-06,0.0,2.1614654510671015e-16,5.017609900291378,0.33160522987600416,0.8418509396724403,107.0,133.0,112.0,133.4199981689453
31.0,5.183640015900453e-06,0.0,2.1614654510671015e-16,5.017609900291378,0.33160522987600416,0.8418509396724403,107.0,133.0,112.0,133.4199981689453
31.05,3.0896047790834195e-07,0.0,2.1614654510671015e-16,5.017609900291378,0.33160522987600416,0.8418509396724403,107.0,133.0,112.0,133.4199981689453
31.1,9.955370344815405e-07,0.0,2.1614654510671015e-16,5.017609900291378,0.33160522987600416,0.8418509396724403,107.0,133.0,112.0,133.4199981689453
31.150000000000002,1.6477850954786936e-06,0.0,2.1614654510671015e-16,5.017609900291378,0.33160522987600416,0.8418509396724403,107.0,133.0,112.0,133.4199981689453
31.200000000000003,2.1627180858196165e-06,0.0,2.1614654510671015e-16,5.017609900291378,0.33160522987600416,0.8418509396724403,107.0,133.0,112.0,133.4199981689453
31.25,2.78063644345074e-06,0.0,2.1614654510671015e-16,5.017609900291378,0.33160522987600416,0.8418509396724403,107.0,133.0,112.0,133.4199981689453
31.3,3.4672142483368612e-06,0.0,2.1614654510671015e-16,5.017609900291378,0.33160522987600416,0.8418509396724403,107.0,133.0,112.0,133.4199981689453
31.35,4.050792225400192e-06,0.0,2.1614654510671015e-16,5.017609900291378,0.33160522987600416,0.8418509396724403,107.0,133.0,112.0,133.4199981689453
31.400000000000002,4.634387839552362e-06,0.0,2.1614654510671015e-16,5.017609900291378,0.33160522987600416,0.8418509396724403,107.0,133.0,112.0,133.4199981689453
31.450000000000003,1.0298664292043146e-07,0.0,2.1614654510671015e-16,5.017609900291378,0.33160522987600416,0.8418509396724403,107.0,133.0,112.0,133.4199981689453
31.5,7.209072154868842e-07,0.0,2.1614654510671015e-16,5.017609900291378,0.33160522987600416,0.8418509396724403,107.0,133.0,112.0,133.4199981689453
31.55,1.3388256484723285e-06,0.0,2.1614654510671015e-16,5.017609900291378,0.33160522987600416,0.8418509396724403,107.0,133.0,112.0,133.4199981689453
31.6,1.853759041230963e-06,0.0,2.1614654510671015e-16,5.017609900291378,0.33160522987600416,0.8418509396724403,107.0,133.0,112.0,133.4199981689453
31.650000000000002,2.5060067559266776e-06,0.0,2.1614654510671015e-16,5.017609900291378,0.33160522987600416,0.8418509396724403,107.0,133.0,112.0,133.4199981689453
31.700000000000003,3.089595683063875e-06,0.0,2.1614654510671015e-16,5.017609900291378,0.33160522987600416,0.8418509396724403,107.0,133.0,112.0,133.4199981689453
31.75,3.6731881854999126e-06,0.0,2.1614654510671015e-16,5.017609900291378,0.33160522987600416,0.8418509396724403,107.0,133.0,112.0,133.4199981689453
31.8,4.325436230825227e-06,0.0,2.1614654510671015e-16,5.017609900291378,0.33160522987600416,0.8418509396724403,107.0,133.0,112.0,133.4199981689453
31.85,4.943340001911188e-06,0.0,2.1614654510671015e-16,5.017609900291378,0.33160522987600416,0.8418509396724403,107.0,133.0,112.0,133.4199981689453
31.900000000000002,5.492629221637665e-07,0.0,2.1614654510671015e-16,5.017609900291378,0.33160522987600416,0.8418509396724403,107.0,133.0,112.0,133.4199981689453
31.950000000000003,1.0985221193351591e-06,0.0,2.1614654510671015e-16,5.017609900291378,0.33160522987600416,0.8418509396724403,107.0,133.0,112.0,133.4199981689453
32.0,1.6477849358576516e-06,0.0,2.1614654510671015e-16,5.017609900291378,0.33160522987600416,0.8418509396724403,107.0,133.0,112.0,133.4199981689453
32.050000000000004,2.3000328203801057e-06,0.0,2.1614654510671015e-16,5.017609900291378,0.33160522987600416,0.8418509396724403,107.0,133.0,112.0,133.4199981689453
32.1,2.952281534201846e-06,0.0,2.1614654510671015e-16,5.017609900291378,0.33160522987600416,0.8418509396724403,107.0,133.0,112.0,133.4199981689453
32.15,3.570199307845457e-06,0.0,2.1614654510671015e-16,5.017609900291378,0.33160522987600416,0.8418509396724403,107.0,133.0,112.0,133.4199981689453
32.2,4.085136246204791e-06,0.0,2.1614654510671015e-16,5.017609900291378,0.33160522987600416,0.8418509396724403,107.0,133.0,112.0,133.4199981689453
32.25,4.737384192958669e-06,0.0,2.1614654510671015e-16,5.017609900291378,0.33160522987600416,0.8418509396724403,107.0,133.0,112.0,133.4199981689453
32.300000000000004,2.7463083378834873e-07,0.0,2.1614654510671015e-16,5.017609900291378,0.33160522987600416,0.8418509396724403,107.0,133.0,112.0,133.4199981689453
32.35,9.26878476107905e-07,0.0,2.1614654510671015e-16,5.017609900291378,0.33160522987600416,0.8418509396724403,107.0,133.0,112.0,133.4199981689453
32.4,1.5104700088348111e-06,0.0,2.1614654510671015e-16,5.017609900291378,0.33160522987600416,0.8418509396724403,107.0,133.0,112.0,133.4199981689453
32.45,2.0940593479100793e-06,0.0,2.1614654510671015e-16,5.017609900291378,0.33160522987600416,0.8418509396724403,107.0,133.0,112.0,133.4199981689453
32.5,2.711977581544702e-06,0.0,2.1614654510671015e-16,5.017609900291378,0.33160522987600416,0.8418509396724403,107.0,133.0,112.0,133.4199981689453
32.550000000000004,3.3642252073640344e-06,0.0,2.1614654510671015e-16,5.017609900291378,0.33160522987600416,0.8418509396724403,107.0,133.0,112.0,133.4199981689453
32.6,3.879144253661846e-06,0.0,2.1614654510671015e-16,5.017609900291378,0.33160522987600416,0.8418509396724403,107.0,133.0,112.0,133.4199981689453
32.65,4.5313928457872135e-06,0.0,2.1614654510671015e-16,5.017609900291378,0.33160522987600416,0.8418509396724403,107.0,133.0,112.0,133.4199981689453
32.7,0.0,0.0,2.1614654510671015e-16,5.017609900291378,0.33160522987600416,0.8418509396724403,107.0,133.0,112.0,133.4199981689453
32.75,6.522492167990528e-07,0.0,2.1614654510671015e-16,5.017609900291378,0.33160522987600416,0.8418509396724403,107.0,133.0,112.0,133.4199981689453
32.800000000000004,1.2701673300842722e-06,0.0,2.1614654510671015e-16,5.017609900291378,0.33160522987600416,0.8418509396724403,107.0,133.0,112.0,133.4199981689453
32.85,1.8880869611554483e-06,0.0,2.1614654510671015e-16,5.017609900291378,0.33160522987600416,0.8418509396724403,107.0,133.0,112.0,133.4199981689453
32.9,2.540333280467631e-06,0.0,2.1614654510671015e-16,5.017609900291378,0.33160522987600416,0.8418509396724403,107.0,133.0,112.0,133.4199981689453
32.95,3.226910639453447e-06,0.0,2.1614654510671015e-16,5.017609900291378,0.33160522987600416,0.8418509396724403,107.0,133.0,112.0,133.4199981689453
33.0,3.879144135200537e-06,0.0,2.1614654510671015e-16,5.017609900291378,0.33160522987600416,0.8418509396724403,107.0,133.0,112.0,133.4199981689453
33.050000000000004,4.497085184653482e-06,0.0,2.1614654510671015e-16,5.017609900291378,0.33160522987600416,0.8418509396724403,107.0,133.0,112.0,133.4199981689453
33.1,5.114988631451553e-06,0.0,2.1614654510671015e-16,5.017609900291378,0.33160522987600416,0.8418509396724403,107.0,133.0,112.0,133.4199981689453
33.15,3.0896047790834195e-07,0.0,2.1614654510671015e-16,5.017609900291378,0.33160522987600416,0.8418509396724403,107.0,133.0,112.0,133.4199981689453
33.2,8.925519536419314e-07,0.0,2.1614654510671015e-16,5.017609900291378,0.33160522987600416,0.8418509396724403,107.0,133.0,112.0,133.4199981689453
33.25,1.5791257615273547e-06,0.0,2.1614654510671015e-16,5.017609900291378,0.33160522987600416,0.8418509396724403,107.0,133.0,112.0,133.4199981689453
33.300000000000004,2.2313743004630423e-06,0.0,2.1614654510671015e-16,5.017609900291378,0.33160522987600416,0.8418509396724403,107.0,133.0,112.0,133.4199981689453
33.35,2.8149662842597116e-06,0.0,2.1614654510671015e-16,5.017609900291378,0.33160522987600416,0.8418509396724403,107.0,133.0,112.0,133.4199981689453
33.4,3.3298993197648884e-06,0.0,2.1614654510671015e-16,5.017609900291378,0.33160522987600416,0.8418509396724403,107.0,133.0,112.0,133.4199981689453
33.45,3.844836306506779e-06,0.0,2.1614654510671015e-16,5.017609900291378,0.33160522987600416,0.8418509396724403,107.0,133.0,112.0,133.4199981689453
33.5,4.531392075222814e-06,0.0,2.1614654510671015e-16,5.017609900291378,0.33160522987600416,0.8418509396724403,107.0,133.0,112.0,133.4199981689453
33.550000000000004,1.3731552221782217e-07,0.0,2.1614654510671015e-16,5.017609900291378,0.33160522987600416,0.8418509396724403,107.0,133.0,112.0,133.4199981689453
33.6,7.89566503944479e-07,0.0,2.1614654510671015e-16,5.017609900291378,0.33160522987600416,0.8418509396724403,107.0,133.0,112.0,133.4199981689453
33.65,1.3388259965836407e-06,0.0,2.1614654510671015e-16,5.017609900291378,0.33160522987600416,0.8418509396724403,107.0,133.0,112.0,133.4199981689453
33.7,1.922414497613772e-06,0.0,2.1614654510671015e-16,5.017609900291378,0.33160522987600416,0.8418509396724403,107.0,133.0,112.0,133.4199981689453
33.75,2.4373475924202882e-06,0.0,2.1614654510671015e-16,5.017609900291378,0.33160522987600416,0.8418509396724403,107.0,133.0,112.0,133.4199981689453
33.800000000000004,3.089597081709863e-06,0.0,2.1614654510671015e-16,5.017609900291378,0.33160522987600416,0.8418509396724403,107.0,133.0,112.0,133.4199981689453
33.85,3.7761847326901913e-06,0.0,2.1614654510671015e-16,5.017609900291378,0.33160522987600416,0.8418509396724403,107.0,133.0,112.0,133.4199981689453
33.9,4.428432037137522e-06,0.0,2.1614654510671015e-16,5.017609900291378,0.33160522987600416,0.8418509396724403,107.0,133.0,112.0,133.4199981689453
33.95,5.114988853800433e-06,0.0,2.1614654510671015e-16,5.017609900291378,0.33160522987600416,0.8418509396724403,107.0,133.0,112.0,133.4199981689453
34.0,4.46281861069536e-07,0.0,2.1614654510671015e-16,5.017609900291378,0.33160522987600416,0.8418509396724403,107.0,133.0,112.0,133.4199981689453
34.050000000000004,1.098523607303607e-06,0.0,2.1614654510671015e-16,5.017609900291378,0.33160522987600416,0.8418509396724403,107.0,133.0,112.0,133.4199981689453
34.1,1.7851013921939399e-06,0.0,2.1614654510671015e-16,5.017609900291378,0.33160522987600416,0.8418509396724403,107.0,133.0,112.0,133.4199981689453
34.15,2.4373476791684797e-06,0.0,2.1614654510671015e-16,5.017609900291378,0.33160522987600416,0.8418509396724403,107.0,133.0,112.0,133.4199981689453
34.2,3.0552660458563988e-06,0.0,2.1614654510671015e-16,5.017609900291378,0.33160522987600416,0.8418509396724403,107.0,133.0,112.0,133.4199981689453
34.25,3.6731897694377524e-06,0.0,2.1614654510671015e-16,5.017609900291378,0.33160522987600416,0.8418509396724403,107.0,133.0,112.0,133.4199981689453
34.300000000000004,4.32543694944926e-06,0.0,2.1614654510671015e-16,5.017609900291378,0.33160522987600416,0.8418509396724403,107.0,133.0,112.0,133.4199981689453
34.35,4.943339951396302e-06,0.0,2.1614654510671015e-16,5.017609900291378,0.33160522987600416,0.8418509396724403,107.0,133.0,112.0,133.4199981689453
34.4,2.403046547674167e-07,0.0,2.1614654510671015e-16,5.017609900291378,0.33160522987600416,0.8418509396724403,107.0,133.0,112.0,133.4199981689453
34.45,8.238944583233049e-07,0.0,2.1614654510671015e-16,5.017609900291378,0.33160522987600416,0.8418509396724403,107.0,133.0,112.0,133.4199981689453
34.5,1.510471913270293e-06,0.0,2.1614654510671015e-16,5.017609900291378,0.33160522987600416,0.8418509396724403,107.0,133.0,112.0,133.4199981689453
34.550000000000004,2.162718574303914e-06,0.0,2.1614654510671015e-16,5.017609900291378,0.33160522987600416,0.8418509396724403,107.0,133.0,112.0,133.4199981689453
34.6,2.849291909517986e-06,0.0,2.1614654510671015e-16,5.017609900291378,0.33160522987600416,0.8418509396724403,107.0,133.0,112.0,133.4199981689453
34.65,3.3985549677411337e-06,0.0,2.1614654510671015e-16,5.017609900291378,0.33160522987600416,0.8418509396724403,107.0,133.0,112.0,133.4199981689453
34.7,3.982140359892265e-06,0.0,2.1614654510671015e-16,5.017609900291378,0.33160522987600416,0.8418509396724403,107.0,133.0,112.0,133.4199981689453
34.75,4.6343885811131755e-06,0.0,2.1614654510671015e-16,5.017609900291378,0.33160522987600416,0.8418509396724403,107.0,133.0,112.0,133.4199981689453
34.800000000000004,0.0,0.0,2.1614654510671015e-16,5.017609900291378,0.33160522987600416,0.8418509396724403,107.0,133.0,112.0,133.4199981689453
34.85,6.179184140740875e-07,0.0,2.1614654510671015e-16,5.017609900291378,0.33160522987600416,0.8418509396724403,107.0,133.0,112.0,133.4199981689453
34.9,1.27016717053895e-06,0.0,2.1614654510671015e-16,5.017609900291378,0.33160522987600416,0.8418509396724403,107.0,133.0,112.0,133.4199981689453
34.95,1.9224154172310315e-06,0.0,2.1614654510671015e-16,5.017609900291378,0.33160522987600416,0.8418509396724403,107.0,133.0,112.0,133.4199981689453
35.0,2.574665175939382e-06,0.0,2.1614654510671015e-16,5.017609900291378,0.33160522987600416,0.8418509396724403,107.0,133.0,112.0,133.4199981689453
35.050000000000004,3.2269108531426347e-06,0.0,2.1614654510671015e-16,5.017609900291378,0.33160522987600416,0.8418509396724403,107.0,133.0,112.0,133.4199981689453
35.1,3.7418399892765863e-06,0.0,2.1614654510671015e-16,5.017609900291378,0.33160522987600416,0.8418509396724403,107.0,133.0,112.0,133.4199981689453
35.15,4.291092665833722e-06,0.0,2.1614654510671015e-16,5.017609900291378,0.33160522987600416,0.8418509396724403,107.0,133.0,112.0,133.4199981689453
35.2,4.943339959209121e-06,0.0,2.1614654510671015e-16,5.017609900291378,0.33160522987600416,0.8418509396724403,107.0,133.0,112.0,133.4199981689453
35.25,4.1194492954539166e-07,0.0,2.1614654510671015e-16,5.017609900291378,0.33160522987600416,0.8418509396724403,107.0,133.0,112.0,133.4199981689453
35.300000000000004,1.0985227882953865e-06,0.0,2.1614654510671015e-16,5.017609900291378,0.33160522987600416,0.8418509396724403,107.0,133.0,112.0,133.4199981689453
35.35,1.6134558455643921e-06,0.0,2.1614654510671015e-16,5.017609900291378,0.33160522987600416,0.8418509396724403,107.0,133.0,112.0,133.4199981689453
35.4,2.231374055162573e-06,0.0,2.1614654510671015e-16,5.017609900291378,0.33160522987600416,0.8418509396724403,107.0,133.0,112.0,133.4199981689453
35.45,2.8492922531898435e-06,0.0,2.1614654510671015e-16,5.017609900291378,0.33160522987600416,0.8418509396724403,107.0,133.0,112.0,133.4199981689453
35.5,3.5015400702707445e-06,0.0,2.1614654510671015e-16,5.017609900291378,0.33160522987600416,0.8418509396724403,107.0,133.0,112.0,133.4199981689453
35.550000000000004,4.1881322211070765e-06,0.0,2.1614654510671015e-16,5.017609900291378,0.33160522987600416,0.8418509396724403,107.0,133.0,112.0,133.4199981689453
35.6,4.80603600566702e-06,0.0,2.1614654510671015e-16,5.017609900291378,0.33160522987600416,0.8418509396724403,107.0,133.0,112.0,133.4199981689453
35.65,1.0298664292043146e-07,0.0,2.1614654510671015e-16,5.017609900291378,0.33160522987600416,0.8418509396724403,107.0,133.0,112.0,133.4199981689453
35.7,6.179200426691056e-07,0.0,2.1614654510671015e-16,5.017609900291378,0.33160522987600416,0.8418509396724403,107.0,133.0,112.0,133.4199981689453
35.75,1.2701670924800631e-06,0.0,2.1614654510671015e-16,5.017609900291378,0.33160522987600416,0.8418509396724403,107.0,133.0,112.0,133.4199981689453
35.800000000000004,1.956744656404889e-06,0.0,2.1614654510671015e-16,5.017609900291378,0.33160522987600416,0.8418509396724403,107.0,133.0,112.0,133.4199981689453
35.85,2.5060080724494804e-06,0.0,2.1614654510671015e-16,5.017609900291378,0.33160522987600416,0.8418509396724403,107.0,133.0,112.0,133.4199981689453
35.9,3.158255371319522e-06,0.0,2.1614654510671015e-16,5.017609900291378,0.33160522987600416,0.8418509396724403,107.0,133.0,112.0,133.4199981689453
35.95,3.673188192866279e-06,0.0,2.1614654510671015e-16,5.017609900291378,0.33160522987600416,0.8418509396724403,107.0,133.0,112.0,133.4199981689453
36.0,4.2910923554248325e-06,0.0,2.1614654510671015e-16,5.017609900291378,0.33160522987600416,0.8418509396724403,107.0,133.0,112.0,133.4199981689453
36.050000000000004,4.977684099945823e-06,0.0,2.1614654510671015e-16,5.017609900291378,0.33160522987600416,0.8418509396724403,107.0,133.0,112.0,133.4199981689453
36.1,5.4926374781466e-07,0.0,2.1614654510671015e-16,5.017609900291378,0.33160522987600416,0.8418509396724403,107.0,133.0,112.0,133.4199981689453
36.15,1.1671814602276968e-06,0.0,2.1614654510671015e-16,5.017609900291378,0.33160522987600416,0.8418509396724403,107.0,133.0,112.0,133.4199981689453
36.2,1.6821157393903026e-06,0.0,2.1614654510671015e-16,5.017609900291378,0.33160522987600416,0.8418509396724403,107.0,133.0,112.0,133.4199981689453
36.25,2.3000338841044918e-06,0.0,2.1614654510671015e-16,5.017609900291378,0.33160522987600416,0.8418509396724403,107.0,133.0,112.0,133.4199981689453
36.300000000000004,2.8149661165164864e-06,0.0,2.1614654510671015e-16,5.017609900291378,0.33160522987600416,0.8418509396724403,107.0,133.0,112.0,133.4199981689453
36.35,3.4328863340038815e-06,0.0,2.1614654510671015e-16,5.017609900291378,0.33160522987600416,0.8418509396724403,107.0,133.0,112.0,133.4199981689453
36.4,4.119443962050672e-06,0.0,2.1614654510671015e-16,5.017609900291378,0.33160522987600416,0.8418509396724403,107.0,133.0,112.0,133.4199981689453
36.45,4.8060359528861415e-06,0.0,2.1614654510671015e-16,5.017609900291378,0.33160522987600416,0.8418509396724403,107.0,133.0,112.0,133.4199981689453
36.5,2.403046547674167e-07,0.0,2.1614654510671015e-16,5.017609900291378,0.33160522987600416,0.8418509396724403,107.0,133.0,112.0,133.4199981689453
36.550000000000004,9.268792987493852e-07,0.0,2.1614654510671015e-16,5.017609900291378,0.33160522987600416,0.8418509396724403,107.0,133.0,112.0,133.4199981689453
36.6,1.5447995912268478e-06,0.0,2.1614654510671015e-16,5.017609900291378,0.33160522987600416,0.8418509396724403,107.0,133.0,112.0,133.4199981689453
36.65,2.197044586067592e-06,0.0,2.1614654510671015e-16,5.017609900291378,0.33160522987600416,0.8418509396724403,107.0,133.0,112.0,133.4199981689453
36.7,2.7806393269431096e-06,0.0,2.1614654510671015e-16,5.017609900291378,0.33160522987600416,0.8418509396724403,107.0,133.0,112.0,133.4199981689453
36.75,3.432884898634463e-06,0.0,2.1614654510671015e-16,5.017609900291378,0.33160522987600416,0.8418509396724403,107.0,133.0,112.0,133.4199981689453
36.800000000000004,4.08513623211034e-06,0.0,2.1614654510671015e-16,5.017609900291378,0.33160522987600416,0.8418509396724403,107.0,133.0,112.0,133.4199981689453
36.85,4.668732503196918e-06,0.0,2.1614654510671015e-16,5.017609900291378,0.33160522987600416,0.8418509396724403,107.0,133.0,112.0,133.4199981689453
36.9,0.0,0.0,2.1614654510671015e-16,5.017609900291378,0.33160522987600416,0.8418509396724403,107.0,133.0,112.0,133.4199981689453
36.95,6.179184140740875e-07,0.0,2.1614654510671015e-16,5.017609900291378,0.33160522987600416,0.8418509396724403,107.0,133.0,112.0,133.4199981689453
37.0,1.2358375115392653e-06,0.0,2.1614654510671015e-16,5.017609900291378,0.33160522987600416,0.8418509396724403,107.0,133.0,112.0,133.4199981689453
37.050000000000004,1.8194295622622907e-06,0.0,2.1614654510671015e-16,5.017609900291378,0.33160522987600416,0.8418509396724403,107.0,133.0,112.0,133.4199981689453
37.1,2.43734755370355e-06,0.0,2.1614654510671015e-16,5.017609900291378,0.33160522987600416,0.8418509396724403,107.0,133.0,112.0,133.4199981689453
37.15,3.055265916183752e-06,0.0,2.1614654510671015e-16,5.017609900291378,0.33160522987600416,0.8418509396724403,107.0,133.0,112.0,133.4199981689453
37.2,3.6388440641904502e-06,0.0,2.1614654510671015e-16,5.017609900291378,0.33160522987600416,0.8418509396724403,107.0,133.0,112.0,133.4199981689453
37.25,4.256784003657226e-06,0.0,2.1614654510671015e-16,5.017609900291378,0.33160522987600416,0.8418509396724403,107.0,133.0,112.0,133.4199981689453
37.300000000000004,4.840380145061166e-06,0.0,2.1614654510671015e-16,5.017609900291378,0.33160522987600416,0.8418509396724403,107.0,133.0,112.0,133.4199981689453
37.35,3.0896013630007524e-07,0.0,2.1614654510671015e-16,5.017609900291378,0.33160522987600416,0.8418509396724403,107.0,133.0,112.0,133.4199981689453
37.4,9.268778055174252e-07,0.0,2.1614654510671015e-16,5.017609900291378,0.33160522987600416,0.8418509396724403,107.0,133.0,112.0,133.4199981689453
37.45,1.4418109655342001e-06,0.0,2.1614654510671015e-16,5.017609900291378,0.33160522987600416,0.8418509396724403,107.0,133.0,112.0,133.4199981689453
37.5,2.059729176670657e-06,0.0,2.1614654510671015e-16,5.017609900291378,0.33160522987600416,0.8418509396724403,107.0,133.0,112.0,133.4199981689453
37.550000000000004,2.5746624715970994e-06,0.0,2.1614654510671015e-16,5.017609900291378,0.33160522987600416,0.8418509396724403,107.0,133.0,112.0,133.4199981689453
37.6,3.192580812270881e-06,0.0,2.1614654510671015e-16,5.017609900291378,0.33160522987600416,0.8418509396724403,107.0,133.0,112.0,133.4199981689453
37.65,3.707531916154851e-06,0.0,2.1614654510671015e-16,5.017609900291378,0.33160522987600416,0.8418509396724403,107.0,133.0,112.0,133.4199981689453
37.7,4.325436146246938e-06,0.0,2.1614654510671015e-16,5.017609900291378,0.33160522987600416,0.8418509396724403,107.0,133.0,112.0,133.4199981689453
37.75,1.0298664292043146e-07,0.0,2.1614654510671015e-16,5.017609900291378,0.33160522987600416,0.8418509396724403,107.0,133.0,112.0,133.4199981689453
37.800000000000004,7.552332182146123e-07,0.0,2.1614654510671015e-16,5.017609900291378,0.33160522987600416,0.8418509396724403,107.0,133.0,112.0,133.4199981689453
37.85,1.3044966832715025e-06,0.0,2.1614654510671015e-16,5.017609900291378,0.33160522987600416,0.8418509396724403,107.0,133.0,112.0,133.4199981689453
37.9,1.991074109945594e-06,0.0,2.1614654510671015e-16,5.017609900291378,0.33160522987600416,0.8418509396724403,107.0,133.0,112.0,133.4199981689453
37.95,2.643322265649102e-06,0.0,2.1614654510671015e-16,5.017609900291378,0.33160522987600416,0.8418509396724403,107.0,133.0,112.0,133.4199981689453
38.0,3.2612408447926964e-06,0.0,2.1614654510671015e-16,5.017609900291378,0.33160522987600416,0.8418509396724403,107.0,133.0,112.0,133.4199981689453
38.050000000000004,3.8448358978102185e-06,0.0,2.1614654510671015e-16,5.017609900291378,0.33160522987600416,0.8418509396724403,107.0,133.0,112.0,133.4199981689453
38.1,4.462740125271207e-06,0.0,2.1614654510671015e-16,5.017609900291378,0.33160522987600416,0.8418509396724403,107.0,133.0,112.0,133.4199981689453
38.15,5.114988108012801e-06,0.0,2.1614654510671015e-16,5.017609900291378,0.33160522987600416,0.8418509396724403,107.0,133.0,112.0,133.4199981689453
38.2,4.4627415461475917e-07,0.0,2.1614654510671015e-16,5.017609900291378,0.33160522987600416,0.8418509396724403,107.0,133.0,112.0,133.4199981689453
38.25,1.0641928041877792e-06,0.0,2.1614654510671015e-16,5.017609900291378,0.33160522987600416,0.8418509396724403,107.0,133.0,112.0,133.4199981689453
38.300000000000004,1.6477850274084057e-06,0.0,2.1614654510671015e-16,5.017609900291378,0.33160522987600416,0.8418509396724403,107.0,133.0,112.0,133.4199981689453
38.35,2.26570426326948e-06,0.0,2.1614654510671015e-16,5.017609900291378,0.33160522987600416,0.8418509396724403,107.0,133.0,112.0,133.4199981689453
38.400000000000006,2.952280892575463e-06,0.0,2.1614654510671015e-16,5.017609900291378,0.33160522987600416,0.8418509396724403,107.0,133.0,112.0,133.4199981689453
38.45,3.570199277412918e-06,0.0,2.1614654510671015e-16,5.017609900291378,0.33160522987600416,0.8418509396724403,107.0,133.0,112.0,133.4199981689453
38.5,4.222440327146893e-06,0.0,2.1614654510671015e-16,5.017609900291378,0.33160522987600416,0.8418509396724403,107.0,133.0,112.0,133.4199981689453
38.550000000000004,4.771692142552767e-06,0.0,2.1614654510671015e-16,5.017609900291378,0.33160522987600416,0.8418509396724403,107.0,133.0,112.0,133.4199981689453
38.6,2.7463215340208897e-07,0.0,2.1614654510671015e-16,5.017609900291378,0.33160522987600416,0.8418509396724403,107.0,133.0,112.0,133.4199981689453
38.650000000000006,8.925516543877542e-07,0.0,2.1614654510671015e-16,5.017609900291378,0.33160522987600416,0.8418509396724403,107.0,133.0,112.0,133.4199981689453
38.7,1.4761410660564988e-06,0.0,2.1614654510671015e-16,5.017609900291378,0.33160522987600416,0.8418509396724403,107.0,133.0,112.0,133.4199981689453
38.75,2.0940594348761565e-06,0.0,2.1614654510671015e-16,5.017609900291378,0.33160522987600416,0.8418509396724403,107.0,133.0,112.0,133.4199981689453
38.800000000000004,2.780636822527951e-06,0.0,2.1614654510671015e-16,5.017609900291378,0.33160522987600416,0.8418509396724403,107.0,133.0,112.0,133.4199981689453
38.85,3.4328845468093254e-06,0.0,2.1614654510671015e-16,5.017609900291378,0.33160522987600416,0.8418509396724403,107.0,133.0,112.0,133.4199981689453
38.900000000000006,3.9821399031874585e-06,0.0,2.1614654510671015e-16,5.017609900291378,0.33160522987600416,0.8418509396724403,107.0,133.0,112.0,133.4199981689453
38.95,4.4970839382076345e-06,0.0,2.1614654510671015e-16,5.017609900291378,0.33160522987600416,0.8418509396724403,107.0,133.0,112.0,133.4199981689453
39.0,0.0,0.0,2.1614654510671015e-16,5.017609900291378,0.33160522987600416,0.8418509396724403,107.0,133.0,112.0,133.4199981689453
39.050000000000004,6.522492650575332e-07,0.0,2.1614654510671015e-16,5.017609900291378,0.33160522987600416,0.8418509396724403,107.0,133.0,112.0,133.4199981689453
39.1,1.1671821444688809e-06,0.0,2.1614654510671015e-16,5.017609900291378,0.33160522987600416,0.8418509396724403,107.0,133.0,112.0,133.4199981689453
39.150000000000006,1.7851001500454172e-06,0.0,2.1614654510671015e-16,5.017609900291378,0.33160522987600416,0.8418509396724403,107.0,133.0,112.0,133.4199981689453
39.2,2.300032713084487e-06,0.0,2.1614654510671015e-16,5.017609900291378,0.33160522987600416,0.8418509396724403,107.0,133.0,112.0,133.4199981689453
39.25,2.9522822671440734e-06,0.0,2.1614654510671015e-16,5.017609900291378,0.33160522987600416,0.8418509396724403,107.0,133.0,112.0,133.4199981689453
39.300000000000004,3.6388449804882136e-06,0.0,2.1614654510671015e-16,5.017609900291378,0.33160522987600416,0.8418509396724403,107.0,133.0,112.0,133.4199981689453
39.35,4.291092065019104e-06,0.0,2.1614654510671015e-16,5.017609900291378,0.33160522987600416,0.8418509396724403,107.0,133.0,112.0,133.4199981689453
39.400000000000006,4.97768552215011e-06,0.0,2.1614654510671015e-16,5.017609900291378,0.33160522987600416,0.8418509396724403,107.0,133.0,112.0,133.4199981689453
39.45,3.776352633896704e-07,0.0,2.1614654510671015e-16,5.017609900291378,0.33160522987600416,0.8418509396724403,107.0,133.0,112.0,133.4199981689453
39.5,9.955371193204356e-07,0.0,2.1614654510671015e-16,5.017609900291378,0.33160522987600416,0.8418509396724403,107.0,133.0,112.0,133.4199981689453
39.550000000000004,1.6821221876117504e-06,0.0,2.1614654510671015e-16,5.017609900291378,0.33160522987600416,0.8418509396724403,107.0,133.0,112.0,133.4199981689453
39.6,2.3686906685578406e-06,0.0,2.1614654510671015e-16,5.017609900291378,0.33160522987600416,0.8418509396724403,107.0,133.0,112.0,133.4199981689453
39.650000000000006,2.986610827344775e-06,0.0,2.1614654510671015e-16,5.017609900291378,0.33160522987600416,0.8418509396724403,107.0,133.0,112.0,133.4199981689453
39.7,3.6388467996677633e-06,0.0,2.1614654510671015e-16,5.017609900291378,0.33160522987600416,0.8418509396724403,107.0,133.0,112.0,133.4199981689453
39.75,4.291092221199731e-06,0.0,2.1614654510671015e-16,5.017609900291378,0.33160522987600416,0.8418509396724403,107.0,133.0,112.0,133.4199981689453
39.800000000000004,4.874689970286569e-06,0.0,2.1614654510671015e-16,5.017609900291378,0.33160522987600416,0.8418509396724403,107.0,133.0,112.0,133.4199981689453
39.85,1.0298675058730169e-07,0.0,2.1614654510671015e-16,5.017609900291378,0.33160522987600416,0.8418509396724403,107.0,133.0,112.0,133.4199981689453
39.900000000000006,7.209220785472137e-07,0.0,2.1614654510671015e-16,5.017609900291378,0.33160522987600416,0.8418509396724403,107.0,133.0,112.0,133.4199981689453
39.95,1.4074841878290013e-06,0.0,2.1614654510671015e-16,5.017609900291378,0.33160522987600416,0.8418509396724403,107.0,133.0,112.0,133.4199981689453
40.0,2.0254035409378783e-06,0.0,2.1614654510671015e-16,5.017609900291378,0.33160522987600416,0.8418509396724403,107.0,133.0,112.0,133.4199981689453
40.050000000000004,2.7119813636131556e-06,0.0,2.1614654510671015e-16,5.017609900291378,0.33160522987600416,0.8418509396724403,107.0,133.0,112.0,133.4199981689453
40.1,3.3642270785528056e-06,0.0,2.1614654510671015e-16,5.017609900291378,0.33160522987600416,0.8418509396724403,107.0,133.0,112.0,133.4199981689453
40.150000000000006,3.982139953771472e-06,0.0,2.1614654510671015e-16,5.017609900291378,0.33160522987600416,0.8418509396724403,107.0,133.0,112.0,133.4199981689453
40.2,4.600081759185915e-06,0.0,2.1614654510671015e-16,5.017609900291378,0.33160522987600416,0.8418509396724403,107.0,133.0,112.0,133.4199981689453
40.25,5.286637464327044e-06,0.0,2.1614654510671015e-16,5.017609900291378,0.33160522987600416,0.8418509396724403,107.0,133.0,112.0,133.4199981689453
40.300000000000004,5.149364342869221e-07,0.0,2.1614654510671015e-16,5.017609900291378,0.33160522987600416,0.8418509396724403,107.0,133.0,112.0,133.4199981689453
40.35,1.1671814934198993e-06,0.0,2.1614654510671015e-16,5.017609900291378,0.33160522987600416,0.8418509396724403,107.0,133.0,112.0,133.4199981689453
40.400000000000006,1.7850997300111484e-06,0.0,2.1614654510671015e-16,5.017609900291378,0.33160522987600416,0.8418509396724403,107.0,133.0,112.0,133.4199981689453
40.45,2.4716773670649824e-06,0.0,2.1614654510671015e-16,5.017609900291378,0.33160522987600416,0.8418509396724403,107.0,133.0,112.0,133.4199981689453
40.5,3.123925288120582e-06,0.0,2.1614654510671015e-16,5.017609900291378,0.33160522987600416,0.8418509396724403,107.0,133.0,112.0,133.4199981689453
40.550000000000004,3.6388440560412958e-06,0.0,2.1614654510671015e-16,5.017609900291378,0.33160522987600416,0.8418509396724403,107.0,133.0,112.0,133.4199981689453
40.6,4.256783905798777e-06,0.0,2.1614654510671015e-16,5.017609900291378,0.33160522987600416,0.8418509396724403,107.0,133.0,112.0,133.4199981689453
40.650000000000006,4.909031873579849e-06,0.0,2.1614654510671015e-16,5.017609900291378,0.33160522987600416,0.8418509396724403,107.0,133.0,112.0,133.4199981689453
40.7,2.4030771899183005e-07,0.0,2.1614654510671015e-16,5.017609900291378,0.33160522987600416,0.8418509396724403,107.0,133.0,112.0,133.4199981689453
40.75,8.582227601412237e-07,0.0,2.1614654510671015e-16,5.017609900291378,0.33160522987600416,0.8418509396724403,107.0,133.0,112.0,133.4199981689453
40.800000000000004,1.4761435750995572e-06,0.0,2.1614654510671015e-16,5.017609900291378,0.33160522987600416,0.8418509396724403,107.0,133.0,112.0,133.4199981689453
40.85,2.1627195816413228e-06,0.0,2.1614654510671015e-16,5.017609900291378,0.33160522987600416,0.8418509396724403,107.0,133.0,112.0,133.4199981689453
40.900000000000006,2.8149690722648915e-06,0.0,2.1614654510671015e-16,5.017609900291378,0.33160522987600416,0.8418509396724403,107.0,133.0,112.0,133.4199981689453
40.95,3.467214308187736e-06,0.0,2.1614654510671015e-16,5.017609900291378,0.33160522987600416,0.8418509396724403,107.0,133.0,112.0,133.4199981689453
41.0,3.982140194244784e-06,0.0,2.1614654510671015e-16,5.017609900291378,0.33160522987600416,0.8418509396724403,107.0,133.0,112.0,133.4199981689453
41.050000000000004,4.565736917437501e-06,0.0,2.1614654510671015e-16,5.017609900291378,0.33160522987600416,0.8418509396724403,107.0,133.0,112.0,133.4199981689453
41.1,0.0,0.0,2.1614654510671015e-16,5.017609900291378,0.33160522987600416,0.8418509396724403,107.0,133.0,112.0,133.4199981689453
41.150000000000006,6.865841867668116e-07,0.0,2.1614654510671015e-16,5.017609900291378,0.33160522987600416,0.8418509396724403,107.0,133.0,112.0,133.4199981689453
41.2,1.3388280958372793e-06,0.0,2.1614654510671015e-16,5.017609900291378,0.33160522987600416,0.8418509396724403,107.0,133.0,112.0,133.4199981689453
41.25,1.922414513993633e-06,0.0,2.1614654510671015e-16,5.017609900291378,0.33160522987600416,0.8418509396724403,107.0,133.0,112.0,133.4199981689453
41.300000000000004,2.4373478266370717e-06,0.0,2.1614654510671015e-16,5.017609900291378,0.33160522987600416,0.8418509396724403,107.0,133.0,112.0,133.4199981689453
41.35,3.123927020099141e-06,0.0,2.1614654510671015e-16,5.017609900291378,0.33160522987600416,0.8418509396724403,107.0,133.0,112.0,133.4199981689453
41.400000000000006,3.8104938258191665e-06,0.0,2.1614654510671015e-16,5.017609900291378,0.33160522987600416,0.8418509396724403,107.0,133.0,112.0,133.4199981689453
41.45,4.462740132424869e-06,0.0,2.1614654510671015e-16,5.017609900291378,0.33160522987600416,0.8418509396724403,107.0,133.0,112.0,133.4199981689453
41.5,5.149332948437483e-06,0.0,2.1614654510671015e-16,5.017609900291378,0.33160522987600416,0.8418509396724403,107.0,133.0,112.0,133.4199981689453
41.550000000000004,3.432957003574449e-07,0.0,2.1614654510671015e-16,5.017609900291378,0.33160522987600416,0.8418509396724403,107.0,133.0,112.0,133.4199981689453
41.6,9.612075159612925e-07,0.0,2.1614654510671015e-16,5.017609900291378,0.33160522987600416,0.8418509396724403,107.0,133.0,112.0,133.4199981689453
41.650000000000006,1.6477848710643374e-06,0.0,2.1614654510671015e-16,5.017609900291378,0.33160522987600416,0.8418509396724403,107.0,133.0,112.0,133.4199981689453
41.7,2.300032732760894e-06,0.0,2.1614654510671015e-16,5.017609900291378,0.33160522987600416,0.8418509396724403,107.0,133.0,112.0,133.4199981689453
41.75,2.952281132231458e-06,0.0,2.1614654510671015e-16,5.017609900291378,0.33160522987600416,0.8418509396724403,107.0,133.0,112.0,133.4199981689453
41.800000000000004,3.5702005049098636e-06,0.0,2.1614654510671015e-16,5.017609900291378,0.33160522987600416,0.8418509396724403,107.0,133.0,112.0,133.4199981689453
41.85,4.222441332568946e-06,0.0,2.1614654510671015e-16,5.017609900291378,0.33160522987600416,0.8418509396724403,107.0,133.0,112.0,133.4199981689453
41.900000000000006,4.84038005447416e-06,0.0,2.1614654510671015e-16,5.017609900291378,0.33160522987600416,0.8418509396724403,107.0,133.0,112.0,133.4199981689453
41.95,1.0298664292043146e-07,0.0,2.1614654510671015e-16,5.017609900291378,0.33160522987600416,0.8418509396724403,107.0,133.0,112.0,133.4199981689453
42.0,6.522480273520921e-07,0.0,2.1614654510671015e-16,5.017609900291378,0.33160522987600416,0.8418509396724403,107.0,133.0,112.0,133.4199981689453
42.050000000000004,1.3388261621028237e-06,0.0,2.1614654510671015e-16,5.017609900291378,0.33160522987600416,0.8418509396724403,107.0,133.0,112.0,133.4199981689453
42.1,1.991073673749906e-06,0.0,2.1614654510671015e-16,5.017609900291378,0.33160522987600416,0.8418509396724403,107.0,133.0,112.0,133.4199981689453
42.150000000000006,2.6089921269199777e-06,0.0,2.1614654510671015e-16,5.017609900291378,0.33160522987600416,0.8418509396724403,107.0,133.0,112.0,133.4199981689453
42.2,3.123926289241935e-06,0.0,2.1614654510671015e-16,5.017609900291378,0.33160522987600416,0.8418509396724403,107.0,133.0,112.0,133.4199981689453
42.25,3.7761855044905243e-06,0.0,2.1614654510671015e-16,5.017609900291378,0.33160522987600416,0.8418509396724403,107.0,133.0,112.0,133.4199981689453
42.300000000000004,4.428433661267205e-06,0.0,2.1614654510671015e-16,5.017609900291378,0.33160522987600416,0.8418509396724403,107.0,133.0,112.0,133.4199981689453
42.35,5.0806803292726315e-06,0.0,2.1614654510671015e-16,5.017609900291378,0.33160522987600416,0.8418509396724403,107.0,133.0,112.0,133.4199981689453
42.400000000000006,4.806038119317504e-07,0.0,2.1614654510671015e-16,5.017609900291378,0.33160522987600416,0.8418509396724403,107.0,133.0,112.0,133.4199981689453
42.45,1.1328518348784087e-06,0.0,2.1614654510671015e-16,5.017609900291378,0.33160522987600416,0.8418509396724403,107.0,133.0,112.0,133.4199981689453
42.5,1.7164418733032534e-06,0.0,2.1614654510671015e-16,5.017609900291378,0.33160522987600416,0.8418509396724403,107.0,133.0,112.0,133.4199981689453
42.550000000000004,2.3686893599025444e-06,0.0,2.1614654510671015e-16,5.017609900291378,0.33160522987600416,0.8418509396724403,107.0,133.0,112.0,133.4199981689453
42.6,2.986612406846433e-06,0.0,2.1614654510671015e-16,5.017609900291378,0.33160522987600416,0.8418509396724403,107.0,133.0,112.0,133.4199981689453
42.650000000000006,3.6388447815033065e-06,0.0,2.1614654510671015e-16,5.017609900291378,0.33160522987600416,0.8418509396724403,107.0,133.0,112.0,133.4199981689453
42.7,4.325436630741432e-06,0.0,2.1614654510671015e-16,5.017609900291378,0.33160522987600416,0.8418509396724403,107.0,133.0,112.0,133.4199981689453
42.75,4.943339959628024e-06,0.0,2.1614654510671015e-16,5.017609900291378,0.33160522987600416,0.8418509396724403,107.0,133.0,112.0,133.4199981689453
42.800000000000004,2.059732285304166e-07,0.0,2.1614654510671015e-16,5.017609900291378,0.33160522987600416,0.8418509396724403,107.0,133.0,112.0,133.4199981689453
42.85,7.895635851394211e-07,0.0,2.1614654510671015e-16,5.017609900291378,0.33160522987600416,0.8418509396724403,107.0,133.0,112.0,133.4199981689453
42.900000000000006,1.4761413464370855e-06,0.0,2.1614654510671015e-16,5.017609900291378,0.33160522987600416,0.8418509396724403,107.0,133.0,112.0,133.4199981689453
42.95,2.1283884762814567e-06,0.0,2.1614654510671015e-16,5.017609900291378,0.33160522987600416,0.8418509396724403,107.0,133.0,112.0,133.4199981689453
43.0,2.81496601229102e-06,0.0,2.1614654510671015e-16,5.017609900291378,0.33160522987600416,0.8418509396724403,107.0,133.0,112.0,133.4199981689453
43.050000000000004,3.329900231865909e-06,0.0,2.1614654510671015e-16,5.017609900291378,0.33160522987600416,0.8418509396724403,107.0,133.0,112.0,133.4199981689453
43.1,3.94783266560563e-06,0.0,2.1614654510671015e-16,5.017609900291378,0.33160522987600416,0.8418509396724403,107.0,133.0,112.0,133.4199981689453
43.150000000000006,4.565736693094025e-06,0.0,2.1614654510671015e-16,5.017609900291378,0.33160522987600416,0.8418509396724403,107.0,133.0,112.0,133.4199981689453
43.2,0.0,0.0,2.1614654510671015e-16,5.017609900291378,0.33160522987600416,0.8418509396724403,107.0,133.0,112.0,133.4199981689453
43.25,6.522480086263847e-07,0.0,2.1614654510671015e-16,5.017609900291378,0.33160522987600416,0.8418509396724403,107.0,133.0,112.0,133.4199981689453
43.300000000000004,1.1671812491835422e-06,0.0,2.1614654510671015e-16,5.017609900291378,0.33160522987600416,0.8418509396724403,107.0,133.0,112.0,133.4199981689453
43.35,1.7850996111336544e-06,0.0,2.1614654510671015e-16,5.017609900291378,0.33160522987600416,0.8418509396724403,107.0,133.0,112.0,133.4199981689453
43.400000000000006,2.437347724558858e-06,0.0,2.1614654510671015e-16,5.017609900291378,0.33160522987600416,0.8418509396724403,107.0,133.0,112.0,133.4199981689453
43.45,2.9866104707096777e-06,0.0,2.1614654510671015e-16,5.017609900291378,0.33160522987600416,0.8418509396724403,107.0,133.0,112.0,133.4199981689453
43.5,3.501540240657915e-06,0.0,2.1614654510671015e-16,5.017609900291378,0.33160522987600416,0.8418509396724403,107.0,133.0,112.0,133.4199981689453
43.550000000000004,4.153788017153556e-06,0.0,2.1614654510671015e-16,5.017609900291378,0.33160522987600416,0.8418509396724403,107.0,133.0,112.0,133.4199981689453
43.6,4.840380097206556e-06,0.0,2.1614654510671015e-16,5.017609900291378,0.33160522987600416,0.8418509396724403,107.0,133.0,112.0,133.4199981689453
43.650000000000006,4.119494422222167e-07,0.0,2.1614654510671015e-16,5.017609900291378,0.33160522987600416,0.8418509396724403,107.0,133.0,112.0,133.4199981689453
43.7,1.064192459469854e-06,0.0,2.1614654510671015e-16,5.017609900291378,0.33160522987600416,0.8418509396724403,107.0,133.0,112.0,133.4199981689453
43.75,1.6821152427821352e-06,0.0,2.1614654510671015e-16,5.017609900291378,0.33160522987600416,0.8418509396724403,107.0,133.0,112.0,133.4199981689453
43.800000000000004,2.3000329868228802e-06,0.0,2.1614654510671015e-16,5.017609900291378,0.33160522987600416,0.8418509396724403,107.0,133.0,112.0,133.4199981689453
43.85,2.917951819241008e-06,0.0,2.1614654510671015e-16,5.017609900291378,0.33160522987600416,0.8418509396724403,107.0,133.0,112.0,133.4199981689453
43.900000000000006,3.5701995382717e-06,0.0,2.1614654510671015e-16,5.017609900291378,0.33160522987600416,0.8418509396724403,107.0,133.0,112.0,133.4199981689453
43.95,4.256784788715651e-06,0.0,2.1614654510671015e-16,5.017609900291378,0.33160522987600416,0.8418509396724403,107.0,133.0,112.0,133.4199981689453
44.0,4.909032185600414e-06,0.0,2.1614654510671015e-16,5.017609900291378,0.33160522987600416,0.8418509396724403,107.0,133.0,112.0,133.4199981689453
44.050000000000004,1.0298664292043146e-07,0.0,2.1614654510671015e-16,5.017609900291378,0.33160522987600416,0.8418509396724403,107.0,133.0,112.0,133.4199981689453
44.1,6.179204230374504e-07,0.0,2.1614654510671015e-16,5.017609900291378,0.33160522987600416,0.8418509396724403,107.0,133.0,112.0,133.4199981689453
44.150000000000006,1.2701671290155244e-06,0.0,2.1614654510671015e-16,5.017609900291378,0.33160522987600416,0.8418509396724403,107.0,133.0,112.0,133.4199981689453
44.2,1.9567445994890615e-06,0.0,2.1614654510671015e-16,5.017609900291378,0.33160522987600416,0.8418509396724403,107.0,133.0,112.0,133.4199981689453
44.25,2.5746626086177682e-06,0.0,2.1614654510671015e-16,5.017609900291378,0.33160522987600416,0.8418509396724403,107.0,133.0,112.0,133.4199981689453
44.300000000000004,3.0895964845518335e-06,0.0,2.1614654510671015e-16,5.017609900291378,0.33160522987600416,0.8418509396724403,107.0,133.0,112.0,133.4199981689453
44.35,3.707532382868218e-06,0.0,2.1614654510671015e-16,5.017609900291378,0.33160522987600416,0.8418509396724403,107.0,133.0,112.0,133.4199981689453
44.400000000000006,4.222440227178121e-06,0.0,2.1614654510671015e-16,5.017609900291378,0.33160522987600416,0.8418509396724403,107.0,133.0,112.0,133.4199981689453
44.45,4.840380073931915e-06,0.0,2.1614654510671015e-16,5.017609900291378,0.33160522987600416,0.8418509396724403,107.0,133.0,112.0,133.4199981689453
44.5,5.4926374781466e-07,0.0,2.1614654510671015e-16,5.017609900291378,0.33160522987600416,0.8418509396724403,107.0,133.0,112.0,133.4199981689453
44.550000000000004,1.1328519097801564e-06,0.0,2.1614654510671015e-16,5.017609900291378,0.33160522987600416,0.8418509396724403,107.0,133.0,112.0,133.4199981689453
44.6,1.6477849185592368e-06,0.0,2.1614654510671015e-16,5.017609900291378,0.33160522987600416,0.8418509396724403,107.0,133.0,112.0,133.4199981689453
44.650000000000006,2.1970441177115027e-06,0.0,2.1614654510671015e-16,5.017609900291378,0.33160522987600416,0.8418509396724403,107.0,133.0,112.0,133.4199981689453
44.7,2.8836218153138798e-06,0.0,2.1614654510671015e-16,5.017609900291378,0.33160522987600416,0.8418509396724403,107.0,133.0,112.0,133.4199981689453
44.75,3.535869913938185e-06,0.0,2.1614654510671015e-16,5.017609900291378,0.33160522987600416,0.8418509396724403,107.0,133.0,112.0,133.4199981689453
44.800000000000004,4.1194440683743675e-06,0.0,2.1614654510671015e-16,5.017609900291378,0.33160522987600416,0.8418509396724403,107.0,133.0,112.0,133.4199981689453
44.85,4.6343878419270186e-06,0.0,2.1614654510671015e-16,5.017609900291378,0.33160522987600416,0.8418509396724403,107.0,133.0,112.0,133.4199981689453
44.900000000000006,2.403018767993726e-07,0.0,2.1614654510671015e-16,5.017609900291378,0.33160522987600416,0.8418509396724403,107.0,133.0,112.0,133.4199981689453
44.95,8.582226142473694e-07,0.0,2.1614654510671015e-16,5.017609900291378,0.33160522987600416,0.8418509396724403,107.0,133.0,112.0,133.4199981689453
45.0,1.407482209431238e-06,0.0,2.1614654510671015e-16,5.017609900291378,0.33160522987600416,0.8418509396724403,107.0,133.0,112.0,133.4199981689453
45.050000000000004,2.0597291138327177e-06,0.0,2.1614654510671015e-16,5.017609900291378,0.33160522987600416,0.8418509396724403,107.0,133.0,112.0,133.4199981689453
45.1,2.57466242732829e-06,0.0,2.1614654510671015e-16,5.017609900291378,0.33160522987600416,0.8418509396724403,107.0,133.0,112.0,133.4199981689453
45.150000000000006,3.2269103620999606e-06,0.0,2.1614654510671015e-16,5.017609900291378,0.33160522987600416,0.8418509396724403,107.0,133.0,112.0,133.4199981689453
45.2,3.810492171956939e-06,0.0,2.1614654510671015e-16,5.017609900291378,0.33160522987600416,0.8418509396724403,107.0,133.0,112.0,133.4199981689453
45.25,4.428432196435842e-06,0.0,2.1614654510671015e-16,5.017609900291378,0.33160522987600416,0.8418509396724403,107.0,133.0,112.0,133.4199981689453
45.300000000000004,0.0,0.0,2.1614654510671015e-16,5.017609900291378,0.33160522987600416,0.8418509396724403,107.0,133.0,112.0,133.4199981689453
45.35,6.865795505542594e-07,0.0,2.1614654510671015e-16,5.017609900291378,0.33160522987600416,0.8418509396724403,107.0,133.0,112.0,133.4199981689453
45.400000000000006,1.338826050597594e-06,0.0,2.1614654510671015e-16,5.017609900291378,0.33160522987600416,0.8418509396724403,107.0,133.0,112.0,133.4199981689453
45.45,1.8880849255257479e-06,0.0,2.1614654510671015e-16,5.017609900291378,0.33160522987600416,0.8418509396724403,107.0,133.0,112.0,133.4199981689453
45.5,2.506006754239977e-06,0.0,2.1614654510671015e-16,5.017609900291378,0.33160522987600416,0.8418509396724403,107.0,133.0,112.0,133.4199981689453
45.550000000000004,3.1582549491341013e-06,0.0,2.1614654510671015e-16,5.017609900291378,0.33160522987600416,0.8418509396724403,107.0,133.0,112.0,133.4199981689453
45.6,3.7418400310513128e-06,0.0,2.1614654510671015e-16,5.017609900291378,0.33160522987600416,0.8418509396724403,107.0,133.0,112.0,133.4199981689453
45.650000000000006,4.325436539654105e-06,0.0,2.1614654510671015e-16,5.017609900291378,0.33160522987600416,0.8418509396724403,107.0,133.0,112.0,133.4199981689453
45.7,5.012029715012015e-06,0.0,2.1614654510671015e-16,5.017609900291378,0.33160522987600416,0.8418509396724403,107.0,133.0,112.0,133.4199981689453
45.75,4.119595232320184e-07,0.0,2.1614654510671015e-16,5.017609900291378,0.33160522987600416,0.8418509396724403,107.0,133.0,112.0,133.4199981689453
45.800000000000004,1.064193054463848e-06,0.0,2.1614654510671015e-16,5.017609900291378,0.33160522987600416,0.8418509396724403,107.0,133.0,112.0,133.4199981689453
45.85,1.6477847775476844e-06,0.0,2.1614654510671015e-16,5.017609900291378,0.33160522987600416,0.8418509396724403,107.0,133.0,112.0,133.4199981689453
45.900000000000006,2.2313735396903905e-06,0.0,2.1614654510671015e-16,5.017609900291378,0.33160522987600416,0.8418509396724403,107.0,133.0,112.0,133.4199981689453
45.95,2.9179515962998188e-06,0.0,2.1614654510671015e-16,5.017609900291378,0.33160522987600416,0.8418509396724403,107.0,133.0,112.0,133.4199981689453
46.0,3.570199656005153e-06,0.0,2.1614654510671015e-16,5.017609900291378,0.33160522987600416,0.8418509396724403,107.0,133.0,112.0,133.4199981689453
46.050000000000004,4.1881322579322514e-06,0.0,2.1614654510671015e-16,5.017609900291378,0.33160522987600416,0.8418509396724403,107.0,133.0,112.0,133.4199981689453
46.1,4.84038013164969e-06,0.0,2.1614654510671015e-16,5.017609900291378,0.33160522987600416,0.8418509396724403,107.0,133.0,112.0,133.4199981689453
46.150000000000006,1.029867505873017e-07,0.0,2.1614654510671015e-16,5.017609900291378,0.33160522987600416,0.8418509396724403,107.0,133.0,112.0,133.4199981689453
46.2,6.865775824183096e-07,0.0,2.1614654510671015e-16,5.017609900291378,0.33160522987600416,0.8418509396724403,107.0,133.0,112.0,133.4199981689453
46.25,1.338825581974885e-06,0.0,2.1614654510671015e-16,5.017609900291378,0.33160522987600416,0.8418509396724403,107.0,133.0,112.0,133.4199981689453
46.300000000000004,1.8880853226510275e-06,0.0,2.1614654510671015e-16,5.017609900291378,0.33160522987600416,0.8418509396724403,107.0,133.0,112.0,133.4199981689453
46.35,2.5060071741414954e-06,0.0,2.1614654510671015e-16,5.017609900291378,0.33160522987600416,0.8418509396724403,107.0,133.0,112.0,133.4199981689453
46.400000000000006,3.1582561276675785e-06,0.0,2.1614654510671015e-16,5.017609900291378,0.33160522987600416,0.8418509396724403,107.0,133.0,112.0,133.4199981689453
46.45,3.810493308932754e-06,0.0,2.1614654510671015e-16,5.017609900291378,0.33160522987600416,0.8418509396724403,107.0,133.0,112.0,133.4199981689453
46.5,4.428433017222514e-06,0.0,2.1614654510671015e-16,5.017609900291378,0.33160522987600416,0.8418509396724403,107.0,133.0,112.0,133.4199981689453
46.550000000000004,5.080680201624016e-06,0.0,2.1614654510671015e-16,5.017609900291378,0.33160522987600416,0.8418509396724403,107.0,133.0,112.0,133.4199981689453
46.6,4.119455938473887e-07,0.0,2.1614654510671015e-16,5.017609900291378,0.33160522987600416,0.8418509396724403,107.0,133.0,112.0,133.4199981689453
46.650000000000006,1.064192507207837e-06,0.0,2.1614654510671015e-16,5.017609900291378,0.33160522987600416,0.8418509396724403,107.0,133.0,112.0,133.4199981689453
46.7,1.7164405972189012e-06,0.0,2.1614654510671015e-16,5.017609900291378,0.33160522987600416,0.8418509396724403,107.0,133.0,112.0,133.4199981689453
46.75,2.368688437692849e-06,0.0,2.1614654510671015e-16,5.017609900291378,0.33160522987600416,0.8418509396724403,107.0,133.0,112.0,133.4199981689453
46.800000000000004,2.917951368412999e-06,0.0,2.1614654510671015e-16,5.017609900291378,0.33160522987600416,0.8418509396724403,107.0,133.0,112.0,133.4199981689453
46.85,3.535869494470423e-06,0.0,2.1614654510671015e-16,5.017609900291378,0.33160522987600416,0.8418509396724403,107.0,133.0,112.0,133.4199981689453
46.900000000000006,4.2224402124653635e-06,0.0,2.1614654510671015e-16,5.017609900291378,0.33160522987600416,0.8418509396724403,107.0,133.0,112.0,133.4199981689453
46.95,4.840380056349935e-06,0.0,2.1614654510671015e-16,5.017609900291378,0.33160522987600416,0.8418509396724403,107.0,133.0,112.0,133.4199981689453
47.0,2.059732285304166e-07,0.0,2.1614654510671015e-16,5.017609900291378,0.33160522987600416,0.8418509396724403,107.0,133.0,112.0,133.4199981689453
47.050000000000004,8.58225325780347e-07,0.0,2.1614654510671015e-16,5.017609900291378,0.33160522987600416,0.8418509396724403,107.0,133.0,112.0,133.4199981689453
47.1,1.5104726975524295e-06,0.0,2.1614654510671015e-16,5.017609900291378,0.33160522987600416,0.8418509396724403,107.0,133.0,112.0,133.4199981689453
47.150000000000006,2.162720269362255e-06,0.0,2.1614654510671015e-16,5.017609900291378,0.33160522987600416,0.8418509396724403,107.0,133.0,112.0,133.4199981689453
47.2,2.8149673567195442e-06,0.0,2.1614654510671015e-16,5.017609900291378,0.33160522987600416,0.8418509396724403,107.0,133.0,112.0,133.4199981689453
47.25,3.398555123884612e-06,0.0,2.1614654510671015e-16,5.017609900291378,0.33160522987600416,0.8418509396724403,107.0,133.0,112.0,133.4199981689453
47.300000000000004,4.016485192576985e-06,0.0,2.1614654510671015e-16,5.017609900291378,0.33160522987600416,0.8418509396724403,107.0,133.0,112.0,133.4199981689453
47.35,4.600080141011983e-06,0.0,2.1614654510671015e-16,5.017609900291378,0.33160522987600416,0.8418509396724403,107.0,133.0,112.0,133.4199981689453
47.400000000000006,0.0,0.0,2.1614654510671015e-16,5.017609900291378,0.33160522987600416,0.8418509396724403,107.0,133.0,112.0,133.4199981689453
47.45,6.522632491466627e-07,0.0,2.1614654510671015e-16,5.017609900291378,0.33160522987600416,0.8418509396724403,107.0,133.0,112.0,133.4199981689453
47.5,1.3388287235216686e-06,0.0,2.1614654510671015e-16,5.017609900291378,0.33160522987600416,0.8418509396724403,107.0,133.0,112.0,133.4199981689453
47.550000000000004,1.9567443776868067e-06,0.0,2.1614654510671015e-16,5.017609900291378,0.33160522987600416,0.8418509396724403,107.0,133.0,112.0,133.4199981689453
47.6,2.5746647648329038e-06,0.0,2.1614654510671015e-16,5.017609900291378,0.33160522987600416,0.8418509396724403,107.0,133.0,112.0,133.4199981689453
47.650000000000006,3.192581835372259e-06,0.0,2.1614654510671015e-16,5.017609900291378,0.33160522987600416,0.8418509396724403,107.0,133.0,112.0,133.4199981689453
47.7,3.810492189038855e-06,0.0,2.1614654510671015e-16,5.017609900291378,0.33160522987600416,0.8418509396724403,107.0,133.0,112.0,133.4199981689453
47.75,4.497083848867213e-06,0.0,2.1614654510671015e-16,5.017609900291378,0.33160522987600416,0.8418509396724403,107.0,133.0,112.0,133.4199981689453
47.800000000000004,5.149332664817945e-06,0.0,2.1614654510671015e-16,5.017609900291378,0.33160522987600416,0.8418509396724403,107.0,133.0,112.0,133.4199981689453
47.85,3.776254429532185e-07,0.0,2.1614654510671015e-16,5.017609900291378,0.33160522987600416,0.8418509396724403,107.0,133.0,112.0,133.4199981689453
47.900000000000006,9.955388816045284e-07,0.0,2.1614654510671015e-16,5.017609900291378,0.33160522987600416,0.8418509396724403,107.0,133.0,112.0,133.4199981689453
47.95,1.6134553502617454e-06,0.0,2.1614654510671015e-16,5.017609900291378,0.33160522987600416,0.8418509396724403,107.0,133.0,112.0,133.4199981689453
48.0,2.265703897140439e-06,0.0,2.1614654510671015e-16,5.017609900291378,0.33160522987600416,0.8418509396724403,107.0,133.0,112.0,133.4199981689453
48.050000000000004,2.883621768184611e-06,0.0,2.1614654510671015e-16,5.017609900291378,0.33160522987600416,0.8418509396724403,107.0,133.0,112.0,133.4199981689453
48.1,3.53587000450758e-06,0.0,2.1614654510671015e-16,5.017609900291378,0.33160522987600416,0.8418509396724403,107.0,133.0,112.0,133.4199981689453
48.150000000000006,4.1881321242196626e-06,0.0,2.1614654510671015e-16,5.017609900291378,0.33160522987600416,0.8418509396724403,107.0,133.0,112.0,133.4199981689453
48.2,4.840380325605608e-06,0.0,2.1614654510671015e-16,5.017609900291378,0.33160522987600416,0.8418509396724403,107.0,133.0,112.0,133.4199981689453
48.25,1.0298664292043146e-07,0.0,2.1614654510671015e-16,5.017609900291378,0.33160522987600416,0.8418509396724403,107.0,133.0,112.0,133.4199981689453
48.300000000000004,7.209086098610845e-07,0.0,2.1614654510671015e-16,5.017609900291378,0.33160522987600416,0.8418509396724403,107.0,133.0,112.0,133.4199981689453
48.35,1.3731556152577554e-06,0.0,2.1614654510671015e-16,5.017609900291378,0.33160522987600416,0.8418509396724403,107.0,133.0,112.0,133.4199981689453
48.400000000000006,2.0597291811280805e-06,0.0,2.1614654510671015e-16,5.017609900291378,0.33160522987600416,0.8418509396724403,107.0,133.0,112.0,133.4199981689453
48.45,2.677651254254445e-06,0.0,2.1614654510671015e-16,5.017609900291378,0.33160522987600416,0.8418509396724403,107.0,133.0,112.0,133.4199981689453
48.5,3.2269104531809746e-06,0.0,2.1614654510671015e-16,5.017609900291378,0.33160522987600416,0.8418509396724403,107.0,133.0,112.0,133.4199981689453
48.550000000000004,3.7418400571429256e-06,0.0,2.1614654510671015e-16,5.017609900291378,0.33160522987600416,0.8418509396724403,107.0,133.0,112.0,133.4199981689453
48.6,4.42843207609242e-06,0.0,2.1614654510671015e-16,5.017609900291378,0.33160522987600416,0.8418509396724403,107.0,133.0,112.0,133.4199981689453
48.650000000000006,5.080680108195224e-06,0.0,2.1614654510671015e-16,5.017609900291378,0.33160522987600416,0.8418509396724403,107.0,133.0,112.0,133.4199981689453
48.7,4.806038032332008e-07,0.0,2.1614654510671015e-16,5.017609900291378,0.33160522987600416,0.8418509396724403,107.0,133.0,112.0,133.4199981689453
48.75,1.0985220535749734e-06,0.0,2.1614654510671015e-16,5.017609900291378,0.33160522987600416,0.8418509396724403,107.0,133.0,112.0,133.4199981689453
48.800000000000004,1.7851003611015211e-06,0.0,2.1614654510671015e-16,5.017609900291378,0.33160522987600416,0.8418509396724403,107.0,133.0,112.0,133.4199981689453
48.85,2.437347659162743e-06,0.0,2.1614654510671015e-16,5.017609900291378,0.33160522987600416,0.8418509396724403,107.0,133.0,112.0,133.4199981689453
48.900000000000006,2.9866105482732584e-06,0.0,2.1614654510671015e-16,5.017609900291378,0.33160522987600416,0.8418509396724403,107.0,133.0,112.0,133.4199981689453
48.95,3.535870078265663e-06,0.0,2.1614654510671015e-16,5.017609900291378,0.33160522987600416,0.8418509396724403,107.0,133.0,112.0,133.4199981689453
49.0,4.22244028924869e-06,0.0,2.1614654510671015e-16,5.017609900291378,0.33160522987600416,0.8418509396724403,107.0,133.0,112.0,133.4199981689453
49.050000000000004,4.874688491100551e-06,0.0,2.1614654510671015e-16,5.017609900291378,0.33160522987600416,0.8418509396724403,107.0,133.0,112.0,133.4199981689453
49.1,2.059732285304166e-07,0.0,2.1614654510671015e-16,5.017609900291378,0.33160522987600416,0.8418509396724403,107.0,133.0,112.0,133.4199981689453
49.150000000000006,8.58225325780347e-07,0.0,2.1614654510671015e-16,5.017609900291378,0.33160522987600416,0.8418509396724403,107.0,133.0,112.0,133.4199981689453
49.2,1.5104707671456491e-06,0.0,2.1614654510671015e-16,5.017609900291378,0.33160522987600416,0.8418509396724403,107.0,133.0,112.0,133.4199981689453
49.25,2.197044481272518e-06,0.0,2.1614654510671015e-16,5.017609900291378,0.33160522987600416,0.8418509396724403,107.0,133.0,112.0,133.4199981689453
49.300000000000004,2.849292117557167e-06,0.0,2.1614654510671015e-16,5.017609900291378,0.33160522987600416,0.8418509396724403,107.0,133.0,112.0,133.4199981689453
49.35,3.3642253766503363e-06,0.0,2.1614654510671015e-16,5.017609900291378,0.33160522987600416,0.8418509396724403,107.0,133.0,112.0,133.4199981689453
49.400000000000006,3.9821403478638214e-06,0.0,2.1614654510671015e-16,5.017609900291378,0.33160522987600416,0.8418509396724403,107.0,133.0,112.0,133.4199981689453
49.45,4.531391932209798e-06,0.0,2.1614654510671015e-16,5.017609900291378,0.33160522987600416,0.8418509396724403,107.0,133.0,112.0,133.4199981689453
49.5,0.0,0.0,2.1614654510671015e-16,5.017609900291378,0.33160522987600416,0.8418509396724403,107.0,133.0,112.0,133.4199981689453
49.550000000000004,6.865796429130148e-07,0.0,2.1614654510671015e-16,5.017609900291378,0.33160522987600416,0.8418509396724403,107.0,133.0,112.0,133.4199981689453
49.6,1.3044963994034028e-06,0.0,2.1614654510671015e-16,5.017609900291378,0.33160522987600416,0.8418509396724403,107.0,133.0,112.0,133.4199981689453
49.650000000000006,1.8194310568354194e-06,0.0,2.1614654510671015e-16,5.017609900291378,0.33160522987600416,0.8418509396724403,107.0,133.0,112.0,133.4199981689453
49.7,2.4716777790899743e-06,0.0,2.1614654510671015e-16,5.017609900291378,0.33160522987600416,0.8418509396724403,107.0,133.0,112.0,133.4199981689453
49.75,2.986610466678554e-06,0.0,2.1614654510671015e-16,5.017609900291378,0.33160522987600416,0.8418509396724403,107.0,133.0,112.0,133.4199981689453
49.800000000000004,3.5358694596798737e-06,0.0,2.1614654510671015e-16,5.017609900291378,0.33160522987600416,0.8418509396724403,107.0,133.0,112.0,133.4199981689453
49.85,4.222440598994499e-06,0.0,2.1614654510671015e-16,5.017609900291378,0.33160522987600416,0.8418509396724403,107.0,133.0,112.0,133.4199981689453
49.900000000000006,4.9090323355509645e-06,0.0,2.1614654510671015e-16,5.017609900291378,0.33160522987600416,0.8418509396724403,107.0,133.0,112.0,133.4199981689453
49.95,4.119502342590394e-07,0.0,2.1614654510671015e-16,5.017609900291378,0.33160522987600416,0.8418509396724403,107.0,133.0,112.0,133.4199981689453
50.0,1.064197035625507e-06,0.0,2.1614654510671015e-16,5.017609900291378,0.33160522987600416,0.8418509396724403,107.0,133.0,112.0,133.4199981689453
50.050000000000004,1.7164408690048451e-06,0.0,2.1614654510671015e-16,5.017609900291378,0.33160522987600416,0.8418509396724403,107.0,133.0,112.0,133.4199981689453
50.1,2.2313738628733915e-06,0.0,2.1614654510671015e-16,5.017609900291378,0.33160522987600416,0.8418509396724403,107.0,133.0,112.0,133.4199981689453
50.150000000000006,2.7806364790067042e-06,0.0,2.1614654510671015e-16,5.017609900291378,0.33160522987600416,0.8418509396724403,107.0,133.0,112.0,133.4199981689453
50.2,3.3985551775715277e-06,0.0,2.1614654510671015e-16,5.017609900291378,0.33160522987600416,0.8418509396724403,107.0,133.0,112.0,133.4199981689453
50.25,4.085136198120675e-06,0.0,2.1614654510671015e-16,5.017609900291378,0.33160522987600416,0.8418509396724403,107.0,133.0,112.0,133.4199981689453
50.300000000000004,4.737384231798518e-06,0.0,2.1614654510671015e-16,5.017609900291378,0.33160522987600416,0.8418509396724403,107.0,133.0,112.0,133.4199981689453
50.35,1.0298664292043146e-07,0.0,2.1614654510671015e-16,5.017609900291378,0.33160522987600416,0.8418509396724403,107.0,133.0,112.0,133.4199981689453
50.400000000000006,6.522480273520921e-07,0.0,2.1614654510671015e-16,5.017609900291378,0.33160522987600416,0.8418509396724403,107.0,133.0,112.0,133.4199981689453
50.45,1.3388255886548122e-06,0.0,2.1614654510671015e-16,5.017609900291378,0.33160522987600416,0.8418509396724403,107.0,133.0,112.0,133.4199981689453
50.5,1.9910739334953195e-06,0.0,2.1614654510671015e-16,5.017609900291378,0.33160522987600416,0.8418509396724403,107.0,133.0,112.0,133.4199981689453
50.550000000000004,2.540332863857135e-06,0.0,2.1614654510671015e-16,5.017609900291378,0.33160522987600416,0.8418509396724403,107.0,133.0,112.0,133.4199981689453
50.6,3.0552661340882832e-06,0.0,2.1614654510671015e-16,5.017609900291378,0.33160522987600416,0.8418509396724403,107.0,133.0,112.0,133.4199981689453
50.650000000000006,3.6731886408686883e-06,0.0,2.1614654510671015e-16,5.017609900291378,0.33160522987600416,0.8418509396724403,107.0,133.0,112.0,133.4199981689453
50.7,4.359779932092583e-06,0.0,2.1614654510671015e-16,5.017609900291378,0.33160522987600416,0.8418509396724403,107.0,133.0,112.0,133.4199981689453
50.75,5.0120282240468176e-06,0.0,2.1614654510671015e-16,5.017609900291378,0.33160522987600416,0.8418509396724403,107.0,133.0,112.0,133.4199981689453
50.800000000000004,5.492720506291066e-07,0.0,2.1614654510671015e-16,5.017609900291378,0.33160522987600416,0.8418509396724403,107.0,133.0,112.0,133.4199981689453
50.85,1.1671867854903737e-06,0.0,2.1614654510671015e-16,5.017609900291378,0.33160522987600416,0.8418509396724403,107.0,133.0,112.0,133.4199981689453
50.900000000000006,1.819430666001444e-06,0.0,2.1614654510671015e-16,5.017609900291378,0.33160522987600416,0.8418509396724403,107.0,133.0,112.0,133.4199981689453
50.95,2.437347630804304e-06,0.0,2.1614654510671015e-16,5.017609900291378,0.33160522987600416,0.8418509396724403,107.0,133.0,112.0,133.4199981689453
51.0,3.0552665219627247e-06,0.0,2.1614654510671015e-16,5.017609900291378,0.33160522987600416,0.8418509396724403,107.0,133.0,112.0,133.4199981689453
51.050000000000004,3.707534105571313e-06,0.0,2.1614654510671015e-16,5.017609900291378,0.33160522987600416,0.8418509396724403,107.0,133.0,112.0,133.4199981689453
51.1,4.359780971153023e-06,0.0,2.1614654510671015e-16,5.017609900291378,0.33160522987600416,0.8418509396724403,107.0,133.0,112.0,133.4199981689453
51.150000000000006,4.977684072588812e-06,0.0,2.1614654510671015e-16,5.017609900291378,0.33160522987600416,0.8418509396724403,107.0,133.0,112.0,133.4199981689453
51.2,2.4030395608162545e-07,0.0,2.1614654510671015e-16,5.017609900291378,0.33160522987600416,0.8418509396724403,107.0,133.0,112.0,133.4199981689453
51.25,8.582221526501533e-07,0.0,2.1614654510671015e-16,5.017609900291378,0.33160522987600416,0.8418509396724403,107.0,133.0,112.0,133.4199981689453
51.300000000000004,1.5104706660373837e-06,0.0,2.1614654510671015e-16,5.017609900291378,0.33160522987600416,0.8418509396724403,107.0,133.0,112.0,133.4199981689453
51.35,2.1283889998770317e-06,0.0,2.1614654510671015e-16,5.017609900291378,0.33160522987600416,0.8418509396724403,107.0,133.0,112.0,133.4199981689453
51.400000000000006,2.711977715195949e-06,0.0,2.1614654510671015e-16,5.017609900291378,0.33160522987600416,0.8418509396724403,107.0,133.0,112.0,133.4199981689453
51.45,3.32989965308566e-06,0.0,2.1614654510671015e-16,5.017609900291378,0.33160522987600416,0.8418509396724403,107.0,133.0,112.0,133.4199981689453
51.5,4.016484318344121e-06,0.0,2.1614654510671015e-16,5.017609900291378,0.33160522987600416,0.8418509396724403,107.0,133.0,112.0,133.4199981689453
51.550000000000004,4.668732682082532e-06,0.0,2.1614654510671015e-16,5.017609900291378,0.33160522987600416,0.8418509396724403,107.0,133.0,112.0,133.4199981689453
51.6,0.0,0.0,2.1614654510671015e-16,5.017609900291378,0.33160522987600416,0.8418509396724403,107.0,133.0,112.0,133.4199981689453
51.650000000000006,5.492627958553703e-07,0.0,2.1614654510671015e-16,5.017609900291378,0.33160522987600416,0.8418509396724403,107.0,133.0,112.0,133.4199981689453
51.7,1.2358376424479365e-06,0.0,2.1614654510671015e-16,5.017609900291378,0.33160522987600416,0.8418509396724403,107.0,133.0,112.0,133.4199981689453
51.75,1.8880849483600028e-06,0.0,2.1614654510671015e-16,5.017609900291378,0.33160522987600416,0.8418509396724403,107.0,133.0,112.0,133.4199981689453
51.800000000000004,2.4030182252765813e-06,0.0,2.1614654510671015e-16,5.017609900291378,0.33160522987600416,0.8418509396724403,107.0,133.0,112.0,133.4199981689453
51.85,3.020936923942732e-06,0.0,2.1614654510671015e-16,5.017609900291378,0.33160522987600416,0.8418509396724403,107.0,133.0,112.0,133.4199981689453
51.900000000000006,3.673188980818601e-06,0.0,2.1614654510671015e-16,5.017609900291378,0.33160522987600416,0.8418509396724403,107.0,133.0,112.0,133.4199981689453
51.95,4.359780216446823e-06,0.0,2.1614654510671015e-16,5.017609900291378,0.33160522987600416,0.8418509396724403,107.0,133.0,112.0,133.4199981689453
52.0,4.909032296162272e-06,0.0,2.1614654510671015e-16,5.017609900291378,0.33160522987600416,0.8418509396724403,107.0,133.0,112.0,133.4199981689453
52.050000000000004,3.776245340375553e-07,0.0,2.1614654510671015e-16,5.017609900291378,0.33160522987600416,0.8418509396724403,107.0,133.0,112.0,133.4199981689453
52.1,9.612098616150786e-07,0.0,2.1614654510671015e-16,5.017609900291378,0.33160522987600416,0.8418509396724403,107.0,133.0,112.0,133.4199981689453
52.150000000000006,1.6477861683847308e-06,0.0,2.1614654510671015e-16,5.017609900291378,0.33160522987600416,0.8418509396724403,107.0,133.0,112.0,133.4199981689453
52.2,2.334364593277277e-06,0.0,2.1614654510671015e-16,5.017609900291378,0.33160522987600416,0.8418509396724403,107.0,133.0,112.0,133.4199981689453
52.25,2.986610851133695e-06,0.0,2.1614654510671015e-16,5.017609900291378,0.33160522987600416,0.8418509396724403,107.0,133.0,112.0,133.4199981689453
52.300000000000004,3.570199217089575e-06,0.0,2.1614654510671015e-16,5.017609900291378,0.33160522987600416,0.8418509396724403,107.0,133.0,112.0,133.4199981689453
52.35,4.08513698454984e-06,0.0,2.1614654510671015e-16,5.017609900291378,0.33160522987600416,0.8418509396724403,107.0,133.0,112.0,133.4199981689453
52.400000000000006,4.771692232419202e-06,0.0,2.1614654510671015e-16,5.017609900291378,0.33160522987600416,0.8418509396724403,107.0,133.0,112.0,133.4199981689453
52.45,1.3731556484675768e-07,0.0,2.1614654510671015e-16,5.017609900291378,0.33160522987600416,0.8418509396724403,107.0,133.0,112.0,133.4199981689453
52.5,7.8956292449419e-07,0.0,2.1614654510671015e-16,5.017609900291378,0.33160522987600416,0.8418509396724403,107.0,133.0,112.0,133.4199981689453
52.550000000000004,1.3388256130224073e-06,0.0,2.1614654510671015e-16,5.017609900291378,0.33160522987600416,0.8418509396724403,107.0,133.0,112.0,133.4199981689453
52.6,1.8880850541094678e-06,0.0,2.1614654510671015e-16,5.017609900291378,0.33160522987600416,0.8418509396724403,107.0,133.0,112.0,133.4199981689453
52.650000000000006,2.5403328793400846e-06,0.0,2.1614654510671015e-16,5.017609900291378,0.33160522987600416,0.8418509396724403,107.0,133.0,112.0,133.4199981689453
52.7,3.158254935752287e-06,0.0,2.1614654510671015e-16,5.017609900291378,0.33160522987600416,0.8418509396724403,107.0,133.0,112.0,133.4199981689453
52.75,3.707531943646474e-06,0.0,2.1614654510671015e-16,5.017609900291378,0.33160522987600416,0.8418509396724403,107.0,133.0,112.0,133.4199981689453
52.800000000000004,4.256783980436723e-06,0.0,2.1614654510671015e-16,5.017609900291378,0.33160522987600416,0.8418509396724403,107.0,133.0,112.0,133.4199981689453
52.85,4.874688211288943e-06,0.0,2.1614654510671015e-16,5.017609900291378,0.33160522987600416,0.8418509396724403,107.0,133.0,112.0,133.4199981689453
52.900000000000006,5.149334232155958e-07,0.0,2.1614654510671015e-16,5.017609900291378,0.33160522987600416,0.8418509396724403,107.0,133.0,112.0,133.4199981689453
52.95,1.132852030713656e-06,0.0,2.1614654510671015e-16,5.017609900291378,0.33160522987600416,0.8418509396724403,107.0,133.0,112.0,133.4199981689453
53.0,1.6477866535108804e-06,0.0,2.1614654510671015e-16,5.017609900291378,0.33160522987600416,0.8418509396724403,107.0,133.0,112.0,133.4199981689453
53.050000000000004,2.3000350530335086e-06,0.0,2.1614654510671015e-16,5.017609900291378,0.33160522987600416,0.8418509396724403,107.0,133.0,112.0,133.4199981689453
53.1,2.9522819614446044e-06,0.0,2.1614654510671015e-16,5.017609900291378,0.33160522987600416,0.8418509396724403,107.0,133.0,112.0,133.4199981689453
53.150000000000006,3.6045360373306903e-06,0.0,2.1614654510671015e-16,5.017609900291378,0.33160522987600416,0.8418509396724403,107.0,133.0,112.0,133.4199981689453
53.2,4.291092042763822e-06,0.0,2.1614654510671015e-16,5.017609900291378,0.33160522987600416,0.8418509396724403,107.0,133.0,112.0,133.4199981689453
53.25,4.9433399595972586e-06,0.0,2.1614654510671015e-16,5.017609900291378,0.33160522987600416,0.8418509396724403,107.0,133.0,112.0,133.4199981689453
53.300000000000004,2.059732285304166e-07,0.0,2.1614654510671015e-16,5.017609900291378,0.33160522987600416,0.8418509396724403,107.0,133.0,112.0,133.4199981689453
53.35,7.895635851394211e-07,0.0,2.1614654510671015e-16,5.017609900291378,0.33160522987600416,0.8418509396724403,107.0,133.0,112.0,133.4199981689453
53.400000000000006,1.476141309558513e-06,0.0,2.1614654510671015e-16,5.017609900291378,0.33160522987600416,0.8418509396724403,107.0,133.0,112.0,133.4199981689453
53.45,2.1283884872791783e-06,0.0,2.1614654510671015e-16,5.017609900291378,0.33160522987600416,0.8418509396724403,107.0,133.0,112.0,133.4199981689453
53.5,2.643321568917269e-06,0.0,2.1614654510671015e-16,5.017609900291378,0.33160522987600416,0.8418509396724403,107.0,133.0,112.0,133.4199981689453
53.550000000000004,3.158255176641197e-06,0.0,2.1614654510671015e-16,5.017609900291378,0.33160522987600416,0.8418509396724403,107.0,133.0,112.0,133.4199981689453
53.6,3.844835882255768e-06,0.0,2.1614654510671015e-16,5.017609900291378,0.33160522987600416,0.8418509396724403,107.0,133.0,112.0,133.4199981689453
53.650000000000006,4.497083952716702e-06,0.0,2.1614654510671015e-16,5.017609900291378,0.33160522987600416,0.8418509396724403,107.0,133.0,112.0,133.4199981689453
53.7,0.0,0.0,2.1614654510671015e-16,5.017609900291378,0.33160522987600416,0.8418509396724403,107.0,133.0,112.0,133.4199981689453
53.75,5.14935076977035e-07,0.0,2.1614654510671015e-16,5.017609900291378,0.33160522987600416,0.8418509396724403,107.0,133.0,112.0,133.4199981689453
53.800000000000004,1.2015108341272103e-06,0.0,2.1614654510671015e-16,5.017609900291378,0.33160522987600416,0.8418509396724403,107.0,133.0,112.0,133.4199981689453
53.85,1.785099923135949e-06,0.0,2.1614654510671015e-16,5.017609900291378,0.33160522987600416,0.8418509396724403,107.0,133.0,112.0,133.4199981689453
53.900000000000006,2.3686884247813915e-06,0.0,2.1614654510671015e-16,5.017609900291378,0.33160522987600416,0.8418509396724403,107.0,133.0,112.0,133.4199981689453
53.95,2.9522813653049193e-06,0.0,2.1614654510671015e-16,5.017609900291378,0.33160522987600416,0.8418509396724403,107.0,133.0,112.0,133.4199981689453
54.0,3.5702000776108394e-06,0.0,2.1614654510671015e-16,5.017609900291378,0.33160522987600416,0.8418509396724403,107.0,133.0,112.0,133.4199981689453
54.050000000000004,4.25678393472325e-06,0.0,2.1614654510671015e-16,5.017609900291378,0.33160522987600416,0.8418509396724403,107.0,133.0,112.0,133.4199981689453
54.1,4.874688192285892e-06,0.0,2.1614654510671015e-16,5.017609900291378,0.33160522987600416,0.8418509396724403,107.0,133.0,112.0,133.4199981689453
54.150000000000006,3.0896013630007524e-07,0.0,2.1614654510671015e-16,5.017609900291378,0.33160522987600416,0.8418509396724403,107.0,133.0,112.0,133.4199981689453
54.2,9.268778117949521e-07,0.0,2.1614654510671015e-16,5.017609900291378,0.33160522987600416,0.8418509396724403,107.0,133.0,112.0,133.4199981689453
54.25,1.6134555182512777e-06,0.0,2.1614654510671015e-16,5.017609900291378,0.33160522987600416,0.8418509396724403,107.0,133.0,112.0,133.4199981689453
54.300000000000004,2.2657031251965607e-06,0.0,2.1614654510671015e-16,5.017609900291378,0.33160522987600416,0.8418509396724403,107.0,133.0,112.0,133.4199981689453
54.35,2.7806364198819906e-06,0.0,2.1614654510671015e-16,5.017609900291378,0.33160522987600416,0.8418509396724403,107.0,133.0,112.0,133.4199981689453
54.400000000000006,3.3298993085164636e-06,0.0,2.1614654510671015e-16,5.017609900291378,0.33160522987600416,0.8418509396724403,107.0,133.0,112.0,133.4199981689453
54.45,4.016483993401613e-06,0.0,2.1614654510671015e-16,5.017609900291378,0.33160522987600416,0.8418509396724403,107.0,133.0,112.0,133.4199981689453
54.5,4.668732068556142e-06,0.0,2.1614654510671015e-16,5.017609900291378,0.33160522987600416,0.8418509396724403,107.0,133.0,112.0,133.4199981689453
54.550000000000004,1.0298664292043146e-07,0.0,2.1614654510671015e-16,5.017609900291378,0.33160522987600416,0.8418509396724403,107.0,133.0,112.0,133.4199981689453
54.6,6.522480273520894e-07,0.0,2.1614654510671015e-16,5.017609900291378,0.33160522987600416,0.8418509396724403,107.0,133.0,112.0,133.4199981689453
54.650000000000006,1.3388261621028237e-06,0.0,2.1614654510671015e-16,5.017609900291378,0.33160522987600416,0.8418509396724403,107.0,133.0,112.0,133.4199981689453
54.7,1.991073673749906e-06,0.0,2.1614654510671015e-16,5.017609900291378,0.33160522987600416,0.8418509396724403,107.0,133.0,112.0,133.4199981689453
54.75,2.5060067549972178e-06,0.0,2.1614654510671015e-16,5.017609900291378,0.33160522987600416,0.8418509396724403,107.0,133.0,112.0,133.4199981689453
54.800000000000004,3.1239253067921532e-06,0.0,2.1614654510671015e-16,5.017609900291378,0.33160522987600416,0.8418509396724403,107.0,133.0,112.0,133.4199981689453
54.85,3.7761848583285415e-06,0.0,2.1614654510671015e-16,5.017609900291378,0.33160522987600416,0.8418509396724403,107.0,133.0,112.0,133.4199981689453
54.900000000000006,4.394088351413064e-06,0.0,2.1614654510671015e-16,5.017609900291378,0.33160522987600416,0.8418509396724403,107.0,133.0,112.0,133.4199981689453
54.95,4.977684742900619e-06,0.0,2.1614654510671015e-16,5.017609900291378,0.33160522987600416,0.8418509396724403,107.0,133.0,112.0,133.4199981689453
55.0,4.4627418691713877e-07,0.0,2.1614654510671015e-16,5.017609900291378,0.33160522987600416,0.8418509396724403,107.0,133.0,112.0,133.4199981689453
55.050000000000004,1.0985220756285396e-06,0.0,2.1614654510671015e-16,5.017609900291378,0.33160522987600416,0.8418509396724403,107.0,133.0,112.0,133.4199981689453
55.1,1.7507701728303767e-06,0.0,2.1614654510671015e-16,5.017609900291378,0.33160522987600416,0.8418509396724403,107.0,133.0,112.0,133.4199981689453
55.150000000000006,2.2657032304765855e-06,0.0,2.1614654510671015e-16,5.017609900291378,0.33160522987600416,0.8418509396724403,107.0,133.0,112.0,133.4199981689453
55.2,2.8836224744403955e-06,0.0,2.1614654510671015e-16,5.017609900291378,0.33160522987600416,0.8418509396724403,107.0,133.0,112.0,133.4199981689453
55.25,3.5015417506812558e-06,0.0,2.1614654510671015e-16,5.017609900291378,0.33160522987600416,0.8418509396724403,107.0,133.0,112.0,133.4199981689453
55.300000000000004,4.18813266808803e-06,0.0,2.1614654510671015e-16,5.017609900291378,0.33160522987600416,0.8418509396724403,107.0,133.0,112.0,133.4199981689453
55.35,4.874688455863001e-06,0.0,2.1614654510671015e-16,5.017609900291378,0.33160522987600416,0.8418509396724403,107.0,133.0,112.0,133.4199981689453
55.400000000000006,2.403046547674167e-07,0.0,2.1614654510671015e-16,5.017609900291378,0.33160522987600416,0.8418509396724403,107.0,133.0,112.0,133.4199981689453
55.45,8.582238712721969e-07,0.0,2.1614654510671015e-16,5.017609900291378,0.33160522987600416,0.8418509396724403,107.0,133.0,112.0,133.4199981689453
55.5,1.4761404286985051e-06,0.0,2.1614654510671015e-16,5.017609900291378,0.33160522987600416,0.8418509396724403,107.0,133.0,112.0,133.4199981689453
55.550000000000004,2.1627186966937968e-06,0.0,2.1614654510671015e-16,5.017609900291378,0.33160522987600416,0.8418509396724403,107.0,133.0,112.0,133.4199981689453
55.6,2.8149672259322027e-06,0.0,2.1614654510671015e-16,5.017609900291378,0.33160522987600416,0.8418509396724403,107.0,133.0,112.0,133.4199981689453
55.650000000000006,3.4328849381167855e-06,0.0,2.1614654510671015e-16,5.017609900291378,0.33160522987600416,0.8418509396724403,107.0,133.0,112.0,133.4199981689453
55.7,3.947832216171935e-06,0.0,2.1614654510671015e-16,5.017609900291378,0.33160522987600416,0.8418509396724403,107.0,133.0,112.0,133.4199981689453
55.75,4.565736832123638e-06,0.0,2.1614654510671015e-16,5.017609900291378,0.33160522987600416,0.8418509396724403,107.0,133.0,112.0,133.4199981689453
55.800000000000004,0.0,0.0,2.1614654510671015e-16,5.017609900291378,0.33160522987600416,0.8418509396724403,107.0,133.0,112.0,133.4199981689453
55.85,6.522480508946671e-07,0.0,2.1614654510671015e-16,5.017609900291378,0.33160522987600416,0.8418509396724403,107.0,133.0,112.0,133.4199981689453
55.900000000000006,1.2015119260342626e-06,0.0,2.1614654510671015e-16,5.017609900291378,0.33160522987600416,0.8418509396724403,107.0,133.0,112.0,133.4199981689453
55.95,1.7851021476983445e-06,0.0,2.1614654510671015e-16,5.017609900291378,0.33160522987600416,0.8418509396724403,107.0,133.0,112.0,133.4199981689453
56.0,2.4030179713614592e-06,0.0,2.1614654510671015e-16,5.017609900291378,0.33160522987600416,0.8418509396724403,107.0,133.0,112.0,133.4199981689453
56.050000000000004,3.020937797710418e-06,0.0,2.1614654510671015e-16,5.017609900291378,0.33160522987600416,0.8418509396724403,107.0,133.0,112.0,133.4199981689453
56.1,3.6731903416977792e-06,0.0,2.1614654510671015e-16,5.017609900291378,0.33160522987600416,0.8418509396724403,107.0,133.0,112.0,133.4199981689453
56.150000000000006,4.325436537983927e-06,0.0,2.1614654510671015e-16,5.017609900291378,0.33160522987600416,0.8418509396724403,107.0,133.0,112.0,133.4199981689453
56.2,5.012028264440225e-06,0.0,2.1614654510671015e-16,5.017609900291378,0.33160522987600416,0.8418509396724403,107.0,133.0,112.0,133.4199981689453
56.25,3.432890089832638e-07,0.0,2.1614654510671015e-16,5.017609900291378,0.33160522987600416,0.8418509396724403,107.0,133.0,112.0,133.4199981689453
56.300000000000004,9.95537034194628e-07,0.0,2.1614654510671015e-16,5.017609900291378,0.33160522987600416,0.8418509396724403,107.0,133.0,112.0,133.4199981689453
56.35,1.6477851112119833e-06,0.0,2.1614654510671015e-16,5.017609900291378,0.33160522987600416,0.8418509396724403,107.0,133.0,112.0,133.4199981689453
56.400000000000006,2.2657031196745852e-06,0.0,2.1614654510671015e-16,5.017609900291378,0.33160522987600416,0.8418509396724403,107.0,133.0,112.0,133.4199981689453
56.45,2.8836219651787627e-06,0.0,2.1614654510671015e-16,5.017609900291378,0.33160522987600416,0.8418509396724403,107.0,133.0,112.0,133.4199981689453
56.5,3.4672139479907307e-06,0.0,2.1614654510671015e-16,5.017609900291378,0.33160522987600416,0.8418509396724403,107.0,133.0,112.0,133.4199981689453
56.550000000000004,4.1537879985925875e-06,0.0,2.1614654510671015e-16,5.017609900291378,0.33160522987600416,0.8418509396724403,107.0,133.0,112.0,133.4199981689453
56.6,4.806035959638589e-06,0.0,2.1614654510671015e-16,5.017609900291378,0.33160522987600416,0.8418509396724403,107.0,133.0,112.0,133.4199981689453
56.650000000000006,1.0298664292043146e-07,0.0,2.1614654510671015e-16,5.017609900291378,0.33160522987600416,0.8418509396724403,107.0,133.0,112.0,133.4199981689453
56.7,6.179200426691056e-07,0.0,2.1614654510671015e-16,5.017609900291378,0.33160522987600416,0.8418509396724403,107.0,133.0,112.0,133.4199981689453
56.75,1.2701670924800637e-06,0.0,2.1614654510671015e-16,5.017609900291378,0.33160522987600416,0.8418509396724403,107.0,133.0,112.0,133.4199981689453
56.800000000000004,1.956744656404889e-06,0.0,2.1614654510671015e-16,5.017609900291378,0.33160522987600416,0.8418509396724403,107.0,133.0,112.0,133.4199981689453
56.85,2.4716773745011134e-06,0.0,2.1614654510671015e-16,5.017609900291378,0.33160522987600416,0.8418509396724403,107.0,133.0,112.0,133.4199981689453
56.900000000000006,3.0552659378415334e-06,0.0,2.1614654510671015e-16,5.017609900291378,0.33160522987600416,0.8418509396724403,107.0,133.0,112.0,133.4199981689453
56.95,3.741840000248578e-06,0.0,2.1614654510671015e-16,5.017609900291378,0.33160522987600416,0.8418509396724403,107.0,133.0,112.0,133.4199981689453
57.0,4.394088512085405e-06,0.0,2.1614654510671015e-16,5.017609900291378,0.33160522987600416,0.8418509396724403,107.0,133.0,112.0,133.4199981689453
57.050000000000004,5.080681338081669e-06,0.0,2.1614654510671015e-16,5.017609900291378,0.33160522987600416,0.8418509396724403,107.0,133.0,112.0,133.4199981689453
57.1,5.149398829290058e-07,0.0,2.1614654510671015e-16,5.017609900291378,0.33160522987600416,0.8418509396724403,107.0,133.0,112.0,133.4199981689453
57.150000000000006,1.1328532497726509e-06,0.0,2.1614654510671015e-16,5.017609900291378,0.33160522987600416,0.8418509396724403,107.0,133.0,112.0,133.4199981689453
57.2,1.716442223904052e-06,0.0,2.1614654510671015e-16,5.017609900291378,0.33160522987600416,0.8418509396724403,107.0,133.0,112.0,133.4199981689453
57.25,2.403018016791653e-06,0.0,2.1614654510671015e-16,5.017609900291378,0.33160522987600416,0.8418509396724403,107.0,133.0,112.0,133.4199981689453
57.300000000000004,3.0552659919016486e-06,0.0,2.1614654510671015e-16,5.017609900291378,0.33160522987600416,0.8418509396724403,107.0,133.0,112.0,133.4199981689453
57.35,3.707532049814391e-06,0.0,2.1614654510671015e-16,5.017609900291378,0.33160522987600416,0.8418509396724403,107.0,133.0,112.0,133.4199981689453
57.400000000000006,4.3254372784107754e-06,0.0,2.1614654510671015e-16,5.017609900291378,0.33160522987600416,0.8418509396724403,107.0,133.0,112.0,133.4199981689453
57.45,4.9776841916254234e-06,0.0,2.1614654510671015e-16,5.017609900291378,0.33160522987600416,0.8418509396724403,107.0,133.0,112.0,133.4199981689453
57.5,2.059732285304166e-07,0.0,2.1614654510671015e-16,5.017609900291378,0.33160522987600416,0.8418509396724403,107.0,133.0,112.0,133.4199981689453
57.550000000000004,7.895651492912613e-07,0.0,2.1614654510671015e-16,5.017609900291378,0.33160522987600416,0.8418509396724403,107.0,133.0,112.0,133.4199981689453
57.6,1.4761404545819522e-06,0.0,2.1614654510671015e-16,5.017609900291378,0.33160522987600416,0.8418509396724403,107.0,133.0,112.0,133.4199981689453
57.650000000000006,2.128388504208703e-06,0.0,2.1614654510671015e-16,5.017609900291378,0.33160522987600416,0.8418509396724403,107.0,133.0,112.0,133.4199981689453
57.7,2.6433219854217777e-06,0.0,2.1614654510671015e-16,5.017609900291378,0.33160522987600416,0.8418509396724403,107.0,133.0,112.0,133.4199981689453
57.75,3.2955707937871415e-06,0.0,2.1614654510671015e-16,5.017609900291378,0.33160522987600416,0.8418509396724403,107.0,133.0,112.0,133.4199981689453
57.800000000000004,3.947834416640158e-06,0.0,2.1614654510671015e-16,5.017609900291378,0.33160522987600416,0.8418509396724403,107.0,133.0,112.0,133.4199981689453
57.85,4.600080395837812e-06,0.0,2.1614654510671015e-16,5.017609900291378,0.33160522987600416,0.8418509396724403,107.0,133.0,112.0,133.4199981689453
57.900000000000006,0.0,0.0,2.1614654510671015e-16,5.017609900291378,0.33160522987600416,0.8418509396724403,107.0,133.0,112.0,133.4199981689453
57.95,6.179259107521833e-07,0.0,2.1614654510671015e-16,5.017609900291378,0.33160522987600416,0.8418509396724403,107.0,133.0,112.0,133.4199981689453
58.0,1.2701697805248163e-06,0.0,2.1614654510671015e-16,5.017609900291378,0.33160522987600416,0.8418509396724403,107.0,133.0,112.0,133.4199981689453
58.050000000000004,1.8880854006985108e-06,0.0,2.1614654510671015e-16,5.017609900291378,0.33160522987600416,0.8418509396724403,107.0,133.0,112.0,133.4199981689453
58.1,2.5403330884420824e-06,0.0,2.1614654510671015e-16,5.017609900291378,0.33160522987600416,0.8418509396724403,107.0,133.0,112.0,133.4199981689453
58.150000000000006,3.2269138023298595e-06,0.0,2.1614654510671015e-16,5.017609900291378,0.33160522987600416,0.8418509396724403,107.0,133.0,112.0,133.4199981689453
58.2,3.9134898022373886e-06,0.0,2.1614654510671015e-16,5.017609900291378,0.33160522987600416,0.8418509396724403,107.0,133.0,112.0,133.4199981689453
58.25,4.565736041503702e-06,0.0,2.1614654510671015e-16,5.017609900291378,0.33160522987600416,0.8418509396724403,107.0,133.0,112.0,133.4199981689453
58.300000000000004,5.149332904929092e-06,0.0,2.1614654510671015e-16,5.017609900291378,0.33160522987600416,0.8418509396724403,107.0,133.0,112.0,133.4199981689453
58.35,3.776352633896704e-07,0.0,2.1614654510671015e-16,5.017609900291378,0.33160522987600416,0.8418509396724403,107.0,133.0,112.0,133.4199981689453
58.400000000000006,9.955371193204356e-07,0.0,2.1614654510671015e-16,5.017609900291378,0.33160522987600416,0.8418509396724403,107.0,133.0,112.0,133.4199981689453
58.45,1.6134597779897455e-06,0.0,2.1614654510671015e-16,5.017609900291378,0.33160522987600416,0.8418509396724403,107.0,133.0,112.0,133.4199981689453
58.5,2.3000356716994954e-06,0.0,2.1614654510671015e-16,5.017609900291378,0.33160522987600416,0.8418509396724403,107.0,133.0,112.0,133.4199981689453
58.550000000000004,2.9522808775869994e-06,0.0,2.1614654510671015e-16,5.017609900291378,0.33160522987600416,0.8418509396724403,107.0,133.0,112.0,133.4199981689453
58.6,3.604538327214858e-06,0.0,2.1614654510671015e-16,5.017609900291378,0.33160522987600416,0.8418509396724403,107.0,133.0,112.0,133.4199981689453
58.650000000000006,4.256786108492038e-06,0.0,2.1614654510671015e-16,5.017609900291378,0.33160522987600416,0.8418509396724403,107.0,133.0,112.0,133.4199981689453
58.7,4.909031849887871e-06,0.0,2.1614654510671015e-16,5.017609900291378,0.33160522987600416,0.8418509396724403,107.0,133.0,112.0,133.4199981689453
58.75,1.0298664292043146e-07,0.0,2.1614654510671015e-16,5.017609900291378,0.33160522987600416,0.8418509396724403,107.0,133.0,112.0,133.4199981689453
58.800000000000004,7.209072160507452e-07,0.0,2.1614654510671015e-16,5.017609900291378,0.33160522987600416,0.8418509396724403,107.0,133.0,112.0,133.4199981689453
58.85,1.4074818290841e-06,0.0,2.1614654510671015e-16,5.017609900291378,0.33160522987600416,0.8418509396724403,107.0,133.0,112.0,133.4199981689453
58.900000000000006,2.059729877041171e-06,0.0,2.1614654510671015e-16,5.017609900291378,0.33160522987600416,0.8418509396724403,107.0,133.0,112.0,133.4199981689453
58.95,2.6433227117688565e-06,0.0,2.1614654510671015e-16,5.017609900291378,0.33160522987600416,0.8418509396724403,107.0,133.0,112.0,133.4199981689453
59.0,3.2955700167566794e-06,0.0,2.1614654510671015e-16,5.017609900291378,0.33160522987600416,0.8418509396724403,107.0,133.0,112.0,133.4199981689453
59.050000000000004,3.947832266774067e-06,0.0,2.1614654510671015e-16,5.017609900291378,0.33160522987600416,0.8418509396724403,107.0,133.0,112.0,133.4199981689453
59.1,4.634387864137002e-06,0.0,2.1614654510671015e-16,5.017609900291378,0.33160522987600416,0.8418509396724403,107.0,133.0,112.0,133.4199981689453
59.150000000000006,5.252328209568949e-06,0.0,2.1614654510671015e-16,5.017609900291378,0.33160522987600416,0.8418509396724403,107.0,133.0,112.0,133.4199981689453
59.2,4.119455938473887e-07,0.0,2.1614654510671015e-16,5.017609900291378,0.33160522987600416,0.8418509396724403,107.0,133.0,112.0,133.4199981689453
59.25,1.0985223193785015e-06,0.0,2.1614654510671015e-16,5.017609900291378,0.33160522987600416,0.8418509396724403,107.0,133.0,112.0,133.4199981689453
59.300000000000004,1.6821145855804965e-06,0.0,2.1614654510671015e-16,5.017609900291378,0.33160522987600416,0.8418509396724403,107.0,133.0,112.0,133.4199981689453
59.35,2.2657032065870503e-06,0.0,2.1614654510671015e-16,5.017609900291378,0.33160522987600416,0.8418509396724403,107.0,133.0,112.0,133.4199981689453
59.400000000000006,2.9179513465174683e-06,0.0,2.1614654510671015e-16,5.017609900291378,0.33160522987600416,0.8418509396724403,107.0,133.0,112.0,133.4199981689453
59.45,3.5701992185434255e-06,0.0,2.1614654510671015e-16,5.017609900291378,0.33160522987600416,0.8418509396724403,107.0,133.0,112.0,133.4199981689453
59.5,4.15378811869547e-06,0.0,2.1614654510671015e-16,5.017609900291378,0.33160522987600416,0.8418509396724403,107.0,133.0,112.0,133.4199981689453
59.550000000000004,4.806035956060262e-06,0.0,2.1614654510671015e-16,5.017609900291378,0.33160522987600416,0.8418509396724403,107.0,133.0,112.0,133.4199981689453
59.6,2.4030668947228606e-07,0.0,2.1614654510671015e-16,5.017609900291378,0.33160522987600416,0.8418509396724403,107.0,133.0,112.0,133.4199981689453
59.650000000000006,8.925531548295361e-07,0.0,2.1614654510671015e-16,5.017609900291378,0.33160522987600416,0.8418509396724403,107.0,133.0,112.0,133.4199981689453
59.7,1.5104704700715461e-06,0.0,2.1614654510671015e-16,5.017609900291378,0.33160522987600416,0.8418509396724403,107.0,133.0,112.0,133.4199981689453
59.75,2.0940589304451318e-06,0.0,2.1614654510671015e-16,5.017609900291378,0.33160522987600416,0.8418509396724403,107.0,133.0,112.0,133.4199981689453
59.800000000000004,2.7463073370907673e-06,0.0,2.1614654510671015e-16,5.017609900291378,0.33160522987600416,0.8418509396724403,107.0,133.0,112.0,133.4199981689453
59.85,3.295569529416973e-06,0.0,2.1614654510671015e-16,5.017609900291378,0.33160522987600416,0.8418509396724403,107.0,133.0,112.0,133.4199981689453
59.900000000000006,3.879144141725528e-06,0.0,2.1614654510671015e-16,5.017609900291378,0.33160522987600416,0.8418509396724403,107.0,133.0,112.0,133.4199981689453
59.95,4.53139192862777e-06,0.0,2.1614654510671015e-16,5.017609900291378,0.33160522987600416,0.8418509396724403,107.0,133.0,112.0,133.4199981689453
60.0,0.0,0.0,2.1614654510671015e-16,5.017609900291378,0.33160522987600416,0.8418509396724403,107.0,133.0,112.0,133.4199981689453
60.050000000000004,5.835907887654201e-07,0.0,2.1614654510671015e-16,5.017609900291378,0.33160522987600416,0.8418509396724403,107.0,133.0,112.0,133.4199981689453
60.1,1.2701674532032611e-06,0.0,2.1614654510671015e-16,5.017609900291378,0.33160522987600416,0.8418509396724403,107.0,133.0,112.0,133.4199981689453
60.150000000000006,1.9224147972210894e-06,0.0,2.1614654510671015e-16,5.017609900291378,0.33160522987600416,0.8418509396724403,107.0,133.0,112.0,133.4199981689453
60.2,2.5746624538427785e-06,0.0,2.1614654510671015e-16,5.017609900291378,0.33160522987600416,0.8418509396724403,107.0,133.0,112.0,133.4199981689453
60.25,3.158254956469287e-06,0.0,2.1614654510671015e-16,5.017609900291378,0.33160522987600416,0.8418509396724403,107.0,133.0,112.0,133.4199981689453
60.300000000000004,3.8104922408935406e-06,0.0,2.1614654510671015e-16,5.017609900291378,0.33160522987600416,0.8418509396724403,107.0,133.0,112.0,133.4199981689453
60.35,4.428432417038745e-06,0.0,2.1614654510671015e-16,5.017609900291378,0.33160522987600416,0.8418509396724403,107.0,133.0,112.0,133.4199981689453
60.400000000000006,4.977684090797751e-06,0.0,2.1614654510671015e-16,5.017609900291378,0.33160522987600416,0.8418509396724403,107.0,133.0,112.0,133.4199981689453
60.45,3.0896013630007524e-07,0.0,2.1614654510671015e-16,5.017609900291378,0.33160522987600416,0.8418509396724403,107.0,133.0,112.0,133.4199981689453
60.5,9.955370303633385e-07,0.0,2.1614654510671015e-16,5.017609900291378,0.33160522987600416,0.8418509396724403,107.0,133.0,112.0,133.4199981689453
60.550000000000004,1.5447996262352606e-06,0.0,2.1614654510671015e-16,5.017609900291378,0.33160522987600416,0.8418509396724403,107.0,133.0,112.0,133.4199981689453
60.6,2.162718289894914e-06,0.0,2.1614654510671015e-16,5.017609900291378,0.33160522987600416,0.8418509396724403,107.0,133.0,112.0,133.4199981689453
60.650000000000006,2.8149672313272e-06,0.0,2.1614654510671015e-16,5.017609900291378,0.33160522987600416,0.8418509396724403,107.0,133.0,112.0,133.4199981689453
60.7,3.432884730882218e-06,0.0,2.1614654510671015e-16,5.017609900291378,0.33160522987600416,0.8418509396724403,107.0,133.0,112.0,133.4199981689453
60.75,4.016484996037589e-06,0.0,2.1614654510671015e-16,5.017609900291378,0.33160522987600416,0.8418509396724403,107.0,133.0,112.0,133.4199981689453
60.800000000000004,4.634388084218446e-06,0.0,2.1614654510671015e-16,5.017609900291378,0.33160522987600416,0.8418509396724403,107.0,133.0,112.0,133.4199981689453
60.85,1.029867505873017e-07,0.0,2.1614654510671015e-16,5.017609900291378,0.33160522987600416,0.8418509396724403,107.0,133.0,112.0,133.4199981689453
60.900000000000006,7.552346182266867e-07,0.0,2.1614654510671015e-16,5.017609900291378,0.33160522987600416,0.8418509396724403,107.0,133.0,112.0,133.4199981689453
60.95,1.3044959943771597e-06,0.0,2.1614654510671015e-16,5.017609900291378,0.33160522987600416,0.8418509396724403,107.0,133.0,112.0,133.4199981689453
61.0,1.8880854744789194e-06,0.0,2.1614654510671015e-16,5.017609900291378,0.33160522987600416,0.8418509396724403,107.0,133.0,112.0,133.4199981689453
61.050000000000004,2.5403344062058706e-06,0.0,2.1614654510671015e-16,5.017609900291378,0.33160522987600416,0.8418509396724403,107.0,133.0,112.0,133.4199981689453
61.1,3.2269117119327724e-06,0.0,2.1614654510671015e-16,5.017609900291378,0.33160522987600416,0.8418509396724403,107.0,133.0,112.0,133.4199981689453
61.150000000000006,3.879145945950031e-06,0.0,2.1614654510671015e-16,5.017609900291378,0.33160522987600416,0.8418509396724403,107.0,133.0,112.0,133.4199981689453
61.2,4.531391936559625e-06,0.0,2.1614654510671015e-16,5.017609900291378,0.33160522987600416,0.8418509396724403,107.0,133.0,112.0,133.4199981689453
61.25,5.080680352428702e-06,0.0,2.1614654510671015e-16,5.017609900291378,0.33160522987600416,0.8418509396724403,107.0,133.0,112.0,133.4199981689453
61.300000000000004,4.1194600144960756e-07,0.0,2.1614654510671015e-16,5.017609900291378,0.33160522987600416,0.8418509396724403,107.0,133.0,112.0,133.4199981689453
61.35,9.612080627560023e-07,0.0,2.1614654510671015e-16,5.017609900291378,0.33160522987600416,0.8418509396724403,107.0,133.0,112.0,133.4199981689453
61.400000000000006,1.6477859328880756e-06,0.0,2.1614654510671015e-16,5.017609900291378,0.33160522987600416,0.8418509396724403,107.0,133.0,112.0,133.4199981689453
61.45,2.3343626197900544e-06,0.0,2.1614654510671015e-16,5.017609900291378,0.33160522987600416,0.8418509396724403,107.0,133.0,112.0,133.4199981689453
61.5,2.9866123247006163e-06,0.0,2.1614654510671015e-16,5.017609900291378,0.33160522987600416,0.8418509396724403,107.0,133.0,112.0,133.4199981689453
61.550000000000004,3.6045361888759125e-06,0.0,2.1614654510671015e-16,5.017609900291378,0.33160522987600416,0.8418509396724403,107.0,133.0,112.0,133.4199981689453
61.6,4.1194438957996e-06,0.0,2.1614654510671015e-16,5.017609900291378,0.33160522987600416,0.8418509396724403,107.0,133.0,112.0,133.4199981689453
61.650000000000006,4.634388227729109e-06,0.0,2.1614654510671015e-16,5.017609900291378,0.33160522987600416,0.8418509396724403,107.0,133.0,112.0,133.4199981689453
61.7,2.403046547674167e-07,0.0,2.1614654510671015e-16,5.017609900291378,0.33160522987600416,0.8418509396724403,107.0,133.0,112.0,133.4199981689453
61.75,7.895674588501162e-07,0.0,2.1614654510671015e-16,5.017609900291378,0.33160522987600416,0.8418509396724403,107.0,133.0,112.0,133.4199981689453
61.800000000000004,1.4418186873975888e-06,0.0,2.1614654510671015e-16,5.017609900291378,0.33160522987600416,0.8418509396724403,107.0,133.0,112.0,133.4199981689453
61.85,2.094058936605456e-06,0.0,2.1614654510671015e-16,5.017609900291378,0.33160522987600416,0.8418509396724403,107.0,133.0,112.0,133.4199981689453
61.900000000000006,2.7806397207111445e-06,0.0,2.1614654510671015e-16,5.017609900291378,0.33160522987600416,0.8418509396724403,107.0,133.0,112.0,133.4199981689453
61.95,3.4672151524143515e-06,0.0,2.1614654510671015e-16,5.017609900291378,0.33160522987600416,0.8418509396724403,107.0,133.0,112.0,133.4199981689453
62.0,4.119444035920046e-06,0.0,2.1614654510671015e-16,5.017609900291378,0.33160522987600416,0.8418509396724403,107.0,133.0,112.0,133.4199981689453
62.050000000000004,4.703040460622098e-06,0.0,2.1614654510671015e-16,5.017609900291378,0.33160522987600416,0.8418509396724403,107.0,133.0,112.0,133.4199981689453
62.1,0.0,0.0,2.1614654510671015e-16,5.017609900291378,0.33160522987600416,0.8418509396724403,107.0,133.0,112.0,133.4199981689453
62.150000000000006,5.149355243776227e-07,0.0,2.1614654510671015e-16,5.017609900291378,0.33160522987600416,0.8418509396724403,107.0,133.0,112.0,133.4199981689453
62.2,1.1671820457603972e-06,0.0,2.1614654510671015e-16,5.017609900291378,0.33160522987600416,0.8418509396724403,107.0,133.0,112.0,133.4199981689453
62.25,1.853758842313104e-06,0.0,2.1614654510671015e-16,5.017609900291378,0.33160522987600416,0.8418509396724403,107.0,133.0,112.0,133.4199981689453
62.300000000000004,2.506007541694189e-06,0.0,2.1614654510671015e-16,5.017609900291378,0.33160522987600416,0.8418509396724403,107.0,133.0,112.0,133.4199981689453
62.35,3.0209371358739333e-06,0.0,2.1614654510671015e-16,5.017609900291378,0.33160522987600416,0.8418509396724403,107.0,133.0,112.0,133.4199981689453
62.400000000000006,3.604536027348182e-06,0.0,2.1614654510671015e-16,5.017609900291378,0.33160522987600416,0.8418509396724403,107.0,133.0,112.0,133.4199981689453
62.45,4.188132180409838e-06,0.0,2.1614654510671015e-16,5.017609900291378,0.33160522987600416,0.8418509396724403,107.0,133.0,112.0,133.4199981689453
62.5,4.771692294040532e-06,0.0,2.1614654510671015e-16,5.017609900291378,0.33160522987600416,0.8418509396724403,107.0,133.0,112.0,133.4199981689453
62.550000000000004,3.0896013630007524e-07,0.0,2.1614654510671015e-16,5.017609900291378,0.33160522987600416,0.8418509396724403,107.0,133.0,112.0,133.4199981689453
62.6,8.925519117842936e-07,0.0,2.1614654510671015e-16,5.017609900291378,0.33160522987600416,0.8418509396724403,107.0,133.0,112.0,133.4199981689453
62.650000000000006,1.5448005254948268e-06,0.0,2.1614654510671015e-16,5.017609900291378,0.33160522987600416,0.8418509396724403,107.0,133.0,112.0,133.4199981689453
62.7,2.231373846628375e-06,0.0,2.1614654510671015e-16,5.017609900291378,0.33160522987600416,0.8418509396724403,107.0,133.0,112.0,133.4199981689453
62.75,2.746307230729429e-06,0.0,2.1614654510671015e-16,5.017609900291378,0.33160522987600416,0.8418509396724403,107.0,133.0,112.0,133.4199981689453
62.800000000000004,3.36422555783067e-06,0.0,2.1614654510671015e-16,5.017609900291378,0.33160522987600416,0.8418509396724403,107.0,133.0,112.0,133.4199981689453
62.85,3.947833117551106e-06,0.0,2.1614654510671015e-16,5.017609900291378,0.33160522987600416,0.8418509396724403,107.0,133.0,112.0,133.4199981689453
62.900000000000006,4.634387825092202e-06,0.0,2.1614654510671015e-16,5.017609900291378,0.33160522987600416,0.8418509396724403,107.0,133.0,112.0,133.4199981689453
62.95,1.029867505873017e-07,0.0,2.1614654510671015e-16,5.017609900291378,0.33160522987600416,0.8418509396724403,107.0,133.0,112.0,133.4199981689453
63.0,6.865775824183096e-07,0.0,2.1614654510671015e-16,5.017609900291378,0.33160522987600416,0.8418509396724403,107.0,133.0,112.0,133.4199981689453
63.050000000000004,1.3388263817564875e-06,0.0,2.1614654510671015e-16,5.017609900291378,0.33160522987600416,0.8418509396724403,107.0,133.0,112.0,133.4199981689453
63.1,1.9567440565227193e-06,0.0,2.1614654510671015e-16,5.017609900291378,0.33160522987600416,0.8418509396724403,107.0,133.0,112.0,133.4199981689453
63.150000000000006,2.4716775266107353e-06,0.0,2.1614654510671015e-16,5.017609900291378,0.33160522987600416,0.8418509396724403,107.0,133.0,112.0,133.4199981689453
63.2,3.1239252856319624e-06,0.0,2.1614654510671015e-16,5.017609900291378,0.33160522987600416,0.8418509396724403,107.0,133.0,112.0,133.4199981689453
63.25,3.776184277638449e-06,0.0,2.1614654510671015e-16,5.017609900291378,0.33160522987600416,0.8418509396724403,107.0,133.0,112.0,133.4199981689453
63.300000000000004,4.3597798143753466e-06,0.0,2.1614654510671015e-16,5.017609900291378,0.33160522987600416,0.8418509396724403,107.0,133.0,112.0,133.4199981689453
63.35,4.874688150290674e-06,0.0,2.1614654510671015e-16,5.017609900291378,0.33160522987600416,0.8418509396724403,107.0,133.0,112.0,133.4199981689453
63.400000000000006,4.462743221091864e-07,0.0,2.1614654510671015e-16,5.017609900291378,0.33160522987600416,0.8418509396724403,107.0,133.0,112.0,133.4199981689453
63.45,1.0985220433668033e-06,0.0,2.1614654510671015e-16,5.017609900291378,0.33160522987600416,0.8418509396724403,107.0,133.0,112.0,133.4199981689453
63.5,1.7164421739334595e-06,0.0,2.1614654510671015e-16,5.017609900291378,0.33160522987600416,0.8418509396724403,107.0,133.0,112.0,133.4199981689453
63.550000000000004,2.334363309086731e-06,0.0,2.1614654510671015e-16,5.017609900291378,0.33160522987600416,0.8418509396724403,107.0,133.0,112.0,133.4199981689453
63.6,2.9179524526036653e-06,0.0,2.1614654510671015e-16,5.017609900291378,0.33160522987600416,0.8418509396724403,107.0,133.0,112.0,133.4199981689453
63.650000000000006,3.5701997162068077e-06,0.0,2.1614654510671015e-16,5.017609900291378,0.33160522987600416,0.8418509396724403,107.0,133.0,112.0,133.4199981689453
63.7,4.256784565005099e-06,0.0,2.1614654510671015e-16,5.017609900291378,0.33160522987600416,0.8418509396724403,107.0,133.0,112.0,133.4199981689453
63.75,4.909031921907338e-06,0.0,2.1614654510671015e-16,5.017609900291378,0.33160522987600416,0.8418509396724403,107.0,133.0,112.0,133.4199981689453
63.800000000000004,2.059732285304166e-07,0.0,2.1614654510671015e-16,5.017609900291378,0.33160522987600416,0.8418509396724403,107.0,133.0,112.0,133.4199981689453
63.85,7.552333739116038e-07,0.0,2.1614654510671015e-16,5.017609900291378,0.33160522987600416,0.8418509396724403,107.0,133.0,112.0,133.4199981689453
63.900000000000006,1.4418112550606134e-06,0.0,2.1614654510671015e-16,5.017609900291378,0.33160522987600416,0.8418509396724403,107.0,133.0,112.0,133.4199981689453
63.95,2.0940607793123727e-06,0.0,2.1614654510671015e-16,5.017609900291378,0.33160522987600416,0.8418509396724403,107.0,133.0,112.0,133.4199981689453
64.0,2.711977748228081e-06,0.0,2.1614654510671015e-16,5.017609900291378,0.33160522987600416,0.8418509396724403,107.0,133.0,112.0,133.4199981689453
64.05,3.2269103493068103e-06,0.0,2.1614654510671015e-16,5.017609900291378,0.33160522987600416,0.8418509396724403,107.0,133.0,112.0,133.4199981689453
64.10000000000001,3.7418402990579808e-06,0.0,2.1614654510671015e-16,5.017609900291378,0.33160522987600416,0.8418509396724403,107.0,133.0,112.0,133.4199981689453
64.15,4.4284322930349985e-06,0.0,2.1614654510671015e-16,5.017609900291378,0.33160522987600416,0.8418509396724403,107.0,133.0,112.0,133.4199981689453
64.2,0.0,0.0,2.1614654510671015e-16,5.017609900291378,0.33160522987600416,0.8418509396724403,107.0,133.0,112.0,133.4199981689453
64.25,6.865793183289428e-07,0.0,2.1614654510671015e-16,5.017609900291378,0.33160522987600416,0.8418509396724403,107.0,133.0,112.0,133.4199981689453
64.3,1.2701668512276768e-06,0.0,2.1614654510671015e-16,5.017609900291378,0.33160522987600416,0.8418509396724403,107.0,133.0,112.0,133.4199981689453
64.35000000000001,1.8194295349731967e-06,0.0,2.1614654510671015e-16,5.017609900291378,0.33160522987600416,0.8418509396724403,107.0,133.0,112.0,133.4199981689453
64.4,2.40301877068147e-06,0.0,2.1614654510671015e-16,5.017609900291378,0.33160522987600416,0.8418509396724403,107.0,133.0,112.0,133.4199981689453
64.45,2.9179513096851515e-06,0.0,2.1614654510671015e-16,5.017609900291378,0.33160522987600416,0.8418509396724403,107.0,133.0,112.0,133.4199981689453
64.5,3.53587034674511e-06,0.0,2.1614654510671015e-16,5.017609900291378,0.33160522987600416,0.8418509396724403,107.0,133.0,112.0,133.4199981689453
64.55,4.1881322123230255e-06,0.0,2.1614654510671015e-16,5.017609900291378,0.33160522987600416,0.8418509396724403,107.0,133.0,112.0,133.4199981689453
64.60000000000001,4.874688579926377e-06,0.0,2.1614654510671015e-16,5.017609900291378,0.33160522987600416,0.8418509396724403,107.0,133.0,112.0,133.4199981689453
64.65,3.7762313104678305e-07,0.0,2.1614654510671015e-16,5.017609900291378,0.33160522987600416,0.8418509396724403,107.0,133.0,112.0,133.4199981689453
64.7,9.612075841877188e-07,0.0,2.1614654510671015e-16,5.017609900291378,0.33160522987600416,0.8418509396724403,107.0,133.0,112.0,133.4199981689453
64.75,1.5104715235383724e-06,0.0,2.1614654510671015e-16,5.017609900291378,0.33160522987600416,0.8418509396724403,107.0,133.0,112.0,133.4199981689453
64.8,2.1970441238402922e-06,0.0,2.1614654510671015e-16,5.017609900291378,0.33160522987600416,0.8418509396724403,107.0,133.0,112.0,133.4199981689453
64.85000000000001,2.8492924861271727e-06,0.0,2.1614654510671015e-16,5.017609900291378,0.33160522987600416,0.8418509396724403,107.0,133.0,112.0,133.4199981689453
64.9,3.3985547961282114e-06,0.0,2.1614654510671015e-16,5.017609900291378,0.33160522987600416,0.8418509396724403,107.0,133.0,112.0,133.4199981689453
64.95,3.9821400399191015e-06,0.0,2.1614654510671015e-16,5.017609900291378,0.33160522987600416,0.8418509396724403,107.0,133.0,112.0,133.4199981689453
65.0,4.565736041375579e-06,0.0,2.1614654510671015e-16,5.017609900291378,0.33160522987600416,0.8418509396724403,107.0,133.0,112.0,133.4199981689453
65.05,1.0298675058730169e-07,0.0,2.1614654510671015e-16,5.017609900291378,0.33160522987600416,0.8418509396724403,107.0,133.0,112.0,133.4199981689453
65.10000000000001,7.552346763022624e-07,0.0,2.1614654510671015e-16,5.017609900291378,0.33160522987600416,0.8418509396724403,107.0,133.0,112.0,133.4199981689453
65.15,1.3044968103837936e-06,0.0,2.1614654510671015e-16,5.017609900291378,0.33160522987600416,0.8418509396724403,107.0,133.0,112.0,133.4199981689453
65.2,1.8880848770718316e-06,0.0,2.1614654510671015e-16,5.017609900291378,0.33160522987600416,0.8418509396724403,107.0,133.0,112.0,133.4199981689453
65.25,2.506006722766306e-06,0.0,2.1614654510671015e-16,5.017609900291378,0.33160522987600416,0.8418509396724403,107.0,133.0,112.0,133.4199981689453
65.3,3.1582548885667592e-06,0.0,2.1614654510671015e-16,5.017609900291378,0.33160522987600416,0.8418509396724403,107.0,133.0,112.0,133.4199981689453
65.35000000000001,3.844835897973534e-06,0.0,2.1614654510671015e-16,5.017609900291378,0.33160522987600416,0.8418509396724403,107.0,133.0,112.0,133.4199981689453
65.4,4.4627401727270246e-06,0.0,2.1614654510671015e-16,5.017609900291378,0.33160522987600416,0.8418509396724403,107.0,133.0,112.0,133.4199981689453
65.45,5.046335893900124e-06,0.0,2.1614654510671015e-16,5.017609900291378,0.33160522987600416,0.8418509396724403,107.0,133.0,112.0,133.4199981689453
65.5,4.4627415461475917e-07,0.0,2.1614654510671015e-16,5.017609900291378,0.33160522987600416,0.8418509396724403,107.0,133.0,112.0,133.4199981689453
65.55,9.612074087588985e-07,0.0,2.1614654510671015e-16,5.017609900291378,0.33160522987600416,0.8418509396724403,107.0,133.0,112.0,133.4199981689453
65.60000000000001,1.6477849920154978e-06,0.0,2.1614654510671015e-16,5.017609900291378,0.33160522987600416,0.8418509396724403,107.0,133.0,112.0,133.4199981689453
65.65,2.3000328046520692e-06,0.0,2.1614654510671015e-16,5.017609900291378,0.33160522987600416,0.8418509396724403,107.0,133.0,112.0,133.4199981689453
65.7,2.81496609586735e-06,0.0,2.1614654510671015e-16,5.017609900291378,0.33160522987600416,0.8418509396724403,107.0,133.0,112.0,133.4199981689453
65.75,3.4672146153670916e-06,0.0,2.1614654510671015e-16,5.017609900291378,0.33160522987600416,0.8418509396724403,107.0,133.0,112.0,133.4199981689453
65.8,4.119445133590052e-06,0.0,2.1614654510671015e-16,5.017609900291378,0.33160522987600416,0.8418509396724403,107.0,133.0,112.0,133.4199981689453
65.85000000000001,4.771692598948178e-06,0.0,2.1614654510671015e-16,5.017609900291378,0.33160522987600416,0.8418509396724403,107.0,133.0,112.0,133.4199981689453
65.9,2.746365716608271e-07,0.0,2.1614654510671015e-16,5.017609900291378,0.33160522987600416,0.8418509396724403,107.0,133.0,112.0,133.4199981689453
65.95,8.925516457366513e-07,0.0,2.1614654510671015e-16,5.017609900291378,0.33160522987600416,0.8418509396724403,107.0,133.0,112.0,133.4199981689453
66.0,1.5448004700372671e-06,0.0,2.1614654510671015e-16,5.017609900291378,0.33160522987600416,0.8418509396724403,107.0,133.0,112.0,133.4199981689453
66.05,2.197047905020614e-06,0.0,2.1614654510671015e-16,5.017609900291378,0.33160522987600416,0.8418509396724403,107.0,133.0,112.0,133.4199981689453
66.10000000000001,2.8492925566275897e-06,0.0,2.1614654510671015e-16,5.017609900291378,0.33160522987600416,0.8418509396724403,107.0,133.0,112.0,133.4199981689453
66.15,3.4672145486178786e-06,0.0,2.1614654510671015e-16,5.017609900291378,0.33160522987600416,0.8418509396724403,107.0,133.0,112.0,133.4199981689453
66.2,4.085139430419256e-06,0.0,2.1614654510671015e-16,5.017609900291378,0.33160522987600416,0.8418509396724403,107.0,133.0,112.0,133.4199981689453
66.25,4.737384205899881e-06,0.0,2.1614654510671015e-16,5.017609900291378,0.33160522987600416,0.8418509396724403,107.0,133.0,112.0,133.4199981689453
66.3,0.0,0.0,2.1614654510671015e-16,5.017609900291378,0.33160522987600416,0.8418509396724403,107.0,133.0,112.0,133.4199981689453
66.35000000000001,5.149355243776227e-07,0.0,2.1614654510671015e-16,5.017609900291378,0.33160522987600416,0.8418509396724403,107.0,133.0,112.0,133.4199981689453
66.4,1.167181257894608e-06,0.0,2.1614654510671015e-16,5.017609900291378,0.33160522987600416,0.8418509396724403,107.0,133.0,112.0,133.4199981689453
66.45,1.8537590611714126e-06,0.0,2.1614654510671015e-16,5.017609900291378,0.33160522987600416,0.8418509396724403,107.0,133.0,112.0,133.4199981689453
66.5,2.5403354257063888e-06,0.0,2.1614654510671015e-16,5.017609900291378,0.33160522987600416,0.8418509396724403,107.0,133.0,112.0,133.4199981689453
66.55,3.1239258162694534e-06,0.0,2.1614654510671015e-16,5.017609900291378,0.33160522987600416,0.8418509396724403,107.0,133.0,112.0,133.4199981689453
66.60000000000001,3.638845525858989e-06,0.0,2.1614654510671015e-16,5.017609900291378,0.33160522987600416,0.8418509396724403,107.0,133.0,112.0,133.4199981689453
66.65,4.2910928312748396e-06,0.0,2.1614654510671015e-16,5.017609900291378,0.33160522987600416,0.8418509396724403,107.0,133.0,112.0,133.4199981689453
66.7,4.874688305735073e-06,0.0,2.1614654510671015e-16,5.017609900291378,0.33160522987600416,0.8418509396724403,107.0,133.0,112.0,133.4199981689453
66.75,3.776338425915734e-07,0.0,2.1614654510671015e-16,5.017609900291378,0.33160522987600416,0.8418509396724403,107.0,133.0,112.0,133.4199981689453
66.8,1.029868675357465e-06,0.0,2.1614654510671015e-16,5.017609900291378,0.33160522987600416,0.8418509396724403,107.0,133.0,112.0,133.4199981689453
66.85000000000001,1.6134564784405998e-06,0.0,2.1614654510671015e-16,5.017609900291378,0.33160522987600416,0.8418509396724403,107.0,133.0,112.0,133.4199981689453
66.9,2.2313736607545883e-06,0.0,2.1614654510671015e-16,5.017609900291378,0.33160522987600416,0.8418509396724403,107.0,133.0,112.0,133.4199981689453
66.95,2.9179513357338126e-06,0.0,2.1614654510671015e-16,5.017609900291378,0.33160522987600416,0.8418509396724403,107.0,133.0,112.0,133.4199981689453
67.0,3.5358695774200157e-06,0.0,2.1614654510671015e-16,5.017609900291378,0.33160522987600416,0.8418509396724403,107.0,133.0,112.0,133.4199981689453
67.05,4.050792105329397e-06,0.0,2.1614654510671015e-16,5.017609900291378,0.33160522987600416,0.8418509396724403,107.0,133.0,112.0,133.4199981689453
67.10000000000001,4.7030400418407475e-06,0.0,2.1614654510671015e-16,5.017609900291378,0.33160522987600416,0.8418509396724403,107.0,133.0,112.0,133.4199981689453
67.15,1.0298675058730169e-07,0.0,2.1614654510671015e-16,5.017609900291378,0.33160522987600416,0.8418509396724403,107.0,133.0,112.0,133.4199981689453
67.2,7.209086216629124e-07,0.0,2.1614654510671015e-16,5.017609900291378,0.33160522987600416,0.8418509396724403,107.0,133.0,112.0,133.4199981689453
67.25,1.3044959942495334e-06,0.0,2.1614654510671015e-16,5.017609900291378,0.33160522987600416,0.8418509396724403,107.0,133.0,112.0,133.4199981689453
67.3,1.8880853766709505e-06,0.0,2.1614654510671015e-16,5.017609900291378,0.33160522987600416,0.8418509396724403,107.0,133.0,112.0,133.4199981689453
67.35000000000001,2.540333161629691e-06,0.0,2.1614654510671015e-16,5.017609900291378,0.33160522987600416,0.8418509396724403,107.0,133.0,112.0,133.4199981689453
67.4,3.192581010086989e-06,0.0,2.1614654510671015e-16,5.017609900291378,0.33160522987600416,0.8418509396724403,107.0,133.0,112.0,133.4199981689453
67.45,3.7761840763247213e-06,0.0,2.1614654510671015e-16,5.017609900291378,0.33160522987600416,0.8418509396724403,107.0,133.0,112.0,133.4199981689453
67.5,4.394088128780788e-06,0.0,2.1614654510671015e-16,5.017609900291378,0.33160522987600416,0.8418509396724403,107.0,133.0,112.0,133.4199981689453
67.55,5.080680071713608e-06,0.0,2.1614654510671015e-16,5.017609900291378,0.33160522987600416,0.8418509396724403,107.0,133.0,112.0,133.4199981689453
67.60000000000001,4.806042300513472e-07,0.0,2.1614654510671015e-16,5.017609900291378,0.33160522987600416,0.8418509396724403,107.0,133.0,112.0,133.4199981689453
67.65,1.1328520844118776e-06,0.0,2.1614654510671015e-16,5.017609900291378,0.33160522987600416,0.8418509396724403,107.0,133.0,112.0,133.4199981689453
67.7,1.7164404716630364e-06,0.0,2.1614654510671015e-16,5.017609900291378,0.33160522987600416,0.8418509396724403,107.0,133.0,112.0,133.4199981689453
67.75,2.368688506831352e-06,0.0,2.1614654510671015e-16,5.017609900291378,0.33160522987600416,0.8418509396724403,107.0,133.0,112.0,133.4199981689453
67.8,3.020936999708793e-06,0.0,2.1614654510671015e-16,5.017609900291378,0.33160522987600416,0.8418509396724403,107.0,133.0,112.0,133.4199981689453
67.85000000000001,3.638844146303677e-06,0.0,2.1614654510671015e-16,5.017609900291378,0.33160522987600416,0.8418509396724403,107.0,133.0,112.0,133.4199981689453
67.9,4.153788043240904e-06,0.0,2.1614654510671015e-16,5.017609900291378,0.33160522987600416,0.8418509396724403,107.0,133.0,112.0,133.4199981689453
67.95,4.840380098700689e-06,0.0,2.1614654510671015e-16,5.017609900291378,0.33160522987600416,0.8418509396724403,107.0,133.0,112.0,133.4199981689453
68.0,2.7463215340208897e-07,0.0,2.1614654510671015e-16,5.017609900291378,0.33160522987600416,0.8418509396724403,107.0,133.0,112.0,133.4199981689453
68.05,9.268786857859467e-07,0.0,2.1614654510671015e-16,5.017609900291378,0.33160522987600416,0.8418509396724403,107.0,133.0,112.0,133.4199981689453
68.10000000000001,1.5791255925026892e-06,0.0,2.1614654510671015e-16,5.017609900291378,0.33160522987600416,0.8418509396724403,107.0,133.0,112.0,133.4199981689453
68.15,2.128388794581979e-06,0.0,2.1614654510671015e-16,5.017609900291378,0.33160522987600416,0.8418509396724403,107.0,133.0,112.0,133.4199981689453
68.2,2.7806366461798715e-06,0.0,2.1614654510671015e-16,5.017609900291378,0.33160522987600416,0.8418509396724403,107.0,133.0,112.0,133.4199981689453
68.25,3.329899300775779e-06,0.0,2.1614654510671015e-16,5.017609900291378,0.33160522987600416,0.8418509396724403,107.0,133.0,112.0,133.4199981689453
68.3,3.947832407733183e-06,0.0,2.1614654510671015e-16,5.017609900291378,0.33160522987600416,0.8418509396724403,107.0,133.0,112.0,133.4199981689453
68.35000000000001,4.600080157913269e-06,0.0,2.1614654510671015e-16,5.017609900291378,0.33160522987600416,0.8418509396724403,107.0,133.0,112.0,133.4199981689453
68.4,0.0,0.0,2.1614654510671015e-16,5.017609900291378,0.33160522987600416,0.8418509396724403,107.0,133.0,112.0,133.4199981689453
68.45,5.492628213888885e-07,0.0,2.1614654510671015e-16,5.017609900291378,0.33160522987600416,0.8418509396724403,107.0,133.0,112.0,133.4199981689453
68.5,1.2015108288672041e-06,0.0,2.1614654510671015e-16,5.017609900291378,0.33160522987600416,0.8418509396724403,107.0,133.0,112.0,133.4199981689453
68.55,1.785100204827937e-06,0.0,2.1614654510671015e-16,5.017609900291378,0.33160522987600416,0.8418509396724403,107.0,133.0,112.0,133.4199981689453
68.60000000000001,2.403018477081725e-06,0.0,2.1614654510671015e-16,5.017609900291378,0.33160522987600416,0.8418509396724403,107.0,133.0,112.0,133.4199981689453
68.65,2.9866118139790184e-06,0.0,2.1614654510671015e-16,5.017609900291378,0.33160522987600416,0.8418509396724403,107.0,133.0,112.0,133.4199981689453
68.7,3.6731893363307538e-06,0.0,2.1614654510671015e-16,5.017609900291378,0.33160522987600416,0.8418509396724403,107.0,133.0,112.0,133.4199981689453
68.75,4.359780557174762e-06,0.0,2.1614654510671015e-16,5.017609900291378,0.33160522987600416,0.8418509396724403,107.0,133.0,112.0,133.4199981689453
68.8,5.012028650532039e-06,0.0,2.1614654510671015e-16,5.017609900291378,0.33160522987600416,0.8418509396724403,107.0,133.0,112.0,133.4199981689453
68.85000000000001,3.0896047790834195e-07,0.0,2.1614654510671015e-16,5.017609900291378,0.33160522987600416,0.8418509396724403,107.0,133.0,112.0,133.4199981689453
68.9,9.268779578147184e-07,0.0,2.1614654510671015e-16,5.017609900291378,0.33160522987600416,0.8418509396724403,107.0,133.0,112.0,133.4199981689453
68.95,1.6134555182466707e-06,0.0,2.1614654510671015e-16,5.017609900291378,0.33160522987600416,0.8418509396724403,107.0,133.0,112.0,133.4199981689453
69.0,2.231373555541549e-06,0.0,2.1614654510671015e-16,5.017609900291378,0.33160522987600416,0.8418509396724403,107.0,133.0,112.0,133.4199981689453
69.05,2.7463072307448596e-06,0.0,2.1614654510671015e-16,5.017609900291378,0.33160522987600416,0.8418509396724403,107.0,133.0,112.0,133.4199981689453
69.10000000000001,3.3298993020044616e-06,0.0,2.1614654510671015e-16,5.017609900291378,0.33160522987600416,0.8418509396724403,107.0,133.0,112.0,133.4199981689453
69.15,3.9478333080162154e-06,0.0,2.1614654510671015e-16,5.017609900291378,0.33160522987600416,0.8418509396724403,107.0,133.0,112.0,133.4199981689453
69.2,4.600081882333811e-06,0.0,2.1614654510671015e-16,5.017609900291378,0.33160522987600416,0.8418509396724403,107.0,133.0,112.0,133.4199981689453
69.25,1.029867505873017e-07,0.0,2.1614654510671015e-16,5.017609900291378,0.33160522987600416,0.8418509396724403,107.0,133.0,112.0,133.4199981689453
69.3,7.895643288397146e-07,0.0,2.1614654510671015e-16,5.017609900291378,0.33160522987600416,0.8418509396724403,107.0,133.0,112.0,133.4199981689453
69.35000000000001,1.338827823103965e-06,0.0,2.1614654510671015e-16,5.017609900291378,0.33160522987600416,0.8418509396724403,107.0,133.0,112.0,133.4199981689453
69.4,1.92241450898263e-06,0.0,2.1614654510671015e-16,5.017609900291378,0.33160522987600416,0.8418509396724403,107.0,133.0,112.0,133.4199981689453
69.45,2.437347769383046e-06,0.0,2.1614654510671015e-16,5.017609900291378,0.33160522987600416,0.8418509396724403,107.0,133.0,112.0,133.4199981689453
69.5,3.1239259099322366e-06,0.0,2.1614654510671015e-16,5.017609900291378,0.33160522987600416,0.8418509396724403,107.0,133.0,112.0,133.4199981689453
69.55,3.8104928050551556e-06,0.0,2.1614654510671015e-16,5.017609900291378,0.33160522987600416,0.8418509396724403,107.0,133.0,112.0,133.4199981689453
69.60000000000001,4.4627402845332e-06,0.0,2.1614654510671015e-16,5.017609900291378,0.33160522987600416,0.8418509396724403,107.0,133.0,112.0,133.4199981689453
69.65,5.080680138609756e-06,0.0,2.1614654510671015e-16,5.017609900291378,0.33160522987600416,0.8418509396724403,107.0,133.0,112.0,133.4199981689453
69.7,4.1194600144960756e-07,0.0,2.1614654510671015e-16,5.017609900291378,0.33160522987600416,0.8418509396724403,107.0,133.0,112.0,133.4199981689453
69.75,9.955377560963506e-07,0.0,2.1614654510671015e-16,5.017609900291378,0.33160522987600416,0.8418509396724403,107.0,133.0,112.0,133.4199981689453
69.8,1.647786088410608e-06,0.0,2.1614654510671015e-16,5.017609900291378,0.33160522987600416,0.8418509396724403,107.0,133.0,112.0,133.4199981689453
69.85000000000001,2.334363729066152e-06,0.0,2.1614654510671015e-16,5.017609900291378,0.33160522987600416,0.8418509396724403,107.0,133.0,112.0,133.4199981689453
69.9,2.986610860892608e-06,0.0,2.1614654510671015e-16,5.017609900291378,0.33160522987600416,0.8418509396724403,107.0,133.0,112.0,133.4199981689453
69.95,3.5015415276478077e-06,0.0,2.1614654510671015e-16,5.017609900291378,0.33160522987600416,0.8418509396724403,107.0,133.0,112.0,133.4199981689453
70.0,4.1194440610416795e-06,0.0,2.1614654510671015e-16,5.017609900291378,0.33160522987600416,0.8418509396724403,107.0,133.0,112.0,133.4199981689453
70.05,4.634387841924832e-06,0.0,2.1614654510671015e-16,5.017609900291378,0.33160522987600416,0.8418509396724403,107.0,133.0,112.0,133.4199981689453
70.10000000000001,2.403046547674167e-07,0.0,2.1614654510671015e-16,5.017609900291378,0.33160522987600416,0.8418509396724403,107.0,133.0,112.0,133.4199981689453
70.15,7.552341312620609e-07,0.0,2.1614654510671015e-16,5.017609900291378,0.33160522987600416,0.8418509396724403,107.0,133.0,112.0,133.4199981689453
70.2,1.3731564477206899e-06,0.0,2.1614654510671015e-16,5.017609900291378,0.33160522987600416,0.8418509396724403,107.0,133.0,112.0,133.4199981689453
70.25,2.0254032052897007e-06,0.0,2.1614654510671015e-16,5.017609900291378,0.33160522987600416,0.8418509396724403,107.0,133.0,112.0,133.4199981689453
70.3,2.711977790566891e-06,0.0,2.1614654510671015e-16,5.017609900291378,0.33160522987600416,0.8418509396724403,107.0,133.0,112.0,133.4199981689453
70.35000000000001,3.295570521860136e-06,0.0,2.1614654510671015e-16,5.017609900291378,0.33160522987600416,0.8418509396724403,107.0,133.0,112.0,133.4199981689453
70.4,3.913488105331786e-06,0.0,2.1614654510671015e-16,5.017609900291378,0.33160522987600416,0.8418509396724403,107.0,133.0,112.0,133.4199981689453
70.45,4.428432042257046e-06,0.0,2.1614654510671015e-16,5.017609900291378,0.33160522987600416,0.8418509396724403,107.0,133.0,112.0,133.4199981689453
70.5,0.0,0.0,2.1614654510671015e-16,5.017609900291378,0.33160522987600416,0.8418509396724403,107.0,133.0,112.0,133.4199981689453
70.55,5.835908955950279e-07,0.0,2.1614654510671015e-16,5.017609900291378,0.33160522987600416,0.8418509396724403,107.0,133.0,112.0,133.4199981689453
70.60000000000001,1.1671848261511505e-06,0.0,2.1614654510671015e-16,5.017609900291378,0.33160522987600416,0.8418509396724403,107.0,133.0,112.0,133.4199981689453
70.65,1.8537594444770945e-06,0.0,2.1614654510671015e-16,5.017609900291378,0.33160522987600416,0.8418509396724403,107.0,133.0,112.0,133.4199981689453
70.7,2.5403330152746607e-06,0.0,2.1614654510671015e-16,5.017609900291378,0.33160522987600416,0.8418509396724403,107.0,133.0,112.0,133.4199981689453
70.75,3.192580853815038e-06,0.0,2.1614654510671015e-16,5.017609900291378,0.33160522987600416,0.8418509396724403,107.0,133.0,112.0,133.4199981689453
70.8,3.741840063202468e-06,0.0,2.1614654510671015e-16,5.017609900291378,0.33160522987600416,0.8418509396724403,107.0,133.0,112.0,133.4199981689453
70.85000000000001,4.2567839732272215e-06,0.0,2.1614654510671015e-16,5.017609900291378,0.33160522987600416,0.8418509396724403,107.0,133.0,112.0,133.4199981689453
70.9,4.806036023332373e-06,0.0,2.1614654510671015e-16,5.017609900291378,0.33160522987600416,0.8418509396724403,107.0,133.0,112.0,133.4199981689453
70.95,3.776254429532185e-07,0.0,2.1614654510671015e-16,5.017609900291378,0.33160522987600416,0.8418509396724403,107.0,133.0,112.0,133.4199981689453
71.0,1.02987198975603e-06,0.0,2.1614654510671015e-16,5.017609900291378,0.33160522987600416,0.8418509396724403,107.0,133.0,112.0,133.4199981689453
71.05,1.6821158637359825e-06,0.0,2.1614654510671015e-16,5.017609900291378,0.33160522987600416,0.8418509396724403,107.0,133.0,112.0,133.4199981689453
71.10000000000001,2.2313736439590197e-06,0.0,2.1614654510671015e-16,5.017609900291378,0.33160522987600416,0.8418509396724403,107.0,133.0,112.0,133.4199981689453
71.15,2.8149666814857652e-06,0.0,2.1614654510671015e-16,5.017609900291378,0.33160522987600416,0.8418509396724403,107.0,133.0,112.0,133.4199981689453
71.2,3.5015402679913e-06,0.0,2.1614654510671015e-16,5.017609900291378,0.33160522987600416,0.8418509396724403,107.0,133.0,112.0,133.4199981689453
71.25,4.153788812413329e-06,0.0,2.1614654510671015e-16,5.017609900291378,0.33160522987600416,0.8418509396724403,107.0,133.0,112.0,133.4199981689453
71.3,4.703040256586922e-06,0.0,2.1614654510671015e-16,5.017609900291378,0.33160522987600416,0.8418509396724403,107.0,133.0,112.0,133.4199981689453
71.35000000000001,1.0298664292043146e-07,0.0,2.1614654510671015e-16,5.017609900291378,0.33160522987600416,0.8418509396724403,107.0,133.0,112.0,133.4199981689453
71.4,6.86579225490938e-07,0.0,2.1614654510671015e-16,5.017609900291378,0.33160522987600416,0.8418509396724403,107.0,133.0,112.0,133.4199981689453
71.45,1.304496803765358e-06,0.0,2.1614654510671015e-16,5.017609900291378,0.33160522987600416,0.8418509396724403,107.0,133.0,112.0,133.4199981689453
71.5,1.956744386070776e-06,0.0,2.1614654510671015e-16,5.017609900291378,0.33160522987600416,0.8418509396724403,107.0,133.0,112.0,133.4199981689453
71.55,2.6433239395797236e-06,0.0,2.1614654510671015e-16,5.017609900291378,0.33160522987600416,0.8418509396724403,107.0,133.0,112.0,133.4199981689453
71.60000000000001,3.3299012906217793e-06,0.0,2.1614654510671015e-16,5.017609900291378,0.33160522987600416,0.8418509396724403,107.0,133.0,112.0,133.4199981689453
71.65,3.982139898366146e-06,0.0,2.1614654510671015e-16,5.017609900291378,0.33160522987600416,0.8418509396724403,107.0,133.0,112.0,133.4199981689453
71.7,4.531392081963089e-06,0.0,2.1614654510671015e-16,5.017609900291378,0.33160522987600416,0.8418509396724403,107.0,133.0,112.0,133.4199981689453
71.75,5.04633587224711e-06,0.0,2.1614654510671015e-16,5.017609900291378,0.33160522987600416,0.8418509396724403,107.0,133.0,112.0,133.4199981689453
71.8,4.1194600144960756e-07,0.0,2.1614654510671015e-16,5.017609900291378,0.33160522987600416,0.8418509396724403,107.0,133.0,112.0,133.4199981689453
71.85000000000001,1.0641973862023277e-06,0.0,2.1614654510671015e-16,5.017609900291378,0.33160522987600416,0.8418509396724403,107.0,133.0,112.0,133.4199981689453
71.9,1.7507744977400713e-06,0.0,2.1614654510671015e-16,5.017609900291378,0.33160522987600416,0.8418509396724403,107.0,133.0,112.0,133.4199981689453
71.95,2.403018093363322e-06,0.0,2.1614654510671015e-16,5.017609900291378,0.33160522987600416,0.8418509396724403,107.0,133.0,112.0,133.4199981689453
72.0,3.089599996435258e-06,0.0,2.1614654510671015e-16,5.017609900291378,0.33160522987600416,0.8418509396724403,107.0,133.0,112.0,133.4199981689453
72.05,3.7761844721682317e-06,0.0,2.1614654510671015e-16,5.017609900291378,0.33160522987600416,0.8418509396724403,107.0,133.0,112.0,133.4199981689453
72.10000000000001,4.359782199576563e-06,0.0,2.1614654510671015e-16,5.017609900291378,0.33160522987600416,0.8418509396724403,107.0,133.0,112.0,133.4199981689453
72.15,5.012028415145175e-06,0.0,2.1614654510671015e-16,5.017609900291378,0.33160522987600416,0.8418509396724403,107.0,133.0,112.0,133.4199981689453
72.2,2.059732285304166e-07,0.0,2.1614654510671015e-16,5.017609900291378,0.33160522987600416,0.8418509396724403,107.0,133.0,112.0,133.4199981689453
72.25,7.552333739116038e-07,0.0,2.1614654510671015e-16,5.017609900291378,0.33160522987600416,0.8418509396724403,107.0,133.0,112.0,133.4199981689453
72.3,1.4418134436318966e-06,0.0,2.1614654510671015e-16,5.017609900291378,0.33160522987600416,0.8418509396724403,107.0,133.0,112.0,133.4199981689453
72.35000000000001,2.1283905615745477e-06,0.0,2.1614654510671015e-16,5.017609900291378,0.33160522987600416,0.8418509396724403,107.0,133.0,112.0,133.4199981689453
72.4,2.780636453242196e-06,0.0,2.1614654510671015e-16,5.017609900291378,0.33160522987600416,0.8418509396724403,107.0,133.0,112.0,133.4199981689453
72.45,3.4672158221850157e-06,0.0,2.1614654510671015e-16,5.017609900291378,0.33160522987600416,0.8418509396724403,107.0,133.0,112.0,133.4199981689453
72.5,4.085137882313906e-06,0.0,2.1614654510671015e-16,5.017609900291378,0.33160522987600416,0.8418509396724403,107.0,133.0,112.0,133.4199981689453
72.55,4.6687324982710275e-06,0.0,2.1614654510671015e-16,5.017609900291378,0.33160522987600416,0.8418509396724403,107.0,133.0,112.0,133.4199981689453
72.60000000000001,0.0,0.0,2.1614654510671015e-16,5.017609900291378,0.33160522987600416,0.8418509396724403,107.0,133.0,112.0,133.4199981689453
72.65,5.492627958553691e-07,0.0,2.1614654510671015e-16,5.017609900291378,0.33160522987600416,0.8418509396724403,107.0,133.0,112.0,133.4199981689453
72.7,1.0985230679371734e-06,0.0,2.1614654510671015e-16,5.017609900291378,0.33160522987600416,0.8418509396724403,107.0,133.0,112.0,133.4199981689453
72.75,1.750770671308608e-06,0.0,2.1614654510671015e-16,5.017609900291378,0.33160522987600416,0.8418509396724403,107.0,133.0,112.0,133.4199981689453
72.8,2.4030180018676083e-06,0.0,2.1614654510671015e-16,5.017609900291378,0.33160522987600416,0.8418509396724403,107.0,133.0,112.0,133.4199981689453
72.85000000000001,3.055266011154615e-06,0.0,2.1614654510671015e-16,5.017609900291378,0.33160522987600416,0.8418509396724403,107.0,133.0,112.0,133.4199981689453
72.9,3.5701992492505014e-06,0.0,2.1614654510671015e-16,5.017609900291378,0.33160522987600416,0.8418509396724403,107.0,133.0,112.0,133.4199981689453
72.95,4.085136353538974e-06,0.0,2.1614654510671015e-16,5.017609900291378,0.33160522987600416,0.8418509396724403,107.0,133.0,112.0,133.4199981689453
73.0,4.6343879901342385e-06,0.0,2.1614654510671015e-16,5.017609900291378,0.33160522987600416,0.8418509396724403,107.0,133.0,112.0,133.4199981689453
73.05,4.119453037607771e-07,0.0,2.1614654510671015e-16,5.017609900291378,0.33160522987600416,0.8418509396724403,107.0,133.0,112.0,133.4199981689453
73.10000000000001,1.0298665087931773e-06,0.0,2.1614654510671015e-16,5.017609900291378,0.33160522987600416,0.8418509396724403,107.0,133.0,112.0,133.4199981689453
73.15,1.5791256046093957e-06,0.0,2.1614654510671015e-16,5.017609900291378,0.33160522987600416,0.8418509396724403,107.0,133.0,112.0,133.4199981689453
73.2,2.0940589124677087e-06,0.0,2.1614654510671015e-16,5.017609900291378,0.33160522987600416,0.8418509396724403,107.0,133.0,112.0,133.4199981689453
73.25,2.780636435919774e-06,0.0,2.1614654510671015e-16,5.017609900291378,0.33160522987600416,0.8418509396724403,107.0,133.0,112.0,133.4199981689453
73.3,3.432884687592128e-06,0.0,2.1614654510671015e-16,5.017609900291378,0.33160522987600416,0.8418509396724403,107.0,133.0,112.0,133.4199981689453
73.35000000000001,4.119444224859909e-06,0.0,2.1614654510671015e-16,5.017609900291378,0.33160522987600416,0.8418509396724403,107.0,133.0,112.0,133.4199981689453
73.4,4.668732592584216e-06,0.0,2.1614654510671015e-16,5.017609900291378,0.33160522987600416,0.8418509396724403,107.0,133.0,112.0,133.4199981689453
73.45,1.0298664292043146e-07,0.0,2.1614654510671015e-16,5.017609900291378,0.33160522987600416,0.8418509396724403,107.0,133.0,112.0,133.4199981689453
73.5,6.865792956265438e-07,0.0,2.1614654510671015e-16,5.017609900291378,0.33160522987600416,0.8418509396724403,107.0,133.0,112.0,133.4199981689453
73.55,1.338826447611205e-06,0.0,2.1614654510671015e-16,5.017609900291378,0.33160522987600416,0.8418509396724403,107.0,133.0,112.0,133.4199981689453
73.60000000000001,1.9910736478471783e-06,0.0,2.1614654510671015e-16,5.017609900291378,0.33160522987600416,0.8418509396724403,107.0,133.0,112.0,133.4199981689453
73.65,2.6089923674166694e-06,0.0,2.1614654510671015e-16,5.017609900291378,0.33160522987600416,0.8418509396724403,107.0,133.0,112.0,133.4199981689453
73.7,3.1582552295228853e-06,0.0,2.1614654510671015e-16,5.017609900291378,0.33160522987600416,0.8418509396724403,107.0,133.0,112.0,133.4199981689453
73.75,3.741840294148677e-06,0.0,2.1614654510671015e-16,5.017609900291378,0.33160522987600416,0.8418509396724403,107.0,133.0,112.0,133.4199981689453
73.8,4.291092015653723e-06,0.0,2.1614654510671015e-16,5.017609900291378,0.33160522987600416,0.8418509396724403,107.0,133.0,112.0,133.4199981689453
73.85000000000001,4.9433405732740764e-06,0.0,2.1614654510671015e-16,5.017609900291378,0.33160522987600416,0.8418509396724403,107.0,133.0,112.0,133.4199981689453
73.9,5.492664684299597e-07,0.0,2.1614654510671015e-16,5.017609900291378,0.33160522987600416,0.8418509396724403,107.0,133.0,112.0,133.4199981689453
73.95,1.2015109590884913e-06,0.0,2.1614654510671015e-16,5.017609900291378,0.33160522987600416,0.8418509396724403,107.0,133.0,112.0,133.4199981689453
74.0,1.7164418680813419e-06,0.0,2.1614654510671015e-16,5.017609900291378,0.33160522987600416,0.8418509396724403,107.0,133.0,112.0,133.4199981689453
74.05,2.300032829452523e-06,0.0,2.1614654510671015e-16,5.017609900291378,0.33160522987600416,0.8418509396724403,107.0,133.0,112.0,133.4199981689453
74.10000000000001,2.883622637401633e-06,0.0,2.1614654510671015e-16,5.017609900291378,0.33160522987600416,0.8418509396724403,107.0,133.0,112.0,133.4199981689453
74.15,3.398554879260465e-06,0.0,2.1614654510671015e-16,5.017609900291378,0.33160522987600416,0.8418509396724403,107.0,133.0,112.0,133.4199981689453
74.2,4.050792730319277e-06,0.0,2.1614654510671015e-16,5.017609900291378,0.33160522987600416,0.8418509396724403,107.0,133.0,112.0,133.4199981689453
74.25,4.703040047312302e-06,0.0,2.1614654510671015e-16,5.017609900291378,0.33160522987600416,0.8418509396724403,107.0,133.0,112.0,133.4199981689453
74.3,2.7463083378834873e-07,0.0,2.1614654510671015e-16,5.017609900291378,0.33160522987600416,0.8418509396724403,107.0,133.0,112.0,133.4199981689453
74.35000000000001,9.612119838436882e-07,0.0,2.1614654510671015e-16,5.017609900291378,0.33160522987600416,0.8418509396724403,107.0,133.0,112.0,133.4199981689453
74.4,1.5447999491032933e-06,0.0,2.1614654510671015e-16,5.017609900291378,0.33160522987600416,0.8418509396724403,107.0,133.0,112.0,133.4199981689453
74.45,2.0597308028977457e-06,0.0,2.1614654510671015e-16,5.017609900291378,0.33160522987600416,0.8418509396724403,107.0,133.0,112.0,133.4199981689453
74.5,2.7119779193424483e-06,0.0,2.1614654510671015e-16,5.017609900291378,0.33160522987600416,0.8418509396724403,107.0,133.0,112.0,133.4199981689453
74.55,3.3298999089855433e-06,0.0,2.1614654510671015e-16,5.017609900291378,0.33160522987600416,0.8418509396724403,107.0,133.0,112.0,133.4199981689453
74.60000000000001,3.982141700370888e-06,0.0,2.1614654510671015e-16,5.017609900291378,0.33160522987600416,0.8418509396724403,107.0,133.0,112.0,133.4199981689453
74.65,4.634388390286943e-06,0.0,2.1614654510671015e-16,5.017609900291378,0.33160522987600416,0.8418509396724403,107.0,133.0,112.0,133.4199981689453
74.7,0.0,0.0,2.1614654510671015e-16,5.017609900291378,0.33160522987600416,0.8418509396724403,107.0,133.0,112.0,133.4199981689453
74.75,6.179184140740875e-07,0.0,2.1614654510671015e-16,5.017609900291378,0.33160522987600416,0.8418509396724403,107.0,133.0,112.0,133.4199981689453
74.8,1.2358375115392653e-06,0.0,2.1614654510671015e-16,5.017609900291378,0.33160522987600416,0.8418509396724403,107.0,133.0,112.0,133.4199981689453
74.85000000000001,1.8194295622622907e-06,0.0,2.1614654510671015e-16,5.017609900291378,0.33160522987600416,0.8418509396724403,107.0,133.0,112.0,133.4199981689453
74.9,2.43734755370355e-06,0.0,2.1614654510671015e-16,5.017609900291378,0.33160522987600416,0.8418509396724403,107.0,133.0,112.0,133.4199981689453
74.95,3.055265916183752e-06,0.0,2.1614654510671015e-16,5.017609900291378,0.33160522987600416,0.8418509396724403,107.0,133.0,112.0,133.4199981689453
75.0,3.6388440641904502e-06,0.0,2.1614654510671015e-16,5.017609900291378,0.33160522987600416,0.8418509396724403,107.0,133.0,112.0,133.4199981689453
75.05,4.256784003657226e-06,0.0,2.1614654510671015e-16,5.017609900291378,0.33160522987600416,0.8418509396724403,107.0,133.0,112.0,133.4199981689453
75.10000000000001,4.840380145061166e-06,0.0,2.1614654510671015e-16,5.017609900291378,0.33160522987600416,0.8418509396724403,107.0,133.0,112.0,133.4199981689453
75.15,3.7761874700918165e-07,0.0,2.1614654510671015e-16,5.017609900291378,0.33160522987600416,0.8418509396724403,107.0,133.0,112.0,133.4199981689453
75.2,9.955368620777728e-07,0.0,2.1614654510671015e-16,5.017609900291378,0.33160522987600416,0.8418509396724403,107.0,133.0,112.0,133.4199981689453
75.25,1.5791256290853508e-06,0.0,2.1614654510671015e-16,5.017609900291378,0.33160522987600416,0.8418509396724403,107.0,133.0,112.0,133.4199981689453
75.3,2.2657034875972135e-06,0.0,2.1614654510671015e-16,5.017609900291378,0.33160522987600416,0.8418509396724403,107.0,133.0,112.0,133.4199981689453
75.35000000000001,2.8836217151259224e-06,0.0,2.1614654510671015e-16,5.017609900291378,0.33160522987600416,0.8418509396724403,107.0,133.0,112.0,133.4199981689453
75.4,3.43288449187877e-06,0.0,2.1614654510671015e-16,5.017609900291378,0.33160522987600416,0.8418509396724403,107.0,133.0,112.0,133.4199981689453
75.45,4.0851362199966125e-06,0.0,2.1614654510671015e-16,5.017609900291378,0.33160522987600416,0.8418509396724403,107.0,133.0,112.0,133.4199981689453
75.5,4.737384192801154e-06,0.0,2.1614654510671015e-16,5.017609900291378,0.33160522987600416,0.8418509396724403,107.0,133.0,112.0,133.4199981689453
75.55,1.029867505873017e-07,0.0,2.1614654510671015e-16,5.017609900291378,0.33160522987600416,0.8418509396724403,107.0,133.0,112.0,133.4199981689453
75.60000000000001,6.179184647808368e-07,0.0,2.1614654510671015e-16,5.017609900291378,0.33160522987600416,0.8418509396724403,107.0,133.0,112.0,133.4199981689453
75.65,1.2701664136300555e-06,0.0,2.1614654510671015e-16,5.017609900291378,0.33160522987600416,0.8418509396724403,107.0,133.0,112.0,133.4199981689453
75.7,1.922414510912173e-06,0.0,2.1614654510671015e-16,5.017609900291378,0.33160522987600416,0.8418509396724403,107.0,133.0,112.0,133.4199981689453
75.75,2.4716773012405613e-06,0.0,2.1614654510671015e-16,5.017609900291378,0.33160522987600416,0.8418509396724403,107.0,133.0,112.0,133.4199981689453
75.8,3.0552659378468565e-06,0.0,2.1614654510671015e-16,5.017609900291378,0.33160522987600416,0.8418509396724403,107.0,133.0,112.0,133.4199981689453
75.85000000000001,3.7418407288158874e-06,0.0,2.1614654510671015e-16,5.017609900291378,0.33160522987600416,0.8418509396724403,107.0,133.0,112.0,133.4199981689453
75.9,4.4284325672738965e-06,0.0,2.1614654510671015e-16,5.017609900291378,0.33160522987600416,0.8418509396724403,107.0,133.0,112.0,133.4199981689453
75.95,5.0463368648863405e-06,0.0,2.1614654510671015e-16,5.017609900291378,0.33160522987600416,0.8418509396724403,107.0,133.0,112.0,133.4199981689453
76.0,4.806075330495292e-07,0.0,2.1614654510671015e-16,5.017609900291378,0.33160522987600416,0.8418509396724403,107.0,133.0,112.0,133.4199981689453
76.05,1.0641953147262537e-06,0.0,2.1614654510671015e-16,5.017609900291378,0.33160522987600416,0.8418509396724403,107.0,133.0,112.0,133.4199981689453
76.10000000000001,1.7507711384641964e-06,0.0,2.1614654510671015e-16,5.017609900291378,0.33160522987600416,0.8418509396724403,107.0,133.0,112.0,133.4199981689453
76.15,2.403020621721582e-06,0.0,2.1614654510671015e-16,5.017609900291378,0.33160522987600416,0.8418509396724403,107.0,133.0,112.0,133.4199981689453
76.2,3.055266710087144e-06,0.0,2.1614654510671015e-16,5.017609900291378,0.33160522987600416,0.8418509396724403,107.0,133.0,112.0,133.4199981689453
76.25,3.5701993072361954e-06,0.0,2.1614654510671015e-16,5.017609900291378,0.33160522987600416,0.8418509396724403,107.0,133.0,112.0,133.4199981689453
76.3,4.153789447971437e-06,0.0,2.1614654510671015e-16,5.017609900291378,0.33160522987600416,0.8418509396724403,107.0,133.0,112.0,133.4199981689453
76.35000000000001,4.8403805309873615e-06,0.0,2.1614654510671015e-16,5.017609900291378,0.33160522987600416,0.8418509396724403,107.0,133.0,112.0,133.4199981689453
76.4,2.746365716608271e-07,0.0,2.1614654510671015e-16,5.017609900291378,0.33160522987600416,0.8418509396724403,107.0,133.0,112.0,133.4199981689453
76.45,9.268788611635687e-07,0.0,2.1614654510671015e-16,5.017609900291378,0.33160522987600416,0.8418509396724403,107.0,133.0,112.0,133.4199981689453
76.5,1.544802792126794e-06,0.0,2.1614654510671015e-16,5.017609900291378,0.33160522987600416,0.8418509396724403,107.0,133.0,112.0,133.4199981689453
76.55,2.1283884768737547e-06,0.0,2.1614654510671015e-16,5.017609900291378,0.33160522987600416,0.8418509396724403,107.0,133.0,112.0,133.4199981689453
76.60000000000001,2.677654232302007e-06,0.0,2.1614654510671015e-16,5.017609900291378,0.33160522987600416,0.8418509396724403,107.0,133.0,112.0,133.4199981689453
76.65,3.3298998341651834e-06,0.0,2.1614654510671015e-16,5.017609900291378,0.33160522987600416,0.8418509396724403,107.0,133.0,112.0,133.4199981689453
76.7,4.016484025572982e-06,0.0,2.1614654510671015e-16,5.017609900291378,0.33160522987600416,0.8418509396724403,107.0,133.0,112.0,133.4199981689453
76.75,4.668733468345211e-06,0.0,2.1614654510671015e-16,5.017609900291378,0.33160522987600416,0.8418509396724403,107.0,133.0,112.0,133.4199981689453
76.80000000000001,0.0,0.0,2.1614654510671015e-16,5.017609900291378,0.33160522987600416,0.8418509396724403,107.0,133.0,112.0,133.4199981689453
76.85000000000001,6.179261661638739e-07,0.0,2.1614654510671015e-16,5.017609900291378,0.33160522987600416,0.8418509396724403,107.0,133.0,112.0,133.4199981689453
76.9,1.2358400562272102e-06,0.0,2.1614654510671015e-16,5.017609900291378,0.33160522987600416,0.8418509396724403,107.0,133.0,112.0,133.4199981689453
76.95,1.8880854815689577e-06,0.0,2.1614654510671015e-16,5.017609900291378,0.33160522987600416,0.8418509396724403,107.0,133.0,112.0,133.4199981689453
77.0,2.5746638729609275e-06,0.0,2.1614654510671015e-16,5.017609900291378,0.33160522987600416,0.8418509396724403,107.0,133.0,112.0,133.4199981689453
77.05000000000001,3.2269108531667124e-06,0.0,2.1614654510671015e-16,5.017609900291378,0.33160522987600416,0.8418509396724403,107.0,133.0,112.0,133.4199981689453
77.10000000000001,3.7761840891888754e-06,0.0,2.1614654510671015e-16,5.017609900291378,0.33160522987600416,0.8418509396724403,107.0,133.0,112.0,133.4199981689453
77.15,4.394087985116682e-06,0.0,2.1614654510671015e-16,5.017609900291378,0.33160522987600416,0.8418509396724403,107.0,133.0,112.0,133.4199981689453
77.2,5.080680043341449e-06,0.0,2.1614654510671015e-16,5.017609900291378,0.33160522987600416,0.8418509396724403,107.0,133.0,112.0,133.4199981689453
77.25,4.1194492954539166e-07,0.0,2.1614654510671015e-16,5.017609900291378,0.33160522987600416,0.8418509396724403,107.0,133.0,112.0,133.4199981689453
77.30000000000001,9.612086988705453e-07,0.0,2.1614654510671015e-16,5.017609900291378,0.33160522987600416,0.8418509396724403,107.0,133.0,112.0,133.4199981689453
77.35000000000001,1.5104700446769849e-06,0.0,2.1614654510671015e-16,5.017609900291378,0.33160522987600416,0.8418509396724403,107.0,133.0,112.0,133.4199981689453
77.4,2.0940592094431064e-06,0.0,2.1614654510671015e-16,5.017609900291378,0.33160522987600416,0.8418509396724403,107.0,133.0,112.0,133.4199981689453
77.45,2.7119775096253806e-06,0.0,2.1614654510671015e-16,5.017609900291378,0.33160522987600416,0.8418509396724403,107.0,133.0,112.0,133.4199981689453
77.5,3.3985550701554697e-06,0.0,2.1614654510671015e-16,5.017609900291378,0.33160522987600416,0.8418509396724403,107.0,133.0,112.0,133.4199981689453
77.55000000000001,4.050792107702867e-06,0.0,2.1614654510671015e-16,5.017609900291378,0.33160522987600416,0.8418509396724403,107.0,133.0,112.0,133.4199981689453
77.60000000000001,4.565736153799032e-06,0.0,2.1614654510671015e-16,5.017609900291378,0.33160522987600416,0.8418509396724403,107.0,133.0,112.0,133.4199981689453
77.65,1.029867505873017e-07,0.0,2.1614654510671015e-16,5.017609900291378,0.33160522987600416,0.8418509396724403,107.0,133.0,112.0,133.4199981689453
77.7,6.522498686863162e-07,0.0,2.1614654510671015e-16,5.017609900291378,0.33160522987600416,0.8418509396724403,107.0,133.0,112.0,133.4199981689453
77.75,1.270169603061737e-06,0.0,2.1614654510671015e-16,5.017609900291378,0.33160522987600416,0.8418509396724403,107.0,133.0,112.0,133.4199981689453
77.80000000000001,1.9224144929809273e-06,0.0,2.1614654510671015e-16,5.017609900291378,0.33160522987600416,0.8418509396724403,107.0,133.0,112.0,133.4199981689453
77.85000000000001,2.6089920509962307e-06,0.0,2.1614654510671015e-16,5.017609900291378,0.33160522987600416,0.8418509396724403,107.0,133.0,112.0,133.4199981689453
77.9,3.192580897012362e-06,0.0,2.1614654510671015e-16,5.017609900291378,0.33160522987600416,0.8418509396724403,107.0,133.0,112.0,133.4199981689453
77.95,3.7075319374309824e-06,0.0,2.1614654510671015e-16,5.017609900291378,0.33160522987600416,0.8418509396724403,107.0,133.0,112.0,133.4199981689453
78.0,4.222440763768618e-06,0.0,2.1614654510671015e-16,5.017609900291378,0.33160522987600416,0.8418509396724403,107.0,133.0,112.0,133.4199981689453
78.05000000000001,4.909032403349809e-06,0.0,2.1614654510671015e-16,5.017609900291378,0.33160522987600416,0.8418509396724403,107.0,133.0,112.0,133.4199981689453
78.10000000000001,5.4926374781466e-07,0.0,2.1614654510671015e-16,5.017609900291378,0.33160522987600416,0.8418509396724403,107.0,133.0,112.0,133.4199981689453
78.15,1.098522213737358e-06,0.0,2.1614654510671015e-16,5.017609900291378,0.33160522987600416,0.8418509396724403,107.0,133.0,112.0,133.4199981689453
78.2,1.6134553396486773e-06,0.0,2.1614654510671015e-16,5.017609900291378,0.33160522987600416,0.8418509396724403,107.0,133.0,112.0,133.4199981689453
78.25,2.197044100173987e-06,0.0,2.1614654510671015e-16,5.017609900291378,0.33160522987600416,0.8418509396724403,107.0,133.0,112.0,133.4199981689453
78.30000000000001,2.8836217694709595e-06,0.0,2.1614654510671015e-16,5.017609900291378,0.33160522987600416,0.8418509396724403,107.0,133.0,112.0,133.4199981689453
78.35000000000001,3.5358696336515557e-06,0.0,2.1614654510671015e-16,5.017609900291378,0.33160522987600416,0.8418509396724403,107.0,133.0,112.0,133.4199981689453
78.4,4.085136209365468e-06,0.0,2.1614654510671015e-16,5.017609900291378,0.33160522987600416,0.8418509396724403,107.0,133.0,112.0,133.4199981689453
78.45,4.600080481279739e-06,0.0,2.1614654510671015e-16,5.017609900291378,0.33160522987600416,0.8418509396724403,107.0,133.0,112.0,133.4199981689453
78.5,2.7463083378834873e-07,0.0,2.1614654510671015e-16,5.017609900291378,0.33160522987600416,0.8418509396724403,107.0,133.0,112.0,133.4199981689453
78.55000000000001,8.582220192411983e-07,0.0,2.1614654510671015e-16,5.017609900291378,0.33160522987600416,0.8418509396724403,107.0,133.0,112.0,133.4199981689453
78.60000000000001,1.4074811614648456e-06,0.0,2.1614654510671015e-16,5.017609900291378,0.33160522987600416,0.8418509396724403,107.0,133.0,112.0,133.4199981689453
78.65,2.0254037199655987e-06,0.0,2.1614654510671015e-16,5.017609900291378,0.33160522987600416,0.8418509396724403,107.0,133.0,112.0,133.4199981689453
78.7,2.7119778675426143e-06,0.0,2.1614654510671015e-16,5.017609900291378,0.33160522987600416,0.8418509396724403,107.0,133.0,112.0,133.4199981689453
78.75,3.2955701684049415e-06,0.0,2.1614654510671015e-16,5.017609900291378,0.33160522987600416,0.8418509396724403,107.0,133.0,112.0,133.4199981689453
78.80000000000001,3.879144054892289e-06,0.0,2.1614654510671015e-16,5.017609900291378,0.33160522987600416,0.8418509396724403,107.0,133.0,112.0,133.4199981689453
78.85000000000001,4.462740183804657e-06,0.0,2.1614654510671015e-16,5.017609900291378,0.33160522987600416,0.8418509396724403,107.0,133.0,112.0,133.4199981689453
78.9,0.0,0.0,2.1614654510671015e-16,5.017609900291378,0.33160522987600416,0.8418509396724403,107.0,133.0,112.0,133.4199981689453
78.95,6.86578959121427e-07,0.0,2.1614654510671015e-16,5.017609900291378,0.33160522987600416,0.8418509396724403,107.0,133.0,112.0,133.4199981689453
79.0,1.3388267644028972e-06,0.0,2.1614654510671015e-16,5.017609900291378,0.33160522987600416,0.8418509396724403,107.0,133.0,112.0,133.4199981689453
79.05000000000001,1.922416000079172e-06,0.0,2.1614654510671015e-16,5.017609900291378,0.33160522987600416,0.8418509396724403,107.0,133.0,112.0,133.4199981689453
79.10000000000001,2.5746631069846105e-06,0.0,2.1614654510671015e-16,5.017609900291378,0.33160522987600416,0.8418509396724403,107.0,133.0,112.0,133.4199981689453
79.15,3.2269112639008672e-06,0.0,2.1614654510671015e-16,5.017609900291378,0.33160522987600416,0.8418509396724403,107.0,133.0,112.0,133.4199981689453
79.2,3.844836378673503e-06,0.0,2.1614654510671015e-16,5.017609900291378,0.33160522987600416,0.8418509396724403,107.0,133.0,112.0,133.4199981689453
79.25,4.428432792139385e-06,0.0,2.1614654510671015e-16,5.017609900291378,0.33160522987600416,0.8418509396724403,107.0,133.0,112.0,133.4199981689453
79.30000000000001,5.080680322974218e-06,0.0,2.1614654510671015e-16,5.017609900291378,0.33160522987600416,0.8418509396724403,107.0,133.0,112.0,133.4199981689453
79.35000000000001,3.776338425915734e-07,0.0,2.1614654510671015e-16,5.017609900291378,0.33160522987600416,0.8418509396724403,107.0,133.0,112.0,133.4199981689453
79.4,1.029868675357465e-06,0.0,2.1614654510671015e-16,5.017609900291378,0.33160522987600416,0.8418509396724403,107.0,133.0,112.0,133.4199981689453
79.45,1.6134564784405998e-06,0.0,2.1614654510671015e-16,5.017609900291378,0.33160522987600416,0.8418509396724403,107.0,133.0,112.0,133.4199981689453
79.5,2.2313736607545883e-06,0.0,2.1614654510671015e-16,5.017609900291378,0.33160522987600416,0.8418509396724403,107.0,133.0,112.0,133.4199981689453
79.55000000000001,2.917951334025663e-06,0.0,2.1614654510671015e-16,5.017609900291378,0.33160522987600416,0.8418509396724403,107.0,133.0,112.0,133.4199981689453
79.60000000000001,3.570199715291476e-06,0.0,2.1614654510671015e-16,5.017609900291378,0.33160522987600416,0.8418509396724403,107.0,133.0,112.0,133.4199981689453
79.65,4.2224422063366655e-06,0.0,2.1614654510671015e-16,5.017609900291378,0.33160522987600416,0.8418509396724403,107.0,133.0,112.0,133.4199981689453
79.7,4.840380324350914e-06,0.0,2.1614654510671015e-16,5.017609900291378,0.33160522987600416,0.8418509396724403,107.0,133.0,112.0,133.4199981689453
79.75,1.0298664292043146e-07,0.0,2.1614654510671015e-16,5.017609900291378,0.33160522987600416,0.8418509396724403,107.0,133.0,112.0,133.4199981689453
79.80000000000001,6.522480273520921e-07,0.0,2.1614654510671015e-16,5.017609900291378,0.33160522987600416,0.8418509396724403,107.0,133.0,112.0,133.4199981689453
79.85000000000001,1.304496638912234e-06,0.0,2.1614654510671015e-16,5.017609900291378,0.33160522987600416,0.8418509396724403,107.0,133.0,112.0,133.4199981689453
79.9,1.9567440792715547e-06,0.0,2.1614654510671015e-16,5.017609900291378,0.33160522987600416,0.8418509396724403,107.0,133.0,112.0,133.4199981689453
79.95,2.6089921332887837e-06,0.0,2.1614654510671015e-16,5.017609900291378,0.33160522987600416,0.8418509396724403,107.0,133.0,112.0,133.4199981689453
80.0,3.1582550091468735e-06,0.0,2.1614654510671015e-16,5.017609900291378,0.33160522987600416,0.8418509396724403,107.0,133.0,112.0,133.4199981689453
80.05000000000001,3.707531890164686e-06,0.0,2.1614654510671015e-16,5.017609900291378,0.33160522987600416,0.8418509396724403,107.0,133.0,112.0,133.4199981689453
80.10000000000001,4.222440227172652e-06,0.0,2.1614654510671015e-16,5.017609900291378,0.33160522987600416,0.8418509396724403,107.0,133.0,112.0,133.4199981689453
80.15,4.909031871696711e-06,0.0,2.1614654510671015e-16,5.017609900291378,0.33160522987600416,0.8418509396724403,107.0,133.0,112.0,133.4199981689453
80.2,5.149389728204684e-07,0.0,2.1614654510671015e-16,5.017609900291378,0.33160522987600416,0.8418509396724403,107.0,133.0,112.0,133.4199981689453
80.25,1.1328533180396537e-06,0.0,2.1614654510671015e-16,5.017609900291378,0.33160522987600416,0.8418509396724403,107.0,133.0,112.0,133.4199981689453
80.30000000000001,1.6821144711063107e-06,0.0,2.1614654510671015e-16,5.017609900291378,0.33160522987600416,0.8418509396724403,107.0,133.0,112.0,133.4199981689453
80.35000000000001,2.265704321290732e-06,0.0,2.1614654510671015e-16,5.017609900291378,0.33160522987600416,0.8418509396724403,107.0,133.0,112.0,133.4199981689453
80.4,2.9522817870632685e-06,0.0,2.1614654510671015e-16,5.017609900291378,0.33160522987600416,0.8418509396724403,107.0,133.0,112.0,133.4199981689453
80.45,3.638844495027948e-06,0.0,2.1614654510671015e-16,5.017609900291378,0.33160522987600416,0.8418509396724403,107.0,133.0,112.0,133.4199981689453
80.5,4.222440204667495e-06,0.0,2.1614654510671015e-16,5.017609900291378,0.33160522987600416,0.8418509396724403,107.0,133.0,112.0,133.4199981689453
80.55000000000001,4.7373843381344e-06,0.0,2.1614654510671015e-16,5.017609900291378,0.33160522987600416,0.8418509396724403,107.0,133.0,112.0,133.4199981689453
80.60000000000001,2.059732285304166e-07,0.0,2.1614654510671015e-16,5.017609900291378,0.33160522987600416,0.8418509396724403,107.0,133.0,112.0,133.4199981689453
80.65,8.582220717899005e-07,0.0,2.1614654510671015e-16,5.017609900291378,0.33160522987600416,0.8418509396724403,107.0,133.0,112.0,133.4199981689453
80.7,1.5448002339841806e-06,0.0,2.1614654510671015e-16,5.017609900291378,0.33160522987600416,0.8418509396724403,107.0,133.0,112.0,133.4199981689453
80.75,2.197044216526083e-06,0.0,2.1614654510671015e-16,5.017609900291378,0.33160522987600416,0.8418509396724403,107.0,133.0,112.0,133.4199981689453
80.80000000000001,2.7463068483570593e-06,0.0,2.1614654510671015e-16,5.017609900291378,0.33160522987600416,0.8418509396724403,107.0,133.0,112.0,133.4199981689453
80.85000000000001,3.3298993969788673e-06,0.0,2.1614654510671015e-16,5.017609900291378,0.33160522987600416,0.8418509396724403,107.0,133.0,112.0,133.4199981689453
80.9,3.982139905718826e-06,0.0,2.1614654510671015e-16,5.017609900291378,0.33160522987600416,0.8418509396724403,107.0,133.0,112.0,133.4199981689453
80.95,4.531392040460579e-06,0.0,2.1614654510671015e-16,5.017609900291378,0.33160522987600416,0.8418509396724403,107.0,133.0,112.0,133.4199981689453
81.0,0.0,0.0,2.1614654510671015e-16,5.017609900291378,0.33160522987600416,0.8418509396724403,107.0,133.0,112.0,133.4199981689453
81.05000000000001,6.865795505542594e-07,0.0,2.1614654510671015e-16,5.017609900291378,0.33160522987600416,0.8418509396724403,107.0,133.0,112.0,133.4199981689453
81.10000000000001,1.3044986878829244e-06,0.0,2.1614654510671015e-16,5.017609900291378,0.33160522987600416,0.8418509396724403,107.0,133.0,112.0,133.4199981689453
81.15,1.9567468544403146e-06,0.0,2.1614654510671015e-16,5.017609900291378,0.33160522987600416,0.8418509396724403,107.0,133.0,112.0,133.4199981689453
81.2,2.5746635348238884e-06,0.0,2.1614654510671015e-16,5.017609900291378,0.33160522987600416,0.8418509396724403,107.0,133.0,112.0,133.4199981689453
81.25,3.1582550891221946e-06,0.0,2.1614654510671015e-16,5.017609900291378,0.33160522987600416,0.8418509396724403,107.0,133.0,112.0,133.4199981689453
81.30000000000001,3.844838751873708e-06,0.0,2.1614654510671015e-16,5.017609900291378,0.33160522987600416,0.8418509396724403,107.0,133.0,112.0,133.4199981689453
81.35000000000001,4.531393414690101e-06,0.0,2.1614654510671015e-16,5.017609900291378,0.33160522987600416,0.8418509396724403,107.0,133.0,112.0,133.4199981689453
81.4,5.18364020833331e-06,0.0,2.1614654510671015e-16,5.017609900291378,0.33160522987600416,0.8418509396724403,107.0,133.0,112.0,133.4199981689453
81.45,3.776254429532185e-07,0.0,2.1614654510671015e-16,5.017609900291378,0.33160522987600416,0.8418509396724403,107.0,133.0,112.0,133.4199981689453
81.5,1.0641952634562604e-06,0.0,2.1614654510671015e-16,5.017609900291378,0.33160522987600416,0.8418509396724403,107.0,133.0,112.0,133.4199981689453
81.55000000000001,1.6821215447924395e-06,0.0,2.1614654510671015e-16,5.017609900291378,0.33160522987600416,0.8418509396724403,107.0,133.0,112.0,133.4199981689453
81.60000000000001,2.3343625194651805e-06,0.0,2.1614654510671015e-16,5.017609900291378,0.33160522987600416,0.8418509396724403,107.0,133.0,112.0,133.4199981689453
81.65,2.9179525524561684e-06,0.0,2.1614654510671015e-16,5.017609900291378,0.33160522987600416,0.8418509396724403,107.0,133.0,112.0,133.4199981689453
81.7,3.5015400698877653e-06,0.0,2.1614654510671015e-16,5.017609900291378,0.33160522987600416,0.8418509396724403,107.0,133.0,112.0,133.4199981689453
81.75,4.1194441995199095e-06,0.0,2.1614654510671015e-16,5.017609900291378,0.33160522987600416,0.8418509396724403,107.0,133.0,112.0,133.4199981689453
81.80000000000001,4.806036210426224e-06,0.0,2.1614654510671015e-16,5.017609900291378,0.33160522987600416,0.8418509396724403,107.0,133.0,112.0,133.4199981689453
81.85000000000001,1.3731556484675768e-07,0.0,2.1614654510671015e-16,5.017609900291378,0.33160522987600416,0.8418509396724403,107.0,133.0,112.0,133.4199981689453
81.9,7.895665137762071e-07,0.0,2.1614654510671015e-16,5.017609900291378,0.33160522987600416,0.8418509396724403,107.0,133.0,112.0,133.4199981689453
81.95,1.3731552596295478e-06,0.0,2.1614654510671015e-16,5.017609900291378,0.33160522987600416,0.8418509396724403,107.0,133.0,112.0,133.4199981689453
82.0,1.8880852002928206e-06,0.0,2.1614654510671015e-16,5.017609900291378,0.33160522987600416,0.8418509396724403,107.0,133.0,112.0,133.4199981689453
82.05000000000001,2.471677163745611e-06,0.0,2.1614654510671015e-16,5.017609900291378,0.33160522987600416,0.8418509396724403,107.0,133.0,112.0,133.4199981689453
82.10000000000001,3.123925925638227e-06,0.0,2.1614654510671015e-16,5.017609900291378,0.33160522987600416,0.8418509396724403,107.0,133.0,112.0,133.4199981689453
82.15,3.776185820583448e-06,0.0,2.1614654510671015e-16,5.017609900291378,0.33160522987600416,0.8418509396724403,107.0,133.0,112.0,133.4199981689453
82.2,4.4284326251874585e-06,0.0,2.1614654510671015e-16,5.017609900291378,0.33160522987600416,0.8418509396724403,107.0,133.0,112.0,133.4199981689453
82.25,5.114988096684849e-06,0.0,2.1614654510671015e-16,5.017609900291378,0.33160522987600416,0.8418509396724403,107.0,133.0,112.0,133.4199981689453
82.30000000000001,4.806201708127869e-07,0.0,2.1614654510671015e-16,5.017609900291378,0.33160522987600416,0.8418509396724403,107.0,133.0,112.0,133.4199981689453
82.35000000000001,1.1328531949923743e-06,0.0,2.1614654510671015e-16,5.017609900291378,0.33160522987600416,0.8418509396724403,107.0,133.0,112.0,133.4199981689453
82.4,1.7850996898734086e-06,0.0,2.1614654510671015e-16,5.017609900291378,0.33160522987600416,0.8418509396724403,107.0,133.0,112.0,133.4199981689453
82.45,2.3343653576954166e-06,0.0,2.1614654510671015e-16,5.017609900291378,0.33160522987600416,0.8418509396724403,107.0,133.0,112.0,133.4199981689453
82.5,2.986611306865433e-06,0.0,2.1614654510671015e-16,5.017609900291378,0.33160522987600416,0.8418509396724403,107.0,133.0,112.0,133.4199981689453
82.55000000000001,3.673188217864982e-06,0.0,2.1614654510671015e-16,5.017609900291378,0.33160522987600416,0.8418509396724403,107.0,133.0,112.0,133.4199981689453
82.60000000000001,4.325436526338006e-06,0.0,2.1614654510671015e-16,5.017609900291378,0.33160522987600416,0.8418509396724403,107.0,133.0,112.0,133.4199981689453
82.65,4.943340706012079e-06,0.0,2.1614654510671015e-16,5.017609900291378,0.33160522987600416,0.8418509396724403,107.0,133.0,112.0,133.4199981689453
82.7,2.4030771899183005e-07,0.0,2.1614654510671015e-16,5.017609900291378,0.33160522987600416,0.8418509396724403,107.0,133.0,112.0,133.4199981689453
82.75,7.895652085209733e-07,0.0,2.1614654510671015e-16,5.017609900291378,0.33160522987600416,0.8418509396724403,107.0,133.0,112.0,133.4199981689453
82.80000000000001,1.4761460383086737e-06,0.0,2.1614654510671015e-16,5.017609900291378,0.33160522987600416,0.8418509396724403,107.0,133.0,112.0,133.4199981689453
82.85000000000001,2.162720033039628e-06,0.0,2.1614654510671015e-16,5.017609900291378,0.33160522987600416,0.8418509396724403,107.0,133.0,112.0,133.4199981689453
82.9,2.8149672520854393e-06,0.0,2.1614654510671015e-16,5.017609900291378,0.33160522987600416,0.8418509396724403,107.0,133.0,112.0,133.4199981689453
82.95,3.4672157204742566e-06,0.0,2.1614654510671015e-16,5.017609900291378,0.33160522987600416,0.8418509396724403,107.0,133.0,112.0,133.4199981689453
83.0,4.05079261068102e-06,0.0,2.1614654510671015e-16,5.017609900291378,0.33160522987600416,0.8418509396724403,107.0,133.0,112.0,133.4199981689453
83.05000000000001,4.634389368105716e-06,0.0,2.1614654510671015e-16,5.017609900291378,0.33160522987600416,0.8418509396724403,107.0,133.0,112.0,133.4199981689453
83.10000000000001,0.0,0.0,2.1614654510671015e-16,5.017609900291378,0.33160522987600416,0.8418509396724403,107.0,133.0,112.0,133.4199981689453
83.15,6.522632491467336e-07,0.0,2.1614654510671015e-16,5.017609900291378,0.33160522987600416,0.8418509396724403,107.0,133.0,112.0,133.4199981689453
83.2,1.270166419202724e-06,0.0,2.1614654510671015e-16,5.017609900291378,0.33160522987600416,0.8418509396724403,107.0,133.0,112.0,133.4199981689453
83.25,1.8880895950338561e-06,0.0,2.1614654510671015e-16,5.017609900291378,0.33160522987600416,0.8418509396724403,107.0,133.0,112.0,133.4199981689453
83.30000000000001,2.540333534044645e-06,0.0,2.1614654510671015e-16,5.017609900291378,0.33160522987600416,0.8418509396724403,107.0,133.0,112.0,133.4199981689453
83.35000000000001,3.2269110116969724e-06,0.0,2.1614654510671015e-16,5.017609900291378,0.33160522987600416,0.8418509396724403,107.0,133.0,112.0,133.4199981689453
83.4,3.879149367673857e-06,0.0,2.1614654510671015e-16,5.017609900291378,0.33160522987600416,0.8418509396724403,107.0,133.0,112.0,133.4199981689453
83.45,4.531391976550678e-06,0.0,2.1614654510671015e-16,5.017609900291378,0.33160522987600416,0.8418509396724403,107.0,133.0,112.0,133.4199981689453
83.5,5.183642532800038e-06,0.0,2.1614654510671015e-16,5.017609900291378,0.33160522987600416,0.8418509396724403,107.0,133.0,112.0,133.4199981689453
83.55000000000001,3.0896047790834195e-07,0.0,2.1614654510671015e-16,5.017609900291378,0.33160522987600416,0.8418509396724403,107.0,133.0,112.0,133.4199981689453
83.60000000000001,8.238953595581206e-07,0.0,2.1614654510671015e-16,5.017609900291378,0.33160522987600416,0.8418509396724403,107.0,133.0,112.0,133.4199981689453
83.65,1.5104702320452496e-06,0.0,2.1614654510671015e-16,5.017609900291378,0.33160522987600416,0.8418509396724403,107.0,133.0,112.0,133.4199981689453
83.7,2.1970439783040734e-06,0.0,2.1614654510671015e-16,5.017609900291378,0.33160522987600416,0.8418509396724403,107.0,133.0,112.0,133.4199981689453
83.75,2.8149663608157983e-06,0.0,2.1614654510671015e-16,5.017609900291378,0.33160522987600416,0.8418509396724403,107.0,133.0,112.0,133.4199981689453
83.80000000000001,3.329900497001669e-06,0.0,2.1614654510671015e-16,5.017609900291378,0.33160522987600416,0.8418509396724403,107.0,133.0,112.0,133.4199981689453
83.85000000000001,3.91348808203398e-06,0.0,2.1614654510671015e-16,5.017609900291378,0.33160522987600416,0.8418509396724403,107.0,133.0,112.0,133.4199981689453
83.9,4.462740117825459e-06,0.0,2.1614654510671015e-16,5.017609900291378,0.33160522987600416,0.8418509396724403,107.0,133.0,112.0,133.4199981689453
83.95,1.0298664292043146e-07,0.0,2.1614654510671015e-16,5.017609900291378,0.33160522987600416,0.8418509396724403,107.0,133.0,112.0,133.4199981689453
84.0,6.865792956265438e-07,0.0,2.1614654510671015e-16,5.017609900291378,0.33160522987600416,0.8418509396724403,107.0,133.0,112.0,133.4199981689453
84.05000000000001,1.2358377472850237e-06,0.0,2.1614654510671015e-16,5.017609900291378,0.33160522987600416,0.8418509396724403,107.0,133.0,112.0,133.4199981689453
84.10000000000001,1.922414460062832e-06,0.0,2.1614654510671015e-16,5.017609900291378,0.33160522987600416,0.8418509396724403,107.0,133.0,112.0,133.4199981689453
84.15,2.6089930568379296e-06,0.0,2.1614654510671015e-16,5.017609900291378,0.33160522987600416,0.8418509396724403,107.0,133.0,112.0,133.4199981689453
84.2,3.1925808395044604e-06,0.0,2.1614654510671015e-16,5.017609900291378,0.33160522987600416,0.8418509396724403,107.0,133.0,112.0,133.4199981689453
84.25,3.741840038528225e-06,0.0,2.1614654510671015e-16,5.017609900291378,0.33160522987600416,0.8418509396724403,107.0,133.0,112.0,133.4199981689453
84.30000000000001,4.291092075390726e-06,0.0,2.1614654510671015e-16,5.017609900291378,0.33160522987600416,0.8418509396724403,107.0,133.0,112.0,133.4199981689453
84.35000000000001,4.9090323121333885e-06,0.0,2.1614654510671015e-16,5.017609900291378,0.33160522987600416,0.8418509396724403,107.0,133.0,112.0,133.4199981689453
84.4,5.149389728204684e-07,0.0,2.1614654510671015e-16,5.017609900291378,0.33160522987600416,0.8418509396724403,107.0,133.0,112.0,133.4199981689453
84.45,1.1328533180396537e-06,0.0,2.1614654510671015e-16,5.017609900291378,0.33160522987600416,0.8418509396724403,107.0,133.0,112.0,133.4199981689453
84.5,1.682114786719135e-06,0.0,2.1614654510671015e-16,5.017609900291378,0.33160522987600416,0.8418509396724403,107.0,133.0,112.0,133.4199981689453
84.55000000000001,2.231373861837101e-06,0.0,2.1614654510671015e-16,5.017609900291378,0.33160522987600416,0.8418509396724403,107.0,133.0,112.0,133.4199981689453
84.60000000000001,2.9179513103346687e-06,0.0,2.1614654510671015e-16,5.017609900291378,0.33160522987600416,0.8418509396724403,107.0,133.0,112.0,133.4199981689453
84.65,3.5701993175753875e-06,0.0,2.1614654510671015e-16,5.017609900291378,0.33160522987600416,0.8418509396724403,107.0,133.0,112.0,133.4199981689453
84.7,4.11944394617651e-06,0.0,2.1614654510671015e-16,5.017609900291378,0.33160522987600416,0.8418509396724403,107.0,133.0,112.0,133.4199981689453
84.75,4.703040097034455e-06,0.0,2.1614654510671015e-16,5.017609900291378,0.33160522987600416,0.8418509396724403,107.0,133.0,112.0,133.4199981689453
84.80000000000001,2.4030395608162545e-07,0.0,2.1614654510671015e-16,5.017609900291378,0.33160522987600416,0.8418509396724403,107.0,133.0,112.0,133.4199981689453
84.85000000000001,7.552332907759067e-07,0.0,2.1614654510671015e-16,5.017609900291378,0.33160522987600416,0.8418509396724403,107.0,133.0,112.0,133.4199981689453
84.9,1.4418108728086524e-06,0.0,2.1614654510671015e-16,5.017609900291378,0.33160522987600416,0.8418509396724403,107.0,133.0,112.0,133.4199981689453
84.95,2.0254037175753183e-06,0.0,2.1614654510671015e-16,5.017609900291378,0.33160522987600416,0.8418509396724403,107.0,133.0,112.0,133.4199981689453
85.0,2.6089919864601857e-06,0.0,2.1614654510671015e-16,5.017609900291378,0.33160522987600416,0.8418509396724403,107.0,133.0,112.0,133.4199981689453
85.05000000000001,3.158254870860808e-06,0.0,2.1614654510671015e-16,5.017609900291378,0.33160522987600416,0.8418509396724403,107.0,133.0,112.0,133.4199981689453
85.10000000000001,3.844835876661524e-06,0.0,2.1614654510671015e-16,5.017609900291378,0.33160522987600416,0.8418509396724403,107.0,133.0,112.0,133.4199981689453
85.15,4.497083965774009e-06,0.0,2.1614654510671015e-16,5.017609900291378,0.33160522987600416,0.8418509396724403,107.0,133.0,112.0,133.4199981689453
85.2,0.0,0.0,2.1614654510671015e-16,5.017609900291378,0.33160522987600416,0.8418509396724403,107.0,133.0,112.0,133.4199981689453
85.25,6.522497628809202e-07,0.0,2.1614654510671015e-16,5.017609900291378,0.33160522987600416,0.8418509396724403,107.0,133.0,112.0,133.4199981689453
85.30000000000001,1.2701702231489023e-06,0.0,2.1614654510671015e-16,5.017609900291378,0.33160522987600416,0.8418509396724403,107.0,133.0,112.0,133.4199981689453
85.35000000000001,1.8880872390383032e-06,0.0,2.1614654510671015e-16,5.017609900291378,0.33160522987600416,0.8418509396724403,107.0,133.0,112.0,133.4199981689453
85.4,2.506006718444883e-06,0.0,2.1614654510671015e-16,5.017609900291378,0.33160522987600416,0.8418509396724403,107.0,133.0,112.0,133.4199981689453
85.45,3.1925823322490205e-06,0.0,2.1614654510671015e-16,5.017609900291378,0.33160522987600416,0.8418509396724403,107.0,133.0,112.0,133.4199981689453
85.5,3.844839566662085e-06,0.0,2.1614654510671015e-16,5.017609900291378,0.33160522987600416,0.8418509396724403,107.0,133.0,112.0,133.4199981689453
85.55000000000001,4.497083837853001e-06,0.0,2.1614654510671015e-16,5.017609900291378,0.33160522987600416,0.8418509396724403,107.0,133.0,112.0,133.4199981689453
85.60000000000001,5.080681180181501e-06,0.0,2.1614654510671015e-16,5.017609900291378,0.33160522987600416,0.8418509396724403,107.0,133.0,112.0,133.4199981689453
85.65,3.776352633896704e-07,0.0,2.1614654510671015e-16,5.017609900291378,0.33160522987600416,0.8418509396724403,107.0,133.0,112.0,133.4199981689453
85.7,9.612100595620751e-07,0.0,2.1614654510671015e-16,5.017609900291378,0.33160522987600416,0.8418509396724403,107.0,133.0,112.0,133.4199981689453
85.75,1.6134597001419397e-06,0.0,2.1614654510671015e-16,5.017609900291378,0.33160522987600416,0.8418509396724403,107.0,133.0,112.0,133.4199981689453
85.80000000000001,2.3000328876895974e-06,0.0,2.1614654510671015e-16,5.017609900291378,0.33160522987600416,0.8418509396724403,107.0,133.0,112.0,133.4199981689453
85.85000000000001,2.917958040937888e-06,0.0,2.1614654510671015e-16,5.017609900291378,0.33160522987600416,0.8418509396724403,107.0,133.0,112.0,133.4199981689453
85.9,3.5701992346493165e-06,0.0,2.1614654510671015e-16,5.017609900291378,0.33160522987600416,0.8418509396724403,107.0,133.0,112.0,133.4199981689453
85.95,4.222443954711369e-06,0.0,2.1614654510671015e-16,5.017609900291378,0.33160522987600416,0.8418509396724403,107.0,133.0,112.0,133.4199981689453
86.0,4.874688152690094e-06,0.0,2.1614654510671015e-16,5.017609900291378,0.33160522987600416,0.8418509396724403,107.0,133.0,112.0,133.4199981689453
86.05000000000001,1.0298664292043146e-07,0.0,2.1614654510671015e-16,5.017609900291378,0.33160522987600416,0.8418509396724403,107.0,133.0,112.0,133.4199981689453
86.10000000000001,6.179200426691056e-07,0.0,2.1614654510671015e-16,5.017609900291378,0.33160522987600416,0.8418509396724403,107.0,133.0,112.0,133.4199981689453
86.15,1.3044969777464689e-06,0.0,2.1614654510671015e-16,5.017609900291378,0.33160522987600416,0.8418509396724403,107.0,133.0,112.0,133.4199981689453
86.2,1.956745563666445e-06,0.0,2.1614654510671015e-16,5.017609900291378,0.33160522987600416,0.8418509396724403,107.0,133.0,112.0,133.4199981689453
86.25,2.574663172789738e-06,0.0,2.1614654510671015e-16,5.017609900291378,0.33160522987600416,0.8418509396724403,107.0,133.0,112.0,133.4199981689453
86.30000000000001,3.1239254799301994e-06,0.0,2.1614654510671015e-16,5.017609900291378,0.33160522987600416,0.8418509396724403,107.0,133.0,112.0,133.4199981689453
86.35000000000001,3.707531887903074e-06,0.0,2.1614654510671015e-16,5.017609900291378,0.33160522987600416,0.8418509396724403,107.0,133.0,112.0,133.4199981689453
86.4,4.394088027591351e-06,0.0,2.1614654510671015e-16,5.017609900291378,0.33160522987600416,0.8418509396724403,107.0,133.0,112.0,133.4199981689453
86.45,4.943339996988036e-06,0.0,2.1614654510671015e-16,5.017609900291378,0.33160522987600416,0.8418509396724403,107.0,133.0,112.0,133.4199981689453
86.5,4.4627418691713877e-07,0.0,2.1614654510671015e-16,5.017609900291378,0.33160522987600416,0.8418509396724403,107.0,133.0,112.0,133.4199981689453
86.55000000000001,1.098522042248485e-06,0.0,2.1614654510671015e-16,5.017609900291378,0.33160522987600416,0.8418509396724403,107.0,133.0,112.0,133.4199981689453
86.60000000000001,1.7507714478417186e-06,0.0,2.1614654510671015e-16,5.017609900291378,0.33160522987600416,0.8418509396724403,107.0,133.0,112.0,133.4199981689453
86.65,2.3000329575753594e-06,0.0,2.1614654510671015e-16,5.017609900291378,0.33160522987600416,0.8418509396724403,107.0,133.0,112.0,133.4199981689453
86.7,2.8836217188706855e-06,0.0,2.1614654510671015e-16,5.017609900291378,0.33160522987600416,0.8418509396724403,107.0,133.0,112.0,133.4199981689453
86.75,3.5015405067970127e-06,0.0,2.1614654510671015e-16,5.017609900291378,0.33160522987600416,0.8418509396724403,107.0,133.0,112.0,133.4199981689453
86.80000000000001,4.188132689275557e-06,0.0,2.1614654510671015e-16,5.017609900291378,0.33160522987600416,0.8418509396724403,107.0,133.0,112.0,133.4199981689453
86.85000000000001,4.840380811153653e-06,0.0,2.1614654510671015e-16,5.017609900291378,0.33160522987600416,0.8418509396724403,107.0,133.0,112.0,133.4199981689453
86.9,2.746365716608271e-07,0.0,2.1614654510671015e-16,5.017609900291378,0.33160522987600416,0.8418509396724403,107.0,133.0,112.0,133.4199981689453
86.95,9.268789064310413e-07,0.0,2.1614654510671015e-16,5.017609900291378,0.33160522987600416,0.8418509396724403,107.0,133.0,112.0,133.4199981689453
87.0,1.5791319294366128e-06,0.0,2.1614654510671015e-16,5.017609900291378,0.33160522987600416,0.8418509396724403,107.0,133.0,112.0,133.4199981689453
87.05000000000001,2.2313752651363603e-06,0.0,2.1614654510671015e-16,5.017609900291378,0.33160522987600416,0.8418509396724403,107.0,133.0,112.0,133.4199981689453
87.10000000000001,2.7806381133550353e-06,0.0,2.1614654510671015e-16,5.017609900291378,0.33160522987600416,0.8418509396724403,107.0,133.0,112.0,133.4199981689453
87.15,3.4328857263968585e-06,0.0,2.1614654510671015e-16,5.017609900291378,0.33160522987600416,0.8418509396724403,107.0,133.0,112.0,133.4199981689453
87.2,4.085136541043289e-06,0.0,2.1614654510671015e-16,5.017609900291378,0.33160522987600416,0.8418509396724403,107.0,133.0,112.0,133.4199981689453
87.25,4.703043284558826e-06,0.0,2.1614654510671015e-16,5.017609900291378,0.33160522987600416,0.8418509396724403,107.0,133.0,112.0,133.4199981689453
87.30000000000001,0.0,0.0,2.1614654510671015e-16,5.017609900291378,0.33160522987600416,0.8418509396724403,107.0,133.0,112.0,133.4199981689453
87.35000000000001,6.522632491467336e-07,0.0,2.1614654510671015e-16,5.017609900291378,0.33160522987600416,0.8418509396724403,107.0,133.0,112.0,133.4199981689453
87.4,1.3044967289463657e-06,0.0,2.1614654510671015e-16,5.017609900291378,0.33160522987600416,0.8418509396724403,107.0,133.0,112.0,133.4199981689453
87.45,1.922416349651636e-06,0.0,2.1614654510671015e-16,5.017609900291378,0.33160522987600416,0.8418509396724403,107.0,133.0,112.0,133.4199981689453
87.5,2.5746647213207006e-06,0.0,2.1614654510671015e-16,5.017609900291378,0.33160522987600416,0.8418509396724403,107.0,133.0,112.0,133.4199981689453
87.55000000000001,3.2269105015785102e-06,0.0,2.1614654510671015e-16,5.017609900291378,0.33160522987600416,0.8418509396724403,107.0,133.0,112.0,133.4199981689453
87.60000000000001,3.844836564234701e-06,0.0,2.1614654510671015e-16,5.017609900291378,0.33160522987600416,0.8418509396724403,107.0,133.0,112.0,133.4199981689453
87.65,4.497085464754745e-06,0.0,2.1614654510671015e-16,5.017609900291378,0.33160522987600416,0.8418509396724403,107.0,133.0,112.0,133.4199981689453
87.7,5.149332208856127e-06,0.0,2.1614654510671015e-16,5.017609900291378,0.33160522987600416,0.8418509396724403,107.0,133.0,112.0,133.4199981689453
87.75,3.432957003574449e-07,0.0,2.1614654510671015e-16,5.017609900291378,0.33160522987600416,0.8418509396724403,107.0,133.0,112.0,133.4199981689453
87.80000000000001,9.612075159612925e-07,0.0,2.1614654510671015e-16,5.017609900291378,0.33160522987600416,0.8418509396724403,107.0,133.0,112.0,133.4199981689453
87.85000000000001,1.6477848710643374e-06,0.0,2.1614654510671015e-16,5.017609900291378,0.33160522987600416,0.8418509396724403,107.0,133.0,112.0,133.4199981689453
87.9,2.300032732760894e-06,0.0,2.1614654510671015e-16,5.017609900291378,0.33160522987600416,0.8418509396724403,107.0,133.0,112.0,133.4199981689453
87.95,2.952281132231458e-06,0.0,2.1614654510671015e-16,5.017609900291378,0.33160522987600416,0.8418509396724403,107.0,133.0,112.0,133.4199981689453
88.0,3.501541240869963e-06,0.0,2.1614654510671015e-16,5.017609900291378,0.33160522987600416,0.8418509396724403,107.0,133.0,112.0,133.4199981689453
88.05000000000001,4.153789118151238e-06,0.0,2.1614654510671015e-16,5.017609900291378,0.33160522987600416,0.8418509396724403,107.0,133.0,112.0,133.4199981689453
88.10000000000001,4.840380927655483e-06,0.0,2.1614654510671015e-16,5.017609900291378,0.33160522987600416,0.8418509396724403,107.0,133.0,112.0,133.4199981689453
88.15,1.029867505873017e-07,0.0,2.1614654510671015e-16,5.017609900291378,0.33160522987600416,0.8418509396724403,107.0,133.0,112.0,133.4199981689453
88.2,7.552350211708199e-07,0.0,2.1614654510671015e-16,5.017609900291378,0.33160522987600416,0.8418509396724403,107.0,133.0,112.0,133.4199981689453
88.25,1.4074873127961712e-06,0.0,2.1614654510671015e-16,5.017609900291378,0.33160522987600416,0.8418509396724403,107.0,133.0,112.0,133.4199981689453
88.30000000000001,2.0597300169896013e-06,0.0,2.1614654510671015e-16,5.017609900291378,0.33160522987600416,0.8418509396724403,107.0,133.0,112.0,133.4199981689453
88.35000000000001,2.6776519335662494e-06,0.0,2.1614654510671015e-16,5.017609900291378,0.33160522987600416,0.8418509396724403,107.0,133.0,112.0,133.4199981689453
88.4,3.2612421412308725e-06,0.0,2.1614654510671015e-16,5.017609900291378,0.33160522987600416,0.8418509396724403,107.0,133.0,112.0,133.4199981689453
88.45,3.913488152099959e-06,0.0,2.1614654510671015e-16,5.017609900291378,0.33160522987600416,0.8418509396724403,107.0,133.0,112.0,133.4199981689453
88.5,4.565736658885421e-06,0.0,2.1614654510671015e-16,5.017609900291378,0.33160522987600416,0.8418509396724403,107.0,133.0,112.0,133.4199981689453
88.55000000000001,5.21798613123781e-06,0.0,2.1614654510671015e-16,5.017609900291378,0.33160522987600416,0.8418509396724403,107.0,133.0,112.0,133.4199981689453
88.60000000000001,5.14944818977687e-07,0.0,2.1614654510671015e-16,5.017609900291378,0.33160522987600416,0.8418509396724403,107.0,133.0,112.0,133.4199981689453
88.65,1.2015134457460594e-06,0.0,2.1614654510671015e-16,5.017609900291378,0.33160522987600416,0.8418509396724403,107.0,133.0,112.0,133.4199981689453
88.7,1.8194293466849606e-06,0.0,2.1614654510671015e-16,5.017609900291378,0.33160522987600416,0.8418509396724403,107.0,133.0,112.0,133.4199981689453
88.75,2.4030191259491787e-06,0.0,2.1614654510671015e-16,5.017609900291378,0.33160522987600416,0.8418509396724403,107.0,133.0,112.0,133.4199981689453
88.80000000000001,3.020937126597048e-06,0.0,2.1614654510671015e-16,5.017609900291378,0.33160522987600416,0.8418509396724403,107.0,133.0,112.0,133.4199981689453
88.85000000000001,3.638844083193476e-06,0.0,2.1614654510671015e-16,5.017609900291378,0.33160522987600416,0.8418509396724403,107.0,133.0,112.0,133.4199981689453
88.9,4.3254370075795546e-06,0.0,2.1614654510671015e-16,5.017609900291378,0.33160522987600416,0.8418509396724403,107.0,133.0,112.0,133.4199981689453
88.95,5.012029983728965e-06,0.0,2.1614654510671015e-16,5.017609900291378,0.33160522987600416,0.8418509396724403,107.0,133.0,112.0,133.4199981689453
89.0,2.403046547674167e-07,0.0,2.1614654510671015e-16,5.017609900291378,0.33160522987600416,0.8418509396724403,107.0,133.0,112.0,133.4199981689453
89.05000000000001,8.582229376835433e-07,0.0,2.1614654510671015e-16,5.017609900291378,0.33160522987600416,0.8418509396724403,107.0,133.0,112.0,133.4199981689453
89.10000000000001,1.4761436104646206e-06,0.0,2.1614654510671015e-16,5.017609900291378,0.33160522987600416,0.8418509396724403,107.0,133.0,112.0,133.4199981689453
89.15,2.128390670895121e-06,0.0,2.1614654510671015e-16,5.017609900291378,0.33160522987600416,0.8418509396724403,107.0,133.0,112.0,133.4199981689453
89.2,2.814967348625254e-06,0.0,2.1614654510671015e-16,5.017609900291378,0.33160522987600416,0.8418509396724403,107.0,133.0,112.0,133.4199981689453
89.25,3.4672144132609176e-06,0.0,2.1614654510671015e-16,5.017609900291378,0.33160522987600416,0.8418509396724403,107.0,133.0,112.0,133.4199981689453
89.30000000000001,4.016484137668683e-06,0.0,2.1614654510671015e-16,5.017609900291378,0.33160522987600416,0.8418509396724403,107.0,133.0,112.0,133.4199981689453
89.35000000000001,4.600080153374103e-06,0.0,2.1614654510671015e-16,5.017609900291378,0.33160522987600416,0.8418509396724403,107.0,133.0,112.0,133.4199981689453
89.4,0.0,0.0,2.1614654510671015e-16,5.017609900291378,0.33160522987600416,0.8418509396724403,107.0,133.0,112.0,133.4199981689453
89.45,6.522532777790314e-07,0.0,2.1614654510671015e-16,5.017609900291378,0.33160522987600416,0.8418509396724403,107.0,133.0,112.0,133.4199981689453
89.5,1.2015115292016644e-06,0.0,2.1614654510671015e-16,5.017609900291378,0.33160522987600416,0.8418509396724403,107.0,133.0,112.0,133.4199981689453
89.55000000000001,1.7507700251015836e-06,0.0,2.1614654510671015e-16,5.017609900291378,0.33160522987600416,0.8418509396724403,107.0,133.0,112.0,133.4199981689453
89.60000000000001,2.2657031333623666e-06,0.0,2.1614654510671015e-16,5.017609900291378,0.33160522987600416,0.8418509396724403,107.0,133.0,112.0,133.4199981689453
89.65,2.849292256827219e-06,0.0,2.1614654510671015e-16,5.017609900291378,0.33160522987600416,0.8418509396724403,107.0,133.0,112.0,133.4199981689453
89.7,3.5358695898812666e-06,0.0,2.1614654510671015e-16,5.017609900291378,0.33160522987600416,0.8418509396724403,107.0,133.0,112.0,133.4199981689453
89.75,4.188132169120625e-06,0.0,2.1614654510671015e-16,5.017609900291378,0.33160522987600416,0.8418509396724403,107.0,133.0,112.0,133.4199981689453
89.80000000000001,4.7716924369029825e-06,0.0,2.1614654510671015e-16,5.017609900291378,0.33160522987600416,0.8418509396724403,107.0,133.0,112.0,133.4199981689453
89.85000000000001,3.432957003574449e-07,0.0,2.1614654510671015e-16,5.017609900291378,0.33160522987600416,0.8418509396724403,107.0,133.0,112.0,133.4199981689453
89.9,9.26878018100604e-07,0.0,2.1614654510671015e-16,5.017609900291378,0.33160522987600416,0.8418509396724403,107.0,133.0,112.0,133.4199981689453
89.95,1.6134569175526354e-06,0.0,2.1614654510671015e-16,5.017609900291378,0.33160522987600416,0.8418509396724403,107.0,133.0,112.0,133.4199981689453
90.0,2.2657054217404146e-06,0.0,2.1614654510671015e-16,5.017609900291378,0.33160522987600416,0.8418509396724403,107.0,133.0,112.0,133.4199981689453
90.05000000000001,2.9179525332166807e-06,0.0,2.1614654510671015e-16,5.017609900291378,0.33160522987600416,0.8418509396724403,107.0,133.0,112.0,133.4199981689453
90.10000000000001,3.5358698882173096e-06,0.0,2.1614654510671015e-16,5.017609900291378,0.33160522987600416,0.8418509396724403,107.0,133.0,112.0,133.4199981689453
