Time (s),Ego Speed (km/h),Lead Speed (km/h),Smoothed Lead Speed (km/h),Distance Between (m),Ego Distance Covered (m),Lead Vehicle Distance Covered (m),Ego X (m),Ego Y (m),Lead X (m),Lead Y (m)
0.0,8.808552074432374,7.056000137329102,7.056000137329102,16.008691802432537,0.0,0.0,107.0,133.0,123.0,133.4250030517578
0.05,8.17365560544142,8.820000171661377,7.938000154495239,16.008990696867716,0.12765920162200928,0.11269998550415039,107.0,133.0,123.0,133.4250030517578
0.1,4.180355787306508,10.584000205993652,8.820000171661377,16.00788934535925,0.20564299821853638,0.2498999983072281,107.0,133.0,123.0,133.4250030517578
0.15000000000000002,1.821484708794148,10.747439861297607,9.301860094070435,16.006343866443448,0.24262429773807526,0.40529029071331024,107.0,133.0,123.0,133.4250030517578
0.2,0.48326759934861846,7.768655776977541,8.995219230651855,16.005689849733475,0.25589120015501976,0.5298077911138535,107.0,133.0,123.0,133.4250030517578
0.25,0.2290406405933967,4.894776105880743,8.311812043190004,16.005706736706927,0.2561344988644123,0.6134719923138618,107.0,133.0,123.0,133.4250030517578
0.30000000000000004,0.5667552173138005,0.2858883018613525,7.165251508714483,16.005843017281506,0.26244330033659935,0.6421069949865341,107.0,133.0,123.0,133.4250030517578
0.35000000000000003,0.6878304004669763,1.2601333397479655,6.427111737593668,16.005826685757892,0.2715005986392498,0.6545059978961945,107.0,133.0,123.0,133.4250030517578
0.4,0.6899400115016578,1.81846296546511,5.915039651801606,16.005770412387808,0.28116450086236,0.6770130023360252,107.0,133.0,123.0,133.4250030517578
0.45,0.6322068035604534,2.0269728720120805,5.526232973822653,16.00570837410262,0.2903091013431549,0.7043372988700867,107.0,133.0,123.0,133.4250030517578
0.5,0.5493815839304547,1.9688721142311902,5.017520171512862,16.005664234117162,0.29841409996151924,0.7322819977998734,107.0,133.0,123.0,133.4250030517578
0.55,0.4610340178017785,1.7295322128948023,4.308473375636205,16.00564515878188,0.30530709959566593,0.7578397989273071,107.0,133.0,123.0,133.4250030517578
0.6000000000000001,0.37743838727534945,1.3871364163729119,3.3887869966741304,16.005645916152798,0.3110048994421959,0.7791418991982937,107.0,133.0,123.0,133.4250030517578
0.65,0.3033572494984895,1.00696340226384,2.414739350770754,16.00565627754492,0.31561779975891113,0.7953073885291815,107.0,133.0,123.0,133.4250030517578
0.7000000000000001,0.24035653173949773,0.6386228197041549,1.7017360550434155,16.005667043760138,0.3192934999242425,0.8062361981719732,107.0,133.0,123.0,133.4250030517578
0.75,0.18827819824219597,0.31574798285862116,1.2438332427412033,16.005672951573498,0.32218606024980545,0.8123877979815006,107.0,133.0,123.0,133.4250030517578
0.8,0.14611643403772578,0.05750502296999003,1.2209949148520671,16.005672809172605,0.3244393300265074,0.8145665992051363,107.0,133.0,123.0,133.4250030517578
0.8500000000000001,0.11252340227458223,0.1299309308164235,1.107974673958913,16.00566810831495,0.326180009637028,0.8153951987624168,107.0,133.0,123.0,133.4250030517578
0.9,0.08608571961526477,0.24808918695718288,0.9509372961081202,16.005661326486358,0.3275153497233987,0.8182500991970301,107.0,133.0,123.0,133.4250030517578
0.9500000000000001,0.06549120247379049,0.30600271060670414,0.7788402799675824,16.00565466181261,0.32853352976962924,0.8222384992986917,107.0,133.0,123.0,133.4250030517578
1.0,0.049579560757267806,0.3157817409178542,0.6135312426362488,16.005649437315128,0.3293059298302978,0.8266194993630052,107.0,133.0,123.0,133.4250030517578
1.05,0.03738239966333177,0.29079330967743583,0.46965735231451217,16.005646064885052,0.3298892308375798,0.8308338299393654,107.0,133.0,123.0,133.4250030517578
1.1,0.02807740755399334,0.24392817479563297,0.35533652815678424,16.0056443192828,0.330328035808634,0.8345057098194957,107.0,133.0,123.0,133.4250030517578
1.1500000000000001,0.0210185995325621,0.18643326681000105,0.2732835146114003,16.00564368650136,0.33065697678830475,0.8374264996964484,107.0,133.0,123.0,133.4250030517578
1.2000000000000002,0.0,0.12728371636238092,0.2221496042772229,16.005643628506363,0.33065697678830475,0.8395254646893591,107.0,133.0,123.0,133.4250030517578
1.25,0.005314284190787059,0.07294128045944871,0.19786893403730565,16.00564376499156,0.3309158807969652,0.8408359696622938,107.0,133.0,123.0,133.4250030517578
1.3,0.006697944040753657,0.02744673598714945,0.19486310533902157,16.00564387771145,0.33100308480788954,0.8414610796608031,107.0,133.0,123.0,133.4250030517578
1.35,0.006825384171777215,0.0072446889797028145,0.18259448115534951,16.00564391047718,0.33109818477532826,0.8415421396493912,107.0,133.0,123.0,133.4250030517578
1.4000000000000001,0.0063036718871476265,0.030858026959082623,0.1608713651555395,16.005643870239602,0.3311891277844552,0.8418509396724403,107.0,133.0,123.0,133.4250030517578
1.4500000000000002,0.005509908171418052,0.0,0.1302710940948691,16.005643884858145,0.33127015180070885,0.8418509396724403,107.0,133.0,123.0,133.4250030517578
1.5,0.004638528032252939,0.0,0.09869292000308365,16.005643897682187,0.3313394267752301,0.8418509396724403,107.0,133.0,123.0,133.4250030517578
1.55,0.003805127972851024,0.0,0.06961358903534007,16.005643908537174,0.3313968378060963,0.8418509396724403,107.0,133.0,123.0,133.4250030517578
1.6,0.0030636755058143237,0.0,0.04522077155577677,16.005643917495053,0.331443414761452,0.8418509396724403,107.0,133.0,123.0,133.4250030517578
1.6500000000000001,0.0008349120001779591,0.0,0.026577444874776666,16.005643920162484,0.3314571497903671,0.8418509396724403,107.0,133.0,123.0,133.4250030517578
1.7000000000000002,0.0012982463698757885,0.0,0.013849073238538576,16.005643923272945,0.33147308984189294,0.8418509396724403,107.0,133.0,123.0,133.4250030517578
1.75,0.0014137632489110421,0.0,0.006554945192593704,16.00564392706227,0.3314923997677397,0.8418509396724403,107.0,133.0,123.0,133.4250030517578
1.8,0.0013566744186024199,0.0,0.00381027159387876,16.005643930872914,0.3315116997982841,0.8418509396724403,107.0,133.0,123.0,133.4250030517578
1.85,0.0012102623782664925,0.0,0.0030858026959084783,16.005643934380124,0.3315293597697746,0.8418509396724403,107.0,133.0,123.0,133.4250030517578
1.9000000000000001,0.0010339163477037195,0.0,2.1614654510671015e-16,16.005643937448436,0.33154472973546945,0.8418509396724403,107.0,133.0,123.0,133.4250030517578
1.9500000000000002,0.0008570195834420125,0.0,2.1614654510671015e-16,16.005643940035032,0.3315576298336964,0.8418509396724403,107.0,133.0,123.0,133.4250030517578
2.0,0.0006975971987951513,0.0,2.1614654510671015e-16,16.005643942160184,0.331568189751124,0.8418509396724403,107.0,133.0,123.0,133.4250030517578
2.0500000000000003,0.00010460016003106432,0.0,2.1614654510671015e-16,16.00564394329196,0.33157379980548285,0.8418509396724403,107.0,133.0,123.0,133.4250030517578
2.1,0.000242498885248595,0.0,2.1614654510671015e-16,16.005643943847534,0.33157654976821505,0.8418509396724403,107.0,133.0,123.0,133.4250030517578
2.15,0.00029042207577366727,0.0,2.1614654510671015e-16,16.00564394462604,0.3315803997393232,0.8418509396724403,107.0,133.0,123.0,133.4250030517578
2.2,0.00028963260498127917,0.0,2.1614654510671015e-16,16.005643945444007,0.33158443981665187,0.8418509396724403,107.0,133.0,123.0,133.4250030517578
2.25,0.00026639172074603804,0.0,2.1614654510671015e-16,16.005643946226492,0.3315882997994777,0.8418509396724403,107.0,133.0,123.0,133.4250030517578
2.3000000000000003,0.0002290078768125733,0.0,2.1614654510671015e-16,16.00564394691445,0.3315916898136493,0.8418509396724403,107.0,133.0,123.0,133.4250030517578
2.35,0.0001926532864052481,0.0,2.1614654510671015e-16,16.005643947503515,0.3315945898357313,0.8418509396724403,107.0,133.0,123.0,133.4250030517578
2.4000000000000004,0.00015702011747668272,0.0,2.1614654510671015e-16,16.005643947985327,0.33159695981885307,0.8418509396724403,107.0,133.0,123.0,133.4250030517578
2.45,0.00012797784448122392,0.0,2.1614654510671015e-16,16.005643948379976,0.331598899763776,0.8418509396724403,107.0,133.0,123.0,133.4250030517578
2.5,4.236192078757188e-05,0.0,2.1614654510671015e-16,16.005643948379976,0.331598899763776,0.8418509396724403,107.0,133.0,123.0,133.4250030517578
2.5500000000000003,5.68141193429236e-05,0.0,2.1614654510671015e-16,16.005643948614075,0.3316000498307403,0.8418509396724403,107.0,133.0,123.0,133.4250030517578
2.6,6.093361323262447e-05,0.0,2.1614654510671015e-16,16.005643948614075,0.3316000498307403,0.8418509396724403,107.0,133.0,123.0,133.4250030517578
2.6500000000000004,6.052176251638837e-05,0.0,2.1614654510671015e-16,16.005643948931706,0.3316016097960528,0.8418509396724403,107.0,133.0,123.0,133.4250030517578
2.7,5.403348257292529e-05,0.0,2.1614654510671015e-16,16.005643948931706,0.3316016097960528,0.8418509396724403,107.0,133.0,123.0,133.4250030517578
2.75,4.744262016899413e-05,0.0,2.1614654510671015e-16,16.005643949227046,0.33160305974888615,0.8418509396724403,107.0,133.0,123.0,133.4250030517578
2.8000000000000003,3.813948022638768e-05,0.0,2.1614654510671015e-16,16.005643949227046,0.33160305974888615,0.8418509396724403,107.0,133.0,123.0,133.4250030517578
2.85,3.058702610754996e-05,0.0,2.1614654510671015e-16,16.005643949227046,0.33160305974888615,0.8418509396724403,107.0,133.0,123.0,133.4250030517578
2.9000000000000004,8.85682803395592e-06,0.0,2.1614654510671015e-16,16.005643949467515,0.3316042397345882,0.8418509396724403,107.0,133.0,123.0,133.4250030517578
2.95,1.2015213539030745e-05,0.0,2.1614654510671015e-16,16.005643949467515,0.3316042397345882,0.8418509396724403,107.0,133.0,123.0,133.4250030517578
3.0,1.08479206189233e-05,0.0,2.1614654510671015e-16,16.005643949467515,0.3316042397345882,0.8418509396724403,107.0,133.0,123.0,133.4250030517578
3.0500000000000003,7.999093918986807e-06,0.0,2.1614654510671015e-16,16.005643949467515,0.3316042397345882,0.8418509396724403,107.0,133.0,123.0,133.4250030517578
3.1,6.762969726844988e-06,0.0,2.1614654510671015e-16,16.005643949467515,0.3316042397345882,0.8418509396724403,107.0,133.0,123.0,133.4250030517578
3.1500000000000004,7.071732356352706e-06,0.0,2.1614654510671015e-16,16.005643949467515,0.3316042397345882,0.8418509396724403,107.0,133.0,123.0,133.4250030517578
3.2,7.758339346305387e-06,0.0,2.1614654510671015e-16,16.005643949467515,0.3316042397345882,0.8418509396724403,107.0,133.0,123.0,133.4250030517578
3.25,4.977688198504616e-06,0.0,2.1614654510671015e-16,16.005643949467515,0.3316042397345882,0.8418509396724403,107.0,133.0,123.0,133.4250030517578
3.3000000000000003,0.0,0.0,2.1614654510671015e-16,16.005643949467515,0.3316042397345882,0.8418509396724403,107.0,133.0,123.0,133.4250030517578
3.35,3.123929735719062e-06,0.0,2.1614654510671015e-16,16.005643949467515,0.3316042397345882,0.8418509396724403,107.0,133.0,123.0,133.4250030517578
3.4000000000000004,6.213538994278273e-06,0.0,2.1614654510671015e-16,16.005643949467515,0.3316042397345882,0.8418509396724403,107.0,133.0,123.0,133.4250030517578
3.45,4.565766154817272e-06,0.0,2.1614654510671015e-16,16.00564394969378,0.3316053497546818,0.8418509396724403,107.0,133.0,123.0,133.4250030517578
3.5,4.32544027240003e-06,0.0,2.1614654510671015e-16,16.00564394969378,0.3316053497546818,0.8418509396724403,107.0,133.0,123.0,133.4250030517578
3.5500000000000003,5.561291980413904e-06,0.0,2.1614654510671015e-16,16.00564394969378,0.3316053497546818,0.8418509396724403,107.0,133.0,123.0,133.4250030517578
3.6,6.762839457093219e-06,0.0,2.1614654510671015e-16,16.00564394969378,0.3316053497546818,0.8418509396724403,107.0,133.0,123.0,133.4250030517578
3.6500000000000004,4.1882552258687575e-06,0.0,2.1614654510671015e-16,16.00564394969378,0.3316053497546818,0.8418509396724403,107.0,133.0,123.0,133.4250030517578
3.7,5.8359277432474664e-06,0.0,2.1614654510671015e-16,16.00564394969378,0.3316053497546818,0.8418509396724403,107.0,133.0,123.0,133.4250030517578
3.75,5.835921619908065e-07,0.0,2.1614654510671015e-16,16.00564394969378,0.3316053497546818,0.8418509396724403,107.0,133.0,123.0,133.4250030517578
3.8000000000000003,1.5791411311322782e-06,0.0,2.1614654510671015e-16,16.00564394969378,0.3316053497546818,0.8418509396724403,107.0,133.0,123.0,133.4250030517578
3.85,1.922421029862467e-06,0.0,2.1614654510671015e-16,16.00564394969378,0.3316053497546818,0.8418509396724403,107.0,133.0,123.0,133.4250030517578
3.9000000000000004,3.604702296358342e-06,0.0,2.1614654510671015e-16,16.00564394969378,0.3316053497546818,0.8418509396724403,107.0,133.0,123.0,133.4250030517578
3.95,4.600246914335281e-06,0.0,2.1614654510671015e-16,16.00564394969378,0.3316053497546818,0.8418509396724403,107.0,133.0,123.0,133.4250030517578
4.0,5.595670852829416e-06,0.0,2.1614654510671015e-16,16.00564394969378,0.3316053497546818,0.8418509396724403,107.0,133.0,123.0,133.4250030517578
4.05,5.938893944557814e-06,0.0,2.1614654510671015e-16,16.00564394969378,0.3316053497546818,0.8418509396724403,107.0,133.0,123.0,133.4250030517578
4.1000000000000005,3.4672790005063625e-06,0.0,2.1614654510671015e-16,16.00564394969378,0.3316053497546818,0.8418509396724403,107.0,133.0,123.0,133.4250030517578
4.15,1.0298670113655841e-07,0.0,2.1614654510671015e-16,16.00564394969378,0.3316053497546818,0.8418509396724403,107.0,133.0,123.0,133.4250030517578
4.2,6.179603729638825e-07,0.0,2.1614654510671015e-16,16.00564394969378,0.3316053497546818,0.8418509396724403,107.0,133.0,123.0,133.4250030517578
4.25,1.2015654783345903e-06,0.0,2.1614654510671015e-16,16.00564394969378,0.3316053497546818,0.8418509396724403,107.0,133.0,123.0,133.4250030517578
4.3,1.8537915580570835e-06,0.0,2.1614654510671015e-16,16.00564394969378,0.3316053497546818,0.8418509396724403,107.0,133.0,123.0,133.4250030517578
4.3500000000000005,2.4030552776112526e-06,0.0,2.1614654510671015e-16,16.00564394969378,0.3316053497546818,0.8418509396724403,107.0,133.0,123.0,133.4250030517578
4.4,2.9179830547878927e-06,0.0,2.1614654510671015e-16,16.00564394969378,0.3316053497546818,0.8418509396724403,107.0,133.0,123.0,133.4250030517578
4.45,3.570308779101526e-06,0.0,2.1614654510671015e-16,16.00564394969378,0.3316053497546818,0.8418509396724403,107.0,133.0,123.0,133.4250030517578
4.5,4.771707100830085e-06,0.0,2.1614654510671015e-16,16.00564394969378,0.3316053497546818,0.8418509396724403,107.0,133.0,123.0,133.4250030517578
4.55,4.7030965184890635e-06,0.0,2.1614654510671015e-16,16.00564394969378,0.3316053497546818,0.8418509396724403,107.0,133.0,123.0,133.4250030517578
4.6000000000000005,5.149332486062016e-07,0.0,2.1614654510671015e-16,16.00564394969378,0.3316053497546818,0.8418509396724403,107.0,133.0,123.0,133.4250030517578
4.65,1.1671814786290913e-06,0.0,2.1614654510671015e-16,16.00564394969378,0.3316053497546818,0.8418509396724403,107.0,133.0,123.0,133.4250030517578
4.7,1.6826480868524785e-06,0.0,2.1614654510671015e-16,16.00564394969378,0.3316053497546818,0.8418509396724403,107.0,133.0,123.0,133.4250030517578
4.75,2.197073408459464e-06,0.0,2.1614654510671015e-16,16.00564394969378,0.3316053497546818,0.8418509396724403,107.0,133.0,123.0,133.4250030517578
4.800000000000001,2.8149689208085163e-06,0.0,2.1614654510671015e-16,16.00564394969378,0.3316053497546818,0.8418509396724403,107.0,133.0,123.0,133.4250030517578
4.8500000000000005,4.085138498183184e-06,0.0,2.1614654510671015e-16,16.00564394969378,0.3316053497546818,0.8418509396724403,107.0,133.0,123.0,133.4250030517578
4.9,4.085144901328781e-06,0.0,2.1614654510671015e-16,16.00564394969378,0.3316053497546818,0.8418509396724403,107.0,133.0,123.0,133.4250030517578
4.95,4.668742678826774e-06,0.0,2.1614654510671015e-16,16.00564394969378,0.3316053497546818,0.8418509396724403,107.0,133.0,123.0,133.4250030517578
5.0,2.0597813572623547e-07,0.0,2.1614654510671015e-16,16.00564394969378,0.3316053497546818,0.8418509396724403,107.0,133.0,123.0,133.4250030517578
5.050000000000001,7.55267733095285e-07,0.0,2.1614654510671015e-16,16.00564394969378,0.3316053497546818,0.8418509396724403,107.0,133.0,123.0,133.4250030517578
5.1000000000000005,1.4074976506679336e-06,0.0,2.1614654510671015e-16,16.00564394969378,0.3316053497546818,0.8418509396724403,107.0,133.0,123.0,133.4250030517578
5.15,2.0254102376976196e-06,0.0,2.1614654510671015e-16,16.00564394969378,0.3316053497546818,0.8418509396724403,107.0,133.0,123.0,133.4250030517578
5.2,2.6776559115118735e-06,0.0,2.1614654510671015e-16,16.00564394969378,0.3316053497546818,0.8418509396724403,107.0,133.0,123.0,133.4250030517578
5.25,3.26124390483427e-06,0.0,2.1614654510671015e-16,16.00564394969378,0.3316053497546818,0.8418509396724403,107.0,133.0,123.0,133.4250030517578
5.300000000000001,3.8448366238250994e-06,0.0,2.1614654510671015e-16,16.00564394969378,0.3316053497546818,0.8418509396724403,107.0,133.0,123.0,133.4250030517578
5.3500000000000005,4.359788166155017e-06,0.0,2.1614654510671015e-16,16.00564394969378,0.3316053497546818,0.8418509396724403,107.0,133.0,123.0,133.4250030517578
5.4,0.0,0.0,2.1614654510671015e-16,16.00564394969378,0.3316053497546818,0.8418509396724403,107.0,133.0,123.0,133.4250030517578
5.45,6.522480635657095e-07,0.0,2.1614654510671015e-16,16.00564394969378,0.3316053497546818,0.8418509396724403,107.0,133.0,123.0,133.4250030517578
5.5,1.2701668854351043e-06,0.0,2.1614654510671015e-16,16.00564394969378,0.3316053497546818,0.8418509396724403,107.0,133.0,123.0,133.4250030517578
5.550000000000001,2.4373492560943746e-06,0.0,2.1614654510671015e-16,16.00564394969378,0.3316053497546818,0.8418509396724403,107.0,133.0,123.0,133.4250030517578
5.6000000000000005,2.3687094795108532e-06,0.0,2.1614654510671015e-16,16.00564394969378,0.3316053497546818,0.8418509396724403,107.0,133.0,123.0,133.4250030517578
5.65,2.986611538132324e-06,0.0,2.1614654510671015e-16,16.00564394969378,0.3316053497546818,0.8418509396724403,107.0,133.0,123.0,133.4250030517578
5.7,4.256784999880721e-06,0.0,2.1614654510671015e-16,16.00564394969378,0.3316053497546818,0.8418509396724403,107.0,133.0,123.0,133.4250030517578
5.75,4.222451928569089e-06,0.0,2.1614654510671015e-16,16.00564394969378,0.3316053497546818,0.8418509396724403,107.0,133.0,123.0,133.4250030517578
5.800000000000001,5.389636877656532e-06,0.0,2.1614654510671015e-16,16.00564394969378,0.3316053497546818,0.8418509396724403,107.0,133.0,123.0,133.4250030517578
5.8500000000000005,3.089739148773989e-07,0.0,2.1614654510671015e-16,16.00564394969378,0.3316053497546818,0.8418509396724403,107.0,133.0,123.0,133.4250030517578
5.9,9.268951125211026e-07,0.0,2.1614654510671015e-16,16.00564394969378,0.3316053497546818,0.8418509396724403,107.0,133.0,123.0,133.4250030517578
5.95,1.579134370110738e-06,0.0,2.1614654510671015e-16,16.00564394969378,0.3316053497546818,0.8418509396724403,107.0,133.0,123.0,133.4250030517578
6.0,2.1970472620275345e-06,0.0,2.1614654510671015e-16,16.00564394969378,0.3316053497546818,0.8418509396724403,107.0,133.0,123.0,133.4250030517578
6.050000000000001,2.849294123405615e-06,0.0,2.1614654510671015e-16,16.00564394969378,0.3316053497546818,0.8418509396724403,107.0,133.0,123.0,133.4250030517578
6.1000000000000005,3.3642349480837703e-06,0.0,2.1614654510671015e-16,16.00564394969378,0.3316053497546818,0.8418509396724403,107.0,133.0,123.0,133.4250030517578
6.15,3.879168188532929e-06,0.0,2.1614654510671015e-16,16.00564394969378,0.3316053497546818,0.8418509396724403,107.0,133.0,123.0,133.4250030517578
6.2,4.4627516019943616e-06,0.0,2.1614654510671015e-16,16.00564394969378,0.3316053497546818,0.8418509396724403,107.0,133.0,123.0,133.4250030517578
6.25,1.029866473326175e-07,0.0,2.1614654510671015e-16,16.00564394969378,0.3316053497546818,0.8418509396724403,107.0,133.0,123.0,133.4250030517578
6.300000000000001,7.552334402448616e-07,0.0,2.1614654510671015e-16,16.00564394969378,0.3316053497546818,0.8418509396724403,107.0,133.0,123.0,133.4250030517578
6.3500000000000005,1.4074815018306693e-06,0.0,2.1614654510671015e-16,16.00564394969378,0.3316053497546818,0.8418509396724403,107.0,133.0,123.0,133.4250030517578
6.4,1.922856567789966e-06,0.0,2.1614654510671015e-16,16.00564394969378,0.3316053497546818,0.8418509396724403,107.0,133.0,123.0,133.4250030517578
6.45,2.43737970622117e-06,0.0,2.1614654510671015e-16,16.00564394969378,0.3316053497546818,0.8418509396724403,107.0,133.0,123.0,133.4250030517578
6.5,3.0552703235084936e-06,0.0,2.1614654510671015e-16,16.00564394969378,0.3316053497546818,0.8418509396724403,107.0,133.0,123.0,133.4250030517578
6.550000000000001,3.7077128604911514e-06,0.0,2.1614654510671015e-16,16.00564394969378,0.3316053497546818,0.8418509396724403,107.0,133.0,123.0,133.4250030517578
6.6000000000000005,4.977685646666799e-06,0.0,2.1614654510671015e-16,16.00564394969378,0.3316053497546818,0.8418509396724403,107.0,133.0,123.0,133.4250030517578
6.65,5.595588554733543e-06,0.0,2.1614654510671015e-16,16.00564394969378,0.3316053497546818,0.8418509396724403,107.0,133.0,123.0,133.4250030517578
6.7,0.0029332075504083176,0.0,2.1614654510671015e-16,16.00564394973252,0.33160553974448703,0.8418509396724403,107.0,133.0,123.0,133.4250030517578
6.75,1.4764271174821342,0.0,2.1614654510671015e-16,15.992648052093603,0.34460603449559074,0.8418509396724403,107.01300048828125,133.0,123.0,133.4250030517578
6.800000000000001,2.4431802916170082,0.016661946674459308,0.001666194667446147,15.963632149212954,0.3736228507255353,0.8421518396353349,107.04199981689453,133.00100708007812,123.0,133.4250030517578
6.8500000000000005,2.960454972319263,0.0214162657264489,0.0038078212400910376,15.9256171668072,0.41163780846591747,0.8423447096720338,107.08000183105469,133.0019989013672,123.0,133.4250030517578
6.9,3.303850525944552,0.020031311510367446,0.005810952391127782,15.880581769630451,0.45668035374812377,0.842538689612411,107.125,133.00399780273438,123.0,133.4250030517578
6.95,3.31092972500826,0.018894408829520093,0.007700393274079792,15.834573587912352,0.5026889966734024,0.8427439195802435,107.1709976196289,133.0050048828125,123.0,133.4250030517578
7.0,3.028978380309579,0.017950319975057027,0.009495425271585495,15.790537319105486,0.546733098033645,0.8429673836799338,107.21499633789062,133.0070037841797,123.0,133.4250030517578
7.050000000000001,2.857159913255235,0.01721087623454051,0.011216512895039546,15.748499297920645,0.5877821631507412,0.8439968397497947,107.25599670410156,133.00900268554688,122.9990005493164,133.4250030517578
7.1000000000000005,2.683478840012015,0.016643533156912887,0.012880866210730835,15.710484313101777,0.6257971194478322,0.844268445776012,107.29399871826172,133.00999450683594,122.9990005493164,133.4250030517578
7.15,2.5558426597525465,0.016183774241306747,0.014499243634861509,15.674467131991815,0.6618143158048293,0.8445647337713095,107.33000183105469,133.01100158691406,122.9990005493164,133.4250030517578
7.2,2.477044553785463,0.015711767137607174,0.016070420348622223,15.639430524693507,0.6968673893821206,0.8448826507438721,107.36499786376953,133.01300048828125,122.9990005493164,133.4250030517578
7.25,2.543086551097681,0.015163515730670929,0.017586771921689316,15.604412462230352,0.7308865108414481,0.8459368740507726,107.39900207519531,133.01400756835938,122.99800109863281,133.4250030517578
7.300000000000001,2.682469646805029,0.014438183425252389,0.017364395596768625,15.56737773664114,0.7679354076740387,0.8462838970365792,107.43599700927734,133.01600646972656,122.99800109863281,133.4250030517578
7.3500000000000005,2.939146844988141,0.676001671629808,0.08282293618710453,15.539361466858862,0.8069494816968986,0.8572857088314203,107.4749984741211,133.01699829101562,123.00900268554688,133.4250030517578
7.4,3.2147247620882187,1.221940604527675,0.2030138654888353,15.512317921094239,0.8499951856873749,0.8732851043552188,107.51799774169922,133.0189971923828,123.0250015258789,133.4250030517578
7.45,3.5238376186103206,0.8047478044844827,0.28159920505433156,15.478273087297776,0.8970423686350623,0.8862870272071485,107.56500244140625,133.02099609375,123.03800201416016,133.4250030517578
7.5,3.7722459678974696,1.4792713029262505,0.427731303349451,15.447233301100932,0.9480764033856788,0.9062850518113826,107.61599731445312,133.0229949951172,123.05799865722656,133.4250030517578
7.550000000000001,3.9885389771471482,1.0725254639738904,0.533262762123386,15.410165187295279,1.002160857902525,0.9232842976169033,107.66999816894531,133.0260009765625,123.07499694824219,133.4250030517578
7.6000000000000005,4.124520957741443,1.7544739263602729,0.707045801443722,15.376102329561073,1.0592392730401738,0.9462874279637864,107.72699737548828,133.0290069580078,123.0979995727539,133.4250030517578
7.65,4.231120581858019,1.3546812564502146,0.8408955496646128,15.339060600610111,1.1172799905947417,0.9672912518110762,107.78500366210938,133.031005859375,123.11900329589844,133.4250030517578
7.7,4.291514704715141,2.042815465780047,1.0436059195288567,15.306996814104764,1.1763538524963064,0.994291699641193,107.84400177001953,133.03399658203125,123.14600372314453,133.4250030517578
7.75,4.354953467440326,1.6498985770393448,1.2070794256597241,15.271927930841262,1.236426666354691,1.0192856288337981,107.90399932861328,133.03700256347656,123.1709976196289,133.4250030517578
7.800000000000001,4.410523702235537,2.342821518255801,1.439917759142779,15.241845232311451,1.2975545451994759,1.0502915264761319,107.96499633789062,133.04100036621094,123.2020034790039,133.4250030517578
7.8500000000000005,4.506511433000159,1.9540198394020885,1.5677195759200073,15.207776226341783,1.3596314573663573,1.078291570474355,108.0270004272461,133.04400634765625,123.2300033569336,133.4250030517578
7.9,4.608833890990133,2.6498460309648837,1.7105101185637281,15.180709518626157,1.4226983201484278,1.1142871419974445,108.08999633789062,133.0469970703125,123.26599884033203,133.4250030517578
7.95,4.745811568517793,2.2642360264046717,1.856458940755747,15.146616624550468,1.488821176910612,1.1462850010633499,108.15599822998047,133.05099487304688,123.2979965209961,133.4250030517578
8.0,4.899558219579414,2.9628258670580436,2.0048143971689263,15.119526076584158,1.5559416831683783,1.186285986039796,108.2229995727539,133.05499267578125,123.33799743652344,133.4250030517578
8.05,5.066769201653454,2.5806136754497095,2.1556232183165083,15.087440110756903,1.6250585288330115,1.2232886640085299,108.29199981689453,133.0590057373047,123.375,133.4250030517578
8.1,5.223501825446057,3.2820637335667886,2.30838219903716,15.060351017070005,1.6961701389295534,1.2672874158978318,108.36299896240234,133.06300354003906,123.41899871826172,133.4250030517578
8.15,5.369191902383511,2.9021662395923533,2.463130697351374,15.028266831246839,1.7702755508240948,1.309287292338863,108.43699645996094,133.06700134277344,123.46099853515625,133.4250030517578
8.200000000000001,5.4997541363546025,3.605835339860134,2.6194326847593827,15.001179204526599,1.846384648491813,1.358290905279701,108.51300048828125,133.0709991455078,123.51000213623047,133.4250030517578
8.25,5.620198271334955,3.2287495661712438,2.777317783672573,14.970072107326615,1.923542990290084,1.404288555912378,108.58999633789062,133.0760040283203,123.55599975585938,133.4250030517578
8.3,5.734519729421604,3.9350182780554714,2.9365374596525404,14.94398538022157,2.002646457540735,1.4572899634902978,108.66899871826172,133.0800018310547,123.60900115966797,133.4250030517578
8.35,5.837176575382495,3.560553413633024,3.097190817075634,14.914901855926876,2.0827481141958613,1.5082924840194958,108.7490005493164,133.08399963378906,123.66000366210938,133.4250030517578
8.4,5.940380496791755,4.269097839114218,3.259115997890568,14.890792292835934,2.164901440179457,1.566291142562855,108.83100128173828,133.08900451660156,123.71800231933594,133.4250030517578
8.450000000000001,6.0586985369579,3.8967137466486648,3.422363769914967,14.863686797207745,2.2480514656972703,1.6222909112338633,108.91400146484375,133.093994140625,123.77400207519531,133.4250030517578
8.5,6.18889155972315,4.605733210983518,3.586654504307514,14.8405790998076,2.3331977704506945,1.6842873718319005,108.9990005493164,133.0989990234375,123.83599853515625,133.4250030517578
8.55,6.3289529645654214,4.2346816343220315,3.752061300194746,14.81346206961467,2.4204021854781055,1.7442925704662327,109.08599853515625,133.10499572753906,123.89600372314453,133.4250030517578
8.6,6.475510292613361,4.944817002579498,3.918336627096017,14.79234820203691,2.5095473077656223,1.812285734911008,109.17500305175781,133.11000061035156,123.96399688720703,133.4250030517578
8.65,6.623666634003352,4.573477019981629,4.085467705134945,14.766234051602218,2.6007404763606354,1.8772881854646988,109.26599884033203,133.11599731445312,124.02899932861328,133.4250030517578
8.700000000000001,6.7693934576233366,5.283936900504269,4.253277861199358,14.745110484438506,2.693935926154697,1.9492867818774817,109.35900115966797,133.1219940185547,124.10099792480469,133.4250030517578
8.75,6.910379899294085,4.9127411001327514,4.421677014595508,14.718992471980334,2.7891271843303223,2.0182870339625407,109.4540023803711,133.1280059814453,124.16999816894531,133.4250030517578
8.8,7.045829549321066,5.622984741785656,4.590473660968526,14.698879963345002,2.886312492591189,2.0952905130706516,109.5510025024414,133.13400268554688,124.24700164794922,133.4250030517578
8.85,7.176755006304924,5.255029039305466,4.759921223535771,14.673765648430937,2.9854929700134787,2.169288017192442,109.6500015258789,133.13999938964844,124.32099914550781,133.4250030517578
8.9,7.304802229924994,5.962428727299603,4.929254312354309,14.654656647770862,3.086668763931577,2.251288749639221,109.7509994506836,133.14599609375,124.40299987792969,133.4250030517578
8.950000000000001,7.432129403181905,5.598756825745675,5.09945862026401,14.63155270570584,3.188842268650724,2.3302911353160685,109.85299682617188,133.15199279785156,124.48200225830078,133.4250030517578
9.0,7.560449082012078,6.304104768130702,5.269295775978728,14.613421306231725,3.293081730986763,2.416289670472733,109.95700073242188,133.15899658203125,124.56800079345703,133.4250030517578
9.05,7.69085788101111,5.945292596418797,5.440356872188405,14.591313693085601,3.3992540234309043,2.5002893085061593,110.06300354003906,133.1649932861328,124.6520004272461,133.4250030517578
9.1,7.823771512852248,6.647112926157843,5.610586464546239,14.574194837174428,3.507474974356749,2.5912850971162746,110.1709976196289,133.1719970703125,124.74299621582031,133.4250030517578
9.15,7.958985786304128,6.291936967313425,5.782432459279419,14.55408114425902,3.6167009135919073,2.680289617129327,110.27999877929688,133.1790008544922,124.83200073242188,133.4250030517578
9.200000000000001,8.09589306988515,6.989544748881857,5.952993244117178,14.536952178008578,3.7289854643193125,2.775290837939075,110.39199829101562,133.18699645996094,124.927001953125,133.4250030517578
9.25,8.221406246833407,6.638256917235069,6.12554482582741,14.51784440436096,3.8422012692974246,2.86929261075309,110.50499725341797,133.19400024414062,125.02100372314453,133.4250030517578
9.3,8.343210323347922,7.333164480441886,6.2965627996930325,14.503744104203529,3.957419828786761,2.9702954055686988,110.62000274658203,133.2010040283203,125.12200164794922,133.42599487304688
9.35,8.476684335420682,6.986700759741788,6.4697299717366645,14.484627211452183,4.074689487093054,3.0682949807096587,110.73699951171875,133.20899963378906,125.22000122070312,133.42599487304688
9.4,8.61813109833096,7.6772889048129604,6.641215989488001,14.471517230894852,4.192900994478443,3.1732907084807347,110.8550033569336,133.21600341796875,125.32499694824219,133.42599487304688
9.450000000000001,8.764663061411408,7.336548799544294,6.814995186867861,14.454414413036815,4.31415945876502,3.2772946167314134,110.97599792480469,133.2239990234375,125.42900085449219,133.42599487304688
9.5,8.913009090156729,8.020296676684332,6.986614377723224,14.441318929742318,4.437359796661841,3.387295227376799,111.0989990234375,133.2310028076172,125.53900146484375,133.42599487304688
9.55,9.060388543012296,7.686360367188913,7.160721154800235,14.424216318772952,4.562615254454565,3.495296938064261,111.2239990234375,133.23899841308594,125.64700317382812,133.42599487304688
9.600000000000001,9.205091901713718,8.36474469169601,7.332484331354051,14.412114766319627,4.688868140677114,3.6092953515086315,111.3499984741211,133.2469940185547,125.76100158691406,133.42599487304688
9.65,9.346426489296167,8.03739674355169,7.507030308977879,14.397019163154393,4.818114444517789,3.723293766041032,111.47899627685547,133.2550048828125,125.875,133.42599487304688
9.700000000000001,9.484333786434293,8.709840731462627,7.679059907235955,14.384926153447962,4.949362549652986,3.8422970623562738,111.61000061035156,133.26300048828125,125.99400329589844,133.42599487304688
9.75,9.619324311037019,8.389045096262864,7.854138725138735,14.370838652201789,5.081600647737006,3.9602932794316477,111.74199676513672,133.27099609375,126.11199951171875,133.42599487304688
9.8,9.752908985405188,9.056268866384116,8.02644916373296,14.359743353351824,5.216902625305178,4.084293829204543,111.87699890136719,133.27999877929688,126.23600006103516,133.42599487304688
9.850000000000001,9.874700997527642,8.742204930310912,8.20199958078987,14.34666440000358,5.353139042426216,4.20729492893068,112.01300048828125,133.28799438476562,126.35900115966797,133.42599487304688
9.9,9.967623696090692,9.402085029596213,8.374479193268195,14.338586673807825,5.491371848634965,4.337292182842386,112.1510009765625,133.29600524902344,126.48899841308594,133.42599487304688
9.950000000000001,10.040716933610897,9.094465260516978,8.550270839365464,14.326515814030653,5.630601560766345,4.464291085191173,112.29000091552734,133.3040008544922,126.61599731445312,133.42599487304688
10.0,10.113799925860317,9.747865145161162,8.723027686213147,14.32144488436566,5.769892735578709,4.59829377124621,112.42900085449219,133.31300354003906,126.75,133.42599487304688
10.05,10.195983718183747,9.445500787868088,8.898941728281063,14.313388643019964,5.911118096908366,4.731297006975755,112.56999969482422,133.3209991455078,126.88300323486328,133.42599487304688
10.100000000000001,10.29314998461275,10.092313169009557,9.071698576012418,14.309334513594983,6.054339198142307,4.870296946473359,112.71299743652344,133.32899475097656,127.02200317382812,133.42599487304688
10.15,10.406552830460793,9.795744957183564,9.247533397375603,14.30327060516241,6.197568769488554,5.0072903554640975,112.85600280761719,133.33700561523438,127.15899658203125,133.42599487304688
10.200000000000001,10.534227017597354,10.436113171456027,9.420160641374943,14.301231854430403,6.343783642525146,5.151295177781362,113.00199890136719,133.34500122070312,127.3030014038086,133.42599487304688
10.25,10.671626561353106,10.144729132687655,9.595729045017423,14.296183989466483,6.491004099060677,5.2932934695130145,113.14900207519531,133.35299682617188,127.44499969482422,133.42599487304688
10.3,10.813629302872446,10.778436886625048,9.767945847041515,14.29515820265836,6.640212927843246,5.441299520858724,113.2979965209961,133.36099243164062,127.59300231933594,133.427001953125
10.350000000000001,10.95550621288268,10.493137384808149,9.943039092491238,14.291118056915414,6.791426250236883,5.588295065941032,113.4489974975586,133.36900329589844,127.73999786376953,133.427001953125
10.4,11.093964951070589,11.121444672565966,10.114975056788214,14.292087289088801,6.944634906500005,5.742294395103861,113.60199737548828,133.3769989013672,127.89399719238281,133.427001953125
10.450000000000001,11.227286897058084,10.843273409126988,10.289855871649216,14.2880561368635,7.099847394536344,5.893295372270728,113.75700378417969,133.38499450683594,128.0449981689453,133.427001953125
10.5,11.35551360067316,11.465964795585116,10.461665836691612,14.289041907616156,7.257049320988096,6.05130013356429,113.91400146484375,133.39300537109375,128.2030029296875,133.427001953125
10.55,11.479881959284409,11.194128694998668,10.63652862740467,14.287028091576897,7.416199415505121,6.208297814779911,114.072998046875,133.39999389648438,128.36000061035156,133.427001953125
10.600000000000001,11.602433738168196,11.810269483759333,10.808324258879647,14.29000591388289,7.576403491091793,6.371292200098823,114.23300170898438,133.4080047607422,128.5229949951172,133.427001953125
10.65,11.725249530746877,11.544769404487068,10.983226703609999,14.290005150677315,7.738595625226158,6.533294764076329,114.3949966430664,133.41600036621094,128.68499755859375,133.427001953125
10.700000000000001,11.85010321098202,12.15529343311156,11.155144729775554,14.293007456349137,7.902746572417325,6.700302210924041,114.55899810791016,133.42300415039062,128.8520050048828,133.427001953125
10.75,11.967240298269825,11.894941478638678,11.330165964370654,14.294998482002319,8.06789541925556,6.86729439888146,114.7239990234375,133.42999267578125,129.0189971923828,133.427001953125
10.8,12.082972775952628,12.499920845018364,11.502314360209986,14.299999654638508,8.235087263521413,7.039291469745175,114.89099884033203,133.43800354003906,129.1909942626953,133.427001953125
10.850000000000001,12.211889997488083,12.246805275938485,11.67768114932302,14.302013287179824,8.404231047820288,7.2102967191966965,115.05999755859375,133.44500732421875,129.36199951171875,133.427001953125
10.9,12.351213932175044,12.845233185943131,11.850060000660736,14.31001175670698,8.574380426180316,7.3882904941496,115.2300033569336,133.45199584960938,129.5399932861328,133.427001953125
10.950000000000001,12.498057959361368,12.597192785477633,12.025451938295802,14.31303930670267,8.747518663637383,7.564300626382424,115.40299987792969,133.45899963378906,129.71600341796875,133.427001953125
11.0,12.648607531261169,13.188240972569663,12.19767955599426,14.320042469777785,8.922624427633979,7.746292204063213,115.5780029296875,133.46499633789062,129.8979949951172,133.427001953125
11.05,12.799275579814623,12.945673137125473,12.37283400020694,14.325064542012,9.098758604703374,7.927294677704479,115.75399780273438,133.4720001220703,130.07899475097656,133.42799377441406
11.100000000000001,12.947366130002276,13.530205058023139,12.54482755763332,14.33309503449945,9.277859878761111,8.114306396975525,115.93299865722656,133.47799682617188,130.26600646972656,133.42799377441406
11.15,13.091436756752445,13.29523323922475,12.719873941107089,14.337118950410014,9.45899508962351,8.299303955916223,116.11399841308594,133.48500061035156,130.4510040283203,133.42799377441406
11.200000000000001,13.23122087934108,13.873825676017084,12.891727165397644,14.34614664718055,9.642091973831924,8.491305299200073,116.2969970703125,133.49099731445312,130.64300537109375,133.42799377441406
11.25,13.35562666994281,13.643965074997613,13.066629525033537,14.352163241401973,9.827194324013293,8.682299562215617,116.48200225830078,133.4969940185547,130.83399963378906,133.42799377441406
11.3,13.445830310481526,14.21470915320205,13.238108355851907,14.362195403788386,10.013288469966515,8.878298708226295,116.66799926757812,133.5030059814453,131.02999877929688,133.42799377441406
11.350000000000001,13.510698210502062,13.992229133816107,13.41265074163967,14.370225441453403,10.200359113800772,9.073306032752477,116.8550033569336,133.50799560546875,131.22500610351562,133.42799377441406
11.4,13.572526934055329,14.558293722398291,13.583956795285186,14.38425985727272,10.388451128833145,9.275301882868733,117.04299926757812,133.51400756835938,131.427001953125,133.42799377441406
11.450000000000001,13.636869638301842,14.342005529737303,13.758438069711152,14.395284296761131,10.577519970401257,9.475298831394483,117.23200225830078,133.5189971923828,131.6269989013672,133.42799377441406
11.5,13.714658162929597,14.90130065134877,13.929744037589064,14.411315291379589,10.767580690816168,9.681292484229738,117.4219970703125,133.5240020751953,131.83299255371094,133.42799377441406
11.55,13.816814142578359,14.694733644253251,14.104650088301842,14.425349098285253,10.958648143916268,9.88629431556681,117.61299896240234,133.5290069580078,132.03799438476562,133.42799377441406
11.600000000000001,13.941495718324294,15.242724862456116,14.27590206874514,14.443367625359448,11.15169033801323,10.097295254490925,117.80599975585938,133.5330047607422,132.24899291992188,133.4290008544922
11.65,14.083623098724052,15.04605756862936,14.4509845016856,14.45841100860464,11.346753859281586,10.307301968651988,118.0009994506836,133.53799438476562,132.45899963378906,133.4290008544922
11.700000000000001,14.223785918972863,15.583321665591987,14.621934100643092,14.476439010369477,11.543793326305027,10.52229830691124,118.197998046875,133.54200744628906,132.6739959716797,133.4290008544922
11.75,14.348229686387072,15.398533339789381,14.797390927122265,14.493476135687803,11.74183935696982,10.737309903879517,118.39600372314453,133.54600524902344,132.88900756835938,133.4290008544922
11.8,14.473274157573634,15.923449832670794,14.96826499506914,14.513497278965346,11.941876257898663,10.95729586612635,118.59600067138672,133.5500030517578,133.10899353027344,133.4290008544922
11.850000000000001,14.609869962131016,15.749138001050591,15.14395588179259,14.531535864117538,12.14391166491006,11.177297087098504,118.7979965209961,133.5540008544922,133.32899475097656,133.4290008544922
11.9,14.752899460322032,16.261849369440217,15.314311446496783,14.55156552988349,12.348935533424312,11.40230319093093,119.00299835205078,133.5570068359375,133.5540008544922,133.4290008544922
11.950000000000001,14.886409268724277,16.0995246521194,15.490063358734991,14.569589158973278,12.554958523646746,11.62630221460662,119.20899963378906,133.55999755859375,133.7779998779297,133.4290008544922
12.0,15.012494957883352,16.601797291898695,15.660113022789982,14.592619661770783,12.761997857228431,11.856297942451466,119.41600036621094,133.56399536132812,134.00799560546875,133.4290008544922
12.05,15.135198029847395,16.452252764558484,15.835864934820506,14.612658787444555,12.97201845479879,12.086308928978676,119.6259994506836,133.56700134277344,134.23800659179688,133.4290008544922
12.100000000000001,15.256589517537925,16.94217780118875,16.00581022869377,14.63566228927795,13.183026458070621,12.320304561540617,119.83699798583984,133.56900024414062,134.4720001220703,133.42999267578125
12.15,15.390273892363721,16.80444186023573,16.181648657854403,14.656678625970923,13.396052733518438,12.554298091984071,120.05000305175781,133.57200622558594,134.70599365234375,133.42999267578125
12.200000000000001,15.533009665583705,17.282450163891077,16.351561507684313,14.681706080447919,13.611058363475356,12.794303585437225,120.26499938964844,133.57400512695312,134.9459991455078,133.42999267578125
12.25,15.681878787851371,17.15695367980968,16.52740354168634,14.703720281908538,13.828070438277932,13.033301998671835,120.48200225830078,133.5760040283203,135.18499755859375,133.42999267578125
12.3,15.833280508835616,17.620849700817143,16.697143528500973,14.728748157751571,14.04707370134708,13.27730529485126,120.70099639892578,133.5780029296875,135.4290008544922,133.42999267578125
12.350000000000001,15.983875254693038,17.508457847029117,16.873075513098826,14.751769813735637,14.268083412356113,13.521308590869934,120.9219970703125,133.5800018310547,135.67300415039062,133.42999267578125
12.4,16.13093121813758,17.959249237982892,17.042815499953093,14.776790476616492,14.491091943706921,13.769309689766605,121.1449966430664,133.58200073242188,135.92100524902344,133.42999267578125
12.450000000000001,16.27273297923803,17.994961674091062,17.232359202150256,14.799804922219316,14.716106925932541,14.01731079193048,121.37000274658203,133.58399963378906,136.16900634765625,133.42999267578125
12.5,16.403975705071623,18.163945241176155,17.388573997078005,14.82281680057331,14.943106535379046,14.267310805671997,121.59700012207031,133.5850067138672,136.41900634765625,133.42999267578125
12.55,16.53537520120167,18.33588168487594,17.57693688910975,14.845828558484817,15.172104960096664,14.519309708145212,121.82599639892578,133.58599853515625,136.67100524902344,133.42999267578125
12.600000000000001,16.680788067116914,18.410150805391957,17.72373418953007,14.869814052596194,15.403109962937105,14.774301320965295,122.05699920654297,133.58700561523438,136.92599487304688,133.43099975585938
12.65,16.836146678176462,18.559118466822298,17.899201850188724,14.894832255018125,15.636113782860987,15.032312191805298,122.29000091552734,133.58799743652344,137.1840057373047,133.43099975585938
12.700000000000001,16.9975189015536,18.74005450204312,18.04496228400393,14.920842420252686,15.871116551091463,15.293313778834422,122.5250015258789,133.58900451660156,137.44500732421875,133.43099975585938
12.75,17.160482713364,19.11434522998284,18.240701439021244,14.94784133672442,16.109115513494398,15.558313177557263,122.76300048828125,133.58900451660156,137.7100067138672,133.43099975585938
12.8,17.321184022758025,19.112510156959626,18.389867484635495,14.974843128000195,16.34811598455494,15.824304399678118,123.00199890136719,133.58999633789062,137.9759979248047,133.43099975585938
12.850000000000001,17.476993771962203,19.459046370746236,18.584926337007207,15.002841432055607,16.590120379086375,16.09430868694511,123.24400329589844,133.58999633789062,138.24600219726562,133.43099975585938
12.9,17.62672160914687,19.462177344481173,18.735219147657034,15.029840347070602,16.834116045590477,16.36530478773266,123.48799896240234,133.58999633789062,138.51699829101562,133.43099975585938
12.950000000000001,17.770620937288076,19.8054383191709,18.916266812165016,15.057838662501494,17.080118242856113,16.63930686820721,123.73400115966797,133.58999633789062,138.79100036621094,133.43099975585938
13.0,17.910095252116157,19.811125541639736,19.080984842211375,15.085836982903743,17.328119341488996,16.91530784545539,123.98200225830078,133.58999633789062,139.06700134277344,133.43099975585938
13.05,18.04727113764497,20.152369579198577,19.26263363164364,15.11583410123633,17.578119346523053,17.195306625058013,124.23200225830078,133.58999633789062,139.3470001220703,133.43099975585938
13.100000000000001,18.173889920873517,20.158058574384434,19.43742440854289,15.143821898765127,17.83011830292801,17.475307215823925,124.48400115966797,133.58999633789062,139.6269989013672,133.4320068359375
13.15,18.294357598269432,20.496566263537154,19.631169188214372,15.174818447904768,18.083116665447083,17.759303798107812,124.73699951171875,133.58999633789062,139.91099548339844,133.4320068359375
13.200000000000001,18.427532903622218,20.503657666457393,19.8075295046558,15.205819986040856,18.33811584867397,18.04531454191932,124.99199676513672,133.58900451660156,140.19700622558594,133.4320068359375
13.25,18.57232700560202,20.841229725146984,19.980217954172215,15.236801308030312,18.596119083562787,18.33430074865746,125.25,133.58900451660156,140.48599243164062,133.4320068359375
13.3,18.72724945146125,20.84828674284611,20.153795612760867,15.267795200207333,18.855123727465827,18.62430929536649,125.50900268554688,133.58799743652344,140.7760009765625,133.4320068359375
13.350000000000001,18.88907841975857,21.186253603606424,20.326516336046883,15.299788761709717,19.116119570231508,18.917308563463234,125.7699966430664,133.58700561523438,141.06900024414062,133.4320068359375
13.4,19.053892352153035,21.193813574520338,20.4996799590508,15.330785402427772,19.380119509890907,19.2123067336414,126.03399658203125,133.58700561523438,141.36399841308594,133.4320068359375
13.450000000000001,19.217843015358433,21.530666367905198,20.67220276392423,15.363763093885627,19.64612788655087,19.511302705521523,126.30000305175781,133.58599853515625,141.66299438476562,133.4320068359375
13.5,19.378046710264954,21.539882877546123,20.84507849751487,15.395747085391926,19.91412746396184,19.811307397491692,126.56800079345703,133.5850067138672,141.96299743652344,133.43299865722656
13.55,19.52111396913629,21.8754739798258,21.01738893757759,15.427748577326852,20.185125429268496,20.114316430741205,126.83899688720703,133.58399963378906,142.26600646972656,133.43299865722656
13.600000000000001,19.649202729008294,21.88580629432889,21.190163709572037,15.459744727691897,20.457128603315425,20.418317285643617,127.11100006103516,133.58399963378906,142.57000732421875,133.43299865722656
13.65,19.783337844539354,22.221325313261488,21.36263961454447,15.494721683891363,20.73113252937728,20.727307764162646,127.38500213623047,133.58299255371094,142.87899780273438,133.43299865722656
13.700000000000001,19.923487270815166,22.23259490284404,21.535533338183132,15.52771535185941,21.007135288097345,21.03631350173631,127.66100311279297,133.58200073242188,143.18800354003906,133.43299865722656
13.75,20.060431588816172,22.564982826640264,21.70790864833246,15.562707796331914,21.2851369901939,21.349317041775763,127.93900299072266,133.58099365234375,143.50100708007812,133.43299865722656
13.8,20.19535785544348,22.57693391337186,21.880773365385036,15.597692870642422,21.56413808176106,21.66331240331382,128.21800231933594,133.5800018310547,143.81500244140625,133.43299865722656
13.850000000000001,20.344072890732477,22.91036554169145,22.05318455919354,15.633667949634798,21.846137560696736,21.981307162080896,128.5,133.57899475097656,144.13299560546875,133.4340057373047
13.9,20.50297358855618,22.923758584350818,22.226179060176587,15.668660963055569,22.130135874636224,22.30030740640289,128.78399658203125,133.5780029296875,144.45199584960938,133.4340057373047
13.950000000000001,20.668750356683326,23.255569731417527,22.398669396527822,15.704645728135407,22.416148389851067,22.62231363199591,129.07000732421875,133.57699584960938,144.7740020751953,133.4340057373047
14.0,20.837333143177144,23.26950178970344,22.571631287743553,15.740654980796386,22.704142774617804,22.946318759106738,129.35800170898438,133.57699584960938,145.09800720214844,133.4340057373047
14.05,21.005017626389176,23.59980231821103,22.744064121582078,15.776640024291359,22.995144831044886,23.273314608727652,129.6490020751953,133.5760040283203,145.4250030517578,133.4340057373047
14.100000000000001,21.169028138599437,23.615533387347426,22.917036830883934,15.812625041186804,23.2881458293568,23.60230935984577,129.94200134277344,133.5749969482422,145.75399780273438,133.4340057373047
14.15,21.327276923918095,23.945689721110018,23.089473271668787,15.848601574418751,23.584152740017984,23.934311573768984,130.23800659179688,133.57400512695312,146.08599853515625,133.43499755859375
14.200000000000001,21.479371773628827,23.962898793822145,23.2625036607666,15.884602153239932,23.88115151776726,24.267319386386582,130.53500366210938,133.572998046875,146.41900634765625,133.43499755859375
14.25,21.625960336901354,24.2912904499732,23.435134423099893,15.921579499661476,24.18115620901994,24.60430974285708,130.8350067138672,133.57200622558594,146.75599670410156,133.43499755859375
14.3,21.768730844906855,24.308066935777752,23.608247725340483,15.958572081802334,24.482152766825884,24.942307179479112,131.13600158691406,133.5709991455078,147.093994140625,133.43499755859375
14.350000000000001,21.909808790115214,24.636242299570476,23.780835401128385,15.996580348424907,24.786153621318626,25.284317677560303,131.44000244140625,133.5709991455078,147.43600463867188,133.43499755859375
14.4,22.051283294062912,24.6536298991235,23.953822532605653,16.034580239599684,25.09114790977305,25.627319996976087,131.7449951171875,133.57000732421875,147.7790069580078,133.43499755859375
14.450000000000001,22.194988405267175,24.980977856954638,24.12636334515937,16.07256485288391,25.399148213447983,25.973313039011277,132.05299377441406,133.56900024414062,148.125,133.43499755859375
14.5,22.34193607808299,25.000706917284667,24.299483857917487,16.111556620720883,25.70815395075268,26.32132169839145,132.36199951171875,133.56900024414062,148.47300720214844,133.43600463867188
14.55,22.49251978988727,25.32708155592261,24.47221178168865,16.151540286618445,26.02015203606483,26.673311444536168,132.6739959716797,133.5679931640625,148.8249969482422,133.43600463867188
14.600000000000001,22.636010389284497,25.34789036644096,24.645447479598,16.190532397032435,26.333157147503087,27.025316449476616,132.98699951171875,133.56700134277344,149.177001953125,133.43600463867188
14.65,22.77309472611466,25.67232179852643,24.818110687339644,16.2305396357367,26.649151410198417,27.38131925715287,133.30299377441406,133.56700134277344,149.5330047607422,133.43600463867188
14.700000000000001,22.921050687762946,25.69258987567755,24.991079795525184,16.271530593251487,26.96615435266189,27.739320966185453,133.6199951171875,133.5659942626953,149.89100646972656,133.43600463867188
14.75,23.07750242096435,26.01626599827329,25.163577350355194,16.312506522847276,27.28616321388785,28.10031339789212,133.94000244140625,133.56500244140625,150.2519989013672,133.43600463867188
14.8,23.229995871009844,26.039306406858525,25.33670129746327,16.352513819720457,27.60815418068473,28.462312909653722,134.26199340820312,133.56500244140625,150.61399841308594,133.43600463867188
14.850000000000001,23.376979315476273,26.361830681794125,25.50926013568564,16.393497306371206,27.932160872748668,28.827319750414954,134.58599853515625,133.56399536132812,150.97900390625,133.43699645996094
14.9,23.534369167485156,26.384114063503052,25.682308552123594,16.43448118687807,28.258164901069037,29.194308886193813,134.91200256347656,133.56399536132812,151.3459930419922,133.43699645996094
14.950000000000001,23.698309895133836,26.705630686433405,25.854773835071466,16.477479174075174,28.58616783075656,29.565311083538678,135.24000549316406,133.56399536132812,151.7169952392578,133.43699645996094
15.0,23.866679761722015,26.729390355546265,26.02764217889763,16.51747893732346,28.917162969091653,29.936313280834455,135.5709991455078,133.56300354003906,152.08799743652344,133.43699645996094
15.05,24.03126992508196,27.050186001571255,26.19995262346249,16.561484008002147,29.249163701513744,30.312320360995486,135.9029998779297,133.56300354003906,152.46400451660156,133.43699645996094
15.100000000000001,24.19585863586883,27.07549405644988,26.372712992463384,16.601476139237356,29.585162236670048,30.688312182310142,136.23899841308594,133.56300354003906,152.83999633789062,133.43699645996094
15.15,24.374850012578264,27.395750685892157,26.54505588119996,16.644466577936946,29.922169356639284,31.068317065209502,136.5760040283203,133.56199645996094,153.22000122070312,133.43699645996094
15.200000000000001,24.561868502554123,27.421491327562194,26.717946026388425,16.686465328745964,30.26216569453032,31.450322176896734,136.91600036621094,133.56199645996094,153.6020050048828,133.43800354003906
15.25,24.75198228402892,27.739694887360695,26.89028891529717,16.728456359994645,30.605168013866567,31.835316683821667,137.25900268554688,133.56199645996094,153.98699951171875,133.43800354003906
15.3,24.940585672943723,27.766693806640102,27.063027655275324,16.769455602601194,30.950169234570303,32.221318270756115,137.60400390625,133.56199645996094,154.3730010986328,133.43800354003906
15.350000000000001,25.123644600385873,28.066934718547405,27.233538058950653,16.810447564593556,31.29816259133555,32.61031058042028,137.95199584960938,133.56100463867188,154.76199340820312,133.43800354003906
15.4,25.298460544493434,28.06236339175559,27.40136299177591,16.849447987732887,31.649160516140412,33.00030997008738,138.30299377441406,133.56100463867188,155.15199279785156,133.43800354003906
15.450000000000001,25.464240410805616,28.332146422464636,27.564014565379033,16.89145431767774,32.001165521023225,33.394322421354424,138.65499877929688,133.56100463867188,155.54600524902344,133.43800354003906
15.5,25.621775537468018,28.3018705202085,27.72126258184526,16.929447697255775,32.35616124856234,33.787312533680314,139.00999450683594,133.56100463867188,155.93899536132812,133.43800354003906
15.55,25.77312069419717,28.546994392169516,27.870943420905082,16.968440974670276,32.713171136257785,34.18332512832026,139.36700439453125,133.56100463867188,156.3350067138672,133.43899536132812
15.600000000000001,25.92108080836302,28.495875364140613,28.01298155167415,17.00443552939608,33.07317174660964,34.57932122209944,139.7270050048828,133.56100463867188,156.7310028076172,133.43899536132812
15.65,26.068680535800695,28.72101784947815,28.14550826803275,17.042444196837057,33.4341641782506,34.97832329735921,140.08799743652344,133.56100463867188,157.1300048828125,133.43899536132812
15.700000000000001,26.218439850880543,28.653014207187926,28.268660555995325,17.077431705207267,33.797170770047764,35.376318292515904,140.4510040283203,133.56100463867188,157.5279998779297,133.43899536132812
15.75,26.36240395051894,28.861958722775018,28.380886939536754,17.11243447589988,34.16316808450109,35.77731926912962,140.81700134277344,133.56100463867188,157.9290008544922,133.43899536132812
15.8,26.50215725529239,28.780311433472278,28.48224870221997,17.145416003840285,34.53017247903258,36.17731443344614,141.1840057373047,133.56100463867188,158.32899475097656,133.44000244140625
15.850000000000001,26.65537401119888,28.976151317060708,28.573170362071302,17.17843520273638,34.89916051614212,36.579322490128035,141.55299377441406,133.56100463867188,158.7310028076172,133.44000244140625
15.9,26.820181385952996,28.883416417890377,28.65527566468478,17.208417980551083,35.27116979348587,36.981315288036946,141.9250030517578,133.56100463867188,159.13299560546875,133.44000244140625
15.950000000000001,26.9945657072081,29.068635610811143,28.728924583519433,17.237424222773836,35.645162713407814,37.384315166002025,142.2989959716797,133.56100463867188,159.53599548339844,133.44000244140625
16.0,27.175718775819053,28.966898788542267,28.795427410352808,17.264423336374755,36.02117110158352,37.78731504399689,142.6750030517578,133.56199645996094,159.93899536132812,133.44000244140625
16.05,27.360543692092527,29.45984505928902,28.88671247706476,17.2944296587085,36.40016890431832,38.196328087379804,143.0540008544922,133.56199645996094,160.34800720214844,133.4409942626953
16.1,27.544972071280746,29.32290391197284,28.969415331847983,17.319422944198152,36.782172688498434,38.603325768084105,143.43600463867188,133.56199645996094,160.7550048828125,133.4409942626953
16.150000000000002,27.725404171473365,29.462979592233022,29.043611506123472,17.344416231725255,37.166175374045636,39.012322350183005,143.82000732421875,133.56199645996094,161.16400146484375,133.4409942626953
16.2,27.899464376470103,29.322903913205515,29.110600476725228,17.366434129088123,37.552161702170785,39.42032711095441,144.20599365234375,133.56199645996094,161.57200622558594,133.4409942626953
16.25,28.065966034631604,29.46294183091204,29.17069878753893,17.386422658245355,37.941169270530175,39.829323693040145,144.59500122070312,133.56199645996094,161.9810028076172,133.4409942626953
16.3,28.22526651596527,29.32293825153162,29.22496146934487,17.403442827415994,38.33216177843878,40.23732845383088,144.98599243164062,133.56300354003906,162.38900756835938,133.4409942626953
16.35,28.378805966071166,29.462907503070447,29.273637087945836,17.41741250959552,38.72617422961072,40.64531919875281,145.3800048828125,133.56300354003906,162.7969970703125,133.44200134277344
16.400000000000002,28.52881955300501,29.32293825669265,29.317589271826062,17.43042794262916,39.12116324328278,41.05332395956849,145.77499389648438,133.56300354003906,163.2050018310547,133.44200134277344
16.45,28.677751635521464,29.46290750650927,29.357016461395876,17.44242106211074,39.51816641711109,41.462320541619356,146.1719970703125,133.56300354003906,163.61399841308594,133.44200134277344
16.5,28.8279779874348,29.32293825808868,29.392620408350517,17.450423380616503,39.91817680199155,41.870325302447064,146.57200622558594,133.56399536132812,164.02200317382812,133.44200134277344
16.55,28.981268457980185,29.46290750675495,29.392926653097113,17.45742699378802,40.320169599843176,42.279321884495744,146.9739990234375,133.56399536132812,164.43099975585938,133.44200134277344
16.6,29.133261139774604,29.322938258275762,29.392930087727404,17.461417797569972,40.723169477772906,42.686320773743695,147.3769989013672,133.56399536132812,164.83799743652344,133.4429931640625
16.650000000000002,29.2628965998957,29.46290750668502,29.39292287917261,17.464415455092848,41.12917658615552,43.09531735579309,147.7830047607422,133.56500244140625,165.2469940185547,133.4429931640625
16.7,29.361320522680142,29.322938257319247,29.392926313583985,17.465422510412782,41.5361742668203,43.503322116620026,148.19000244140625,133.56500244140625,165.65499877929688,133.4429931640625
16.75,29.44023334355198,29.46290750567614,29.392922881060393,17.465422510473054,41.945170848853365,43.91231869867319,148.5989990234375,133.56500244140625,166.06399536132812,133.4429931640625
16.8,29.496606947977227,29.322938256123276,29.39292288151956,17.46342365769819,42.35416743088763,44.31931637941458,149.00799560546875,133.56500244140625,166.4709930419922,133.4429931640625
16.85,29.531601775347436,29.462907505572918,29.392922881769806,17.462431754062532,42.76417229263482,44.728329460088176,149.41799926757812,133.5659942626953,166.8800048828125,133.44400024414062
16.900000000000002,29.54819787357598,29.322938255196686,29.392922881620212,17.45942584579931,43.175167776038826,45.13631896210912,149.82899475097656,133.5659942626953,167.28799438476562,133.44400024414062
16.95,29.549996698366797,29.46290750517742,29.392922881487028,17.458434048774155,43.585171438154376,45.54533080295858,150.23899841308594,133.5659942626953,167.69700622558594,133.44400024414062
17.0,29.540888118800268,29.3229382551088,29.392922881189037,17.455435207965998,43.99517633709904,45.95232848368923,150.6490020751953,133.56700134277344,168.10400390625,133.44400024414062
17.05,29.525840019814318,29.462907505352494,29.392922881048793,17.453436356286453,44.406171820503,46.361325065751004,151.05999755859375,133.56700134277344,168.51300048828125,133.44400024414062
17.1,29.509027229755883,29.322938255188532,29.39292288074007,17.45143043535531,44.816175482617204,46.76933106944459,151.47000122070312,133.56700134277344,168.92100524902344,133.44500732421875
17.150000000000002,29.49329589522349,29.462907505643173,29.392922880635883,17.451437396918024,45.225173267239,47.178327651508745,151.87899780273438,133.5679931640625,169.3300018310547,133.44500732421875
17.2,29.480407279824647,29.322938255472298,29.392922880451188,17.448431489978642,45.635176929350536,47.585325332233985,152.28900146484375,133.5679931640625,169.73699951171875,133.44500732421875
17.25,29.469894460927815,29.46290750615251,29.392922880498826,17.448431490055878,46.04417351138308,47.99432191429912,152.697998046875,133.5679931640625,170.14599609375,133.44500732421875
17.3,29.460136964921563,29.32293825571742,29.39292288045824,17.447439693266755,46.45317009341503,48.40232667510033,153.10699462890625,133.5679931640625,170.5540008544922,133.44500732421875
17.35,29.450094530669013,29.462907506630415,29.392922880563994,17.447424542507775,46.8621831740639,48.811324459754,153.51600646972656,133.56900024414062,170.96299743652344,133.4459991455078
17.400000000000002,29.43727804232521,29.3229382560809,29.392922880652414,17.446432745734842,47.27117975609546,49.21932922055394,153.9250030517578,133.56900024414062,171.37100219726562,133.4459991455078
17.45,29.417656917918197,29.46290750714403,29.392922880849074,17.4454409491873,47.68017633812696,49.62733398133309,154.33399963378906,133.56900024414062,171.7790069580078,133.4459991455078
17.5,29.38964841830894,29.322938256523297,29.392922880990522,17.445425690647514,48.08818109886944,50.03532348334275,154.74200439453125,133.56900024414062,172.18699645996094,133.4459991455078
17.55,29.354045616508138,29.462907507712647,29.392922881226536,17.446439874979607,48.49617184375783,50.444320065411944,155.14999389648438,133.57000732421875,172.5959930419922,133.4459991455078
17.6,29.309835715708765,29.32293825702198,29.39292288140988,17.446432745652828,48.904176604500584,50.852326069097685,155.55799865722656,133.57000732421875,173.00399780273438,133.44700622558594
17.650000000000002,29.25558362330911,29.462907508387964,29.39292288168436,17.44843159743203,49.310182463876295,51.26033082987837,155.96400451660156,133.57000732421875,173.41200256347656,133.44700622558594
17.7,29.192188840114323,29.32293825751792,29.39292288188892,17.45044570741446,49.71617306446328,51.66833559067451,156.3699951171875,133.57000732421875,173.82000732421875,133.44700622558594
17.75,29.120657310385436,29.462907509053096,29.392922882178976,17.45445042846352,50.121173058219334,52.077332172745756,156.77499389648438,133.5709991455078,174.22900390625,133.44700622558594
17.8,29.04246532090197,29.322938258169668,29.392922882424198,17.4584328718109,50.52518001622829,52.485321674752264,157.1790008544922,133.5709991455078,174.63699340820312,133.44700622558594
17.85,28.959734622118262,29.462907509789538,29.392922882740113,17.465444724803472,50.927172814081175,52.8943347181548,157.58099365234375,133.5709991455078,175.04600524902344,133.447998046875
17.900000000000002,28.87445303289883,29.322938258774624,29.392922883009486,17.470434224994538,51.32918087072302,53.30133239887109,157.98300170898438,133.5709991455078,175.4530029296875,133.447998046875
17.95,28.788230759570737,29.46290751050539,29.39292288334562,17.479436687609287,51.72917476720828,53.7103289809429,158.38299560546875,133.5709991455078,175.86199951171875,133.447998046875
18.0,28.70229860943999,29.322938259462916,29.392922883639578,17.48844626231748,52.128178113335885,54.118333741736706,158.78199768066406,133.57200622558594,176.27000427246094,133.447998046875
18.05,28.622594349661103,29.46290751139152,29.392922884007465,17.49944757290748,52.52617310845354,54.52733032380965,159.17999267578125,133.57200622558594,176.6790008544922,133.447998046875
18.1,28.560674223653997,29.322938260270053,29.392922884332272,17.50943472527684,52.92317628228173,54.93432925048907,159.57699584960938,133.57200622558594,177.08599853515625,133.44900512695312
18.150000000000002,28.52478314155518,29.46290751203683,29.392922884697164,17.521427837852144,53.32017945610992,55.34332583256244,159.9739990234375,133.57200622558594,177.4949951171875,133.44900512695312
18.2,28.519851222918856,29.3229382609625,29.392922885041617,17.533436209046847,53.71617554986073,55.75133059335561,160.3699951171875,133.57200622558594,177.9029998779297,133.44900512695312
18.25,28.54501501553791,29.462907512873375,29.392922885423644,17.546428100106205,54.112188144422305,56.16032717542913,160.76600646972656,133.572998046875,178.31199645996094,133.44900512695312
18.3,28.594801958117383,29.322938261791908,29.39292288578587,17.556437615867896,54.509176059465965,56.567324856143046,161.16299438476562,133.572998046875,178.718994140625,133.44900512695312
18.35,28.662663168206212,29.462907513734606,29.39292288618038,17.567438928712306,54.907186313378574,56.976336697006055,161.56100463867188,133.572998046875,179.1280059814453,133.44900512695312
18.400000000000002,28.74186263662461,29.322938262610243,29.39292288656394,17.577426218246874,55.305181308502995,57.384327404563834,161.95899963378906,133.572998046875,179.53599548339844,133.4499969482422
18.45,28.818830537206342,29.462907514575175,29.392922886970922,17.586443942041328,55.7051752049937,57.793339245427426,162.35899353027344,133.572998046875,179.94500732421875,133.4499969482422
18.5,28.881686144717374,29.32293826327155,29.39292288735179,17.593432296488555,56.10617618156038,58.201328747429656,162.75999450683594,133.572998046875,180.35299682617188,133.4499969482422
18.55,28.929926486676482,29.462907515520442,29.392922887764684,17.599435921430423,56.50818549963142,58.60933350821581,163.16200256347656,133.57400512695312,180.76100158691406,133.4499969482422
18.6,28.96131995814188,29.322938264124872,29.39292288815016,17.60544773502932,56.910178297483576,59.017338269006636,163.56399536132812,133.57400512695312,181.16900634765625,133.4499969482422
18.650000000000002,28.97625794660706,29.462907516406965,29.392922888587172,17.61242902522453,57.312186354124215,59.426336090956696,163.96600341796875,133.57400512695312,181.5780029296875,133.4510040283203
18.7,28.976618428785766,29.322938265013132,29.39292288899224,17.618425583018244,57.71417915197589,59.834325592958926,164.3679962158203,133.57400512695312,181.98599243164062,133.4510040283203
18.75,28.957934785928085,29.462907517268338,29.392922889431738,17.62343034398718,58.11717902990632,60.24233035374612,164.77099609375,133.57400512695312,182.3939971923828,133.4510040283203
18.8,28.9193074948646,29.32293826600131,29.392922889852674,17.62943384981856,58.519188310041415,60.65033511453679,165.17300415039062,133.5749969482422,182.802001953125,133.4510040283203
18.85,28.868224431917703,29.462907518079682,29.392922890287185,17.63742925769329,58.920189286606536,61.05933169661293,165.57400512695312,133.5749969482422,183.21099853515625,133.4510040283203
18.900000000000002,28.813574231862155,29.32293826683792,29.39292289070995,17.645432982380505,59.32018318309369,61.467337662912996,165.9739990234375,133.5749969482422,183.61900329589844,133.45199584960938
18.95,28.76738693342083,29.46290751907116,29.39292289115955,17.654435449392068,59.72017707958041,61.87633424498929,166.37399291992188,133.5749969482422,184.0279998779297,133.45199584960938
19.0,28.74657806256595,29.32293826772497,29.39292289160489,17.661423805109848,60.12018623485481,62.28333192570088,166.7740020751953,133.5749969482422,184.43499755859375,133.45199584960938
19.05,28.753490814044383,29.462907520005935,29.39292289205344,17.671418069797323,60.51918831005019,62.69232850777717,167.17300415039062,133.5749969482422,184.843994140625,133.45199584960938
19.1,28.7866471986821,29.32293826862588,29.39292289250354,17.68042757211854,60.918191656177335,63.10033326856677,167.57200622558594,133.5760040283203,185.2519989013672,133.45199584960938
19.150000000000002,28.84288005335824,29.46290752090471,29.392922892953315,17.688415949458946,61.31919263274126,63.50933109051742,167.97300720214844,133.5760040283203,185.66099548339844,133.4530029296875
19.200000000000003,28.91394104445325,29.322938269523796,29.392922893404382,17.694427766960864,61.72017835051732,63.91632877122901,168.37399291992188,133.5760040283203,186.0679931640625,133.4530029296875
19.25,28.997282717696084,29.46290752186342,29.39292289386389,17.701431382119605,62.122186407161585,64.32534061209422,168.7760009765625,133.5760040283203,186.4770050048828,133.4530029296875
19.3,29.086419699069886,29.322938270457943,29.392922894309557,17.70542908828241,62.52617810638417,64.73333011409477,169.17999267578125,133.5760040283203,186.88499450683594,133.4530029296875
19.35,29.168137486519193,29.462907522791497,29.392922894780735,17.710433850487313,62.930185064395154,65.14234195496013,169.58399963378906,133.5760040283203,187.29400634765625,133.4530029296875
19.400000000000002,29.228943465627253,29.322938271386874,29.392922895235632,17.711425647768742,63.33619213521735,65.5493408441651,169.99000549316406,133.57699584960938,187.7010040283203,133.45399475097656
19.450000000000003,29.256663408272434,29.462907523707486,29.392922895699265,17.714431556850283,63.74218273580351,65.9583374262414,170.39599609375,133.57699584960938,188.11000061035156,133.45399475097656
19.5,29.254576030508176,29.322938272233685,29.392922896150132,17.71543861253738,64.14918041646773,66.366342187031,170.80299377441406,133.57699584960938,188.51800537109375,133.45399475097656
19.55,29.221455668928872,29.462907524613303,29.392922896610866,17.71842926320389,64.55518627584414,66.77533876910714,171.20899963378906,133.57699584960938,188.927001953125,133.45399475097656
19.6,29.16180329477373,29.322938273137673,29.392922897062043,17.72042811627356,64.96018505514462,67.18233644981858,171.61399841308594,133.57699584960938,189.33399963378906,133.45399475097656
19.650000000000002,29.087103046821692,29.462907525546733,29.392922897526244,17.725417620196758,65.36419326834508,67.59133427176967,172.01800537109375,133.5780029296875,189.7429962158203,133.4550018310547
19.700000000000003,29.01341214866835,29.322938274063564,29.392922897980224,17.729430584976484,65.7681849675695,67.99933903255926,172.4219970703125,133.5780029296875,190.1510009765625,133.4550018310547
19.75,28.947494074737598,29.462907526436215,29.3929228984375,17.736418942319137,66.17019302421447,68.4083356146366,172.82400512695312,133.5780029296875,190.55999755859375,133.4550018310547
19.8,28.88917374010949,29.322938275061695,29.392922898897876,17.742430760558776,66.57218582206865,68.81634037542605,173.2259979248047,133.5780029296875,190.96800231933594,133.4550018310547
19.85,28.84568496148885,29.462907527441626,29.39292289936289,17.74943437658438,66.97318679863237,69.22434513621444,173.6269989013672,133.5780029296875,191.37600708007812,133.4550018310547
19.900000000000002,28.828549668024298,29.322938275960365,29.392922899820242,17.75742294764828,67.37318069511693,69.63233584377052,174.02699279785156,133.5780029296875,191.78399658203125,133.45599365234375
19.950000000000003,28.84439055784751,29.46290752828587,29.39292290027808,17.766417001403624,67.77319107999732,70.04133242584786,174.427001953125,133.57899475097656,192.1929931640625,133.45599365234375
20.0,28.89316986849117,29.32293827692111,29.39292290074682,17.773420617711523,68.17419205656135,70.44933718663685,174.8280029296875,133.57899475097656,192.6009979248047,133.45599365234375
20.05,28.96945280105216,29.462907529353654,29.392922901220857,17.780424234369587,68.57618485441672,70.85833376871419,175.22999572753906,133.57899475097656,193.00999450683594,133.45599365234375
20.1,29.066438133816266,29.322938277775634,29.392922901684653,17.784437199820697,68.97918473235231,71.2653467082147,175.63299560546875,133.57899475097656,193.41700744628906,133.45599365234375
20.150000000000002,29.176634556673207,29.462907530237437,29.392922902153725,17.788427971988117,69.38418351165629,71.67434453016638,176.03799438476562,133.57899475097656,193.8260040283203,133.45700073242188
20.200000000000003,29.28492212117291,29.322938278750744,29.392922902622445,17.79041156785475,69.79018937103774,72.08233403216691,176.44400024414062,133.57899475097656,194.23399353027344,133.45700073242188
20.25,29.370928040892576,29.462907531193878,29.392922903098214,17.79142555834661,70.19819537467276,72.49134587303331,176.8520050048828,133.5800018310547,194.64300537109375,133.45700073242188
20.3,29.41898647059526,29.322938279734082,29.392922903565456,17.79043376067321,70.60618487662718,72.89834355374369,177.25999450683594,133.5800018310547,195.0500030517578,133.45700073242188
20.35,29.418808005636187,29.46290753216606,29.392922904037896,17.79041850235516,71.0151967174475,73.30734013582102,177.66900634765625,133.5800018310547,195.45899963378906,133.45700073242188
20.400000000000002,29.369630462152006,29.322938280668264,29.392922904508687,17.790426930954247,71.42318621940233,73.71534610212048,178.07699584960938,133.5800018310547,195.86700439453125,133.45799255371094
20.450000000000003,29.28337399882555,29.462907533189018,29.392922904999,17.792425785386076,71.83018390007223,74.12434268419781,178.48399353027344,133.5800018310547,196.2760009765625,133.45799255371094
20.5,29.17767855315345,29.32293828168816,29.392922905475707,17.7934244117522,72.23619097090231,74.5313403649088,178.88999938964844,133.58099365234375,196.68299865722656,133.45799255371094
20.55,29.064206819136814,29.46290753404599,29.392922905944943,17.798413916644677,72.64019792892083,74.94033694698614,179.29400634765625,133.58099365234375,197.0919952392578,133.45799255371094
20.6,28.952571852437234,29.322938282643165,29.3929229064317,17.803418679824436,73.04319780685982,75.34834170777513,179.69700622558594,133.58099365234375,197.5,133.45799255371094
20.650000000000002,28.858429181653623,29.462907535086767,29.39292290691663,17.81141409461653,73.44419878342869,75.75733828985263,180.09800720214844,133.58099365234375,197.90899658203125,133.45799255371094
20.700000000000003,28.80065128380822,29.322938283622875,29.39292290740384,17.817418990241407,73.8451845012046,76.16433721652739,180.49899291992188,133.58099365234375,198.3159942626953,133.45899963378906
20.75,28.791542863296623,29.462907536084398,29.392922907892892,17.826421464964675,74.24519365647815,76.57334905739378,180.8990020751953,133.58099365234375,198.72500610351562,133.45899963378906
20.8,28.832834278261924,29.32293828453876,29.392922908373357,17.834423800433548,74.64518882074375,76.98133855939311,181.2989959716797,133.58200073242188,199.13299560546875,133.45899963378906
20.85,28.916859130433892,29.462907537108606,29.39292290886761,17.84243447438532,75.0461897973114,77.3903504002595,181.6999969482422,133.58200073242188,199.54200744628906,133.45899963378906
20.900000000000002,29.033534025519543,29.322938285504428,29.392922909351228,17.848415777556696,75.44819785396163,77.79833990225883,182.1020050048828,133.58200073242188,199.9499969482422,133.45899963378906
20.950000000000003,29.171560210862115,29.462907538073562,29.392922909839683,17.851414777144353,75.85319663327147,78.20634590593558,182.5070037841797,133.58200073242188,200.35800170898438,133.4600067138672
21.0,29.31015977466737,29.322938286439687,29.392922910314837,17.853428890224002,76.25918723387065,78.61435066672396,182.91299438476562,133.58200073242188,200.76600646972656,133.4600067138672
21.05,29.423487364893056,29.462907539030915,29.392922910813333,17.854420688512544,76.6671919946221,79.0233472488013,183.3209991455078,133.58200073242188,201.1750030517578,133.4600067138672
21.1,29.491094637518128,29.322938287413333,29.392922911290345,17.852413380440474,77.0771968563683,79.43133675080063,183.7310028076172,133.58299255371094,201.58299255371094,133.4600067138672
21.150000000000002,29.499375683336854,29.462907539985128,29.392922911780182,17.85142158280203,77.48619343839972,79.83934151158901,184.13999938964844,133.58299255371094,201.99099731445312,133.4600067138672
21.200000000000003,29.445951261369434,29.322938288367233,29.39292291225462,17.849415922474293,77.8961971005106,80.24734747788786,184.5500030517578,133.58299255371094,202.3990020751953,133.46099853515625
21.25,29.341587962616853,29.462907540939202,29.3929229127401,17.850422979095246,78.30418660247126,80.65634405996519,184.95799255371094,133.58299255371094,202.80799865722656,133.46099853515625
21.3,29.201402299766936,29.322938289297273,29.392922913215955,17.852421833622895,78.71019246186016,81.06434882075358,185.36399841308594,133.58299255371094,203.21600341796875,133.46099853515625
21.35,29.040806053111336,29.385182898760718,29.385150449381165,17.856411192692104,79.11420067507349,81.47233832428617,185.76800537109375,133.58399963378906,203.62399291992188,133.46099853515625
21.400000000000002,28.87884335632633,29.321966669403796,29.385053287771104,17.86143121513977,79.5161934729431,81.87935126374431,186.1699981689453,133.58399963378906,204.031005859375,133.46099853515625
21.450000000000003,28.737938358907932,29.462979632179927,29.38506049718174,17.870411525665546,79.91620262822974,82.28834908572836,186.57000732421875,133.58399963378906,204.44000244140625,133.46200561523438
21.5,28.641385540246674,29.32293827954377,29.38506049649215,17.879429259885377,80.31518944464189,82.69635384649095,186.968994140625,133.58399963378906,204.84800720214844,133.46200561523438
21.55,28.603010534473654,29.462907535651116,29.38506049615417,17.891422389197867,80.71219261847082,83.1053504286028,187.36599731445312,133.58399963378906,205.2570037841797,133.46200561523438
21.6,28.625365958213187,29.32293828143086,29.385060495555926,17.901416663774405,81.1091957922996,83.51234810928692,187.76300048828125,133.58399963378906,205.66400146484375,133.46200561523438
21.650000000000002,28.70024639449498,29.46290753723288,29.385060495280705,17.911410938808608,81.50819786750066,83.92134469139818,188.16200256347656,133.58399963378906,206.072998046875,133.46200561523438
21.700000000000003,28.812674382451355,29.322938283585643,29.38506049480254,17.920413519506734,81.90720121363981,84.32935065767359,188.56100463867188,133.5850067138672,206.4810028076172,133.46299743652344
21.75,28.944579122147196,29.46290753906265,29.385060494614883,17.928408939916338,82.308202190219,84.73834723978172,188.96200561523438,133.5850067138672,206.88999938964844,133.46299743652344
21.8,29.078066609782983,29.322938286076994,29.385060494292855,17.93240665007885,82.71120206816532,85.14534492047281,189.36500549316406,133.5850067138672,207.2969970703125,133.46299743652344
21.85,29.198270956452415,29.462907541068436,29.392832958523627,17.93640436046906,83.11620084747491,85.55434150257449,189.77000427246094,133.5850067138672,207.70599365234375,133.46299743652344
21.900000000000002,29.289567518596453,29.322938287990773,29.392930120382324,17.93741141720859,83.52319852814581,85.9623462633455,190.177001953125,133.5850067138672,208.11399841308594,133.46299743652344
21.950000000000003,29.329777621153944,29.46290754271923,29.39292291143625,17.93940345140491,83.93019620881171,86.3713440853175,190.58399963378906,133.5850067138672,208.5229949951172,133.46400451660156
22.0,29.311852813758907,29.322938289644892,29.39292291244636,17.93941016862096,84.33719509796921,86.77834176601277,190.99099731445312,133.58599853515625,208.92999267578125,133.46400451660156
22.05,29.250291616855982,29.46290754412683,29.392922913293926,17.94142428230231,84.74419277863596,87.18735360689593,191.3979949951172,133.58599853515625,209.33900451660156,133.46400451660156
22.1,29.15471050226238,29.322938291500737,29.392922914300915,17.94441493570889,85.14919155794043,87.59534310888105,191.80299377441406,133.58599853515625,209.7469940185547,133.46400451660156
22.150000000000002,29.043724448152805,29.462907545565024,29.39292291513413,17.94941970295767,85.55319851595922,88.0043549497623,192.20700073242188,133.58599853515625,210.156005859375,133.46400451660156
22.200000000000003,28.932051728150253,29.322938293063356,29.392922916081904,17.95440249994617,85.95619839389985,88.41234565730501,192.61000061035156,133.58599853515625,210.56399536132812,133.46499633789062
22.25,28.82721798572095,29.462907547007422,29.39292291687638,17.961412937916247,86.35720063506751,88.82035041810707,193.01100158691406,133.58700561523438,210.9720001220703,133.46499633789062
22.3,28.751365847069835,29.322938294551584,29.392922917723844,17.970415415742266,86.75620271026779,89.22835517888473,193.41000366210938,133.58700561523438,211.3800048828125,133.46499633789062
22.35,28.72353772769951,29.462907548390717,29.392922918456073,17.980409692438755,87.15520478546424,89.6373517609735,193.8090057373047,133.58700561523438,211.78900146484375,133.46499633789062
22.400000000000002,28.74906200747596,29.32293829593191,29.392922919250186,17.988420372263164,87.55519868194875,90.04535652175208,194.20899963378906,133.58700561523438,212.19700622558594,133.46499633789062
22.450000000000003,28.812962972221907,29.462907549758903,29.392922919954152,17.997400793429815,87.95420075714699,90.45334726669655,194.60800170898438,133.58700561523438,212.60499572753906,133.46600341796875
22.5,28.904870543815623,29.187542090152032,29.379383300004868,18.003397361667897,88.35520173371603,90.86034494821943,195.00900268554688,133.58700561523438,213.01199340820312,133.46600341796875
22.55,29.008801320461142,28.968375105952855,29.32993005618747,18.004411111033715,88.75820283213649,91.2643519150306,195.41200256347656,133.58799743652344,213.41600036621094,133.46600341796875
22.6,29.11233730085423,28.268680486252215,29.224504275662618,17.998414544100708,89.16120271007482,91.66135509441321,195.81500244140625,133.58799743652344,213.81300354003906,133.46600341796875
22.650000000000002,29.222066818561483,23.885632704705337,28.66677679157665,17.947420859681753,89.56719331066809,92.01635181169955,196.2209930419922,133.58799743652344,214.16799926757812,133.46600341796875
22.700000000000003,29.331147459932474,23.550633896711737,28.089546351941486,17.889423541581472,89.97319917004889,92.36435904223805,196.6269989013672,133.58799743652344,214.51600646972656,133.46600341796875
22.75,29.41210995713127,23.05044179789379,27.448299777030122,17.821410113924202,90.38120393079421,92.70437092393534,197.03500366210938,133.58799743652344,214.8560028076172,133.4669952392578
22.8,29.44627410204644,22.415621573328178,26.75756810490778,17.74442511785851,90.79020175270034,93.03643754365376,197.44400024414062,133.58900451660156,215.18800354003906,133.4669952392578
22.85,29.433746297592307,21.680153919607992,25.979292742029507,17.659428345172383,91.19919833473193,93.36057898360606,197.85299682617188,133.58900451660156,215.51199340820312,133.4669952392578
22.900000000000002,29.378416386521533,20.87736905051867,25.134735817488185,17.565454673777747,91.60819491676615,93.67583281499019,198.26199340820312,133.58900451660156,215.82699584960938,133.4669952392578
22.950000000000003,29.287370550728863,20.031803734420095,24.191625435954304,17.463483798121185,92.01520785622684,93.98117105904826,198.66900634765625,133.58900451660156,216.1320037841797,133.4669952392578
23.0,29.168103541358143,19.380379124237425,23.210909139362844,17.361513547521756,92.421198456824,94.28522961423519,199.0749969482422,133.58900451660156,216.43600463867188,133.4669952392578
23.05,29.030221530707493,18.609064868275393,22.1749781155951,17.2505305737546,92.82520663228455,94.57826506114543,199.47900390625,133.58999633789062,216.72900390625,133.4669952392578
23.1,28.882118783775084,17.87395532090742,21.135505599060618,17.13154222923907,93.22719943014982,94.8612741536568,199.88099670410156,133.58999633789062,217.01199340820312,133.4669952392578
23.150000000000002,28.731169886564704,17.12542885623859,20.459485214213945,17.002556613293095,93.62720858543489,95.13229487431434,200.281005859375,133.58999633789062,217.2830047607422,133.4669952392578
23.200000000000003,28.581951337909207,16.378315578244962,19.742253382367267,16.866572905039938,94.02419650048266,95.39330252233191,200.67799377441406,133.58999633789062,217.54400634765625,133.46800231933594
23.25,28.436869843115375,15.56173674422356,18.993382877000244,16.71857057849213,94.42020785302772,95.64130484692886,201.07400512695312,133.58999633789062,217.79200744628906,133.46800231933594
23.3,28.29488686456999,14.753371144887035,18.22715783415613,16.56157939690155,94.81420504541424,95.87830453376469,201.46800231933594,133.58999633789062,218.0290069580078,133.46800231933594
23.35,28.150490346789635,13.924462065897282,17.45158864878506,16.395592192263287,95.2062046300711,96.1043024630498,201.86000061035156,133.59100341796875,218.2550048828125,133.46800231933594
23.400000000000002,27.99759832073111,13.083115758463096,16.672163319579504,16.21960247977564,95.59519693964309,96.31730012010036,202.24899291992188,133.59100341796875,218.46800231933594,133.46800231933594
23.450000000000003,27.83030562902784,12.224715881330612,15.891454534270554,16.03360266990056,95.98319742792582,96.51929662393023,202.63699340820312,133.59100341796875,218.6699981689453,133.46800231933594
23.5,27.64904656989201,11.338384120559029,15.087255033902712,15.836601152212545,96.36820719355262,96.7073014024205,203.02200317382812,133.59100341796875,218.85800170898438,133.46800231933594
23.55,27.44251380552093,10.455584778488134,14.271907024923987,15.63160397640132,96.75021097773453,96.88430521348153,203.4040069580078,133.59100341796875,219.03500366210938,133.46800231933594
23.6,27.19148640405854,9.562766495456811,13.440788142378926,15.416612417707407,97.12920878047332,97.04830926494613,203.7830047607422,133.59100341796875,219.19900512695312,133.46800231933594
23.650000000000002,26.899201890933863,8.661480298880772,12.594393286643145,15.191634632850029,97.50520190992077,97.19931366085709,204.15899658203125,133.5919952392578,219.35000610351562,133.46800231933594
23.700000000000003,26.568109875767913,7.753684380594644,11.731930166878113,14.959630049291066,97.87521228590998,97.33731852515692,204.5290069580078,133.5919952392578,219.48800659179688,133.46800231933594
23.75,26.204400472908777,6.841206435708955,10.859877136026652,14.718638386716147,98.24120960037993,97.46232402215429,204.89500427246094,133.5919952392578,219.61300659179688,133.46800231933594
23.8,25.81938103429743,5.926073599792927,9.977147381517241,14.470643281404648,98.60220203203951,97.57532212288967,205.25599670410156,133.5919952392578,219.7259979248047,133.46800231933594
23.85,25.422877456914716,5.005354510281795,9.085236625955691,14.21465302304804,98.95719775959704,97.67432962499002,205.61099243164062,133.5919952392578,219.8249969482422,133.46800231933594
23.900000000000002,25.022341570485224,4.082356131445095,8.185160663253892,13.951659466419446,99.30720386312908,97.76134567743429,205.96099853515625,133.5919952392578,219.91200256347656,133.46800231933594
23.950000000000003,24.622488914431905,3.1721017588399514,7.279899251004826,13.680670953669614,99.6511980037663,97.83435684306637,206.30499267578125,133.5919952392578,219.98500061035156,133.46800231933594
24.0,24.223860222503866,0.5809792750068573,6.204158766449609,13.35165385703775,99.99020252037671,97.84618433076197,206.6439971923828,133.5919952392578,219.9949951171875,133.46800231933594
24.05,23.825053019114357,0.8355320276814046,5.242153491368936,13.02063254658966,100.3232103328826,97.85547090888029,206.9770050048828,133.5919952392578,219.9969940185547,133.46800231933594
24.1,23.42268042215261,0.9331903241943512,4.379195874242689,12.695640860735573,100.65119800378494,97.86641223578172,207.30499267578125,133.5919952392578,220.0,133.46800231933594
24.150000000000002,23.008895782928544,0.910328512416056,3.604080695596218,12.377650757112656,100.97320580420036,97.87777837953657,207.6269989013672,133.59300231933594,220.00399780273438,133.4669952392578
24.200000000000003,22.574304091000634,0.805073725650871,2.909219630101841,12.06566223124701,101.28920006689881,97.88808106934246,207.9429931640625,133.59300231933594,220.00799560546875,133.4669952392578
24.25,22.136401053560416,0.6524215322238248,2.290341139753328,11.75867082574605,101.59921288428521,97.89630560038071,208.2530059814453,133.59300231933594,220.01100158691406,133.4669952392578
24.3,21.69557978060311,0.4817614686912923,1.745909926643165,11.459694301206925,101.90220665870206,97.9030987764821,208.55599975585938,133.59300231933594,220.01499938964844,133.4669952392578
24.35,21.190788904372678,0.3159388582793852,1.2769683614429241,11.164716961100222,102.20021080909741,97.90760009153708,208.85400390625,133.59300231933594,220.01800537109375,133.4669952392578
24.400000000000002,20.622419795734228,0.1720624279766992,0.8859389910960846,10.87773471269626,102.48921227395313,97.91007848194707,209.14300537109375,133.59300231933594,220.02000427246094,133.4669952392578
24.450000000000003,19.992601059475987,0.0705014589090252,0.575778961102992,10.59876235316335,102.77020287456149,97.91207761905416,209.4239959716797,133.59300231933594,220.02200317382812,133.4669952392578
24.5,19.30838454402459,0.07202388832246916,0.5248834224345532,10.327769674660807,103.04220604842618,97.91355524915095,209.6959991455078,133.59300231933594,220.0229949951172,133.4669952392578
24.55,18.580895631016283,0.11601882107205747,0.45293210177361853,10.065794781497297,103.30520653675572,97.91557203055537,209.95899963378906,133.59300231933594,220.0240020751953,133.4669952392578
24.6,17.815868551708938,0.14138386381071427,0.3737514557352548,9.814806436677399,103.55621362200685,97.91761576113468,210.2100067138672,133.59300231933594,220.0240020751953,133.4669952392578
24.650000000000002,17.03970298090425,0.14619790931430515,0.2973383954250797,9.57482016803871,103.79721099114424,97.91990179454226,210.4510040283203,133.59300231933594,220.02499389648438,133.4669952392578
24.700000000000003,16.302096424535243,0.13523140569192565,0.23035416342918516,9.342845438592297,104.02821381250759,97.92202312602194,210.6820068359375,133.59300231933594,220.0240020751953,133.4669952392578
24.75,15.615828174732751,0.11404380830057415,0.17651639103686007,9.121858789673805,104.249206856628,97.92388532580851,210.9029998779297,133.59300231933594,220.0240020751953,133.46800231933594
24.8,14.920379839599839,0.08773863389623736,0.1371141075573546,8.910880443046693,104.4602053918122,97.92508405577435,211.11399841308594,133.59300231933594,220.0240020751953,133.46800231933594
24.85,14.229504628520125,0.06049582914285149,0.11156980464370121,8.709896678594383,104.66120942040827,97.92590894377834,211.31500244140625,133.59300231933594,220.0240020751953,133.46800231933594
24.900000000000002,13.518756165910325,0.03539481003675487,0.09790304284970677,8.51690864161862,104.85321076388563,97.92702542116093,211.5070037841797,133.59300231933594,220.0229949951172,133.46800231933594
24.950000000000003,12.787344794642138,0.014586232124866916,0.09231152017129093,8.335928840064279,105.03421052061799,97.9272197801787,211.68800354003906,133.59300231933594,220.0229949951172,133.46800231933594
25.0,12.036888437602137,0.005014841056343747,0.08561061544467839,8.163951516645168,105.206207591742,97.92724694118296,211.86000061035156,133.59300231933594,220.0229949951172,133.46800231933594
25.05,11.273544526265072,0.01420395225904714,0.07542912856337736,8.002990812809912,105.36720613085154,97.92742760518958,212.02099609375,133.593994140625,220.0229949951172,133.46800231933594
25.1,10.50282011075016,0.020393443637639227,0.06333008654606984,7.8530005678176105,105.51721528661241,97.9276988298683,212.17100524902344,133.593994140625,220.0229949951172,133.46800231933594
25.150000000000002,9.727380173712113,0.02277517022142969,0.050987812636782294,7.714042952474926,105.65620759652849,97.92875218987638,212.30999755859375,133.593994140625,220.0229949951172,133.4669952392578
25.200000000000003,8.94866407183191,0.0,0.03746467206758973,7.585062931385877,105.78520539949507,97.92875218987638,212.43899536132812,133.593994140625,220.0229949951172,133.4669952392578
25.25,8.166779946879448,0.0,0.026060291237532313,7.4680751964234275,105.90220979417964,97.92875218987638,212.55599975585938,133.593994140625,220.0229949951172,133.4669952392578
25.3,7.380108183515122,0.0,0.017286427847908577,7.361096265316101,106.00920442318221,97.92875218987638,212.66299438476562,133.593994140625,220.0229949951172,133.4669952392578
25.35,6.783659974783474,0.0,0.011236844933623428,7.2631038482657075,106.10721162545065,97.92875218987638,212.76100158691406,133.593994140625,220.0229949951172,133.4669952392578
25.400000000000002,6.48374437515549,0.0,0.0076973639299479394,7.172114520933425,106.19821504375538,97.92875218987638,212.8520050048828,133.593994140625,220.0229949951172,133.4669952392578
25.450000000000003,6.003252134874669,0.0,0.006238740717461248,7.086129634191064,106.28421357933965,97.92875218987638,212.93800354003906,133.593994140625,220.0229949951172,133.4669952392578
25.5,5.387760265793556,0.0,0.0057372566118268735,7.007147715114044,106.36320833057304,97.92875218987638,213.01699829101562,133.593994140625,220.0229949951172,133.4669952392578
25.55,4.589603943438969,0.0,0.004316861385922159,6.939150573210574,106.43121675346183,97.92875218987638,213.0850067138672,133.593994140625,220.0229949951172,133.4669952392578
25.6,3.723048282649334,0.0,0.0022775170221582364,6.883160273367576,106.4872165093322,97.92875218987638,213.14100646972656,133.593994140625,220.0229949951172,133.4669952392578
25.650000000000002,1.379242838554052,0.0,1.526730131207188e-14,6.848177855298918,106.52220491499752,97.92875218987638,213.17599487304688,133.593994140625,220.0229949951172,133.4669952392578
25.700000000000003,5.806384335551408e-05,0.0,1.526730131207188e-14,6.84317383140785,106.52720985033683,97.92875218987638,213.18099975585938,133.593994140625,220.0229949951172,133.4669952392578
25.75,2.93154899808003e-05,0.0,1.526730131207188e-14,6.843173831109433,106.52721271031204,97.92875218987638,213.18099975585938,133.593994140625,220.0229949951172,133.4669952392578
25.8,2.9160096498770792e-05,0.0,1.526730131207188e-14,6.84317383216969,106.52722282028425,97.92875218987638,213.18099975585938,133.593994140625,220.0229949951172,133.4669952392578
25.85,2.7788494696673588e-05,0.0,1.526730131207188e-14,6.843173833826376,106.5272383403093,97.92875218987638,213.18099975585938,133.593994140625,220.0229949951172,133.4669952392578
25.900000000000002,2.7333004422590323e-05,0.0,1.526730131207188e-14,6.843173835674808,106.52725528025202,97.92875218987638,213.18099975585938,133.593994140625,220.0229949951172,133.4669952392578
25.950000000000003,2.3068955447245155e-05,0.0,1.526730131207188e-14,6.84317383747947,106.52727146023553,97.92875218987638,213.18099975585938,133.593994140625,220.0229949951172,133.4669952392578
26.0,1.8759596372133234e-05,0.0,1.526730131207188e-14,6.843173839120071,106.5272858802522,97.92875218987638,213.18099975585938,133.593994140625,220.0229949951172,133.4669952392578
26.05,1.6294344729845645e-05,0.0,1.526730131207188e-14,6.843173840527165,106.52729804029822,97.92875218987638,213.18099975585938,133.593994140625,220.0229949951172,133.4669952392578
26.1,1.4800477695153719e-06,0.0,1.526730131207188e-14,6.843173841309338,106.5273047203258,97.92875218987638,213.18099975585938,133.593994140625,220.0229949951172,133.4669952392578
26.150000000000002,5.573636269670504e-06,0.0,1.526730131207188e-14,6.843173841718216,106.5273081903173,97.92875218987638,213.18099975585938,133.593994140625,220.0229949951172,133.4669952392578
26.200000000000003,7.653548653630745e-06,0.0,1.526730131207188e-14,6.8431738423009625,106.52731311026163,97.92875218987638,213.18099975585938,133.593994140625,220.0229949951172,133.4669952392578
26.25,8.389375094590596e-06,0.0,1.526730131207188e-14,6.8431738429195335,106.52731830028951,97.92875218987638,213.18099975585938,133.593994140625,220.0229949951172,133.4669952392578
26.3,8.478015078451267e-06,0.0,1.526730131207188e-14,6.843173843501133,106.52732315026823,97.92875218987638,213.18099975585938,133.593994140625,220.0229949951172,133.4669952392578
26.35,7.56014261645925e-06,0.0,1.526730131207188e-14,6.843173844029329,106.5273275302783,97.92875218987638,213.18099975585938,133.593994140625,220.0229949951172,133.4669952392578
26.400000000000002,6.918962036143176e-06,0.0,1.526730131207188e-14,6.843173844469212,106.52733116034086,97.92875218987638,213.18099975585938,133.593994140625,220.0229949951172,133.4669952392578
26.450000000000003,5.79386233752185e-06,0.0,1.526730131207188e-14,6.843173844840289,106.52733421030588,97.92875218987638,213.18099975585938,133.593994140625,220.0229949951172,133.4669952392578
26.5,4.800918547821589e-06,0.0,1.526730131207188e-14,6.8431738451332444,106.52733661032416,97.92875218987638,213.18099975585938,133.593994140625,220.0229949951172,133.4669952392578
26.55,1.129671067718785e-06,0.0,1.526730131207188e-14,6.8431738451332444,106.52733661032416,97.92875218987638,213.18099975585938,133.593994140625,220.0229949951172,133.4669952392578
26.6,1.7402352214143391e-06,0.0,1.526730131207188e-14,6.843173845305735,106.52733802023012,97.92875218987638,213.18099975585938,133.593994140625,220.0229949951172,133.4669952392578
26.650000000000002,2.052310622956058e-06,0.0,1.526730131207188e-14,6.843173845436846,106.52733909031976,97.92875218987638,213.18099975585938,133.593994140625,220.0229949951172,133.4669952392578
26.700000000000003,2.805671609116424e-06,0.0,1.526730131207188e-14,6.843173845568111,106.52734016029298,97.92875218987638,213.18099975585938,133.593994140625,220.0229949951172,133.4669952392578
26.75,4.8594995191959605e-06,0.0,1.526730131207188e-14,6.843173845568111,106.52734016029298,97.92875218987638,213.18099975585938,133.593994140625,220.0229949951172,133.4669952392578
26.8,5.2516410954044366e-06,0.0,1.526730131207188e-14,6.843173845783156,106.5273419102481,97.92875218987638,213.18099975585938,133.593994140625,220.0229949951172,133.4669952392578
26.85,4.408272513573827e-06,0.0,1.526730131207188e-14,6.843173845783156,106.5273419102481,97.92875218987638,213.18099975585938,133.593994140625,220.0229949951172,133.4669952392578
26.900000000000002,4.8233219294243104e-06,0.0,1.526730131207188e-14,6.843173845933346,106.52734313028067,97.92875218987638,213.18099975585938,133.593994140625,220.0229949951172,133.4669952392578
26.950000000000003,3.6742703239989917e-07,0.0,1.526730131207188e-14,6.843173845933346,106.52734313028067,97.92875218987638,213.18099975585938,133.593994140625,220.0229949951172,133.4669952392578
27.0,9.317958049620971e-07,0.0,1.526730131207188e-14,6.843173845933346,106.52734313028067,97.92875218987638,213.18099975585938,133.593994140625,220.0229949951172,133.4669952392578
27.05,8.154654299031166e-07,0.0,1.526730131207188e-14,6.843173845933346,106.52734313028067,97.92875218987638,213.18099975585938,133.593994140625,220.0229949951172,133.4669952392578
27.1,1.3397020310164002e-06,0.0,1.526730131207188e-14,6.843173845933346,106.52734313028067,97.92875218987638,213.18099975585938,133.593994140625,220.0229949951172,133.4669952392578
27.150000000000002,1.2745228509949678e-06,0.0,1.526730131207188e-14,6.843173846060316,106.52734416032344,97.92875218987638,213.18099975585938,133.593994140625,220.0229949951172,133.4669952392578
27.200000000000003,2.4828900905804927e-06,0.0,1.526730131207188e-14,6.843173846060316,106.52734416032344,97.92875218987638,213.18099975585938,133.593994140625,220.0229949951172,133.4669952392578
27.25,3.6780949562495926e-06,0.0,1.526730131207188e-14,6.843173846060316,106.52734416032344,97.92875218987638,213.18099975585938,133.593994140625,220.0229949951172,133.4669952392578
27.3,3.060190152007948e-06,0.0,1.526730131207188e-14,6.843173846060316,106.52734416032344,97.92875218987638,213.18099975585938,133.593994140625,220.0229949951172,133.4669952392578
27.35,0.0,0.0,1.526730131207188e-14,6.843173846060316,106.52734416032344,97.92875218987638,213.18099975585938,133.593994140625,220.0229949951172,133.4669952392578
27.400000000000002,2.026037997613892e-06,0.0,1.526730131207188e-14,6.843173846060316,106.52734416032344,97.92875218987638,213.18099975585938,133.593994140625,220.0229949951172,133.4669952392578
27.450000000000003,7.926950652316481e-07,0.0,1.526730131207188e-14,6.843173846060316,106.52734416032344,97.92875218987638,213.18099975585938,133.593994140625,220.0229949951172,133.4669952392578
27.5,1.515409452040323e-06,0.0,1.526730131207188e-14,6.843173846060316,106.52734416032344,97.92875218987638,213.18099975585938,133.593994140625,220.0229949951172,133.4669952392578
27.55,2.7499601075537602e-06,0.0,1.526730131207188e-14,6.843173846060316,106.52734416032344,97.92875218987638,213.18099975585938,133.593994140625,220.0229949951172,133.4669952392578
27.6,2.1989697104833196e-06,0.0,1.526730131207188e-14,6.843173846060316,106.52734416032344,97.92875218987638,213.18099975585938,133.593994140625,220.0229949951172,133.4669952392578
27.650000000000002,4.119696975773591e-06,0.0,1.526730131207188e-14,6.843173846060316,106.52734416032344,97.92875218987638,213.18099975585938,133.593994140625,220.0229949951172,133.4669952392578
27.700000000000003,5.5272999922899686e-06,0.0,1.526730131207188e-14,6.843173846060316,106.52734416032344,97.92875218987638,213.18099975585938,133.593994140625,220.0229949951172,133.4669952392578
27.75,4.188307872786868e-06,0.0,1.526730131207188e-14,6.843173846060316,106.52734416032344,97.92875218987638,213.18099975585938,133.593994140625,220.0229949951172,133.4669952392578
27.8,4.120211471209085e-07,0.0,1.526730131207188e-14,6.843173846060316,106.52734416032344,97.92875218987638,213.18099975585938,133.593994140625,220.0229949951172,133.4669952392578
27.85,4.476912415978872e-07,0.0,1.526730131207188e-14,6.843173846060316,106.52734416032344,97.92875218987638,213.18099975585938,133.593994140625,220.0229949951172,133.4669952392578
27.900000000000002,3.05596726344296e-06,0.0,1.526730131207188e-14,6.843173846060316,106.52734416032344,97.92875218987638,213.18099975585938,133.593994140625,220.0229949951172,133.4669952392578
27.950000000000003,3.879471157372582e-06,0.0,1.526730131207188e-14,6.843173846060316,106.52734416032344,97.92875218987638,213.18099975585938,133.593994140625,220.0229949951172,133.4669952392578
28.0,5.286640716876815e-06,0.0,1.526730131207188e-14,6.843173846060316,106.52734416032344,97.92875218987638,213.18099975585938,133.593994140625,220.0229949951172,133.4669952392578
28.05,5.389642276412355e-06,0.0,1.526730131207188e-14,6.843173846060316,106.52734416032344,97.92875218987638,213.18099975585938,133.593994140625,220.0229949951172,133.4669952392578
28.1,6.145147527676029e-06,0.0,1.526730131207188e-14,6.843173846060316,106.52734416032344,97.92875218987638,213.18099975585938,133.593994140625,220.0229949951172,133.4669952392578
28.150000000000002,5.527068943498223e-06,0.0,1.526730131207188e-14,6.843173846060316,106.52734416032344,97.92875218987638,213.18099975585938,133.593994140625,220.0229949951172,133.4669952392578
28.200000000000003,1.3731629240283525e-07,0.0,1.526730131207188e-14,6.843173846060316,106.52734416032344,97.92875218987638,213.18099975585938,133.593994140625,220.0229949951172,133.4669952392578
28.25,8.24041640909052e-07,0.0,1.526730131207188e-14,6.843173846060316,106.52734416032344,97.92875218987638,213.18099975585938,133.593994140625,220.0229949951172,133.4669952392578
28.3,1.512433885732393e-06,0.0,1.526730131207188e-14,6.843173846060316,106.52734416032344,97.92875218987638,213.18099975585938,133.593994140625,220.0229949951172,133.4669952392578
28.35,2.09589372560124e-06,0.0,1.526730131207188e-14,6.843173846060316,106.52734416032344,97.92875218987638,213.18099975585938,133.593994140625,220.0229949951172,133.4669952392578
28.400000000000002,1.9936157707159454e-06,0.0,1.526730131207188e-14,6.843173846060316,106.52734416032344,97.92875218987638,213.18099975585938,133.593994140625,220.0229949951172,133.4669952392578
28.450000000000003,1.9225289106817403e-06,0.0,1.526730131207188e-14,6.843173846060316,106.52734416032344,97.92875218987638,213.18099975585938,133.593994140625,220.0229949951172,133.4669952392578
28.5,2.6089983373868752e-06,0.0,1.526730131207188e-14,6.843173846060316,106.52734416032344,97.92875218987638,213.18099975585938,133.593994140625,220.0229949951172,133.4669952392578
28.55,3.2956150318845424e-06,0.0,1.526730131207188e-14,6.843173846060316,106.52734416032344,97.92875218987638,213.18099975585938,133.593994140625,220.0229949951172,133.4669952392578
28.6,3.844974175467677e-06,0.0,1.526730131207188e-14,6.843173846060316,106.52734416032344,97.92875218987638,213.18099975585938,133.593994140625,220.0229949951172,133.4669952392578
28.650000000000002,4.12011160159216e-07,0.0,1.526730131207188e-14,6.843173846060316,106.52734416032344,97.92875218987638,213.18099975585938,133.593994140625,220.0229949951172,133.4669952392578
28.700000000000003,9.270241423477621e-07,0.0,1.526730131207188e-14,6.843173846060316,106.52734416032344,97.92875218987638,213.18099975585938,133.593994140625,220.0229949951172,133.4669952392578
28.75,1.441991896331191e-06,0.0,1.526730131207188e-14,6.843173846060316,106.52734416032344,97.92875218987638,213.18099975585938,133.593994140625,220.0229949951172,133.4669952392578
28.8,1.9569610204928505e-06,0.0,1.526730131207188e-14,6.843173846060316,106.52734416032344,97.92875218987638,213.18099975585938,133.593994140625,220.0229949951172,133.4669952392578
28.85,2.4718811825250848e-06,0.0,1.526730131207188e-14,6.843173846060316,106.52734416032344,97.92875218987638,213.18099975585938,133.593994140625,220.0229949951172,133.4669952392578
28.900000000000002,3.055985500994805e-06,0.0,1.526730131207188e-14,6.843173846060316,106.52734416032344,97.92875218987638,213.18099975585938,133.593994140625,220.0229949951172,133.4669952392578
28.950000000000003,3.6732116190203624e-06,0.0,1.526730131207188e-14,6.843173846060316,106.52734416032344,97.92875218987638,213.18099975585938,133.593994140625,220.0229949951172,133.4669952392578
29.0,4.291134765275271e-06,0.0,1.526730131207188e-14,6.843173846060316,106.52734416032344,97.92875218987638,213.18099975585938,133.593994140625,220.0229949951172,133.4669952392578
29.05,2.0597360826270928e-07,0.0,1.526730131207188e-14,6.843173846060316,106.52734416032344,97.92875218987638,213.18099975585938,133.593994140625,220.0229949951172,133.4669952392578
29.1,7.209136062710845e-07,0.0,1.526730131207188e-14,6.843173846060316,106.52734416032344,97.92875218987638,213.18099975585938,133.593994140625,220.0229949951172,133.4669952392578
29.150000000000002,1.3388259528340085e-06,0.0,1.526730131207188e-14,6.843173846060316,106.52734416032344,97.92875218987638,213.18099975585938,133.593994140625,220.0229949951172,133.4669952392578
29.200000000000003,1.991078116413517e-06,0.0,1.526730131207188e-14,6.843173846060316,106.52734416032344,97.92875218987638,213.18099975585938,133.593994140625,220.0229949951172,133.4669952392578
29.25,2.574670363499134e-06,0.0,1.526730131207188e-14,6.843173846060316,106.52734416032344,97.92875218987638,213.18099975585938,133.593994140625,220.0229949951172,133.4669952392578
29.3,3.089597993192818e-06,0.0,1.526730131207188e-14,6.843173846060316,106.52734416032344,97.92875218987638,213.18099975585938,133.593994140625,220.0229949951172,133.4669952392578
29.35,3.604536297269235e-06,0.0,1.526730131207188e-14,6.843173846060316,106.52734416032344,97.92875218987638,213.18099975585938,133.593994140625,220.0229949951172,133.4669952392578
29.400000000000002,4.11944413729868e-06,0.0,1.526730131207188e-14,6.843173846060316,106.52734416032344,97.92875218987638,213.18099975585938,133.593994140625,220.0229949951172,133.4669952392578
29.450000000000003,0.0,0.0,1.526730131207188e-14,6.843173846060316,106.52734416032344,97.92875218987638,213.18099975585938,133.593994140625,220.0229949951172,133.4669952392578
29.5,6.522593573292887e-07,0.0,1.526730131207188e-14,6.843173846060316,106.52734416032344,97.92875218987638,213.18099975585938,133.593994140625,220.0229949951172,133.4669952392578
29.55,1.167184959084762e-06,0.0,1.526730131207188e-14,6.843173846060316,106.52734416032344,97.92875218987638,213.18099975585938,133.593994140625,220.0229949951172,133.4669952392578
29.6,1.7851044061834232e-06,0.0,1.526730131207188e-14,6.843173846060316,106.52734416032344,97.92875218987638,213.18099975585938,133.593994140625,220.0229949951172,133.4669952392578
29.650000000000002,2.3686911976743704e-06,0.0,1.526730131207188e-14,6.843173846060316,106.52734416032344,97.92875218987638,213.18099975585938,133.593994140625,220.0229949951172,133.4669952392578
29.700000000000003,3.020936729272779e-06,0.0,1.526730131207188e-14,6.843173846060316,106.52734416032344,97.92875218987638,213.18099975585938,133.593994140625,220.0229949951172,133.4669952392578
29.75,3.604537870731068e-06,0.0,1.526730131207188e-14,6.843173846060316,106.52734416032344,97.92875218987638,213.18099975585938,133.593994140625,220.0229949951172,133.4669952392578
29.8,4.119444065171367e-06,0.0,1.526730131207188e-14,6.843173846060316,106.52734416032344,97.92875218987638,213.18099975585938,133.593994140625,220.0229949951172,133.4669952392578
29.85,4.6687321691928304e-06,0.0,1.526730131207188e-14,6.843173846060316,106.52734416032344,97.92875218987638,213.18099975585938,133.593994140625,220.0229949951172,133.4669952392578
29.900000000000002,3.089615322084983e-07,0.0,1.526730131207188e-14,6.843173846060316,106.52734416032344,97.92875218987638,213.18099975585938,133.593994140625,220.0229949951172,133.4669952392578
29.950000000000003,9.955371758903283e-07,0.0,1.526730131207188e-14,6.843173846060316,106.52734416032344,97.92875218987638,213.18099975585938,133.593994140625,220.0229949951172,133.4669952392578
30.0,1.5791256010321892e-06,0.0,1.526730131207188e-14,6.843173846060316,106.52734416032344,97.92875218987638,213.18099975585938,133.593994140625,220.0229949951172,133.4669952392578
30.05,2.094059085307385e-06,0.0,1.526730131207188e-14,6.843173846060316,106.52734416032344,97.92875218987638,213.18099975585938,133.593994140625,220.0229949951172,133.4669952392578
30.1,2.7119774995260577e-06,0.0,1.526730131207188e-14,6.843173846060316,106.52734416032344,97.92875218987638,213.18099975585938,133.593994140625,220.0229949951172,133.4669952392578
30.150000000000002,3.2269103661114535e-06,0.0,1.526730131207188e-14,6.843173846060316,106.52734416032344,97.92875218987638,213.18099975585938,133.593994140625,220.0229949951172,133.4669952392578
30.200000000000003,3.879144044780167e-06,0.0,1.526730131207188e-14,6.843173846060316,106.52734416032344,97.92875218987638,213.18099975585938,133.593994140625,220.0229949951172,133.4669952392578
30.25,4.5657362518247565e-06,0.0,1.526730131207188e-14,6.843173846060316,106.52734416032344,97.92875218987638,213.18099975585938,133.593994140625,220.0229949951172,133.4669952392578
30.3,1.0298664813423725e-07,0.0,1.526730131207188e-14,6.843173846060316,106.52734416032344,97.92875218987638,213.18099975585938,133.593994140625,220.0229949951172,133.4669952392578
30.35,6.522486846092498e-07,0.0,1.526730131207188e-14,6.843173846060316,106.52734416032344,97.92875218987638,213.18099975585938,133.593994140625,220.0229949951172,133.4669952392578
30.400000000000002,1.3044985266664774e-06,0.0,1.526730131207188e-14,6.843173846060316,106.52734416032344,97.92875218987638,213.18099975585938,133.593994140625,220.0229949951172,133.4669952392578
30.450000000000003,1.9224165740422472e-06,0.0,1.526730131207188e-14,6.843173846060316,106.52734416032344,97.92875218987638,213.18099975585938,133.593994140625,220.0229949951172,133.4669952392578
30.5,2.5746633156817346e-06,0.0,1.526730131207188e-14,6.843173846060316,106.52734416032344,97.92875218987638,213.18099975585938,133.593994140625,220.0229949951172,133.4669952392578
30.55,3.0895955007377714e-06,0.0,1.526730131207188e-14,6.843173846060316,106.52734416032344,97.92875218987638,213.18099975585938,133.593994140625,220.0229949951172,133.4669952392578
30.6,3.6045368187061357e-06,0.0,1.526730131207188e-14,6.843173846060316,106.52734416032344,97.92875218987638,213.18099975585938,133.593994140625,220.0229949951172,133.4669952392578
30.650000000000002,4.2567846384557825e-06,0.0,1.526730131207188e-14,6.843173846060316,106.52734416032344,97.92875218987638,213.18099975585938,133.593994140625,220.0229949951172,133.4669952392578
30.700000000000003,4.874688952151123e-06,0.0,1.526730131207188e-14,6.843173846060316,106.52734416032344,97.92875218987638,213.18099975585938,133.593994140625,220.0229949951172,133.4669952392578
30.75,4.806055912141107e-07,0.0,1.526730131207188e-14,6.843173846060316,106.52734416032344,97.92875218987638,213.18099975585938,133.593994140625,220.0229949951172,133.4669952392578
30.8,1.0298693197397343e-06,0.0,1.526730131207188e-14,6.843173846060316,106.52734416032344,97.92875218987638,213.18099975585938,133.593994140625,220.0229949951172,133.4669952392578
30.85,1.716442051760779e-06,0.0,1.526730131207188e-14,6.843173846060316,106.52734416032344,97.92875218987638,213.18099975585938,133.593994140625,220.0229949951172,133.4669952392578
30.900000000000002,2.3000346774311016e-06,0.0,1.526730131207188e-14,6.843173846060316,106.52734416032344,97.92875218987638,213.18099975585938,133.593994140625,220.0229949951172,133.4669952392578
30.950000000000003,2.9522808938235203e-06,0.0,1.526730131207188e-14,6.843173846060316,106.52734416032344,97.92875218987638,213.18099975585938,133.593994140625,220.0229949951172,133.4669952392578
31.0,3.4672144457516674e-06,0.0,1.526730131207188e-14,6.843173846060316,106.52734416032344,97.92875218987638,213.18099975585938,133.593994140625,220.0229949951172,133.4669952392578
31.05,4.119444186823825e-06,0.0,1.526730131207188e-14,6.843173846060316,106.52734416032344,97.92875218987638,213.18099975585938,133.593994140625,220.0229949951172,133.4669952392578
31.1,4.634387881085971e-06,0.0,1.526730131207188e-14,6.843173846060316,106.52734416032344,97.92875218987638,213.18099975585938,133.593994140625,220.0229949951172,133.4669952392578
31.150000000000002,2.4030380825354777e-07,0.0,1.526730131207188e-14,6.843173846060316,106.52734416032344,97.92875218987638,213.18099975585938,133.593994140625,220.0229949951172,133.4669952392578
31.200000000000003,7.895644178295524e-07,0.0,1.526730131207188e-14,6.843173846060316,106.52734416032344,97.92875218987638,213.18099975585938,133.593994140625,220.0229949951172,133.4669952392578
31.25,1.3044963501153515e-06,0.0,1.526730131207188e-14,6.843173846060316,106.52734416032344,97.92875218987638,213.18099975585938,133.593994140625,220.0229949951172,133.4669952392578
31.3,1.922414825407544e-06,0.0,1.526730131207188e-14,6.843173846060316,106.52734416032344,97.92875218987638,213.18099975585938,133.593994140625,220.0229949951172,133.4669952392578
31.35,2.6089920237621796e-06,0.0,1.526730131207188e-14,6.843173846060316,106.52734416032344,97.92875218987638,213.18099975585938,133.593994140625,220.0229949951172,133.4669952392578
31.400000000000002,3.1582569712875696e-06,0.0,1.526730131207188e-14,6.843173846060316,106.52734416032344,97.92875218987638,213.18099975585938,133.593994140625,220.0229949951172,133.4669952392578
31.450000000000003,3.74184034999433e-06,0.0,1.526730131207188e-14,6.843173846060316,106.52734416032344,97.92875218987638,213.18099975585938,133.593994140625,220.0229949951172,133.4669952392578
31.5,4.325436272720542e-06,0.0,1.526730131207188e-14,6.843173846060316,106.52734416032344,97.92875218987638,213.18099975585938,133.593994140625,220.0229949951172,133.4669952392578
31.55,0.0,0.0,1.526730131207188e-14,6.843173846060316,106.52734416032344,97.92875218987638,213.18099975585938,133.593994140625,220.0229949951172,133.4669952392578
31.6,5.492630667438006e-07,0.0,1.526730131207188e-14,6.843173846060316,106.52734416032344,97.92875218987638,213.18099975585938,133.593994140625,220.0229949951172,133.4669952392578
31.650000000000002,1.0985219904939372e-06,0.0,1.526730131207188e-14,6.843173846060316,106.52734416032344,97.92875218987638,213.18099975585938,133.593994140625,220.0229949951172,133.4669952392578
31.700000000000003,1.6477848446135278e-06,0.0,1.526730131207188e-14,6.843173846060316,106.52734416032344,97.92875218987638,213.18099975585938,133.593994140625,220.0229949951172,133.4669952392578
31.75,2.2657045523792753e-06,0.0,1.526730131207188e-14,6.843173846060316,106.52734416032344,97.92875218987638,213.18099975585938,133.593994140625,220.0229949951172,133.4669952392578
31.8,2.849293427399246e-06,0.0,1.526730131207188e-14,6.843173846060316,106.52734416032344,97.92875218987638,213.18099975585938,133.593994140625,220.0229949951172,133.4669952392578
31.85,3.4672140083498314e-06,0.0,1.526730131207188e-14,6.843173846060316,106.52734416032344,97.92875218987638,213.18099975585938,133.593994140625,220.0229949951172,133.4669952392578
31.900000000000002,4.153788448105004e-06,0.0,1.526730131207188e-14,6.843173846060316,106.52734416032344,97.92875218987638,213.18099975585938,133.593994140625,220.0229949951172,133.4669952392578
31.950000000000003,4.668733849767909e-06,0.0,1.526730131207188e-14,6.843173846060316,106.52734416032344,97.92875218987638,213.18099975585938,133.593994140625,220.0229949951172,133.4669952392578
32.0,3.776225569661011e-07,0.0,1.526730131207188e-14,6.843173846060316,106.52734416032344,97.92875218987638,213.18099975585938,133.593994140625,220.0229949951172,133.4669952392578
32.050000000000004,8.925518215869717e-07,0.0,1.526730131207188e-14,6.843173846060316,106.52734416032344,97.92875218987638,213.18099975585938,133.593994140625,220.0229949951172,133.4669952392578
32.1,1.5104707997550765e-06,0.0,1.526730131207188e-14,6.843173846060316,106.52734416032344,97.92875218987638,213.18099975585938,133.593994140625,220.0229949951172,133.4669952392578
32.15,2.0597302729834803e-06,0.0,1.526730131207188e-14,6.843173846060316,106.52734416032344,97.92875218987638,213.18099975585938,133.593994140625,220.0229949951172,133.4669952392578
32.2,2.677651784884918e-06,0.0,1.526730131207188e-14,6.843173846060316,106.52734416032344,97.92875218987638,213.18099975585938,133.593994140625,220.0229949951172,133.4669952392578
32.25,3.329899311069605e-06,0.0,1.526730131207188e-14,6.843173846060316,106.52734416032344,97.92875218987638,213.18099975585938,133.593994140625,220.0229949951172,133.4669952392578
32.300000000000004,3.913488797685991e-06,0.0,1.526730131207188e-14,6.843173846060316,106.52734416032344,97.92875218987638,213.18099975585938,133.593994140625,220.0229949951172,133.4669952392578
32.35,4.462740428537681e-06,0.0,1.526730131207188e-14,6.843173846060316,106.52734416032344,97.92875218987638,213.18099975585938,133.593994140625,220.0229949951172,133.4669952392578
32.4,1.0298672414396885e-07,0.0,1.526730131207188e-14,6.843173846060316,106.52734416032344,97.92875218987638,213.18099975585938,133.593994140625,220.0229949951172,133.4669952392578
32.45,6.522483198194659e-07,0.0,1.526730131207188e-14,6.843173846060316,106.52734416032344,97.92875218987638,213.18099975585938,133.593994140625,220.0229949951172,133.4669952392578
32.5,1.2701668116181726e-06,0.0,1.526730131207188e-14,6.843173846060316,106.52734416032344,97.92875218987638,213.18099975585938,133.593994140625,220.0229949951172,133.4669952392578
32.550000000000004,1.8880867448081753e-06,0.0,1.526730131207188e-14,6.843173846060316,106.52734416032344,97.92875218987638,213.18099975585938,133.593994140625,220.0229949951172,133.4669952392578
32.6,2.437348457499524e-06,0.0,1.526730131207188e-14,6.843173846060316,106.52734416032344,97.92875218987638,213.18099975585938,133.593994140625,220.0229949951172,133.4669952392578
32.65,2.986610820536339e-06,0.0,1.526730131207188e-14,6.843173846060316,106.52734416032344,97.92875218987638,213.18099975585938,133.593994140625,220.0229949951172,133.4669952392578
32.7,3.5701992242776327e-06,0.0,1.526730131207188e-14,6.843173846060316,106.52734416032344,97.92875218987638,213.18099975585938,133.593994140625,220.0229949951172,133.4669952392578
32.75,4.153788107348157e-06,0.0,1.526730131207188e-14,6.843173846060316,106.52734416032344,97.92875218987638,213.18099975585938,133.593994140625,220.0229949951172,133.4669952392578
32.800000000000004,4.668731940374629e-06,0.0,1.526730131207188e-14,6.843173846060316,106.52734416032344,97.92875218987638,213.18099975585938,133.593994140625,220.0229949951172,133.4669952392578
32.85,4.4627401278792046e-07,0.0,1.526730131207188e-14,6.843173846060316,106.52734416032344,97.92875218987638,213.18099975585938,133.593994140625,220.0229949951172,133.4669952392578
32.9,9.955369260235606e-07,0.0,1.526730131207188e-14,6.843173846060316,106.52734416032344,97.92875218987638,213.18099975585938,133.593994140625,220.0229949951172,133.4669952392578
32.95,1.5791258998466464e-06,0.0,1.526730131207188e-14,6.843173846060316,106.52734416032344,97.92875218987638,213.18099975585938,133.593994140625,220.0229949951172,133.4669952392578
33.0,2.2657031225736546e-06,0.0,1.526730131207188e-14,6.843173846060316,106.52734416032344,97.92875218987638,213.18099975585938,133.593994140625,220.0229949951172,133.4669952392578
33.050000000000004,2.9179514381885416e-06,0.0,1.526730131207188e-14,6.843173846060316,106.52734416032344,97.92875218987638,213.18099975585938,133.593994140625,220.0229949951172,133.4669952392578
33.1,3.4672139634774157e-06,0.0,1.526730131207188e-14,6.843173846060316,106.52734416032344,97.92875218987638,213.18099975585938,133.593994140625,220.0229949951172,133.4669952392578
33.15,3.982140774397523e-06,0.0,1.526730131207188e-14,6.843173846060316,106.52734416032344,97.92875218987638,213.18099975585938,133.593994140625,220.0229949951172,133.4669952392578
33.2,4.634388399250257e-06,0.0,1.526730131207188e-14,6.843173846060316,106.52734416032344,97.92875218987638,213.18099975585938,133.593994140625,220.0229949951172,133.4669952392578
33.25,2.0597360826270928e-07,0.0,1.526730131207188e-14,6.843173846060316,106.52734416032344,97.92875218987638,213.18099975585938,133.593994140625,220.0229949951172,133.4669952392578
33.300000000000004,7.552347521833464e-07,0.0,1.526730131207188e-14,6.843173846060316,106.52734416032344,97.92875218987638,213.18099975585938,133.593994140625,220.0229949951172,133.4669952392578
33.35,1.4074855106607431e-06,0.0,1.526730131207188e-14,6.843173846060316,106.52734416032344,97.92875218987638,213.18099975585938,133.593994140625,220.0229949951172,133.4669952392578
33.4,2.0254057102028317e-06,0.0,1.526730131207188e-14,6.843173846060316,106.52734416032344,97.92875218987638,213.18099975585938,133.593994140625,220.0229949951172,133.4669952392578
33.45,2.677651160067164e-06,0.0,1.526730131207188e-14,6.843173846060316,106.52734416032344,97.92875218987638,213.18099975585938,133.593994140625,220.0229949951172,133.4669952392578
33.5,3.261240788922159e-06,0.0,1.526730131207188e-14,6.843173846060316,106.52734416032344,97.92875218987638,213.18099975585938,133.593994140625,220.0229949951172,133.4669952392578
33.550000000000004,3.844837187373515e-06,0.0,1.526730131207188e-14,6.843173846060316,106.52734416032344,97.92875218987638,213.18099975585938,133.593994140625,220.0229949951172,133.4669952392578
33.6,4.428432836331658e-06,0.0,1.526730131207188e-14,6.843173846060316,106.52734416032344,97.92875218987638,213.18099975585938,133.593994140625,220.0229949951172,133.4669952392578
33.65,0.0,0.0,1.526730131207188e-14,6.843173846060316,106.52734416032344,97.92875218987638,213.18099975585938,133.593994140625,220.0229949951172,133.4669952392578
33.7,6.179228440458362e-07,0.0,1.526730131207188e-14,6.843173846060316,106.52734416032344,97.92875218987638,213.18099975585938,133.593994140625,220.0229949951172,133.4669952392578
33.75,1.1328515889619996e-06,0.0,1.526730131207188e-14,6.843173846060316,106.52734416032344,97.92875218987638,213.18099975585938,133.593994140625,220.0229949951172,133.4669952392578
33.800000000000004,1.7164405048676626e-06,0.0,1.526730131207188e-14,6.843173846060316,106.52734416032344,97.92875218987638,213.18099975585938,133.593994140625,220.0229949951172,133.4669952392578
33.85,2.3686884409654455e-06,0.0,1.526730131207188e-14,6.843173846060316,106.52734416032344,97.92875218987638,213.18099975585938,133.593994140625,220.0229949951172,133.4669952392578
33.9,2.8836220676206125e-06,0.0,1.526730131207188e-14,6.843173846060316,106.52734416032344,97.92875218987638,213.18099975585938,133.593994140625,220.0229949951172,133.4669952392578
33.95,3.4672140796421085e-06,0.0,1.526730131207188e-14,6.843173846060316,106.52734416032344,97.92875218987638,213.18099975585938,133.593994140625,220.0229949951172,133.4669952392578
34.0,4.050792267052347e-06,0.0,1.526730131207188e-14,6.843173846060316,106.52734416032344,97.92875218987638,213.18099975585938,133.593994140625,220.0229949951172,133.4669952392578
34.050000000000004,4.565736211969615e-06,0.0,1.526730131207188e-14,6.843173846060316,106.52734416032344,97.92875218987638,213.18099975585938,133.593994140625,220.0229949951172,133.4669952392578
34.1,3.7762331646594184e-07,0.0,1.526730131207188e-14,6.843173846060316,106.52734416032344,97.92875218987638,213.18099975585938,133.593994140625,220.0229949951172,133.4669952392578
34.15,8.925522396455149e-07,0.0,1.526730131207188e-14,6.843173846060316,106.52734416032344,97.92875218987638,213.18099975585938,133.593994140625,220.0229949951172,133.4669952392578
34.2,1.4074819895033564e-06,0.0,1.526730131207188e-14,6.843173846060316,106.52734416032344,97.92875218987638,213.18099975585938,133.593994140625,220.0229949951172,133.4669952392578
34.25,2.059729326866833e-06,0.0,1.526730131207188e-14,6.843173846060316,106.52734416032344,97.92875218987638,213.18099975585938,133.593994140625,220.0229949951172,133.4669952392578
34.300000000000004,2.7463082052184382e-06,0.0,1.526730131207188e-14,6.843173846060316,106.52734416032344,97.92875218987638,213.18099975585938,133.593994140625,220.0229949951172,133.4669952392578
34.35,3.3299005095903643e-06,0.0,1.526730131207188e-14,6.843173846060316,106.52734416032344,97.92875218987638,213.18099975585938,133.593994140625,220.0229949951172,133.4669952392578
34.4,3.913488769948798e-06,0.0,1.526730131207188e-14,6.843173846060316,106.52734416032344,97.92875218987638,213.18099975585938,133.593994140625,220.0229949951172,133.4669952392578
34.45,4.462740432036472e-06,0.0,1.526730131207188e-14,6.843173846060316,106.52734416032344,97.92875218987638,213.18099975585938,133.593994140625,220.0229949951172,133.4669952392578
34.5,1.0298672414396885e-07,0.0,1.526730131207188e-14,6.843173846060316,106.52734416032344,97.92875218987638,213.18099975585938,133.593994140625,220.0229949951172,133.4669952392578
34.550000000000004,6.522482814167331e-07,0.0,1.526730131207188e-14,6.843173846060316,106.52734416032344,97.92875218987638,213.18099975585938,133.593994140625,220.0229949951172,133.4669952392578
34.6,1.1671812834374751e-06,0.0,1.526730131207188e-14,6.843173846060316,106.52734416032344,97.92875218987638,213.18099975585938,133.593994140625,220.0229949951172,133.4669952392578
34.65,1.7507709611166998e-06,0.0,1.526730131207188e-14,6.843173846060316,106.52734416032344,97.92875218987638,213.18099975585938,133.593994140625,220.0229949951172,133.4669952392578
34.7,2.334363690857348e-06,0.0,1.526730131207188e-14,6.843173846060316,106.52734416032344,97.92875218987638,213.18099975585938,133.593994140625,220.0229949951172,133.4669952392578
34.75,2.9866106973744018e-06,0.0,1.526730131207188e-14,6.843173846060316,106.52734416032344,97.92875218987638,213.18099975585938,133.593994140625,220.0229949951172,133.4669952392578
34.800000000000004,3.638844298665068e-06,0.0,1.526730131207188e-14,6.843173846060316,106.52734416032344,97.92875218987638,213.18099975585938,133.593994140625,220.0229949951172,133.4669952392578
34.85,4.188132633735348e-06,0.0,1.526730131207188e-14,6.843173846060316,106.52734416032344,97.92875218987638,213.18099975585938,133.593994140625,220.0229949951172,133.4669952392578
34.9,4.737384374355339e-06,0.0,1.526730131207188e-14,6.843173846060316,106.52734416032344,97.92875218987638,213.18099975585938,133.593994140625,220.0229949951172,133.4669952392578
34.95,4.46273982688465e-07,0.0,1.526730131207188e-14,6.843173846060316,106.52734416032344,97.92875218987638,213.18099975585938,133.593994140625,220.0229949951172,133.4669952392578
35.0,9.955369840043706e-07,0.0,1.526730131207188e-14,6.843173846060316,106.52734416032344,97.92875218987638,213.18099975585938,133.593994140625,220.0229949951172,133.4669952392578
35.050000000000004,1.5447999211069623e-06,0.0,1.526730131207188e-14,6.843173846060316,106.52734416032344,97.92875218987638,213.18099975585938,133.593994140625,220.0229949951172,133.4669952392578
35.1,2.09405952826545e-06,0.0,1.526730131207188e-14,6.843173846060316,106.52734416032344,97.92875218987638,213.18099975585938,133.593994140625,220.0229949951172,133.4669952392578
35.15,2.746307944754427e-06,0.0,1.526730131207188e-14,6.843173846060316,106.52734416032344,97.92875218987638,213.18099975585938,133.593994140625,220.0229949951172,133.4669952392578
35.2,3.3985558498533973e-06,0.0,1.526730131207188e-14,6.843173846060316,106.52734416032344,97.92875218987638,213.18099975585938,133.593994140625,220.0229949951172,133.4669952392578
35.25,4.050792944961242e-06,0.0,1.526730131207188e-14,6.843173846060316,106.52734416032344,97.92875218987638,213.18099975585938,133.593994140625,220.0229949951172,133.4669952392578
35.300000000000004,4.600081728212157e-06,0.0,1.526730131207188e-14,6.843173846060316,106.52734416032344,97.92875218987638,213.18099975585938,133.593994140625,220.0229949951172,133.4669952392578
35.35,2.4030380825354777e-07,0.0,1.526730131207188e-14,6.843173846060316,106.52734416032344,97.92875218987638,213.18099975585938,133.593994140625,220.0229949951172,133.4669952392578
35.4,7.552332358776066e-07,0.0,1.526730131207188e-14,6.843173846060316,106.52734416032344,97.92875218987638,213.18099975585938,133.593994140625,220.0229949951172,133.4669952392578
35.45,1.33882571643167e-06,0.0,1.526730131207188e-14,6.843173846060316,106.52734416032344,97.92875218987638,213.18099975585938,133.593994140625,220.0229949951172,133.4669952392578
35.5,1.9224164380384707e-06,0.0,1.526730131207188e-14,6.843173846060316,106.52734416032344,97.92875218987638,213.18099975585938,133.593994140625,220.0229949951172,133.4669952392578
35.550000000000004,2.5403341721926165e-06,0.0,1.526730131207188e-14,6.843173846060316,106.52734416032344,97.92875218987638,213.18099975585938,133.593994140625,220.0229949951172,133.4669952392578
35.6,3.1925808590537115e-06,0.0,1.526730131207188e-14,6.843173846060316,106.52734416032344,97.92875218987638,213.18099975585938,133.593994140625,220.0229949951172,133.4669952392578
35.65,3.844835893962496e-06,0.0,1.526730131207188e-14,6.843173846060316,106.52734416032344,97.92875218987638,213.18099975585938,133.593994140625,220.0229949951172,133.4669952392578
35.7,4.35978060883723e-06,0.0,1.526730131207188e-14,6.843173846060316,106.52734416032344,97.92875218987638,213.18099975585938,133.593994140625,220.0229949951172,133.4669952392578
35.75,0.0,0.0,1.526730131207188e-14,6.843173846060316,106.52734416032344,97.92875218987638,213.18099975585938,133.593994140625,220.0229949951172,133.4669952392578
35.800000000000004,6.522584595650037e-07,0.0,1.526730131207188e-14,6.843173846060316,106.52734416032344,97.92875218987638,213.18099975585938,133.593994140625,220.0229949951172,133.4669952392578
35.85,1.1671820991040938e-06,0.0,1.526730131207188e-14,6.843173846060316,106.52734416032344,97.92875218987638,213.18099975585938,133.593994140625,220.0229949951172,133.4669952392578
35.9,1.682114842921465e-06,0.0,1.526730131207188e-14,6.843173846060316,106.52734416032344,97.92875218987638,213.18099975585938,133.593994140625,220.0229949951172,133.4669952392578
35.95,2.265703232198145e-06,0.0,1.526730131207188e-14,6.843173846060316,106.52734416032344,97.92875218987638,213.18099975585938,133.593994140625,220.0229949951172,133.4669952392578
36.0,2.9522812294915617e-06,0.0,1.526730131207188e-14,6.843173846060316,106.52734416032344,97.92875218987638,213.18099975585938,133.593994140625,220.0229949951172,133.4669952392578
36.050000000000004,3.604536610851321e-06,0.0,1.526730131207188e-14,6.843173846060316,106.52734416032344,97.92875218987638,213.18099975585938,133.593994140625,220.0229949951172,133.4669952392578
36.1,4.119444069988754e-06,0.0,1.526730131207188e-14,6.843173846060316,106.52734416032344,97.92875218987638,213.18099975585938,133.593994140625,220.0229949951172,133.4669952392578
36.15,4.634388001915091e-06,0.0,1.526730131207188e-14,6.843173846060316,106.52734416032344,97.92875218987638,213.18099975585938,133.593994140625,220.0229949951172,133.4669952392578
36.2,3.089615322084983e-07,0.0,1.526730131207188e-14,6.843173846060316,106.52734416032344,97.92875218987638,213.18099975585938,133.593994140625,220.0229949951172,133.4669952392578
36.25,8.582245869663258e-07,0.0,1.526730131207188e-14,6.843173846060316,106.52734416032344,97.92875218987638,213.18099975585938,133.593994140625,220.0229949951172,133.4669952392578
36.300000000000004,1.5104731409868389e-06,0.0,1.526730131207188e-14,6.843173846060316,106.52734416032344,97.92875218987638,213.18099975585938,133.593994140625,220.0229949951172,133.4669952392578
36.35,2.197044121990155e-06,0.0,1.526730131207188e-14,6.843173846060316,106.52734416032344,97.92875218987638,213.18099975585938,133.593994140625,220.0229949951172,133.4669952392578
36.4,2.746308981968334e-06,0.0,1.526730131207188e-14,6.843173846060316,106.52734416032344,97.92875218987638,213.18099975585938,133.593994140625,220.0229949951172,133.4669952392578
36.45,3.3985551575502803e-06,0.0,1.526730131207188e-14,6.843173846060316,106.52734416032344,97.92875218987638,213.18099975585938,133.593994140625,220.0229949951172,133.4669952392578
36.5,3.9134881447778e-06,0.0,1.526730131207188e-14,6.843173846060316,106.52734416032344,97.92875218987638,213.18099975585938,133.593994140625,220.0229949951172,133.4669952392578
36.550000000000004,4.462740442897927e-06,0.0,1.526730131207188e-14,6.843173846060316,106.52734416032344,97.92875218987638,213.18099975585938,133.593994140625,220.0229949951172,133.4669952392578
36.6,1.0298672414396885e-07,0.0,1.526730131207188e-14,6.843173846060316,106.52734416032344,97.92875218987638,213.18099975585938,133.593994140625,220.0229949951172,133.4669952392578
36.65,6.522483198194659e-07,0.0,1.526730131207188e-14,6.843173846060316,106.52734416032344,97.92875218987638,213.18099975585938,133.593994140625,220.0229949951172,133.4669952392578
36.7,1.2358373796464804e-06,0.0,1.526730131207188e-14,6.843173846060316,106.52734416032344,97.92875218987638,213.18099975585938,133.593994140625,220.0229949951172,133.4669952392578
36.75,1.8537587979495022e-06,0.0,1.526730131207188e-14,6.843173846060316,106.52734416032344,97.92875218987638,213.18099975585938,133.593994140625,220.0229949951172,133.4669952392578
36.800000000000004,2.5060068371956743e-06,0.0,1.526730131207188e-14,6.843173846060316,106.52734416032344,97.92875218987638,213.18099975585938,133.593994140625,220.0229949951172,133.4669952392578
36.85,3.0895958171526934e-06,0.0,1.526730131207188e-14,6.843173846060316,106.52734416032344,97.92875218987638,213.18099975585938,133.593994140625,220.0229949951172,133.4669952392578
36.9,3.604536130506094e-06,0.0,1.526730131207188e-14,6.843173846060316,106.52734416032344,97.92875218987638,213.18099975585938,133.593994140625,220.0229949951172,133.4669952392578
36.95,4.2567839822948236e-06,0.0,1.526730131207188e-14,6.843173846060316,106.52734416032344,97.92875218987638,213.18099975585938,133.593994140625,220.0229949951172,133.4669952392578
37.0,4.909032056014643e-06,0.0,1.526730131207188e-14,6.843173846060316,106.52734416032344,97.92875218987638,213.18099975585938,133.593994140625,220.0229949951172,133.4669952392578
37.050000000000004,4.119478223905647e-07,0.0,1.526730131207188e-14,6.843173846060316,106.52734416032344,97.92875218987638,213.18099975585938,133.593994140625,220.0229949951172,133.4669952392578
37.1,1.064194131781507e-06,0.0,1.526730131207188e-14,6.843173846060316,106.52734416032344,97.92875218987638,213.18099975585938,133.593994140625,220.0229949951172,133.4669952392578
37.15,1.716441685711422e-06,0.0,1.526730131207188e-14,6.843173846060316,106.52734416032344,97.92875218987638,213.18099975585938,133.593994140625,220.0229949951172,133.4669952392578
37.2,2.2657036016600877e-06,0.0,1.526730131207188e-14,6.843173846060316,106.52734416032344,97.92875218987638,213.18099975585938,133.593994140625,220.0229949951172,133.4669952392578
37.25,2.883621752244747e-06,0.0,1.526730131207188e-14,6.843173846060316,106.52734416032344,97.92875218987638,213.18099975585938,133.593994140625,220.0229949951172,133.4669952392578
37.300000000000004,3.4328843828379634e-06,0.0,1.526730131207188e-14,6.843173846060316,106.52734416032344,97.92875218987638,213.18099975585938,133.593994140625,220.0229949951172,133.4669952392578
37.35,3.982139891199779e-06,0.0,1.526730131207188e-14,6.843173846060316,106.52734416032344,97.92875218987638,213.18099975585938,133.593994140625,220.0229949951172,133.4669952392578
37.4,4.600080718078128e-06,0.0,1.526730131207188e-14,6.843173846060316,106.52734416032344,97.92875218987638,213.18099975585938,133.593994140625,220.0229949951172,133.4669952392578
37.45,2.74638198119123e-07,0.0,1.526730131207188e-14,6.843173846060316,106.52734416032344,97.92875218987638,213.18099975585938,133.593994140625,220.0229949951172,133.4669952392578
37.5,9.268776949263331e-07,0.0,1.526730131207188e-14,6.843173846060316,106.52734416032344,97.92875218987638,213.18099975585938,133.593994140625,220.0229949951172,133.4669952392578
37.550000000000004,1.441811126136498e-06,0.0,1.526730131207188e-14,6.843173846060316,106.52734416032344,97.92875218987638,213.18099975585938,133.593994140625,220.0229949951172,133.4669952392578
37.6,2.0254032413029967e-06,0.0,1.526730131207188e-14,6.843173846060316,106.52734416032344,97.92875218987638,213.18099975585938,133.593994140625,220.0229949951172,133.4669952392578
37.65,2.5746624173690828e-06,0.0,1.526730131207188e-14,6.843173846060316,106.52734416032344,97.92875218987638,213.18099975585938,133.593994140625,220.0229949951172,133.4669952392578
37.7,3.1582549641812998e-06,0.0,1.526730131207188e-14,6.843173846060316,106.52734416032344,97.92875218987638,213.18099975585938,133.593994140625,220.0229949951172,133.4669952392578
37.75,3.7075321442873794e-06,0.0,1.526730131207188e-14,6.843173846060316,106.52734416032344,97.92875218987638,213.18099975585938,133.593994140625,220.0229949951172,133.4669952392578
37.800000000000004,4.3597799653139505e-06,0.0,1.526730131207188e-14,6.843173846060316,106.52734416032344,97.92875218987638,213.18099975585938,133.593994140625,220.0229949951172,133.4669952392578
37.85,0.0,0.0,1.526730131207188e-14,6.843173846060316,106.52734416032344,97.92875218987638,213.18099975585938,133.593994140625,220.0229949951172,133.4669952392578
37.9,6.522483050212472e-07,0.0,1.526730131207188e-14,6.843173846060316,106.52734416032344,97.92875218987638,213.18099975585938,133.593994140625,220.0229949951172,133.4669952392578
37.95,1.1671822308486774e-06,0.0,1.526730131207188e-14,6.843173846060316,106.52734416032344,97.92875218987638,213.18099975585938,133.593994140625,220.0229949951172,133.4669952392578
38.0,1.7851006777907862e-06,0.0,1.526730131207188e-14,6.843173846060316,106.52734416032344,97.92875218987638,213.18099975585938,133.593994140625,220.0229949951172,133.4669952392578
38.050000000000004,2.3686908424398967e-06,0.0,1.526730131207188e-14,6.843173846060316,106.52734416032344,97.92875218987638,213.18099975585938,133.593994140625,220.0229949951172,133.4669952392578
38.1,3.020936729296584e-06,0.0,1.526730131207188e-14,6.843173846060316,106.52734416032344,97.92875218987638,213.18099975585938,133.593994140625,220.0229949951172,133.4669952392578
38.15,3.535869485729386e-06,0.0,1.526730131207188e-14,6.843173846060316,106.52734416032344,97.92875218987638,213.18099975585938,133.593994140625,220.0229949951172,133.4669952392578
38.2,4.050792455419298e-06,0.0,1.526730131207188e-14,6.843173846060316,106.52734416032344,97.92875218987638,213.18099975585938,133.593994140625,220.0229949951172,133.4669952392578
38.25,4.703040172255004e-06,0.0,1.526730131207188e-14,6.843173846060316,106.52734416032344,97.92875218987638,213.18099975585938,133.593994140625,220.0229949951172,133.4669952392578
38.300000000000004,3.4328869025153444e-07,0.0,1.526730131207188e-14,6.843173846060316,106.52734416032344,97.92875218987638,213.18099975585938,133.593994140625,220.0229949951172,133.4669952392578
38.35,9.955369434870957e-07,0.0,1.526730131207188e-14,6.843173846060316,106.52734416032344,97.92875218987638,213.18099975585938,133.593994140625,220.0229949951172,133.4669952392578
38.400000000000006,1.6134551788997984e-06,0.0,1.526730131207188e-14,6.843173846060316,106.52734416032344,97.92875218987638,213.18099975585938,133.593994140625,220.0229949951172,133.4669952392578
38.45,2.1970439966820384e-06,0.0,1.526730131207188e-14,6.843173846060316,106.52734416032344,97.92875218987638,213.18099975585938,133.593994140625,220.0229949951172,133.4669952392578
38.5,2.780636600518315e-06,0.0,1.526730131207188e-14,6.843173846060316,106.52734416032344,97.92875218987638,213.18099975585938,133.593994140625,220.0229949951172,133.4669952392578
38.550000000000004,3.3642255732211394e-06,0.0,1.526730131207188e-14,6.843173846060316,106.52734416032344,97.92875218987638,213.18099975585938,133.593994140625,220.0229949951172,133.4669952392578
38.6,4.016484038998346e-06,0.0,1.526730131207188e-14,6.843173846060316,106.52734416032344,97.92875218987638,213.18099975585938,133.593994140625,220.0229949951172,133.4669952392578
38.650000000000006,4.565736029144368e-06,0.0,1.526730131207188e-14,6.843173846060316,106.52734416032344,97.92875218987638,213.18099975585938,133.593994140625,220.0229949951172,133.4669952392578
38.7,1.0298664813423725e-07,0.0,1.526730131207188e-14,6.843173846060316,106.52734416032344,97.92875218987638,213.18099975585938,133.593994140625,220.0229949951172,133.4669952392578
38.75,7.552365129382159e-07,0.0,1.526730131207188e-14,6.843173846060316,106.52734416032344,97.92875218987638,213.18099975585938,133.593994140625,220.0229949951172,133.4669952392578
38.800000000000004,1.407481525996217e-06,0.0,1.526730131207188e-14,6.843173846060316,106.52734416032344,97.92875218987638,213.18099975585938,133.593994140625,220.0229949951172,133.4669952392578
38.85,1.9224148891679024e-06,0.0,1.526730131207188e-14,6.843173846060316,106.52734416032344,97.92875218987638,213.18099975585938,133.593994140625,220.0229949951172,133.4669952392578
38.900000000000006,2.5746633044212735e-06,0.0,1.526730131207188e-14,6.843173846060316,106.52734416032344,97.92875218987638,213.18099975585938,133.593994140625,220.0229949951172,133.4669952392578
38.95,3.089595511025597e-06,0.0,1.526730131207188e-14,6.843173846060316,106.52734416032344,97.92875218987638,213.18099975585938,133.593994140625,220.0229949951172,133.4669952392578
39.0,3.707532039226888e-06,0.0,1.526730131207188e-14,6.843173846060316,106.52734416032344,97.92875218987638,213.18099975585938,133.593994140625,220.0229949951172,133.4669952392578
39.050000000000004,4.394088481839106e-06,0.0,1.526730131207188e-14,6.843173846060316,106.52734416032344,97.92875218987638,213.18099975585938,133.593994140625,220.0229949951172,133.4669952392578
39.1,4.909032073276532e-06,0.0,1.526730131207188e-14,6.843173846060316,106.52734416032344,97.92875218987638,213.18099975585938,133.593994140625,220.0229949951172,133.4669952392578
39.150000000000006,4.119478223905647e-07,0.0,1.526730131207188e-14,6.843173846060316,106.52734416032344,97.92875218987638,213.18099975585938,133.593994140625,220.0229949951172,133.4669952392578
39.2,1.064194131781507e-06,0.0,1.526730131207188e-14,6.843173846060316,106.52734416032344,97.92875218987638,213.18099975585938,133.593994140625,220.0229949951172,133.4669952392578
39.25,1.6477848296869325e-06,0.0,1.526730131207188e-14,6.843173846060316,106.52734416032344,97.92875218987638,213.18099975585938,133.593994140625,220.0229949951172,133.4669952392578
39.300000000000004,2.300033219424035e-06,0.0,1.526730131207188e-14,6.843173846060316,106.52734416032344,97.92875218987638,213.18099975585938,133.593994140625,220.0229949951172,133.4669952392578
39.35,2.917952065980513e-06,0.0,1.526730131207188e-14,6.843173846060316,106.52734416032344,97.92875218987638,213.18099975585938,133.593994140625,220.0229949951172,133.4669952392578
39.400000000000006,3.432884380010106e-06,0.0,1.526730131207188e-14,6.843173846060316,106.52734416032344,97.92875218987638,213.18099975585938,133.593994140625,220.0229949951172,133.4669952392578
39.45,3.947833105525457e-06,0.0,1.526730131207188e-14,6.843173846060316,106.52734416032344,97.92875218987638,213.18099975585938,133.593994140625,220.0229949951172,133.4669952392578
39.5,4.600080717072596e-06,0.0,1.526730131207188e-14,6.843173846060316,106.52734416032344,97.92875218987638,213.18099975585938,133.593994140625,220.0229949951172,133.4669952392578
39.550000000000004,2.74638198119123e-07,0.0,1.526730131207188e-14,6.843173846060316,106.52734416032344,97.92875218987638,213.18099975585938,133.593994140625,220.0229949951172,133.4669952392578
39.6,9.268776949263331e-07,0.0,1.526730131207188e-14,6.843173846060316,106.52734416032344,97.92875218987638,213.18099975585938,133.593994140625,220.0229949951172,133.4669952392578
39.650000000000006,1.441811126136498e-06,0.0,1.526730131207188e-14,6.843173846060316,106.52734416032344,97.92875218987638,213.18099975585938,133.593994140625,220.0229949951172,133.4669952392578
39.7,2.0254032413029967e-06,0.0,1.526730131207188e-14,6.843173846060316,106.52734416032344,97.92875218987638,213.18099975585938,133.593994140625,220.0229949951172,133.4669952392578
39.75,2.5746624173690828e-06,0.0,1.526730131207188e-14,6.843173846060316,106.52734416032344,97.92875218987638,213.18099975585938,133.593994140625,220.0229949951172,133.4669952392578
39.800000000000004,3.1582549641813133e-06,0.0,1.526730131207188e-14,6.843173846060316,106.52734416032344,97.92875218987638,213.18099975585938,133.593994140625,220.0229949951172,133.4669952392578
39.85,3.7075321442873794e-06,0.0,1.526730131207188e-14,6.843173846060316,106.52734416032344,97.92875218987638,213.18099975585938,133.593994140625,220.0229949951172,133.4669952392578
39.900000000000006,4.359780624528799e-06,0.0,1.526730131207188e-14,6.843173846060316,106.52734416032344,97.92875218987638,213.18099975585938,133.593994140625,220.0229949951172,133.4669952392578
39.95,0.0,0.0,1.526730131207188e-14,6.843173846060316,106.52734416032344,97.92875218987638,213.18099975585938,133.593994140625,220.0229949951172,133.4669952392578
40.0,5.835893671850951e-07,0.0,1.526730131207188e-14,6.843173846060316,106.52734416032344,97.92875218987638,213.18099975585938,133.593994140625,220.0229949951172,133.4669952392578
40.050000000000004,1.2015108413205733e-06,0.0,1.526730131207188e-14,6.843173846060316,106.52734416032344,97.92875218987638,213.18099975585938,133.593994140625,220.0229949951172,133.4669952392578
40.1,1.8194308014405329e-06,0.0,1.526730131207188e-14,6.843173846060316,106.52734416032344,97.92875218987638,213.18099975585938,133.593994140625,220.0229949951172,133.4669952392578
40.150000000000006,2.471677274975503e-06,0.0,1.526730131207188e-14,6.843173846060316,106.52734416032344,97.92875218987638,213.18099975585938,133.593994140625,220.0229949951172,133.4669952392578
40.2,2.9866108000478562e-06,0.0,1.526730131207188e-14,6.843173846060316,106.52734416032344,97.92875218987638,213.18099975585938,133.593994140625,220.0229949951172,133.4669952392578
40.25,3.6388445839120832e-06,0.0,1.526730131207188e-14,6.843173846060316,106.52734416032344,97.92875218987638,213.18099975585938,133.593994140625,220.0229949951172,133.4669952392578
40.300000000000004,4.153788014499608e-06,0.0,1.526730131207188e-14,6.843173846060316,106.52734416032344,97.92875218987638,213.18099975585938,133.593994140625,220.0229949951172,133.4669952392578
40.35,4.806036200960669e-06,0.0,1.526730131207188e-14,6.843173846060316,106.52734416032344,97.92875218987638,213.18099975585938,133.593994140625,220.0229949951172,133.4669952392578
40.400000000000006,3.7761968745133313e-07,0.0,1.526730131207188e-14,6.843173846060316,106.52734416032344,97.92875218987638,213.18099975585938,133.593994140625,220.0229949951172,133.4669952392578
40.45,8.925540104690188e-07,0.0,1.526730131207188e-14,6.843173846060316,106.52734416032344,97.92875218987638,213.18099975585938,133.593994140625,220.0229949951172,133.4669952392578
40.5,1.5104700110424534e-06,0.0,1.526730131207188e-14,6.843173846060316,106.52734416032344,97.92875218987638,213.18099975585938,133.593994140625,220.0229949951172,133.4669952392578
40.550000000000004,2.0940589723405155e-06,0.0,1.526730131207188e-14,6.843173846060316,106.52734416032344,97.92875218987638,213.18099975585938,133.593994140625,220.0229949951172,133.4669952392578
40.6,2.60899201139104e-06,0.0,1.526730131207188e-14,6.843173846060316,106.52734416032344,97.92875218987638,213.18099975585938,133.593994140625,220.0229949951172,133.4669952392578
40.650000000000006,3.2269108144628828e-06,0.0,1.526730131207188e-14,6.843173846060316,106.52734416032344,97.92875218987638,213.18099975585938,133.593994140625,220.0229949951172,133.4669952392578
40.7,3.879144023906311e-06,0.0,1.526730131207188e-14,6.843173846060316,106.52734416032344,97.92875218987638,213.18099975585938,133.593994140625,220.0229949951172,133.4669952392578
40.75,4.462740450765405e-06,0.0,1.526730131207188e-14,6.843173846060316,106.52734416032344,97.92875218987638,213.18099975585938,133.593994140625,220.0229949951172,133.4669952392578
40.800000000000004,1.0298664813423725e-07,0.0,1.526730131207188e-14,6.843173846060316,106.52734416032344,97.92875218987638,213.18099975585938,133.593994140625,220.0229949951172,133.4669952392578
40.85,6.865778635121655e-07,0.0,1.526730131207188e-14,6.843173846060316,106.52734416032344,97.92875218987638,213.18099975585938,133.593994140625,220.0229949951172,133.4669952392578
40.900000000000006,1.3388277018666835e-06,0.0,1.526730131207188e-14,6.843173846060316,106.52734416032344,97.92875218987638,213.18099975585938,133.593994140625,220.0229949951172,133.4669952392578
40.95,1.9910740810556176e-06,0.0,1.526730131207188e-14,6.843173846060316,106.52734416032344,97.92875218987638,213.18099975585938,133.593994140625,220.0229949951172,133.4669952392578
41.0,2.540332920178619e-06,0.0,1.526730131207188e-14,6.843173846060316,106.52734416032344,97.92875218987638,213.18099975585938,133.593994140625,220.0229949951172,133.4669952392578
41.050000000000004,3.123925290617683e-06,0.0,1.526730131207188e-14,6.843173846060316,106.52734416032344,97.92875218987638,213.18099975585938,133.593994140625,220.0229949951172,133.4669952392578
41.1,3.673188195037722e-06,0.0,1.526730131207188e-14,6.843173846060316,106.52734416032344,97.92875218987638,213.18099975585938,133.593994140625,220.0229949951172,133.4669952392578
41.150000000000006,4.256784016261709e-06,0.0,1.526730131207188e-14,6.843173846060316,106.52734416032344,97.92875218987638,213.18099975585938,133.593994140625,220.0229949951172,133.4669952392578
41.2,4.90903256466474e-06,0.0,1.526730131207188e-14,6.843173846060316,106.52734416032344,97.92875218987638,213.18099975585938,133.593994140625,220.0229949951172,133.4669952392578
41.25,4.806055912141107e-07,0.0,1.526730131207188e-14,6.843173846060316,106.52734416032344,97.92875218987638,213.18099975585938,133.593994140625,220.0229949951172,133.4669952392578
41.300000000000004,1.064192989006682e-06,0.0,1.526730131207188e-14,6.843173846060316,106.52734416032344,97.92875218987638,213.18099975585938,133.593994140625,220.0229949951172,133.4669952392578
41.35,1.6821146640949988e-06,0.0,1.526730131207188e-14,6.843173846060316,106.52734416032344,97.92875218987638,213.18099975585938,133.593994140625,220.0229949951172,133.4669952392578
41.400000000000006,2.265703119886403e-06,0.0,1.526730131207188e-14,6.843173846060316,106.52734416032344,97.92875218987638,213.18099975585938,133.593994140625,220.0229949951172,133.4669952392578
41.45,2.780636522324344e-06,0.0,1.526730131207188e-14,6.843173846060316,106.52734416032344,97.92875218987638,213.18099975585938,133.593994140625,220.0229949951172,133.4669952392578
41.5,3.4328847799149376e-06,0.0,1.526730131207188e-14,6.843173846060316,106.52734416032344,97.92875218987638,213.18099975585938,133.593994140625,220.0229949951172,133.4669952392578
41.550000000000004,4.016484205980546e-06,0.0,1.526730131207188e-14,6.843173846060316,106.52734416032344,97.92875218987638,213.18099975585938,133.593994140625,220.0229949951172,133.4669952392578
41.6,4.600080192921097e-06,0.0,1.526730131207188e-14,6.843173846060316,106.52734416032344,97.92875218987638,213.18099975585938,133.593994140625,220.0229949951172,133.4669952392578
41.650000000000006,2.4030380825354777e-07,0.0,1.526730131207188e-14,6.843173846060316,106.52734416032344,97.92875218987638,213.18099975585938,133.593994140625,220.0229949951172,133.4669952392578
41.7,7.552332358776066e-07,0.0,1.526730131207188e-14,6.843173846060316,106.52734416032344,97.92875218987638,213.18099975585938,133.593994140625,220.0229949951172,133.4669952392578
41.75,1.33882571643167e-06,0.0,1.526730131207188e-14,6.843173846060316,106.52734416032344,97.92875218987638,213.18099975585938,133.593994140625,220.0229949951172,133.4669952392578
41.800000000000004,1.9910740122970753e-06,0.0,1.526730131207188e-14,6.843173846060316,106.52734416032344,97.92875218987638,213.18099975585938,133.593994140625,220.0229949951172,133.4669952392578
41.85,2.6433219203033336e-06,0.0,1.526730131207188e-14,6.843173846060316,106.52734416032344,97.92875218987638,213.18099975585938,133.593994140625,220.0229949951172,133.4669952392578
41.900000000000006,3.192580846906465e-06,0.0,1.526730131207188e-14,6.843173846060316,106.52734416032344,97.92875218987638,213.18099975585938,133.593994140625,220.0229949951172,133.4669952392578
41.95,3.7418403509892874e-06,0.0,1.526730131207188e-14,6.843173846060316,106.52734416032344,97.92875218987638,213.18099975585938,133.593994140625,220.0229949951172,133.4669952392578
42.0,4.359780252566655e-06,0.0,1.526730131207188e-14,6.843173846060316,106.52734416032344,97.92875218987638,213.18099975585938,133.593994140625,220.0229949951172,133.4669952392578
42.050000000000004,0.0,0.0,1.526730131207188e-14,6.843173846060316,106.52734416032344,97.92875218987638,213.18099975585938,133.593994140625,220.0229949951172,133.4669952392578
42.1,5.49263285045071e-07,0.0,1.526730131207188e-14,6.843173846060316,106.52734416032344,97.92875218987638,213.18099975585938,133.593994140625,220.0229949951172,133.4669952392578
42.150000000000006,1.1328524355037383e-06,0.0,1.526730131207188e-14,6.843173846060316,106.52734416032344,97.92875218987638,213.18099975585938,133.593994140625,220.0229949951172,133.4669952392578
42.2,1.6821145108024738e-06,0.0,1.526730131207188e-14,6.843173846060316,106.52734416032344,97.92875218987638,213.18099975585938,133.593994140625,220.0229949951172,133.4669952392578
42.25,2.33436325595626e-06,0.0,1.526730131207188e-14,6.843173846060316,106.52734416032344,97.92875218987638,213.18099975585938,133.593994140625,220.0229949951172,133.4669952392578
42.300000000000004,2.883622067860348e-06,0.0,1.526730131207188e-14,6.843173846060316,106.52734416032344,97.92875218987638,213.18099975585938,133.593994140625,220.0229949951172,133.4669952392578
42.35,3.501540078120923e-06,0.0,1.526730131207188e-14,6.843173846060316,106.52734416032344,97.92875218987638,213.18099975585938,133.593994140625,220.0229949951172,133.4669952392578
42.400000000000006,4.0507921013838e-06,0.0,1.526730131207188e-14,6.843173846060316,106.52734416032344,97.92875218987638,213.18099975585938,133.593994140625,220.0229949951172,133.4669952392578
42.45,4.600080146259738e-06,0.0,1.526730131207188e-14,6.843173846060316,106.52734416032344,97.92875218987638,213.18099975585938,133.593994140625,220.0229949951172,133.4669952392578
42.5,3.0896100918093194e-07,0.0,1.526730131207188e-14,6.843173846060316,106.52734416032344,97.92875218987638,213.18099975585938,133.593994140625,220.0229949951172,133.4669952392578
42.550000000000004,8.92552235323534e-07,0.0,1.526730131207188e-14,6.843173846060316,106.52734416032344,97.92875218987638,213.18099975585938,133.593994140625,220.0229949951172,133.4669952392578
42.6,1.4761412392075012e-06,0.0,1.526730131207188e-14,6.843173846060316,106.52734416032344,97.92875218987638,213.18099975585938,133.593994140625,220.0229949951172,133.4669952392578
42.650000000000006,2.1283897107770053e-06,0.0,1.526730131207188e-14,6.843173846060316,106.52734416032344,97.92875218987638,213.18099975585938,133.593994140625,220.0229949951172,133.4669952392578
42.7,2.7119772822413404e-06,0.0,1.526730131207188e-14,6.843173846060316,106.52734416032344,97.92875218987638,213.18099975585938,133.593994140625,220.0229949951172,133.4669952392578
42.75,3.226911452484823e-06,0.0,1.526730131207188e-14,6.843173846060316,106.52734416032344,97.92875218987638,213.18099975585938,133.593994140625,220.0229949951172,133.4669952392578
42.800000000000004,3.844835957571315e-06,0.0,1.526730131207188e-14,6.843173846060316,106.52734416032344,97.92875218987638,213.18099975585938,133.593994140625,220.0229949951172,133.4669952392578
42.85,4.359780080637622e-06,0.0,1.526730131207188e-14,6.843173846060316,106.52734416032344,97.92875218987638,213.18099975585938,133.593994140625,220.0229949951172,133.4669952392578
42.900000000000006,1.0298672414396885e-07,0.0,1.526730131207188e-14,6.843173846060316,106.52734416032344,97.92875218987638,213.18099975585938,133.593994140625,220.0229949951172,133.4669952392578
42.95,6.522482814167331e-07,0.0,1.526730131207188e-14,6.843173846060316,106.52734416032344,97.92875218987638,213.18099975585938,133.593994140625,220.0229949951172,133.4669952392578
43.0,1.1671812834374751e-06,0.0,1.526730131207188e-14,6.843173846060316,106.52734416032344,97.92875218987638,213.18099975585938,133.593994140625,220.0229949951172,133.4669952392578
43.050000000000004,1.8537590855018324e-06,0.0,1.526730131207188e-14,6.843173846060316,106.52734416032344,97.92875218987638,213.18099975585938,133.593994140625,220.0229949951172,133.4669952392578
43.1,2.5060068123312364e-06,0.0,1.526730131207188e-14,6.843173846060316,106.52734416032344,97.92875218987638,213.18099975585938,133.593994140625,220.0229949951172,133.4669952392578
43.150000000000006,3.0209367942944515e-06,0.0,1.526730131207188e-14,6.843173846060316,106.52734416032344,97.92875218987638,213.18099975585938,133.593994140625,220.0229949951172,133.4669952392578
43.2,3.6045361425736505e-06,0.0,1.526730131207188e-14,6.843173846060316,106.52734416032344,97.92875218987638,213.18099975585938,133.593994140625,220.0229949951172,133.4669952392578
43.25,4.222440961713807e-06,0.0,1.526730131207188e-14,6.843173846060316,106.52734416032344,97.92875218987638,213.18099975585938,133.593994140625,220.0229949951172,133.4669952392578
43.300000000000004,4.737384147424374e-06,0.0,1.526730131207188e-14,6.843173846060316,106.52734416032344,97.92875218987638,213.18099975585938,133.593994140625,220.0229949951172,133.4669952392578
43.35,4.119478223905647e-07,0.0,1.526730131207188e-14,6.843173846060316,106.52734416032344,97.92875218987638,213.18099975585938,133.593994140625,220.0229949951172,133.4669952392578
43.400000000000006,1.064194131781507e-06,0.0,1.526730131207188e-14,6.843173846060316,106.52734416032344,97.92875218987638,213.18099975585938,133.593994140625,220.0229949951172,133.4669952392578
43.45,1.6477857884083137e-06,0.0,1.526730131207188e-14,6.843173846060316,106.52734416032344,97.92875218987638,213.18099975585938,133.593994140625,220.0229949951172,133.4669952392578
43.5,2.3000331195113466e-06,0.0,1.526730131207188e-14,6.843173846060316,106.52734416032344,97.92875218987638,213.18099975585938,133.593994140625,220.0229949951172,133.4669952392578
43.550000000000004,2.84929267413739e-06,0.0,1.526730131207188e-14,6.843173846060316,106.52734416032344,97.92875218987638,213.18099975585938,133.593994140625,220.0229949951172,133.4669952392578
43.6,3.535870235711413e-06,0.0,1.526730131207188e-14,6.843173846060316,106.52734416032344,97.92875218987638,213.18099975585938,133.593994140625,220.0229949951172,133.4669952392578
43.650000000000006,4.085137171879472e-06,0.0,1.526730131207188e-14,6.843173846060316,106.52734416032344,97.92875218987638,213.18099975585938,133.593994140625,220.0229949951172,133.4669952392578
43.7,4.737384209321147e-06,0.0,1.526730131207188e-14,6.843173846060316,106.52734416032344,97.92875218987638,213.18099975585938,133.593994140625,220.0229949951172,133.4669952392578
43.75,2.0597360826270928e-07,0.0,1.526730131207188e-14,6.843173846060316,106.52734416032344,97.92875218987638,213.18099975585938,133.593994140625,220.0229949951172,133.4669952392578
43.800000000000004,7.895628052338571e-07,0.0,1.526730131207188e-14,6.843173846060316,106.52734416032344,97.92875218987638,213.18099975585938,133.593994140625,220.0229949951172,133.4669952392578
43.85,1.3731568844144275e-06,0.0,1.526730131207188e-14,6.843173846060316,106.52734416032344,97.92875218987638,213.18099975585938,133.593994140625,220.0229949951172,133.4669952392578
43.900000000000006,1.99107622283748e-06,0.0,1.526730131207188e-14,6.843173846060316,106.52734416032344,97.92875218987638,213.18099975585938,133.593994140625,220.0229949951172,133.4669952392578
43.95,2.6433221431117653e-06,0.0,1.526730131207188e-14,6.843173846060316,106.52734416032344,97.92875218987638,213.18099975585938,133.593994140625,220.0229949951172,133.4669952392578
44.0,3.1582549763449834e-06,0.0,1.526730131207188e-14,6.843173846060316,106.52734416032344,97.92875218987638,213.18099975585938,133.593994140625,220.0229949951172,133.4669952392578
44.050000000000004,3.6731885564715727e-06,0.0,1.526730131207188e-14,6.843173846060316,106.52734416032344,97.92875218987638,213.18099975585938,133.593994140625,220.0229949951172,133.4669952392578
44.1,4.359779820406373e-06,0.0,1.526730131207188e-14,6.843173846060316,106.52734416032344,97.92875218987638,213.18099975585938,133.593994140625,220.0229949951172,133.4669952392578
44.150000000000006,0.0,0.0,1.526730131207188e-14,6.843173846060316,106.52734416032344,97.92875218987638,213.18099975585938,133.593994140625,220.0229949951172,133.4669952392578
44.2,5.49263285045071e-07,0.0,1.526730131207188e-14,6.843173846060316,106.52734416032344,97.92875218987638,213.18099975585938,133.593994140625,220.0229949951172,133.4669952392578
44.25,1.2015117188586754e-06,0.0,1.526730131207188e-14,6.843173846060316,106.52734416032344,97.92875218987638,213.18099975585938,133.593994140625,220.0229949951172,133.4669952392578
44.300000000000004,1.8194292356266263e-06,0.0,1.526730131207188e-14,6.843173846060316,106.52734416032344,97.92875218987638,213.18099975585938,133.593994140625,220.0229949951172,133.4669952392578
44.35,2.3343625476253426e-06,0.0,1.526730131207188e-14,6.843173846060316,106.52734416032344,97.92875218987638,213.18099975585938,133.593994140625,220.0229949951172,133.4669952392578
44.400000000000006,2.952281252791431e-06,0.0,1.526730131207188e-14,6.843173846060316,106.52734416032344,97.92875218987638,213.18099975585938,133.593994140625,220.0229949951172,133.4669952392578
44.45,3.5358701477128935e-06,0.0,1.526730131207188e-14,6.843173846060316,106.52734416032344,97.92875218987638,213.18099975585938,133.593994140625,220.0229949951172,133.4669952392578
44.5,4.1537881648135385e-06,0.0,1.526730131207188e-14,6.843173846060316,106.52734416032344,97.92875218987638,213.18099975585938,133.593994140625,220.0229949951172,133.4669952392578
44.550000000000004,4.66873211725185e-06,0.0,1.526730131207188e-14,6.843173846060316,106.52734416032344,97.92875218987638,213.18099975585938,133.593994140625,220.0229949951172,133.4669952392578
44.6,4.119482386124985e-07,0.0,1.526730131207188e-14,6.843173846060316,106.52734416032344,97.92875218987638,213.18099975585938,133.593994140625,220.0229949951172,133.4669952392578
44.650000000000006,9.612094239975617e-07,0.0,1.526730131207188e-14,6.843173846060316,106.52734416032344,97.92875218987638,213.18099975585938,133.593994140625,220.0229949951172,133.4669952392578
44.7,1.5791255945409027e-06,0.0,1.526730131207188e-14,6.843173846060316,106.52734416032344,97.92875218987638,213.18099975585938,133.593994140625,220.0229949951172,133.4669952392578
44.75,2.1627181345243227e-06,0.0,1.526730131207188e-14,6.843173846060316,106.52734416032344,97.92875218987638,213.18099975585938,133.593994140625,220.0229949951172,133.4669952392578
44.800000000000004,2.6776511754802124e-06,0.0,1.526730131207188e-14,6.843173846060316,106.52734416032344,97.92875218987638,213.18099975585938,133.593994140625,220.0229949951172,133.4669952392578
44.85,3.295569969528306e-06,0.0,1.526730131207188e-14,6.843173846060316,106.52734416032344,97.92875218987638,213.18099975585938,133.593994140625,220.0229949951172,133.4669952392578
44.900000000000006,3.982140480154282e-06,0.0,1.526730131207188e-14,6.843173846060316,106.52734416032344,97.92875218987638,213.18099975585938,133.593994140625,220.0229949951172,133.4669952392578
44.95,4.600080469552534e-06,0.0,1.526730131207188e-14,6.843173846060316,106.52734416032344,97.92875218987638,213.18099975585938,133.593994140625,220.0229949951172,133.4669952392578
45.0,1.0298664813423725e-07,0.0,1.526730131207188e-14,6.843173846060316,106.52734416032344,97.92875218987638,213.18099975585938,133.593994140625,220.0229949951172,133.4669952392578
45.050000000000004,6.865778281675723e-07,0.0,1.526730131207188e-14,6.843173846060316,106.52734416032344,97.92875218987638,213.18099975585938,133.593994140625,220.0229949951172,133.4669952392578
45.1,1.2358374030621779e-06,0.0,1.526730131207188e-14,6.843173846060316,106.52734416032344,97.92875218987638,213.18099975585938,133.593994140625,220.0229949951172,133.4669952392578
45.150000000000006,1.7850996468249362e-06,0.0,1.526730131207188e-14,6.843173846060316,106.52734416032344,97.92875218987638,213.18099975585938,133.593994140625,220.0229949951172,133.4669952392578
45.2,2.437347679704217e-06,0.0,1.526730131207188e-14,6.843173846060316,106.52734416032344,97.92875218987638,213.18099975585938,133.593994140625,220.0229949951172,133.4669952392578
45.25,2.986610440080275e-06,0.0,1.526730131207188e-14,6.843173846060316,106.52734416032344,97.92875218987638,213.18099975585938,133.593994140625,220.0229949951172,133.4669952392578
45.300000000000004,3.50154092705774e-06,0.0,1.526730131207188e-14,6.843173846060316,106.52734416032344,97.92875218987638,213.18099975585938,133.593994140625,220.0229949951172,133.4669952392578
45.35,4.15378865822262e-06,0.0,1.526730131207188e-14,6.843173846060316,106.52734416032344,97.92875218987638,213.18099975585938,133.593994140625,220.0229949951172,133.4669952392578
45.400000000000006,4.668731940375449e-06,0.0,1.526730131207188e-14,6.843173846060316,106.52734416032344,97.92875218987638,213.18099975585938,133.593994140625,220.0229949951172,133.4669952392578
45.45,4.1194721027135836e-07,0.0,1.526730131207188e-14,6.843173846060316,106.52734416032344,97.92875218987638,213.18099975585938,133.593994140625,220.0229949951172,133.4669952392578
45.5,1.0298682519441586e-06,0.0,1.526730131207188e-14,6.843173846060316,106.52734416032344,97.92875218987638,213.18099975585938,133.593994140625,220.0229949951172,133.4669952392578
45.550000000000004,1.6821182854124503e-06,0.0,1.526730131207188e-14,6.843173846060316,106.52734416032344,97.92875218987638,213.18099975585938,133.593994140625,220.0229949951172,133.4669952392578
45.6,2.3343630144828756e-06,0.0,1.526730131207188e-14,6.843173846060316,106.52734416032344,97.92875218987638,213.18099975585938,133.593994140625,220.0229949951172,133.4669952392578
45.650000000000006,2.849291972255443e-06,0.0,1.526730131207188e-14,6.843173846060316,106.52734416032344,97.92875218987638,213.18099975585938,133.593994140625,220.0229949951172,133.4669952392578
45.7,3.3642257200311742e-06,0.0,1.526730131207188e-14,6.843173846060316,106.52734416032344,97.92875218987638,213.18099975585938,133.593994140625,220.0229949951172,133.4669952392578
45.75,3.98213988569606e-06,0.0,1.526730131207188e-14,6.843173846060316,106.52734416032344,97.92875218987638,213.18099975585938,133.593994140625,220.0229949951172,133.4669952392578
45.800000000000004,4.634389320489421e-06,0.0,1.526730131207188e-14,6.843173846060316,106.52734416032344,97.92875218987638,213.18099975585938,133.593994140625,220.0229949951172,133.4669952392578
45.85,2.0597360826270928e-07,0.0,1.526730131207188e-14,6.843173846060316,106.52734416032344,97.92875218987638,213.18099975585938,133.593994140625,220.0229949951172,133.4669952392578
45.900000000000006,7.552347521833464e-07,0.0,1.526730131207188e-14,6.843173846060316,106.52734416032344,97.92875218987638,213.18099975585938,133.593994140625,220.0229949951172,133.4669952392578
45.95,1.407481300988954e-06,0.0,1.526730131207188e-14,6.843173846060316,106.52734416032344,97.92875218987638,213.18099975585938,133.593994140625,220.0229949951172,133.4669952392578
46.0,1.9910736542649348e-06,0.0,1.526730131207188e-14,6.843173846060316,106.52734416032344,97.92875218987638,213.18099975585938,133.593994140625,220.0229949951172,133.4669952392578
46.050000000000004,2.506008139774882e-06,0.0,1.526730131207188e-14,6.843173846060316,106.52734416032344,97.92875218987638,213.18099975585938,133.593994140625,220.0229949951172,133.4669952392578
46.1,3.1582556027593506e-06,0.0,1.526730131207188e-14,6.843173846060316,106.52734416032344,97.92875218987638,213.18099975585938,133.593994140625,220.0229949951172,133.4669952392578
46.150000000000006,3.67318817362813e-06,0.0,1.526730131207188e-14,6.843173846060316,106.52734416032344,97.92875218987638,213.18099975585938,133.593994140625,220.0229949951172,133.4669952392578
46.2,4.291092009777263e-06,0.0,1.526730131207188e-14,6.843173846060316,106.52734416032344,97.92875218987638,213.18099975585938,133.593994140625,220.0229949951172,133.4669952392578
46.25,0.0,0.0,1.526730131207188e-14,6.843173846060316,106.52734416032344,97.92875218987638,213.18099975585938,133.593994140625,220.0229949951172,133.4669952392578
46.300000000000004,6.179187815397603e-07,0.0,1.526730131207188e-14,6.843173846060316,106.52734416032344,97.92875218987638,213.18099975585938,133.593994140625,220.0229949951172,133.4669952392578
46.35,1.2015108429263445e-06,0.0,1.526730131207188e-14,6.843173846060316,106.52734416032344,97.92875218987638,213.18099975585938,133.593994140625,220.0229949951172,133.4669952392578
46.400000000000006,1.7507700832287252e-06,0.0,1.526730131207188e-14,6.843173846060316,106.52734416032344,97.92875218987638,213.18099975585938,133.593994140625,220.0229949951172,133.4669952392578
46.45,2.3343634199136203e-06,0.0,1.526730131207188e-14,6.843173846060316,106.52734416032344,97.92875218987638,213.18099975585938,133.593994140625,220.0229949951172,133.4669952392578
46.5,3.0209377510915833e-06,0.0,1.526730131207188e-14,6.843173846060316,106.52734416032344,97.92875218987638,213.18099975585938,133.593994140625,220.0229949951172,133.4669952392578
46.550000000000004,3.6045367850314722e-06,0.0,1.526730131207188e-14,6.843173846060316,106.52734416032344,97.92875218987638,213.18099975585938,133.593994140625,220.0229949951172,133.4669952392578
46.6,4.222440226261144e-06,0.0,1.526730131207188e-14,6.843173846060316,106.52734416032344,97.92875218987638,213.18099975585938,133.593994140625,220.0229949951172,133.4669952392578
46.650000000000006,4.737384316667796e-06,0.0,1.526730131207188e-14,6.843173846060316,106.52734416032344,97.92875218987638,213.18099975585938,133.593994140625,220.0229949951172,133.4669952392578
46.7,3.776225569661011e-07,0.0,1.526730131207188e-14,6.843173846060316,106.52734416032344,97.92875218987638,213.18099975585938,133.593994140625,220.0229949951172,133.4669952392578
46.75,8.925518215869717e-07,0.0,1.526730131207188e-14,6.843173846060316,106.52734416032344,97.92875218987638,213.18099975585938,133.593994140625,220.0229949951172,133.4669952392578
46.800000000000004,1.5104707997550765e-06,0.0,1.526730131207188e-14,6.843173846060316,106.52734416032344,97.92875218987638,213.18099975585938,133.593994140625,220.0229949951172,133.4669952392578
46.85,2.1627191795399105e-06,0.0,1.526730131207188e-14,6.843173846060316,106.52734416032344,97.92875218987638,213.18099975585938,133.593994140625,220.0229949951172,133.4669952392578
46.900000000000006,2.746310995897558e-06,0.0,1.526730131207188e-14,6.843173846060316,106.52734416032344,97.92875218987638,213.18099975585938,133.593994140625,220.0229949951172,133.4669952392578
46.95,3.398554794046056e-06,0.0,1.526730131207188e-14,6.843173846060316,106.52734416032344,97.92875218987638,213.18099975585938,133.593994140625,220.0229949951172,133.4669952392578
47.0,3.98214058452904e-06,0.0,1.526730131207188e-14,6.843173846060316,106.52734416032344,97.92875218987638,213.18099975585938,133.593994140625,220.0229949951172,133.4669952392578
47.050000000000004,4.497083821778415e-06,0.0,1.526730131207188e-14,6.843173846060316,106.52734416032344,97.92875218987638,213.18099975585938,133.593994140625,220.0229949951172,133.4669952392578
47.1,1.0298664813423725e-07,0.0,1.526730131207188e-14,6.843173846060316,106.52734416032344,97.92875218987638,213.18099975585938,133.593994140625,220.0229949951172,133.4669952392578
47.150000000000006,6.17922693897443e-07,0.0,1.526730131207188e-14,6.843173846060316,106.52734416032344,97.92875218987638,213.18099975585938,133.593994140625,220.0229949951172,133.4669952392578
47.2,1.2701692630900251e-06,0.0,1.526730131207188e-14,6.843173846060316,106.52734416032344,97.92875218987638,213.18099975585938,133.593994140625,220.0229949951172,133.4669952392578
47.25,1.9224144844995974e-06,0.0,1.526730131207188e-14,6.843173846060316,106.52734416032344,97.92875218987638,213.18099975585938,133.593994140625,220.0229949951172,133.4669952392578
47.300000000000004,2.506009623946106e-06,0.0,1.526730131207188e-14,6.843173846060316,106.52734416032344,97.92875218987638,213.18099975585938,133.593994140625,220.0229949951172,133.4669952392578
47.35,3.158255169525436e-06,0.0,1.526730131207188e-14,6.843173846060316,106.52734416032344,97.92875218987638,213.18099975585938,133.593994140625,220.0229949951172,133.4669952392578
47.400000000000006,3.6731881944538144e-06,0.0,1.526730131207188e-14,6.843173846060316,106.52734416032344,97.92875218987638,213.18099975585938,133.593994140625,220.0229949951172,133.4669952392578
47.45,4.18813261413457e-06,0.0,1.526730131207188e-14,6.843173846060316,106.52734416032344,97.92875218987638,213.18099975585938,133.593994140625,220.0229949951172,133.4669952392578
47.5,4.806035941943652e-06,0.0,1.526730131207188e-14,6.843173846060316,106.52734416032344,97.92875218987638,213.18099975585938,133.593994140625,220.0229949951172,133.4669952392578
47.550000000000004,5.149404470146386e-07,0.0,1.526730131207188e-14,6.843173846060316,106.52734416032344,97.92875218987638,213.18099975585938,133.593994140625,220.0229949951172,133.4669952392578
47.6,1.0298665048190465e-06,0.0,1.526730131207188e-14,6.843173846060316,106.52734416032344,97.92875218987638,213.18099975585938,133.593994140625,220.0229949951172,133.4669952392578
47.650000000000006,1.579125715069713e-06,0.0,1.526730131207188e-14,6.843173846060316,106.52734416032344,97.92875218987638,213.18099975585938,133.593994140625,220.0229949951172,133.4669952392578
47.7,2.2657035817938553e-06,0.0,1.526730131207188e-14,6.843173846060316,106.52734416032344,97.92875218987638,213.18099975585938,133.593994140625,220.0229949951172,133.4669952392578
47.75,2.9179523538899094e-06,0.0,1.526730131207188e-14,6.843173846060316,106.52734416032344,97.92875218987638,213.18099975585938,133.593994140625,220.0229949951172,133.4669952392578
47.800000000000004,3.5015400791053295e-06,0.0,1.526730131207188e-14,6.843173846060316,106.52734416032344,97.92875218987638,213.18099975585938,133.593994140625,220.0229949951172,133.4669952392578
47.85,4.016484981835442e-06,0.0,1.526730131207188e-14,6.843173846060316,106.52734416032344,97.92875218987638,213.18099975585938,133.593994140625,220.0229949951172,133.4669952392578
47.900000000000006,4.634387888772282e-06,0.0,1.526730131207188e-14,6.843173846060316,106.52734416032344,97.92875218987638,213.18099975585938,133.593994140625,220.0229949951172,133.4669952392578
47.95,2.4030322721491964e-07,0.0,1.526730131207188e-14,6.843173846060316,106.52734416032344,97.92875218987638,213.18099975585938,133.593994140625,220.0229949951172,133.4669952392578
48.0,7.895628057481984e-07,0.0,1.526730131207188e-14,6.843173846060316,106.52734416032344,97.92875218987638,213.18099975585938,133.593994140625,220.0229949951172,133.4669952392578
48.050000000000004,1.3388257511425916e-06,0.0,1.526730131207188e-14,6.843173846060316,106.52734416032344,97.92875218987638,213.18099975585938,133.593994140625,220.0229949951172,133.4669952392578
48.1,1.95674595109786e-06,0.0,1.526730131207188e-14,6.843173846060316,106.52734416032344,97.92875218987638,213.18099975585938,133.593994140625,220.0229949951172,133.4669952392578
48.150000000000006,2.471677211161992e-06,0.0,1.526730131207188e-14,6.843173846060316,106.52734416032344,97.92875218987638,213.18099975585938,133.593994140625,220.0229949951172,133.4669952392578
48.2,3.1582549522443525e-06,0.0,1.526730131207188e-14,6.843173846060316,106.52734416032344,97.92875218987638,213.18099975585938,133.593994140625,220.0229949951172,133.4669952392578
48.25,3.7761840996254533e-06,0.0,1.526730131207188e-14,6.843173846060316,106.52734416032344,97.92875218987638,213.18099975585938,133.593994140625,220.0229949951172,133.4669952392578
48.300000000000004,4.291092807785868e-06,0.0,1.526730131207188e-14,6.843173846060316,106.52734416032344,97.92875218987638,213.18099975585938,133.593994140625,220.0229949951172,133.4669952392578
48.35,0.0,0.0,1.526730131207188e-14,6.843173846060316,106.52734416032344,97.92875218987638,213.18099975585938,133.593994140625,220.0229949951172,133.4669952392578
48.400000000000006,6.522584595650037e-07,0.0,1.526730131207188e-14,6.843173846060316,106.52734416032344,97.92875218987638,213.18099975585938,133.593994140625,220.0229949951172,133.4669952392578
48.45,1.1671820991040552e-06,0.0,1.526730131207188e-14,6.843173846060316,106.52734416032344,97.92875218987638,213.18099975585938,133.593994140625,220.0229949951172,133.4669952392578
48.5,1.682114842921465e-06,0.0,1.526730131207188e-14,6.843173846060316,106.52734416032344,97.92875218987638,213.18099975585938,133.593994140625,220.0229949951172,133.4669952392578
48.550000000000004,2.265703232198145e-06,0.0,1.526730131207188e-14,6.843173846060316,106.52734416032344,97.92875218987638,213.18099975585938,133.593994140625,220.0229949951172,133.4669952392578
48.6,2.9522812829770264e-06,0.0,1.526730131207188e-14,6.843173846060316,106.52734416032344,97.92875218987638,213.18099975585938,133.593994140625,220.0229949951172,133.4669952392578
48.650000000000006,3.6045360990747622e-06,0.0,1.526730131207188e-14,6.843173846060316,106.52734416032344,97.92875218987638,213.18099975585938,133.593994140625,220.0229949951172,133.4669952392578
48.7,4.119444327915389e-06,0.0,1.526730131207188e-14,6.843173846060316,106.52734416032344,97.92875218987638,213.18099975585938,133.593994140625,220.0229949951172,133.4669952392578
48.75,4.63438987800765e-06,0.0,1.526730131207188e-14,6.843173846060316,106.52734416032344,97.92875218987638,213.18099975585938,133.593994140625,220.0229949951172,133.4669952392578
48.800000000000004,3.776225569661011e-07,0.0,1.526730131207188e-14,6.843173846060316,106.52734416032344,97.92875218987638,213.18099975585938,133.593994140625,220.0229949951172,133.4669952392578
48.85,8.925518215868847e-07,0.0,1.526730131207188e-14,6.843173846060316,106.52734416032344,97.92875218987638,213.18099975585938,133.593994140625,220.0229949951172,133.4669952392578
48.900000000000006,1.5104707997550765e-06,0.0,1.526730131207188e-14,6.843173846060316,106.52734416032344,97.92875218987638,213.18099975585938,133.593994140625,220.0229949951172,133.4669952392578
48.95,2.094062186112486e-06,0.0,1.526730131207188e-14,6.843173846060316,106.52734416032344,97.92875218987638,213.18099975585938,133.593994140625,220.0229949951172,133.4669952392578
49.0,2.6089923099448207e-06,0.0,1.526730131207188e-14,6.843173846060316,106.52734416032344,97.92875218987638,213.18099975585938,133.593994140625,220.0229949951172,133.4669952392578
49.050000000000004,3.26124281650669e-06,0.0,1.526730131207188e-14,6.843173846060316,106.52734416032344,97.92875218987638,213.18099975585938,133.593994140625,220.0229949951172,133.4669952392578
49.1,3.913488156287063e-06,0.0,1.526730131207188e-14,6.843173846060316,106.52734416032344,97.92875218987638,213.18099975585938,133.593994140625,220.0229949951172,133.4669952392578
49.150000000000006,4.565738171898503e-06,0.0,1.526730131207188e-14,6.843173846060316,106.52734416032344,97.92875218987638,213.18099975585938,133.593994140625,220.0229949951172,133.4669952392578
49.2,1.373156261539158e-07,0.0,1.526730131207188e-14,6.843173846060316,106.52734416032344,97.92875218987638,213.18099975585938,133.593994140625,220.0229949951172,133.4669952392578
49.25,7.209183541548166e-07,0.0,1.526730131207188e-14,6.843173846060316,106.52734416032344,97.92875218987638,213.18099975585938,133.593994140625,220.0229949951172,133.4669952392578
49.300000000000004,1.3731556676395159e-06,0.0,1.526730131207188e-14,6.843173846060316,106.52734416032344,97.92875218987638,213.18099975585938,133.593994140625,220.0229949951172,133.4669952392578
49.35,1.8880848929985561e-06,0.0,1.526730131207188e-14,6.843173846060316,106.52734416032344,97.92875218987638,213.18099975585938,133.593994140625,220.0229949951172,133.4669952392578
49.400000000000006,2.403019030844897e-06,0.0,1.526730131207188e-14,6.843173846060316,106.52734416032344,97.92875218987638,213.18099975585938,133.593994140625,220.0229949951172,133.4669952392578
49.45,3.055266212789536e-06,0.0,1.526730131207188e-14,6.843173846060316,106.52734416032344,97.92875218987638,213.18099975585938,133.593994140625,220.0229949951172,133.4669952392578
49.5,3.638845756808637e-06,0.0,1.526730131207188e-14,6.843173846060316,106.52734416032344,97.92875218987638,213.18099975585938,133.593994140625,220.0229949951172,133.4669952392578
49.550000000000004,4.256785396081252e-06,0.0,1.526730131207188e-14,6.843173846060316,106.52734416032344,97.92875218987638,213.18099975585938,133.593994140625,220.0229949951172,133.4669952392578
49.6,4.909031850361544e-06,0.0,1.526730131207188e-14,6.843173846060316,106.52734416032344,97.92875218987638,213.18099975585938,133.593994140625,220.0229949951172,133.4669952392578
49.650000000000006,5.149404470146386e-07,0.0,1.526730131207188e-14,6.843173846060316,106.52734416032344,97.92875218987638,213.18099975585938,133.593994140625,220.0229949951172,133.4669952392578
49.7,1.064192440208511e-06,0.0,1.526730131207188e-14,6.843173846060316,106.52734416032344,97.92875218987638,213.18099975585938,133.593994140625,220.0229949951172,133.4669952392578
49.75,1.6134565308987815e-06,0.0,1.526730131207188e-14,6.843173846060316,106.52734416032344,97.92875218987638,213.18099975585938,133.593994140625,220.0229949951172,133.4669952392578
49.800000000000004,2.3000345608818905e-06,0.0,1.526730131207188e-14,6.843173846060316,106.52734416032344,97.92875218987638,213.18099975585938,133.593994140625,220.0229949951172,133.4669952392578
49.85,2.9179537471295875e-06,0.0,1.526730131207188e-14,6.843173846060316,106.52734416032344,97.92875218987638,213.18099975585938,133.593994140625,220.0229949951172,133.4669952392578
49.900000000000006,3.535869458945984e-06,0.0,1.526730131207188e-14,6.843173846060316,106.52734416032344,97.92875218987638,213.18099975585938,133.593994140625,220.0229949951172,133.4669952392578
49.95,4.050793068998756e-06,0.0,1.526730131207188e-14,6.843173846060316,106.52734416032344,97.92875218987638,213.18099975585938,133.593994140625,220.0229949951172,133.4669952392578
50.0,4.703040098238746e-06,0.0,1.526730131207188e-14,6.843173846060316,106.52734416032344,97.92875218987638,213.18099975585938,133.593994140625,220.0229949951172,133.4669952392578
50.050000000000004,2.0597360826270928e-07,0.0,1.526730131207188e-14,6.843173846060316,106.52734416032344,97.92875218987638,213.18099975585938,133.593994140625,220.0229949951172,133.4669952392578
50.1,7.895628052338571e-07,0.0,1.526730131207188e-14,6.843173846060316,106.52734416032344,97.92875218987638,213.18099975585938,133.593994140625,220.0229949951172,133.4669952392578
50.150000000000006,1.3731568844144275e-06,0.0,1.526730131207188e-14,6.843173846060316,106.52734416032344,97.92875218987638,213.18099975585938,133.593994140625,220.0229949951172,133.4669952392578
50.2,1.8880849212071218e-06,0.0,1.526730131207188e-14,6.843173846060316,106.52734416032344,97.92875218987638,213.18099975585938,133.593994140625,220.0229949951172,133.4669952392578
50.25,2.5403347833579334e-06,0.0,1.526730131207188e-14,6.843173846060316,106.52734416032344,97.92875218987638,213.18099975585938,133.593994140625,220.0229949951172,133.4669952392578
50.300000000000004,3.1925815769625727e-06,0.0,1.526730131207188e-14,6.843173846060316,106.52734416032344,97.92875218987638,213.18099975585938,133.593994140625,220.0229949951172,133.4669952392578
50.35,3.8448368499730776e-06,0.0,1.526730131207188e-14,6.843173846060316,106.52734416032344,97.92875218987638,213.18099975585938,133.593994140625,220.0229949951172,133.4669952392578
50.400000000000006,4.394088003376612e-06,0.0,1.526730131207188e-14,6.843173846060316,106.52734416032344,97.92875218987638,213.18099975585938,133.593994140625,220.0229949951172,133.4669952392578
50.45,0.0,0.0,1.526730131207188e-14,6.843173846060316,106.52734416032344,97.92875218987638,213.18099975585938,133.593994140625,220.0229949951172,133.4669952392578
50.5,5.835893671850951e-07,0.0,1.526730131207188e-14,6.843173846060316,106.52734416032344,97.92875218987638,213.18099975585938,133.593994140625,220.0229949951172,133.4669952392578
50.550000000000004,1.1328515842025676e-06,0.0,1.526730131207188e-14,6.843173846060316,106.52734416032344,97.92875218987638,213.18099975585938,133.593994140625,220.0229949951172,133.4669952392578
50.6,1.7851010526067772e-06,0.0,1.526730131207188e-14,6.843173846060316,106.52734416032344,97.92875218987638,213.18099975585938,133.593994140625,220.0229949951172,133.4669952392578
50.650000000000006,2.3686884469633815e-06,0.0,1.526730131207188e-14,6.843173846060316,106.52734416032344,97.92875218987638,213.18099975585938,133.593994140625,220.0229949951172,133.4669952392578
50.7,2.952280852689687e-06,0.0,1.526730131207188e-14,6.843173846060316,106.52734416032344,97.92875218987638,213.18099975585938,133.593994140625,220.0229949951172,133.4669952392578
50.75,3.4672140283211374e-06,0.0,1.526730131207188e-14,6.843173846060316,106.52734416032344,97.92875218987638,213.18099975585938,133.593994140625,220.0229949951172,133.4669952392578
50.800000000000004,4.050792218936133e-06,0.0,1.526730131207188e-14,6.843173846060316,106.52734416032344,97.92875218987638,213.18099975585938,133.593994140625,220.0229949951172,133.4669952392578
50.85,4.703040038421966e-06,0.0,1.526730131207188e-14,6.843173846060316,106.52734416032344,97.92875218987638,213.18099975585938,133.593994140625,220.0229949951172,133.4669952392578
50.900000000000006,4.119475971965892e-07,0.0,1.526730131207188e-14,6.843173846060316,106.52734416032344,97.92875218987638,213.18099975585938,133.593994140625,220.0229949951172,133.4669952392578
50.95,9.955390075851682e-07,0.0,1.526730131207188e-14,6.843173846060316,106.52734416032344,97.92875218987638,213.18099975585938,133.593994140625,220.0229949951172,133.4669952392578
51.0,1.5791255973265626e-06,0.0,1.526730131207188e-14,6.843173846060316,106.52734416032344,97.92875218987638,213.18099975585938,133.593994140625,220.0229949951172,133.4669952392578
51.050000000000004,2.1283886776792977e-06,0.0,1.526730131207188e-14,6.843173846060316,106.52734416032344,97.92875218987638,213.18099975585938,133.593994140625,220.0229949951172,133.4669952392578
51.1,2.6776511736478527e-06,0.0,1.526730131207188e-14,6.843173846060316,106.52734416032344,97.92875218987638,213.18099975585938,133.593994140625,220.0229949951172,133.4669952392578
51.150000000000006,3.2955699871684807e-06,0.0,1.526730131207188e-14,6.843173846060316,106.52734416032344,97.92875218987638,213.18099975585938,133.593994140625,220.0229949951172,133.4669952392578
51.2,3.84483596467615e-06,0.0,1.526730131207188e-14,6.843173846060316,106.52734416032344,97.92875218987638,213.18099975585938,133.593994140625,220.0229949951172,133.4669952392578
51.25,4.497084720537169e-06,0.0,1.526730131207188e-14,6.843173846060316,106.52734416032344,97.92875218987638,213.18099975585938,133.593994140625,220.0229949951172,133.4669952392578
51.300000000000004,1.0298664813423725e-07,0.0,1.526730131207188e-14,6.843173846060316,106.52734416032344,97.92875218987638,213.18099975585938,133.593994140625,220.0229949951172,133.4669952392578
51.35,6.865778609414625e-07,0.0,1.526730131207188e-14,6.843173846060316,106.52734416032344,97.92875218987638,213.18099975585938,133.593994140625,220.0229949951172,133.4669952392578
51.400000000000006,1.3388259753082674e-06,0.0,1.526730131207188e-14,6.843173846060316,106.52734416032344,97.92875218987638,213.18099975585938,133.593994140625,220.0229949951172,133.4669952392578
51.45,1.991073636445948e-06,0.0,1.526730131207188e-14,6.843173846060316,106.52734416032344,97.92875218987638,213.18099975585938,133.593994140625,220.0229949951172,133.4669952392578
51.5,2.5060075909394794e-06,0.0,1.526730131207188e-14,6.843173846060316,106.52734416032344,97.92875218987638,213.18099975585938,133.593994140625,220.0229949951172,133.4669952392578
51.550000000000004,3.123925589632825e-06,0.0,1.526730131207188e-14,6.843173846060316,106.52734416032344,97.92875218987638,213.18099975585938,133.593994140625,220.0229949951172,133.4669952392578
51.6,3.63884422443698e-06,0.0,1.526730131207188e-14,6.843173846060316,106.52734416032344,97.92875218987638,213.18099975585938,133.593994140625,220.0229949951172,133.4669952392578
51.650000000000006,4.291092642723016e-06,0.0,1.526730131207188e-14,6.843173846060316,106.52734416032344,97.92875218987638,213.18099975585938,133.593994140625,220.0229949951172,133.4669952392578
51.7,4.874688869729758e-06,0.0,1.526730131207188e-14,6.843173846060316,106.52734416032344,97.92875218987638,213.18099975585938,133.593994140625,220.0229949951172,133.4669952392578
51.75,5.492688546332526e-07,0.0,1.526730131207188e-14,6.843173846060316,106.52734416032344,97.92875218987638,213.18099975585938,133.593994140625,220.0229949951172,133.4669952392578
51.800000000000004,1.0985251259264198e-06,0.0,1.526730131207188e-14,6.843173846060316,106.52734416032344,97.92875218987638,213.18099975585938,133.593994140625,220.0229949951172,133.4669952392578
51.85,1.7507703023679366e-06,0.0,1.526730131207188e-14,6.843173846060316,106.52734416032344,97.92875218987638,213.18099975585938,133.593994140625,220.0229949951172,133.4669952392578
51.900000000000006,2.265703120375673e-06,0.0,1.526730131207188e-14,6.843173846060316,106.52734416032344,97.92875218987638,213.18099975585938,133.593994140625,220.0229949951172,133.4669952392578
51.95,2.780637366786275e-06,0.0,1.526730131207188e-14,6.843173846060316,106.52734416032344,97.92875218987638,213.18099975585938,133.593994140625,220.0229949951172,133.4669952392578
52.0,3.432885419180925e-06,0.0,1.526730131207188e-14,6.843173846060316,106.52734416032344,97.92875218987638,213.18099975585938,133.593994140625,220.0229949951172,133.4669952392578
52.050000000000004,4.050792271560316e-06,0.0,1.526730131207188e-14,6.843173846060316,106.52734416032344,97.92875218987638,213.18099975585938,133.593994140625,220.0229949951172,133.4669952392578
52.1,4.668732000671611e-06,0.0,1.526730131207188e-14,6.843173846060316,106.52734416032344,97.92875218987638,213.18099975585938,133.593994140625,220.0229949951172,133.4669952392578
52.150000000000006,2.0597360826270928e-07,0.0,1.526730131207188e-14,6.843173846060316,106.52734416032344,97.92875218987638,213.18099975585938,133.593994140625,220.0229949951172,133.4669952392578
52.2,8.238938149975346e-07,0.0,1.526730131207188e-14,6.843173846060316,106.52734416032344,97.92875218987638,213.18099975585938,133.593994140625,220.0229949951172,133.4669952392578
52.25,1.4074814287632424e-06,0.0,1.526730131207188e-14,6.843173846060316,106.52734416032344,97.92875218987638,213.18099975585938,133.593994140625,220.0229949951172,133.4669952392578
52.300000000000004,2.0254032419231388e-06,0.0,1.526730131207188e-14,6.843173846060316,106.52734416032344,97.92875218987638,213.18099975585938,133.593994140625,220.0229949951172,133.4669952392578
52.35,2.67765300569896e-06,0.0,1.526730131207188e-14,6.843173846060316,106.52734416032344,97.92875218987638,213.18099975585938,133.593994140625,220.0229949951172,133.4669952392578
52.400000000000006,3.22691112991459e-06,0.0,1.526730131207188e-14,6.843173846060316,106.52734416032344,97.92875218987638,213.18099975585938,133.593994140625,220.0229949951172,133.4669952392578
52.45,3.7761854655422036e-06,0.0,1.526730131207188e-14,6.843173846060316,106.52734416032344,97.92875218987638,213.18099975585938,133.593994140625,220.0229949951172,133.4669952392578
52.5,4.42843244046417e-06,0.0,1.526730131207188e-14,6.843173846060316,106.52734416032344,97.92875218987638,213.18099975585938,133.593994140625,220.0229949951172,133.4669952392578
52.550000000000004,0.0,0.0,1.526730131207188e-14,6.843173846060316,106.52734416032344,97.92875218987638,213.18099975585938,133.593994140625,220.0229949951172,133.4669952392578
52.6,5.149381468434127e-07,0.0,1.526730131207188e-14,6.843173846060316,106.52734416032344,97.92875218987638,213.18099975585938,133.593994140625,220.0229949951172,133.4669952392578
52.650000000000006,1.1328515886148112e-06,0.0,1.526730131207188e-14,6.843173846060316,106.52734416032344,97.92875218987638,213.18099975585938,133.593994140625,220.0229949951172,133.4669952392578
52.7,1.8194352408251723e-06,0.0,1.526730131207188e-14,6.843173846060316,106.52734416032344,97.92875218987638,213.18099975585938,133.593994140625,220.0229949951172,133.4669952392578
52.75,2.4373501599348862e-06,0.0,1.526730131207188e-14,6.843173846060316,106.52734416032344,97.92875218987638,213.18099975585938,133.593994140625,220.0229949951172,133.4669952392578
52.800000000000004,3.089595512327684e-06,0.0,1.526730131207188e-14,6.843173846060316,106.52734416032344,97.92875218987638,213.18099975585938,133.593994140625,220.0229949951172,133.4669952392578
52.85,3.6045360723315024e-06,0.0,1.526730131207188e-14,6.843173846060316,106.52734416032344,97.92875218987638,213.18099975585938,133.593994140625,220.0229949951172,133.4669952392578
52.900000000000006,4.1537884270179745e-06,0.0,1.526730131207188e-14,6.843173846060316,106.52734416032344,97.92875218987638,213.18099975585938,133.593994140625,220.0229949951172,133.4669952392578
52.95,4.8060369509800195e-06,0.0,1.526730131207188e-14,6.843173846060316,106.52734416032344,97.92875218987638,213.18099975585938,133.593994140625,220.0229949951172,133.4669952392578
53.0,3.089615322084983e-07,0.0,1.526730131207188e-14,6.843173846060316,106.52734416032344,97.92875218987638,213.18099975585938,133.593994140625,220.0229949951172,133.4669952392578
53.050000000000004,8.925518451384873e-07,0.0,1.526730131207188e-14,6.843173846060316,106.52734416032344,97.92875218987638,213.18099975585938,133.593994140625,220.0229949951172,133.4669952392578
53.1,1.544806030604064e-06,0.0,1.526730131207188e-14,6.843173846060316,106.52734416032344,97.92875218987638,213.18099975585938,133.593994140625,220.0229949951172,133.4669952392578
53.150000000000006,2.1627182200479964e-06,0.0,1.526730131207188e-14,6.843173846060316,106.52734416032344,97.92875218987638,213.18099975585938,133.593994140625,220.0229949951172,133.4669952392578
53.2,2.7119794258462455e-06,0.0,1.526730131207188e-14,6.843173846060316,106.52734416032344,97.92875218987638,213.18099975585938,133.593994140625,220.0229949951172,133.4669952392578
53.25,3.3642256462676217e-06,0.0,1.526730131207188e-14,6.843173846060316,106.52734416032344,97.92875218987638,213.18099975585938,133.593994140625,220.0229949951172,133.4669952392578
53.300000000000004,3.913488796978143e-06,0.0,1.526730131207188e-14,6.843173846060316,106.52734416032344,97.92875218987638,213.18099975585938,133.593994140625,220.0229949951172,133.4669952392578
53.35,4.497084960247281e-06,0.0,1.526730131207188e-14,6.843173846060316,106.52734416032344,97.92875218987638,213.18099975585938,133.593994140625,220.0229949951172,133.4669952392578
53.400000000000006,1.0298672414396885e-07,0.0,1.526730131207188e-14,6.843173846060316,106.52734416032344,97.92875218987638,213.18099975585938,133.593994140625,220.0229949951172,133.4669952392578
53.45,7.209166322772806e-07,0.0,1.526730131207188e-14,6.843173846060316,106.52734416032344,97.92875218987638,213.18099975585938,133.593994140625,220.0229949951172,133.4669952392578
53.5,1.3044972805632818e-06,0.0,1.526730131207188e-14,6.843173846060316,106.52734416032344,97.92875218987638,213.18099975585938,133.593994140625,220.0229949951172,133.4669952392578
53.550000000000004,1.8537609748036524e-06,0.0,1.526730131207188e-14,6.843173846060316,106.52734416032344,97.92875218987638,213.18099975585938,133.593994140625,220.0229949951172,133.4669952392578
53.6,2.5060077801146714e-06,0.0,1.526730131207188e-14,6.843173846060316,106.52734416032344,97.92875218987638,213.18099975585938,133.593994140625,220.0229949951172,133.4669952392578
53.650000000000006,3.1239252886631282e-06,0.0,1.526730131207188e-14,6.843173846060316,106.52734416032344,97.92875218987638,213.18099975585938,133.593994140625,220.0229949951172,133.4669952392578
53.7,3.6388450077699886e-06,0.0,1.526730131207188e-14,6.843173846060316,106.52734416032344,97.92875218987638,213.18099975585938,133.593994140625,220.0229949951172,133.4669952392578
53.75,4.291092107920941e-06,0.0,1.526730131207188e-14,6.843173846060316,106.52734416032344,97.92875218987638,213.18099975585938,133.593994140625,220.0229949951172,133.4669952392578
53.800000000000004,4.874688362132311e-06,0.0,1.526730131207188e-14,6.843173846060316,106.52734416032344,97.92875218987638,213.18099975585938,133.593994140625,220.0229949951172,133.4669952392578
53.85,4.462854880250734e-07,0.0,1.526730131207188e-14,6.843173846060316,106.52734416032344,97.92875218987638,213.18099975585938,133.593994140625,220.0229949951172,133.4669952392578
53.900000000000006,1.098522047106124e-06,0.0,1.526730131207188e-14,6.843173846060316,106.52734416032344,97.92875218987638,213.18099975585938,133.593994140625,220.0229949951172,133.4669952392578
53.95,1.6821163841755085e-06,0.0,1.526730131207188e-14,6.843173846060316,106.52734416032344,97.92875218987638,213.18099975585938,133.593994140625,220.0229949951172,133.4669952392578
54.0,2.2657050877711787e-06,0.0,1.526730131207188e-14,6.843173846060316,106.52734416032344,97.92875218987638,213.18099975585938,133.593994140625,220.0229949951172,133.4669952392578
54.050000000000004,2.8836218470783154e-06,0.0,1.526730131207188e-14,6.843173846060316,106.52734416032344,97.92875218987638,213.18099975585938,133.593994140625,220.0229949951172,133.4669952392578
54.1,3.501541110333251e-06,0.0,1.526730131207188e-14,6.843173846060316,106.52734416032344,97.92875218987638,213.18099975585938,133.593994140625,220.0229949951172,133.4669952392578
54.150000000000006,4.016484002679256e-06,0.0,1.526730131207188e-14,6.843173846060316,106.52734416032344,97.92875218987638,213.18099975585938,133.593994140625,220.0229949951172,133.4669952392578
54.2,4.600080704887923e-06,0.0,1.526730131207188e-14,6.843173846060316,106.52734416032344,97.92875218987638,213.18099975585938,133.593994140625,220.0229949951172,133.4669952392578
54.25,2.40302145863213e-07,0.0,1.526730131207188e-14,6.843173846060316,106.52734416032344,97.92875218987638,213.18099975585938,133.593994140625,220.0229949951172,133.4669952392578
54.300000000000004,8.582220426513676e-07,0.0,1.526730131207188e-14,6.843173846060316,106.52734416032344,97.92875218987638,213.18099975585938,133.593994140625,220.0229949951172,133.4669952392578
54.35,1.3731573226779108e-06,0.0,1.526730131207188e-14,6.843173846060316,106.52734416032344,97.92875218987638,213.18099975585938,133.593994140625,220.0229949951172,133.4669952392578
54.400000000000006,2.0254035363233445e-06,0.0,1.526730131207188e-14,6.843173846060316,106.52734416032344,97.92875218987638,213.18099975585938,133.593994140625,220.0229949951172,133.4669952392578
54.45,2.5403328366105106e-06,0.0,1.526730131207188e-14,6.843173846060316,106.52734416032344,97.92875218987638,213.18099975585938,133.593994140625,220.0229949951172,133.4669952392578
54.5,3.1239253842975165e-06,0.0,1.526730131207188e-14,6.843173846060316,106.52734416032344,97.92875218987638,213.18099975585938,133.593994140625,220.0229949951172,133.4669952392578
54.550000000000004,3.7761843721867415e-06,0.0,1.526730131207188e-14,6.843173846060316,106.52734416032344,97.92875218987638,213.18099975585938,133.593994140625,220.0229949951172,133.4669952392578
54.6,4.325436249724779e-06,0.0,1.526730131207188e-14,6.843173846060316,106.52734416032344,97.92875218987638,213.18099975585938,133.593994140625,220.0229949951172,133.4669952392578
54.650000000000006,0.0,0.0,1.526730131207188e-14,6.843173846060316,106.52734416032344,97.92875218987638,213.18099975585938,133.593994140625,220.0229949951172,133.4669952392578
54.7,5.492630667438006e-07,0.0,1.526730131207188e-14,6.843173846060316,106.52734416032344,97.92875218987638,213.18099975585938,133.593994140625,220.0229949951172,133.4669952392578
54.75,1.0985219904939366e-06,0.0,1.526730131207188e-14,6.843173846060316,106.52734416032344,97.92875218987638,213.18099975585938,133.593994140625,220.0229949951172,133.4669952392578
54.800000000000004,1.7507703732673243e-06,0.0,1.526730131207188e-14,6.843173846060316,106.52734416032344,97.92875218987638,213.18099975585938,133.593994140625,220.0229949951172,133.4669952392578
54.85,2.334362558430705e-06,0.0,1.526730131207188e-14,6.843173846060316,106.52734416032344,97.92875218987638,213.18099975585938,133.593994140625,220.0229949951172,133.4669952392578
54.900000000000006,2.8492922075713985e-06,0.0,1.526730131207188e-14,6.843173846060316,106.52734416032344,97.92875218987638,213.18099975585938,133.593994140625,220.0229949951172,133.4669952392578
54.95,3.432884394283229e-06,0.0,1.526730131207188e-14,6.843173846060316,106.52734416032344,97.92875218987638,213.18099975585938,133.593994140625,220.0229949951172,133.4669952392578
55.0,4.016484167969544e-06,0.0,1.526730131207188e-14,6.843173846060316,106.52734416032344,97.92875218987638,213.18099975585938,133.593994140625,220.0229949951172,133.4669952392578
55.050000000000004,4.6343878295960425e-06,0.0,1.526730131207188e-14,6.843173846060316,106.52734416032344,97.92875218987638,213.18099975585938,133.593994140625,220.0229949951172,133.4669952392578
55.1,3.776186756196688e-07,0.0,1.526730131207188e-14,6.843173846060316,106.52734416032344,97.92875218987638,213.18099975585938,133.593994140625,220.0229949951172,133.4669952392578
55.150000000000006,8.925517947335156e-07,0.0,1.526730131207188e-14,6.843173846060316,106.52734416032344,97.92875218987638,213.18099975585938,133.593994140625,220.0229949951172,133.4669952392578
55.2,1.4418116412152754e-06,0.0,1.526730131207188e-14,6.843173846060316,106.52734416032344,97.92875218987638,213.18099975585938,133.593994140625,220.0229949951172,133.4669952392578
55.25,2.128389566158304e-06,0.0,1.526730131207188e-14,6.843173846060316,106.52734416032344,97.92875218987638,213.18099975585938,133.593994140625,220.0229949951172,133.4669952392578
55.300000000000004,2.71197938804206e-06,0.0,1.526730131207188e-14,6.843173846060316,106.52734416032344,97.92875218987638,213.18099975585938,133.593994140625,220.0229949951172,133.4669952392578
55.35,3.3642252153222363e-06,0.0,1.526730131207188e-14,6.843173846060316,106.52734416032344,97.92875218987638,213.18099975585938,133.593994140625,220.0229949951172,133.4669952392578
55.400000000000006,3.879144619534093e-06,0.0,1.526730131207188e-14,6.843173846060316,106.52734416032344,97.92875218987638,213.18099975585938,133.593994140625,220.0229949951172,133.4669952392578
55.45,4.497083824654251e-06,0.0,1.526730131207188e-14,6.843173846060316,106.52734416032344,97.92875218987638,213.18099975585938,133.593994140625,220.0229949951172,133.4669952392578
55.5,1.0298664813423725e-07,0.0,1.526730131207188e-14,6.843173846060316,106.52734416032344,97.92875218987638,213.18099975585938,133.593994140625,220.0229949951172,133.4669952392578
55.550000000000004,6.522486846041087e-07,0.0,1.526730131207188e-14,6.843173846060316,106.52734416032344,97.92875218987638,213.18099975585938,133.593994140625,220.0229949951172,133.4669952392578
55.6,1.2701693356875756e-06,0.0,1.526730131207188e-14,6.843173846060316,106.52734416032344,97.92875218987638,213.18099975585938,133.593994140625,220.0229949951172,133.4669952392578
55.650000000000006,1.7850996665181033e-06,0.0,1.526730131207188e-14,6.843173846060316,106.52734416032344,97.92875218987638,213.18099975585938,133.593994140625,220.0229949951172,133.4669952392578
55.7,2.403019099071848e-06,0.0,1.526730131207188e-14,6.843173846060316,106.52734416032344,97.92875218987638,213.18099975585938,133.593994140625,220.0229949951172,133.4669952392578
55.75,3.055271289041634e-06,0.0,1.526730131207188e-14,6.843173846060316,106.52734416032344,97.92875218987638,213.18099975585938,133.593994140625,220.0229949951172,133.4669952392578
55.800000000000004,3.7075486364982645e-06,0.0,1.526730131207188e-14,6.843173846060316,106.52734416032344,97.92875218987638,213.18099975585938,133.593994140625,220.0229949951172,133.4669952392578
55.85,4.256800223090423e-06,0.0,1.526730131207188e-14,6.843173846060316,106.52734416032344,97.92875218987638,213.18099975585938,133.593994140625,220.0229949951172,133.4669952392578
55.900000000000006,4.840386310131367e-06,0.0,1.526730131207188e-14,6.843173846060316,106.52734416032344,97.92875218987638,213.18099975585938,133.593994140625,220.0229949951172,133.4669952392578
55.95,5.492980465856011e-07,0.0,1.526730131207188e-14,6.843173846060316,106.52734416032344,97.92875218987638,213.18099975585938,133.593994140625,220.0229949951172,133.4669952392578
56.0,1.0642424241601977e-06,0.0,1.526730131207188e-14,6.843173846060316,106.52734416032344,97.92875218987638,213.18099975585938,133.593994140625,220.0229949951172,133.4669952392578
56.050000000000004,1.6134948401490607e-06,0.0,1.526730131207188e-14,6.843173846060316,106.52734416032344,97.92875218987638,213.18099975585938,133.593994140625,220.0229949951172,133.4669952392578
56.1,2.265711469802116e-06,0.0,1.526730131207188e-14,6.843173846060316,106.52734416032344,97.92875218987638,213.18099975585938,133.593994140625,220.0229949951172,133.4669952392578
56.150000000000006,2.9179514385181954e-06,0.0,1.526730131207188e-14,6.843173846060316,106.52734416032344,97.92875218987638,213.18099975585938,133.593994140625,220.0229949951172,133.4669952392578
56.2,3.570201748674493e-06,0.0,1.526730131207188e-14,6.843173846060316,106.52734416032344,97.92875218987638,213.18099975585938,133.593994140625,220.0229949951172,133.4669952392578
56.25,4.222450413617043e-06,0.0,1.526730131207188e-14,6.843173846060316,106.52734416032344,97.92875218987638,213.18099975585938,133.593994140625,220.0229949951172,133.4669952392578
56.300000000000004,4.737389298916739e-06,0.0,1.526730131207188e-14,6.843173846060316,106.52734416032344,97.92875218987638,213.18099975585938,133.593994140625,220.0229949951172,133.4669952392578
56.35,2.0597360826270928e-07,0.0,1.526730131207188e-14,6.843173846060316,106.52734416032344,97.92875218987638,213.18099975585938,133.593994140625,220.0229949951172,133.4669952392578
56.400000000000006,7.209136062710845e-07,0.0,1.526730131207188e-14,6.843173846060316,106.52734416032344,97.92875218987638,213.18099975585938,133.593994140625,220.0229949951172,133.4669952392578
56.45,1.235849289289471e-06,0.0,1.526730131207188e-14,6.843173846060316,106.52734416032344,97.92875218987638,213.18099975585938,133.593994140625,220.0229949951172,133.4669952392578
56.5,1.8194361644748642e-06,0.0,1.526730131207188e-14,6.843173846060316,106.52734416032344,97.92875218987638,213.18099975585938,133.593994140625,220.0229949951172,133.4669952392578
56.550000000000004,2.4716771853936993e-06,0.0,1.526730131207188e-14,6.843173846060316,106.52734416032344,97.92875218987638,213.18099975585938,133.593994140625,220.0229949951172,133.4669952392578
56.6,3.123929932620008e-06,0.0,1.526730131207188e-14,6.843173846060316,106.52734416032344,97.92875218987638,213.18099975585938,133.593994140625,220.0229949951172,133.4669952392578
56.650000000000006,3.7761988773239617e-06,0.0,1.526730131207188e-14,6.843173846060316,106.52734416032344,97.92875218987638,213.18099975585938,133.593994140625,220.0229949951172,133.4669952392578
56.7,4.394092948379281e-06,0.0,1.526730131207188e-14,6.843173846060316,106.52734416032344,97.92875218987638,213.18099975585938,133.593994140625,220.0229949951172,133.4669952392578
56.75,0.0,0.0,1.526730131207188e-14,6.843173846060316,106.52734416032344,97.92875218987638,213.18099975585938,133.593994140625,220.0229949951172,133.4669952392578
56.800000000000004,6.866282174768999e-07,0.0,1.526730131207188e-14,6.843173846060316,106.52734416032344,97.92875218987638,213.18099975585938,133.593994140625,220.0229949951172,133.4669952392578
56.85,1.2358851558791263e-06,0.0,1.526730131207188e-14,6.843173846060316,106.52734416032344,97.92875218987638,213.18099975585938,133.593994140625,220.0229949951172,133.4669952392578
56.900000000000006,1.8880937186626727e-06,0.0,1.526730131207188e-14,6.843173846060316,106.52734416032344,97.92875218987638,213.18099975585938,133.593994140625,220.0229949951172,133.4669952392578
56.95,2.540332951335857e-06,0.0,1.526730131207188e-14,6.843173846060316,106.52734416032344,97.92875218987638,213.18099975585938,133.593994140625,220.0229949951172,133.4669952392578
57.0,3.192584194610225e-06,0.0,1.526730131207188e-14,6.843173846060316,106.52734416032344,97.92875218987638,213.18099975585938,133.593994140625,220.0229949951172,133.4669952392578
57.050000000000004,3.741843704142665e-06,0.0,1.526730131207188e-14,6.843173846060316,106.52734416032344,97.92875218987638,213.18099975585938,133.593994140625,220.0229949951172,133.4669952392578
57.1,4.256784810846414e-06,0.0,1.526730131207188e-14,6.843173846060316,106.52734416032344,97.92875218987638,213.18099975585938,133.593994140625,220.0229949951172,133.4669952392578
57.150000000000006,4.771691836683125e-06,0.0,1.526730131207188e-14,6.843173846060316,106.52734416032344,97.92875218987638,213.18099975585938,133.593994140625,220.0229949951172,133.4669952392578
57.2,3.089615322084983e-07,0.0,1.526730131207188e-14,6.843173846060316,106.52734416032344,97.92875218987638,213.18099975585938,133.593994140625,220.0229949951172,133.4669952392578
57.25,8.239003072218184e-07,0.0,1.526730131207188e-14,6.843173846060316,106.52734416032344,97.92875218987638,213.18099975585938,133.593994140625,220.0229949951172,133.4669952392578
57.300000000000004,1.3388396003066262e-06,0.0,1.526730131207188e-14,6.843173846060316,106.52734416032344,97.92875218987638,213.18099975585938,133.593994140625,220.0229949951172,133.4669952392578
57.35,1.9224226608732796e-06,0.0,1.526730131207188e-14,6.843173846060316,106.52734416032344,97.92875218987638,213.18099975585938,133.593994140625,220.0229949951172,133.4669952392578
57.400000000000006,2.574662482163899e-06,0.0,1.526730131207188e-14,6.843173846060316,106.52734416032344,97.92875218987638,213.18099975585938,133.593994140625,220.0229949951172,133.4669952392578
57.45,3.2269139417404894e-06,0.0,1.526730131207188e-14,6.843173846060316,106.52734416032344,97.92875218987638,213.18099975585938,133.593994140625,220.0229949951172,133.4669952392578
57.5,3.879156849946534e-06,0.0,1.526730131207188e-14,6.843173846060316,106.52734416032344,97.92875218987638,213.18099975585938,133.593994140625,220.0229949951172,133.4669952392578
57.550000000000004,4.462756707029203e-06,0.0,1.526730131207188e-14,6.843173846060316,106.52734416032344,97.92875218987638,213.18099975585938,133.593994140625,220.0229949951172,133.4669952392578
57.6,1.373156261539158e-07,0.0,1.526730131207188e-14,6.843173846060316,106.52734416032344,97.92875218987638,213.18099975585938,133.593994140625,220.0229949951172,133.4669952392578
57.650000000000006,7.896250480119368e-07,0.0,1.526730131207188e-14,6.843173846060316,106.52734416032344,97.92875218987638,213.18099975585938,133.593994140625,220.0229949951172,133.4669952392578
57.7,1.3388717610600944e-06,0.0,1.526730131207188e-14,6.843173846060316,106.52734416032344,97.92875218987638,213.18099975585938,133.593994140625,220.0229949951172,133.4669952392578
57.75,1.991082561050889e-06,0.0,1.526730131207188e-14,6.843173846060316,106.52734416032344,97.92875218987638,213.18099975585938,133.593994140625,220.0229949951172,133.4669952392578
57.800000000000004,2.6433217260140667e-06,0.0,1.526730131207188e-14,6.843173846060316,106.52734416032344,97.92875218987638,213.18099975585938,133.593994140625,220.0229949951172,133.4669952392578
57.85,3.295572553040515e-06,0.0,1.526730131207188e-14,6.843173846060316,106.52734416032344,97.92875218987638,213.18099975585938,133.593994140625,220.0229949951172,133.4669952392578
57.900000000000006,3.844839242960052e-06,0.0,1.526730131207188e-14,6.843173846060316,106.52734416032344,97.92875218987638,213.18099975585938,133.593994140625,220.0229949951172,133.4669952392578
57.95,4.359780575559066e-06,0.0,1.526730131207188e-14,6.843173846060316,106.52734416032344,97.92875218987638,213.18099975585938,133.593994140625,220.0229949951172,133.4669952392578
58.0,4.87468814796942e-06,0.0,1.526730131207188e-14,6.843173846060316,106.52734416032344,97.92875218987638,213.18099975585938,133.593994140625,220.0229949951172,133.4669952392578
58.050000000000004,4.119478223905647e-07,0.0,1.526730131207188e-14,6.843173846060316,106.52734416032344,97.92875218987638,213.18099975585938,133.593994140625,220.0229949951172,133.4669952392578
58.1,9.268871306426124e-07,0.0,1.526730131207188e-14,6.843173846060316,106.52734416032344,97.92875218987638,213.18099975585938,133.593994140625,220.0229949951172,133.4669952392578
58.150000000000006,1.4418264413572914e-06,0.0,1.526730131207188e-14,6.843173846060316,106.52734416032344,97.92875218987638,213.18099975585938,133.593994140625,220.0229949951172,133.4669952392578
58.2,2.094061226851066e-06,0.0,1.526730131207188e-14,6.843173846060316,106.52734416032344,97.92875218987638,213.18099975585938,133.593994140625,220.0229949951172,133.4669952392578
58.25,2.7463076749647853e-06,0.0,1.526730131207188e-14,6.843173846060316,106.52734416032344,97.92875218987638,213.18099975585938,133.593994140625,220.0229949951172,133.4669952392578
58.300000000000004,3.39856263613399e-06,0.0,1.526730131207188e-14,6.843173846060316,106.52734416032344,97.92875218987638,213.18099975585938,133.593994140625,220.0229949951172,133.4669952392578
58.35,4.050810887888766e-06,0.0,1.526730131207188e-14,6.843173846060316,106.52734416032344,97.92875218987638,213.18099975585938,133.593994140625,220.0229949951172,133.4669952392578
58.400000000000006,4.634395716052923e-06,0.0,1.526730131207188e-14,6.843173846060316,106.52734416032344,97.92875218987638,213.18099975585938,133.593994140625,220.0229949951172,133.4669952392578
58.45,2.74638198119123e-07,0.0,1.526730131207188e-14,6.843173846060316,106.52734416032344,97.92875218987638,213.18099975585938,133.593994140625,220.0229949951172,133.4669952392578
58.5,8.926154944811183e-07,0.0,1.526730131207188e-14,6.843173846060316,106.52734416032344,97.92875218987638,213.18099975585938,133.593994140625,220.0229949951172,133.4669952392578
58.550000000000004,1.4418582914128618e-06,0.0,1.526730131207188e-14,6.843173846060316,106.52734416032344,97.92875218987638,213.18099975585938,133.593994140625,220.0229949951172,133.4669952392578
58.6,2.094069103999892e-06,0.0,1.526730131207188e-14,6.843173846060316,106.52734416032344,97.92875218987638,213.18099975585938,133.593994140625,220.0229949951172,133.4669952392578
58.650000000000006,2.746307202186757e-06,0.0,1.526730131207188e-14,6.843173846060316,106.52734416032344,97.92875218987638,213.18099975585938,133.593994140625,220.0229949951172,133.4669952392578
58.7,3.3985570185068574e-06,0.0,1.526730131207188e-14,6.843173846060316,106.52734416032344,97.92875218987638,213.18099975585938,133.593994140625,220.0229949951172,133.4669952392578
58.75,4.016491109968046e-06,0.0,1.526730131207188e-14,6.843173846060316,106.52734416032344,97.92875218987638,213.18099975585938,133.593994140625,220.0229949951172,133.4669952392578
58.800000000000004,4.531394759699256e-06,0.0,1.526730131207188e-14,6.843173846060316,106.52734416032344,97.92875218987638,213.18099975585938,133.593994140625,220.0229949951172,133.4669952392578
58.85,0.0,0.0,1.526730131207188e-14,6.843173846060316,106.52734416032344,97.92875218987638,213.18099975585938,133.593994140625,220.0229949951172,133.4669952392578
58.900000000000006,5.149381468432398e-07,0.0,1.526730131207188e-14,6.843173846060316,106.52734416032344,97.92875218987638,213.18099975585938,133.593994140625,220.0229949951172,133.4669952392578
58.95,1.0298774469466908e-06,0.0,1.526730131207188e-14,6.843173846060316,106.52734416032344,97.92875218987638,213.18099975585938,133.593994140625,220.0229949951172,133.4669952392578
59.0,1.5448167682409282e-06,0.0,1.526730131207188e-14,6.843173846060316,106.52734416032344,97.92875218987638,213.18099975585938,133.593994140625,220.0229949951172,133.4669952392578
59.050000000000004,2.1970470768401495e-06,0.0,1.526730131207188e-14,6.843173846060316,106.52734416032344,97.92875218987638,213.18099975585938,133.593994140625,220.0229949951172,133.4669952392578
59.1,2.849292345224122e-06,0.0,1.526730131207188e-14,6.843173846060316,106.52734416032344,97.92875218987638,213.18099975585938,133.593994140625,220.0229949951172,133.4669952392578
59.150000000000006,3.5015465204092533e-06,0.0,1.526730131207188e-14,6.843173846060316,106.52734416032344,97.92875218987638,213.18099975585938,133.593994140625,220.0229949951172,133.4669952392578
59.2,4.153804658166598e-06,0.0,1.526730131207188e-14,6.843173846060316,106.52734416032344,97.92875218987638,213.18099975585938,133.593994140625,220.0229949951172,133.4669952392578
59.25,4.7030492882064835e-06,0.0,1.526730131207188e-14,6.843173846060316,106.52734416032344,97.92875218987638,213.18099975585938,133.593994140625,220.0229949951172,133.4669952392578
59.300000000000004,4.119649398359577e-07,0.0,1.526730131207188e-14,6.843173846060316,106.52734416032344,97.92875218987638,213.18099975585938,133.593994140625,220.0229949951172,133.4669952392578
59.35,9.61256595768045e-07,0.0,1.526730131207188e-14,6.843173846060316,106.52734416032344,97.92875218987638,213.18099975585938,133.593994140625,220.0229949951172,133.4669952392578
59.400000000000006,1.5791443109092956e-06,0.0,1.526730131207188e-14,6.843173846060316,106.52734416032344,97.92875218987638,213.18099975585938,133.593994140625,220.0229949951172,133.4669952392578
59.45,2.2313749546575736e-06,0.0,1.526730131207188e-14,6.843173846060316,106.52734416032344,97.92875218987638,213.18099975585938,133.593994140625,220.0229949951172,133.4669952392578
59.5,2.8836229845790077e-06,0.0,1.526730131207188e-14,6.843173846060316,106.52734416032344,97.92875218987638,213.18099975585938,133.593994140625,220.0229949951172,133.4669952392578
59.550000000000004,3.5015458978993646e-06,0.0,1.526730131207188e-14,6.843173846060316,106.52734416032344,97.92875218987638,213.18099975585938,133.593994140625,220.0229949951172,133.4669952392578
59.6,4.016485898794447e-06,0.0,1.526730131207188e-14,6.843173846060316,106.52734416032344,97.92875218987638,213.18099975585938,133.593994140625,220.0229949951172,133.4669952392578
59.650000000000006,4.531392132940085e-06,0.0,1.526730131207188e-14,6.843173846060316,106.52734416032344,97.92875218987638,213.18099975585938,133.593994140625,220.0229949951172,133.4669952392578
59.7,1.0298664813423725e-07,0.0,1.526730131207188e-14,6.843173846060316,106.52734416032344,97.92875218987638,213.18099975585938,133.593994140625,220.0229949951172,133.4669952392578
59.75,6.179233033080141e-07,0.0,1.526730131207188e-14,6.843173846060316,106.52734416032344,97.92875218987638,213.18099975585938,133.593994140625,220.0229949951172,133.4669952392578
59.800000000000004,1.1328624682728109e-06,0.0,1.526730131207188e-14,6.843173846060316,106.52734416032344,97.92875218987638,213.18099975585938,133.593994140625,220.0229949951172,133.4669952392578
59.85,1.716446237185705e-06,0.0,1.526730131207188e-14,6.843173846060316,106.52734416032344,97.92875218987638,213.18099975585938,133.593994140625,220.0229949951172,133.4669952392578
59.900000000000006,2.3686885486890226e-06,0.0,1.526730131207188e-14,6.843173846060316,106.52734416032344,97.92875218987638,213.18099975585938,133.593994140625,220.0229949951172,133.4669952392578
59.95,3.0209422180839856e-06,0.0,1.526730131207188e-14,6.843173846060316,106.52734416032344,97.92875218987638,213.18099975585938,133.593994140625,220.0229949951172,133.4669952392578
60.0,3.6732046269600673e-06,0.0,1.526730131207188e-14,6.843173846060316,106.52734416032344,97.92875218987638,213.18099975585938,133.593994140625,220.0229949951172,133.4669952392578
60.050000000000004,4.359780604227116e-06,0.0,1.526730131207188e-14,6.843173846060316,106.52734416032344,97.92875218987638,213.18099975585938,133.593994140625,220.0229949951172,133.4669952392578
60.1,5.046341542471414e-06,0.0,1.526730131207188e-14,6.843173846060316,106.52734416032344,97.92875218987638,213.18099975585938,133.593994140625,220.0229949951172,133.4669952392578
60.150000000000006,4.119478223905647e-07,0.0,1.526730131207188e-14,6.843173846060316,106.52734416032344,97.92875218987638,213.18099975585938,133.593994140625,220.0229949951172,133.4669952392578
60.2,9.268864305926548e-07,0.0,1.526730131207188e-14,6.843173846060316,106.52734416032344,97.92875218987638,213.18099975585938,133.593994140625,220.0229949951172,133.4669952392578
60.25,1.5791258975269981e-06,0.0,1.526730131207188e-14,6.843173846060316,106.52734416032344,97.92875218987638,213.18099975585938,133.593994140625,220.0229949951172,133.4669952392578
60.300000000000004,2.265705299653772e-06,0.0,1.526730131207188e-14,6.843173846060316,106.52734416032344,97.92875218987638,213.18099975585938,133.593994140625,220.0229949951172,133.4669952392578
60.35,2.8836244114254955e-06,0.0,1.526730131207188e-14,6.843173846060316,106.52734416032344,97.92875218987638,213.18099975585938,133.593994140625,220.0229949951172,133.4669952392578
60.400000000000006,3.5015406037216876e-06,0.0,1.526730131207188e-14,6.843173846060316,106.52734416032344,97.92875218987638,213.18099975585938,133.593994140625,220.0229949951172,133.4669952392578
60.45,4.050792300441428e-06,0.0,1.526730131207188e-14,6.843173846060316,106.52734416032344,97.92875218987638,213.18099975585938,133.593994140625,220.0229949951172,133.4669952392578
60.5,4.565737469948001e-06,0.0,1.526730131207188e-14,6.843173846060316,106.52734416032344,97.92875218987638,213.18099975585938,133.593994140625,220.0229949951172,133.4669952392578
60.550000000000004,2.4030380825354777e-07,0.0,1.526730131207188e-14,6.843173846060316,106.52734416032344,97.92875218987638,213.18099975585938,133.593994140625,220.0229949951172,133.4669952392578
60.6,7.895644178295524e-07,0.0,1.526730131207188e-14,6.843173846060316,106.52734416032344,97.92875218987638,213.18099975585938,133.593994140625,220.0229949951172,133.4669952392578
60.650000000000006,1.3044963501153515e-06,0.0,1.526730131207188e-14,6.843173846060316,106.52734416032344,97.92875218987638,213.18099975585938,133.593994140625,220.0229949951172,133.4669952392578
60.7,1.922414825407544e-06,0.0,1.526730131207188e-14,6.843173846060316,106.52734416032344,97.92875218987638,213.18099975585938,133.593994140625,220.0229949951172,133.4669952392578
60.75,2.5403374386369693e-06,0.0,1.526730131207188e-14,6.843173846060316,106.52734416032344,97.92875218987638,213.18099975585938,133.593994140625,220.0229949951172,133.4669952392578
60.800000000000004,3.1239254215203006e-06,0.0,1.526730131207188e-14,6.843173846060316,106.52734416032344,97.92875218987638,213.18099975585938,133.593994140625,220.0229949951172,133.4669952392578
60.85,3.776185484316845e-06,0.0,1.526730131207188e-14,6.843173846060316,106.52734416032344,97.92875218987638,213.18099975585938,133.593994140625,220.0229949951172,133.4669952392578
60.900000000000006,4.428432439607106e-06,0.0,1.526730131207188e-14,6.843173846060316,106.52734416032344,97.92875218987638,213.18099975585938,133.593994140625,220.0229949951172,133.4669952392578
60.95,0.0,0.0,1.526730131207188e-14,6.843173846060316,106.52734416032344,97.92875218987638,213.18099975585938,133.593994140625,220.0229949951172,133.4669952392578
61.0,5.836116317795662e-07,0.0,1.526730131207188e-14,6.843173846060316,106.52734416032344,97.92875218987638,213.18099975585938,133.593994140625,220.0229949951172,133.4669952392578
61.050000000000004,1.235836862349579e-06,0.0,1.526730131207188e-14,6.843173846060316,106.52734416032344,97.92875218987638,213.18099975585938,133.593994140625,220.0229949951172,133.4669952392578
61.1,1.8537620827101508e-06,0.0,1.526730131207188e-14,6.843173846060316,106.52734416032344,97.92875218987638,213.18099975585938,133.593994140625,220.0229949951172,133.4669952392578
61.150000000000006,2.368688608487412e-06,0.0,1.526730131207188e-14,6.843173846060316,106.52734416032344,97.92875218987638,213.18099975585938,133.593994140625,220.0229949951172,133.4669952392578
61.2,2.8836220775082995e-06,0.0,1.526730131207188e-14,6.843173846060316,106.52734416032344,97.92875218987638,213.18099975585938,133.593994140625,220.0229949951172,133.4669952392578
61.25,3.398556966048214e-06,0.0,1.526730131207188e-14,6.843173846060316,106.52734416032344,97.92875218987638,213.18099975585938,133.593994140625,220.0229949951172,133.4669952392578
61.300000000000004,4.0507922600171004e-06,0.0,1.526730131207188e-14,6.843173846060316,106.52734416032344,97.92875218987638,213.18099975585938,133.593994140625,220.0229949951172,133.4669952392578
61.35,4.668759317987319e-06,0.0,1.526730131207188e-14,6.843173846060316,106.52734416032344,97.92875218987638,213.18099975585938,133.593994140625,220.0229949951172,133.4669952392578
61.400000000000006,3.089615322084983e-07,0.0,1.526730131207188e-14,6.843173846060316,106.52734416032344,97.92875218987638,213.18099975585938,133.593994140625,220.0229949951172,133.4669952392578
61.45,8.239003072218184e-07,0.0,1.526730131207188e-14,6.843173846060316,106.52734416032344,97.92875218987638,213.18099975585938,133.593994140625,220.0229949951172,133.4669952392578
61.5,1.3388396003066262e-06,0.0,1.526730131207188e-14,6.843173846060316,106.52734416032344,97.92875218987638,213.18099975585938,133.593994140625,220.0229949951172,133.4669952392578
61.550000000000004,1.9910752590659314e-06,0.0,1.526730131207188e-14,6.843173846060316,106.52734416032344,97.92875218987638,213.18099975585938,133.593994140625,220.0229949951172,133.4669952392578
61.6,2.643322957391809e-06,0.0,1.526730131207188e-14,6.843173846060316,106.52734416032344,97.92875218987638,213.18099975585938,133.593994140625,220.0229949951172,133.4669952392578
61.650000000000006,3.295578939962238e-06,0.0,1.526730131207188e-14,6.843173846060316,106.52734416032344,97.92875218987638,213.18099975585938,133.593994140625,220.0229949951172,133.4669952392578
61.7,3.947848381063012e-06,0.0,1.526730131207188e-14,6.843173846060316,106.52734416032344,97.92875218987638,213.18099975585938,133.593994140625,220.0229949951172,133.4669952392578
61.75,4.565761394735295e-06,0.0,1.526730131207188e-14,6.843173846060316,106.52734416032344,97.92875218987638,213.18099975585938,133.593994140625,220.0229949951172,133.4669952392578
61.800000000000004,1.0298664813423725e-07,0.0,1.526730131207188e-14,6.843173846060316,106.52734416032344,97.92875218987638,213.18099975585938,133.593994140625,220.0229949951172,133.4669952392578
61.85,6.179233033082072e-07,0.0,1.526730131207188e-14,6.843173846060316,106.52734416032344,97.92875218987638,213.18099975585938,133.593994140625,220.0229949951172,133.4669952392578
61.900000000000006,1.1328624682728109e-06,0.0,1.526730131207188e-14,6.843173846060316,106.52734416032344,97.92875218987638,213.18099975585938,133.593994140625,220.0229949951172,133.4669952392578
61.95,1.6821250452512857e-06,0.0,1.526730131207188e-14,6.843173846060316,106.52734416032344,97.92875218987638,213.18099975585938,133.593994140625,220.0229949951172,133.4669952392578
62.0,2.33436267076275e-06,0.0,1.526730131207188e-14,6.843173846060316,106.52734416032344,97.92875218987638,213.18099975585938,133.593994140625,220.0229949951172,133.4669952392578
62.050000000000004,3.020937744493739e-06,0.0,1.526730131207188e-14,6.843173846060316,106.52734416032344,97.92875218987638,213.18099975585938,133.593994140625,220.0229949951172,133.4669952392578
62.1,3.707531935486502e-06,0.0,1.526730131207188e-14,6.843173846060316,106.52734416032344,97.92875218987638,213.18099975585938,133.593994140625,220.0229949951172,133.4669952392578
62.150000000000006,4.3597800338442615e-06,0.0,1.526730131207188e-14,6.843173846060316,106.52734416032344,97.92875218987638,213.18099975585938,133.593994140625,220.0229949951172,133.4669952392578
62.2,4.874688207849054e-06,0.0,1.526730131207188e-14,6.843173846060316,106.52734416032344,97.92875218987638,213.18099975585938,133.593994140625,220.0229949951172,133.4669952392578
62.25,4.119478223905647e-07,0.0,1.526730131207188e-14,6.843173846060316,106.52734416032344,97.92875218987638,213.18099975585938,133.593994140625,220.0229949951172,133.4669952392578
62.300000000000004,9.268871306426124e-07,0.0,1.526730131207188e-14,6.843173846060316,106.52734416032344,97.92875218987638,213.18099975585938,133.593994140625,220.0229949951172,133.4669952392578
62.35,1.5791257252450944e-06,0.0,1.526730131207188e-14,6.843173846060316,106.52734416032344,97.92875218987638,213.18099975585938,133.593994140625,220.0229949951172,133.4669952392578
62.400000000000006,2.23137830877734e-06,0.0,1.526730131207188e-14,6.843173846060316,106.52734416032344,97.92875218987638,213.18099975585938,133.593994140625,220.0229949951172,133.4669952392578
62.45,2.849299620306036e-06,0.0,1.526730131207188e-14,6.843173846060316,106.52734416032344,97.92875218987638,213.18099975585938,133.593994140625,220.0229949951172,133.4669952392578
62.5,3.535871007984881e-06,0.0,1.526730131207188e-14,6.843173846060316,106.52734416032344,97.92875218987638,213.18099975585938,133.593994140625,220.0229949951172,133.4669952392578
62.550000000000004,4.085145720532115e-06,0.0,1.526730131207188e-14,6.843173846060316,106.52734416032344,97.92875218987638,213.18099975585938,133.593994140625,220.0229949951172,133.4669952392578
62.6,4.737385714239571e-06,0.0,1.526730131207188e-14,6.843173846060316,106.52734416032344,97.92875218987638,213.18099975585938,133.593994140625,220.0229949951172,133.4669952392578
62.650000000000006,2.4030380825354777e-07,0.0,1.526730131207188e-14,6.843173846060316,106.52734416032344,97.92875218987638,213.18099975585938,133.593994140625,220.0229949951172,133.4669952392578
62.7,8.925718247168202e-07,0.0,1.526730131207188e-14,6.843173846060316,106.52734416032344,97.92875218987638,213.18099975585938,133.593994140625,220.0229949951172,133.4669952392578
62.75,1.4074860591430736e-06,0.0,1.526730131207188e-14,6.843173846060316,106.52734416032344,97.92875218987638,213.18099975585938,133.593994140625,220.0229949951172,133.4669952392578
62.800000000000004,1.922414871129614e-06,0.0,1.526730131207188e-14,6.843173846060316,106.52734416032344,97.92875218987638,213.18099975585938,133.593994140625,220.0229949951172,133.4669952392578
62.85,2.4373479667367265e-06,0.0,1.526730131207188e-14,6.843173846060316,106.52734416032344,97.92875218987638,213.18099975585938,133.593994140625,220.0229949951172,133.4669952392578
62.900000000000006,3.0209364971316165e-06,0.0,1.526730131207188e-14,6.843173846060316,106.52734416032344,97.92875218987638,213.18099975585938,133.593994140625,220.0229949951172,133.4669952392578
62.95,3.7075322442911804e-06,0.0,1.526730131207188e-14,6.843173846060316,106.52734416032344,97.92875218987638,213.18099975585938,133.593994140625,220.0229949951172,133.4669952392578
63.0,4.359779846115937e-06,0.0,1.526730131207188e-14,6.843173846060316,106.52734416032344,97.92875218987638,213.18099975585938,133.593994140625,220.0229949951172,133.4669952392578
63.050000000000004,0.0,0.0,1.526730131207188e-14,6.843173846060316,106.52734416032344,97.92875218987638,213.18099975585938,133.593994140625,220.0229949951172,133.4669952392578
63.1,5.149374809538159e-07,0.0,1.526730131207188e-14,6.843173846060316,106.52734416032344,97.92875218987638,213.18099975585938,133.593994140625,220.0229949951172,133.4669952392578
63.150000000000006,1.2015135924032555e-06,0.0,1.526730131207188e-14,6.843173846060316,106.52734416032344,97.92875218987638,213.18099975585938,133.593994140625,220.0229949951172,133.4669952392578
63.2,1.7850999627909366e-06,0.0,1.526730131207188e-14,6.843173846060316,106.52734416032344,97.92875218987638,213.18099975585938,133.593994140625,220.0229949951172,133.4669952392578
63.25,2.3343625466774857e-06,0.0,1.526730131207188e-14,6.843173846060316,106.52734416032344,97.92875218987638,213.18099975585938,133.593994140625,220.0229949951172,133.4669952392578
63.300000000000004,2.9522812526867644e-06,0.0,1.526730131207188e-14,6.843173846060316,106.52734416032344,97.92875218987638,213.18099975585938,133.593994140625,220.0229949951172,133.4669952392578
63.35,3.535870248736267e-06,0.0,1.526730131207188e-14,6.843173846060316,106.52734416032344,97.92875218987638,213.18099975585938,133.593994140625,220.0229949951172,133.4669952392578
63.400000000000006,4.1881322678404126e-06,0.0,1.526730131207188e-14,6.843173846060316,106.52734416032344,97.92875218987638,213.18099975585938,133.593994140625,220.0229949951172,133.4669952392578
63.45,4.703040038764549e-06,0.0,1.526730131207188e-14,6.843173846060316,106.52734416032344,97.92875218987638,213.18099975585938,133.593994140625,220.0229949951172,133.4669952392578
63.5,3.089615322084983e-07,0.0,1.526730131207188e-14,6.843173846060316,106.52734416032344,97.92875218987638,213.18099975585938,133.593994140625,220.0229949951172,133.4669952392578
63.550000000000004,9.95539228110785e-07,0.0,1.526730131207188e-14,6.843173846060316,106.52734416032344,97.92875218987638,213.18099975585938,133.593994140625,220.0229949951172,133.4669952392578
63.6,1.5791263142039414e-06,0.0,1.526730131207188e-14,6.843173846060316,106.52734416032344,97.92875218987638,213.18099975585938,133.593994140625,220.0229949951172,133.4669952392578
63.650000000000006,2.162718149104098e-06,0.0,1.526730131207188e-14,6.843173846060316,106.52734416032344,97.92875218987638,213.18099975585938,133.593994140625,220.0229949951172,133.4669952392578
63.7,2.6776517013492323e-06,0.0,1.526730131207188e-14,6.843173846060316,106.52734416032344,97.92875218987638,213.18099975585938,133.593994140625,220.0229949951172,133.4669952392578
63.75,3.364226503574598e-06,0.0,1.526730131207188e-14,6.843173846060316,106.52734416032344,97.92875218987638,213.18099975585938,133.593994140625,220.0229949951172,133.4669952392578
63.800000000000004,3.982140531666595e-06,0.0,1.526730131207188e-14,6.843173846060316,106.52734416032344,97.92875218987638,213.18099975585938,133.593994140625,220.0229949951172,133.4669952392578
63.85,4.565736030011615e-06,0.0,1.526730131207188e-14,6.843173846060316,106.52734416032344,97.92875218987638,213.18099975585938,133.593994140625,220.0229949951172,133.4669952392578
63.900000000000006,1.0298664813423725e-07,0.0,1.526730131207188e-14,6.843173846060316,106.52734416032344,97.92875218987638,213.18099975585938,133.593994140625,220.0229949951172,133.4669952392578
63.95,7.209098830959217e-07,0.0,1.526730131207188e-14,6.843173846060316,106.52734416032344,97.92875218987638,213.18099975585938,133.593994140625,220.0229949951172,133.4669952392578
64.0,1.2358369072285852e-06,0.0,1.526730131207188e-14,6.843173846060316,106.52734416032344,97.92875218987638,213.18099975585938,133.593994140625,220.0229949951172,133.4669952392578
64.05,1.922415266311062e-06,0.0,1.526730131207188e-14,6.843173846060316,106.52734416032344,97.92875218987638,213.18099975585938,133.593994140625,220.0229949951172,133.4669952392578
64.10000000000001,2.5746634337382908e-06,0.0,1.526730131207188e-14,6.843173846060316,106.52734416032344,97.92875218987638,213.18099975585938,133.593994140625,220.0229949951172,133.4669952392578
64.15,3.1239257395514313e-06,0.0,1.526730131207188e-14,6.843173846060316,106.52734416032344,97.92875218987638,213.18099975585938,133.593994140625,220.0229949951172,133.4669952392578
64.2,3.707532052448381e-06,0.0,1.526730131207188e-14,6.843173846060316,106.52734416032344,97.92875218987638,213.18099975585938,133.593994140625,220.0229949951172,133.4669952392578
64.25,4.256783936400087e-06,0.0,1.526730131207188e-14,6.843173846060316,106.52734416032344,97.92875218987638,213.18099975585938,133.593994140625,220.0229949951172,133.4669952392578
64.3,4.806036177583164e-06,0.0,1.526730131207188e-14,6.843173846060316,106.52734416032344,97.92875218987638,213.18099975585938,133.593994140625,220.0229949951172,133.4669952392578
64.35000000000001,5.149404470146386e-07,0.0,1.526730131207188e-14,6.843173846060316,106.52734416032344,97.92875218987638,213.18099975585938,133.593994140625,220.0229949951172,133.4669952392578
64.4,1.0298665048190465e-06,0.0,1.526730131207188e-14,6.843173846060316,106.52734416032344,97.92875218987638,213.18099975585938,133.593994140625,220.0229949951172,133.4669952392578
64.45,1.579125715069713e-06,0.0,1.526730131207188e-14,6.843173846060316,106.52734416032344,97.92875218987638,213.18099975585938,133.593994140625,220.0229949951172,133.4669952392578
64.5,2.197046166751152e-06,0.0,1.526730131207188e-14,6.843173846060316,106.52734416032344,97.92875218987638,213.18099975585938,133.593994140625,220.0229949951172,133.4669952392578
64.55,2.780636527676157e-06,0.0,1.526730131207188e-14,6.843173846060316,106.52734416032344,97.92875218987638,213.18099975585938,133.593994140625,220.0229949951172,133.4669952392578
64.60000000000001,3.4328848943279947e-06,0.0,1.526730131207188e-14,6.843173846060316,106.52734416032344,97.92875218987638,213.18099975585938,133.593994140625,220.0229949951172,133.4669952392578
64.65,4.0507924798928445e-06,0.0,1.526730131207188e-14,6.843173846060316,106.52734416032344,97.92875218987638,213.18099975585938,133.593994140625,220.0229949951172,133.4669952392578
64.7,4.565736080932757e-06,0.0,1.526730131207188e-14,6.843173846060316,106.52734416032344,97.92875218987638,213.18099975585938,133.593994140625,220.0229949951172,133.4669952392578
64.75,2.0597360826270928e-07,0.0,1.526730131207188e-14,6.843173846060316,106.52734416032344,97.92875218987638,213.18099975585938,133.593994140625,220.0229949951172,133.4669952392578
64.8,7.895628052338567e-07,0.0,1.526730131207188e-14,6.843173846060316,106.52734416032344,97.92875218987638,213.18099975585938,133.593994140625,220.0229949951172,133.4669952392578
64.85000000000001,1.3731568844144275e-06,0.0,1.526730131207188e-14,6.843173846060316,106.52734416032344,97.92875218987638,213.18099975585938,133.593994140625,220.0229949951172,133.4669952392578
64.9,1.9910762228374803e-06,0.0,1.526730131207188e-14,6.843173846060316,106.52734416032344,97.92875218987638,213.18099975585938,133.593994140625,220.0229949951172,133.4669952392578
64.95,2.6433221431117653e-06,0.0,1.526730131207188e-14,6.843173846060316,106.52734416032344,97.92875218987638,213.18099975585938,133.593994140625,220.0229949951172,133.4669952392578
65.0,3.1582549763449834e-06,0.0,1.526730131207188e-14,6.843173846060316,106.52734416032344,97.92875218987638,213.18099975585938,133.593994140625,220.0229949951172,133.4669952392578
65.05,3.6731885564715727e-06,0.0,1.526730131207188e-14,6.843173846060316,106.52734416032344,97.92875218987638,213.18099975585938,133.593994140625,220.0229949951172,133.4669952392578
65.10000000000001,4.325436257233566e-06,0.0,1.526730131207188e-14,6.843173846060316,106.52734416032344,97.92875218987638,213.18099975585938,133.593994140625,220.0229949951172,133.4669952392578
65.15,0.0,0.0,1.526730131207188e-14,6.843173846060316,106.52734416032344,97.92875218987638,213.18099975585938,133.593994140625,220.0229949951172,133.4669952392578
65.2,6.522515993958193e-07,0.0,1.526730131207188e-14,6.843173846060316,106.52734416032344,97.92875218987638,213.18099975585938,133.593994140625,220.0229949951172,133.4669952392578
65.25,1.2015119833466186e-06,0.0,1.526730131207188e-14,6.843173846060316,106.52734416032344,97.92875218987638,213.18099975585938,133.593994140625,220.0229949951172,133.4669952392578
65.3,1.7850999778663748e-06,5.808312605167913,0.5808312605168066,6.947160064141954,106.52734416032344,98.03276268080111,213.18099975585938,133.593994140625,220.1269989013672,133.4669952392578
65.35000000000001,2.3686886068310323e-06,12.207377151098102,1.8015689756266169,7.1151319697163835,106.52734416032344,98.20076291687226,213.18099975585938,133.593994140625,220.2949981689453,133.4669952392578
65.4,2.8836219987947284e-06,14.397071981653513,3.241276173791968,7.312107605341225,106.52734416032344,98.39777272053311,213.18099975585938,133.593994140625,220.49200439453125,133.4669952392578
65.45,3.5015407118863952e-06,15.532591639421002,4.794535337734068,7.529054531946137,106.52734416032344,98.61478112470232,213.18099975585938,133.593994140625,220.70899963378906,133.46800231933594
65.5,4.1537884263527275e-06,17.25280206141391,6.519815543875458,7.769028658195371,106.52734416032344,98.85479997676043,213.18099975585938,133.593994140625,220.94900512695312,133.46800231933594
65.55,4.771692157259331e-06,18.30485236311484,8.350300780186942,8.02198886656906,106.52734416032344,99.10780112015813,213.18099975585938,133.593994140625,221.20199584960938,133.46800231933594
65.60000000000001,3.089615320943517e-07,18.648985322379264,10.215199312424868,8.28996396970537,106.52734416032344,99.37581284273882,213.18099975585938,133.593994140625,221.47000122070312,133.46800231933594
65.65,8.925518451000154e-07,21.358477628675644,12.351047075292431,8.582931891160335,106.52734416032344,99.66881510331761,213.18099975585938,133.593994140625,221.76300048828125,133.46800231933594
65.7,1.5791262701262e-06,20.416518930723758,14.392698968364808,8.871903741326992,106.52734416032344,99.95781717482463,213.18099975585938,133.593994140625,222.052001953125,133.46800231933594
65.75,2.162719485026213e-06,23.035881657985634,16.696287134163374,9.187867232979839,106.52734416032344,100.27381149705911,213.18099975585938,133.593994140625,222.3679962158203,133.46800231933594
65.8,0.04963611022369337,21.966747557802353,18.312130629426818,9.499849915847813,106.52835124063793,100.58481636263303,213.17999267578125,133.593994140625,222.6790008544922,133.46800231933594
65.85000000000001,0.008883476313876046,24.39592846658993,19.530985760976,9.833820390760893,106.52835139069728,100.91881641428543,213.17999267578125,133.593994140625,223.01300048828125,133.46800231933594
65.9,0.02304135620524909,23.226212412473412,20.41389980405799,10.161796276488102,106.52835143074415,101.24682040769771,213.17999267578125,133.593994140625,223.34100341796875,133.46800231933594
65.95,0.00873111382633669,25.496338387897683,21.410274478905656,10.510768562929893,106.52835166078083,101.59582024474263,213.17999267578125,133.593994140625,223.69000244140625,133.46800231933594
66.0,0.008395751814472325,24.245877310922634,22.109582003856527,10.85273922057464,106.52835181072376,101.93781660347743,213.17999267578125,133.593994140625,224.03199768066406,133.46800231933594
66.05,0.02385195740119421,26.388339159696727,22.91793068351472,11.213722827102375,106.52835204076044,102.29882490600707,213.17999267578125,133.593994140625,224.39300537109375,133.46800231933594
66.10000000000001,0.00829287931786077,25.071199929716204,23.560152144248413,11.566697559421607,106.52835215077292,102.65182244987189,213.17999267578125,133.593994140625,224.74600219726562,133.46800231933594
66.15,0.042222991873975275,27.111577878799384,24.135462169260784,11.93866989245681,106.52835238069318,103.02381676694682,213.17999267578125,133.593994140625,225.1179962158203,133.46800231933594
66.2,0.028055625515047276,25.739361594518535,24.66774643564026,12.299642523177635,106.52935946078249,103.38581665151503,213.18099975585938,133.593994140625,225.47999572753906,133.46800231933594
66.25,0.0631922670257881,27.69781614416125,25.13393988425782,12.678620871808917,106.53036654087853,103.76582165322098,213.1820068359375,133.593994140625,225.86000061035156,133.46800231933594
66.3,0.05040721421734556,26.280604537590353,25.565325582236618,13.04859806130967,106.53036666090273,104.13581696595728,213.1820068359375,133.593994140625,226.22999572753906,133.46800231933594
66.35000000000001,0.0872237020636675,28.172681517584895,25.94300088733612,13.433590299357602,106.53135848220313,104.5218186021667,213.18299865722656,133.593994140625,226.61599731445312,133.46800231933594
66.4,0.07546824903492945,26.71918440855668,26.29229808694445,13.808574133070392,106.53236556228443,104.89782580621389,213.1840057373047,133.593994140625,226.99200439453125,133.46800231933594
66.45,0.1128535357406623,28.557193251443366,26.598383573299014,14.198548906046438,106.53436446365724,105.28982537879686,213.18600463867188,133.593994140625,227.38400268554688,133.468994140625
66.5,0.1020470456911193,27.074680873375932,26.881263929544343,14.578539354252722,106.53535628494953,105.67082218107204,213.18699645996094,133.593994140625,227.76499938964844,133.468994140625
66.55,0.14081725308153958,28.868411168717344,27.129271130446405,14.973529443561326,106.53735518632234,106.06782537471449,213.18899536132812,133.593994140625,228.16200256347656,133.468994140625
66.60000000000001,0.13079231816152692,27.362822322314074,27.358433369706187,15.355520173793378,106.53935408768993,106.45182814867478,213.1909942626953,133.593994140625,228.54600524902344,133.468994140625
66.65,0.16999885569887413,29.120336184374462,27.559309200263698,15.753502279461046,106.54135298906014,106.85182206183757,213.1929931640625,133.593994140625,228.9459991455078,133.468994140625
66.7,0.16113024696035327,27.59635179156067,27.74500821996791,16.13947668732488,106.54336714921679,107.23982263104057,213.19500732421875,133.593994140625,229.33399963378906,133.468994140625
66.75,0.2024175758564172,29.324275145718783,27.907654120123663,16.539474108263096,106.54635787187681,107.64282252253453,213.197998046875,133.593994140625,229.73699951171875,133.468994140625
66.8,0.1949497238189237,27.78556699706933,28.058150366071562,16.926456669093184,106.54936385332239,108.03282198468766,213.2010040283203,133.593994140625,230.1269989013672,133.468994140625
66.85000000000001,0.2371316504098648,29.48944278234956,28.189826492548026,17.32946105190907,106.55235457598066,108.43882785400024,213.20399475097656,133.593994140625,230.5330047607422,133.468994140625
66.9,0.23191849003911544,27.938851921017758,28.311793243794135,17.718443426560174,106.55536055742624,108.83082620765201,213.20700073242188,133.593994140625,230.9250030517578,133.468994140625
66.95,0.27902558253863585,29.6231450916419,28.418388427813987,18.1214334848512,106.55935836016513,109.23782389487177,213.21099853515625,133.593994140625,231.33200073242188,133.468994140625
67.0,0.5767857966245412,28.063086855889143,28.51722902606531,18.51041670552455,106.56436324335755,109.63182114026928,213.21600341796875,133.593994140625,231.7259979248047,133.468994140625
67.05,0.9584213467733194,29.731431464852495,28.603531055678825,18.90840280809175,106.57536483175856,110.04081772614526,213.2270050048828,133.593994140625,232.13499450683594,133.468994140625
67.10000000000001,1.111278052034135,28.163740962459936,28.683622919693413,19.289406587333872,106.59036422207008,110.43682912333875,213.24200439453125,133.593994140625,232.531005859375,133.468994140625
67.15,1.1849625306590605,29.819125576389986,28.753501858894964,19.682403865394374,106.60635543322552,110.84582570738772,213.25799560546875,133.593994140625,232.94000244140625,133.468994140625
67.2,1.2536068734422185,28.245280841979636,28.818394763936862,20.062401211866636,106.62335372424313,111.24282891910802,213.27499389648438,133.593994140625,233.33700561523438,133.468994140625
67.25,1.1317500514080532,29.890155001630276,28.87498274952801,20.458389763962593,106.63835311406638,111.653824403414,213.2899932861328,133.593994140625,233.7480010986328,133.468994140625
67.3,0.9393229882222487,28.31134051416935,28.927560101238008,20.842370140620147,106.65236068303167,112.05181943114948,213.3040008544922,133.593994140625,234.14599609375,133.468994140625
67.35000000000001,0.8656528578521553,29.947647359293548,28.973380558932412,21.240373367998902,106.66536117196574,112.46283017364186,213.31700134277344,133.593994140625,234.5570068359375,133.468994140625
67.4,0.9854447965739367,28.36490683605858,29.015986050436492,21.626353119793496,106.67836166038583,112.8618170184,213.3300018310547,133.593994140625,234.95599365234375,133.468994140625
67.45,1.0109629134386893,29.994194698598527,29.053091011132153,22.024356844104148,106.69235396998381,113.27381958191954,213.343994140625,133.593994140625,235.3679962158203,133.468994140625
67.5,1.141045474722198,28.408286895650527,29.08761101510829,22.408347846566123,106.70735335964162,113.67282295306481,213.35899353027344,133.593994140625,235.76699829101562,133.47000122070312
67.55,1.2299691010832923,30.031850061848225,29.117652874807863,22.804322724284418,106.72436690947748,114.08581733783811,213.37600708007812,133.593994140625,236.17999267578125,133.47000122070312
67.60000000000001,1.334795484888994,28.443458200542302,29.1456245986161,23.18532914017844,106.74235702184724,114.48481943526973,213.3939971923828,133.593994140625,236.57899475097656,133.47000122070312
67.65,1.4553253983589525,30.062378104014222,29.169949851378522,23.58032785873395,106.76135421427453,114.89882090023971,213.41299438476562,133.593994140625,236.9929962158203,133.47000122070312
67.7,1.4924961737765854,28.47193478528109,29.192615245708662,23.958313431964633,106.78236556684452,115.29782299532943,213.4340057373047,133.593994140625,237.39199829101562,133.47000122070312
67.75,1.6236973773190575,30.087073145254386,29.212307060071076,24.350321816718278,106.80435348188927,115.71182446051498,213.45599365234375,133.593994140625,237.80599975585938,133.47000122070312
67.8,1.6452360082434228,28.495045292729912,29.230677537927136,24.72830770868952,106.8263566557186,116.11181837486578,213.47799682617188,133.593994140625,238.20599365234375,133.47000122070312
67.85000000000001,1.567004694715592,30.107050964999214,29.246617898497696,25.12030114925678,106.84835982956433,116.52581984034647,213.5,133.593994140625,238.6199951171875,133.47000122070312
67.9,1.7982181668253883,28.513764750258016,29.26150368991764,25.4972955217191,106.87236190476332,116.92682083308699,213.5240020751953,133.593994140625,239.02099609375,133.47000122070312
67.95,1.9196855873354162,30.12325226671193,29.27440944672898,25.885291491668443,106.89836288135636,117.34082229889309,213.5500030517578,133.593994140625,239.43499755859375,133.47000122070312
68.0,2.124835588642158,28.528920555016455,29.286472812665572,26.256304747854006,106.92735458064001,117.74083146894068,213.57899475097656,133.593994140625,239.8350067138672,133.47000122070312
68.05,2.1870833180768114,30.13631905354476,29.296919711835226,26.64028795547175,106.95735335996505,118.1548176763195,213.60899353027344,133.593994140625,240.24899291992188,133.47000122070312
68.10000000000001,2.327314096382061,28.541233679737086,29.306697259754706,27.010279116957587,106.98835921934476,118.55581866643472,213.63999938964844,133.593994140625,240.64999389648438,133.47000122070312
68.15,2.301041074755551,30.14694139994863,29.31515358934815,27.393286002769816,107.02035690001158,118.97082721303696,213.6719970703125,133.593994140625,241.06500244140625,133.47000122070312
68.2,2.341220795245074,28.55120536923524,29.323080647743563,27.761278496149437,107.0533616607738,119.37182820214018,213.7050018310547,133.593994140625,241.46600341796875,133.47000122070312
68.25,2.3710647751489056,30.155507257698332,29.329924058987956,28.14327852260344,107.08535934146268,119.7858296690301,213.73699951171875,133.593994140625,241.8800048828125,133.47000122070312
68.3,2.4743525424308856,28.559304253574382,29.336349955072404,28.510279398837966,107.11935592350014,120.18683065727107,213.77099609375,133.593994140625,242.281005859375,133.47000122070312
68.35000000000001,2.6377851750230965,30.16245607673251,29.341890466245736,28.889258406528175,107.15536666569587,120.6018239457671,213.8070068359375,133.593994140625,242.6959991455078,133.47000122070312
68.4,2.7916311322396394,28.565820435667515,29.34709603478668,29.252261694406446,107.19336105047859,121.00282493324738,213.84500122070312,133.593994140625,243.0970001220703,133.47000122070312
68.45,2.9182217419739955,30.168072810959096,29.351578089211397,29.627258369051955,107.23335433662794,121.41781822207166,213.88499450683594,133.593994140625,243.51199340820312,133.47000122070312
68.5,3.0600364306171657,28.571148736114417,29.355800907321196,29.986244706660788,107.27536178292962,121.8188204354947,213.927001953125,133.593994140625,243.91299438476562,133.4709930419922
68.55,3.1670609053683534,30.172608084947175,29.35942981046144,30.35825089346865,107.31836105051312,122.23382898341605,213.97000122070312,133.593994140625,244.3280029296875,133.4709930419922
68.60000000000001,3.2971362928544967,28.57546939481467,29.362853381969195,30.71425081145542,107.36335921946167,122.63482996972787,214.01499938964844,133.593994140625,244.72900390625,133.4709930419922
68.65,3.3948725707415965,30.17628162383801,29.365787404358134,31.08224411206936,107.41035628977474,123.04982325914669,214.06199645996094,133.593994140625,245.1439971923828,133.4709930419922
68.7,3.5165706669389696,28.57896093843844,29.368562961278457,31.436245276389325,107.45836044016542,123.45183132503176,214.11000061035156,133.593994140625,245.54600524902344,133.4709930419922
68.75,3.61224057522655,30.17926852112753,29.370939087621377,31.80124800832104,107.50735641184512,123.86583279342926,214.15899658203125,133.593994140625,245.9600067138672,133.4709930419922
68.8,3.7338845998318053,28.58180532665914,29.373189194929854,32.151236262484154,107.55935836497014,124.26782560012892,214.21099853515625,133.593994140625,246.36199951171875,133.4709930419922
68.85000000000001,3.8350807160766895,30.18167863901384,29.375111451157988,32.514224969435915,107.6113603180952,124.68281889004523,214.26300048828125,133.593994140625,246.77699279785156,133.4709930419922
68.9,3.9618007603734067,28.584108987315396,29.37694030632278,32.860230819398545,107.66635299387644,125.08381987512024,214.3179931640625,133.593994140625,247.17799377441406,133.4709930419922
68.95,4.07088086121315,30.18362527343265,29.378495552570136,33.21923712118861,107.72235274973583,125.49882842404489,214.37399291992188,133.593994140625,247.59300231933594,133.4709930419922
69.0,4.192345058436153,28.585944017657017,29.3799750807244,33.56422074160762,107.77935958567343,125.90082123008507,214.43099975585938,133.593994140625,247.9949951171875,133.4709930419922
69.05,4.293576802003151,30.185173655139526,29.381231637743632,33.92022118440873,107.83836532297813,126.31582977920282,214.49000549316406,133.593994140625,248.41000366210938,133.4709930419922
69.10000000000001,4.420872769781041,28.587492378250474,29.382433936087217,34.26023056699641,107.89935470286096,126.71683076369872,214.55099487304688,133.593994140625,248.81100463867188,133.4709930419922
69.15,4.53769308686736,30.18646797924234,29.38345257162765,34.61320988325622,107.96136642161107,127.13182405420851,214.61300659179688,133.593994140625,249.2259979248047,133.4709930419922
69.2,4.669992985435558,28.58871630242812,29.38442810802662,34.951220464242134,108.02536178293961,127.5338321185371,214.677001953125,133.593994140625,249.6280059814453,133.4709930419922
69.25,4.792788750897372,30.187477346437216,29.385248990557585,35.299225533150555,108.0913560456353,127.94783358792503,214.7429962158203,133.593994140625,250.04200744628906,133.4709930419922
69.3,4.923396928665677,28.58968788716021,29.386037246607692,35.633207898854195,108.1593644684874,128.34982639326475,214.81100463867188,133.593994140625,250.44400024414062,133.4709930419922
69.35000000000001,5.040000972404249,30.188304753266884,29.386699858032994,35.97919889985748,108.22836471262818,128.7648196840844,214.8800048828125,133.593994140625,250.85899353027344,133.4709930419922
69.4,5.155632979922928,28.590516996063453,29.3873406589078,36.31020589367716,108.29936385813599,129.16682774803712,214.9510040283203,133.593994140625,251.26100158691406,133.4709930419922
69.45,5.264101135375966,30.188987965047463,29.387876928069282,36.65219918949346,108.37236190501102,129.58182103898386,215.0240020751953,133.593994140625,251.67599487304688,133.4709930419922
69.5,5.374153295867049,28.591164145642924,29.388398940867877,36.97919321346425,108.44636703196439,129.98282202272466,215.09800720214844,133.593994140625,252.07699584960938,133.4709930419922
69.55,5.483197370694143,30.1895269816661,29.388834273520537,37.319202946833975,108.52137074157905,130.3978317944845,215.17300415039062,133.59500122070312,252.49200439453125,133.4720001220703
69.60000000000001,5.594293241747766,28.5917048673376,29.38925552242925,37.64419814452554,108.59836659118865,130.79982459935334,215.25,133.59500122070312,252.8939971923828,133.4720001220703
69.65,5.708449393978251,30.189959568502204,29.389604681355234,37.98021016108177,108.67736134216526,131.2148331493122,215.32899475097656,133.59500122070312,253.3090057373047,133.4720001220703
69.7,5.826061536988895,28.592135727221514,29.38994662383457,38.30120763681757,108.75736317321999,131.61583413280243,215.40899658203125,133.59500122070312,253.7100067138672,133.4720001220703
69.75,5.9470575133276204,30.19032005774065,29.390230894964912,38.634198488641076,108.83936390564187,132.03082742406193,215.49099731445312,133.59500122070312,254.125,133.4720001220703
69.8,6.070897511042206,28.592496207358792,29.390511726984773,38.95219005375533,108.92336353943107,132.43282022871847,215.5749969482422,133.59500122070312,254.52699279785156,133.4720001220703
69.85000000000001,6.196429663301824,30.190608449347156,29.3907420965928,39.282190253753356,109.00837025329841,132.84782877884527,215.66000366210938,133.59500122070312,254.94200134277344,133.4720001220703
69.9,6.322537747227083,28.59278459099301,29.390968856085756,39.59619934625505,109.0953606097441,133.24882976213144,215.7469940185547,133.59500122070312,255.34300231933594,133.4720001220703
69.95,6.448537672780915,30.190824743242064,29.39115253390521,39.92218655618282,109.18436512634587,133.663823053542,215.83599853515625,133.59500122070312,255.75799560546875,133.4720001220703
70.0,6.574069834562052,28.593000877522694,29.391336207093183,40.233189729691475,109.2753685443149,134.06583111682002,215.927001953125,133.59500122070312,256.1600036621094,133.4720001220703
70.05,6.699061623874593,30.191003271672248,29.391483836093794,40.55620153823294,109.36736378357286,134.48083966709274,216.0189971923828,133.59500122070312,256.57501220703125,133.4720001220703
70.10000000000001,6.823657802874663,28.593181116545278,29.391631461014562,40.864168271758786,109.46137318298699,134.88281721271707,216.11300659179688,133.59500122070312,256.97698974609375,133.4720001220703
70.15,6.942097794853909,30.191147467872018,29.391750250951542,41.18318234109164,109.55736622497919,135.297825763045,216.20899963378906,133.59500122070312,257.3919982910156,133.4720001220703
70.2,7.065541714989469,28.593359639352553,29.39187264216465,41.48718184923243,109.6543663470495,135.69882674613,216.30599975585938,133.59500122070312,257.7929992675781,133.4720001220703
70.25,7.2043218530579995,30.1912916640724,29.391969802797824,41.80218291698455,109.75437245056524,136.11383529651346,216.406005859375,133.59500122070312,258.2080078125,133.4720001220703
70.3,7.3522099165466415,28.59346778185223,29.392066960247167,42.10316123722482,109.8553703753705,136.51581284202103,216.5070037841797,133.59500122070312,258.6099853515625,133.4720001220703
70.35000000000001,7.504778314014845,30.191363762488066,29.39214249156126,42.41517163465021,109.95836720154358,136.9308213924417,216.61000061035156,133.59500122070312,259.0249938964844,133.4720001220703
70.4,7.657238555396948,28.59357592468023,29.39222162492998,42.710168571384266,110.06437000916209,137.3318223754239,216.71600341796875,133.59500122070312,259.4259948730469,133.4720001220703
70.45,7.805917852120956,30.191473626389087,29.392286513244688,43.018184066904354,110.17136923497473,137.74683092588813,216.822998046875,133.5959930419922,259.84100341796875,133.4720001220703
70.5,7.948765916057989,28.593648019277776,29.3923512274202,43.31019030803243,110.28136984532682,138.14883898888502,216.93299865722656,133.5959930419922,260.2430114746094,133.4720001220703
70.55,8.085277957399827,30.19150795929709,29.392401696182684,43.613164739454106,110.39336935704569,138.5638182438059,217.0449981689453,133.5959930419922,260.6579895019531,133.47300720214844
70.60000000000001,8.216858181254103,28.59372011418598,29.392455595946757,43.90216506244583,110.50637594884256,138.96582630676886,217.1580047607422,133.5959930419922,261.05999755859375,133.47300720214844
70.65,8.34584630224429,30.191580057662872,29.39249885492584,44.20218220408548,110.62136618321762,139.38083485730192,217.2729949951172,133.5959930419922,261.4750061035156,133.47300720214844
70.7,8.474222451908386,28.593792209424485,29.39254211193303,44.48617769352051,110.73837057774902,139.78183584017546,217.38999938964844,133.5959930419922,261.8760070800781,133.47300720214844
70.75,8.60364228724079,30.19161782374654,29.39257472790044,44.782151301693844,110.85737387364762,140.19681387315583,217.50900268554688,133.5959930419922,262.2909851074219,133.47300720214844
70.8,8.735366675169644,28.593828256344956,29.392610775349716,45.063156107640715,110.97837607091334,140.59882193605813,217.6300048828125,133.5959930419922,262.6929931640625,133.47300720214844
70.85000000000001,8.870042771577262,30.19165215657946,29.392639614758856,45.35616955010637,111.10037008946806,141.01383048664164,217.7519989013672,133.5959930419922,263.1080017089844,133.47300720214844
70.9,9.007742691194812,28.593864303375675,29.392668452628396,45.63316133551829,111.224378268179,141.41483146946155,217.87600708007812,133.5959930419922,263.5090026855469,133.47300720214844
70.95,9.148142845598688,30.191652157100187,29.392686305699506,45.921169939944505,111.35137716954621,141.82984002007052,218.0030059814453,133.5959930419922,263.92401123046875,133.47300720214844
71.0,9.290270771779774,28.593900350726027,29.392711538844328,46.19515847138792,111.47937185418732,142.23181756534072,218.13099670410156,133.5970001220703,264.32598876953125,133.47300720214844
71.05,9.43297459622669,30.191689923099666,29.392729735224584,46.48016111343789,111.6093767369999,142.64682611596774,218.26100158691406,133.5970001220703,264.7409973144531,133.47300720214844
71.10000000000001,9.575498211171887,28.593936398183203,29.392751363624303,46.75016443041715,111.74138052117969,143.04883417881015,218.39300537109375,133.5970001220703,265.14300537109375,133.47300720214844
71.15,9.717266504256548,30.191724255863818,29.3927657834444,47.03118456636688,111.87536794793763,143.46384272945727,218.52699279785156,133.5970001220703,265.5580139160156,133.47300720214844
71.2,9.858134430728867,28.59393639702102,29.392780202204058,47.295175963307344,112.01237661492986,143.86484371221619,218.66400146484375,133.5970001220703,265.9590148925781,133.47300720214844
71.25,9.998138889176767,30.191724256343747,29.392790845463782,47.57215255633145,112.15037710321114,144.27982174529754,218.802001953125,133.5970001220703,266.3739929199219,133.47300720214844
71.3,10.13760262114182,28.59393639603278,29.392801659432564,47.83416033793796,112.29037649285958,144.68182980809837,218.94200134277344,133.5970001220703,266.7760009765625,133.47300720214844
71.35000000000001,10.276778797620786,30.191724256743733,29.39280886944899,48.10716968012256,112.4323747838752,145.0968383587696,219.08399963378906,133.5970001220703,267.1910095214844,133.47300720214844
71.4,10.416134405106076,28.593972443892202,29.392819683500647,48.36514917418372,112.57637197625803,145.4988159039793,219.22799682617188,133.5970001220703,267.5929870605469,133.47300720214844
71.45,10.556102805697932,30.19172425716772,29.3928268935074,48.63515256454712,112.72137624871897,145.9138244546695,219.3730010986328,133.5970001220703,268.00799560546875,133.47300720214844
71.5,10.69697072134413,28.59397244335987,29.392834102770784,48.88816029231935,112.86937467029846,146.3148254373879,219.52099609375,133.59800720214844,268.40899658203125,133.47300720214844
71.55,10.83236693674783,30.19175858988076,29.392840969448894,49.15315882068948,113.0193838255719,146.7298339880911,219.67100524902344,133.59800720214844,268.8240051269531,133.47300720214844
71.60000000000001,10.972731020142637,28.594008491569145,29.39284817878749,49.404162593452355,113.1703848021344,147.13184327435943,219.82200622558594,133.59800720214844,269.22601318359375,133.4739990234375
71.65,11.130266405881319,30.19175859029404,29.392851612230515,49.66514810399534,113.32437650135323,147.5468213074861,219.9759979248047,133.59800720214844,269.6409912109375,133.4739990234375
71.7,11.29881901043305,28.594008491243333,29.392858821652748,49.91014246095542,113.4803823607287,147.94782229017912,220.1320037841797,133.59800720214844,270.0419921875,133.4739990234375
71.75,11.473347162275603,30.191758590666915,29.39286225508506,50.16716071491688,113.63837186268285,148.36283084090272,220.2899932861328,133.59800720214844,270.4570007324219,133.4739990234375
71.8,11.648307049581158,28.594008491064024,29.39286946458818,50.408157296339205,113.79938260487165,148.76483890365063,220.4510040283203,133.59800720214844,270.8590087890625,133.4739990234375
71.85000000000001,11.818838909439954,30.191758591033768,29.392872898017185,50.659133103411435,113.96338406971654,149.1798169368017,220.61500549316406,133.59800720214844,271.27398681640625,133.4739990234375
71.9,11.981774764490762,28.594008490516497,29.392876502679616,50.89614716683982,114.12837735584989,149.58182499954282,220.77999877929688,133.59800720214844,271.6759948730469,133.4739990234375
71.95,12.135782490354307,30.191758591367556,29.392879936099597,51.1431557148,114.29637662342813,149.9968335502716,220.947998046875,133.59800720214844,272.09100341796875,133.4739990234375
72.0,12.281942734812398,28.594008490142983,29.39288354077791,51.374160249792176,114.46637768564314,150.3978345329499,221.1179962158203,133.5989990234375,272.49200439453125,133.4739990234375
72.05,12.42302693337257,30.191758591721346,29.392883540961968,51.61816282709726,114.63738293466668,150.8128430836914,221.28900146484375,133.5989990234375,272.9070129394531,133.4739990234375
72.10000000000001,12.561627182054156,28.59400849010054,29.39288354081511,51.8461437286811,114.81137890634662,151.21482062884894,221.46299743652344,133.5989990234375,273.3089904785156,133.4739990234375
72.15,12.700226575780967,30.191758592079818,29.392883540993683,52.085141450579194,114.98738903818298,151.62982917959113,221.63900756835938,133.5989990234375,273.7239990234375,133.4739990234375
72.2,12.841274721292368,28.594008489939213,29.392883540863266,52.31016216739487,115.16437573251925,152.03183724231312,221.8159942626953,133.5989990234375,274.1260070800781,133.4739990234375
72.25,12.986210994202587,30.191758592406764,29.392883541037254,52.54513159256,115.3443836670897,152.4468152754776,221.99600219726562,133.5989990234375,274.5409851074219,133.4739990234375
72.3,13.135898865966128,28.594008489768804,29.39288354090773,52.76513219308751,115.5253834229491,152.84781625813673,222.177001953125,133.5989990234375,274.9419860839844,133.4739990234375
72.35000000000001,13.291491041902159,30.191758592705195,29.392883541074873,52.99614961431834,115.70937390146473,153.26282480888545,222.36099243164062,133.5989990234375,275.35699462890625,133.4739990234375
72.4,13.452195275321754,28.5940084897199,29.39288354099521,53.21215243362973,115.89537854013666,153.6648328716003,222.5469970703125,133.5989990234375,275.7590026855469,133.4739990234375
72.45,13.614806635927616,30.19175859305674,29.39288354116413,53.43915918024825,116.08338477747355,154.0798414223549,222.73500061035156,133.60000610351562,276.17401123046875,133.4739990234375
72.5,13.776842921317188,28.594008489833005,29.392883541133138,53.649165312337956,116.27437904016904,154.48084240500773,222.92599487304688,133.60000610351562,276.57501220703125,133.4739990234375
72.55,13.93643046239028,30.191758593382353,29.392883541299238,53.872141384673085,116.46638038294266,154.89582043818544,223.1179962158203,133.60000610351562,276.989990234375,133.4739990234375
72.60000000000001,14.078882747195642,28.594008489786283,29.392883541267814,54.07913921560093,116.66138770716142,155.29782976232858,223.31300354003906,133.60000610351562,277.3919982910156,133.47500610351562
72.65,14.180870993017148,30.19175859366424,29.39288354142626,54.29715621390422,116.85837867395874,155.71283831308952,223.50999450683594,133.60000610351562,277.8070068359375,133.47500610351562
72.7,14.249522570874952,28.59400848986738,29.39288354141908,54.50215750351114,117.0553848995478,156.114846375791,223.70700073242188,133.60000610351562,278.2090148925781,133.47500610351562
72.75,14.30885036365437,30.191758593974583,29.392883541575866,54.718129838357875,117.25439002650737,156.52982440897406,223.906005859375,133.60000610351562,278.6239929199219,133.47500610351562
72.8,14.373074824623586,28.594008489920743,29.39288354159106,54.92014042133884,117.45337989467819,156.93082539161244,224.10499572753906,133.60000610351562,279.0249938964844,133.47500610351562
72.85000000000001,14.453785694332222,30.191758594262673,29.392883541746812,55.13515372103731,117.65337930222096,157.34583394237305,224.30499267578125,133.6009979248047,279.44000244140625,133.47500610351562
72.9,14.55775406997498,28.594008489954092,29.39288354177023,55.33515014874957,117.85539041062131,157.74784200507418,224.5070037841797,133.6009979248047,279.8420104980469,133.47500610351562
72.95,14.68591470636665,30.191758594566828,29.392883541921236,55.54712469926745,118.05839334030904,158.1628200382569,224.7100067138672,133.6009979248047,280.2569885253906,133.47500610351562
73.0,14.833766647745442,28.594044538984853,29.392887146836422,55.74313860088832,118.26337991257495,158.56382102089495,224.9149932861328,133.6009979248047,280.6579895019531,133.47500610351562
73.05,14.996089645755411,30.191758594884135,29.392887146986595,55.95215296180323,118.47038064499853,158.97983665171938,225.1219940185547,133.6009979248047,281.0740051269531,133.47500610351562
73.10000000000001,15.166693591786132,28.594044539008284,29.392890751908794,56.1431467417001,118.68038735886864,159.38083763435915,225.33200073242188,133.6009979248047,281.4750061035156,133.47500610351562
73.15,15.337477796492458,30.191758595183884,29.392890752060758,56.34614916229264,118.89239297410653,159.7958461851211,225.54400634765625,133.6009979248047,281.8900146484375,133.47500610351562
73.2,15.501781778253545,28.59400849039202,29.39289075211322,56.53312989734423,119.10738931199981,160.197823730239,225.75900268554688,133.6009979248047,282.2919921875,133.47500610351562
73.25,15.655502823677061,30.19175859545985,29.392890752261746,56.73213453205039,119.3233927299702,160.61283228100683,225.97500610351562,133.6009979248047,282.7070007324219,133.47500610351562
73.3,15.797629851837357,28.594044539203047,29.392894357189977,56.91414092036047,119.54238687059566,161.01383326363862,226.19400024414062,133.6009979248047,283.1080017089844,133.47500610351562
73.35000000000001,15.929714715950524,30.191758595758923,29.3928943573396,57.10914999927571,119.76239039629735,161.42884181440579,226.41400146484375,133.6020050048828,283.52301025390625,133.47500610351562
73.4,16.05510302091809,28.59404453948744,29.39289796229294,57.28813515356588,119.98538233965678,161.83081935952387,226.63699340820312,133.6020050048828,283.92498779296875,133.47500610351562
73.45,16.177897542015454,30.19175859604633,29.39289796244089,57.479144207486414,120.20938136309448,162.2458279102984,226.86099243164062,133.6020050048828,284.3399963378906,133.47500610351562
73.5,16.301881672976773,28.594044539807488,29.392897962523154,57.656145729664836,120.43438746661043,162.6478359729931,227.08599853515625,133.6020050048828,284.74200439453125,133.47500610351562
73.55,16.430078376586668,30.19175859632555,29.39289796266729,57.84315699642643,120.66238429278258,163.06284452376647,227.31399536132812,133.6020050048828,285.1570129394531,133.47500610351562
73.60000000000001,16.564106431413805,28.594044539816743,29.39289796274814,58.015153653181805,120.89138819903266,163.46384550639877,227.54299926757812,133.6020050048828,285.5580139160156,133.47500610351562
73.65,16.704146077264735,30.191758596622158,29.392897962891965,58.19912627787254,121.12239100664986,163.8788247248483,227.7740020751953,133.6020050048828,285.9729919433594,133.4759979248047
73.7,16.849333814353486,28.59404454024119,29.392901567876883,58.367140411351116,121.35638453692333,164.2808327875442,228.00799560546875,133.6020050048828,286.375,133.4759979248047
73.75,16.997942807065364,30.191758596888445,29.392901568019745,58.54715007098036,121.59138724025908,164.6958413383253,228.2429962158203,133.60299682617188,286.7900085449219,133.4759979248047
73.8,17.147990253057174,28.59404454032785,29.392901568132224,58.711151150840536,121.82838675197803,165.0968423209569,228.47999572753906,133.60299682617188,287.1910095214844,133.4759979248047
73.85000000000001,17.297606825367723,30.191758597191434,29.392901568275477,58.88612327710382,122.06839224514223,165.51182035415258,228.72000122070312,133.60299682617188,287.6059875488281,133.4759979248047
73.9,17.445530822652838,28.594044540503074,29.392901568377045,59.04713364563632,122.30938955959552,165.9138284168478,228.96099853515625,133.60299682617188,288.00799560546875,133.4759979248047
73.95,17.59104297689933,30.19175859746247,29.39290156851866,59.218138500489786,122.55339285549402,166.32883696762167,229.2050018310547,133.60299682617188,288.4230041503906,133.4759979248047
74.0,17.734069481985593,28.594044540689232,29.392901568606835,59.375151079602716,122.79838797268155,166.7308450303174,229.4499969482422,133.60299682617188,288.82501220703125,133.4759979248047
74.05,17.875190566298635,30.191758597767677,29.392901568751046,59.542127627644135,123.04638907131437,167.14582306351423,229.697998046875,133.60299682617188,289.239990234375,133.4759979248047
74.10000000000001,18.0038902377232,28.594044540885807,29.39290156885795,59.69412008041963,123.29539725002532,167.546824046146,229.94700622558594,133.60299682617188,289.6409912109375,133.4759979248047
74.15,18.125645623908085,30.191758598041616,29.392901568999896,59.85813858028195,123.54639116578372,167.96183259691955,230.197998046875,133.60400390625,290.0559997558594,133.4759979248047
74.2,18.258086893606993,28.59404454104375,29.392901569080145,60.0071403157412,123.79939716234921,168.363840659608,230.4510040283203,133.60400390625,290.4580078125,133.4759979248047
74.25,18.400393721804118,30.19175859831127,29.392901569222424,60.16712835681505,124.0543867881445,168.77881869280418,230.70599365234375,133.60400390625,290.87298583984375,133.4759979248047
74.3,18.551450576472597,28.59404454117662,29.392901569307305,60.31312412037616,124.31039875103536,169.18082675549297,230.96200561523438,133.60400390625,291.2749938964844,133.4759979248047
74.35000000000001,18.70866153537432,30.19175859857261,29.39290156944542,60.46914488850821,124.56938617814346,169.59583530627356,231.2209930419922,133.60400390625,291.69000244140625,133.4759979248047
74.4,18.86864652424639,28.59404454145025,29.39290156954014,60.60813688666898,124.83139484580227,169.99683628889943,231.48300170898438,133.60400390625,292.09100341796875,133.4759979248047
74.45,19.028557674799703,30.191758598843197,29.392901569678212,60.76014460550312,125.09439533480347,170.41184483968001,231.74600219726562,133.60400390625,292.5060119628906,133.4759979248047
74.5,19.181126851897915,28.594044541707657,29.392901569780054,60.89613272481143,125.36038839548804,170.81382238479114,232.01199340820312,133.60499572753906,292.9079895019531,133.4759979248047
74.55,19.333153582669137,30.191758599160234,29.39290156991931,61.0441273890523,125.6274019457596,171.22883093556533,232.2790069580078,133.60499572753906,293.322998046875,133.4759979248047
74.60000000000001,19.49900592951887,28.59404454203495,29.392901570034223,61.17513905949414,125.8973909597522,171.6298319181915,232.5489959716797,133.60499572753906,293.7239990234375,133.4759979248047
74.65,19.67231009873348,30.191758599426542,29.392901570172718,61.31814200340158,126.16939413378725,172.04484169088556,232.8209991455078,133.60499572753906,294.1390075683594,133.4770050048828
74.7,19.848530799963065,28.594044542378832,29.392901570306226,61.44512536943132,126.44438803039719,172.44681923599703,233.0959930419922,133.60499572753906,294.5409851074219,133.4770050048828
74.75,20.01085380174225,30.19175859971175,29.392901570446277,61.583125559380605,126.72139608711645,172.86182778677792,233.3730010986328,133.60499572753906,294.95599365234375,133.4770050048828
74.8,20.146358137200515,28.594044542568835,29.392901570585497,61.70614165119209,127.00038778639001,173.26383584946706,233.65199279785156,133.60499572753906,295.3580017089844,133.4770050048828
74.85000000000001,20.265770921455115,30.19175859997929,29.39290157072616,61.84014614204281,127.2813954504067,173.67884440024795,233.93299865722656,133.6060028076172,295.77301025390625,133.4770050048828
74.9,20.377802257142804,28.594044542828016,29.392901570863938,61.959149179092805,127.56339313110087,174.07984538287414,234.21499633789062,133.6060028076172,296.17401123046875,133.4770050048828
74.95,20.499626906412256,30.191758600257334,29.392901571005353,62.09013034150493,127.84738971315247,174.49482341607737,234.49899291992188,133.6060028076172,296.5889892578125,133.4770050048828
75.0,20.63653367269945,28.594044543095336,29.39290157114412,62.20612740566647,128.1334004553507,174.8968314787665,234.78500366210938,133.6060028076172,296.9909973144531,133.4770050048828
75.05,20.768690602135088,30.19175860054054,29.392901571282152,62.333141293662045,128.42139484012216,175.3118400295474,235.072998046875,133.6060028076172,297.406005859375,133.4770050048828
75.10000000000001,20.889361660409367,28.59404454344244,29.392901571422904,62.44514056557314,128.71140338504802,175.71384809223653,235.36300659179688,133.6060028076172,297.8080139160156,133.4770050048828
75.15,21.00477818791651,30.19175860083235,29.39290157156349,62.56911796307687,129.00240375126185,176.12882612543976,235.6540069580078,133.6060028076172,298.2229919433594,133.4770050048828
75.2,21.12188554850002,28.5940445436802,29.392901571693624,62.67812856958716,129.29439762323804,176.52982710806594,235.9459991455078,133.60699462890625,298.6239929199219,133.4770050048828
75.25,21.244573627547265,30.19175860110825,29.39290157183327,62.79813868834441,129.58939579218455,176.94483565884684,236.24099731445312,133.60699462890625,299.03900146484375,133.4770050048828
75.3,21.383066583890404,28.594044543935762,29.392901571969965,62.90414126885825,129.88540104120838,177.34684372153598,236.53700256347656,133.60699462890625,299.4410095214844,133.4770050048828
75.35000000000001,21.545641923098763,30.19175860138738,29.392901572110777,63.021114896899626,130.183405191599,177.7618217547392,236.8350067138672,133.60699462890625,299.8559875488281,133.4770050048828
75.4,21.72513794546946,28.594044544155274,29.3929015722435,63.12112078763406,130.48440006464645,178.1628227373654,237.13600158691406,133.60699462890625,300.2569885253906,133.4770050048828
75.45,21.914713974978234,30.19175860164915,29.39290157238268,63.23313532142178,130.78739383906176,178.57783128814629,237.43899536132812,133.60699462890625,300.6719970703125,133.4770050048828
75.5,22.10601857883048,28.594044544419184,29.39290157251507,63.32914341926551,131.09339359492265,178.97983935083542,237.7449951171875,133.60699462890625,301.0740051269531,133.4770050048828
75.55,22.291093609764143,30.191758601922775,29.392901572653294,63.435148076014656,131.40240097331082,179.39484790161632,238.0540008544922,133.60800170898438,301.489013671875,133.4770050048828
75.60000000000001,22.463966949552315,28.594044544670158,29.392901572776065,63.5261207823274,131.71340561198366,179.79682544672778,238.36500549316406,133.60800170898438,301.8909912109375,133.4770050048828
75.65,22.621286049588864,30.191758602214964,29.392901572914326,63.628138795607704,132.0263938932338,180.21183518267472,238.67799377441406,133.60800170898438,302.3059997558594,133.47799682617188
75.7,22.76319852566298,28.594044544940257,29.39290157304033,63.71313007313113,132.3424034147182,180.6128361653009,238.99400329589844,133.60800170898438,302.7070007324219,133.47799682617188
75.75,22.883438805653512,30.19175860247831,29.39290157317734,63.81113707194388,132.65940475749204,181.0278447160818,239.31100463867188,133.60800170898438,303.12200927734375,133.47799682617188
75.8,22.96609373439846,28.594044545194865,29.392901573303256,63.8951212724845,132.9773979215566,181.42982226119327,239.62899780273438,133.60800170898438,303.52398681640625,133.47799682617188
75.85000000000001,23.017034179713633,30.191758602747676,29.392901573439282,63.99012229720296,133.29740524578017,181.84483081197416,239.94900512695312,133.60800170898438,303.9389953613281,133.47799682617188
75.9,23.056598634776183,28.594044545451293,29.392901573568885,64.07214013909864,133.61739884829723,182.2468388746633,240.2689971923828,133.60899353027344,304.34100341796875,133.47799682617188
75.95,23.100409979955423,30.19175860301798,29.392901573705768,64.16714116190167,133.93740617252305,182.6618474254442,240.58900451660156,133.60899353027344,304.7560119628906,133.47799682617188
76.0,23.171582450514666,28.59404454578495,29.39290157384234,64.24615100684325,134.2593971393243,183.06284840807038,240.91099548339844,133.60899353027344,305.1570129394531,133.47799682617188
76.05,23.28141823321785,30.191758603317684,29.392901573981828,64.33912261598181,134.58140336491124,183.4778264412736,241.23300170898438,133.60899353027344,305.5719909667969,133.47799682617188
76.10000000000001,23.42851314791601,28.59404454606068,29.392901574120877,64.41613356457943,134.90640031315348,183.87983450396274,241.55799865722656,133.60899353027344,305.9739990234375,133.47799682617188
76.15,23.60495017100398,30.19175860360074,29.392901574259458,64.50414607852377,135.23339616276448,184.29484305474364,241.88499450683594,133.60899353027344,306.3890075683594,133.47799682617188
76.2,23.801365170119116,28.594044546240106,29.392901574389448,64.57613894744624,135.5624077138367,184.69584403736982,242.21400451660156,133.61000061035156,306.7900085449219,133.47799682617188
76.25,24.001201398617873,30.191758603867292,29.392901574528345,64.65911606960762,135.89440844626424,185.11082207057305,242.54600524902344,133.61000061035156,307.2049865722656,133.47799682617188
76.3,24.200102081672995,28.59404454650223,29.392901574659078,64.72613253129225,136.22939990134742,185.51283013326218,242.88099670410156,133.61000061035156,307.60699462890625,133.47799682617188
76.35000000000001,24.407209894416777,30.19175860414392,29.392901574798703,64.8031434801098,136.56739733787498,185.92783868404308,243.218994140625,133.61000061035156,308.0220031738281,133.47799682617188
76.4,24.60974637278051,28.594044546782527,29.392901574931823,64.8641479919669,136.90840075584717,186.32984674673222,243.55999755859375,133.61000061035156,308.42401123046875,133.47799682617188
76.45,24.79917821643464,30.19175860442213,29.392901575072237,64.93612355147634,137.251403075185,186.74482477993544,243.9029998779297,133.61000061035156,308.8389892578125,133.47799682617188
76.5,24.97107827858744,28.594044547043275,29.392901575198074,64.99113137211094,137.5973961171778,187.14582576256163,244.24899291992188,133.61000061035156,309.239990234375,133.47799682617188
76.55,25.124691242051448,30.191758604696606,29.392901575335962,65.0581345971791,137.9454047326698,187.56083431334253,244.5970001220703,133.61099243164062,309.6549987792969,133.47799682617188
76.60000000000001,25.261275378382958,28.594044547295685,29.39290157545947,65.10914462213292,138.2964026574747,187.96284237603166,244.947998046875,133.61099243164062,310.0570068359375,133.47799682617188
76.65,25.383891418042662,30.191758604986468,29.39290157559804,65.17312459169715,138.6474005822803,188.3778204092349,245.2989959716797,133.61099243164062,310.47198486328125,133.47799682617188
76.7,25.498947478701243,28.594044547567563,29.392901575730782,65.22011951800219,139.0014044885317,188.77882265645735,245.6529998779297,133.61099243164062,310.87298583984375,133.47900390625
76.75,25.606155164013852,30.19175860525589,29.392901575869637,65.28013221297283,139.35640021607247,189.19383120723825,246.00799560546875,133.61099243164062,311.2879943847656,133.47900390625
76.80000000000001,25.69597526649361,28.594044547819838,29.3929015760014,65.32613736764836,139.71240302369188,189.59583926992738,246.36399841308594,133.61099243164062,311.69000244140625,133.47900390625
76.85000000000001,25.77438332557018,30.191758605531408,29.39290157614015,65.38314408769146,140.07040473267904,190.01084782070828,246.7220001220703,133.61099243164062,312.1050109863281,133.47900390625
76.9,25.85847849413921,28.594044548086245,29.39290157627052,65.42613004798024,140.42939967552678,190.41282536581974,247.08099365234375,133.61199951171875,312.5069885253906,133.47900390625
76.95,25.954850892535926,30.19175860581455,29.39290157640976,65.48113786935728,140.78940028587982,190.82783391660064,247.4409942626953,133.61199951171875,312.9219970703125,133.47900390625
77.0,26.068827178926412,28.59404454840781,29.392901576546212,65.52113107268109,141.15040797631002,191.22883489922683,247.802001953125,133.61199951171875,313.322998046875,133.47900390625
77.05000000000001,26.20274710252867,30.191758606099857,29.39290157668654,65.57314817788513,141.51339930931783,191.64384345000772,248.1649932861328,133.61199951171875,313.7380065917969,133.47900390625
77.10000000000001,26.34595392847924,28.594044548680305,29.392901576825,65.61015066493391,141.8784048024821,192.04585151269686,248.52999877929688,133.61199951171875,314.1400146484375,133.47900390625
77.15,26.48459114226306,30.19175860637519,29.39290157696387,65.6581241996249,142.24540919701371,192.46082954590008,248.89700317382812,133.61199951171875,314.55499267578125,133.47900390625
77.2,26.619410620617337,28.594044548941554,29.39290157710127,65.69112889232875,142.6144124929125,192.86283760858922,249.26600646972656,133.61199951171875,314.9570007324219,133.47900390625
77.25,26.75045013028781,30.19175860665534,29.39290157724122,65.73515245422557,142.98540079829507,193.2778461593701,249.63699340820312,133.61300659179688,315.37200927734375,133.47900390625
77.30000000000001,26.887538950541412,28.594044549200092,29.39290157737924,65.7631522736371,143.358401896928,193.6788471419963,250.00999450683594,133.61300659179688,315.77301025390625,133.47900390625
77.35000000000001,27.041438576841617,30.191758606951122,29.39290157752121,65.80412203763674,143.73241007563922,194.09382517519953,250.38400268554688,133.61300659179688,316.18798828125,133.47900390625
77.4,27.2068584003706,28.59404454940903,29.392901577653493,65.8291311407112,144.10940897700698,194.49583323788866,250.76100158691406,133.61300659179688,316.5899963378906,133.47900390625
77.45,27.379227085060762,30.191758607215917,29.39290157779363,65.86413473070742,144.48941385982033,194.91084178866956,251.14100646972656,133.61300659179688,317.0050048828125,133.47900390625
77.5,27.542199037275356,28.594044549680536,29.392901577920902,65.88414098615951,144.87041185488903,195.31184277129574,251.52200317382812,133.61399841308594,317.406005859375,133.47900390625
77.55000000000001,27.691238949026808,30.191758607490492,29.392901578059963,65.91514678085018,145.2544145404362,195.72685132207664,251.906005859375,133.61399841308594,317.8210144042969,133.47900390625
77.60000000000001,27.8549318592165,28.59404454994325,29.392901578186258,65.93112269913502,145.64041612735036,196.1288288671881,252.29200744628906,133.61399841308594,318.2229919433594,133.47900390625
77.65,28.038746920707705,30.191758607777963,29.392901578326537,65.95713888034619,146.0294084369211,196.543837417969,252.68099975585938,133.61399841308594,318.63800048828125,133.47900390625
77.7,28.24103105023622,28.594044550287943,29.392901578461174,65.96813842168892,146.4204149066485,196.94584670415097,253.07200622558594,133.61399841308594,319.0400085449219,133.47999572753906
77.75,28.481655769909487,30.191758608067797,29.39290157860242,65.98912126649513,146.81441338610938,197.3608247373542,253.46600341796875,133.61500549316406,319.4549865722656,133.47999572753906
77.80000000000001,28.761879374510624,28.594044550546766,29.39290157873709,65.99212724128745,147.21240838123154,197.76182571998038,253.86399841308594,133.61500549316406,319.8559875488281,133.47999572753906
77.85000000000001,29.062803675801714,30.19175860835567,29.39290157887754,66.00512770275509,147.61441643787958,198.17683427076128,254.26600646972656,133.61500549316406,320.27099609375,133.47999572753906
77.9,29.365817131697277,28.59404455079641,29.39290157901628,66.00114516677807,148.0204070384738,198.5788423334504,254.6719970703125,133.61500549316406,320.6730041503906,133.47999572753906
77.95,29.654428223206892,30.191758608633577,29.392901579158046,66.00615003951249,148.43041070058933,198.9938508842313,255.08200073242188,133.61500549316406,321.0880126953125,133.47999572753906
78.0,29.915717686797134,28.594044551074802,29.39290157929748,65.99412817502089,148.84441335348535,199.39582842934277,255.49600219726562,133.61599731445312,321.489990234375,133.47999572753906
78.05000000000001,30.14161740089814,30.19175860890213,29.392901579438643,65.99113745910287,149.26241262106404,199.81083698012367,255.91400146484375,133.61599731445312,321.9049987792969,133.47999572753906
78.10000000000001,30.331155736588062,28.594044551344936,29.392901579578812,65.97212504793377,149.6824260487985,200.21183796275685,256.3340148925781,133.61599731445312,322.3059997558594,133.47999572753906
78.15,30.48660553491026,30.191758609185765,29.39290157971959,65.96513653777188,150.10442311911243,200.62684651354448,256.7560119628906,133.61599731445312,322.72100830078125,133.47999572753906
78.2,30.613470147223058,28.594044551537117,29.392901579844512,65.94212841712697,150.52941210530645,201.02882405865594,257.1809997558594,133.61700439453125,323.12298583984375,133.47999572753906
78.25,30.723666393064445,30.19175860946052,29.392901579983782,65.93114211308642,150.9554069783595,201.44383260943684,257.60699462890625,133.61700439453125,323.5379943847656,133.47999572753906
78.30000000000001,30.8311606520148,28.594044551804654,29.392901580109573,65.90413411439485,151.38341601156935,201.84483359206303,258.0350036621094,133.61700439453125,323.9389953613281,133.47999572753906
78.35000000000001,30.948340031421328,30.191758609733615,29.392901580247365,65.89015709418693,151.81240160727782,202.25984214284392,258.4639892578125,133.61700439453125,324.35400390625,133.47999572753906
78.4,31.084491426573628,28.59404455205914,29.39290158037364,65.86116545729043,152.24340136314015,202.66185020553306,258.8949890136719,133.61700439453125,324.7560119628906,133.47999572753906
78.45,31.20178068702031,30.191758610013718,29.392901580511655,65.84313167930684,152.67641641504227,203.07682823873628,259.3280029296875,133.6179962158203,325.1709899902344,133.47999572753906
78.5,31.175715485516022,28.5940445523698,29.392901580641148,65.8121564051935,153.10939981348687,203.47883630142542,259.760986328125,133.6179962158203,325.572998046875,133.47999572753906
78.55000000000001,31.149183274553135,30.191758610289803,29.392901580779913,65.7941510740445,153.54241372951523,203.8938448522063,260.1940002441406,133.6179962158203,325.9880065917969,133.47999572753906
78.60000000000001,31.122651014109223,28.594044552615713,29.392901580906994,65.76314528252311,153.97442056546666,204.2948458348325,260.6260070800781,133.6179962158203,326.3890075683594,133.47999572753906
78.65,31.096156510852555,30.19175861056395,29.392901581044818,65.7461186333411,154.40642857524983,204.70982386803573,261.0580139160156,133.61900329589844,326.8039855957031,133.47999572753906
78.7,31.069658582522784,28.594044552858914,29.392901581176993,65.71615043826557,154.83840489361816,205.11183193072486,261.489990234375,133.61900329589844,327.20599365234375,133.47999572753906
78.75,31.04323621051506,30.19175861086686,29.39290158131763,65.7001571404064,155.26940464948362,205.5268417034189,261.9209899902344,133.61900329589844,327.6210021972656,133.4810028076172
78.80000000000001,31.016810429068503,28.59404455316008,29.392901581453174,65.67015842695454,155.70040440534706,205.9278426860451,262.35198974609375,133.61900329589844,328.0220031738281,133.4810028076172
78.85000000000001,30.9903881059067,30.191758611131227,29.392901581592934,65.65514590421971,156.13140530240256,206.34382779931224,262.7829895019531,133.6199951171875,328.43798828125,133.4810028076172
78.9,30.964034463494663,28.59404455345669,29.39290158173269,65.62612375213128,156.56142849576355,206.74482878193842,263.2130126953125,133.6199951171875,328.8389892578125,133.4810028076172
78.95,30.937680840727143,30.191758611422067,29.392901581873524,65.61113965523028,156.99142117154594,207.15983733271932,263.64300537109375,133.6199951171875,329.2539978027344,133.4810028076172
79.0,32.11743742746617,28.594044553639268,29.392901582000473,65.57415243328155,157.43041653298616,207.56184539540845,264.0820007324219,133.6199951171875,329.656005859375,133.4810028076172
79.05000000000001,33.2106874747934,30.191758611688005,29.39290158214029,65.53316741845492,157.88641018571747,207.97685394618935,264.5379943847656,133.6199951171875,330.0710144042969,133.4810028076172
79.10000000000001,34.15486053213815,28.59404455390417,29.392901582269133,65.465143889693,158.3554043267462,208.3778244112379,265.0069885253906,133.6199951171875,330.47198486328125,133.4810028076172
79.15,34.95632852534236,30.191758611975086,29.392901582410246,65.39913666573477,158.83642344765244,208.7928329620188,265.4880065917969,133.62100219726562,330.8869934082031,133.4810028076172
79.2,35.54388609871953,28.594044554175767,29.39290158254193,65.31014761174265,159.32742076222172,209.19484102470793,265.97900390625,133.62100219726562,331.28900146484375,133.4810028076172
79.25,35.88182045707292,30.19175861225295,29.392901582680537,65.22814706841342,159.82443003957954,209.60984957548882,266.47601318359375,133.62100219726562,331.7040100097656,133.4810028076172
79.30000000000001,35.98506916172839,28.594044554512998,29.39290158281583,65.13113191089374,160.32342295951074,210.0118271206003,266.9750061035156,133.62100219726562,332.1059875488281,133.4810028076172
79.35000000000001,35.90633885004361,30.191758612551336,29.39290158295784,65.04714987277303,160.8224168652016,210.42683567138118,267.4739990234375,133.6219940185547,332.52099609375,133.4810028076172
79.4,35.72248576153209,28.594044554782133,29.39290158309039,64.95016523716941,161.32040270519602,210.82783665400737,267.97198486328125,133.6219940185547,332.9219970703125,133.4810028076172
79.45,35.52153465574215,30.19175861283559,29.39290158323174,64.87115761072107,161.81442228655808,211.24284520478827,268.46600341796875,133.6230010986328,333.3370056152344,133.4810028076172
79.5,35.36676705425583,28.594044554997932,29.39290158336761,64.781161488278,162.30642668124085,211.6448532674774,268.9580078125,133.6230010986328,333.739013671875,133.4810028076172
79.55000000000001,35.30869972901414,30.191758613107574,29.39290158350957,64.7051423843376,162.7974239957859,212.05983130068063,269.4490051269531,133.6230010986328,334.15399169921875,133.4810028076172
79.60000000000001,35.37857525967435,28.594044555272102,29.392901583646363,64.61615552791268,163.28741523399842,212.46083228330681,269.9389953613281,133.62399291992188,334.55499267578125,133.4810028076172
79.65,35.558358965994344,30.191758613406357,29.392901583789488,64.53815278980444,163.7804267086116,212.8758408340877,270.4320068359375,133.62399291992188,334.9700012207031,133.4810028076172
79.7,35.82799738458049,28.594044555604622,29.392901583932378,64.44415887985843,164.27642890587913,213.27784889677685,270.9280090332031,133.62399291992188,335.37200927734375,133.4810028076172
79.75,36.16308366072316,30.19175861369662,29.392901584076743,64.35816059097303,164.77740648062473,213.69282811523323,271.4289855957031,133.625,335.7869873046875,133.48199462890625
79.80000000000001,36.538565494758494,28.594044555805276,29.39290158420597,64.25516401913005,165.2824113634635,214.09483617792236,271.9339904785156,133.625,336.1889953613281,133.48199462890625
79.85000000000001,36.91980501396288,30.191758613965053,29.392901584347346,64.15915595689476,165.79342820919655,214.50984472870326,272.44500732421875,133.625,336.60400390625,133.48199462890625
79.9,37.267567235232114,28.594044556140073,29.392901584483138,64.0451730858808,166.3084123400798,214.91084571132944,272.9599914550781,133.625,337.0050048828125,133.48199462890625
79.95,37.55268682042007,30.1917586142651,29.392901584626088,63.94016462249444,166.8284328465063,215.32585426211034,273.4800109863281,133.62600708007812,337.4200134277344,133.48199462890625
80.0,37.75572817714365,28.594044556410097,29.392901584767305,63.81815565482376,167.3524196629148,215.7278318072218,274.0039978027344,133.62600708007812,337.8219909667969,133.48199462890625
80.05000000000001,37.87128732459186,30.191758614543385,29.392901584910884,63.70817058417901,167.87741355939968,216.1428403580027,274.52899169921875,133.62600708007812,338.23699951171875,133.48199462890625
80.10000000000001,37.909808088015055,28.594044556685017,29.392901585052176,63.58216608046114,168.40442254934302,216.5438413406289,275.0559997558594,133.6269989013672,338.63800048828125,133.48199462890625
80.15,37.886046467588244,30.19175861484293,29.39290158519583,63.471173938335454,168.93042352592386,216.95884989140978,275.5820007324219,133.6269989013672,339.0530090332031,133.48199462890625
80.2,37.817645843401586,27.859291050785533,29.319426234713923,63.34516718955883,169.45642450251427,217.35884505173956,276.1080017089844,133.6269989013672,339.4530029296875,133.48199462890625
80.25,37.72944567621871,30.201707640361615,29.320421137380425,63.23918231595704,169.9804122867331,217.77685248731396,276.6319885253906,133.6280059814453,339.8710021972656,133.48199462890625
80.30000000000001,37.642323480288546,28.517771482597453,29.312793830059643,63.12016438194789,170.5044296207458,218.1818684871415,277.156005859375,133.6280059814453,340.2760009765625,133.48199462890625
80.35000000000001,37.57176317839987,30.248635544954748,29.318481523158614,63.01915236680692,171.02643279459403,218.60289755309034,277.6780090332031,133.6280059814453,340.6969909667969,133.48199462890625
80.4,37.527484284765535,28.586555268397653,29.31773259438437,62.903157554462815,171.54742888835614,219.00797898058386,278.1990051269531,133.6280059814453,341.10198974609375,133.48199462890625
80.45,37.513441911589986,30.19316273402193,29.317873006360053,62.800167469097985,172.06842592617622,219.4260986894198,278.7200012207031,133.62899780273438,341.5199890136719,133.48199462890625
80.5,37.488241631555056,28.636678013819047,29.322136352100948,62.68320072333104,172.58942201992812,219.83028720808682,279.2409973144531,133.62899780273438,341.92401123046875,133.48199462890625
80.55000000000001,37.45548144870715,30.326011251500443,29.335561615796657,62.576219694584125,173.11041811367923,220.24461264344345,279.7619934082031,133.62899780273438,342.3380126953125,133.48199462890625
80.60000000000001,37.422360825653904,28.49686186257565,29.32584334638572,62.449223749056614,173.6294305648518,220.63696009106064,280.281005859375,133.62899780273438,342.7300109863281,133.48199462890625
80.65,37.38960072824074,30.15542937932665,29.322210422834097,62.33623126309171,174.14941957852406,221.04408004343068,280.8009948730469,133.62899780273438,343.1369934082031,133.48199462890625
80.7,37.356840662592994,29.066699382268997,29.442951255982443,62.21423196704795,174.66843300675305,221.44111487218413,281.32000732421875,133.6300048828125,343.53399658203125,133.48199462890625
80.75,37.32408062966327,29.748386273855182,29.3976191193318,62.097249956932984,175.1874149403469,221.84316859700624,281.8389892578125,133.6300048828125,343.9360046386719,133.48199462890625
80.80000000000001,37.291320623772116,9.333126769122938,27.479154647984352,61.89920032262086,175.70542031144078,222.16389285250045,282.35699462890625,133.6300048828125,344.2560119628906,133.5030059814453
80.85000000000001,37.25856064192643,10.077353411417464,25.462026434630623,61.41106204443978,176.22241860245646,222.29903687973032,282.8739929199219,133.6300048828125,344.2850036621094,133.63499450683594
80.9,37.225800679213485,6.277592416300302,23.231130149420885,60.92310355693809,176.74042397355024,222.3483426472656,283.3919982910156,133.6300048828125,344.31500244140625,133.6649932861328
80.95,37.193040732834966,4.994138077416972,20.71122768376039,60.4451404558027,177.25641518448776,222.38989369520465,283.9079895019531,133.6300048828125,344.3529968261719,133.67100524902344
81.0,36.09612100157241,5.5130115870099505,18.398861041079478,59.96816767923409,177.7674320302391,222.43000485344695,284.41900634765625,133.6300048828125,344.3869934082031,133.6840057373047
81.05000000000001,34.488395195454885,5.411827510535985,15.907442666983034,59.51622263294235,178.25443255251932,222.4702270201234,284.906005859375,133.63099670410156,344.4219970703125,133.6959991455078
81.10000000000001,33.135119404117894,5.240048001693952,13.581761280894863,59.08531349960394,178.72241961382844,222.51235488817105,285.3739929199219,133.63099670410156,344.4590148925781,133.70799255371094
81.15,32.07628787415023,5.167841142106048,11.083002457172805,58.671349287579936,179.17343890146563,222.55436822871667,285.82501220703125,133.63099670410156,344.4960021972656,133.718994140625
81.2,31.345488125636574,5.03995609126235,8.68032812807214,58.27243994419928,179.61243426299552,222.5992873850285,286.2640075683594,133.63099670410156,344.5360107421875,133.72999572753906
81.25,30.91298460373293,4.900227280180752,6.195512228704699,57.8815037370658,180.04343401887354,222.64412587585613,286.69500732421875,133.63099670410156,344.57598876953125,133.74000549316406
81.30000000000001,30.738745424703847,4.693219898536793,5.731521541646083,57.495646216317816,180.47141253451875,222.69124590787214,287.12298583984375,133.63099670410156,344.6180114746094,133.75100708007812
81.35000000000001,30.776727367348766,4.518819876426983,5.175668188147035,57.11272989218852,180.8984144877726,222.74030783961214,287.54998779296875,133.63099670410156,344.6619873046875,133.76199340820312
81.4,30.955752802627934,4.395892193954442,4.9874981659124495,56.729861883014195,181.32743174777394,222.79166430817756,287.97900390625,133.6300048828125,344.7080078125,133.7740020751953
81.45,31.1885286473692,4.247372936440697,4.912821651814822,56.34697528302038,181.75943858401706,222.8459173386501,288.4110107421875,133.6300048828125,344.7569885253906,133.78599548339844
81.5,31.38793347213736,4.243302587508495,4.785850751864677,55.959128153013815,182.19443614288662,222.89851791302124,288.84600830078125,133.6300048828125,344.8039855957031,133.7969970703125
81.55000000000001,31.481134905129224,4.087375549871173,4.653405555798196,55.57331521327363,182.6304407817414,222.95433533906967,289.2820129394531,133.6300048828125,344.85400390625,133.8090057373047
81.60000000000001,31.408703840277727,3.6683726036610302,4.496238015994903,55.190513462805356,183.06742198298798,223.01413108459076,289.718994140625,133.6300048828125,344.9079895019531,133.8209991455078
81.65,31.162534419529678,3.5138393380131365,4.330837835585612,54.80975222438371,183.50241954159193,223.07460131186406,290.15399169921875,133.6300048828125,344.9620056152344,133.83299255371094
81.7,30.764231901500366,11.369346132792389,4.963776839738616,54.54722374527947,183.9314356548769,223.25039688401873,290.5830078125,133.6300048828125,345.12799072265625,133.86000061035156
81.75,30.240935908669446,2.4287986392858163,4.716633975649122,54.19230605403866,184.35443980530474,223.31960997704536,291.0060119628906,133.6300048828125,345.1960144042969,133.8520050048828
81.80000000000001,29.63952027001475,3.1543296826158773,4.562744954057031,53.74555325758144,184.76941783272812,223.36110182662503,291.4209899902344,133.6300048828125,345.16400146484375,133.87399291992188
81.85000000000001,29.01833954716693,9.522289848758154,5.063091951290149,53.538259032662786,185.17643077228163,223.578534676866,291.8280029296875,133.6300048828125,345.3630065917969,133.8520050048828
81.9,28.431144347775856,18.75756224713026,6.49925895660773,53.49731348182014,185.57444102627548,223.95539001008393,292.22601318359375,133.6300048828125,345.718994140625,133.8000030517578
81.95,27.922427580436608,27.721228817507992,8.84664454471446,53.54439666161022,185.9644251571882,224.42467106371217,292.6159973144531,133.6300048828125,346.15399169921875,133.73199462890625
82.0,27.536759398148778,27.317251456667385,11.154039431630348,53.56013826923537,186.34943492282957,224.8835138885788,293.0010070800781,133.6300048828125,346.5509948730469,133.66600036621094
82.05000000000001,27.30553151310061,27.958284219978136,13.541130298641042,53.58080679880977,186.7294398056421,225.35932595015413,293.3810119628906,133.6300048828125,346.9460144042969,133.60899353027344
82.10000000000001,27.139859390530617,28.34704069282907,16.008997107557846,53.58016516445094,187.10743052831097,225.84234600130904,293.7590026855469,133.6300048828125,347.31500244140625,133.5489959716797
82.15,26.98574353367233,27.710220227456215,18.428635196502153,53.515636679396394,187.48343760841556,226.2996106593547,294.135009765625,133.6300048828125,347.614990234375,133.50399780273438
82.2,26.83025957014402,27.929984771859527,20.084699060408866,53.4008535105893,187.8564234482898,226.7291898534474,294.50799560546875,133.6300048828125,347.8590087890625,133.4709930419922
82.25,26.636436792275447,27.999871403367603,22.641806336817044,53.242640210875635,188.2274256455783,227.13634966451392,294.8789978027344,133.6300048828125,348.05499267578125,133.46400451660156
82.30000000000001,26.367840060379596,27.9769309347799,25.124066462033447,53.093415130496105,188.5954371201968,227.53725018910245,295.24700927734375,133.6300048828125,348.2550048828125,133.4499969482422
82.35000000000001,26.01432073270262,27.87147235026309,26.958984712183945,52.94641929949173,188.95942027449408,227.93391226220245,295.6109924316406,133.6300048828125,348.45098876953125,133.43600463867188
82.4,25.59635971288157,27.92281098371787,27.875509585842707,52.80872118339342,189.31641490340328,228.32953621510038,295.9679870605469,133.6300048828125,348.6470031738281,133.41799926757812
82.45,25.14376771256605,27.812355519348863,27.88462225602679,52.6802459432727,189.66843516708622,228.72514701696068,296.32000732421875,133.6300048828125,348.8450012207031,133.39599609375
82.5,24.685632756670188,27.803617006822925,27.933258811042343,52.56328670913641,190.01441295030594,229.12376542467663,296.6659851074219,133.6300048828125,349.0459899902344,133.3730010986328
82.55000000000001,24.25154412903408,27.763067655781956,27.91373715462273,52.45597989579136,190.353432725711,229.52519851396895,297.0050048828125,133.6300048828125,349.24700927734375,133.35299682617188
82.60000000000001,23.877145605483555,27.886109665646554,27.867644051904477,52.35458894054817,190.68644053821762,229.9295262822341,297.3380126953125,133.6300048828125,349.44500732421875,133.33599853515625
82.65,23.588677366644163,27.83990625803367,27.880612654962228,52.25199963792414,191.0164271104835,230.33256650392048,297.6679992675781,133.6300048828125,349.635986328125,133.32000732421875
82.7,23.402232685706206,27.828815772134575,27.87049575498973,52.15426960459095,191.3414393175193,230.73640139897861,297.9930114746094,133.6300048828125,349.8240051269531,133.30499267578125
82.75,23.312448876137484,27.81800131332394,27.85230874598536,52.053506575234906,191.66642100699477,231.13958486259563,298.3179931640625,133.6300048828125,350.0060119628906,133.29200744628906
82.80000000000001,23.296141360325446,27.80748388639,27.835364041146374,51.95274139966758,191.9894205766921,231.5426787766927,298.6409912109375,133.63099670410156,350.1830139160156,133.2790069580078
82.85000000000001,23.326165303806263,27.797296732856722,27.827946479405732,51.84905470872539,192.31342570371103,231.94565620382554,298.9649963378906,133.63099670410156,350.3550109863281,133.26699829101562
82.9,23.37559390053925,27.787324747393427,27.81439785577329,51.74352639252369,192.63743083073447,232.34854857536916,299.28900146484375,133.63099670410156,350.5220031738281,133.25599670410156
82.95,23.41145095126702,28.7524569501891,27.908407998857314,51.59584477296163,192.96244303782524,232.79810032134853,299.614013671875,133.63099670410156,350.635009765625,133.16400146484375
83.0,23.412567155384714,28.053944986338042,27.93344079680882,51.445373650428,193.28843180739423,233.2471435864843,299.94000244140625,133.63099670410156,350.74200439453125,133.21099853515625
83.05000000000001,23.375128176920207,28.096721737390926,27.966806204969714,51.28517734953346,193.61243693436552,233.6785929002281,300.2640075683594,133.63099670410156,350.8349914550781,133.24000549316406
83.10000000000001,23.298339209003135,28.845774895214028,28.062772727926465,51.05457357021869,193.93741862382424,234.1897822414318,300.5889892578125,133.63099670410156,350.8420104980469,133.39199829101562
83.15,23.18357178142577,27.57998683984065,28.036780786107165,50.84588734065485,194.25944168295138,234.60868880301157,300.9110107421875,133.6320037841797,350.875,133.37600708007812
83.2,23.035253117781558,27.679789002818953,28.0218781091756,50.626030723100484,194.58042556967084,235.02824839966263,301.23199462890625,133.6320037841797,350.8909912109375,133.3470001220703
83.25,22.860797231326963,27.9148248518825,28.031560463031457,50.35515303449411,194.89942581381513,235.4770957653015,301.5509948730469,133.6320037841797,350.8429870605469,133.36900329589844
83.30000000000001,22.669348543164805,27.353364907482426,27.986148565140702,50.09864022515356,195.21442825522786,235.8985685363614,301.8659973144531,133.6320037841797,350.8059997558594,133.33799743652344
83.35000000000001,22.47408551210569,27.684150123989955,27.974833904254023,49.83239349934508,195.52842361656406,236.31871981722867,302.17999267578125,133.6320037841797,350.7539978027344,133.2969970703125
83.4,22.287352313516894,27.67931444531567,27.964032874046246,49.554605400536715,195.83842276180098,236.73889550421072,302.489990234375,133.63299560546875,350.6820068359375,133.25100708007812
83.45,22.118549151838582,27.696903119994946,27.858477491026825,49.373982934602374,196.14643667782022,237.72900804808285,302.7980041503906,133.63299560546875,350.73699951171875,132.28399658203125
83.5,21.973145155157855,27.697124585956654,27.82279545098869,49.080143829303736,196.452436433681,238.14940435572097,303.10400390625,133.63299560546875,350.6390075683594,132.3179931640625
83.55000000000001,21.85074530351709,61.22398779073301,31.135522056322902,47.5404706073197,196.75642202938417,239.4567916596724,303.4079895019531,133.63299560546875,349.3949890136719,131.9739990234375
83.60000000000001,21.74562513662425,24.358471990257023,30.686791765827202,47.102922227246076,197.05943106258758,239.8311000168281,303.71099853515625,133.63299560546875,349.1669921875,131.88499450683594
83.65,21.651197829011856,16.43730915793358,29.572523997636488,46.74817478938732,197.3604259356355,240.10743371176113,304.0119934082031,133.63299560546875,349.0360107421875,131.77999877929688
83.7,21.560440560816918,27.487373844401137,29.553282481794707,46.39686088890884,197.66044593642656,240.52202699308643,304.31201171875,133.63400268554688,348.864013671875,131.677001953125
83.75,21.46489734807791,27.671502846895844,29.528950281296044,46.0370080221591,197.95942664931886,240.93572105943073,304.6109924316406,133.63400268554688,348.6789855957031,131.5709991455078
83.80000000000001,21.357940420157842,27.769588368340937,29.570572627381893,45.66847623507146,198.25642371963224,241.34869413232352,304.9079895019531,133.63400268554688,348.4800109863281,131.46400451660156
83.85000000000001,21.235973258446116,27.83515359757697,29.58567297474059,45.28193107132366,198.55244422744502,241.69867544542115,305.2040100097656,133.63400268554688,348.27899169921875,131.4320068359375
83.9,21.107309600926794,27.688444924308012,29.586586022639825,44.90973565065143,198.84642005752315,242.09536574776956,305.49798583984375,133.63400268554688,348.07000732421875,131.3560028076172
83.95,20.972524430887738,27.803354829648857,29.597231193605218,44.5478710681809,199.13844444689954,242.5013535929211,305.7900085449219,133.63499450683594,347.8609924316406,131.2689971923828
84.0,20.820569766767456,27.886134407078472,29.6161321757174,44.186506720316764,199.42842247424372,242.90727091874243,306.0799865722656,133.63499450683594,347.64599609375,131.18499755859375
84.05000000000001,20.657597823380353,27.91784584471153,26.285517981115248,43.82649209724095,199.71644737658838,243.31244158352916,306.3680114746094,133.63499450683594,347.4259948730469,131.10499572753906
84.10000000000001,20.489369586517984,27.97405402176326,26.64707618426587,43.46937962036664,200.00145103869912,243.71826188554715,306.65301513671875,133.63499450683594,347.20098876953125,131.02699279785156
84.15,20.321644310509164,27.987069553486776,27.802052223821192,43.11489751046506,200.2844405406536,244.1234133326516,306.9360046386719,133.63499450683594,346.97198486328125,130.95199584960938
84.2,20.1712362295928,28.000479251019975,27.853362764483073,42.76133097235355,200.56544820463066,244.52922417936705,307.2170104980469,133.63600158691406,346.73699951171875,130.87899780273438
84.25,20.049232858776016,28.01419151089279,27.887631630882765,42.409566924517804,200.84443990384943,244.9352345676707,307.4960021972656,133.63600158691406,346.49700927734375,130.80799865722656
84.30000000000001,19.932303965900456,28.02827759110931,27.913500553159604,42.05874599795631,201.12242452299023,245.34138196409202,307.77398681640625,133.63600158691406,346.25201416015625,130.73899841308594
84.35000000000001,19.801697098187166,28.042716066453764,27.934256800047287,41.709817931613344,201.39842549955293,245.74767615681307,308.04998779296875,133.63600158691406,346.00201416015625,130.67300415039062
84.4,19.657769248732386,28.057451575488308,27.971157465165316,41.36460410824807,201.6714357534592,246.1535424105139,308.322998046875,133.63600158691406,345.74798583984375,130.60899353027344
84.45,19.501672293874467,28.07255539551808,27.998077521752236,41.01967867421837,201.9434407355497,246.5602040047735,308.5950012207031,133.63699340820312,345.4880065917969,130.54800415039062
84.5,19.33668498576351,28.08797152290449,28.018261233334833,40.67761596818824,202.21342974922183,246.96654348420103,308.864990234375,133.63699340820312,345.2239990234375,130.48899841308594
84.55000000000001,19.167052514242034,28.103699892042414,28.036846638067924,40.33855319344784,202.480428040238,247.37328135909902,309.1319885253906,133.63699340820312,344.9549865722656,130.4320068359375
84.60000000000001,18.9971316422632,28.11976938318125,28.051418174209726,40.00254459192278,202.74544268867612,247.7797532331279,309.3970031738281,133.63699340820312,344.6820068359375,130.3769989013672
84.65,18.83027144228707,28.13613307531458,28.06632452639251,39.66949771711797,203.0074360968798,248.18656349598334,309.65899658203125,133.63699340820312,344.40399169921875,130.3249969482422
84.7,18.681087323791196,28.152823600735246,28.08155896136404,39.33862813996327,203.26744586250499,248.59378752936965,309.91900634765625,133.63699340820312,344.1210021972656,130.2760009765625
84.75,18.54702314721402,28.169821286275383,28.0971219389023,39.0101869102196,203.5264505059591,249.0009446364986,310.1780090332031,133.63800048828125,343.8340148925781,130.22799682617188
84.80000000000001,18.41598365073288,28.18710211918215,28.113004391709588,38.685665614595905,203.78243195127178,249.40797781251933,310.4339904785156,133.63800048828125,343.5429992675781,130.18299865722656
84.85000000000001,18.28533897496487,28.20471225873166,28.12920401093738,38.36255841290032,204.0374368340847,249.81553474697697,310.6889953613281,133.63800048828125,343.24700927734375,130.14100646972656
84.9,18.137092147408055,28.22260555704184,28.14571940909273,38.04274055657427,204.2904275567411,250.22313751989475,310.9419860839844,133.63800048828125,342.9469909667969,130.1009979248047
84.95,17.973867842933185,28.24077522578392,28.162541392119316,37.72710025457084,204.5404275567411,250.63076232453176,311.1919860839844,133.63800048828125,342.64300537109375,130.06300354003906
85.0,17.798441075490892,28.25924814686482,28.17966905451535,37.41405012824358,204.78844397943772,251.03922033392635,311.44000244140625,133.63800048828125,342.3340148925781,130.02699279785156
85.05000000000001,17.616386812800606,28.277982332822564,28.197097298593366,37.10509209947104,205.03444619281728,251.4470191152229,311.6860046386719,133.63800048828125,342.0220031738281,129.99400329589844
85.10000000000001,17.432823551297602,28.297005520874855,28.214820912362722,36.8003665392021,205.27742923948963,251.85494164393683,311.9289855957031,133.63900756835938,341.70599365234375,129.96400451660156
85.15,17.2520673853875,28.316277084851876,28.23283531331645,36.49902820757469,205.51845707159723,252.26316903358025,312.1700134277344,133.63900756835938,341.385986328125,129.93499755859375
85.2,17.077178692820432,28.335811417049758,28.2511340949479,36.20195525718949,205.75643314600555,252.67163261669737,312.4079895019531,133.63900756835938,341.06201171875,129.90899658203125
85.25,16.91705113540274,28.355650696740785,28.26971703599444,35.90829737735545,205.9924560958049,253.08048920098526,312.6440124511719,133.63900756835938,340.7340087890625,129.88600158691406
85.30000000000001,16.759766336970525,28.375696289714195,28.288576453047643,35.61891224533915,206.22545780554853,253.4896975310754,312.87701416015625,133.63900756835938,340.4020080566406,129.86500549316406
85.35000000000001,16.586678356665843,28.3960203463573,28.307707261810208,35.33319426129274,206.45745243516788,253.8986768101598,313.1090087890625,133.63900756835938,340.0669860839844,129.8459930419922
85.4,16.401495097873468,28.41656372990343,28.327103079096368,35.052751533844045,206.68645848978002,254.30734216416596,313.3380126953125,133.63999938964844,339.72900390625,129.82899475097656
85.45,16.207273860457942,28.437349231785685,28.346760479696542,34.77570459303669,206.91244115621032,254.7174244804469,313.5639953613281,133.63999938964844,339.385986328125,129.81500244140625
85.5,16.008158567965353,28.458402658521432,28.366675930862204,34.504526310239875,207.13543309984996,255.12653489922826,313.7869873046875,133.63999938964844,339.0409851074219,129.8040008544922
85.55000000000001,15.808969474520538,28.479637824225126,28.38684148000246,34.23711896316797,207.35644140081163,255.53640778147403,314.00799560546875,133.63999938964844,338.6919860839844,129.79400634765625
85.60000000000001,15.613381865264795,28.501104910100292,28.407251418925007,33.974787688576335,207.57445897905063,255.9462396696314,314.22601318359375,133.63999938964844,338.3399963378906,129.78700256347656
85.65,15.423589522493298,28.522814772985,28.427905187738315,33.717480522000784,207.78945531701444,256.35610755119876,314.4410095214844,133.63999938964844,337.9849853515625,129.7830047607422
85.7,15.239989049745324,28.544705585159484,28.44879460454929,33.464875844833394,208.00243749479552,256.76612253781684,314.65399169921875,133.63999938964844,337.62701416015625,129.77999877929688
85.75,15.076766510357801,28.566825127271866,28.469912047602396,33.217239894094874,208.21245946748436,257.1763482418543,314.864013671875,133.63999938964844,337.2659912109375,129.77999877929688
85.80000000000001,14.95868576879011,28.58912576414486,28.49125499504546,32.974050717782596,208.4204367624347,257.58680962708223,315.0719909667969,133.63999938964844,336.9020080566406,129.7830047607422
85.85000000000001,14.881429563982762,28.611655921739832,28.512818552583713,32.73479541399713,208.62743749488752,257.9975995518779,315.27899169921875,133.63999938964844,336.5350036621094,129.78700256347656
85.9,14.814758003799442,28.63434742421888,28.53459692201526,32.49886123985378,208.83444067710064,258.4088100092667,315.4859924316406,133.64100646972656,336.1650085449219,129.79400634765625
85.95,14.73321712961985,28.657213266159534,28.556583325452646,32.26800219992838,209.0394577669689,258.81966510242,315.6910095214844,133.64100646972656,335.7929992675781,129.8040008544922
86.0,14.620753174276917,28.680292016530505,28.578772261253555,32.04187214943749,209.24246069667058,259.23101103562755,315.8940124511719,133.64100646972656,335.4179992675781,129.81500244140625
86.05000000000001,14.467430345549952,28.703516156638244,28.601160094494873,31.819862122693873,209.44445654628433,259.64308501715936,316.09600830078125,133.64100646972656,335.0400085449219,129.82899475097656
86.10000000000001,14.2747575668007,28.726890132004677,28.62373861668531,31.60312183280039,209.6444382357375,260.054939623769,316.2959899902344,133.64100646972656,334.6600036621094,129.84500122070312
86.15,14.070998020746082,28.750452821598927,28.6465024215467,31.39288390613005,209.8404526400356,260.4666749560813,316.49200439453125,133.64100646972656,334.27801513671875,129.86300659179688
86.2,13.894489732078895,28.774171266516678,28.669448989682422,31.18780101008888,210.03445288417842,260.878424200696,316.6860046386719,133.64100646972656,333.8940124511719,129.88400268554688
86.25,13.748041944230382,28.798022025869834,28.692568679542223,30.987477561730916,210.22643896816342,261.2911792748823,316.87799072265625,133.64100646972656,333.5069885253906,129.90699768066406
86.30000000000001,13.616389654231888,28.822037961188144,28.71585989924655,30.793041441718813,210.41644140956967,261.70311705769484,317.0679931640625,133.64100646972656,333.1189880371094,129.9320068359375
86.35000000000001,13.492405479645106,28.84614458378157,28.739308765450723,30.603381580863477,210.60446020839828,262.1161947686151,317.2560119628906,133.64100646972656,332.7279968261719,129.95899963378906
86.4,13.368241066870382,28.870434451621204,28.76291746819095,30.419605625598848,210.79043697422208,262.52860116524243,317.4419860839844,133.64199829101562,332.33599853515625,129.98800659179688
86.45,13.236769007212798,28.894833603378128,28.786679501912808,30.23996637204795,210.9754650503946,262.94242329316546,317.62701416015625,133.64199829101562,331.9410095214844,130.02000427246094
86.5,13.091833569572918,28.919345431171383,28.810584843376894,30.06662300755349,211.15744136875418,263.35576462782905,317.8089904785156,133.64199829101562,331.5450134277344,130.0540008544922
86.55000000000001,12.930445235562225,28.94396376319395,28.834629604032465,29.89859167465587,211.33844112461355,263.76871490755923,317.989990234375,133.64199829101562,331.14801025390625,130.08999633789062
86.60000000000001,12.751597208908072,28.968691117019244,28.858809702533925,29.736337150605113,211.51645015781716,264.18233798700464,318.1679992675781,133.64199829101562,330.7489929199219,130.1280059814453
86.65,12.555685155877152,28.993548861888716,28.883119306562907,29.579689494740094,211.69143795078745,264.59665171785673,318.3429870605469,133.64199829101562,330.3479919433594,130.16799926757812
86.7,12.345768996729936,29.018465384345465,28.907548718345783,29.428795184238126,211.8644421011813,265.0108265545619,318.5159912109375,133.64199829101562,329.9460144042969,130.2100067138672
86.75,12.127357313942595,29.04348513872784,28.93209502963158,29.283811116862253,212.03445552892035,265.4249682326232,318.6860046386719,133.64199829101562,329.5429992675781,130.25399780273438
86.80000000000001,11.905200837017192,29.068589599259123,28.956750193438676,29.145053926799516,212.200440636347,265.8391175129705,318.85198974609375,133.64199829101562,329.1390075683594,130.3000030517578
86.85000000000001,11.682864967191014,29.093753864734815,28.981511121534005,29.011338720182493,212.3644421011953,266.2545156443685,319.0159912109375,133.64199829101562,328.7330017089844,130.3489990234375
86.9,11.46247318267671,29.119027836361482,29.006370460008036,28.88402581372602,212.52444576330825,266.6690234331047,319.1759948730469,133.64199829101562,328.3269958496094,130.3990020751953
86.95,11.243953376334307,29.144339133361377,29.031321013006362,28.76201503904086,212.68246578284194,267.08382458470584,319.3340148925781,133.64199829101562,327.9200134277344,130.4510040283203
87.0,11.026549365691789,29.169707282140667,29.056357198103292,28.645736538133374,212.8364574820622,267.4992045122771,319.4880065917969,133.64199829101562,327.5119934082031,130.50599670410156
87.05000000000001,10.808208945553242,29.19513272526489,29.081474094310387,28.535037135225725,212.98746181687866,267.9149268628661,319.6390075683594,133.64300537109375,327.1029968261719,130.56199645996094
87.10000000000001,10.604052912316806,29.22061408272445,29.106666390880907,28.429267475854637,213.1364486332853,268.33124943967584,319.7879943847656,133.64300537109375,326.6929931640625,130.6199951171875
87.15,10.399573293169878,29.24613018491444,29.13192452318348,28.32918293585917,213.28146816453534,268.74727721276196,319.9330139160156,133.64300537109375,326.2829895019531,130.67999267578125
87.2,10.14703277770719,29.271677803843613,29.15724576513329,28.23420272354626,213.42444301805136,269.1631084572304,320.07598876953125,133.64300537109375,325.87298583984375,130.74200439453125
87.25,9.83383309131557,29.297251818872766,29.182622433147788,28.144622347593792,213.56244350633776,269.5797980261351,320.2139892578125,133.64300537109375,325.4620056152344,130.80599975585938
87.30000000000001,9.472608585667171,29.322863153697348,29.208049788591616,28.060244124725347,213.69644619190157,269.9965111376066,320.3479919433594,133.64300537109375,325.0509948730469,130.8719940185547
87.35000000000001,9.081864332248436,29.34849885965063,29.233524288083196,27.98099828847296,213.8244674321679,270.41328005955154,320.47601318359375,133.64300537109375,324.6400146484375,130.94000244140625
87.4,8.678593087542321,29.374125444723365,29.259034048919386,27.906839831502424,213.94745327205354,270.83010120039944,320.5989990234375,133.64300537109375,324.22900390625,131.00900268554688
87.45,8.274024942018285,29.399770292207865,29.284577164804034,27.837247842114312,214.06445766662745,271.24719992677433,320.71600341796875,133.64300537109375,323.8179931640625,131.0800018310547
87.5,7.90477269087807,29.425414824379416,29.310147919027905,27.772039110743187,214.17645717837638,271.66464512553046,320.8280029296875,133.64300537109375,323.4070129394531,131.1529998779297
87.55000000000001,7.639524939314963,29.451041054076704,29.335738751909087,27.710873697917336,214.28345180728797,272.08259498611056,320.93499755859375,133.64300537109375,322.9960021972656,131.22799682617188
87.60000000000001,7.15870867527713,29.476645970185597,29.3613419406552,27.65365432805667,214.3864486334695,272.50093183659976,321.0379943847656,133.64300537109375,322.5849914550781,131.3040008544922
87.65,6.593292512311951,29.50227462559362,29.386956384723117,27.600147596701238,214.48044277415036,272.9189505456756,321.1319885253906,133.64300537109375,322.17498779296875,131.3820037841797
87.7,6.00937254131553,29.527830405145757,29.412571644853337,27.5500181617747,214.5674483894915,273.3367409282877,321.218994140625,133.64300537109375,321.7659912109375,131.46200561523438
87.75,5.420052527418148,29.553377455980634,29.43818420856412,27.502862826809515,214.64645839938987,273.7551971183298,321.2980041503906,133.64300537109375,321.35699462890625,131.54299926757812
87.80000000000001,4.844160316964358,29.578894721007025,29.463787365295087,27.458216378863952,214.7164657237364,274.17461011558464,321.3680114746094,133.64300537109375,320.947998046875,131.62600708007812
87.85000000000001,4.271724086870495,29.604362412563997,29.48937372058642,27.41572986787466,214.77844692501225,274.5931294753019,321.42999267578125,133.64300537109375,320.5409851074219,131.71099853515625
87.9,3.6693720103312164,29.629802067509875,29.51494138286508,27.37496623413928,214.83343960088257,275.01257628293416,321.4849853515625,133.64300537109375,320.1340026855469,131.7969970703125
87.95,1.9151174611921928,29.65516697408821,29.540481051053114,27.33533809404207,214.87344814685994,275.4320839450482,321.5249938964844,133.64300537109375,319.7279968261719,131.88400268554688
88.0,0.0005469117972060583,29.680485988990707,29.565988167514245,27.294376908909694,214.8814437950256,275.8519673395363,321.5329895019531,133.64300537109375,319.322998046875,131.97300720214844
88.05000000000001,1.0899227663604648e-05,29.70571872528057,29.59145593463463,27.253011769827264,214.88145298496752,276.2713230909317,321.5329895019531,133.64300537109375,318.9200134277344,132.06399536132812
88.10000000000001,1.2316208337748839e-05,29.730897697700442,29.61688110738612,27.21202152975918,214.88145832493834,276.6920026502891,321.5329895019531,133.64300537109375,318.5169982910156,132.156005859375
88.15,1.8728970044330422e-05,29.756008225180892,29.64225446734485,27.171229824179484,214.88147041490234,277.11212681658986,321.5329895019531,133.64300537109375,318.1159973144531,132.24899291992188
88.2,2.112846997794965e-05,29.781018809147874,29.667573307745062,27.130566243793826,214.88148475494168,277.53202649397355,321.5329895019531,133.64300537109375,317.7170104980469,132.343994140625
88.25,2.090193859905006e-05,29.805954813209944,29.692831043467994,27.090131605177188,214.88149898496854,277.9525796272149,321.5329895019531,133.64300537109375,317.3190002441406,132.44000244140625
88.30000000000001,1.868503882224413e-05,29.830781088609072,29.718019680228196,27.05015594064621,214.8815119148691,278.3737973825512,321.5329895019531,133.64300537109375,316.9219970703125,132.53700256347656
88.35000000000001,1.669913814523435e-05,29.855546592527222,29.743138098224517,27.010448284990613,214.88152309493094,278.79505700707386,321.5329895019531,133.64300537109375,316.5270080566406,132.63600158691406
88.4,0.0,29.880170956806793,29.768174987154207,26.970869213787342,214.88152309493094,279.2163021421162,321.5329895019531,133.64300537109375,316.1340026855469,132.73599243164062
88.45,4.788528297120281e-06,29.90470592580243,29.79312888232563,26.93168703599655,214.88153339489295,279.63752596539143,321.5329895019531,133.64300537109375,315.7430114746094,132.83700561523438
88.5,6.557599644512786e-06,29.929129801373723,29.81799326356393,26.89305903658823,214.88153766489054,280.05979818036286,321.5329895019531,133.64300537109375,315.3529968261719,132.93899536132812
88.55000000000001,6.28774514422713e-06,29.953410065423913,29.842762397578262,26.85450829901177,214.88154232487946,280.48157966587166,321.5329895019531,133.64300537109375,314.96600341796875,133.04299926757812
88.60000000000001,5.82527883503382e-06,29.97760092210683,29.867432720018904,26.816423998160815,214.88154678486686,280.90339479410835,321.5329895019531,133.64300537109375,314.58099365234375,133.14700317382812
88.65,5.22984889877177e-06,30.001639589142577,29.891995856415075,26.778675199079437,214.88155075486216,281.3258363425971,321.5329895019531,133.64300537109375,314.197998046875,133.2530059814453
88.7,4.8146842991558606e-06,30.025509740610666,29.916444949561356,26.74150475469408,214.88155414487633,281.7487063184749,321.5329895019531,133.64300537109375,313.8169860839844,133.36000061035156
88.75,3.566034956100851e-06,30.049295215818443,29.940778989822206,26.704530222260523,214.88155693488594,282.17120427593034,321.5329895019531,133.64300537109375,313.4389953613281,133.46800231933594
88.80000000000001,2.9050487400870495e-06,30.0729266503518,29.96499354599648,26.668065583592806,214.88155922489173,282.5940970118831,321.5329895019531,133.64300537109375,313.06298828125,133.5760040283203
88.85000000000001,1.5792587085749414e-06,30.09638946764853,29.98907783350861,26.631988593034833,214.88155922489173,283.0169924942556,321.5329895019531,133.64300537109375,312.69000244140625,133.68600463867188
88.9,1.919260734812999e-06,30.11970963519938,30.01303170134787,26.596461963783426,214.88156070487972,283.44072148158307,321.5329895019531,133.64300537109375,312.3190002441406,133.7969970703125
88.95,1.3165748163758913e-06,30.14285808485143,30.036846917252767,26.5614396807522,214.88156070487972,283.8641141144024,321.5329895019531,133.64300537109375,311.95098876953125,133.9080047607422
89.0,1.3376967162051053e-06,30.165844140394025,30.060518351154798,26.526737204436348,214.8815626149059,284.28784452268303,321.5329895019531,133.64300537109375,311.58599853515625,134.02099609375
89.05000000000001,1.6277069522164497e-06,30.188673577595786,30.08404470237199,26.492539653912953,214.8815626149059,284.71142653536356,321.5329895019531,133.64300537109375,311.2239990234375,134.13400268554688
89.10000000000001,1.2041058876161783e-06,30.211290309663735,30.107413641127682,26.459164139961945,214.8815642149181,285.1360881231254,321.5329895019531,133.64300537109375,310.864013671875,134.2480010986328
89.15,1.2243292970372832e-06,30.233771349375424,30.130626817150965,26.426038760793503,214.8815642149181,285.56018124752967,321.5329895019531,133.64300537109375,310.50799560546875,134.36300659179688
89.2,6.679904230809682e-07,30.256030572271687,30.153678900317068,26.393452338709874,214.8815654049155,285.9846447399575,321.5329895019531,133.64300537109375,310.1549987792969,134.47900390625
89.25,4.903508076478142e-08,30.27811300776415,30.176560679511635,26.361498712720593,214.8815654049155,286.40927630618916,321.5329895019531,133.64300537109375,309.80499267578125,134.59500122070312
89.30000000000001,1.2620712750813057e-06,30.30000358245695,30.199268372722152,26.330215620990437,214.8815654049155,286.8344166974711,321.5329895019531,133.64300537109375,309.4580078125,134.71200561523438
89.35000000000001,6.811001924713009e-07,30.321691971274213,30.22179862308472,26.299272266146662,214.8815654049155,287.25933776217573,321.5329895019531,133.64300537109375,309.114990234375,134.8300018310547
89.4,2.9652469195890645e-07,30.34319881414643,30.244147540979423,26.26915847894846,214.8815654049155,287.68457126309414,321.5329895019531,133.64300537109375,308.7749938964844,134.947998046875
89.45,4.2384222799847073e-07,30.364493159090117,30.266311048403292,26.23932289775436,214.8815654049155,288.1094823118558,321.5329895019531,133.64300537109375,308.4389953613281,135.0659942626953
89.5,9.210393130856769e-07,30.385531561131664,30.288279790477056,26.210472673604233,214.88156654497075,288.53546994322903,321.5329895019531,133.64300537109375,308.1059875488281,135.18600463867188
89.55000000000001,5.179294835180967e-07,30.40637720410687,30.310050153128163,26.18201190094767,214.88156654497075,288.960908486379,321.5329895019531,133.64300537109375,307.7770080566406,135.30499267578125
89.60000000000001,8.038090831662567e-07,30.427025472950458,30.33162366945683,26.154784328370514,214.88156654497075,289.3875089844149,321.5329895019531,133.64300537109375,307.45098876953125,135.42599487304688
89.65,1.424766101839521e-07,30.447403283574214,30.35298686287671,26.127404082878403,214.88156654497075,289.81299521308847,321.5329895019531,133.64300537109375,307.1300048828125,135.54600524902344
89.7,7.924892412207051e-08,30.467593291261267,30.374143134775665,26.10121069557547,214.88156654497075,290.2395079891571,321.5329895019531,133.64300537109375,306.81201171875,135.66700744628906
89.75,6.977212420380273e-08,30.487518970048143,30.395083731004064,26.075694735077736,214.88156654497075,290.66605999898184,321.5329895019531,133.64300537109375,306.49798583984375,135.78799438476562
89.80000000000001,1.8544661992086978e-06,30.507217391064454,30.415805111864813,26.0503235321619,214.88156654497075,291.0922647449641,321.5329895019531,133.64300537109375,306.1889953613281,135.91000366210938
89.85000000000001,7.23304396421562e-07,30.526653176049187,30.43630123234231,26.026297763765793,214.88156654497075,291.51933983804287,321.5329895019531,133.64300537109375,305.88299560546875,136.03199768066406
89.9,1.751418985461798e-06,30.54588195324966,30.45656954625263,26.002509415546584,214.88156654497075,291.94588035840644,321.5329895019531,133.64300537109375,305.5820007324219,136.1540069580078
89.95,1.7696245710401806e-07,30.56484514006487,30.476604744350105,25.980195057428524,214.88156654497075,292.3733866291299,321.5329895019531,133.64300537109375,305.28399658203125,136.2760009765625
90.0,3.837543932805923e-07,30.583535171336603,30.496405105370606,25.95822996812676,214.88156654497075,292.80084038964213,321.5329895019531,133.64300537109375,304.9909973144531,136.3990020751953
90.05000000000001,1.7180984007238752e-06,31.81886357993177,30.63765374295309,25.924665636190934,214.88156654497075,293.24484719546456,321.5329895019531,133.64300537109375,304.697998046875,136.52099609375
90.10000000000001,4.7917385500463036e-08,33.101560519513555,30.9051072476094,25.87997143865476,214.88156654497075,293.70594707013754,321.5329895019531,133.64300537109375,304.406005859375,136.6439971923828
90.15,1.8335969877019058e-08,34.42621695490619,31.3029886147426,25.82599127813575,214.88156654497075,294.1856550611386,321.5329895019531,133.64300537109375,304.1130065917969,136.76600646972656
