Time (s),Ego Speed (km/h),Lead Speed (km/h),Smoothed Lead Speed (km/h),Distance Between (m),Ego Distance Covered (m),Lead Vehicle Distance Covered (m),Ego X (m),Ego Y (m),Lead X (m),Lead Y (m)
0.0,8.808552074432374,7.056000137329102,7.056000137329102,18.007726955267344,0.0,0.0,107.0,133.0,125.0,133.4250030517578
0.05,8.172539806431361,8.820000171661377,7.938000154495239,18.007992559688333,0.1276519000530243,0.11269998550415039,107.0,133.0,125.0,133.4250030517578
0.1,4.179743814480809,10.584000205993652,8.820000171661377,18.00701323929659,0.20562440156936646,0.2498999983072281,107.0,133.0,125.0,133.4250030517578
0.15000000000000002,1.8211319446580287,10.747439861297607,9.301860094070435,18.005639243546682,0.24259930104017258,0.40529029071331024,107.0,133.0,125.0,133.4250030517578
0.2,0.48308762311996495,7.768655776977541,8.995219230651855,18.00505782990134,0.2558628022670746,0.5298077911138535,107.0,133.0,125.0,133.4250030517578
0.25,0.22911732494913345,4.894776105880743,8.311812043190004,18.00507285215502,0.2561044991016388,0.6134719923138618,107.0,133.0,125.0,133.4250030517578
0.30000000000000004,0.5667731881144923,0.2858883018613525,7.165251508714483,18.005194008088115,0.2624138966202736,0.6421069949865341,107.0,133.0,125.0,133.4250030517578
0.35000000000000003,0.6878160238267094,1.2601333397479655,6.427111737593668,18.005202927724255,0.2714710980653763,0.6545456035350496,107.0,133.0,125.0,133.42599487304688
0.4,0.6899112045765393,1.81846296546511,5.915039651801606,18.0051528996606,0.2811346985399723,0.6770526079748804,107.0,133.0,125.0,133.42599487304688
0.45,0.6321779966356132,2.0269728720120805,5.526232973822653,18.005097745924143,0.2902787961065769,0.7043769045089419,107.0,133.0,125.0,133.42599487304688
0.5,0.5493527770045746,1.9688721142311902,5.017520171512862,18.00503506504223,0.2983833961188793,0.73233919890239,107.0,133.0,125.0,133.4250030517578
0.55,0.4610016167164326,1.7295322128948023,4.308473375636205,18.005018105393177,0.3052759971469641,0.7578970000298237,107.0,133.0,125.0,133.4250030517578
0.6000000000000001,0.37742038965226954,1.3871364163729119,3.3887869966741304,18.00501877720492,0.3109733983874321,0.7791991003008103,107.0,133.0,125.0,133.4250030517578
0.65,0.30333420932294397,1.00696340226384,2.414739350770754,18.005027987385695,0.31558599788695574,0.7953645896316981,107.0,133.0,125.0,133.4250030517578
0.7000000000000001,0.2403331160545438,0.6386228197041549,1.7017360550434155,18.00503755789001,0.31926149781793356,0.8062933992744898,107.0,133.0,125.0,133.4250030517578
0.75,0.18826163560157158,0.31574798285862116,1.2438332427412033,18.005042809895123,0.32215381786227226,0.8124449990840172,107.0,133.0,125.0,133.4250030517578
0.8,0.14610420316472655,0.05750502296999003,1.2209949148520671,18.005042683563268,0.3244069376960397,0.8146238003076529,107.0,133.0,125.0,133.4250030517578
0.8500000000000001,0.11251079589138961,0.1299309308164235,1.107974673958913,18.00503850503426,0.32614746736362576,0.8154523998649335,107.0,133.0,125.0,133.4250030517578
0.9,0.0860785178843319,0.24808918695718288,0.9509372961081202,18.00503247661333,0.3274826474953443,0.8183073002995467,107.0,133.0,125.0,133.4250030517578
0.9500000000000001,0.06548904329565672,0.30600271060670414,0.7788402799675824,18.005026552186422,0.3285007474478334,0.8222957004012084,107.0,133.0,125.0,133.4250030517578
1.0,0.04957668073560227,0.3157817409178542,0.6135312426362488,18.005021907930008,0.329273117473349,0.8266767004655218,107.0,133.0,125.0,133.4250030517578
1.05,0.03737808130688651,0.29079330967743583,0.46965735231451217,18.005018910042104,0.3298564194701612,0.830891031041882,107.0,133.0,125.0,133.4250030517578
1.1,0.02807452753186402,0.24392817479563297,0.35533652815678424,18.005040797302414,0.3302951094810851,0.8346945046284268,107.0,133.0,125.0,133.42599487304688
1.1500000000000001,0.021016656607491843,0.18643326681000105,0.2732835146114003,18.00504023480609,0.3306240124802571,0.8376152945053795,107.0,133.0,125.0,133.42599487304688
1.2000000000000002,0.0,0.12728371636238092,0.2221496042772229,18.005040183255666,0.3306240124802571,0.8397142594982901,107.0,133.0,125.0,133.42599487304688
1.25,0.005310071865315141,0.07294128045944871,0.19786893403730565,18.005040304592555,0.3308829544694163,0.8410247644712249,107.0,133.0,125.0,133.42599487304688
1.3,0.006696683820342227,0.02744673598714945,0.19486310533902157,18.0050404047983,0.3309701584512368,0.8416498744697342,107.0,133.0,125.0,133.42599487304688
1.35,0.006824015826017504,0.0072446889797028145,0.18259448115534951,18.005040433919792,0.3310652204672806,0.8417309344583223,107.0,133.0,125.0,133.42599487304688
1.4000000000000001,0.006304572104151936,0.030858026959082623,0.1608713651555395,18.005040398143997,0.33115612546680495,0.8420397344813714,107.0,133.0,125.0,133.42599487304688
1.4500000000000002,0.005510303797222176,0.0,0.1302710940948691,18.005040411145412,0.3312371874926612,0.8420397344813714,107.0,133.0,125.0,133.42599487304688
1.5,0.004640147835238625,0.0,0.09869292000308365,18.0050404225455,0.3313064624671824,0.8420397344813714,107.0,133.0,125.0,133.42599487304688
1.55,0.0038055600600768514,0.0,0.06961358903534007,18.005040432195237,0.33136387349804863,0.8420397344813714,107.0,133.0,125.0,133.42599487304688
1.6,0.0030633695656710988,0.0,0.04522077155577677,18.005040440158435,0.331410450511612,0.8420397344813714,107.0,133.0,125.0,133.42599487304688
1.6500000000000001,0.0008349444262374812,0.0,0.026577444874776666,18.005040442530046,0.3314241875195876,0.8420397344813714,107.0,133.0,125.0,133.42599487304688
1.7000000000000002,0.0012983183499701693,0.0,0.013849073238538576,18.005040445295137,0.3314401274546981,0.8420397344813714,107.0,133.0,125.0,133.42599487304688
1.75,0.0014138315601300447,0.0,0.006554945192593704,18.005040448661962,0.3314594274852425,0.8420397344813714,107.0,133.0,125.0,133.42599487304688
1.8,0.0013581864075561446,0.0,0.00381027159387876,18.00504045205124,0.33147873752750456,0.8420397344813714,107.0,133.0,125.0,133.42599487304688
1.85,0.0012117743688456893,0.0,0.0030858026959084783,18.00504045516903,0.33149639749899507,0.8420397344813714,107.0,133.0,125.0,133.42599487304688
1.9000000000000001,0.001032850798258022,0.0,2.1614654510671015e-16,18.005040457896648,0.3315117674646899,0.8420397344813714,107.0,133.0,125.0,133.42599487304688
1.9500000000000002,0.0008585640012686078,0.0,2.1614654510671015e-16,18.005040460201407,0.3315246974816546,0.8420397344813714,107.0,133.0,125.0,133.42599487304688
2.0,0.000697733980307774,0.0,2.1614654510671015e-16,18.005040462085226,0.3315352274803445,0.8420397344813714,107.0,133.0,125.0,133.42599487304688
2.0500000000000003,0.00010655675796461684,0.0,2.1614654510671015e-16,18.005040463091337,0.331540837418288,0.8420397344813714,107.0,133.0,125.0,133.42599487304688
2.1,0.0002426706127985744,0.0,2.1614654510671015e-16,18.005040463585217,0.3315435874974355,0.8420397344813714,107.0,133.0,125.0,133.42599487304688
2.15,0.00029055925214645657,0.0,2.1614654510671015e-16,18.005040464277286,0.33154743746854365,0.8420397344813714,107.0,133.0,125.0,133.42599487304688
2.2,0.00029182935217016284,0.0,2.1614654510671015e-16,18.005040465004388,0.331551477429457,0.8420397344813714,107.0,133.0,125.0,133.42599487304688
2.25,0.000267352929538828,0.0,2.1614654510671015e-16,18.005040465700027,0.33155533752869815,0.8420397344813714,107.0,133.0,125.0,133.42599487304688
2.3000000000000003,0.0002300032793320601,0.0,2.1614654510671015e-16,18.005040466311556,0.3315587274264544,0.8420397344813714,107.0,133.0,125.0,133.42599487304688
2.35,0.0001936832451140381,0.0,2.1614654510671015e-16,18.00504046683522,0.33156162744853646,0.8420397344813714,107.0,133.0,125.0,133.42599487304688
2.4000000000000004,0.00015949189147496944,0.0,2.1614654510671015e-16,18.005040467268962,0.33156402746681124,0.8420397344813714,107.0,133.0,125.0,133.42599487304688
2.45,0.000127085402357543,0.0,2.1614654510671015e-16,18.005040467621647,0.33156597742345184,0.8420397344813714,107.0,133.0,125.0,133.42599487304688
2.5,4.3666233319726636e-05,0.0,2.1614654510671015e-16,18.005040467621647,0.33156597742345184,0.8420397344813714,107.0,133.0,125.0,133.42599487304688
2.5500000000000003,5.8049997898267084e-05,0.0,2.1614654510671015e-16,18.00504046782065,0.3315670774318278,0.8420397344813714,107.0,133.0,125.0,133.42599487304688
2.6,6.213528208074491e-05,0.0,2.1614654510671015e-16,18.00504046782065,0.3315670774318278,0.8420397344813714,107.0,133.0,125.0,133.42599487304688
2.6500000000000004,6.0178321421787886e-05,0.0,2.1614654510671015e-16,18.005040468112075,0.33156868745572865,0.8420397344813714,107.0,133.0,125.0,133.42599487304688
2.7,5.334696516341758e-05,0.0,2.1614654510671015e-16,18.005040468112075,0.33156868745572865,0.8420397344813714,107.0,133.0,125.0,133.42599487304688
2.75,4.716799678290954e-05,0.0,2.1614654510671015e-16,18.005040468367415,0.3315700974781066,0.8420397344813714,107.0,133.0,125.0,133.42599487304688
2.8000000000000003,3.717827992403461e-05,0.0,2.1614654510671015e-16,18.005040468367415,0.3315700974781066,0.8420397344813714,107.0,133.0,125.0,133.42599487304688
2.85,2.95915446517841e-05,0.0,2.1614654510671015e-16,18.005040468367415,0.3315700974781066,0.8420397344813714,107.0,133.0,125.0,133.42599487304688
2.9000000000000004,6.934617580183907e-06,0.0,2.1614654510671015e-16,18.005040468581186,0.33157127746380866,0.8420397344813714,107.0,133.0,125.0,133.42599487304688
2.95,8.856878345921438e-06,0.0,2.1614654510671015e-16,18.005040468581186,0.33157127746380866,0.8420397344813714,107.0,133.0,125.0,133.42599487304688
3.0,1.0985253049516275e-05,0.0,2.1614654510671015e-16,18.005040468581186,0.33157127746380866,0.8420397344813714,107.0,133.0,125.0,133.42599487304688
3.0500000000000003,7.621020925165255e-06,0.0,2.1614654510671015e-16,18.005040468581186,0.33157127746380866,0.8420397344813714,107.0,133.0,125.0,133.42599487304688
3.1,6.522654806110073e-06,0.0,2.1614654510671015e-16,18.005040468581186,0.33157127746380866,0.8420397344813714,107.0,133.0,125.0,133.42599487304688
3.1500000000000004,8.10215879116003e-06,0.0,2.1614654510671015e-16,18.005040468581186,0.33157127746380866,0.8420397344813714,107.0,133.0,125.0,133.42599487304688
3.2,6.934624818583801e-06,0.0,2.1614654510671015e-16,18.005040468581186,0.33157127746380866,0.8420397344813714,107.0,133.0,125.0,133.42599487304688
3.25,4.806063409711044e-06,0.0,2.1614654510671015e-16,18.005040468581186,0.33157127746380866,0.8420397344813714,107.0,133.0,125.0,133.42599487304688
3.3000000000000003,0.0,0.0,2.1614654510671015e-16,18.005040468581186,0.33157127746380866,0.8420397344813714,107.0,133.0,125.0,133.42599487304688
3.35,2.952281288816751e-06,0.0,2.1614654510671015e-16,18.005040468767852,0.3315723075065762,0.8420397344813714,107.0,133.0,125.0,133.42599487304688
3.4000000000000004,5.904577595829135e-06,0.0,2.1614654510671015e-16,18.005040468767852,0.3315723075065762,0.8420397344813714,107.0,133.0,125.0,133.42599487304688
3.45,4.703060309168981e-06,0.0,2.1614654510671015e-16,18.005040468767852,0.3315723075065762,0.8420397344813714,107.0,133.0,125.0,133.42599487304688
3.5,4.943486377887299e-06,0.0,2.1614654510671015e-16,18.005040468767852,0.3315723075065762,0.8420397344813714,107.0,133.0,125.0,133.42599487304688
3.5500000000000003,6.900112608735065e-06,0.0,2.1614654510671015e-16,18.005040468767852,0.3315723075065762,0.8420397344813714,107.0,133.0,125.0,133.42599487304688
3.6,6.6941608593014995e-06,0.0,2.1614654510671015e-16,18.005040468767852,0.3315723075065762,0.8420397344813714,107.0,133.0,125.0,133.42599487304688
3.6500000000000004,4.051876808871286e-06,0.0,2.1614654510671015e-16,18.005040468767852,0.3315723075065762,0.8420397344813714,107.0,133.0,125.0,133.42599487304688
3.7,7.003331225539989e-06,0.0,2.1614654510671015e-16,18.005040468767852,0.3315723075065762,0.8420397344813714,107.0,133.0,125.0,133.42599487304688
3.75,4.119609812355907e-07,0.0,2.1614654510671015e-16,18.005040468767852,0.3315723075065762,0.8420397344813714,107.0,133.0,125.0,133.42599487304688
3.8000000000000003,1.064264857673896e-06,0.0,2.1614654510671015e-16,18.005040468767852,0.3315723075065762,0.8420397344813714,107.0,133.0,125.0,133.42599487304688
3.85,1.5791892034717522e-06,0.0,2.1614654510671015e-16,18.005040468767852,0.3315723075065762,0.8420397344813714,107.0,133.0,125.0,133.42599487304688
3.9000000000000004,2.094117887764113e-06,0.0,2.1614654510671015e-16,18.005040468767852,0.3315723075065762,0.8420397344813714,107.0,133.0,125.0,133.42599487304688
3.95,2.609049122762035e-06,0.0,2.1614654510671015e-16,18.005040468767852,0.3315723075065762,0.8420397344813714,107.0,133.0,125.0,133.42599487304688
4.0,3.123981955006202e-06,0.0,2.1614654510671015e-16,18.005040468767852,0.3315723075065762,0.8420397344813714,107.0,133.0,125.0,133.42599487304688
4.05,5.012029802890715e-06,0.0,2.1614654510671015e-16,18.005040468767852,0.3315723075065762,0.8420397344813714,107.0,133.0,125.0,133.42599487304688
4.1000000000000005,4.291110760393585e-06,0.0,2.1614654510671015e-16,18.005040468767852,0.3315723075065762,0.8420397344813714,107.0,133.0,125.0,133.42599487304688
4.15,1.0298664292751052e-07,0.0,2.1614654510671015e-16,18.005040468767852,0.3315723075065762,0.8420397344813714,107.0,133.0,125.0,133.42599487304688
4.2,6.179202697330888e-07,0.0,2.1614654510671015e-16,18.005040468767852,0.3315723075065762,0.8420397344813714,107.0,133.0,125.0,133.42599487304688
4.25,1.1328557327042009e-06,0.0,2.1614654510671015e-16,18.005040468767852,0.3315723075065762,0.8420397344813714,107.0,133.0,125.0,133.42599487304688
4.3,1.6477908433397687e-06,0.0,2.1614654510671015e-16,18.005040468767852,0.3315723075065762,0.8420397344813714,107.0,133.0,125.0,133.42599487304688
4.3500000000000005,2.3000333183491266e-06,0.0,2.1614654510671015e-16,18.005040468767852,0.3315723075065762,0.8420397344813714,107.0,133.0,125.0,133.42599487304688
4.4,2.9522909064983695e-06,0.0,2.1614654510671015e-16,18.005040468767852,0.3315723075065762,0.8420397344813714,107.0,133.0,125.0,133.42599487304688
4.45,3.5702205498871053e-06,0.0,2.1614654510671015e-16,18.005040468767852,0.3315723075065762,0.8420397344813714,107.0,133.0,125.0,133.42599487304688
4.5,4.188139508673946e-06,0.0,2.1614654510671015e-16,18.005040468767852,0.3315723075065762,0.8420397344813714,107.0,133.0,125.0,133.42599487304688
4.55,4.840380357236716e-06,0.0,2.1614654510671015e-16,18.005040468767852,0.3315723075065762,0.8420397344813714,107.0,133.0,125.0,133.42599487304688
4.6000000000000005,5.493108215347551e-07,0.0,2.1614654510671015e-16,18.005040468767852,0.3315723075065762,0.8420397344813714,107.0,133.0,125.0,133.42599487304688
4.65,1.235934801130742e-06,0.0,2.1614654510671015e-16,18.005040468767852,0.3315723075065762,0.8420397344813714,107.0,133.0,125.0,133.42599487304688
4.7,1.8539036539893514e-06,0.0,2.1614654510671015e-16,18.005040468767852,0.3315723075065762,0.8420397344813714,107.0,133.0,125.0,133.42599487304688
4.75,3.741849669874813e-06,0.0,2.1614654510671015e-16,18.005040468767852,0.3315723075065762,0.8420397344813714,107.0,133.0,125.0,133.42599487304688
4.800000000000001,2.9866671647094007e-06,0.0,2.1614654510671015e-16,18.005040468767852,0.3315723075065762,0.8420397344813714,107.0,133.0,125.0,133.42599487304688
4.8500000000000005,3.6388655326265184e-06,0.0,2.1614654510671015e-16,18.005040468767852,0.3315723075065762,0.8420397344813714,107.0,133.0,125.0,133.42599487304688
4.9,4.188142069143118e-06,0.0,2.1614654510671015e-16,18.005040468767852,0.3315723075065762,0.8420397344813714,107.0,133.0,125.0,133.42599487304688
4.95,4.703052323255842e-06,0.0,2.1614654510671015e-16,18.005040468767852,0.3315723075065762,0.8420397344813714,107.0,133.0,125.0,133.42599487304688
5.0,2.403046429786048e-07,0.0,2.1614654510671015e-16,18.005040468767852,0.3315723075065762,0.8420397344813714,107.0,133.0,125.0,133.42599487304688
5.050000000000001,8.925814800328537e-07,0.0,2.1614654510671015e-16,18.005040468767852,0.3315723075065762,0.8420397344813714,107.0,133.0,125.0,133.42599487304688
5.1000000000000005,1.4418382849838799e-06,0.0,2.1614654510671015e-16,18.005040468767852,0.3315723075065762,0.8420397344813714,107.0,133.0,125.0,133.42599487304688
5.15,1.9567578988834338e-06,0.0,2.1614654510671015e-16,18.005040468767852,0.3315723075065762,0.8420397344813714,107.0,133.0,125.0,133.42599487304688
5.2,2.47168405361786e-06,0.0,2.1614654510671015e-16,18.005040468767852,0.3315723075065762,0.8420397344813714,107.0,133.0,125.0,133.42599487304688
5.25,2.9866136217385603e-06,0.0,2.1614654510671015e-16,18.005040468767852,0.3315723075065762,0.8420397344813714,107.0,133.0,125.0,133.42599487304688
5.300000000000001,3.501541299450079e-06,0.0,2.1614654510671015e-16,18.005040468767852,0.3315723075065762,0.8420397344813714,107.0,133.0,125.0,133.42599487304688
5.3500000000000005,4.153789480560297e-06,0.0,2.1614654510671015e-16,18.005040468767852,0.3315723075065762,0.8420397344813714,107.0,133.0,125.0,133.42599487304688
5.4,0.0,0.0,2.1614654510671015e-16,18.005040468767852,0.3315723075065762,0.8420397344813714,107.0,133.0,125.0,133.42599487304688
5.45,6.525911558302868e-07,0.0,2.1614654510671015e-16,18.005040468767852,0.3315723075065762,0.8420397344813714,107.0,133.0,125.0,133.42599487304688
5.5,1.2358562273676854e-06,0.0,2.1614654510671015e-16,18.005040468767852,0.3315723075065762,0.8420397344813714,107.0,133.0,125.0,133.42599487304688
5.550000000000001,1.8880850362952523e-06,0.0,2.1614654510671015e-16,18.005040468767852,0.3315723075065762,0.8420397344813714,107.0,133.0,125.0,133.42599487304688
5.6000000000000005,2.5403385114036337e-06,0.0,2.1614654510671015e-16,18.005040468767852,0.3315723075065762,0.8420397344813714,107.0,133.0,125.0,133.42599487304688
5.65,3.0896033672282932e-06,0.0,2.1614654510671015e-16,18.005040468767852,0.3315723075065762,0.8420397344813714,107.0,133.0,125.0,133.42599487304688
5.7,3.604540068000803e-06,0.0,2.1614654510671015e-16,18.005040468767852,0.3315723075065762,0.8420397344813714,107.0,133.0,125.0,133.42599487304688
5.75,4.119445762274563e-06,0.0,2.1614654510671015e-16,18.005040468767852,0.3315723075065762,0.8420397344813714,107.0,133.0,125.0,133.42599487304688
5.800000000000001,4.7373842301708825e-06,0.0,2.1614654510671015e-16,18.005040468767852,0.3315723075065762,0.8420397344813714,107.0,133.0,125.0,133.42599487304688
5.8500000000000005,4.119609812355885e-07,0.0,2.1614654510671015e-16,18.005040468767852,0.3315723075065762,0.8420397344813714,107.0,133.0,125.0,133.42599487304688
5.9,9.612394325577222e-07,0.0,2.1614654510671015e-16,18.005040468767852,0.3315723075065762,0.8420397344813714,107.0,133.0,125.0,133.42599487304688
5.95,1.6134563301798455e-06,0.0,2.1614654510671015e-16,18.005040468767852,0.3315723075065762,0.8420397344813714,107.0,133.0,125.0,133.42599487304688
6.0,2.2657070520444272e-06,0.0,2.1614654510671015e-16,18.005040468767852,0.3315723075065762,0.8420397344813714,107.0,133.0,125.0,133.42599487304688
6.050000000000001,2.8836307752954054e-06,0.0,2.1614654510671015e-16,18.005040468767852,0.3315723075065762,0.8420397344813714,107.0,133.0,125.0,133.42599487304688
6.1000000000000005,3.570199483691945e-06,0.0,2.1614654510671015e-16,18.005040468767852,0.3315723075065762,0.8420397344813714,107.0,133.0,125.0,133.42599487304688
6.15,4.1881409525154594e-06,0.0,2.1614654510671015e-16,18.005040468767852,0.3315723075065762,0.8420397344813714,107.0,133.0,125.0,133.42599487304688
6.2,0.795330156891963,0.0,2.1614654510671015e-16,18.002042956944056,0.3345706620807825,0.8420397344813714,107.00299835205078,133.0,125.0,133.42599487304688
6.25,1.6182986693894503,0.0,2.1614654510671015e-16,17.984042635862995,0.3525760393893473,0.8420397344813714,107.02100372314453,133.0,125.0,133.42599487304688
6.300000000000001,2.292905936385153,0.016662018577760423,0.0016662018577762584,17.955051407569506,0.38157537156794413,0.842340634444266,107.05000305175781,133.0,125.0,133.42599487304688
6.3500000000000005,2.6742141683433127,0.021417163659381108,0.0038079182237143695,17.920065216077155,0.4165714058192165,0.8425337344012255,107.08499908447266,133.0,125.0,133.42599487304688
6.4,2.9190293116813977,0.020031506909540753,0.005811068914668445,17.881074768471382,0.45557287097835863,0.8427282044501075,107.1240005493164,133.0,125.0,133.42599487304688
6.45,3.039960624027665,0.01889978595106728,0.007701047509775173,17.839086871679196,0.4975726878743478,0.8429343544482285,107.16600036621094,133.0,125.0,133.42599487304688
6.5,3.064267976160548,0.01795173355995475,0.009496220865770648,17.79709903087628,0.5395725048977299,0.8431582384579847,107.20800018310547,133.0,125.0,133.42599487304688
6.550000000000001,3.0282210827362026,0.017192976020194324,0.011215518467790082,17.754112084006398,0.581572322187234,0.8441874572267718,107.25,133.0,124.9990005493164,133.42599487304688
6.6000000000000005,2.8160442961908725,0.01658071542388247,0.01287359001017833,17.71312352130516,0.6225726891728147,0.8444559352606031,107.29100036621094,133.0,124.9990005493164,133.42599487304688
6.65,2.5918578368157914,0.016063954185767535,0.014479985428755083,17.676131657097642,0.6595752539181717,0.8447471492358911,107.3280029296875,133.0,124.9990005493164,133.42599487304688
6.7,2.4044093626526535,0.01553749848432244,0.01603373527718733,17.641145787348396,0.6945712878291898,0.8450580852472651,107.36299896240234,133.0,124.9990005493164,133.42599487304688
6.75,2.3569578053900013,0.01495489498021087,0.017529224775208414,17.60815827946436,0.7265689692221878,0.8461098586789666,107.3949966430664,133.0,124.99800109863281,133.42599487304688
6.800000000000001,2.402940424221983,0.01420769905648045,0.01728379282308042,17.575163186765653,0.7595737301673077,0.8464480696651953,107.4280014038086,133.0,124.99800109863281,133.42599487304688
6.8500000000000005,2.607165257685879,0.6518462111463866,0.08032669757178099,17.550152226535047,0.7945842502445155,0.8564504572929164,107.46299743652344,133.00100708007812,125.00800323486328,133.42599487304688
6.9,2.8663835157595057,1.1946145882174373,0.19778500570257063,17.527156358846497,0.8335857151909439,0.8724497995042887,107.50199890136719,133.00100708007812,125.02400207519531,133.42599487304688
6.95,3.196161873041216,0.7749245925082894,0.27338748635829285,17.49816557609026,0.875585532359753,0.8854515906599251,107.54399871826172,133.00100708007812,125.03700256347656,133.42599487304688
7.0,3.4589046743584455,1.4470773525829215,0.41630004826058953,17.470166353482956,0.922590232353313,0.9044501239111897,107.59100341796875,133.00100708007812,125.05599975585938,133.42599487304688
7.050000000000001,3.6842077434956906,1.0382727238963814,0.5184080230482082,17.437179014969136,0.9725856548930131,0.9214492801487881,107.64099884033203,133.00100708007812,125.072998046875,133.42599487304688
7.1000000000000005,3.843327770248624,1.718031560808394,0.6885531075866594,17.40818832446302,1.0245876080881076,0.9444523688909188,107.69300079345703,133.00100708007812,125.09600067138672,133.42599487304688
7.15,3.9795883132399243,1.3159312658607627,0.8185398387541589,17.373195120359828,1.0795879132776407,0.9644491041758771,107.74800109863281,133.00100708007812,125.11599731445312,133.42599487304688
7.2,4.060624263286273,2.0027796970527953,1.0172640586110062,17.343205335891785,1.1355876691372442,0.9904500991436528,107.80400085449219,133.00100708007812,125.14199829101562,133.42599487304688
7.25,4.142093030322612,1.6083508994343607,1.1766036590564213,17.31021812895225,1.1925868756888103,1.0144522094357105,107.86100006103516,133.00100708007812,125.16600036621094,133.42599487304688
7.300000000000001,4.202069138807075,2.29984804879184,1.4051676940299571,17.28322584973086,1.2505855329355546,1.0454504768581636,107.91899871826172,133.00100708007812,125.1969985961914,133.42599487304688
7.3500000000000005,4.289369705121865,1.9106828987166733,1.531051362786986,17.252237003325604,1.3095836408663344,1.07345051603066,107.97799682617188,133.00100708007812,125.2249984741211,133.42599487304688
7.4,4.377605649921876,2.606275197836124,1.6722174237488545,17.226243924163242,1.3695888288678437,1.1074548168527485,108.03800201416016,133.00100708007812,125.25900268554688,133.42599487304688
7.45,4.501266331160239,2.2203122605555428,1.8167561905535798,17.19725343134287,1.4315852888339429,1.1404521151962923,108.0999984741211,133.00100708007812,125.29199981689453,133.42599487304688
7.5,4.628742913205542,2.9187113616114573,1.9639195914564334,17.172259548497447,1.4955882795566937,1.1794536480980133,108.16400146484375,133.00100708007812,125.33100128173828,133.42599487304688
7.550000000000001,4.780375481035935,2.5360202745808764,2.113694346524883,17.1432691131264,1.5605830915689323,1.2154492454174881,108.22899627685547,133.00100708007812,125.36699676513672,133.42599487304688
7.6000000000000005,4.926356016879165,3.2372040603110737,2.265611596475151,17.119257456360582,1.62859111771726,1.25945562524906,108.2969970703125,133.0019989013672,125.41100311279297,133.42599487304688
7.65,5.070824770089657,2.8571158232421774,2.4197300522132927,17.09026703593971,1.6985908125438003,1.3004560509545544,108.36699676513672,133.0019989013672,125.4520034790039,133.42599487304688
7.7,5.199741385785013,3.560468003392639,2.575498882847277,17.067263872917945,1.7695975874473857,1.3484525836366985,108.43800354003906,133.0019989013672,125.5,133.42599487304688
7.75,5.321458157886302,3.1824571970992688,2.732909512613768,17.040271790246027,1.8425956343226328,1.3944502336961786,108.51100158691406,133.0019989013672,125.5459976196289,133.42599487304688
7.800000000000001,5.434282875125162,3.8872101410140685,2.891645721835991,17.01728392353692,1.9175925825649704,1.446452190546624,108.58599853515625,133.0019989013672,125.5979995727539,133.42599487304688
7.8500000000000005,5.544407403255874,3.510761949082113,3.0516536268725347,16.990291890483554,1.9945960615693499,1.4964552605242725,108.66300201416016,133.0019989013672,125.64800262451172,133.42599487304688
7.9,5.6552881422023855,4.217653488488748,3.212791455937797,16.97030148196893,2.0715919111796626,1.5534544683743639,108.73999786376953,133.0019989013672,125.70500183105469,133.42599487304688
7.95,5.769769105532709,3.843793968573557,3.3751396267395983,16.94530777122876,2.151593742234773,1.6084547864900856,108.81999969482422,133.0019989013672,125.76000213623047,133.42599487304688
8.0,5.889038197797877,4.551769301505895,3.5384454207290417,16.92628370911659,2.232601284189711,1.6704512470772792,108.9010009765625,133.0030059814453,125.8219985961914,133.42599487304688
8.05,6.0129151782723955,4.178737610940128,3.7027171543649664,16.903295904326182,2.3156014672951897,1.7304564455981177,108.98400115966797,133.0030059814453,125.88200378417969,133.42599487304688
8.1,6.140319869684338,4.887001012733963,3.8676968496072552,16.885296177491675,2.399601101084252,1.7964507086666957,109.06800079345703,133.0030059814453,125.947998046875,133.42599487304688
8.15,6.2698849898446145,4.515121153562541,4.0334973826392915,16.86230840779635,2.4865990869241656,1.8604537086177988,109.15499877929688,133.0030059814453,126.01200103759766,133.42599487304688
8.200000000000001,6.400206349476259,5.225041159532074,4.199954698253236,16.845315471017383,2.5745965234478083,1.931452854341051,109.24299621582031,133.0030059814453,126.08300018310547,133.42599487304688
8.25,6.530275438535858,4.853160858575173,4.367025064400826,16.82431837825884,2.6646004907334984,2.0004531063352013,109.33300018310547,133.0030059814453,126.1520004272461,133.42599487304688
8.3,6.65958886111033,5.5638010406432,4.53468415436374,16.808292042516133,2.7566087053110695,2.076449505356738,109.42500305175781,133.00399780273438,126.22799682617188,133.42599487304688
8.35,6.788002420835576,5.195953055078288,4.703203264963358,16.789308471660615,2.849603395252553,2.1504546388081205,109.51799774169922,133.00399780273438,126.302001953125,133.42599487304688
8.4,6.9158397060380485,5.904936749511459,4.8719315910656285,16.773314690648608,2.9456040666392767,2.23045646988556,109.61399841308594,133.00399780273438,126.38200378417969,133.42599487304688
8.450000000000001,7.043425590875428,5.541732625227354,5.041725456731008,16.755315024592075,3.042604188709597,2.3094512261263143,109.71099853515625,133.00399780273438,126.46099853515625,133.42599487304688
8.5,7.171299095430445,6.247296862083803,5.211278212788799,16.741294175214676,3.141608334339457,2.394450310600008,109.80999755859375,133.0050048828125,126.5459976196289,133.42599487304688
8.55,7.299784672393482,5.887980862473928,5.382202537942179,16.724293637748477,3.241614437855082,2.4774504979643606,109.91000366210938,133.0050048828125,126.62899780273438,133.42599487304688
8.6,7.429099042993369,6.590232922805136,5.552525728949297,16.71130489919387,3.344611264026957,2.5674544652880016,110.01300048828125,133.0050048828125,126.71900177001953,133.42599487304688
8.65,7.547504388105529,6.233904686263062,5.724404082219349,16.695311140969082,3.4486075408824335,2.6554519052097962,110.11699676513672,133.0050048828125,126.80699920654297,133.42599487304688
8.700000000000001,7.663354624506116,6.931908577404625,5.895090824006603,16.684288057790603,3.554614988414203,2.7504531260234177,110.2229995727539,133.00599670410156,126.9020004272461,133.42599487304688
8.75,7.7912290463610345,6.580008772798883,6.067775615428975,16.670292558871854,3.661617246715051,2.8434554481668814,110.33000183105469,133.00599670410156,126.99500274658203,133.42599487304688
8.8,7.9160068067586415,7.274520656934912,6.238847577058147,16.660293599575425,3.7716178570666687,2.9434539224764746,110.44000244140625,133.00599670410156,127.09500122070312,133.42599487304688
8.85,8.031245400267869,6.925392751317782,6.411791546682096,16.647271868635816,3.881623077342865,3.040454046931746,110.55000305175781,133.0070037841797,127.19200134277344,133.42599487304688
8.9,8.156023371661853,7.614720902437238,6.582769961974674,16.639296559936497,3.9946220397452086,3.1454546043711185,110.66300201416016,133.0070037841797,127.2969970703125,133.427001953125
8.950000000000001,8.298622603004306,7.271065128611659,6.755703212313104,16.627306975593044,4.1086204528311745,3.2474596112718963,110.7770004272461,133.0070037841797,127.39900207519531,133.427001953125
9.0,8.45133720058689,7.955388930168561,6.926512419121581,16.619288887172083,4.225621421895632,3.3564607712371215,110.89399719238281,133.00799560546875,127.50800323486328,133.427001953125
9.05,8.593864664256028,7.618573000609793,7.099571632935168,16.607284040053123,4.344624717795434,3.463455401871474,111.01300048828125,133.00799560546875,127.61499786376953,133.427001953125
9.1,8.729587563863369,8.296416592384649,7.27018999989312,16.60128161869604,4.464627464377769,3.5774538153158444,111.13300323486328,133.00799560546875,127.72899627685547,133.427001953125
9.15,8.872655194459988,7.966080877121248,7.443407618978938,16.591272521670625,4.586625639665438,3.689460957894799,111.25499725341797,133.00900268554688,127.84100341796875,133.427001953125
9.200000000000001,9.018134003768076,8.639568567233605,7.6141736179618364,16.585270094808504,4.7116256396655825,3.8084566248155265,111.37999725341797,133.00900268554688,127.95999908447266,133.427001953125
9.25,9.164117682442532,8.317404790241975,7.787913219706146,16.57624528955552,4.837628993915305,3.925453391218011,111.50599670410156,133.00999450683594,128.07699584960938,133.427001953125
9.3,9.308841542338438,8.983944489698233,7.958855602982479,16.570242857098663,4.966634426044267,4.048454490321453,111.63500213623047,133.00999450683594,128.1999969482422,133.427001953125
9.35,9.451045582754789,8.667468710929965,8.133063198943697,16.562232086220263,5.09663558029517,4.170463768778192,111.76499938964844,133.01100158691406,128.32200622558594,133.427001953125
9.4,9.590478320851178,9.328104979079374,8.30440160660791,16.55722115596326,5.229638815158451,4.298454491932391,111.89800262451172,133.01100158691406,128.4499969482422,133.427001953125
9.450000000000001,9.727570632788085,9.017317198307857,8.47902681357753,16.550202310240003,5.363637541953722,4.425453394271258,112.03199768066406,133.01199340820312,128.57699584960938,133.427001953125
9.5,9.863258943510521,9.671004616551945,8.650588382215867,16.54721252823758,5.4996391288678375,4.558464259054262,112.16799926757812,133.01199340820312,128.7100067138672,133.427001953125
9.55,9.986599753185214,9.366552856510348,8.825386367805923,16.540185710123904,5.637643291762109,4.689460964040004,112.30599975585938,133.01300048828125,128.84100341796875,133.427001953125
9.600000000000001,10.105872323910894,10.015201156445762,8.997264824212033,16.53818743515098,5.77764268141127,4.827461452864959,112.44599914550781,133.01300048828125,128.97900390625,133.427001953125
9.65,10.237709977658099,9.717300852131846,9.172386821713093,16.53216742209367,5.9196445435881255,4.96346304057671,112.58799743652344,133.01400756835938,129.11500549316406,133.427001953125
9.700000000000001,10.379663128590332,10.359396838768653,9.344369648866596,16.532152168130263,6.0626499146818755,5.106453153432147,112.73100280761719,133.01400756835938,129.25799560546875,133.427001953125
9.75,10.52914140279479,10.067436875555579,9.519372857397956,16.52813848706784,6.207649949888755,5.247459623879774,112.8759994506836,133.01499938964844,129.3990020751953,133.427001953125
9.8,10.682615419387899,10.703700668036987,9.69134847523183,16.527114272348825,6.355656000686452,5.394462798262562,113.02400207519531,133.01600646972656,129.54600524902344,133.427001953125
9.850000000000001,10.836593561327419,10.419336720338844,9.86653527617272,16.52411684765606,6.504650446487943,5.5404588926685605,113.1729965209961,133.01600646972656,129.69200134277344,133.427001953125
9.9,10.988376423312364,11.04894091031501,10.038618869296283,16.525115989227775,6.656654109577386,5.69346198586296,113.32499694824219,133.01699829101562,129.84500122070312,133.42799377441406
9.950000000000001,11.136415600064185,10.768681385575002,10.213755288022998,16.522093543841766,6.810656731060397,5.844462963022693,113.47899627685547,133.01800537109375,129.99600219726562,133.42799377441406
10.0,11.26753420352837,11.391912647709361,10.38584609113874,16.523085059806355,6.966662590435436,6.001460644255206,113.63500213623047,133.01800537109375,130.1529998779297,133.42799377441406
10.05,11.389581475712282,11.117664704529224,10.560957275940627,16.521062190540942,7.123663403947343,6.156459424108206,113.79199981689453,133.0189971923828,130.30799865722656,133.42799377441406
10.100000000000001,11.521457624211655,11.734273270644364,10.732864487360487,16.523035581769786,7.283670235360207,6.318461988151438,113.9520034790039,133.02000427246094,130.47000122070312,133.42799377441406
10.15,11.662009134007352,11.466109006453626,10.907745302792666,16.522019600906944,7.444668773813761,6.478465650765626,114.11299896240234,133.02099609375,130.6300048828125,133.42799377441406
10.200000000000001,11.810230082922509,12.076057111597127,11.079411330075512,16.525983792365885,7.6076738989802815,6.645457838817794,114.2760009765625,133.02200317382812,130.7969970703125,133.42799377441406
10.25,11.96352665862505,11.813472700239483,11.254014912543903,16.525967083272967,7.772677795402105,6.810466384205583,114.44100189208984,133.0229949951172,130.96200561523438,133.42799377441406
10.3,12.119020066084719,12.418380827603787,11.425482928500582,16.5299636856812,7.940677062980447,6.9824634550668865,114.60900115966797,133.0229949951172,131.13400268554688,133.42799377441406
10.350000000000001,12.26065371830179,12.1637889703134,11.599928153498038,16.53093819408716,8.109678781860532,7.152461624450686,114.77799987792969,133.0240020751953,131.3040008544922,133.42799377441406
10.4,12.393539683132994,12.762649467171936,11.771299009183732,16.53491060011857,8.28167871181852,7.328456498042531,114.94999694824219,133.02499389648438,131.47999572753906,133.42799377441406
10.450000000000001,12.535354264308411,12.514177338285077,11.945848604454739,16.53688439609026,8.45468579335763,7.503459550202903,115.12300109863281,133.0260009765625,131.65499877929688,133.42799377441406
10.5,12.683576648526982,13.107204781305335,12.117377817814337,16.54286288441906,8.62968402637035,7.684459306598316,115.2979965209961,133.02699279785156,131.83599853515625,133.42799377441406
10.55,12.836588074567473,12.864205217291081,12.292031869090524,16.54484444745168,8.807688279039011,7.864467241542388,115.47599792480469,133.0279998779297,132.01600646972656,133.42799377441406
10.600000000000001,12.992120005159897,13.450537008213555,12.46365824284744,16.550815091410445,8.9866919664852,8.04946480066891,115.65499877929688,133.0290069580078,132.2010040283203,133.42799377441406
10.65,13.147868708360777,13.214160998960491,12.638463442098129,16.553788696612443,9.16870214968645,8.2344651007368,115.83699798583984,133.031005859375,132.38600158691406,133.4290008544922
10.700000000000001,13.302033444638216,13.793688990645173,12.810226630002933,16.559759860417664,9.352710560012115,8.424467542667713,116.02100372314453,133.03199768066406,132.5760040283203,133.4290008544922
10.75,13.440502475177254,13.562280862052305,12.985107446184216,16.563740034259762,9.538710295685084,8.614469984400538,116.20700073242188,133.0330047607422,132.76600646972656,133.4290008544922
10.8,13.569467666160294,14.135941467436009,13.156863510167437,16.570710518106456,9.726708822616969,8.809462050337853,116.3949966430664,133.03399658203125,132.96099853515625,133.4290008544922
10.850000000000001,13.707865439592725,13.911192942552928,13.331603907391392,16.575682383440995,9.915714496374253,9.00346229478694,116.58399963378906,133.03500366210938,133.15499877929688,133.4290008544922
10.9,13.854471922475046,14.478733819391607,13.503212342613358,16.58362836126578,10.107726244018748,9.203459243532524,116.7760009765625,133.03700256347656,133.35499572753906,133.4290008544922
10.950000000000001,14.00820654020074,14.260969338551764,13.67789154264003,16.5895999841379,10.3017290234733,9.403456192062011,116.97000122070312,133.03799438476562,133.55499267578125,133.4290008544922
11.0,14.166767288109474,14.822317530488558,13.849402817558351,16.598584104667033,10.49673131882353,9.607466202339378,117.16500091552734,133.03900146484375,133.75900268554688,133.4290008544922
11.05,14.327344024444317,14.612113018260102,14.024193597655252,16.604532324937363,10.694739455457011,9.811460953595509,117.36299896240234,133.04100036621094,133.96299743652344,133.4290008544922
11.100000000000001,14.487380635599706,15.161904964791653,14.195330393313062,16.613509064403207,10.895746006622264,10.021467667906954,117.56400299072266,133.04200744628906,134.17300415039062,133.4290008544922
11.15,14.644935605204111,14.962393241566534,14.370153617573667,16.6204875304629,11.097751746308397,10.230469655349351,117.76599884033203,133.04400634765625,134.3820037841797,133.42999267578125
11.200000000000001,14.799033853941058,15.502033132421657,14.540988031751315,16.62944954310395,11.302755976619059,10.444458913542885,117.97100067138672,133.0449981689453,134.5959930419922,133.42999267578125
11.25,14.949641047228827,15.314149751831124,14.716174920729197,16.636405312982,11.509766360005749,10.658463430433873,118.1780014038086,133.0469970703125,134.80999755859375,133.42999267578125
11.3,15.084767979170135,15.842269446494072,14.886807718635003,16.646389287241476,11.718768420125457,10.87747283018385,118.38700103759766,133.04800415039062,135.0290069580078,133.42999267578125
11.350000000000001,15.211363605960011,15.666733669237631,15.062361791303474,16.65533625140123,11.928777017773424,11.096466971082608,118.59700012207031,133.0500030517578,135.2480010986328,133.42999267578125
11.4,15.348867527003119,16.185458336128754,15.233034242977189,16.666289521836738,12.141783833562128,11.320465994838333,118.80999755859375,133.052001953125,135.4720001220703,133.42999267578125
11.450000000000001,15.496704814027511,16.022881276526753,15.409225436774687,16.67526744001899,12.355790648489622,11.543473197230206,119.02400207519531,133.05299377441406,135.69500732421875,133.42999267578125
11.5,15.653938246789037,16.530913156075044,15.580084999333334,16.687212745431577,12.572795094221116,11.772461845000871,119.24099731445312,133.05499267578125,135.9239959716797,133.42999267578125
11.55,15.817871002379892,16.38165701977184,15.757039399484508,16.697159615463647,12.790806717941226,12.000458671380365,119.45899963378906,133.0570068359375,136.15199279785156,133.42999267578125
11.600000000000001,15.984719556758211,16.878997828723755,15.928748685877718,16.710119992054732,13.011816428949798,12.234467460743405,119.68000030517578,133.0590057373047,136.38600158691406,133.42999267578125
11.65,16.150669446950545,16.744897676047355,16.1069991293258,16.719098481257735,13.235824371014004,12.467471346292385,119.90399932861328,133.06100463867188,136.61900329589844,133.43099975585938
11.700000000000001,16.312730212229695,17.232697545482626,16.280065570631898,16.733050915060556,13.460831724146322,12.706469759674578,120.12899780273438,133.06300354003906,136.85800170898438,133.43099975585938
11.75,16.469356830891993,17.112421284339696,16.459892723882756,16.74299156377252,13.688844941668645,12.94446109282747,120.35700225830078,133.06500244140625,137.0959930419922,133.43099975585938
11.8,16.619792195989966,17.586253066890436,16.634291085922392,16.756952248107407,13.918849355306536,13.188464389010264,120.58699798583984,133.06700134277344,137.33999633789062,133.43099975585938
11.850000000000001,16.764324714520242,17.4786128002869,16.81547899902732,16.767900340134833,14.150860224584992,13.431460604949114,120.81900024414062,133.06900024414062,137.58299255371094,133.43099975585938
11.9,16.90482555265587,17.938189821528958,16.990752147567342,16.782860868363553,14.384869921676124,13.680468783932112,121.0530014038086,133.0709991455078,137.83200073242188,133.43099975585938
11.950000000000001,17.043742717327927,17.84404900653599,17.172868920568263,16.794816418693976,14.620878447825797,13.928469882664277,121.28900146484375,133.072998046875,138.0800018310547,133.43099975585938
12.0,17.18320151751259,18.15851037431149,17.335628642391907,16.80776386996009,14.85888580424864,14.179461729147885,121.5270004272461,133.0749969482422,138.33099365234375,133.43099975585938
12.05,17.326008815534294,18.87710603593345,17.585173544008068,16.823711039664865,15.098902492290193,14.435473692070387,121.76699829101562,133.0780029296875,138.58700561523438,133.43099975585938
12.100000000000001,17.473749174886297,17.86744991715161,17.684018752850854,16.82966461656625,15.340915141916541,14.683474793036568,122.00900268554688,133.0800018310547,138.8350067138672,133.43099975585938
12.15,17.625378915698892,18.690193871660874,17.878548372412208,16.845618765748807,15.58492913679123,14.943471251139604,122.25299835205078,133.08299255371094,139.09500122070312,133.4320068359375
12.200000000000001,17.779457765698417,18.778285501697273,18.033107168033673,16.860573366047173,15.830939579457086,15.204472841143357,122.4990005493164,133.0850067138672,139.3560028076172,133.4320068359375
12.25,17.921982575646478,19.13731377765877,18.235596417365578,16.878498452597217,16.07895871046335,15.47046406891986,122.74700164794922,133.08799743652344,139.6219940185547,133.4320068359375
12.3,18.04536252797147,19.141958763041234,18.391166986980657,16.894461018949304,16.328966706564817,15.736470554480166,122.99700164794922,133.08999633789062,139.88800048828125,133.4320068359375
12.350000000000001,18.170275438137235,19.495442032778723,18.59284991022984,16.912402190307397,16.5809835908543,16.006474843635505,123.2490005493164,133.09300231933594,140.1580047607422,133.4320068359375
12.4,18.312440485651393,19.503073975526497,18.749338325629594,16.93132833056458,16.833999629659896,16.278462765411945,123.50199890136719,133.0959930419922,140.42999267578125,133.4320068359375
12.450000000000001,18.46861088336761,19.849393991141184,18.949872824090114,16.95028960888768,17.090011887410217,16.55347192494602,123.75800323486328,133.09800720214844,140.7050018310547,133.4320068359375
12.5,18.623596322363028,19.85889730767739,19.119911517426704,16.96823288302947,17.348024826765897,16.829472901745778,124.01599884033203,133.1009979248047,140.9810028076172,133.4320068359375
12.55,18.746287696949018,20.203382330469452,19.252539146880302,16.99015832114759,17.607044955865998,17.11046350236419,124.2750015258789,133.10400390625,141.26199340820312,133.4320068359375
12.600000000000001,18.797477891587075,20.21414565657577,19.487208720822718,17.010101461230278,17.868063677816366,17.39146936268373,124.53600311279297,133.10699462890625,141.54299926757812,133.4320068359375
12.65,18.73295673986667,20.557586875170767,19.673948021173707,17.034068475742448,18.129074946304264,17.67647475124891,124.7969970703125,133.11000061035156,141.8280029296875,133.43299865722656
12.700000000000001,18.53983410829425,20.567883184976225,19.852907789501604,17.061999056428178,18.387095692843502,17.962470237006713,125.05500030517578,133.11300659179688,142.11399841308594,133.43299865722656
12.75,18.222681330733852,20.90937768046171,20.030114179781897,17.096948487150957,18.642110484912568,18.25247878300821,125.30999755859375,133.11599731445312,142.4040069580078,133.43299865722656
12.8,17.794249482500433,20.91934949585783,20.207853253063558,17.13788647920027,18.89212857913749,18.543479151456726,125.55999755859375,133.11900329589844,142.69500732421875,133.43299865722656
12.850000000000001,17.310683816025314,21.259693847718744,20.38427843455756,17.189817728450418,19.135150878218845,18.838477321092263,125.8030014038086,133.1219940185547,142.99000549316406,133.43299865722656
12.9,16.836840940121995,21.270314535751805,20.56100249058009,17.24874464534587,19.37216946634722,19.134467312761437,126.04000091552734,133.125,143.28599548339844,133.43299865722656
12.950000000000001,16.347297945249544,21.609146575786035,20.736977749044577,17.319686950260465,19.60118547467655,19.43447036479142,126.26899719238281,133.1280059814453,143.58599853515625,133.43299865722656
13.0,15.836116877733895,21.604070555821252,20.911495073858962,17.39666118164901,19.824194006305223,19.73447510768521,126.49199676513672,133.1300048828125,143.88600158691406,133.4340057373047
13.05,15.325725380106526,21.909205488760517,21.082077389688067,17.48459350592678,20.040218127649403,20.03847596224576,126.70800018310547,133.13299560546875,144.19000244140625,133.4340057373047
13.100000000000001,14.77072395578063,21.875041456139456,21.248166969644437,17.58052881676421,20.248240030759007,20.342476817211875,126.91600036621094,133.13600158691406,144.49400329589844,133.4340057373047
13.15,14.187313186875244,22.152205898807395,21.4076288720081,17.688481540123096,20.44824696820005,20.650475474451724,127.11599731445312,133.13800048828125,144.802001953125,133.4340057373047
13.200000000000001,13.5862587194714,22.094534560879907,21.560294009598472,17.802406736587425,20.64127116956148,20.95746705195513,127.30899810791016,133.14100646972656,145.10899353027344,133.4340057373047
13.25,12.994997081240394,22.34905343985106,21.704261585537402,17.92937126042977,20.824280743746712,21.26747986934116,127.49199676513672,133.14300537109375,145.41900634765625,133.4340057373047
13.3,12.41482160016755,22.27233798900986,21.839560434852608,18.063316705777545,21.00029459702177,21.57747742824928,127.66799926757812,133.14500427246094,145.72900390625,133.4340057373047
13.350000000000001,11.85098970314377,22.508533734783384,21.96444442355907,18.207263994068462,21.16832048306549,21.889475464683848,127.83599853515625,133.1479949951172,146.04100036621094,133.43499755859375
13.4,11.3064535336244,22.416373907662162,22.079050360750106,18.359206924625692,21.3283366307937,22.201471924953797,127.99600219726562,133.14999389648438,146.35299682617188,133.43499755859375
13.450000000000001,10.782726566101143,22.637702061534593,22.18190590932496,18.521174743255,21.480342572244833,22.51548254507321,128.1479949951172,133.15199279785156,146.66700744628906,133.43499755859375
13.5,10.20456119190119,22.53301438489253,22.27480029223209,18.68910892523939,21.625360832793625,22.82847082662449,128.29299926757812,133.1540069580078,146.97999572753906,133.43499755859375
13.55,9.687922959194509,22.742317658877347,22.358111509243773,18.868090251476296,21.762357831350037,23.144480348110193,128.42999267578125,133.15499877929688,147.29600524902344,133.43499755859375
13.600000000000001,9.247035326362543,22.6274779258284,22.433355156212667,19.05102442041647,21.89338504242132,23.458475709725402,128.56100463867188,133.15699768066406,147.61000061035156,133.43499755859375
13.65,8.912103675779424,22.82706173308168,22.500840739640097,19.24198503072921,22.019392719406873,23.775477052499227,128.68699645996094,133.15899658203125,147.927001953125,133.43499755859375
13.700000000000001,8.67502979742782,22.704014867308047,22.56178877028291,19.43694317900145,22.140411426170044,24.091472920241184,128.80799865722656,133.16099548339844,148.2429962158203,133.43600463867188
13.75,8.46553486361194,23.18612586158464,22.64549601245627,19.639911922450985,22.259418983460208,24.4134791458277,128.927001953125,133.16200256347656,148.56500244140625,133.43600463867188
13.8,8.268639755890659,23.030210983459032,22.721283311901185,19.8438595239746,22.375433519663968,24.73347121145797,129.04299926757812,133.16400146484375,148.88499450683594,133.43600463867188
13.850000000000001,8.087838939055956,23.188393500000398,22.789269288422886,20.052826298541245,22.488444463992725,25.055477437051493,129.156005859375,133.1649932861328,149.20700073242188,133.43600463867188
13.9,7.90538021245649,23.030281359686526,22.850660033625324,20.261780200987214,22.599455169581653,25.375469502639632,129.26699829101562,133.16700744628906,149.52699279785156,133.43600463867188
13.950000000000001,7.700239633719922,23.18835744975381,22.90572557244725,20.475753048384412,22.707461432700956,25.697475728235432,129.375,133.16799926757812,149.8489990234375,133.43600463867188
14.0,7.501254783463509,23.030281359832234,22.95545226994122,20.69072062273028,22.812476186046254,26.01748305261866,129.47999572753906,133.1699981689453,150.16900634765625,133.43600463867188
14.05,7.307561526065234,23.18835744966496,23.00005624901998,20.90969665985067,22.915477935643885,26.339475546960788,129.58299255371094,133.17100524902344,150.49099731445312,133.43699645996094
14.100000000000001,7.108395493601621,23.030281359243165,23.040336592361456,21.12965519589879,23.015504014004062,26.65948287135776,129.68299865722656,133.17300415039062,150.81100463867188,133.43699645996094
14.15,6.918266124184197,23.18835744886019,23.07646616393931,21.35461642647831,23.112509206621638,26.981473838160067,129.77999877929688,133.1739959716797,151.13299560546875,133.43699645996094
14.200000000000001,6.74639015226701,23.03028135699831,23.109092812908333,21.579593392481023,23.20751576506789,27.301481162557373,129.875,133.1750030517578,151.4530029296875,133.43699645996094
14.25,6.598168239900263,23.188357446637262,23.109315971413597,21.809548426847158,23.29953271815447,27.623472129360838,129.9669952392578,133.177001953125,151.77499389648438,133.43699645996094
14.3,6.474536604298786,23.030281353688824,23.109323008436576,22.038524550848805,23.39054154077383,27.943479453747607,130.05799865722656,133.17799377441406,152.09500122070312,133.43699645996094
14.350000000000001,6.372902923196346,23.18835744448032,23.10931940288457,22.271510337014032,23.479551754737408,28.26548725416808,130.14700317382812,133.1790008544922,152.41700744628906,133.43800354003906
14.4,6.288695441331818,23.03028135039021,23.10931940195494,22.50447353639194,23.566565073981458,28.58547931975153,130.23399353027344,133.18099975585938,152.73699951171875,133.43800354003906
14.450000000000001,6.216836773016486,23.188357441799116,23.109319401159475,22.739447620509736,23.653576517466487,28.907485545350525,130.3209991455078,133.1820068359375,153.0590057373047,133.43800354003906
14.5,6.1598840821434475,23.03028134772774,23.109319399949023,22.973415442691298,23.739580771798465,29.22747761092242,130.40699768066406,133.18299865722656,153.37899780273438,133.43800354003906
14.55,6.124281077522059,23.188357440063264,23.109319398988855,23.210389460100956,23.824593450958847,29.549483836525063,130.49200439453125,133.1840057373047,153.7010040283203,133.43800354003906
14.600000000000001,6.102036113851244,23.03028134501375,23.109319397565915,23.445365415740554,23.909590692978867,29.869475902081316,130.57699584960938,133.18499755859375,154.02099609375,133.43800354003906
14.65,6.082562887699883,23.188357438365873,23.109319396516483,23.682329995077357,23.994620905344437,30.19148212768944,130.66200256347656,133.18699645996094,154.34300231933594,133.43800354003906
14.700000000000001,6.062874189695634,23.030281343422565,23.10931939515891,23.918309141636605,24.078626575930585,30.51147573032005,130.74600219726562,133.18800354003906,154.66299438476562,133.43899536132812
14.75,6.042248933746151,23.18835743737389,23.10931939423257,24.156292472814627,24.162632064970623,30.833481955931838,130.8300018310547,133.18899536132812,154.98500061035156,133.43899536132812
14.8,6.022055838003872,23.030281341996634,23.109319393063352,24.3922620871795,24.24663773554623,31.153474021471514,130.91400146484375,133.19000244140625,155.30499267578125,133.43899536132812
14.850000000000001,6.004671006586419,23.18835743658164,23.109319392273484,24.631243301479593,24.329654357852846,31.475480247086832,130.9969940185547,133.19200134277344,155.6269989013672,133.43899536132812
14.9,5.99247050539332,23.030281340914872,23.109319391325954,24.86722940693122,24.413659846882826,31.79548757140962,131.08099365234375,133.1929931640625,155.94700622558594,133.43899536132812
14.950000000000001,5.987363464550739,23.18835743593051,23.109319390739092,25.106191130697255,24.49667376828766,32.11747853824007,131.16400146484375,133.19400024414062,156.2689971923828,133.43899536132812
15.0,5.990213053277434,23.03028134001459,23.109319389967776,25.343185006002187,24.57967243202839,32.437485862557075,131.2469940185547,133.19500732421875,156.58900451660156,133.43899536132812
15.05,6.001091360694749,23.18835743553517,23.10931938951497,25.58214774810541,24.662704308699144,32.75947840429015,131.3300018310547,133.19700622558594,156.91099548339844,133.44000244140625
15.100000000000001,6.019243089765155,23.030281339267667,23.10931938894036,25.81813557293938,24.74670979772778,33.079485728604446,131.41400146484375,133.197998046875,157.2310028076172,133.44000244140625
15.15,6.0436952047365144,23.18835743508961,23.109319388612736,26.057114249020835,24.829708461467153,33.40147669543952,131.4969940185547,133.19900512695312,157.55299377441406,133.44000244140625
15.200000000000001,6.0733326315986425,23.030281338656962,23.10931938813618,26.292086651698522,24.914738673805584,33.721484019749234,131.58200073242188,133.2010040283203,157.8730010986328,133.44000244140625
15.25,6.107290123028383,23.188357434873527,23.10931938788614,26.530074581864657,24.99874416283381,34.04349024537588,131.66600036621094,133.20199584960938,158.19500732421875,133.44000244140625
15.3,6.141716010157692,23.03028133837927,23.1093193875244,26.765041623694135,25.083756841966743,34.36348231089206,131.75100708007812,133.2030029296875,158.51499938964844,133.44000244140625
15.350000000000001,6.17877049395484,23.188357434798768,23.109319387346115,27.0010314549905,25.1697610962738,34.68548853652096,131.83700561523438,133.20399475097656,158.83700561523438,133.44000244140625
15.4,6.2222340483099385,23.03028133810246,23.109319387064875,27.23500741502684,25.255782858964423,35.00548213911483,131.92300415039062,133.20599365234375,159.15699768066406,133.4409942626953
15.450000000000001,6.271061977705648,23.188357434788145,23.109319386950638,27.47000601311735,25.342779044657757,35.327488364746216,132.00999450683594,133.20700073242188,159.47900390625,133.4409942626953
15.5,6.32457103129064,23.03028133786228,23.109319386735407,27.702967269992634,25.42980761863987,35.64748043025781,132.0970001220703,133.20899963378906,159.7989959716797,133.4409942626953
15.55,6.381824698652078,23.18835743472331,23.10931938665422,27.935952531633838,25.51881783258344,35.96948665589055,132.18600463867188,133.2100067138672,160.12100219726562,133.4409942626953
15.600000000000001,6.442282607717973,23.030281337817833,23.109319386509235,28.16693939118545,25.60781261735094,36.289478721399,132.27499389648438,133.21099853515625,160.4409942626953,133.4409942626953
15.65,6.499753030168722,23.18835743493553,23.10931938649383,28.398910230830513,25.69784640625286,36.61148494703381,132.36500549316406,133.21299743652344,160.76300048828125,133.4409942626953
15.700000000000001,6.546097664148712,23.030281337763295,23.10931938640446,28.62889060309384,25.787848378698328,36.9314770125405,132.4550018310547,133.21400451660156,161.08299255371094,133.4409942626953
15.75,6.586429586466424,23.18835743506103,23.109319386423213,28.858886633080452,25.879865331771395,37.253484813002395,132.5469970703125,133.21600341796875,161.40499877929688,133.44200134277344
15.8,6.629786281385964,23.030281337756303,23.109319386360916,29.086868833482487,25.971881175300133,37.5734921372964,132.63900756835938,133.2169952392578,161.72500610351562,133.44200134277344
15.850000000000001,6.679876223151053,23.188357435231,23.109319386404138,29.31684246002108,26.063898128372838,37.895483104144795,132.7310028076172,133.218994140625,162.0469970703125,133.44200134277344
15.9,6.739183251435067,23.030281337853534,23.109319386379244,29.543833363000235,26.15690590015671,38.21549042843729,132.82400512695312,133.22000122070312,162.36700439453125,133.44200134277344
15.950000000000001,6.80533175676644,23.188357435505026,23.10931938645093,29.77180896341734,26.25092129293121,38.537481395286406,132.91799926757812,133.2220001220703,162.68899536132812,133.44200134277344
16.0,6.875800970930222,23.030281338096056,23.109319386474308,29.996801600410002,26.345927851365413,38.857488719576345,133.01300048828125,133.22300720214844,163.00900268554688,133.44200134277344
16.05,6.9508432867181975,23.18835743576867,23.109319386578843,30.2217720754593,26.44294856713502,39.179479686426724,133.11000061035156,133.22500610351562,163.33099365234375,133.44200134277344
16.1,7.030026120108628,23.03028133822044,23.109319386619106,30.44477357119719,26.539953759735525,39.499488547723836,133.20700073242188,133.2259979248047,163.6510009765625,133.4429931640625
16.150000000000002,7.120010833119255,23.18835743610686,23.10931938673624,30.66876812683914,26.637966088400823,39.82149477336401,133.30499267578125,133.22799682617188,163.97300720214844,133.4429931640625
16.2,7.222381821682068,23.03028133847657,23.109319386807563,30.888734873323376,26.73799216673889,40.141486838863216,133.40499877929688,133.22999572753906,164.29299926757812,133.4429931640625
16.25,7.32054091447724,23.18835743645045,23.109319386946506,31.10973107811041,26.8389951123681,40.46349306450543,133.50599670410156,133.2310028076172,164.61500549316406,133.4429931640625
16.3,7.396485034895925,23.0302813387409,23.10931938704497,31.32769965023209,26.94101970071865,40.783485130004635,133.60800170898438,133.23300170898438,164.93499755859375,133.4429931640625
16.35,7.455182607681189,23.188357436787726,23.10931938720064,31.54669092118805,27.044035921811105,41.10549135564685,133.71099853515625,133.23500061035156,165.2570037841797,133.4429931640625
16.400000000000002,7.5099916417560175,23.03028133906357,23.109319387321644,31.762667938452235,27.148059035214228,41.42548500588354,133.81500244140625,133.23699951171875,165.57699584960938,133.44400024414062
16.45,7.562460883231599,23.18835743711791,23.109319387482934,31.979667356365464,27.253059592411688,41.747491231525935,133.9199981689453,133.23800659179688,165.8990020751953,133.44400024414062
16.5,7.610465563892219,23.030281339474694,23.109319387620797,32.19363947617745,27.359081245057855,42.06748329702205,134.0260009765625,133.24000549316406,166.218994140625,133.44400024414062
16.55,7.660883509382279,23.188357437587083,23.10931938780264,32.40962606665227,27.465102897703407,42.38948952266577,134.1320037841797,133.24200439453125,166.54100036621094,133.44400024414062
16.6,7.721994481681232,23.030281339814106,23.109319387962007,32.62260707742576,27.5721161969773,42.709481588161886,134.23899841308594,133.24400329589844,166.86099243164062,133.44400024414062
16.650000000000002,7.795239743927893,23.188357437960143,23.109319388147334,32.8376025465359,27.67912949625154,43.031487813805605,134.3459930419922,133.24600219726562,167.18299865722656,133.44400024414062
16.7,7.879791103213823,23.03028134009112,23.10931938830879,33.048591343343304,27.78814279728616,43.351495138090776,134.4550018310547,133.2469940185547,167.5030059814453,133.44400024414062
16.75,7.96527940438273,23.188357438522075,23.109319388515953,33.25958029330345,27.899153226923488,43.67348767984798,134.5659942626953,133.24899291992188,167.8249969482422,133.44500732421875
16.8,8.053756351715096,23.030281340539318,23.109319388695795,33.46856458445722,28.010179188643317,43.99349500413315,134.677001953125,133.25100708007812,168.14500427246094,133.44500732421875
16.85,8.151883481559894,23.18835743891452,23.109319388908474,33.677549273503594,28.123188201300753,44.315485970989336,134.7899932861328,133.2530059814453,168.4669952392578,133.44500732421875
16.900000000000002,8.25519613792647,23.03028134091602,23.10931938909372,33.883528330594885,28.23721939432123,44.635493295273896,134.9040069580078,133.2550048828125,168.78700256347656,133.44500732421875
16.95,8.36059707025296,23.1883574393387,23.109319389315797,34.09051474606133,28.352227001063696,44.95748426213008,135.0189971923828,133.2570037841797,169.10899353027344,133.44500732421875
17.0,8.465782157019088,23.030281341300526,23.10931938949838,34.29350370688433,28.469248468952365,45.27749158641444,135.13600158691406,133.25900268554688,169.4290008544922,133.44500732421875
17.05,8.569456057704816,23.188357439747765,23.10931938971445,34.49648767179441,28.58828933948377,45.59949781205968,135.2550048828125,133.26199340820312,169.75100708007812,133.44500732421875
17.1,8.671510562875126,23.03028134166573,23.10931938989961,34.697483510406315,28.707294422637357,45.91949141463484,135.37399291992188,133.26400756835938,170.0709991455078,133.4459991455078
17.150000000000002,8.763231603132482,23.1883574401662,23.109319390120216,34.897467356251084,28.829320073075053,46.241497640280855,135.49600219726562,133.26600646972656,170.39300537109375,133.4459991455078
17.2,8.851856561958975,23.03028134216692,23.109319390327798,35.09545258957807,28.951330466770873,46.56148970577555,135.6179962158203,133.26800537109375,170.71299743652344,133.4459991455078
17.25,8.950419440863696,23.18835744065252,23.10931939054084,35.293438079899396,29.075354754690153,46.883495931421564,135.74200439453125,133.27000427246094,171.03500366210938,133.4459991455078
17.3,9.04858726930105,23.030281342739194,23.109319390760827,35.488413028622645,29.200390527259522,47.203487996915456,135.86700439453125,133.2729949951172,171.35499572753906,133.4459991455078
17.35,9.150499290778576,23.188357441112792,23.109319390980655,35.684415481527424,29.326398204162253,47.52549422256147,135.9929962158203,133.27499389648438,171.677001953125,133.4459991455078
17.400000000000002,9.265339437125446,23.030281343084468,23.1093193911975,35.876389900729784,29.454419791765698,47.84548628805536,136.12100219726562,133.27699279785156,171.9969940185547,133.4459991455078
17.45,9.388280757096135,23.188357441614723,23.109319391425103,36.06837981353089,29.58445942218578,48.16749408852777,136.25100708007812,133.27999877929688,172.31900024414062,133.44700622558594
17.5,9.515472192952627,23.030281343505408,23.10931939164559,36.25737926586029,29.715471376191466,48.487501412810715,136.3820037841797,133.28199768066406,172.63900756835938,133.44700622558594
17.55,9.631826333727082,23.18835744213802,23.10931939188462,36.44535212455825,29.849507772959043,48.80949237966825,136.51600646972656,133.28500366210938,172.96099853515625,133.44700622558594
17.6,9.741879947353848,23.030281343931293,23.10931939211117,36.63136140795071,29.98351010926677,49.129499703951,136.64999389648438,133.28700256347656,173.281005859375,133.44700622558594
17.650000000000002,9.859315306607837,23.1883574426427,23.10931939235882,36.816329075795245,30.120551414182547,49.45149067080931,136.78700256347656,133.2899932861328,173.60299682617188,133.44700622558594
17.7,9.9814687184249,23.030281344466996,23.10931939258883,36.99933284307312,30.257559628287744,49.771497995092254,136.9239959716797,133.29200744628906,173.92300415039062,133.44700622558594
17.75,10.106899662859428,23.18835744312941,23.109319392836518,37.1813104838684,30.397590958796425,50.09348896195056,137.06399536132812,133.2949981689453,174.2449951171875,133.44700622558594
17.8,10.23387936149982,23.030281344966586,23.10931939305926,37.35930989556549,30.539621063267028,50.41349782323989,137.20599365234375,133.29800415039062,174.56500244140625,133.447998046875
17.85,10.349877371945572,23.188357443589574,23.10931939330694,37.538282224513004,30.682657703970392,50.735488790098394,137.3489990234375,133.30099487304688,174.88699340820312,133.447998046875
17.900000000000002,10.436387571135649,23.030281345394723,23.109319393537966,37.71428327464199,30.826668769589748,51.055496114380546,137.4929962158203,133.30299377441406,175.20700073242188,133.447998046875
17.95,10.496647670014159,23.188357444136535,23.109319393790145,37.890265468395285,30.972711061394012,51.37750234002792,137.63900756835938,133.30599975585938,175.5290069580078,133.447998046875
18.0,10.556044416651764,23.03028134594503,23.10931939403411,38.064249128700865,31.118738097642822,51.697494405521006,137.78500366210938,133.3090057373047,175.8489990234375,133.447998046875
18.05,10.632005150382943,23.18835744456991,23.109319394277296,38.23924026534352,31.26577169087393,52.019500631168576,137.9320068359375,133.31199645996094,176.17100524902344,133.447998046875
18.1,10.727843055117331,23.03028134641567,23.109319394525734,38.41122922724197,31.41379721064782,52.339494281400604,138.0800018310547,133.31500244140625,176.49099731445312,133.44900512695312
18.150000000000002,10.84406136779636,23.1883574451118,23.10931939477264,38.58323024316173,31.563820920122645,52.661500507047975,138.22999572753906,133.3179931640625,176.81300354003906,133.44900512695312
18.2,10.976555813275947,23.030281346881768,23.10931939501412,38.75120324154141,31.715858695718794,52.981492572541065,138.3820037841797,133.3209991455078,177.13299560546875,133.44900512695312
18.25,11.119925801523172,23.188357445530787,23.109319395254253,38.91920708457461,31.869879731143936,53.303498798188436,138.53599548339844,133.32400512695312,177.4550018310547,133.44900512695312
18.3,11.268662516735429,23.030281347343376,23.10931939549193,39.08419007271728,32.0249073609595,53.623490863681525,138.6909942626953,133.32699584960938,177.77499389648438,133.44900512695312
18.35,11.41628442906821,23.188357446098117,23.109319395742784,39.24818151234551,32.18294071295455,53.945497089329095,138.8489990234375,133.3300018310547,178.0970001220703,133.44900512695312
18.400000000000002,11.55807393634224,23.030281347862882,23.1093193959896,39.408172572308175,32.34299431121335,54.26550441361065,139.00900268554688,133.33399963378906,178.41700744628906,133.44900512695312
18.45,11.69125807264393,23.188357446588924,23.10931939623484,39.5691615701621,32.50401785483232,54.58749690800756,139.1699981689453,133.33700561523438,178.73899841308594,133.4499969482422
18.5,11.815081492278777,23.030281348343877,23.109319396474724,39.725158401967654,32.66804658674543,54.907504232288915,139.33399963378906,133.33999633789062,179.0590057373047,133.4499969482422
18.55,11.920902288787872,23.188357447047064,23.10931939672244,39.88214465697707,32.833088299338364,55.22949519914801,139.49899291992188,133.343994140625,179.38099670410156,133.4499969482422
18.6,12.018369669901432,23.03028134894629,23.1093193969755,40.03614322705806,32.999115879898675,55.549502523430164,139.6649932861328,133.3470001220703,179.7010040283203,133.4499969482422
18.650000000000002,12.137333955824278,23.18835744766488,23.109319397230813,40.190124372167595,33.16716270769856,55.87149349028926,139.83299255371094,133.3509979248047,180.0229949951172,133.4499969482422
18.7,12.285395155641325,23.030281349309377,23.109319397473573,40.34011055026817,33.33720270750579,56.19150081457141,140.0030059814453,133.35400390625,180.34300231933594,133.4499969482422
18.75,12.45455917234984,23.188357448164286,23.109319397736922,40.490094743125745,33.50924623287953,56.51349178142973,140.1750030517578,133.35800170898438,180.6649932861328,133.4499969482422
18.8,12.635463392157659,23.030281349897805,23.10931939799237,40.63609905956201,33.6832881260792,56.83350069037367,140.3489990234375,133.36199951171875,180.98500061035156,133.4510040283203
18.85,12.819681614348818,23.18835744866443,23.109319398249,40.781094456224416,33.86033522105065,57.15550691602104,140.5260009765625,133.36599731445312,181.3070068359375,133.4510040283203
18.900000000000002,13.000265619381638,23.030281350404,23.10931939850311,40.92108740874121,34.040352995897095,57.47549898151255,140.70599365234375,133.36900329589844,181.6269989013672,133.4510040283203
18.95,13.171236055357815,23.18835744918511,23.10931939876273,41.06208580736926,34.22139689678408,57.797505207160704,140.88699340820312,133.3730010986328,181.94900512695312,133.4510040283203
19.0,13.329965626470539,23.03028135095843,23.109319399024184,41.19705743715721,34.40645290188267,58.117497272653,141.07200622558594,133.3769989013672,182.2689971923828,133.4510040283203
19.05,13.475589508960741,23.188357449658373,23.10931939928532,41.33306540611206,34.59250960904798,58.43950349830115,141.25799560546875,133.3820037841797,182.59100341796875,133.4510040283203
19.1,13.60947546982977,23.030281351442785,23.109319399534968,41.46504728831197,34.78055564993676,58.75949556379344,141.4459991455078,133.38600158691406,182.91099548339844,133.4510040283203
19.150000000000002,13.73612518300371,23.188357450217257,23.109319399790206,41.59603924311181,34.97060014516673,59.08049624162183,141.63600158691406,133.38999938964844,183.23199462890625,133.45199584960938
19.200000000000003,13.861227858309284,23.030281351970594,23.10931940005633,41.7250311544511,35.1626431040428,59.40149538719206,141.8280029296875,133.3939971923828,183.55299377441406,133.45199584960938
19.25,13.98917699015693,23.18835745072825,23.109319400312724,41.852023296981855,35.356707896261376,59.72249453276228,142.02200317382812,133.3990020751953,183.87399291992188,133.45199584960938
19.3,14.117559585896059,23.030281352495326,23.10931940057248,41.978040678590716,35.55174093963475,60.043508937121565,142.2169952392578,133.4029998779297,184.19500732421875,133.45199584960938
19.35,14.2459077761411,23.188357451232484,23.109319400829285,42.10202798738814,35.748810728724195,60.36450808269179,142.41400146484375,133.4080047607422,184.51600646972656,133.45199584960938
19.400000000000002,14.390930295978771,23.030281353020587,23.109319401090946,42.22401796367992,35.94785600744335,60.68550722826202,142.61300659179688,133.41200256347656,184.83700561523438,133.45199584960938
19.450000000000003,14.561233661147742,23.1883574517785,23.109319401350284,42.34402385472796,36.14890708137658,61.006506373832245,142.81399536132812,133.41700744628906,185.1580047607422,133.45199584960938
19.5,14.733771312488559,23.030281353520454,23.109319401606488,42.46100985573596,36.352978099487046,61.32750709916959,143.01800537109375,133.4219970703125,185.47900390625,133.4530029296875
19.55,14.905771918011462,23.188357452326542,23.1093194018733,42.57601259463536,36.559010541673075,61.648506244739814,143.2239990234375,133.42599487304688,185.8000030517578,133.4530029296875
19.6,15.088578957216995,23.030281354036024,23.109319402132623,42.68900103190948,36.767078556787354,61.96950539031004,143.4320068359375,133.43099975585938,186.12100219726562,133.4530029296875
19.650000000000002,15.273295216805838,23.188357452873497,23.10931940239825,42.798999347295805,36.97813644147942,62.29050453588027,143.64300537109375,133.43600463867188,186.44200134277344,133.4530029296875
19.700000000000003,15.438677749532166,23.03028135453007,23.109319402654197,42.9060075399259,37.19218386334515,62.61150368145049,143.85699462890625,133.4409942626953,186.76300048828125,133.4530029296875
19.75,15.587243925713228,23.18835745337056,23.109319402918427,43.01100200500038,37.408270929760505,62.93250282702072,144.072998046875,133.44700622558594,187.08399963378906,133.4530029296875
19.8,15.726919280490236,23.030281355061145,23.109319403175007,43.11500550496476,37.62532352755301,63.253501972591735,144.2899932861328,133.45199584960938,187.40499877929688,133.4530029296875
19.85,15.861625902065304,23.18835745376712,23.10931940342847,43.216003522559674,37.845381669786015,63.57450265042012,144.50999450683594,133.45700073242188,187.7259979248047,133.45399475097656
19.900000000000002,16.009361550641252,23.030281355592464,23.109319403685657,43.315995198280596,38.0664713110504,63.89550179599114,144.7310028076172,133.46299743652344,188.0469970703125,133.45399475097656
19.950000000000003,16.155355581651676,23.188357454416884,23.109319403949495,43.41299664464148,38.29052624037139,64.21650094156156,144.9550018310547,133.46800231933594,188.3679962158203,133.45399475097656
20.0,16.290378153744616,23.030281356110393,23.109319404208488,43.50900683958928,38.515572744593946,64.53750008713199,145.17999267578125,133.47300720214844,188.68899536132812,133.45399475097656
20.05,16.43334473783073,23.188357454930582,23.10931940446889,43.60300399840495,38.74265694197908,64.85849923270241,145.40699768066406,133.47900390625,189.00999450683594,133.45399475097656
20.1,16.58418436243906,23.03028135665768,23.109319404731057,43.69401054223407,38.97270678665226,65.17949837827284,145.63699340820312,133.48399353027344,189.33099365234375,133.45399475097656
20.150000000000002,16.741338390722287,23.18835745539901,23.109319404983605,43.78400978059006,39.20376380554368,65.50049910361038,145.8679962158203,133.48899841308594,189.65199279785156,133.4550018310547
20.200000000000003,16.914934456843373,23.03028135712175,23.109319405242776,43.87101953351348,39.437826109664954,65.82151350796987,146.1020050048828,133.49400329589844,189.97300720214844,133.4550018310547
20.25,17.096578189011627,23.18835745596189,23.109319405501907,43.95502384469748,39.674878139614385,66.1425126535403,146.33900451660156,133.49899291992188,190.29400634765625,133.4550018310547
20.3,17.279273276802574,23.03028135764607,23.1093194057604,44.03702982018869,39.91392895076107,66.46351179911072,146.5780029296875,133.50399780273438,190.61500549316406,133.4550018310547
20.35,17.456938210898368,23.188357456509298,23.10931940603462,44.117036222885154,40.15495942186506,66.78451094468114,146.81900024414062,133.50799560546875,190.93600463867188,133.4550018310547
20.400000000000002,17.625620313418263,23.03028135819495,23.109319406294865,44.194038301865554,40.39901404128752,67.10551009025157,147.06300354003906,133.51300048828125,191.2570037841797,133.4550018310547
20.450000000000003,17.783748668558115,23.188357457014554,23.109319406554633,44.26904202565815,40.645067145132096,67.426509235822,147.3090057373047,133.51800537109375,191.5780029296875,133.4550018310547
20.5,17.93211987840934,23.03028135868937,23.109319406812528,44.34204437166513,40.893100464163645,67.74750991365057,147.5570068359375,133.52200317382812,191.8990020751953,133.45599365234375
20.55,18.073332934782176,23.18835745747844,23.109319407067314,44.413051135055866,41.14315026951016,68.068509059221,147.8070068359375,133.52699279785156,192.22000122070312,133.45599365234375
20.6,18.210614352549996,23.03028135915088,23.109319407316633,44.48205787825632,41.39518116328384,68.38950820479143,148.0590057373047,133.531005859375,192.54100036621094,133.45599365234375
20.650000000000002,18.34711434406606,23.188357458059336,23.109319407582667,44.54906603731725,41.64921043289071,68.71050735036185,148.31300354003906,133.53500366210938,192.86199951171875,133.45599365234375
20.700000000000003,18.485530775127994,23.03028135963856,23.109319407834345,44.61407563580185,41.905238351614194,69.03150649593287,148.56900024414062,133.53900146484375,193.18299865722656,133.45599365234375
20.75,18.628026264851687,23.188357458500132,23.10931940808817,44.677084753026385,42.16325146836204,69.3525056415031,148.82699584960938,133.54200744628906,193.50399780273438,133.45599365234375
20.8,18.776005109292772,23.03028136014041,23.109319408337605,44.73808188467472,42.42329196701134,69.67350478707412,149.08700561523438,133.54600524902344,193.8249969482422,133.45599365234375
20.85,18.930879014712193,23.188357459072595,23.109319408593933,44.79709361174961,42.685315875771245,69.99450551241146,149.3489990234375,133.5500030517578,194.14599609375,133.45700073242188
20.900000000000002,19.08096183110556,23.03028136071072,23.10931940884551,44.85409136684319,42.949340384000905,70.31550465798169,149.61300659179688,133.55299377441406,194.4669952392578,133.45700073242188
20.950000000000003,19.225441503888664,23.188357459566916,23.10931940910075,44.90809862376663,43.21635559636179,70.63650380355192,149.8800048828125,133.55599975585938,194.78799438476562,133.45700073242188
21.0,19.393551054655468,23.030281361244487,23.10931940935626,44.96111424747869,43.48436256725443,70.95750294912294,150.1479949951172,133.5590057373047,195.10899353027344,133.45700073242188
21.05,19.59353253253865,23.18835746001334,23.10931940960975,45.01110878889903,43.75539042146956,71.27850209469317,150.41900634765625,133.56199645996094,195.42999267578125,133.45700073242188
21.1,19.814259418543706,23.030281361822247,23.10931940987689,45.05814095112075,44.029384529532145,71.59951649905246,150.6929931640625,133.56399536132812,195.75100708007812,133.45700073242188
21.150000000000002,20.042770665437317,23.188357460529907,23.10931941012395,45.10213914726341,44.306408895634426,71.92051564462268,150.97000122070312,133.56700134277344,196.07200622558594,133.45700073242188
21.200000000000003,20.26758256353417,23.03028136233917,23.109319410394008,45.143141856773,44.58641480992595,72.24151632245106,151.25,133.56900024414062,196.39300537109375,133.45799255371094
21.25,20.47975314376408,23.18835746109509,23.109319410653505,45.181143612311814,44.86943553450635,72.56251546802129,151.5330047607422,133.57200622558594,196.71400451660156,133.45799255371094
21.3,20.672997147923272,23.030281362871474,23.10931941092661,45.216152247470056,45.15543800327285,72.88351461359152,151.81900024414062,133.57400512695312,197.03500366210938,133.45799255371094
21.35,20.845553777696495,23.188357461661028,23.109319411185457,45.24815499207789,45.44444638082816,73.20451375916174,152.10800170898438,133.5760040283203,197.3560028076172,133.45799255371094
21.400000000000002,20.998102824715122,23.030281363411564,23.10931941145554,45.278158923359825,45.73545361226493,73.52551290473197,152.3990020751953,133.5780029296875,197.677001953125,133.45799255371094
21.450000000000003,21.133476302955497,23.188357462203598,23.109319411719206,45.30616134108313,46.02845455853971,73.8465120503022,152.69200134277344,133.57899475097656,197.9980010986328,133.45799255371094
21.5,21.258829752701573,23.030281363962825,23.10931941199104,45.33317468090002,46.32245244279424,74.16751119587242,152.98599243164062,133.58099365234375,198.31900024414062,133.45799255371094
21.55,21.382575882442456,23.18835746272511,23.109319412262217,45.35816848545443,46.61845940498424,74.48851192120976,153.28199768066406,133.58200073242188,198.63999938964844,133.45899963378906
21.6,21.511673158899907,23.030281364453447,23.109319412525338,45.38017704034159,46.9174620583021,74.80951106677999,153.58099365234375,133.58399963378906,198.96099853515625,133.45899963378906
21.650000000000002,21.651179339702377,23.188357463273448,23.109319412799692,45.40216765586508,47.216474984709166,75.13051021235022,153.8800048828125,133.5850067138672,199.28199768066406,133.45899963378906
21.700000000000003,21.80365168523472,23.030281364986006,23.109319413064377,45.4211675374106,47.518478566479196,75.45150935792044,154.1820068359375,133.58599853515625,199.60299682617188,133.45899963378906
21.75,21.96844207389041,23.18835746375462,23.10931941333033,45.43717677061358,47.823472904936,75.77250850349067,154.48699951171875,133.58700561523438,199.9239959716797,133.45899963378906
21.8,22.143891195876872,23.030281365479304,23.109319413591113,45.45217890479407,48.12947426816085,76.0935076490609,154.79299926757812,133.58799743652344,200.2449951171875,133.45899963378906
21.85,22.327263828679218,23.188357464317367,23.109319413856745,45.46417226474003,48.43848000546577,76.41450679463112,155.1020050048828,133.58799743652344,200.5659942626953,133.45899963378906
21.900000000000002,22.501278314496943,23.030281366013796,23.10931941411697,45.473174914026785,48.750478090778195,76.73550751996846,155.41400146484375,133.58900451660156,200.88699340820312,133.4600067138672
21.950000000000003,22.66276739542992,23.188357464821603,23.109319414378767,45.4801814940307,49.06447501854199,77.05650666553869,155.72799682617188,133.58999633789062,201.20799255371094,133.4600067138672
22.0,22.819111454773964,23.030281366537366,23.109319414636225,45.485186356371976,49.380484540026366,77.37752106989798,156.04400634765625,133.58999633789062,201.5290069580078,133.4600067138672
22.05,22.95738295756498,23.188357465290206,23.10931941489273,45.488192325572484,49.698477704088944,77.6985202154682,156.36199951171875,133.58999633789062,201.85000610351562,133.4600067138672
22.1,23.097097775539154,23.030281367004417,23.10931941514783,45.489187031752856,50.018486612971344,78.01951936103843,156.6820068359375,133.59100341796875,202.17100524902344,133.4600067138672
22.150000000000002,23.24480453335218,23.18835746585784,23.10931941540627,45.48819521460568,50.34047757976837,78.34051850660866,157.00399780273438,133.59100341796875,202.49200439453125,133.4600067138672
22.200000000000003,23.388407763468784,23.03028136754213,23.109319415661883,45.4851863999756,50.66448270672167,78.66151918443704,157.3280029296875,133.59100341796875,202.81300354003906,133.46099853515625
22.25,23.532444275880696,23.1883574663589,23.10931941592231,45.48018153763757,50.99048673504213,78.98251833000727,157.6540069580078,133.59100341796875,203.13400268554688,133.46099853515625
22.3,23.68973013293364,23.030281368087618,23.109319416183144,45.47319304077208,51.31847440594058,79.3035174755775,157.98199462890625,133.59100341796875,203.4550018310547,133.46099853515625
22.35,23.87030625453903,23.188357466829117,23.10931941643432,45.464190392055635,51.648476236995286,79.62451662114772,158.31199645996094,133.59100341796875,203.7760009765625,133.46099853515625
22.400000000000002,24.065895491102708,23.030281368575547,23.109319416690493,45.451189956913296,51.98247587078506,79.94551576671795,158.64599609375,133.59100341796875,204.0970001220703,133.46099853515625
22.450000000000003,24.26810962199175,23.18835746734649,23.109319416942984,45.43619062867887,52.31847440594254,80.26651491228817,158.98199462890625,133.59100341796875,204.41799926757812,133.46099853515625
22.5,24.468668702173648,23.030281369067573,23.109319417196005,45.419177148517804,52.6564871012564,80.5875140578584,159.32000732421875,133.59100341796875,204.73899841308594,133.46099853515625
22.55,24.66073039532019,23.188357467913402,23.109319417458323,45.3981754176666,52.998483823296056,80.90851478319574,159.66200256347656,133.58999633789062,205.05999755859375,133.46200561523438
22.6,24.83983151297296,23.101778440677144,23.116469124825596,45.37618758992079,53.342477963921404,81.23052101009658,160.00599670410156,133.58999633789062,205.3820037841797,133.46200561523438
22.650000000000002,24.992508651828434,23.188934244100135,23.116526802649823,45.35117853423228,53.688486264702654,81.55152015574028,160.3520050048828,133.58999633789062,205.7030029296875,133.46200561523438
22.700000000000003,25.110698898023116,23.030353461654464,23.11653401206106,45.32418584391723,54.03647820806256,81.87251930128703,160.6999969482422,133.58999633789062,206.0240020751953,133.46200561523438
22.75,25.220283638987052,23.188357465143934,23.11653401193956,45.295176209935384,54.38648571685209,82.19351844688293,161.0500030517578,133.58900451660156,206.34500122070312,133.46200561523438
22.8,25.34329731224484,23.03028136520738,23.116534011651535,45.265177548603354,54.737483641658635,82.51451759243385,161.4010009765625,133.58900451660156,206.66600036621094,133.46200561523438
22.85,25.47473377492855,23.188357466271526,23.116534011595775,45.23317999399602,55.09048046783182,82.83551673802174,161.75399780273438,133.58900451660156,206.98699951171875,133.46200561523438
22.900000000000002,25.61653727286593,23.030281366342855,23.116534011372504,45.19917797380037,55.44547762385059,83.1565174158328,162.10899353027344,133.58799743652344,207.30799865722656,133.46299743652344
22.950000000000003,25.781130166536798,23.188357467163797,23.116534011354236,45.16316736946231,55.802487511546104,83.47751656141824,162.46600341796875,133.58799743652344,207.62899780273438,133.46299743652344
23.0,25.963110343704233,23.030281367316633,23.11653401117914,45.12416331753061,56.16248948815632,83.79851570697386,162.8260040283203,133.58700561523438,207.9499969482422,133.46299743652344
23.05,26.15621560791638,23.18835746771675,23.116534011159477,45.083163106321514,56.52448899987571,84.1195148525593,163.18800354003906,133.58700561523438,208.27099609375,133.46299743652344
23.1,26.35306284023906,23.03028136839013,23.109384303930774,45.039169422441,56.889480623615555,84.44051399811615,163.55299377441406,133.58599853515625,208.5919952392578,133.46299743652344
23.150000000000002,26.534034636843206,23.18835746864504,23.109326626385265,44.992157268875474,57.25749209822589,84.76151314370159,163.92100524902344,133.58599853515625,208.91299438476562,133.46299743652344
23.200000000000003,26.694449831565173,23.030281369351506,23.10931941715497,44.94416855677193,57.62648013533546,85.08251228926036,164.2899932861328,133.58599853515625,209.23399353027344,133.46299743652344
23.25,26.854143539258327,23.18835746937631,23.10931941757821,44.89216136631442,57.99948255260747,85.40351301460946,164.66299438476562,133.5850067138672,209.55499267578125,133.46400451660156
23.3,27.01135556921005,23.030281370288133,23.109319418086283,44.83916778460531,58.37349073131841,85.724527418958,165.03700256347656,133.5850067138672,209.87600708007812,133.46400451660156
23.35,27.166874804628602,23.18835747016258,23.109319418475387,44.78417259963825,58.749483901318314,86.04552656453933,165.41299438476562,133.58399963378906,210.19700622558594,133.46400451660156
23.400000000000002,27.321422350130895,23.030281371090727,23.109319418950175,44.726158892112394,59.12849696284182,86.36652571010026,165.79200744628906,133.58399963378906,210.51800537109375,133.46400451660156
23.450000000000003,27.475825639755637,23.18835747091827,23.109319419325622,44.666161549768766,59.509493666943456,86.68752485568073,166.17300415039062,133.58399963378906,210.83900451660156,133.46400451660156
23.5,27.62086818799342,23.03028137189651,23.10931941978361,44.60416261591106,59.89148351987209,87.007516921165,166.55499267578125,133.58299255371094,211.15899658203125,133.46400451660156
23.55,27.73613947851282,23.18835747165617,23.109319420177552,44.54115930039709,60.27649328549751,87.32952314682254,166.94000244140625,133.58299255371094,211.4810028076172,133.46400451660156
23.6,27.82203439171292,23.030281372685707,23.10931942060711,44.47514737232452,60.66249487241328,87.64951674938801,167.3260040283203,133.58299255371094,211.80099487304688,133.46499633789062
23.650000000000002,27.891080681519234,23.188357472392855,23.10931942098189,44.4101577946262,61.049489551581914,87.97152297504387,167.71299743652344,133.58200073242188,212.1230010986328,133.46499633789062
23.700000000000003,27.954151657781125,23.030281373555454,23.109319421402283,44.34214960813436,61.43749003986663,88.29151504052888,168.1009979248047,133.58200073242188,212.4429931640625,133.46499633789062
23.75,28.03785120393167,23.188357472980613,23.109319421762713,44.27514849899106,61.82649760822886,88.61352126618327,168.49000549316406,133.58200073242188,212.76499938964844,133.46499633789062
23.8,28.15564270206221,22.818061543583568,23.08809743909226,44.2031398708953,62.2164982981475,88.93151443121283,168.8800048828125,133.58099365234375,213.08299255371094,133.46499633789062
23.85,28.307165662497926,21.5606898884389,22.925330680919892,44.123153574139174,62.60849658916313,89.243526199371,169.27200317382812,133.58099365234375,213.39500427246094,133.46499633789062
23.900000000000002,28.48694924746442,17.672119339073248,22.389514477718144,43.99613987513423,63.003500861624964,89.51151982190063,169.66700744628906,133.58099365234375,213.66299438476562,133.46499633789062
23.950000000000003,28.68761202836742,17.354377141794743,21.80611644480579,43.86015138996082,63.40048877666653,89.77252394244321,170.06399536132812,133.58099365234375,213.9239959716797,133.46600341796875
24.0,28.90098465002598,16.928784211135632,21.195966728729704,43.713146083655225,63.80149097979875,90.02652830085188,170.46499633789062,133.5800018310547,214.17799377441406,133.46600341796875
24.05,29.115938330752204,16.307158027672365,20.507846784331324,43.5571562474313,64.2044908577326,90.27358003752646,170.8679962158203,133.5800018310547,214.4250030517578,133.46600341796875
24.1,29.308861079338314,15.629934461821808,19.767812093244935,43.39015070400292,64.61049671711059,90.51268507732803,171.2740020751953,133.5800018310547,214.66400146484375,133.46600341796875
24.150000000000002,29.442492077515258,14.885649250560855,18.937541271061736,43.21214571779515,65.01850147785336,90.74286193961545,171.6820068359375,133.5800018310547,214.8939971923828,133.46600341796875
24.200000000000003,29.51150641621528,14.095704158998673,18.044083549606057,43.024164401988536,65.42848988117439,90.96510617320051,172.0919952392578,133.5800018310547,215.11599731445312,133.46600341796875
24.25,29.54091514713282,13.337182679311772,17.058966070239173,42.82716729694347,65.83849354328802,91.17833469299984,172.5019989013672,133.5800018310547,215.32899475097656,133.46600341796875
24.3,29.54840280153014,12.607727799079706,16.03793269578879,42.62517370373718,66.24849844223525,91.38638249006583,172.91200256347656,133.57899475097656,215.53700256347656,133.46600341796875
24.35,29.55326409784984,11.846466398776908,15.066510346822588,42.41117368392365,66.65949392564391,91.58340080012928,173.322998046875,133.57899475097656,215.73399353027344,133.46600341796875
24.400000000000002,29.572308100133228,11.079674512181342,14.407265864133397,42.18818551244107,67.06949758776148,91.77042800441718,173.73300170898438,133.57899475097656,215.92100524902344,133.46600341796875
24.450000000000003,29.620043619450524,10.298652996368139,13.701693449590735,41.952180846183566,67.48049307116455,91.94542335167948,174.1439971923828,133.57899475097656,216.0959930419922,133.46600341796875
24.5,29.704068385656555,9.497019493944636,12.958516977871636,41.70319029581148,67.8924956346422,92.1084360416918,174.55599975585938,133.57899475097656,216.25900268554688,133.46600341796875
24.55,29.827403641768218,8.675937757624373,12.195394950866838,41.44118347016504,68.30649709948595,92.26042968314033,174.97000122070312,133.57899475097656,216.41099548339844,133.46600341796875
24.6,29.988394578293963,7.839557019881677,11.416357206672826,41.1661910016121,68.72149038562024,92.40042912752526,175.38499450683594,133.57899475097656,216.55099487304688,133.46600341796875
24.650000000000002,30.177647892716337,6.990568908273149,10.626849172444055,40.87418468245003,69.14049673328067,92.52742815574399,175.8040008544922,133.57899475097656,216.67799377441406,133.46600341796875
24.700000000000003,30.381516511965227,6.133760885751539,9.830654845119343,40.57019996504685,69.56049490223245,92.6434415041688,176.2239990234375,133.57899475097656,216.79400634765625,133.46600341796875
24.75,30.58102842084571,5.266087611269659,9.023545338315131,40.24920153123513,69.98449087391849,92.74644023390175,176.6479949951172,133.57899475097656,216.89700317382812,133.46600341796875
24.8,30.752569873802827,4.387348234741835,8.201507381881344,39.91419539709347,70.41050100575853,92.83744712433256,177.07400512695312,133.57899475097656,216.98800659179688,133.46600341796875
24.85,30.878315537853773,3.5045111424972277,7.367311856253375,39.56519686864627,70.83849478017368,92.9164473790009,177.5019989013672,133.57899475097656,217.06700134277344,133.46600341796875
24.900000000000002,30.947687607858967,0.540676292508034,6.313412034286044,39.146188317366274,71.268503894035,92.92890554663713,177.9320068359375,133.5800018310547,217.0780029296875,133.46600341796875
24.950000000000003,30.958742854355332,0.8035173103348988,5.36389846568272,38.71818754527536,71.69849656981923,92.9377446351171,178.36199951171875,133.5800018310547,217.0800018310547,133.46600341796875
25.0,30.918206949436428,0.9103373845143236,4.505230254739688,38.29116400910833,72.12850450439859,92.9483296245405,178.79200744628906,133.5800018310547,217.08299255371094,133.46600341796875
25.05,30.842569665961673,0.8962648649645227,3.7272629654737033,37.86717945899169,72.55649827882796,92.95942116876354,179.22000122070312,133.5800018310547,217.08700561523438,133.46600341796875
25.1,30.753542746279347,0.7987026933647571,3.0231775328220114,37.44318258876422,72.98449205326044,92.96959034796754,179.6479949951172,133.5800018310547,217.09100341796875,133.46600341796875
25.150000000000002,30.66285754216205,0.6522214755934574,2.389342789554042,37.02016454263033,73.41050218511342,92.97775221894102,180.07400512695312,133.5800018310547,217.093994140625,133.46600341796875
25.200000000000003,30.575523152697194,0.48607157958519415,1.8245738589374074,36.598185279156255,73.83649705817386,92.98455394993086,180.5,133.5800018310547,217.09800720214844,133.46600341796875
25.25,30.506834618125453,0.3231105023328874,1.3302761480437304,36.177182845530325,74.2604930298622,92.9890715610869,180.9239959716797,133.5800018310547,217.1009979248047,133.46600341796875
25.3,30.460753897632966,0.18050456058117148,0.9095917806276642,35.75618334425684,74.68349834302076,92.991582434429,181.3470001220703,133.58099365234375,217.10299682617188,133.46600341796875
25.35,30.426195102498564,0.07708888245389935,0.5668495546233314,35.335180328214584,75.10650249341263,92.99358153471188,181.77000427246094,133.58099365234375,217.10499572753906,133.46600341796875
25.400000000000002,30.398798037365555,0.06844444187997928,0.519626369560526,34.915184114197125,75.52849956372535,92.99583433921951,182.19200134277344,133.58099365234375,217.10699462890625,133.46600341796875
25.450000000000003,30.371328883513947,0.11086172736865847,0.450360811263902,34.49419599537848,75.95049663403788,92.99780956715553,182.61399841308594,133.58099365234375,217.10800170898438,133.46600341796875
25.5,30.336231104613148,0.13716233414917148,0.37304330622738674,34.07220087380321,76.37249370435038,92.99981586694925,183.03599548339844,133.58099365234375,217.10800170898438,133.46600341796875
25.55,30.287091420585956,0.14333495088376563,0.2977503148193111,33.652204806791,76.7924918732957,93.00184982702343,183.45599365234375,133.58099365234375,217.10800170898438,133.46600341796875
25.6,30.21951871759382,0.13367873308676562,0.2312479187915119,33.231205356248886,77.21349832682789,93.00371009683444,183.8769989013672,133.58200073242188,217.10800170898438,133.46600341796875
25.650000000000002,30.131858169912586,0.11359457464491315,0.17738522869665746,32.81220151142109,77.63250467448485,93.00527088683306,184.29600524902344,133.58200073242188,217.10800170898438,133.46600341796875
25.700000000000003,30.024902858998228,0.08813138232285758,0.13759120897042382,32.39420487564746,78.0494968619863,93.00683834449516,184.71299743652344,133.58200073242188,217.10699462890625,133.46600341796875
25.75,29.908622871794574,0.06144334891072089,0.11142449362820717,31.97820722768167,78.4654972281994,93.0076709425695,185.12899780273438,133.58200073242188,217.10699462890625,133.46600341796875
25.8,29.786942401675002,0.0366382778868813,0.09703786535877815,31.563201469436116,78.88050577312367,93.00816422059795,185.54400634765625,133.58200073242188,217.10699462890625,133.46600341796875
25.85,29.652122954537212,0.015886732744706544,0.09091765038785886,31.1512207041107,79.29249427167095,93.00837093960506,185.95599365234375,133.58299255371094,217.10699462890625,133.46600341796875
25.900000000000002,29.50927317845278,0.004698946019336696,0.08454310080179461,30.740212898867885,79.703505013861,93.00838562662027,186.36700439453125,133.58299255371094,217.10699462890625,133.46600341796875
25.950000000000003,29.361458945039978,0.01324048436521155,0.07478097650144991,30.331219310051026,80.11250159589468,93.0085549606221,186.7760009765625,133.58299255371094,217.10699462890625,133.46600341796875
26.0,29.21090498639297,0.019603508424582153,0.06302509392899099,29.924224685962983,80.5185074552719,93.0095808018151,187.1820068359375,133.58299255371094,217.1060028076172,133.46600341796875
26.05,29.060605086242074,0.02221639834138331,0.050913238674752746,29.519229032820782,80.92350623457038,93.00988258213977,187.58700561523438,133.58299255371094,217.1060028076172,133.46600341796875
26.1,28.912574554905284,0.02183673169556174,0.039729038535632366,29.117239427016873,81.325499032423,93.01018314211171,187.98899841308594,133.58299255371094,217.1060028076172,133.46600341796875
26.150000000000002,28.766557628996328,0.019374646283180096,0.030307045699459058,28.718229473544998,81.72550945542899,93.01121116867313,188.38900756835938,133.58399963378906,217.10699462890625,133.46600341796875
26.200000000000003,28.620902912162897,0.0,0.0214939074671733,28.31924607246175,82.1244962718356,93.01121116867313,188.78799438476562,133.58399963378906,217.10699462890625,133.46600341796875
26.25,28.474455131971524,0.0,0.015349572576101209,27.923238206288918,82.52050762437489,93.01121116867313,189.1840057373047,133.58399963378906,217.10699462890625,133.46600341796875
26.3,28.325701942783105,0.0,0.011685744787413079,27.529244582080047,82.91450481675788,93.01121116867313,189.5780029296875,133.58399963378906,217.10699462890625,133.46600341796875
26.35,28.173098396215128,0.0,0.010097071512942424,27.137249943958835,83.30650310777366,93.01121116867313,189.97000122070312,133.58399963378906,217.10699462890625,133.46600341796875
26.400000000000002,28.024958046118968,0.0,0.009627176911008754,26.747254294832125,83.69650249742219,93.01121116867313,190.36000061035156,133.58399963378906,217.10699462890625,133.46600341796875
26.450000000000003,27.88884258226315,0.0,0.008303128474487598,26.359262165132733,84.08450429267162,93.01121116867313,190.7480010986328,133.5850067138672,217.10699462890625,133.46600341796875
26.5,27.754634285659748,0.0,0.006342777632029384,25.972272759658303,84.47149770087476,93.01121116867313,191.13499450683594,133.5850067138672,217.10699462890625,133.46600341796875
26.55,27.610418137190205,0.0,0.004121137797891053,25.58827416557938,84.85550038642164,93.01121116867313,191.5189971923828,133.5850067138672,217.10699462890625,133.46600341796875
26.6,27.446510706490265,0.0,0.0019374646283348788,25.20627457525595,85.23750417060135,93.01121116867313,191.9010009765625,133.5850067138672,217.10699462890625,133.46600341796875
26.650000000000002,27.26319866186747,0.0,1.6869144969788862e-14,24.826273992398608,85.61750905341422,93.01121116867313,192.281005859375,133.5850067138672,217.10699462890625,133.46600341796875
26.700000000000003,27.06156175331675,0.0,1.6869144969788862e-14,24.449279489048475,85.99450795478243,93.01121116867313,192.6580047607422,133.5850067138672,217.10699462890625,133.46600341796875
26.75,26.84977449533004,0.0,1.6869144969788862e-14,24.07529106816573,86.36850087470617,93.01121116867313,193.03199768066406,133.5850067138672,217.10699462890625,133.46600341796875
26.8,26.624450016895896,0.0,1.6869144969788862e-14,23.70429847424268,86.73950439771785,93.01121116867313,193.4029998779297,133.58599853515625,217.10699462890625,133.46600341796875
26.85,26.386417404275306,0.0,1.6869144969788862e-14,23.336307047887168,87.10750061354102,93.01121116867313,193.77099609375,133.58599853515625,217.10699462890625,133.46600341796875
26.900000000000002,26.177546674922535,0.0,1.6869144969788862e-14,22.97231352319223,87.471499026629,93.01121116867313,194.13499450683594,133.58599853515625,217.10699462890625,133.46600341796875
26.950000000000003,26.00827480409378,0.0,1.6869144969788862e-14,22.609311963237065,87.83450561842622,93.01121116867313,194.4980010986328,133.58599853515625,217.10699462890625,133.46600341796875
27.0,25.860889790209214,0.0,1.6869144969788862e-14,22.249316505232667,88.19450622877791,93.01121116867313,194.85800170898438,133.58599853515625,217.10699462890625,133.46600341796875
27.05,25.726573376552462,0.0,1.6869144969788862e-14,21.891320088046093,88.55250793776318,93.01121116867313,195.21600341796875,133.58599853515625,217.10699462890625,133.46600341796875
27.1,25.594634488280033,0.0,1.6869144969788862e-14,21.53532271715416,88.90851074538197,93.01121116867313,195.57200622558594,133.58599853515625,217.10699462890625,133.46600341796875
27.150000000000002,25.455097844491352,0.0,1.6869144969788862e-14,21.181345386045916,89.26250082538773,93.01121116867313,195.92599487304688,133.58700561523438,217.10699462890625,133.46600341796875
27.200000000000003,25.298209698201212,0.0,1.6869144969788862e-14,20.82934622214685,89.61450583027128,93.01121116867313,196.2779998779297,133.58700561523438,217.10699462890625,133.46600341796875
27.25,25.117814223671058,0.0,1.6869144969788862e-14,20.479346125520706,89.96451193378698,93.01121116867313,196.6280059814453,133.58700561523438,217.10699462890625,133.46600341796875
27.3,24.910670453154125,0.0,1.6869144969788862e-14,20.13235216491577,90.3115120558575,93.01121116867313,196.97500610351562,133.58700561523438,217.10699462890625,133.46600341796875
27.35,24.676598136264086,0.0,1.6869144969788862e-14,19.787357284406834,90.65651327656205,93.01121116867313,197.32000732421875,133.58700561523438,217.10699462890625,133.46600341796875
27.400000000000002,24.42049477833031,0.0,1.6869144969788862e-14,19.447367414803953,90.99650961445577,93.01121116867313,197.66000366210938,133.58700561523438,217.10699462890625,133.46600341796875
27.450000000000003,24.150241361133755,0.0,1.6869144969788862e-14,19.110383696561982,91.33349997090606,93.01121116867313,197.9969940185547,133.58700561523438,217.10699462890625,133.46600341796875
27.5,23.87408621758564,0.0,1.6869144969788862e-14,18.77738909540053,91.6665092604144,93.01121116867313,198.3300018310547,133.58799743652344,217.10699462890625,133.46600341796875
27.55,23.615138417581964,0.0,1.6869144969788862e-14,18.44739435359923,91.99651109147337,93.01121116867313,198.66000366210938,133.58799743652344,217.10699462890625,133.46600341796875
27.6,23.37912286930987,0.0,1.6869144969788862e-14,18.12141284063,92.32249986100638,93.01121116867313,198.98599243164062,133.58799743652344,217.10699462890625,133.46600341796875
27.650000000000002,23.150917939128423,0.0,1.6869144969788862e-14,17.799414043913043,92.64450608659281,93.01121116867313,199.30799865722656,133.58799743652344,217.10699462890625,133.46600341796875
27.700000000000003,22.93106605877966,0.0,1.6869144969788862e-14,17.479414373621267,92.96451341081158,93.01121116867313,199.6280059814453,133.58799743652344,217.10699462890625,133.46600341796875
27.75,22.704878138378827,0.0,1.6869144969788862e-14,17.162420894295312,93.28151475358501,93.01121116867313,199.94500732421875,133.58799743652344,217.10699462890625,133.46600341796875
27.8,22.486753189079398,0.0,1.6869144969788862e-14,16.849440667233132,93.59450303483506,93.01121116867313,200.25799560546875,133.58799743652344,217.10699462890625,133.46600341796875
27.85,22.248974719036728,0.0,1.6869144969788862e-14,16.53845179293221,93.90550930404152,93.01121116867313,200.56900024414062,133.58900451660156,217.10699462890625,133.46600341796875
27.900000000000002,21.969973476588738,0.0,1.6869144969788862e-14,16.232460659711133,94.21150905990123,93.01121116867313,200.875,133.58900451660156,217.10699462890625,133.46600341796875
27.950000000000003,21.658178016950547,0.0,1.6869144969788862e-14,15.929475749620451,94.5145028343173,93.01121116867313,201.17799377441406,133.58900451660156,217.10699462890625,133.46600341796875
28.0,21.32352239719051,0.0,1.6869144969788862e-14,15.631480652759826,94.81250698471266,93.01121116867313,201.4759979248047,133.58900451660156,217.10699462890625,133.46600341796875
28.05,20.99642501595788,0.0,1.6869144969788862e-14,15.338490629630437,95.10550625229675,93.01121116867313,201.7689971923828,133.58900451660156,217.10699462890625,133.46600341796875
28.1,20.689489274877808,0.0,1.6869144969788862e-14,15.049498635732913,95.39450771714414,93.01121116867313,202.05799865722656,133.58900451660156,217.10699462890625,133.46600341796875
28.150000000000002,20.37121359603427,0.0,1.6869144969788862e-14,14.764504676668603,95.67951137925613,93.01121116867313,202.34300231933594,133.58900451660156,217.10699462890625,133.46600341796875
28.200000000000003,20.049121898361832,0.0,1.6869144969788862e-14,14.484524258269285,95.95951191518125,93.01121116867313,202.6230010986328,133.58999633789062,217.10699462890625,133.46600341796875
28.25,19.725806241216414,0.0,1.6869144969788862e-14,14.208533591084223,96.23551289174526,93.01121116867313,202.8990020751953,133.58999633789062,217.10699462890625,133.46600341796875
28.3,19.40292151491486,0.0,1.6869144969788862e-14,13.937548017029915,96.50650898549635,93.01121116867313,203.1699981689453,133.58999633789062,217.10699462890625,133.46600341796875
28.35,19.081010105909417,0.0,1.6869144969788862e-14,13.670560498404395,96.77350727651267,93.01121116867313,203.43699645996094,133.58999633789062,217.10699462890625,133.46600341796875
28.400000000000002,18.759313270977486,0.0,1.6869144969788862e-14,13.407571040666145,97.03650776479438,93.01121116867313,203.6999969482422,133.58999633789062,217.10699462890625,133.46600341796875
28.450000000000003,18.436610492478973,0.0,1.6869144969788862e-14,13.150578461742787,97.29351154897435,93.01121116867313,203.95700073242188,133.58999633789062,217.10699462890625,133.46600341796875
28.5,18.111169742093182,0.0,1.6869144969788862e-14,12.896592171989282,97.54750935170897,93.01121116867313,204.21099853515625,133.58999633789062,217.10699462890625,133.46600341796875
28.55,17.802115216813206,0.0,1.6869144969788862e-14,12.647595725760793,97.79651756016945,93.01121116867313,204.4600067138672,133.58999633789062,217.10699462890625,133.46600341796875
28.6,17.503130908464367,0.0,1.6869144969788862e-14,12.403619642668916,98.0405056264012,93.01121116867313,204.70399475097656,133.58999633789062,217.10699462890625,133.46600341796875
28.650000000000002,17.146585858167857,0.0,1.6869144969788862e-14,12.162619350035714,98.28151820549378,93.01121116867313,204.94500732421875,133.58999633789062,217.10699462890625,133.46600341796875
28.700000000000003,16.71156140301579,0.0,1.6869144969788862e-14,11.928648728573867,98.5155139035027,93.01121116867313,205.1790008544922,133.59100341796875,217.10699462890625,133.46600341796875
28.75,16.219550648707724,0.0,1.6869144969788862e-14,11.700664664734697,98.74351072968932,93.01121116867313,205.40699768066406,133.59100341796875,217.10699462890625,133.46600341796875
28.8,15.695064992985785,0.0,1.6869144969788862e-14,11.479669219031777,98.96451903077086,93.01121116867313,205.6280059814453,133.59100341796875,217.10699462890625,133.46600341796875
28.85,15.160753417646909,0.0,1.6869144969788862e-14,11.265692888667232,99.1785082890899,93.01121116867313,205.8419952392578,133.59100341796875,217.10699462890625,133.46600341796875
28.900000000000002,14.63569437342422,0.0,1.6869144969788862e-14,11.059696895510637,99.3845172007792,93.01121116867313,206.04800415039062,133.59100341796875,217.10699462890625,133.46600341796875
28.950000000000003,14.130253491232745,0.0,1.6869144969788862e-14,10.86071997049072,99.58350706946068,93.01121116867313,206.2469940185547,133.59100341796875,217.10699462890625,133.46600341796875
29.0,13.672260851914583,0.0,1.6869144969788862e-14,10.668731573976517,99.77550841268238,93.01121116867313,206.43899536132812,133.59100341796875,217.10699462890625,133.46600341796875
29.05,13.329180985320436,0.0,1.6869144969788862e-14,10.481732921003722,99.96252013184548,93.01121116867313,206.62600708007812,133.59100341796875,217.10699462890625,133.46600341796875
29.1,13.093561194759172,0.0,1.6869144969788862e-14,10.298747508532331,100.14551878950033,93.01121116867313,206.8090057373047,133.59100341796875,217.10699462890625,133.46600341796875
29.150000000000002,12.891277186638483,0.0,1.6869144969788862e-14,10.118768327266118,100.32551146569504,93.01121116867313,206.98899841308594,133.59100341796875,217.10699462890625,133.46600341796875
29.200000000000003,12.673405446703384,0.0,1.6869144969788862e-14,9.940785641562206,100.50352326229783,93.01121116867313,207.16700744628906,133.5919952392578,217.10699462890625,133.46600341796875
29.25,12.400201211487806,0.0,1.6869144969788862e-14,9.766803894656974,100.67751923420056,93.01121116867313,207.34100341796875,133.5919952392578,217.10699462890625,133.46600341796875
29.3,12.056617498742321,0.0,1.6869144969788862e-14,9.59782711504389,100.84651032318075,93.01121116867313,207.50999450683594,133.5919952392578,217.10699462890625,133.46600341796875
29.35,11.631385599271301,0.0,1.6869144969788862e-14,9.43384002705116,101.01051178805955,93.01121116867313,207.6739959716797,133.5919952392578,217.10699462890625,133.46600341796875
29.400000000000002,11.10614547195483,0.0,1.6869144969788862e-14,9.27685658540637,101.16750946872465,93.01121116867313,207.83099365234375,133.5919952392578,217.10699462890625,133.46600341796875
29.450000000000003,10.497780866720062,0.0,1.6869144969788862e-14,9.127868477015078,101.31651154393312,93.01121116867313,207.97999572753906,133.5919952392578,217.10699462890625,133.46600341796875
29.5,9.846505225023378,0.0,1.6869144969788862e-14,8.986875651079714,101.45751801371034,93.01121116867313,208.12100219726562,133.5919952392578,217.10699462890625,133.46600341796875
29.55,9.189829037823916,0.0,1.6869144969788862e-14,8.855892011494094,101.58851471789058,93.01121116867313,208.2519989013672,133.5919952392578,217.10699462890625,133.46600341796875
29.6,8.687880811761561,0.0,1.6869144969788862e-14,8.732903536759116,101.711515816569,93.01121116867313,208.375,133.5919952392578,217.10699462890625,133.46600341796875
29.650000000000002,8.260452548423627,0.0,1.6869144969788862e-14,8.615911485212743,101.82852021110514,93.01121116867313,208.49200439453125,133.5919952392578,217.10699462890625,133.46600341796875
29.700000000000003,7.960609053610852,0.0,1.6869144969788862e-14,8.50293239430379,101.94151154412226,93.01121116867313,208.60499572753906,133.5919952392578,217.10699462890625,133.46600341796875
29.75,7.500672423546441,0.0,1.6869144969788862e-14,8.396941371132916,102.0475143517534,93.01121116867313,208.71099853515625,133.5919952392578,217.10699462890625,133.46600341796875
29.8,6.97176049820949,0.0,1.6869144969788862e-14,8.29694666140938,102.14752045527044,93.01121116867313,208.81100463867188,133.5919952392578,217.10699462890625,133.46600341796875
29.85,6.346368418253821,0.0,1.6869144969788862e-14,8.20496214846565,102.23951569453583,93.01121116867313,208.9029998779297,133.5919952392578,217.10699462890625,133.46600341796875
29.900000000000002,5.768316260055235,0.0,1.6869144969788862e-14,8.121979479834115,102.32250824827135,93.01121116867313,208.98599243164062,133.5919952392578,217.10699462890625,133.46600341796875
29.950000000000003,5.156856230889915,0.0,1.6869144969788862e-14,8.046976382769591,102.39752045533756,93.01121116867313,209.06100463867188,133.5919952392578,217.10699462890625,133.46600341796875
30.0,4.399956519214431,0.0,1.6869144969788862e-14,7.980990276406433,102.46351471811438,93.01121116867313,209.1269989013672,133.5919952392578,217.10699462890625,133.46600341796875
30.05,3.4175379350424158,0.0,1.6869144969788862e-14,7.928003149777877,102.51650849289818,93.01121116867313,209.17999267578125,133.5919952392578,217.10699462890625,133.46600341796875
30.1,0.7877810724936306,0.0,1.6869144969788862e-14,7.9010146384306665,102.54353532702083,93.01121116867313,209.20700073242188,133.59300231933594,217.10699462890625,133.46600341796875
30.150000000000002,2.3726955469686246e-05,0.0,1.6869144969788862e-14,7.899015994913309,102.54553434627972,93.01121116867313,209.20899963378906,133.59300231933594,217.10699462890625,133.46600341796875
30.200000000000003,8.445871034818018e-06,0.0,1.6869144969788862e-14,7.899015994913309,102.54553434627972,93.01121116867313,209.20899963378906,133.59300231933594,217.10699462890625,133.46600341796875
30.25,1.677532501428426e-05,0.0,1.6869144969788862e-14,7.899015995099919,102.54554357626851,93.01121116867313,209.20899963378906,133.59300231933594,217.10699462890625,133.46600341796875
30.3,2.1602187256885237e-05,0.0,1.6869144969788862e-14,7.899015995425966,102.5455585662546,93.01121116867313,209.20899963378906,133.59300231933594,217.10699462890625,133.46600341796875
30.35,2.3231271017741233e-05,0.0,1.6869144969788862e-14,7.89901599580512,102.5455745562483,93.01121116867313,209.20899963378906,133.59300231933594,217.10699462890625,133.46600341796875
30.400000000000002,2.1468763760682108e-05,0.0,1.6869144969788862e-14,7.9000229461157145,102.54658174952355,93.01121116867313,209.20799255371094,133.59300231933594,217.10699462890625,133.46600341796875
30.450000000000003,1.9252003785040408e-05,0.0,1.6869144969788862e-14,7.900022946482821,102.54659510957872,93.01121116867313,209.20799255371094,133.59300231933594,217.10699462890625,133.46600341796875
30.5,1.6144239737357404e-05,0.0,1.6869144969788862e-14,7.900022946811553,102.54660642957178,93.01121116867313,209.20799255371094,133.59300231933594,217.10699462890625,133.46600341796875
30.55,3.0506761797949285e-06,0.0,1.6869144969788862e-14,7.900022946956143,102.54661123950363,93.01121116867313,209.20799255371094,133.59300231933594,217.10699462890625,133.46600341796875
30.6,6.79863785963594e-06,0.0,1.6869144969788862e-14,7.900022947071828,102.54661501950913,93.01121116867313,209.20799255371094,133.59300231933594,217.10699462890625,133.46600341796875
30.650000000000002,7.133452643854524e-06,0.0,1.6869144969788862e-14,7.900022947223852,102.54661989952301,93.01121116867313,209.20799255371094,133.59300231933594,217.10699462890625,133.46600341796875
30.700000000000003,6.97628334875843e-06,0.0,1.6869144969788862e-14,7.900022947382744,102.54662489956108,93.01121116867313,209.20799255371094,133.59300231933594,217.10699462890625,133.46600341796875
30.75,6.721773625460704e-06,0.0,1.6869144969788862e-14,7.900022947533349,102.54662954953828,93.01121116867313,209.20799255371094,133.59300231933594,217.10699462890625,133.46600341796875
30.8,5.378792392032235e-06,0.0,1.6869144969788862e-14,7.900022947666753,102.54663359951091,93.01121116867313,209.20799255371094,133.59300231933594,217.10699462890625,133.46600341796875
30.85,5.786342495797164e-06,0.0,1.6869144969788862e-14,7.9000229477800135,102.54663698952508,93.01121116867313,209.20799255371094,133.59300231933594,217.10699462890625,133.46600341796875
30.900000000000002,3.7839882051187566e-06,0.0,1.6869144969788862e-14,7.900022947874319,102.54663977953469,93.01121116867313,209.20799255371094,133.59300231933594,217.10699462890625,133.46600341796875
30.950000000000003,0.0,0.0,1.6869144969788862e-14,7.900022947874319,102.54663977953469,93.01121116867313,209.20799255371094,133.59300231933594,217.10699462890625,133.46600341796875
31.0,1.5090647185836006e-06,0.0,1.6869144969788862e-14,7.900022947957601,102.54664221948342,93.01121116867313,209.20799255371094,133.59300231933594,217.10699462890625,133.46600341796875
31.05,1.3663111420678877e-06,0.0,1.6869144969788862e-14,7.900022947957601,102.54664221948342,93.01121116867313,209.20799255371094,133.59300231933594,217.10699462890625,133.46600341796875
31.1,1.5675937783946436e-06,0.0,1.6869144969788862e-14,7.90002294802712,102.54664423952208,93.01121116867313,209.20799255371094,133.59300231933594,217.10699462890625,133.46600341796875
31.150000000000002,1.3163514935186983e-06,0.0,1.6869144969788862e-14,7.90002294802712,102.54664423952208,93.01121116867313,209.20799255371094,133.59300231933594,217.10699462890625,133.46600341796875
31.200000000000003,1.1583971824371428e-06,0.0,1.6869144969788862e-14,7.900022948093327,102.54664614954827,93.01121116867313,209.20799255371094,133.59300231933594,217.10699462890625,133.46600341796875
31.25,1.1694621059897608e-06,0.0,1.6869144969788862e-14,7.900022948093327,102.54664614954827,93.01121116867313,209.20799255371094,133.59300231933594,217.10699462890625,133.46600341796875
31.3,7.919845922389796e-07,0.0,1.6869144969788862e-14,7.9000229481411,102.54664751952377,93.01121116867313,209.20799255371094,133.59300231933594,217.10699462890625,133.46600341796875
31.35,1.0225343757094179e-06,0.0,1.6869144969788862e-14,7.9000229481411,102.54664751952377,93.01121116867313,209.20799255371094,133.59300231933594,217.10699462890625,133.46600341796875
31.400000000000002,8.408943719357371e-07,0.0,1.6869144969788862e-14,7.9000229481411,102.54664751952377,93.01121116867313,209.20799255371094,133.59300231933594,217.10699462890625,133.46600341796875
31.450000000000003,9.69634330780127e-07,0.0,1.6869144969788862e-14,7.9000229481411,102.54664751952377,93.01121116867313,209.20799255371094,133.59300231933594,217.10699462890625,133.46600341796875
31.5,8.438406500596866e-07,0.0,1.6869144969788862e-14,7.9000229481785755,102.546648589497,93.01121116867313,209.20799255371094,133.59300231933594,217.10699462890625,133.46600341796875
31.55,7.807913147128915e-07,0.0,1.6869144969788862e-14,7.9000229481785755,102.546648589497,93.01121116867313,209.20799255371094,133.59300231933594,217.10699462890625,133.46600341796875
31.6,9.599497603702762e-07,0.0,1.6869144969788862e-14,7.9000229481785755,102.546648589497,93.01121116867313,209.20799255371094,133.59300231933594,217.10699462890625,133.46600341796875
31.650000000000002,1.1868412822341481e-06,0.0,1.6869144969788862e-14,7.9000229481785755,102.546648589497,93.01121116867313,209.20799255371094,133.59300231933594,217.10699462890625,133.46600341796875
31.700000000000003,2.101610578104042e-06,0.0,1.6869144969788862e-14,7.9000229481785755,102.546648589497,93.01121116867313,209.20799255371094,133.59300231933594,217.10699462890625,133.46600341796875
31.75,4.705622512273319e-07,0.0,1.6869144969788862e-14,7.9000229481785755,102.546648589497,93.01121116867313,209.20799255371094,133.59300231933594,217.10699462890625,133.46600341796875
31.8,1.8881659971504673e-06,0.0,1.6869144969788862e-14,7.9000229481785755,102.546648589497,93.01121116867313,209.20799255371094,133.59300231933594,217.10699462890625,133.46600341796875
31.85,1.5810164908744695e-06,0.0,1.6869144969788862e-14,7.9000229481785755,102.546648589497,93.01121116867313,209.20799255371094,133.59300231933594,217.10699462890625,133.46600341796875
31.900000000000002,1.4089601625804927e-06,0.0,1.6869144969788862e-14,7.900022948211974,102.54664953956244,93.01121116867313,209.20799255371094,133.59300231933594,217.10699462890625,133.46600341796875
31.950000000000003,1.4430578592957108e-06,0.0,1.6869144969788862e-14,7.900022948211974,102.54664953956244,93.01121116867313,209.20799255371094,133.59300231933594,217.10699462890625,133.46600341796875
32.0,1.0664211862334872e-06,0.0,1.6869144969788862e-14,7.900022948211974,102.54664953956244,93.01121116867313,209.20799255371094,133.59300231933594,217.10699462890625,133.46600341796875
32.050000000000004,1.4432568355934004e-06,0.0,1.6869144969788862e-14,7.900022948211974,102.54664953956244,93.01121116867313,209.20799255371094,133.59300231933594,217.10699462890625,133.46600341796875
32.1,1.6487369783610326e-06,0.0,1.6869144969788862e-14,7.900022948211974,102.54664953956244,93.01121116867313,209.20799255371094,133.59300231933594,217.10699462890625,133.46600341796875
32.15,3.26134057410034e-06,0.0,1.6869144969788862e-14,7.900022948211974,102.54664953956244,93.01121116867313,209.20799255371094,133.59300231933594,217.10699462890625,133.46600341796875
32.2,2.3002104300788778e-06,0.0,1.6869144969788862e-14,7.900022948211974,102.54664953956244,93.01121116867313,209.20799255371094,133.59300231933594,217.10699462890625,133.46600341796875
32.25,2.0618410608118348e-07,0.0,1.6869144969788862e-14,7.900022948211974,102.54664953956244,93.01121116867313,209.20799255371094,133.59300231933594,217.10699462890625,133.46600341796875
32.300000000000004,2.751947862974649e-07,0.0,1.6869144969788862e-14,7.900022948211974,102.54664953956244,93.01121116867313,209.20799255371094,133.59300231933594,217.10699462890625,133.46600341796875
32.35,6.523736139292803e-07,0.0,1.6869144969788862e-14,7.900022948211974,102.54664953956244,93.01121116867313,209.20799255371094,133.59300231933594,217.10699462890625,133.46600341796875
32.4,1.5109134746002833e-06,0.0,1.6869144969788862e-14,7.900022948211974,102.54664953956244,93.01121116867313,209.20799255371094,133.59300231933594,217.10699462890625,133.46600341796875
32.45,1.1675557265679616e-06,0.0,1.6869144969788862e-14,7.900022948211974,102.54664953956244,93.01121116867313,209.20799255371094,133.59300231933594,217.10699462890625,133.46600341796875
32.5,2.7487671289411934e-06,0.0,1.6869144969788862e-14,7.900022948211974,102.54664953956244,93.01121116867313,209.20799255371094,133.59300231933594,217.10699462890625,133.46600341796875
32.550000000000004,3.84488768517373e-06,0.0,1.6869144969788862e-14,7.900022948211974,102.54664953956244,93.01121116867313,209.20799255371094,133.59300231933594,217.10699462890625,133.46600341796875
32.6,4.2224777506831285e-06,0.0,1.6869144969788862e-14,7.900022948211974,102.54664953956244,93.01121116867313,209.20799255371094,133.59300231933594,217.10699462890625,133.46600341796875
32.65,2.0597522832272662e-07,0.0,1.6869144969788862e-14,7.900022948211974,102.54664953956244,93.01121116867313,209.20799255371094,133.59300231933594,217.10699462890625,133.46600341796875
32.7,6.179325017268493e-07,0.0,1.6869144969788862e-14,7.900022948211974,102.54664953956244,93.01121116867313,209.20799255371094,133.59300231933594,217.10699462890625,133.46600341796875
32.75,9.955645106426323e-07,0.0,1.6869144969788862e-14,7.900022948211974,102.54664953956244,93.01121116867313,209.20799255371094,133.59300231933594,217.10699462890625,133.46600341796875
32.800000000000004,6.889080841056983e-07,0.0,1.6869144969788862e-14,7.900022948211974,102.54664953956244,93.01121116867313,209.20799255371094,133.59300231933594,217.10699462890625,133.46600341796875
32.85,1.0299062905225836e-06,0.0,1.6869144969788862e-14,7.900022948211974,102.54664953956244,93.01121116867313,209.20799255371094,133.59300231933594,217.10699462890625,133.46600341796875
32.9,1.3390438024799328e-06,0.0,1.6869144969788862e-14,7.900022948211974,102.54664953956244,93.01121116867313,209.20799255371094,133.59300231933594,217.10699462890625,133.46600341796875
32.95,8.934728583960913e-07,0.0,1.6869144969788862e-14,7.900022948211974,102.54664953956244,93.01121116867313,209.20799255371094,133.59300231933594,217.10699462890625,133.46600341796875
33.0,1.0996663100906901e-06,0.0,1.6869144969788862e-14,7.900022948211974,102.54664953956244,93.01121116867313,209.20799255371094,133.59300231933594,217.10699462890625,133.46600341796875
33.050000000000004,0.0,0.0,1.6869144969788862e-14,7.900022948211974,102.54664953956244,93.01121116867313,209.20799255371094,133.59300231933594,217.10699462890625,133.46600341796875
33.1,3.7761941197074126e-07,0.0,1.6869144969788862e-14,7.900022948211974,102.54664953956244,93.01121116867313,209.20799255371094,133.59300231933594,217.10699462890625,133.46600341796875
33.15,7.552348005572819e-07,0.0,1.6869144969788862e-14,7.900022948211974,102.54664953956244,93.01121116867313,209.20799255371094,133.59300231933594,217.10699462890625,133.46600341796875
33.2,1.1328537658181035e-06,0.0,1.6869144969788862e-14,7.900022948211974,102.54664953956244,93.01121116867313,209.20799255371094,133.59300231933594,217.10699462890625,133.46600341796875
33.25,1.5104728450848831e-06,0.0,1.6869144969788862e-14,7.900022948211974,102.54664953956244,93.01121116867313,209.20799255371094,133.59300231933594,217.10699462890625,133.46600341796875
33.300000000000004,1.853762334778477e-06,0.0,1.6869144969788862e-14,7.900022948211974,102.54664953956244,93.01121116867313,209.20799255371094,133.59300231933594,217.10699462890625,133.46600341796875
33.35,2.162731926321518e-06,0.0,1.6869144969788862e-14,7.900022948211974,102.54664953956244,93.01121116867313,209.20799255371094,133.59300231933594,217.10699462890625,133.46600341796875
33.4,2.403022821920558e-06,0.0,1.6869144969788862e-14,7.900022948211974,102.54664953956244,93.01121116867313,209.20799255371094,133.59300231933594,217.10699462890625,133.46600341796875
33.45,2.6435686437854543e-06,0.0,1.6869144969788862e-14,7.900022948211974,102.54664953956244,93.01121116867313,209.20799255371094,133.59300231933594,217.10699462890625,133.46600341796875
33.5,1.0298699370770692e-07,0.0,1.6869144969788862e-14,7.900022948211974,102.54664953956244,93.01121116867313,209.20799255371094,133.59300231933594,217.10699462890625,133.46600341796875
33.550000000000004,2.746345647439196e-07,0.0,1.6869144969788862e-14,7.900022948211974,102.54664953956244,93.01121116867313,209.20799255371094,133.59300231933594,217.10699462890625,133.46600341796875
33.6,4.4627566941035756e-07,0.0,1.6869144969788862e-14,7.900022948211974,102.54664953956244,93.01121116867313,209.20799255371094,133.59300231933594,217.10699462890625,133.46600341796875
33.65,6.179691547222255e-07,0.0,1.6869144969788862e-14,7.900022948211974,102.54664953956244,93.01121116867313,209.20799255371094,133.59300231933594,217.10699462890625,133.46600341796875
33.7,7.895669203604936e-07,0.0,1.6869144969788862e-14,7.900022948211974,102.54664953956244,93.01121116867313,209.20799255371094,133.59300231933594,217.10699462890625,133.46600341796875
33.75,9.61214257489539e-07,0.0,1.6869144969788862e-14,7.900022948211974,102.54664953956244,93.01121116867313,209.20799255371094,133.59300231933594,217.10699462890625,133.46600341796875
33.800000000000004,1.2369148098131482e-06,0.0,1.6869144969788862e-14,7.900022948211974,102.54664953956244,93.01121116867313,209.20799255371094,133.59300231933594,217.10699462890625,133.46600341796875
33.85,1.5791264604536102e-06,0.0,1.6869144969788862e-14,7.900022948211974,102.54664953956244,93.01121116867313,209.20799255371094,133.59300231933594,217.10699462890625,133.46600341796875
33.9,6.865783360407985e-08,0.0,1.6869144969788862e-14,7.900022948211974,102.54664953956244,93.01121116867313,209.20799255371094,133.59300231933594,217.10699462890625,133.46600341796875
33.95,4.1195234409592903e-07,0.0,1.6869144969788862e-14,7.900022948211974,102.54664953956244,93.01121116867313,209.20799255371094,133.59300231933594,217.10699462890625,133.46600341796875
34.0,7.552502410260611e-07,0.0,1.6869144969788862e-14,7.900022948211974,102.54664953956244,93.01121116867313,209.20799255371094,133.59300231933594,217.10699462890625,133.46600341796875
34.050000000000004,1.0985481594056236e-06,0.0,1.6869144969788862e-14,7.900022948211974,102.54664953956244,93.01121116867313,209.20799255371094,133.59300231933594,217.10699462890625,133.46600341796875
34.1,1.3731939272767309e-06,0.0,1.6869144969788862e-14,7.900022948211974,102.54664953956244,93.01121116867313,209.20799255371094,133.59300231933594,217.10699462890625,133.46600341796875
34.15,1.5448266977499066e-06,0.0,1.6869144969788862e-14,7.900022948211974,102.54664953956244,93.01121116867313,209.20799255371094,133.59300231933594,217.10699462890625,133.46600341796875
34.2,1.7164548320194255e-06,0.0,1.6869144969788862e-14,7.900022948211974,102.54664953956244,93.01121116867313,209.20799255371094,133.59300231933594,217.10699462890625,133.46600341796875
34.25,1.888091251967721e-06,0.0,1.6869144969788862e-14,7.900022948211974,102.54664953956244,93.01121116867313,209.20799255371094,133.59300231933594,217.10699462890625,133.46600341796875
34.300000000000004,2.059730996164969e-06,0.0,1.6869144969788862e-14,7.900022948211974,102.54664953956244,93.01121116867313,209.20799255371094,133.59300231933594,217.10699462890625,133.46600341796875
34.35,1.3732529003932354e-07,0.0,1.6869144969788862e-14,7.900022948211974,102.54664953956244,93.01121116867313,209.20799255371094,133.59300231933594,217.10699462890625,133.46600341796875
34.4,3.089824888159256e-07,0.0,1.6869144969788862e-14,7.900022948211974,102.54664953956244,93.01121116867313,209.20799255371094,133.59300231933594,217.10699462890625,133.46600341796875
34.45,4.806396950167588e-07,0.0,1.6869144969788862e-14,7.900022948211974,102.54664953956244,93.01121116867313,209.20799255371094,133.59300231933594,217.10699462890625,133.46600341796875
34.5,6.522972349200238e-07,0.0,1.6869144969788862e-14,7.900022948211974,102.54664953956244,93.01121116867313,209.20799255371094,133.59300231933594,217.10699462890625,133.46600341796875
34.550000000000004,8.925991509186885e-07,0.0,1.6869144969788862e-14,7.900022948211974,102.54664953956244,93.01121116867313,209.20799255371094,133.59300231933594,217.10699462890625,133.46600341796875
34.6,1.2358550655123362e-06,0.0,1.6869144969788862e-14,7.900022948211974,102.54664953956244,93.01121116867313,209.20799255371094,133.59300231933594,217.10699462890625,133.46600341796875
34.65,1.5448358162287914e-06,0.0,1.6869144969788862e-14,7.900022948211974,102.54664953956244,93.01121116867313,209.20799255371094,133.59300231933594,217.10699462890625,133.46600341796875
34.7,1.853759496447795e-06,0.0,1.6869144969788862e-14,7.900022948211974,102.54664953956244,93.01121116867313,209.20799255371094,133.59300231933594,217.10699462890625,133.46600341796875
34.75,1.3731622631827182e-07,0.0,1.6869144969788862e-14,7.900022948211974,102.54664953956244,93.01121116867313,209.20799255371094,133.59300231933594,217.10699462890625,133.46600341796875
34.800000000000004,4.806126447139917e-07,0.0,1.6869144969788862e-14,7.900022948211974,102.54664953956244,93.01121116867313,209.20799255371094,133.59300231933594,217.10699462890625,133.46600341796875
34.85,8.239104637711741e-07,0.0,1.6869144969788862e-14,7.900022948211974,102.54664953956244,93.01121116867313,209.20799255371094,133.59300231933594,217.10699462890625,133.46600341796875
34.9,1.1672213084755116e-06,0.0,1.6869144969788862e-14,7.900022948211974,102.54664953956244,93.01121116867313,209.20799255371094,133.59300231933594,217.10699462890625,133.46600341796875
34.95,1.3388518269202648e-06,0.0,1.6869144969788862e-14,7.900022948211974,102.54664953956244,93.01121116867313,209.20799255371094,133.59300231933594,217.10699462890625,133.46600341796875
35.0,1.5104829817219418e-06,0.0,1.6869144969788862e-14,7.900022948211974,102.54664953956244,93.01121116867313,209.20799255371094,133.59300231933594,217.10699462890625,133.46600341796875
35.050000000000004,1.6821195318916993e-06,0.0,1.6869144969788862e-14,7.900022948211974,102.54664953956244,93.01121116867313,209.20799255371094,133.59300231933594,217.10699462890625,133.46600341796875
35.1,1.8537598764717297e-06,0.0,1.6869144969788862e-14,7.900022948211974,102.54664953956244,93.01121116867313,209.20799255371094,133.59300231933594,217.10699462890625,133.46600341796875
35.15,0.0,0.0,1.6869144969788862e-14,7.900022948211974,102.54664953956244,93.01121116867313,209.20799255371094,133.59300231933594,217.10699462890625,133.46600341796875
35.2,1.716583546299044e-07,0.0,1.6869144969788862e-14,7.900022948211974,102.54664953956244,93.01121116867313,209.20799255371094,133.59300231933594,217.10699462890625,133.46600341796875
35.25,3.433158959023663e-07,0.0,1.6869144969788862e-14,7.900022948211974,102.54664953956244,93.01121116867313,209.20799255371094,133.59300231933594,217.10699462890625,133.46600341796875
35.300000000000004,5.149738163312922e-07,0.0,1.6869144969788862e-14,7.900022948211974,102.54664953956244,93.01121116867313,209.20799255371094,133.59300231933594,217.10699462890625,133.46600341796875
35.35,7.20957475099158e-07,0.0,1.6869144969788862e-14,7.900022948211974,102.54664953956244,93.01121116867313,209.20799255371094,133.59300231933594,217.10699462890625,133.46600341796875
35.4,1.0642100711840697e-06,0.0,1.6869144969788862e-14,7.900022948211974,102.54664953956244,93.01121116867313,209.20799255371094,133.59300231933594,217.10699462890625,133.46600341796875
35.45,1.407485817367836e-06,0.0,1.6869144969788862e-14,7.900022948211974,102.54664953956244,93.01121116867313,209.20799255371094,133.59300231933594,217.10699462890625,133.46600341796875
35.5,1.7507703777440471e-06,0.0,1.6869144969788862e-14,7.900022948211974,102.54664953956244,93.01121116867313,209.20799255371094,133.59300231933594,217.10699462890625,133.46600341796875
35.550000000000004,2.094059365612029e-06,0.0,1.6869144969788862e-14,7.900022948211974,102.54664953956244,93.01121116867313,209.20799255371094,133.59300231933594,217.10699462890625,133.46600341796875
35.6,2.0597455901263263e-07,0.0,1.6869144969788862e-14,7.900022948211974,102.54664953956244,93.01121116867313,209.20799255371094,133.59300231933594,217.10699462890625,133.46600341796875
35.65,5.492728966144543e-07,0.0,1.6869144969788862e-14,7.900022948211974,102.54664953956244,93.01121116867313,209.20799255371094,133.59300231933594,217.10699462890625,133.46600341796875
35.7,8.925707944104225e-07,0.0,1.6869144969788862e-14,7.900022948211974,102.54664953956244,93.01121116867313,209.20799255371094,133.59300231933594,217.10699462890625,133.46600341796875
35.75,1.0985358107995945e-06,0.0,1.6869144969788862e-14,7.900022948211974,102.54664953956244,93.01121116867313,209.20799255371094,133.59300231933594,217.10699462890625,133.46600341796875
35.800000000000004,1.27017092859516e-06,0.0,1.6869144969788862e-14,7.900022948211974,102.54664953956244,93.01121116867313,209.20799255371094,133.59300231933594,217.10699462890625,133.46600341796875
35.85,1.441811396358285e-06,0.0,1.6869144969788862e-14,7.900022948211974,102.54664953956244,93.01121116867313,209.20799255371094,133.59300231933594,217.10699462890625,133.46600341796875
35.9,1.6134554054119526e-06,0.0,1.6869144969788862e-14,7.900022948211974,102.54664953956244,93.01121116867313,209.20799255371094,133.59300231933594,217.10699462890625,133.46600341796875
35.95,1.7851021093539797e-06,0.0,1.6869144969788862e-14,7.900022948211974,102.54664953956244,93.01121116867313,209.20799255371094,133.59300231933594,217.10699462890625,133.46600341796875
36.0,3.432885023456663e-08,0.0,1.6869144969788862e-14,7.900022948211974,102.54664953956244,93.01121116867313,209.20799255371094,133.59300231933594,217.10699462890625,133.46600341796875
36.050000000000004,2.0598289369363103e-07,0.0,1.6869144969788862e-14,7.900022948211974,102.54664953956244,93.01121116867313,209.20799255371094,133.59300231933594,217.10699462890625,133.46600341796875
36.1,3.776412324542802e-07,0.0,1.6869144969788862e-14,7.900022948211974,102.54664953956244,93.01121116867313,209.20799255371094,133.59300231933594,217.10699462890625,133.46600341796875
36.15,6.522628122859243e-07,0.0,1.6869144969788862e-14,7.900022948211974,102.54664953956244,93.01121116867313,209.20799255371094,133.59300231933594,217.10699462890625,133.46600341796875
36.2,9.955385980230523e-07,0.0,1.6869144969788862e-14,7.900022948211974,102.54664953956244,93.01121116867313,209.20799255371094,133.59300231933594,217.10699462890625,133.46600341796875
36.25,1.338825723288175e-06,0.0,1.6869144969788862e-14,7.900022948211974,102.54664953956244,93.01121116867313,209.20799255371094,133.59300231933594,217.10699462890625,133.46600341796875
36.300000000000004,1.6821173739453408e-06,0.0,1.6869144969788862e-14,7.900022948211974,102.54664953956244,93.01121116867313,209.20799255371094,133.59300231933594,217.10699462890625,133.46600341796875
36.35,1.9224181572070493e-06,0.0,1.6869144969788862e-14,7.900022948211974,102.54664953956244,93.01121116867313,209.20799255371094,133.59300231933594,217.10699462890625,133.46600341796875
36.4,2.0940595398073307e-06,0.0,1.6869144969788862e-14,7.900022948211974,102.54664953956244,93.01121116867313,209.20799255371094,133.59300231933594,217.10699462890625,133.46600341796875
36.45,1.3732529003891729e-07,0.0,1.6869144969788862e-14,7.900022948211974,102.54664953956244,93.01121116867313,209.20799255371094,133.59300231933594,217.10699462890625,133.46600341796875
36.5,3.089824888159256e-07,0.0,1.6869144969788862e-14,7.900022948211974,102.54664953956244,93.01121116867313,209.20799255371094,133.59300231933594,217.10699462890625,133.46600341796875
36.550000000000004,6.179259090062695e-07,0.0,1.6869144969788862e-14,7.900022948211974,102.54664953956244,93.01121116867313,209.20799255371094,133.59300231933594,217.10699462890625,133.46600341796875
36.6,9.612073778783899e-07,0.0,1.6869144969788862e-14,7.900022948211974,102.54664953956244,93.01121116867313,209.20799255371094,133.59300231933594,217.10699462890625,133.46600341796875
36.65,1.304497502286987e-06,0.0,1.6869144969788862e-14,7.900022948211974,102.54664953956244,93.01121116867313,209.20799255371094,133.59300231933594,217.10699462890625,133.46600341796875
36.7,1.5448018022388044e-06,0.0,1.6869144969788862e-14,7.900022948211974,102.54664953956244,93.01121116867313,209.20799255371094,133.59300231933594,217.10699462890625,133.46600341796875
36.75,1.7164405131631702e-06,0.0,1.6869144969788862e-14,7.900022948211974,102.54664953956244,93.01121116867313,209.20799255371094,133.59300231933594,217.10699462890625,133.46600341796875
36.800000000000004,1.8880855838831772e-06,0.0,1.6869144969788862e-14,7.900022948211974,102.54664953956244,93.01121116867313,209.20799255371094,133.59300231933594,217.10699462890625,133.46600341796875
36.85,6.86595165821011e-08,0.0,1.6869144969788862e-14,7.900022948211974,102.54664953956244,93.01121116867313,209.20799255371094,133.59300231933594,217.10699462890625,133.46600341796875
36.9,2.7464228809461206e-07,0.0,1.6869144969788862e-14,7.900022948211974,102.54664953956244,93.01121116867313,209.20799255371094,133.59300231933594,217.10699462890625,133.46600341796875
36.95,6.179184332624538e-07,0.0,1.6869144969788862e-14,7.900022948211974,102.54664953956244,93.01121116867313,209.20799255371094,133.59300231933594,217.10699462890625,133.46600341796875
37.0,9.268804671715064e-07,0.0,1.6869144969788862e-14,7.900022948211974,102.54664953956244,93.01121116867313,209.20799255371094,133.59300231933594,217.10699462890625,133.46600341796875
37.050000000000004,1.0985220168742066e-06,0.0,1.6869144969788862e-14,7.900022948211974,102.54664953956244,93.01121116867313,209.20799255371094,133.59300231933594,217.10699462890625,133.46600341796875
37.1,1.270167730381911e-06,0.0,1.6869144969788862e-14,7.900022948211974,102.54664953956244,93.01121116867313,209.20799255371094,133.59300231933594,217.10699462890625,133.46600341796875
37.15,1.5448009847582474e-06,0.0,1.6869144969788862e-14,7.900022948211974,102.54664953956244,93.01121116867313,209.20799255371094,133.59300231933594,217.10699462890625,133.46600341796875
37.2,1.8880849274251888e-06,0.0,1.6869144969788862e-14,7.900022948211974,102.54664953956244,93.01121116867313,209.20799255371094,133.59300231933594,217.10699462890625,133.46600341796875
37.25,0.0,0.0,1.6869144969788862e-14,7.900022948211974,102.54664953956244,93.01121116867313,209.20799255371094,133.59300231933594,217.10699462890625,133.46600341796875
37.300000000000004,2.4030525571573067e-07,0.0,1.6869144969788862e-14,7.900022948211974,102.54664953956244,93.01121116867313,209.20799255371094,133.59300231933594,217.10699462890625,133.46600341796875
37.35,5.149332728117723e-07,0.0,1.6869144969788862e-14,7.900022948211974,102.54664953956244,93.01121116867313,209.20799255371094,133.59300231933594,217.10699462890625,133.46600341796875
37.4,7.552332152478874e-07,0.0,1.6869144969788862e-14,7.900022948211974,102.54664953956244,93.01121116867313,209.20799255371094,133.59300231933594,217.10699462890625,133.46600341796875
37.45,1.0298664065419126e-06,0.0,1.6869144969788862e-14,7.900022948211974,102.54664953956244,93.01121116867313,209.20799255371094,133.59300231933594,217.10699462890625,133.46600341796875
37.5,1.270166516026416e-06,0.0,1.6869144969788862e-14,7.900022948211974,102.54664953956244,93.01121116867313,209.20799255371094,133.59300231933594,217.10699462890625,133.46600341796875
37.550000000000004,1.4761406781712564e-06,0.0,1.6869144969788862e-14,7.900022948211974,102.54664953956244,93.01121116867313,209.20799255371094,133.59300231933594,217.10699462890625,133.46600341796875
37.6,1.7507700380926597e-06,0.0,1.6869144969788862e-14,7.900022948211974,102.54664953956244,93.01121116867313,209.20799255371094,133.59300231933594,217.10699462890625,133.46600341796875
37.65,1.9910736458979395e-06,0.0,1.6869144969788862e-14,7.900022948211974,102.54664953956244,93.01121116867313,209.20799255371094,133.59300231933594,217.10699462890625,133.46600341796875
37.7,1.3731555987461753e-07,0.0,1.6869144969788862e-14,7.900022948211974,102.54664953956244,93.01121116867313,209.20799255371094,133.59300231933594,217.10699462890625,133.46600341796875
37.75,4.119447623442227e-07,0.0,1.6869144969788862e-14,7.900022948211974,102.54664953956244,93.01121116867313,209.20799255371094,133.59300231933594,217.10699462890625,133.46600341796875
37.800000000000004,6.522482011532145e-07,0.0,1.6869144969788862e-14,7.900022948211974,102.54664953956244,93.01121116867313,209.20799255371094,133.59300231933594,217.10699462890625,133.46600341796875
37.85,8.925516458778906e-07,0.0,1.6869144969788862e-14,7.900022948211974,102.54664953956244,93.01121116867313,209.20799255371094,133.59300231933594,217.10699462890625,133.46600341796875
37.9,1.1328515651617515e-06,0.0,1.6869144969788862e-14,7.900022948211974,102.54664953956244,93.01121116867313,209.20799255371094,133.59300231933594,217.10699462890625,133.46600341796875
37.95,1.3731551909477457e-06,0.0,1.6869144969788862e-14,7.900022948211974,102.54664953956244,93.01121116867313,209.20799255371094,133.59300231933594,217.10699462890625,133.46600341796875
38.0,1.6477848094195568e-06,0.0,1.6869144969788862e-14,7.900022948211974,102.54664953956244,93.01121116867313,209.20799255371094,133.59300231933594,217.10699462890625,133.46600341796875
38.050000000000004,1.8880850398739925e-06,0.0,1.6869144969788862e-14,7.900022948211974,102.54664953956244,93.01121116867313,209.20799255371094,133.59300231933594,217.10699462890625,133.46600341796875
38.1,6.865783360409759e-08,0.0,1.6869144969788862e-14,7.900022948211974,102.54664953956244,93.01121116867313,209.20799255371094,133.59300231933594,217.10699462890625,133.46600341796875
38.15,3.0895973565983345e-07,0.0,1.6869144969788862e-14,7.900022948211974,102.54664953956244,93.01121116867313,209.20799255371094,133.59300231933594,217.10699462890625,133.46600341796875
38.2,5.492631006190671e-07,0.0,1.6869144969788862e-14,7.900022948211974,102.54664953956244,93.01121116867313,209.20799255371094,133.59300231933594,217.10699462890625,133.46600341796875
38.25,7.895628037067335e-07,0.0,1.6869144969788862e-14,7.900022948211974,102.54664953956244,93.01121116867313,209.20799255371094,133.59300231933594,217.10699462890625,133.46600341796875
38.300000000000004,1.0641924447241122e-06,0.0,1.6869144969788862e-14,7.900022948211974,102.54664953956244,93.01121116867313,209.20799255371094,133.59300231933594,217.10699462890625,133.46600341796875
38.35,1.2701665883564288e-06,0.0,1.6869144969788862e-14,7.900022948211974,102.54664953956244,93.01121116867313,209.20799255371094,133.59300231933594,217.10699462890625,133.46600341796875
38.400000000000006,1.5447995929941666e-06,0.0,1.6869144969788862e-14,7.900022948211974,102.54664953956244,93.01121116867313,209.20799255371094,133.59300231933594,217.10699462890625,133.46600341796875
38.45,1.8194291964140565e-06,0.0,1.6869144969788862e-14,7.900022948211974,102.54664953956244,93.01121116867313,209.20799255371094,133.59300231933594,217.10699462890625,133.46600341796875
38.5,2.059729146237341e-06,0.0,1.6869144969788862e-14,7.900022948211974,102.54664953956244,93.01121116867313,209.20799255371094,133.59300231933594,217.10699462890625,133.46600341796875
38.550000000000004,2.059729814630942e-07,0.0,1.6869144969788862e-14,7.900022948211974,102.54664953956244,93.01121116867313,209.20799255371094,133.59300231933594,217.10699462890625,133.46600341796875
38.6,4.806036212614631e-07,0.0,1.6869144969788862e-14,7.900022948211974,102.54664953956244,93.01121116867313,209.20799255371094,133.59300231933594,217.10699462890625,133.46600341796875
38.650000000000006,6.865785783434191e-07,0.0,1.6869144969788862e-14,7.900022948211974,102.54664953956244,93.01121116867313,209.20799255371094,133.59300231933594,217.10699462890625,133.46600341796875
38.7,9.612072696966814e-07,0.0,1.6869144969788862e-14,7.900022948211974,102.54664953956244,93.01121116867313,209.20799255371094,133.59300231933594,217.10699462890625,133.46600341796875
38.75,1.2015111649252271e-06,0.0,1.6869144969788862e-14,7.900022948211974,102.54664953956244,93.01121116867313,209.20799255371094,133.59300231933594,217.10699462890625,133.46600341796875
38.800000000000004,1.4418108721685523e-06,0.0,1.6869144969788862e-14,7.900022948211974,102.54664953956244,93.01121116867313,209.20799255371094,133.59300231933594,217.10699462890625,133.46600341796875
38.85,1.7164404939302665e-06,0.0,1.6869144969788862e-14,7.900022948211974,102.54664953956244,93.01121116867313,209.20799255371094,133.59300231933594,217.10699462890625,133.46600341796875
38.900000000000006,1.9567440981119645e-06,0.0,1.6869144969788862e-14,7.900022948211974,102.54664953956244,93.01121116867313,209.20799255371094,133.59300231933594,217.10699462890625,133.46600341796875
38.95,1.0298726409344426e-07,0.0,1.6869144969788862e-14,7.900022948211974,102.54664953956244,93.01121116867313,209.20799255371094,133.59300231933594,217.10699462890625,133.46600341796875
39.0,3.7761847754186545e-07,0.0,1.6869144969788862e-14,7.900022948211974,102.54664953956244,93.01121116867313,209.20799255371094,133.59300231933594,217.10699462890625,133.46600341796875
39.050000000000004,5.835896027309077e-07,0.0,1.6869144969788862e-14,7.900022948211974,102.54664953956244,93.01121116867313,209.20799255371094,133.59300231933594,217.10699462890625,133.46600341796875
39.1,8.582221065883052e-07,0.0,1.6869144969788862e-14,7.900022948211974,102.54664953956244,93.01121116867313,209.20799255371094,133.59300231933594,217.10699462890625,133.46600341796875
39.150000000000006,1.1328515626262771e-06,0.0,1.6869144969788862e-14,7.900022948211974,102.54664953956244,93.01121116867313,209.20799255371094,133.59300231933594,217.10699462890625,133.46600341796875
39.2,1.3731551963567368e-06,0.0,1.6869144969788862e-14,7.900022948211974,102.54664953956244,93.01121116867313,209.20799255371094,133.59300231933594,217.10699462890625,133.46600341796875
39.25,1.6134551754161194e-06,0.0,1.6869144969788862e-14,7.900022948211974,102.54664953956244,93.01121116867313,209.20799255371094,133.59300231933594,217.10699462890625,133.46600341796875
39.300000000000004,1.8537588171265636e-06,0.0,1.6869144969788862e-14,7.900022948211974,102.54664953956244,93.01121116867313,209.20799255371094,133.59300231933594,217.10699462890625,133.46600341796875
39.35,0.0,0.0,1.6869144969788862e-14,7.900022948211974,102.54664953956244,93.01121116867313,209.20799255371094,133.59300231933594,217.10699462890625,133.46600341796875
39.400000000000006,2.4030199798970743e-07,0.0,1.6869144969788862e-14,7.900022948211974,102.54664953956244,93.01121116867313,209.20799255371094,133.59300231933594,217.10699462890625,133.46600341796875
39.45,5.149333658141581e-07,0.0,1.6869144969788862e-14,7.900022948211974,102.54664953956244,93.01121116867313,209.20799255371094,133.59300231933594,217.10699462890625,133.46600341796875
39.5,7.89562801598375e-07,0.0,1.6869144969788862e-14,7.900022948211974,102.54664953956244,93.01121116867313,209.20799255371094,133.59300231933594,217.10699462890625,133.46600341796875
39.550000000000004,9.955374998112727e-07,0.0,1.6869144969788862e-14,7.900022948211974,102.54664953956244,93.01121116867313,209.20799255371094,133.59300231933594,217.10699462890625,133.46600341796875
39.6,1.2701665501515597e-06,0.0,1.6869144969788862e-14,7.900022948211974,102.54664953956244,93.01121116867313,209.20799255371094,133.59300231933594,217.10699462890625,133.46600341796875
39.650000000000006,1.5104700774170656e-06,0.0,1.6869144969788862e-14,7.900022948211974,102.54664953956244,93.01121116867313,209.20799255371094,133.59300231933594,217.10699462890625,133.46600341796875
39.7,1.7850996231204075e-06,0.0,1.6869144969788862e-14,7.900022948211974,102.54664953956244,93.01121116867313,209.20799255371094,133.59300231933594,217.10699462890625,133.46600341796875
39.75,2.025403209522949e-06,0.0,1.6869144969788862e-14,7.900022948211974,102.54664953956244,93.01121116867313,209.20799255371094,133.59300231933594,217.10699462890625,133.46600341796875
39.800000000000004,1.716440921840887e-07,0.0,1.6869144969788862e-14,7.900022948211974,102.54664953956244,93.01121116867313,209.20799255371094,133.59300231933594,217.10699462890625,133.46600341796875
39.85,4.1194472281529203e-07,0.0,1.6869144969788862e-14,7.900022948211974,102.54664953956244,93.01121116867313,209.20799255371094,133.59300231933594,217.10699462890625,133.46600341796875
39.900000000000006,6.522484702653081e-07,0.0,1.6869144969788862e-14,7.900022948211974,102.54664953956244,93.01121116867313,209.20799255371094,133.59300231933594,217.10699462890625,133.46600341796875
39.95,8.925516961284935e-07,0.0,1.6869144969788862e-14,7.900022948211974,102.54664953956244,93.01121116867313,209.20799255371094,133.59300231933594,217.10699462890625,133.46600341796875
40.0,1.1671813189563637e-06,0.0,1.6869144969788862e-14,7.900022948211974,102.54664953956244,93.01121116867313,209.20799255371094,133.59300231933594,217.10699462890625,133.46600341796875
40.050000000000004,1.40748137911637e-06,0.0,1.6869144969788862e-14,7.900022948211974,102.54664953956244,93.01121116867313,209.20799255371094,133.59300231933594,217.10699462890625,133.46600341796875
40.1,1.6821144734364511e-06,0.0,1.6869144969788862e-14,7.900022948211974,102.54664953956244,93.01121116867313,209.20799255371094,133.59300231933594,217.10699462890625,133.46600341796875
40.150000000000006,1.8880848795057226e-06,0.0,1.6869144969788862e-14,7.900022948211974,102.54664953956244,93.01121116867313,209.20799255371094,133.59300231933594,217.10699462890625,133.46600341796875
40.2,6.865783360409759e-08,0.0,1.6869144969788862e-14,7.900022948211974,102.54664953956244,93.01121116867313,209.20799255371094,133.59300231933594,217.10699462890625,133.46600341796875
40.25,2.746308247447118e-07,0.0,1.6869144969788862e-14,7.900022948211974,102.54664953956244,93.01121116867313,209.20799255371094,133.59300231933594,217.10699462890625,133.46600341796875
40.300000000000004,5.49262892456806e-07,0.0,1.6869144969788862e-14,7.900022948211974,102.54664953956244,93.01121116867313,209.20799255371094,133.59300231933594,217.10699462890625,133.46600341796875
40.35,8.238924150827318e-07,0.0,1.6869144969788862e-14,7.900022948211974,102.54664953956244,93.01121116867313,209.20799255371094,133.59300231933594,217.10699462890625,133.46600341796875
40.400000000000006,1.029866859666685e-06,0.0,1.6869144969788862e-14,7.900022948211974,102.54664953956244,93.01121116867313,209.20799255371094,133.59300231933594,217.10699462890625,133.46600341796875
40.45,1.304496055140992e-06,0.0,1.6869144969788862e-14,7.900022948211974,102.54664953956244,93.01121116867313,209.20799255371094,133.59300231933594,217.10699462890625,133.46600341796875
40.5,1.5447995909263997e-06,0.0,1.6869144969788862e-14,7.900022948211974,102.54664953956244,93.01121116867313,209.20799255371094,133.59300231933594,217.10699462890625,133.46600341796875
40.550000000000004,1.8194291953740883e-06,0.0,1.6869144969788862e-14,7.900022948211974,102.54664953956244,93.01121116867313,209.20799255371094,133.59300231933594,217.10699462890625,133.46600341796875
40.6,2.0597291689655755e-06,0.0,1.6869144969788862e-14,7.900022948211974,102.54664953956244,93.01121116867313,209.20799255371094,133.59300231933594,217.10699462890625,133.46600341796875
40.650000000000006,2.059737764042551e-07,0.0,1.6869144969788862e-14,7.900022948211974,102.54664953956244,93.01121116867313,209.20799255371094,133.59300231933594,217.10699462890625,133.46600341796875
40.7,4.462740299595905e-07,0.0,1.6869144969788862e-14,7.900022948211974,102.54664953956244,93.01121116867313,209.20799255371094,133.59300231933594,217.10699462890625,133.46600341796875
40.75,7.209074220081551e-07,0.0,1.6869144969788862e-14,7.900022948211974,102.54664953956244,93.01121116867313,209.20799255371094,133.59300231933594,217.10699462890625,133.46600341796875
40.800000000000004,9.268776547707633e-07,0.0,1.6869144969788862e-14,7.900022948211974,102.54664953956244,93.01121116867313,209.20799255371094,133.59300231933594,217.10699462890625,133.46600341796875
40.85,1.201510836820292e-06,0.0,1.6869144969788862e-14,7.900022948211974,102.54664953956244,93.01121116867313,209.20799255371094,133.59300231933594,217.10699462890625,133.46600341796875
40.900000000000006,1.476140492825482e-06,0.0,1.6869144969788862e-14,7.900022948211974,102.54664953956244,93.01121116867313,209.20799255371094,133.59300231933594,217.10699462890625,133.46600341796875
40.95,1.7164404436769952e-06,0.0,1.6869144969788862e-14,7.900022948211974,102.54664953956244,93.01121116867313,209.20799255371094,133.59300231933594,217.10699462890625,133.46600341796875
41.0,1.956744116229239e-06,0.0,1.6869144969788862e-14,7.900022948211974,102.54664953956244,93.01121116867313,209.20799255371094,133.59300231933594,217.10699462890625,133.46600341796875
41.050000000000004,1.0298726409344426e-07,0.0,1.6869144969788862e-14,7.900022948211974,102.54664953956244,93.01121116867313,209.20799255371094,133.59300231933594,217.10699462890625,133.46600341796875
41.1,3.7761847754186545e-07,0.0,1.6869144969788862e-14,7.900022948211974,102.54664953956244,93.01121116867313,209.20799255371094,133.59300231933594,217.10699462890625,133.46600341796875
41.150000000000006,5.835896027309077e-07,0.0,1.6869144969788862e-14,7.900022948211974,102.54664953956244,93.01121116867313,209.20799255371094,133.59300231933594,217.10699462890625,133.46600341796875
41.2,8.582221065883052e-07,0.0,1.6869144969788862e-14,7.900022948211974,102.54664953956244,93.01121116867313,209.20799255371094,133.59300231933594,217.10699462890625,133.46600341796875
41.25,1.0985219777763859e-06,0.0,1.6869144969788862e-14,7.900022948211974,102.54664953956244,93.01121116867313,209.20799255371094,133.59300231933594,217.10699462890625,133.46600341796875
41.300000000000004,1.3731551650895235e-06,0.0,1.6869144969788862e-14,7.900022948211974,102.54664953956244,93.01121116867313,209.20799255371094,133.59300231933594,217.10699462890625,133.46600341796875
41.35,1.6134552571125037e-06,0.0,1.6869144969788862e-14,7.900022948211974,102.54664953956244,93.01121116867313,209.20799255371094,133.59300231933594,217.10699462890625,133.46600341796875
41.400000000000006,1.8194293948228326e-06,0.0,1.6869144969788862e-14,7.900022948211974,102.54664953956244,93.01121116867313,209.20799255371094,133.59300231933594,217.10699462890625,133.46600341796875
41.45,0.0,0.0,1.6869144969788862e-14,7.900022948211974,102.54664953956244,93.01121116867313,209.20799255371094,133.59300231933594,217.10699462890625,133.46600341796875
41.5,2.7463122376352334e-07,0.0,1.6869144969788862e-14,7.900022948211974,102.54664953956244,93.01121116867313,209.20799255371094,133.59300231933594,217.10699462890625,133.46600341796875
41.550000000000004,4.806055512293575e-07,0.0,1.6869144969788862e-14,7.900022948211974,102.54664953956244,93.01121116867313,209.20799255371094,133.59300231933594,217.10699462890625,133.46600341796875
41.6,7.552332190504754e-07,0.0,1.6869144969788862e-14,7.900022948211974,102.54664953956244,93.01121116867313,209.20799255371094,133.59300231933594,217.10699462890625,133.46600341796875
41.650000000000006,1.0298664065411892e-06,0.0,1.6869144969788862e-14,7.900022948211974,102.54664953956244,93.01121116867313,209.20799255371094,133.59300231933594,217.10699462890625,133.46600341796875
41.7,1.270166516026416e-06,0.0,1.6869144969788862e-14,7.900022948211974,102.54664953956244,93.01121116867313,209.20799255371094,133.59300231933594,217.10699462890625,133.46600341796875
41.75,1.5104702134965185e-06,0.0,1.6869144969788862e-14,7.900022948211974,102.54664953956244,93.01121116867313,209.20799255371094,133.59300231933594,217.10699462890625,133.46600341796875
41.800000000000004,1.7507700710545064e-06,0.0,1.6869144969788862e-14,7.900022948211974,102.54664953956244,93.01121116867313,209.20799255371094,133.59300231933594,217.10699462890625,133.46600341796875
41.85,2.0254034677158035e-06,0.0,1.6869144969788862e-14,7.900022948211974,102.54664953956244,93.01121116867313,209.20799255371094,133.59300231933594,217.10699462890625,133.46600341796875
41.900000000000006,1.0299210065810892e-07,0.0,1.6869144969788862e-14,7.900022948211974,102.54664953956244,93.01121116867313,209.20799255371094,133.59300231933594,217.10699462890625,133.46600341796875
41.95,4.119445410896905e-07,0.0,1.6869144969788862e-14,7.900022948211974,102.54664953956244,93.01121116867313,209.20799255371094,133.59300231933594,217.10699462890625,133.46600341796875
42.0,6.522480618569403e-07,0.0,1.6869144969788862e-14,7.900022948211974,102.54664953956244,93.01121116867313,209.20799255371094,133.59300231933594,217.10699462890625,133.46600341796875
42.050000000000004,8.925521009653964e-07,0.0,1.6869144969788862e-14,7.900022948211974,102.54664953956244,93.01121116867313,209.20799255371094,133.59300231933594,217.10699462890625,133.46600341796875
42.1,1.132851596242545e-06,0.0,1.6869144969788862e-14,7.900022948211974,102.54664953956244,93.01121116867313,209.20799255371094,133.59300231933594,217.10699462890625,133.46600341796875
42.150000000000006,1.4074812206035749e-06,0.0,1.6869144969788862e-14,7.900022948211974,102.54664953956244,93.01121116867313,209.20799255371094,133.59300231933594,217.10699462890625,133.46600341796875
42.2,1.6477847630671428e-06,0.0,1.6869144969788862e-14,7.900022948211974,102.54664953956244,93.01121116867313,209.20799255371094,133.59300231933594,217.10699462890625,133.46600341796875
42.25,1.8537587881159139e-06,0.0,1.6869144969788862e-14,7.900022948211974,102.54664953956244,93.01121116867313,209.20799255371094,133.59300231933594,217.10699462890625,133.46600341796875
42.300000000000004,3.432885023456663e-08,0.0,1.6869144969788862e-14,7.900022948211974,102.54664953956244,93.01121116867313,209.20799255371094,133.59300231933594,217.10699462890625,133.46600341796875
42.35,3.0895959414901596e-07,0.0,1.6869144969788862e-14,7.900022948211974,102.54664953956244,93.01121116867313,209.20799255371094,133.59300231933594,217.10699462890625,133.46600341796875
42.400000000000006,5.492628937582419e-07,0.0,1.6869144969788862e-14,7.900022948211974,102.54664953956244,93.01121116867313,209.20799255371094,133.59300231933594,217.10699462890625,133.46600341796875
42.45,7.895628125421214e-07,0.0,1.6869144969788862e-14,7.900022948211974,102.54664953956244,93.01121116867313,209.20799255371094,133.59300231933594,217.10699462890625,133.46600341796875
42.5,1.0298663939531099e-06,0.0,1.6869144969788862e-14,7.900022948211974,102.54664953956244,93.01121116867313,209.20799255371094,133.59300231933594,217.10699462890625,133.46600341796875
42.550000000000004,1.3044959937644902e-06,0.0,1.6869144969788862e-14,7.900022948211974,102.54664953956244,93.01121116867313,209.20799255371094,133.59300231933594,217.10699462890625,133.46600341796875
42.6,1.544799677085449e-06,0.0,1.6869144969788862e-14,7.900022948211974,102.54664953956244,93.01121116867313,209.20799255371094,133.59300231933594,217.10699462890625,133.46600341796875
42.650000000000006,1.7850997804451858e-06,0.0,1.6869144969788862e-14,7.900022948211974,102.54664953956244,93.01121116867313,209.20799255371094,133.59300231933594,217.10699462890625,133.46600341796875
42.7,2.0254032275022555e-06,0.0,1.6869144969788862e-14,7.900022948211974,102.54664953956244,93.01121116867313,209.20799255371094,133.59300231933594,217.10699462890625,133.46600341796875
42.75,2.059737764042551e-07,0.0,1.6869144969788862e-14,7.900022948211974,102.54664953956244,93.01121116867313,209.20799255371094,133.59300231933594,217.10699462890625,133.46600341796875
42.800000000000004,4.462740299595905e-07,0.0,1.6869144969788862e-14,7.900022948211974,102.54664953956244,93.01121116867313,209.20799255371094,133.59300231933594,217.10699462890625,133.46600341796875
42.85,7.209074220081551e-07,0.0,1.6869144969788862e-14,7.900022948211974,102.54664953956244,93.01121116867313,209.20799255371094,133.59300231933594,217.10699462890625,133.46600341796875
42.900000000000006,9.268786508057674e-07,0.0,1.6869144969788862e-14,7.900022948211974,102.54664953956244,93.01121116867313,209.20799255371094,133.59300231933594,217.10699462890625,133.46600341796875
42.95,1.2015108302804231e-06,0.0,1.6869144969788862e-14,7.900022948211974,102.54664953956244,93.01121116867313,209.20799255371094,133.59300231933594,217.10699462890625,133.46600341796875
43.0,1.4761404348032673e-06,0.0,1.6869144969788862e-14,7.900022948211974,102.54664953956244,93.01121116867313,209.20799255371094,133.59300231933594,217.10699462890625,133.46600341796875
43.050000000000004,1.7164405206932116e-06,0.0,1.6869144969788862e-14,7.900022948211974,102.54664953956244,93.01121116867313,209.20799255371094,133.59300231933594,217.10699462890625,133.46600341796875
43.1,1.9224146517178743e-06,0.0,1.6869144969788862e-14,7.900022948211974,102.54664953956244,93.01121116867313,209.20799255371094,133.59300231933594,217.10699462890625,133.46600341796875
43.150000000000006,1.0298746024930093e-07,0.0,1.6869144969788862e-14,7.900022948211974,102.54664953956244,93.01121116867313,209.20799255371094,133.59300231933594,217.10699462890625,133.46600341796875
43.2,3.432893334391371e-07,0.0,1.6869144969788862e-14,7.900022948211974,102.54664953956244,93.01121116867313,209.20799255371094,133.59300231933594,217.10699462890625,133.46600341796875
43.25,5.835888518024719e-07,0.0,1.6869144969788862e-14,7.900022948211974,102.54664953956244,93.01121116867313,209.20799255371094,133.59300231933594,217.10699462890625,133.46600341796875
43.300000000000004,8.582221727405662e-07,0.0,1.6869144969788862e-14,7.900022948211974,102.54664953956244,93.01121116867313,209.20799255371094,133.59300231933594,217.10699462890625,133.46600341796875
43.35,1.0298664100006253e-06,0.0,1.6869144969788862e-14,7.900022948211974,102.54664953956244,93.01121116867313,209.20799255371094,133.59300231933594,217.10699462890625,133.46600341796875
43.400000000000006,1.304496272010471e-06,0.0,1.6869144969788862e-14,7.900022948211974,102.54664953956244,93.01121116867313,209.20799255371094,133.59300231933594,217.10699462890625,133.46600341796875
43.45,1.5791263079398236e-06,0.0,1.6869144969788862e-14,7.900022948211974,102.54664953956244,93.01121116867313,209.20799255371094,133.59300231933594,217.10699462890625,133.46600341796875
43.5,1.785099659405632e-06,0.0,1.6869144969788862e-14,7.900022948211974,102.54664953956244,93.01121116867313,209.20799255371094,133.59300231933594,217.10699462890625,133.46600341796875
43.550000000000004,0.0,0.0,1.6869144969788862e-14,7.900022948211974,102.54664953956244,93.01121116867313,209.20799255371094,133.59300231933594,217.10699462890625,133.46600341796875
43.6,2.7463088609004606e-07,0.0,1.6869144969788862e-14,7.900022948211974,102.54664953956244,93.01121116867313,209.20799255371094,133.59300231933594,217.10699462890625,133.46600341796875
43.650000000000006,5.149335388014133e-07,0.0,1.6869144969788862e-14,7.900022948211974,102.54664953956244,93.01121116867313,209.20799255371094,133.59300231933594,217.10699462890625,133.46600341796875
43.7,7.552332433174158e-07,0.0,1.6869144969788862e-14,7.900022948211974,102.54664953956244,93.01121116867313,209.20799255371094,133.59300231933594,217.10699462890625,133.46600341796875
43.75,9.95536857398897e-07,0.0,1.6869144969788862e-14,7.900022948211974,102.54664953956244,93.01121116867313,209.20799255371094,133.59300231933594,217.10699462890625,133.46600341796875
43.800000000000004,1.2701665161274944e-06,0.0,1.6869144969788862e-14,7.900022948211974,102.54664953956244,93.01121116867313,209.20799255371094,133.59300231933594,217.10699462890625,133.46600341796875
43.85,1.4761406781712564e-06,0.0,1.6869144969788862e-14,7.900022948211974,102.54664953956244,93.01121116867313,209.20799255371094,133.59300231933594,217.10699462890625,133.46600341796875
43.900000000000006,1.7507700380926597e-06,0.0,1.6869144969788862e-14,7.900022948211974,102.54664953956244,93.01121116867313,209.20799255371094,133.59300231933594,217.10699462890625,133.46600341796875
43.95,1.9910736458979395e-06,0.0,1.6869144969788862e-14,7.900022948211974,102.54664953956244,93.01121116867313,209.20799255371094,133.59300231933594,217.10699462890625,133.46600341796875
44.0,1.3731555987461753e-07,0.0,1.6869144969788862e-14,7.900022948211974,102.54664953956244,93.01121116867313,209.20799255371094,133.59300231933594,217.10699462890625,133.46600341796875
44.050000000000004,4.119447623442227e-07,0.0,1.6869144969788862e-14,7.900022948211974,102.54664953956244,93.01121116867313,209.20799255371094,133.59300231933594,217.10699462890625,133.46600341796875
44.1,6.522482011532145e-07,0.0,1.6869144969788862e-14,7.900022948211974,102.54664953956244,93.01121116867313,209.20799255371094,133.59300231933594,217.10699462890625,133.46600341796875
44.150000000000006,8.925519916591744e-07,0.0,1.6869144969788862e-14,7.900022948211974,102.54664953956244,93.01121116867313,209.20799255371094,133.59300231933594,217.10699462890625,133.46600341796875
44.2,1.1671812901498146e-06,0.0,1.6869144969788862e-14,7.900022948211974,102.54664953956244,93.01121116867313,209.20799255371094,133.59300231933594,217.10699462890625,133.46600341796875
44.25,1.4074811690404954e-06,0.0,1.6869144969788862e-14,7.900022948211974,102.54664953956244,93.01121116867313,209.20799255371094,133.59300231933594,217.10699462890625,133.46600341796875
44.300000000000004,1.6477847574108984e-06,0.0,1.6869144969788862e-14,7.900022948211974,102.54664953956244,93.01121116867313,209.20799255371094,133.59300231933594,217.10699462890625,133.46600341796875
44.35,1.8880848875340095e-06,0.0,1.6869144969788862e-14,7.900022948211974,102.54664953956244,93.01121116867313,209.20799255371094,133.59300231933594,217.10699462890625,133.46600341796875
44.400000000000006,3.432885023456663e-08,0.0,1.6869144969788862e-14,7.900022948211974,102.54664953956244,93.01121116867313,209.20799255371094,133.59300231933594,217.10699462890625,133.46600341796875
44.45,3.0896044758447387e-07,0.0,1.6869144969788862e-14,7.900022948211974,102.54664953956244,93.01121116867313,209.20799255371094,133.59300231933594,217.10699462890625,133.46600341796875
44.5,5.149345346175374e-07,0.0,1.6869144969788862e-14,7.900022948211974,102.54664953956244,93.01121116867313,209.20799255371094,133.59300231933594,217.10699462890625,133.46600341796875
44.550000000000004,7.895628437937901e-07,0.0,1.6869144969788862e-14,7.900022948211974,102.54664953956244,93.01121116867313,209.20799255371094,133.59300231933594,217.10699462890625,133.46600341796875
44.6,1.0298663939531849e-06,0.0,1.6869144969788862e-14,7.900022948211974,102.54664953956244,93.01121116867313,209.20799255371094,133.59300231933594,217.10699462890625,133.46600341796875
44.650000000000006,1.2701664152736467e-06,0.0,1.6869144969788862e-14,7.900022948211974,102.54664953956244,93.01121116867313,209.20799255371094,133.59300231933594,217.10699462890625,133.46600341796875
44.7,1.5447996248990888e-06,0.0,1.6869144969788862e-14,7.900022948211974,102.54664953956244,93.01121116867313,209.20799255371094,133.59300231933594,217.10699462890625,133.46600341796875
44.75,1.750770154028928e-06,0.0,1.6869144969788862e-14,7.900022948211974,102.54664953956244,93.01121116867313,209.20799255371094,133.59300231933594,217.10699462890625,133.46600341796875
44.800000000000004,2.0254032069423755e-06,0.0,1.6869144969788862e-14,7.900022948211974,102.54664953956244,93.01121116867313,209.20799255371094,133.59300231933594,217.10699462890625,133.46600341796875
44.85,2.059741370508983e-07,0.0,1.6869144969788862e-14,7.900022948211974,102.54664953956244,93.01121116867313,209.20799255371094,133.59300231933594,217.10699462890625,133.46600341796875
44.900000000000006,4.4627399118482016e-07,0.0,1.6869144969788862e-14,7.900022948211974,102.54664953956244,93.01121116867313,209.20799255371094,133.59300231933594,217.10699462890625,133.46600341796875
44.95,7.20907293342484e-07,0.0,1.6869144969788862e-14,7.900022948211974,102.54664953956244,93.01121116867313,209.20799255371094,133.59300231933594,217.10699462890625,133.46600341796875
45.0,9.268778895837274e-07,0.0,1.6869144969788862e-14,7.900022948211974,102.54664953956244,93.01121116867313,209.20799255371094,133.59300231933594,217.10699462890625,133.46600341796875
45.050000000000004,1.2015108276107159e-06,0.0,1.6869144969788862e-14,7.900022948211974,102.54664953956244,93.01121116867313,209.20799255371094,133.59300231933594,217.10699462890625,133.46600341796875
45.1,1.4761404348065446e-06,0.0,1.6869144969788862e-14,7.900022948211974,102.54664953956244,93.01121116867313,209.20799255371094,133.59300231933594,217.10699462890625,133.46600341796875
45.150000000000006,1.7164405207018742e-06,0.0,1.6869144969788862e-14,7.900022948211974,102.54664953956244,93.01121116867313,209.20799255371094,133.59300231933594,217.10699462890625,133.46600341796875
45.2,1.9567441988164282e-06,0.0,1.6869144969788862e-14,7.900022948211974,102.54664953956244,93.01121116867313,209.20799255371094,133.59300231933594,217.10699462890625,133.46600341796875
45.25,6.86595165821011e-08,0.0,1.6869144969788862e-14,7.900022948211974,102.54664953956244,93.01121116867313,209.20799255371094,133.59300231933594,217.10699462890625,133.46600341796875
45.300000000000004,3.432885413454888e-07,0.0,1.6869144969788862e-14,7.900022948211974,102.54664953956244,93.01121116867313,209.20799255371094,133.59300231933594,217.10699462890625,133.46600341796875
45.35,6.179184177438758e-07,0.0,1.6869144969788862e-14,7.900022948211974,102.54664953956244,93.01121116867313,209.20799255371094,133.59300231933594,217.10699462890625,133.46600341796875
45.400000000000006,8.58222073423447e-07,0.0,1.6869144969788862e-14,7.900022948211974,102.54664953956244,93.01121116867313,209.20799255371094,133.59300231933594,217.10699462890625,133.46600341796875
45.45,1.098521989771163e-06,0.0,1.6869144969788862e-14,7.900022948211974,102.54664953956244,93.01121116867313,209.20799255371094,133.59300231933594,217.10699462890625,133.46600341796875
45.5,1.373155159945879e-06,0.0,1.6869144969788862e-14,7.900022948211974,102.54664953956244,93.01121116867313,209.20799255371094,133.59300231933594,217.10699462890625,133.46600341796875
45.550000000000004,1.5791260264435115e-06,0.0,1.6869144969788862e-14,7.900022948211974,102.54664953956244,93.01121116867313,209.20799255371094,133.59300231933594,217.10699462890625,133.46600341796875
45.6,1.8537587931886487e-06,0.0,1.6869144969788862e-14,7.900022948211974,102.54664953956244,93.01121116867313,209.20799255371094,133.59300231933594,217.10699462890625,133.46600341796875
45.650000000000006,0.0,0.0,1.6869144969788862e-14,7.900022948211974,102.54664953956244,93.01121116867313,209.20799255371094,133.59300231933594,217.10699462890625,133.46600341796875
45.7,2.4030198770999637e-07,0.0,1.6869144969788862e-14,7.900022948211974,102.54664953956244,93.01121116867313,209.20799255371094,133.59300231933594,217.10699462890625,133.46600341796875
45.75,5.14933222515573e-07,0.0,1.6869144969788862e-14,7.900022948211974,102.54664953956244,93.01121116867313,209.20799255371094,133.59300231933594,217.10699462890625,133.46600341796875
45.800000000000004,7.895630410197845e-07,0.0,1.6869144969788862e-14,7.900022948211974,102.54664953956244,93.01121116867313,209.20799255371094,133.59300231933594,217.10699462890625,133.46600341796875
45.85,9.955369925742843e-07,0.0,1.6869144969788862e-14,7.900022948211974,102.54664953956244,93.01121116867313,209.20799255371094,133.59300231933594,217.10699462890625,133.46600341796875
45.900000000000006,1.2701664109111568e-06,0.0,1.6869144969788862e-14,7.900022948211974,102.54664953956244,93.01121116867313,209.20799255371094,133.59300231933594,217.10699462890625,133.46600341796875
45.95,1.5104700526179247e-06,0.0,1.6869144969788862e-14,7.900022948211974,102.54664953956244,93.01121116867313,209.20799255371094,133.59300231933594,217.10699462890625,133.46600341796875
46.0,1.750770046578486e-06,0.0,1.6869144969788862e-14,7.900022948211974,102.54664953956244,93.01121116867313,209.20799255371094,133.59300231933594,217.10699462890625,133.46600341796875
46.050000000000004,2.0254032113422784e-06,0.0,1.6869144969788862e-14,7.900022948211974,102.54664953956244,93.01121116867313,209.20799255371094,133.59300231933594,217.10699462890625,133.46600341796875
46.1,1.716440921840887e-07,0.0,1.6869144969788862e-14,7.900022948211974,102.54664953956244,93.01121116867313,209.20799255371094,133.59300231933594,217.10699462890625,133.46600341796875
46.150000000000006,4.119447228152921e-07,0.0,1.6869144969788862e-14,7.900022948211974,102.54664953956244,93.01121116867313,209.20799255371094,133.59300231933594,217.10699462890625,133.46600341796875
46.2,6.522484702653081e-07,0.0,1.6869144969788862e-14,7.900022948211974,102.54664953956244,93.01121116867313,209.20799255371094,133.59300231933594,217.10699462890625,133.46600341796875
46.25,9.268776744842292e-07,0.0,1.6869144969788862e-14,7.900022948211974,102.54664953956244,93.01121116867313,209.20799255371094,133.59300231933594,217.10699462890625,133.46600341796875
46.300000000000004,1.167181459791558e-06,0.0,1.6869144969788862e-14,7.900022948211974,102.54664953956244,93.01121116867313,209.20799255371094,133.59300231933594,217.10699462890625,133.46600341796875
46.35,1.4074811622362973e-06,0.0,1.6869144969788862e-14,7.900022948211974,102.54664953956244,93.01121116867313,209.20799255371094,133.59300231933594,217.10699462890625,133.46600341796875
46.400000000000006,1.6821144764478047e-06,0.0,1.6869144969788862e-14,7.900022948211974,102.54664953956244,93.01121116867313,209.20799255371094,133.59300231933594,217.10699462890625,133.46600341796875
46.45,1.922414588826684e-06,0.0,1.6869144969788862e-14,7.900022948211974,102.54664953956244,93.01121116867313,209.20799255371094,133.59300231933594,217.10699462890625,133.46600341796875
46.5,3.432885023456663e-08,0.0,1.6869144969788862e-14,7.900022948211974,102.54664953956244,93.01121116867313,209.20799255371094,133.59300231933594,217.10699462890625,133.46600341796875
46.550000000000004,3.0896044758447387e-07,0.0,1.6869144969788862e-14,7.900022948211974,102.54664953956244,93.01121116867313,209.20799255371094,133.59300231933594,217.10699462890625,133.46600341796875
46.6,5.149345346175374e-07,0.0,1.6869144969788862e-14,7.900022948211974,102.54664953956244,93.01121116867313,209.20799255371094,133.59300231933594,217.10699462890625,133.46600341796875
46.650000000000006,7.895628437937901e-07,0.0,1.6869144969788862e-14,7.900022948211974,102.54664953956244,93.01121116867313,209.20799255371094,133.59300231933594,217.10699462890625,133.46600341796875
46.7,1.0298663939531849e-06,0.0,1.6869144969788862e-14,7.900022948211974,102.54664953956244,93.01121116867313,209.20799255371094,133.59300231933594,217.10699462890625,133.46600341796875
46.75,1.2701664152736467e-06,0.0,1.6869144969788862e-14,7.900022948211974,102.54664953956244,93.01121116867313,209.20799255371094,133.59300231933594,217.10699462890625,133.46600341796875
46.800000000000004,1.5447996248990892e-06,0.0,1.6869144969788862e-14,7.900022948211974,102.54664953956244,93.01121116867313,209.20799255371094,133.59300231933594,217.10699462890625,133.46600341796875
46.85,1.750770154028928e-06,0.0,1.6869144969788862e-14,7.900022948211974,102.54664953956244,93.01121116867313,209.20799255371094,133.59300231933594,217.10699462890625,133.46600341796875
46.900000000000006,2.0254032069423755e-06,0.0,1.6869144969788862e-14,7.900022948211974,102.54664953956244,93.01121116867313,209.20799255371094,133.59300231933594,217.10699462890625,133.46600341796875
46.95,2.059741370508983e-07,0.0,1.6869144969788862e-14,7.900022948211974,102.54664953956244,93.01121116867313,209.20799255371094,133.59300231933594,217.10699462890625,133.46600341796875
47.0,4.4627399118482016e-07,0.0,1.6869144969788862e-14,7.900022948211974,102.54664953956244,93.01121116867313,209.20799255371094,133.59300231933594,217.10699462890625,133.46600341796875
47.050000000000004,7.20907293342484e-07,0.0,1.6869144969788862e-14,7.900022948211974,102.54664953956244,93.01121116867313,209.20799255371094,133.59300231933594,217.10699462890625,133.46600341796875
47.1,9.268778895837274e-07,0.0,1.6869144969788862e-14,7.900022948211974,102.54664953956244,93.01121116867313,209.20799255371094,133.59300231933594,217.10699462890625,133.46600341796875
47.150000000000006,1.2015108276107159e-06,0.0,1.6869144969788862e-14,7.900022948211974,102.54664953956244,93.01121116867313,209.20799255371094,133.59300231933594,217.10699462890625,133.46600341796875
47.2,1.4761404348065446e-06,0.0,1.6869144969788862e-14,7.900022948211974,102.54664953956244,93.01121116867313,209.20799255371094,133.59300231933594,217.10699462890625,133.46600341796875
47.25,1.7164405207018742e-06,0.0,1.6869144969788862e-14,7.900022948211974,102.54664953956244,93.01121116867313,209.20799255371094,133.59300231933594,217.10699462890625,133.46600341796875
47.300000000000004,1.9567441988164282e-06,0.0,1.6869144969788862e-14,7.900022948211974,102.54664953956244,93.01121116867313,209.20799255371094,133.59300231933594,217.10699462890625,133.46600341796875
47.35,6.86595165821011e-08,0.0,1.6869144969788862e-14,7.900022948211974,102.54664953956244,93.01121116867313,209.20799255371094,133.59300231933594,217.10699462890625,133.46600341796875
47.400000000000006,3.432885413454888e-07,0.0,1.6869144969788862e-14,7.900022948211974,102.54664953956244,93.01121116867313,209.20799255371094,133.59300231933594,217.10699462890625,133.46600341796875
47.45,6.179184177438758e-07,0.0,1.6869144969788862e-14,7.900022948211974,102.54664953956244,93.01121116867313,209.20799255371094,133.59300231933594,217.10699462890625,133.46600341796875
47.5,8.58222073423447e-07,0.0,1.6869144969788862e-14,7.900022948211974,102.54664953956244,93.01121116867313,209.20799255371094,133.59300231933594,217.10699462890625,133.46600341796875
47.550000000000004,1.098521989771163e-06,0.0,1.6869144969788862e-14,7.900022948211974,102.54664953956244,93.01121116867313,209.20799255371094,133.59300231933594,217.10699462890625,133.46600341796875
47.6,1.373155159945879e-06,0.0,1.6869144969788862e-14,7.900022948211974,102.54664953956244,93.01121116867313,209.20799255371094,133.59300231933594,217.10699462890625,133.46600341796875
47.650000000000006,1.5791260264435115e-06,0.0,1.6869144969788862e-14,7.900022948211974,102.54664953956244,93.01121116867313,209.20799255371094,133.59300231933594,217.10699462890625,133.46600341796875
47.7,1.8537587931886487e-06,0.0,1.6869144969788862e-14,7.900022948211974,102.54664953956244,93.01121116867313,209.20799255371094,133.59300231933594,217.10699462890625,133.46600341796875
47.75,0.0,0.0,1.6869144969788862e-14,7.900022948211974,102.54664953956244,93.01121116867313,209.20799255371094,133.59300231933594,217.10699462890625,133.46600341796875
47.800000000000004,2.7463341156380885e-07,0.0,1.6869144969788862e-14,7.900022948211974,102.54664953956244,93.01121116867313,209.20799255371094,133.59300231933594,217.10699462890625,133.46600341796875
47.85,4.4627484612025844e-07,0.0,1.6869144969788862e-14,7.900022948211974,102.54664953956244,93.01121116867313,209.20799255371094,133.59300231933594,217.10699462890625,133.46600341796875
47.900000000000006,7.895632141441421e-07,0.0,1.6869144969788862e-14,7.900022948211974,102.54664953956244,93.01121116867313,209.20799255371094,133.59300231933594,217.10699462890625,133.46600341796875
47.95,9.95536895173442e-07,0.0,1.6869144969788862e-14,7.900022948211974,102.54664953956244,93.01121116867313,209.20799255371094,133.59300231933594,217.10699462890625,133.46600341796875
48.0,1.2358368331779618e-06,0.0,1.6869144969788862e-14,7.900022948211974,102.54664953956244,93.01121116867313,209.20799255371094,133.59300231933594,217.10699462890625,133.46600341796875
48.050000000000004,1.510470188108487e-06,0.0,1.6869144969788862e-14,7.900022948211974,102.54664953956244,93.01121116867313,209.20799255371094,133.59300231933594,217.10699462890625,133.46600341796875
48.1,1.7507700556578517e-06,0.0,1.6869144969788862e-14,7.900022948211974,102.54664953956244,93.01121116867313,209.20799255371094,133.59300231933594,217.10699462890625,133.46600341796875
48.150000000000006,1.991073643939612e-06,0.0,1.6869144969788862e-14,7.900022948211974,102.54664953956244,93.01121116867313,209.20799255371094,133.59300231933594,217.10699462890625,133.46600341796875
48.2,1.716440921840887e-07,0.0,1.6869144969788862e-14,7.900022948211974,102.54664953956244,93.01121116867313,209.20799255371094,133.59300231933594,217.10699462890625,133.46600341796875
48.25,4.119447228152921e-07,0.0,1.6869144969788862e-14,7.900022948211974,102.54664953956244,93.01121116867313,209.20799255371094,133.59300231933594,217.10699462890625,133.46600341796875
48.300000000000004,6.522484702653081e-07,0.0,1.6869144969788862e-14,7.900022948211974,102.54664953956244,93.01121116867313,209.20799255371094,133.59300231933594,217.10699462890625,133.46600341796875
48.35,8.925516961284935e-07,0.0,1.6869144969788862e-14,7.900022948211974,102.54664953956244,93.01121116867313,209.20799255371094,133.59300231933594,217.10699462890625,133.46600341796875
48.400000000000006,1.1671813189563637e-06,0.0,1.6869144969788862e-14,7.900022948211974,102.54664953956244,93.01121116867313,209.20799255371094,133.59300231933594,217.10699462890625,133.46600341796875
48.45,1.4418108466147275e-06,0.0,1.6869144969788862e-14,7.900022948211974,102.54664953956244,93.01121116867313,209.20799255371094,133.59300231933594,217.10699462890625,133.46600341796875
48.5,1.6477851725113183e-06,0.0,1.6869144969788862e-14,7.900022948211974,102.54664953956244,93.01121116867313,209.20799255371094,133.59300231933594,217.10699462890625,133.46600341796875
48.550000000000004,1.9224145503015696e-06,0.0,1.6869144969788862e-14,7.900022948211974,102.54664953956244,93.01121116867313,209.20799255371094,133.59300231933594,217.10699462890625,133.46600341796875
48.6,3.432885023456663e-08,0.0,1.6869144969788862e-14,7.900022948211974,102.54664953956244,93.01121116867313,209.20799255371094,133.59300231933594,217.10699462890625,133.46600341796875
48.650000000000006,3.0895959414901596e-07,0.0,1.6869144969788862e-14,7.900022948211974,102.54664953956244,93.01121116867313,209.20799255371094,133.59300231933594,217.10699462890625,133.46600341796875
48.7,5.492628937582419e-07,0.0,1.6869144969788862e-14,7.900022948211974,102.54664953956244,93.01121116867313,209.20799255371094,133.59300231933594,217.10699462890625,133.46600341796875
48.75,7.895628125421214e-07,0.0,1.6869144969788862e-14,7.900022948211974,102.54664953956244,93.01121116867313,209.20799255371094,133.59300231933594,217.10699462890625,133.46600341796875
48.800000000000004,1.0298663939531099e-06,0.0,1.6869144969788862e-14,7.900022948211974,102.54664953956244,93.01121116867313,209.20799255371094,133.59300231933594,217.10699462890625,133.46600341796875
48.85,1.270166415272834e-06,0.0,1.6869144969788862e-14,7.900022948211974,102.54664953956244,93.01121116867313,209.20799255371094,133.59300231933594,217.10699462890625,133.46600341796875
48.900000000000006,1.510470038427055e-06,0.0,1.6869144969788862e-14,7.900022948211974,102.54664953956244,93.01121116867313,209.20799255371094,133.59300231933594,217.10699462890625,133.46600341796875
48.95,1.7850996429627474e-06,0.0,1.6869144969788862e-14,7.900022948211974,102.54664953956244,93.01121116867313,209.20799255371094,133.59300231933594,217.10699462890625,133.46600341796875
49.0,2.025403329290239e-06,0.0,1.6869144969788862e-14,7.900022948211974,102.54664953956244,93.01121116867313,209.20799255371094,133.59300231933594,217.10699462890625,133.46600341796875
49.050000000000004,2.0597310169151493e-07,0.0,1.6869144969788862e-14,7.900022948211974,102.54664953956244,93.01121116867313,209.20799255371094,133.59300231933594,217.10699462890625,133.46600341796875
49.1,4.806036212636976e-07,0.0,1.6869144969788862e-14,7.900022948211974,102.54664953956244,93.01121116867313,209.20799255371094,133.59300231933594,217.10699462890625,133.46600341796875
49.150000000000006,6.86578578312771e-07,0.0,1.6869144969788862e-14,7.900022948211974,102.54664953956244,93.01121116867313,209.20799255371094,133.59300231933594,217.10699462890625,133.46600341796875
49.2,9.612072697020135e-07,0.0,1.6869144969788862e-14,7.900022948211974,102.54664953956244,93.01121116867313,209.20799255371094,133.59300231933594,217.10699462890625,133.46600341796875
49.25,1.201511164909038e-06,0.0,1.6869144969788862e-14,7.900022948211974,102.54664953956244,93.01121116867313,209.20799255371094,133.59300231933594,217.10699462890625,133.46600341796875
49.300000000000004,1.4418108721647491e-06,0.0,1.6869144969788862e-14,7.900022948211974,102.54664953956244,93.01121116867313,209.20799255371094,133.59300231933594,217.10699462890625,133.46600341796875
49.35,1.7164405254232286e-06,0.0,1.6869144969788862e-14,7.900022948211974,102.54664953956244,93.01121116867313,209.20799255371094,133.59300231933594,217.10699462890625,133.46600341796875
49.400000000000006,1.9567440436298283e-06,0.0,1.6869144969788862e-14,7.900022948211974,102.54664953956244,93.01121116867313,209.20799255371094,133.59300231933594,217.10699462890625,133.46600341796875
49.45,6.86595165821011e-08,0.0,1.6869144969788862e-14,7.900022948211974,102.54664953956244,93.01121116867313,209.20799255371094,133.59300231933594,217.10699462890625,133.46600341796875
49.5,3.7761847624750577e-07,0.0,1.6869144969788862e-14,7.900022948211974,102.54664953956244,93.01121116867313,209.20799255371094,133.59300231933594,217.10699462890625,133.46600341796875
49.550000000000004,5.835896027128282e-07,0.0,1.6869144969788862e-14,7.900022948211974,102.54664953956244,93.01121116867313,209.20799255371094,133.59300231933594,217.10699462890625,133.46600341796875
49.6,8.582221403149877e-07,0.0,1.6869144969788862e-14,7.900022948211974,102.54664953956244,93.01121116867313,209.20799255371094,133.59300231933594,217.10699462890625,133.46600341796875
49.650000000000006,1.0985222062760248e-06,0.0,1.6869144969788862e-14,7.900022948211974,102.54664953956244,93.01121116867313,209.20799255371094,133.59300231933594,217.10699462890625,133.46600341796875
49.7,1.3388255915253478e-06,0.0,1.6869144969788862e-14,7.900022948211974,102.54664953956244,93.01121116867313,209.20799255371094,133.59300231933594,217.10699462890625,133.46600341796875
49.75,1.613455267968548e-06,0.0,1.6869144969788862e-14,7.900022948211974,102.54664953956244,93.01121116867313,209.20799255371094,133.59300231933594,217.10699462890625,133.46600341796875
49.800000000000004,1.8194297012327837e-06,0.0,1.6869144969788862e-14,7.900022948211974,102.54664953956244,93.01121116867313,209.20799255371094,133.59300231933594,217.10699462890625,133.46600341796875
49.85,0.0,0.0,1.6869144969788862e-14,7.900022948211974,102.54664953956244,93.01121116867313,209.20799255371094,133.59300231933594,217.10699462890625,133.46600341796875
49.900000000000006,2.7463268282766094e-07,0.0,1.6869144969788862e-14,7.900022948211974,102.54664953956244,93.01121116867313,209.20799255371094,133.59300231933594,217.10699462890625,133.46600341796875
49.95,4.806042731070701e-07,0.0,1.6869144969788862e-14,7.900022948211974,102.54664953956244,93.01121116867313,209.20799255371094,133.59300231933594,217.10699462890625,133.46600341796875
50.0,7.552335004274852e-07,0.0,1.6869144969788862e-14,7.900022948211974,102.54664953956244,93.01121116867313,209.20799255371094,133.59300231933594,217.10699462890625,133.46600341796875
50.050000000000004,9.955368789355013e-07,0.0,1.6869144969788862e-14,7.900022948211974,102.54664953956244,93.01121116867313,209.20799255371094,133.59300231933594,217.10699462890625,133.46600341796875
50.1,1.2701664354243072e-06,0.0,1.6869144969788862e-14,7.900022948211974,102.54664953956244,93.01121116867313,209.20799255371094,133.59300231933594,217.10699462890625,133.46600341796875
50.150000000000006,1.5104700143676441e-06,0.0,1.6869144969788862e-14,7.900022948211974,102.54664953956244,93.01121116867313,209.20799255371094,133.59300231933594,217.10699462890625,133.46600341796875
50.2,1.7507700635924508e-06,0.0,1.6869144969788862e-14,7.900022948211974,102.54664953956244,93.01121116867313,209.20799255371094,133.59300231933594,217.10699462890625,133.46600341796875
50.25,2.025403220686161e-06,0.0,1.6869144969788862e-14,7.900022948211974,102.54664953956244,93.01121116867313,209.20799255371094,133.59300231933594,217.10699462890625,133.46600341796875
50.300000000000004,1.3731567692810287e-07,0.0,1.6869144969788862e-14,7.900022948211974,102.54664953956244,93.01121116867313,209.20799255371094,133.59300231933594,217.10699462890625,133.46600341796875
50.35,4.1194452707262485e-07,0.0,1.6869144969788862e-14,7.900022948211974,102.54664953956244,93.01121116867313,209.20799255371094,133.59300231933594,217.10699462890625,133.46600341796875
50.400000000000006,6.17918779783511e-07,0.0,1.6869144969788862e-14,7.900022948211974,102.54664953956244,93.01121116867313,209.20799255371094,133.59300231933594,217.10699462890625,133.46600341796875
50.45,8.925516494511292e-07,0.0,1.6869144969788862e-14,7.900022948211974,102.54664953956244,93.01121116867313,209.20799255371094,133.59300231933594,217.10699462890625,133.46600341796875
50.5,1.1671812549132885e-06,0.0,1.6869144969788862e-14,7.900022948211974,102.54664953956244,93.01121116867313,209.20799255371094,133.59300231933594,217.10699462890625,133.46600341796875
50.550000000000004,1.4074812537995762e-06,0.0,1.6869144969788862e-14,7.900022948211974,102.54664953956244,93.01121116867313,209.20799255371094,133.59300231933594,217.10699462890625,133.46600341796875
50.6,1.6477849439580155e-06,0.0,1.6869144969788862e-14,7.900022948211974,102.54664953956244,93.01121116867313,209.20799255371094,133.59300231933594,217.10699462890625,133.46600341796875
50.650000000000006,1.922414486110705e-06,0.0,1.6869144969788862e-14,7.900022948211974,102.54664953956244,93.01121116867313,209.20799255371094,133.59300231933594,217.10699462890625,133.46600341796875
50.7,6.865783360409759e-08,0.0,1.6869144969788862e-14,7.900022948211974,102.54664953956244,93.01121116867313,209.20799255371094,133.59300231933594,217.10699462890625,133.46600341796875
50.75,3.0895973565983345e-07,0.0,1.6869144969788862e-14,7.900022948211974,102.54664953956244,93.01121116867313,209.20799255371094,133.59300231933594,217.10699462890625,133.46600341796875
50.800000000000004,5.492631006190671e-07,0.0,1.6869144969788862e-14,7.900022948211974,102.54664953956244,93.01121116867313,209.20799255371094,133.59300231933594,217.10699462890625,133.46600341796875
50.85,7.895628037067335e-07,0.0,1.6869144969788862e-14,7.900022948211974,102.54664953956244,93.01121116867313,209.20799255371094,133.59300231933594,217.10699462890625,133.46600341796875
50.900000000000006,1.0298664379947258e-06,0.0,1.6869144969788862e-14,7.900022948211974,102.54664953956244,93.01121116867313,209.20799255371094,133.59300231933594,217.10699462890625,133.46600341796875
50.95,1.3044960415842716e-06,0.0,1.6869144969788862e-14,7.900022948211974,102.54664953956244,93.01121116867313,209.20799255371094,133.59300231933594,217.10699462890625,133.46600341796875
51.0,1.5447997534052772e-06,0.0,1.6869144969788862e-14,7.900022948211974,102.54664953956244,93.01121116867313,209.20799255371094,133.59300231933594,217.10699462890625,133.46600341796875
51.050000000000004,1.7850996098812688e-06,0.0,1.6869144969788862e-14,7.900022948211974,102.54664953956244,93.01121116867313,209.20799255371094,133.59300231933594,217.10699462890625,133.46600341796875
51.1,2.0597291324173502e-06,0.0,1.6869144969788862e-14,7.900022948211974,102.54664953956244,93.01121116867313,209.20799255371094,133.59300231933594,217.10699462890625,133.46600341796875
51.150000000000006,2.0597310169151493e-07,0.0,1.6869144969788862e-14,7.900022948211974,102.54664953956244,93.01121116867313,209.20799255371094,133.59300231933594,217.10699462890625,133.46600341796875
51.2,4.4627489216116046e-07,0.0,1.6869144969788862e-14,7.900022948211974,102.54664953956244,93.01121116867313,209.20799255371094,133.59300231933594,217.10699462890625,133.46600341796875
51.25,7.209075184916294e-07,0.0,1.6869144969788862e-14,7.900022948211974,102.54664953956244,93.01121116867313,209.20799255371094,133.59300231933594,217.10699462890625,133.46600341796875
51.300000000000004,8.925528131205984e-07,0.0,1.6869144969788862e-14,7.900022948211974,102.54664953956244,93.01121116867313,209.20799255371094,133.59300231933594,217.10699462890625,133.46600341796875
51.35,1.2358368543313495e-06,0.0,1.6869144969788862e-14,7.900022948211974,102.54664953956244,93.01121116867313,209.20799255371094,133.59300231933594,217.10699462890625,133.46600341796875
51.400000000000006,1.4418108467157067e-06,0.0,1.6869144969788862e-14,7.900022948211974,102.54664953956244,93.01121116867313,209.20799255371094,133.59300231933594,217.10699462890625,133.46600341796875
51.45,1.6821149333684875e-06,0.0,1.6869144969788862e-14,7.900022948211974,102.54664953956244,93.01121116867313,209.20799255371094,133.59300231933594,217.10699462890625,133.46600341796875
51.5,1.956744049401437e-06,0.0,1.6869144969788862e-14,7.900022948211974,102.54664953956244,93.01121116867313,209.20799255371094,133.59300231933594,217.10699462890625,133.46600341796875
51.550000000000004,1.0298746024930093e-07,0.0,1.6869144969788862e-14,7.900022948211974,102.54664953956244,93.01121116867313,209.20799255371094,133.59300231933594,217.10699462890625,133.46600341796875
51.6,3.776184052401885e-07,0.0,1.6869144969788862e-14,7.900022948211974,102.54664953956244,93.01121116867313,209.20799255371094,133.59300231933594,217.10699462890625,133.46600341796875
51.650000000000006,6.17918499545342e-07,0.0,1.6869144969788862e-14,7.900022948211974,102.54664953956244,93.01121116867313,209.20799255371094,133.59300231933594,217.10699462890625,133.46600341796875
51.7,8.582220277138486e-07,0.0,1.6869144969788862e-14,7.900022948211974,102.54664953956244,93.01121116867313,209.20799255371094,133.59300231933594,217.10699462890625,133.46600341796875
51.75,1.1328515626272396e-06,0.0,1.6869144969788862e-14,7.900022948211974,102.54664953956244,93.01121116867313,209.20799255371094,133.59300231933594,217.10699462890625,133.46600341796875
51.800000000000004,1.3388260877548267e-06,0.0,1.6869144969788862e-14,7.900022948211974,102.54664953956244,93.01121116867313,209.20799255371094,133.59300231933594,217.10699462890625,133.46600341796875
51.85,1.6134551985112051e-06,0.0,1.6869144969788862e-14,7.900022948211974,102.54664953956244,93.01121116867313,209.20799255371094,133.59300231933594,217.10699462890625,133.46600341796875
51.900000000000006,1.853758991197971e-06,0.0,1.6869144969788862e-14,7.900022948211974,102.54664953956244,93.01121116867313,209.20799255371094,133.59300231933594,217.10699462890625,133.46600341796875
51.95,0.0,0.0,1.6869144969788862e-14,7.900022948211974,102.54664953956244,93.01121116867313,209.20799255371094,133.59300231933594,217.10699462890625,133.46600341796875
52.0,2.746308697816617e-07,0.0,1.6869144969788862e-14,7.900022948211974,102.54664953956244,93.01121116867313,209.20799255371094,133.59300231933594,217.10699462890625,133.46600341796875
52.050000000000004,5.149333071099035e-07,0.0,1.6869144969788862e-14,7.900022948211974,102.54664953956244,93.01121116867313,209.20799255371094,133.59300231933594,217.10699462890625,133.46600341796875
52.1,6.865776023375148e-07,0.0,1.6869144969788862e-14,7.900022948211974,102.54664953956244,93.01121116867313,209.20799255371094,133.59300231933594,217.10699462890625,133.46600341796875
52.150000000000006,9.955379470222468e-07,0.0,1.6869144969788862e-14,7.900022948211974,102.54664953956244,93.01121116867313,209.20799255371094,133.59300231933594,217.10699462890625,133.46600341796875
52.2,1.201510902179488e-06,0.0,1.6869144969788862e-14,7.900022948211974,102.54664953956244,93.01121116867313,209.20799255371094,133.59300231933594,217.10699462890625,133.46600341796875
52.25,1.4761407943310079e-06,0.0,1.6869144969788862e-14,7.900022948211974,102.54664953956244,93.01121116867313,209.20799255371094,133.59300231933594,217.10699462890625,133.46600341796875
52.300000000000004,1.7164406012515978e-06,0.0,1.6869144969788862e-14,7.900022948211974,102.54664953956244,93.01121116867313,209.20799255371094,133.59300231933594,217.10699462890625,133.46600341796875
52.35,1.956744152007897e-06,0.0,1.6869144969788862e-14,7.900022948211974,102.54664953956244,93.01121116867313,209.20799255371094,133.59300231933594,217.10699462890625,133.46600341796875
52.400000000000006,1.3731555987461753e-07,0.0,1.6869144969788862e-14,7.900022948211974,102.54664953956244,93.01121116867313,209.20799255371094,133.59300231933594,217.10699462890625,133.46600341796875
52.45,4.119447623442227e-07,0.0,1.6869144969788862e-14,7.900022948211974,102.54664953956244,93.01121116867313,209.20799255371094,133.59300231933594,217.10699462890625,133.46600341796875
52.5,6.522482011532145e-07,0.0,1.6869144969788862e-14,7.900022948211974,102.54664953956244,93.01121116867313,209.20799255371094,133.59300231933594,217.10699462890625,133.46600341796875
52.550000000000004,8.925519916591744e-07,0.0,1.6869144969788862e-14,7.900022948211974,102.54664953956244,93.01121116867313,209.20799255371094,133.59300231933594,217.10699462890625,133.46600341796875
52.6,1.1671812901498146e-06,0.0,1.6869144969788862e-14,7.900022948211974,102.54664953956244,93.01121116867313,209.20799255371094,133.59300231933594,217.10699462890625,133.46600341796875
52.650000000000006,1.4074811690404954e-06,0.0,1.6869144969788862e-14,7.900022948211974,102.54664953956244,93.01121116867313,209.20799255371094,133.59300231933594,217.10699462890625,133.46600341796875
52.7,1.6477847574108993e-06,0.0,1.6869144969788862e-14,7.900022948211974,102.54664953956244,93.01121116867313,209.20799255371094,133.59300231933594,217.10699462890625,133.46600341796875
52.75,1.8880848875340095e-06,0.0,1.6869144969788862e-14,7.900022948211974,102.54664953956244,93.01121116867313,209.20799255371094,133.59300231933594,217.10699462890625,133.46600341796875
52.800000000000004,3.432885023456663e-08,0.0,1.6869144969788862e-14,7.900022948211974,102.54664953956244,93.01121116867313,209.20799255371094,133.59300231933594,217.10699462890625,133.46600341796875
52.85,3.0896044758447387e-07,0.0,1.6869144969788862e-14,7.900022948211974,102.54664953956244,93.01121116867313,209.20799255371094,133.59300231933594,217.10699462890625,133.46600341796875
52.900000000000006,5.149345346175374e-07,0.0,1.6869144969788862e-14,7.900022948211974,102.54664953956244,93.01121116867313,209.20799255371094,133.59300231933594,217.10699462890625,133.46600341796875
52.95,7.895628437937901e-07,0.0,1.6869144969788862e-14,7.900022948211974,102.54664953956244,93.01121116867313,209.20799255371094,133.59300231933594,217.10699462890625,133.46600341796875
53.0,1.0298663939531857e-06,0.0,1.6869144969788862e-14,7.900022948211974,102.54664953956244,93.01121116867313,209.20799255371094,133.59300231933594,217.10699462890625,133.46600341796875
53.050000000000004,1.2701664152736467e-06,0.0,1.6869144969788862e-14,7.900022948211974,102.54664953956244,93.01121116867313,209.20799255371094,133.59300231933594,217.10699462890625,133.46600341796875
53.1,1.5104700384289158e-06,0.0,1.6869144969788862e-14,7.900022948211974,102.54664953956244,93.01121116867313,209.20799255371094,133.59300231933594,217.10699462890625,133.46600341796875
53.150000000000006,1.750770091130563e-06,0.0,1.6869144969788862e-14,7.900022948211974,102.54664953956244,93.01121116867313,209.20799255371094,133.59300231933594,217.10699462890625,133.46600341796875
53.2,2.025403292709409e-06,0.0,1.6869144969788862e-14,7.900022948211974,102.54664953956244,93.01121116867313,209.20799255371094,133.59300231933594,217.10699462890625,133.46600341796875
53.25,2.059737764042551e-07,0.0,1.6869144969788862e-14,7.900022948211974,102.54664953956244,93.01121116867313,209.20799255371094,133.59300231933594,217.10699462890625,133.46600341796875
53.300000000000004,4.806036354818916e-07,0.0,1.6869144969788862e-14,7.900022948211974,102.54664953956244,93.01121116867313,209.20799255371094,133.59300231933594,217.10699462890625,133.46600341796875
53.35,7.209073977793025e-07,0.0,1.6869144969788862e-14,7.900022948211974,102.54664953956244,93.01121116867313,209.20799255371094,133.59300231933594,217.10699462890625,133.46600341796875
53.400000000000006,9.612075516294803e-07,0.0,1.6869144969788862e-14,7.900022948211974,102.54664953956244,93.01121116867313,209.20799255371094,133.59300231933594,217.10699462890625,133.46600341796875
53.45,1.2358368717764716e-06,0.0,1.6869144969788862e-14,7.900022948211974,102.54664953956244,93.01121116867313,209.20799255371094,133.59300231933594,217.10699462890625,133.46600341796875
53.5,1.476140551456877e-06,0.0,1.6869144969788862e-14,7.900022948211974,102.54664953956244,93.01121116867313,209.20799255371094,133.59300231933594,217.10699462890625,133.46600341796875
53.550000000000004,1.7164404559458253e-06,0.0,1.6869144969788862e-14,7.900022948211974,102.54664953956244,93.01121116867313,209.20799255371094,133.59300231933594,217.10699462890625,133.46600341796875
53.6,1.9910736506583074e-06,0.0,1.6869144969788862e-14,7.900022948211974,102.54664953956244,93.01121116867313,209.20799255371094,133.59300231933594,217.10699462890625,133.46600341796875
53.650000000000006,1.0298746024930093e-07,0.0,1.6869144969788862e-14,7.900022948211974,102.54664953956244,93.01121116867313,209.20799255371094,133.59300231933594,217.10699462890625,133.46600341796875
53.7,3.776184052401885e-07,0.0,1.6869144969788862e-14,7.900022948211974,102.54664953956244,93.01121116867313,209.20799255371094,133.59300231933594,217.10699462890625,133.46600341796875
53.75,6.17918499545342e-07,0.0,1.6869144969788862e-14,7.900022948211974,102.54664953956244,93.01121116867313,209.20799255371094,133.59300231933594,217.10699462890625,133.46600341796875
53.800000000000004,8.582220277138486e-07,0.0,1.6869144969788862e-14,7.900022948211974,102.54664953956244,93.01121116867313,209.20799255371094,133.59300231933594,217.10699462890625,133.46600341796875
53.85,1.1328515626272396e-06,0.0,1.6869144969788862e-14,7.900022948211974,102.54664953956244,93.01121116867313,209.20799255371094,133.59300231933594,217.10699462890625,133.46600341796875
53.900000000000006,1.3388260877548267e-06,0.0,1.6869144969788862e-14,7.900022948211974,102.54664953956244,93.01121116867313,209.20799255371094,133.59300231933594,217.10699462890625,133.46600341796875
53.95,1.6134551985112051e-06,0.0,1.6869144969788862e-14,7.900022948211974,102.54664953956244,93.01121116867313,209.20799255371094,133.59300231933594,217.10699462890625,133.46600341796875
54.0,1.853758991197971e-06,0.0,1.6869144969788862e-14,7.900022948211974,102.54664953956244,93.01121116867313,209.20799255371094,133.59300231933594,217.10699462890625,133.46600341796875
54.050000000000004,0.0,0.0,1.6869144969788862e-14,7.900022948211974,102.54664953956244,93.01121116867313,209.20799255371094,133.59300231933594,217.10699462890625,133.46600341796875
54.1,2.746308697816617e-07,0.0,1.6869144969788862e-14,7.900022948211974,102.54664953956244,93.01121116867313,209.20799255371094,133.59300231933594,217.10699462890625,133.46600341796875
54.150000000000006,5.149332247940873e-07,0.0,1.6869144969788862e-14,7.900022948211974,102.54664953956244,93.01121116867313,209.20799255371094,133.59300231933594,217.10699462890625,133.46600341796875
54.2,7.552332152481065e-07,0.0,1.6869144969788862e-14,7.900022948211974,102.54664953956244,93.01121116867313,209.20799255371094,133.59300231933594,217.10699462890625,133.46600341796875
54.25,1.0298664047029454e-06,0.0,1.6869144969788862e-14,7.900022948211974,102.54664953956244,93.01121116867313,209.20799255371094,133.59300231933594,217.10699462890625,133.46600341796875
54.300000000000004,1.2701665160220057e-06,0.0,1.6869144969788862e-14,7.900022948211974,102.54664953956244,93.01121116867313,209.20799255371094,133.59300231933594,217.10699462890625,133.46600341796875
54.35,1.5104700096128801e-06,0.0,1.6869144969788862e-14,7.900022948211974,102.54664953956244,93.01121116867313,209.20799255371094,133.59300231933594,217.10699462890625,133.46600341796875
54.400000000000006,1.785099615377623e-06,0.0,1.6869144969788862e-14,7.900022948211974,102.54664953956244,93.01121116867313,209.20799255371094,133.59300231933594,217.10699462890625,133.46600341796875
54.45,1.991074089172762e-06,0.0,1.6869144969788862e-14,7.900022948211974,102.54664953956244,93.01121116867313,209.20799255371094,133.59300231933594,217.10699462890625,133.46600341796875
54.5,1.7164898616766991e-07,0.0,1.6869144969788862e-14,7.900022948211974,102.54664953956244,93.01121116867313,209.20799255371094,133.59300231933594,217.10699462890625,133.46600341796875
54.550000000000004,3.776188845545267e-07,0.0,1.6869144969788862e-14,7.900022948211974,102.54664953956244,93.01121116867313,209.20799255371094,133.59300231933594,217.10699462890625,133.46600341796875
54.6,6.522485508615508e-07,0.0,1.6869144969788862e-14,7.900022948211974,102.54664953956244,93.01121116867313,209.20799255371094,133.59300231933594,217.10699462890625,133.46600341796875
54.650000000000006,9.268778549243254e-07,0.0,1.6869144969788862e-14,7.900022948211974,102.54664953956244,93.01121116867313,209.20799255371094,133.59300231933594,217.10699462890625,133.46600341796875
54.7,1.1328517204542282e-06,0.0,1.6869144969788862e-14,7.900022948211974,102.54664953956244,93.01121116867313,209.20799255371094,133.59300231933594,217.10699462890625,133.46600341796875
54.75,1.4074814158171008e-06,0.0,1.6869144969788862e-14,7.900022948211974,102.54664953956244,93.01121116867313,209.20799255371094,133.59300231933594,217.10699462890625,133.46600341796875
54.800000000000004,1.6477847897998732e-06,0.0,1.6869144969788862e-14,7.900022948211974,102.54664953956244,93.01121116867313,209.20799255371094,133.59300231933594,217.10699462890625,133.46600341796875
54.85,1.888084898236496e-06,0.0,1.6869144969788862e-14,7.900022948211974,102.54664953956244,93.01121116867313,209.20799255371094,133.59300231933594,217.10699462890625,133.46600341796875
54.900000000000006,6.865783360409759e-08,0.0,1.6869144969788862e-14,7.900022948211974,102.54664953956244,93.01121116867313,209.20799255371094,133.59300231933594,217.10699462890625,133.46600341796875
54.95,3.089597356598334e-07,0.0,1.6869144969788862e-14,7.900022948211974,102.54664953956244,93.01121116867313,209.20799255371094,133.59300231933594,217.10699462890625,133.46600341796875
55.0,5.492628071969091e-07,0.0,1.6869144969788862e-14,7.900022948211974,102.54664953956244,93.01121116867313,209.20799255371094,133.59300231933594,217.10699462890625,133.46600341796875
55.050000000000004,8.238923811015246e-07,0.0,1.6869144969788862e-14,7.900022948211974,102.54664953956244,93.01121116867313,209.20799255371094,133.59300231933594,217.10699462890625,133.46600341796875
55.1,1.0641924446536052e-06,0.0,1.6869144969788862e-14,7.900022948211974,102.54664953956244,93.01121116867313,209.20799255371094,133.59300231933594,217.10699462890625,133.46600341796875
55.150000000000006,1.3044961286732803e-06,0.0,1.6869144969788862e-14,7.900022948211974,102.54664953956244,93.01121116867313,209.20799255371094,133.59300231933594,217.10699462890625,133.46600341796875
55.2,1.5447996047918702e-06,0.0,1.6869144969788862e-14,7.900022948211974,102.54664953956244,93.01121116867313,209.20799255371094,133.59300231933594,217.10699462890625,133.46600341796875
55.25,1.8194292728061128e-06,0.0,1.6869144969788862e-14,7.900022948211974,102.54664953956244,93.01121116867313,209.20799255371094,133.59300231933594,217.10699462890625,133.46600341796875
55.300000000000004,2.0254036646498067e-06,0.0,1.6869144969788862e-14,7.900022948211974,102.54664953956244,93.01121116867313,209.20799255371094,133.59300231933594,217.10699462890625,133.46600341796875
55.35,2.0597310169151493e-07,0.0,1.6869144969788862e-14,7.900022948211974,102.54664953956244,93.01121116867313,209.20799255371094,133.59300231933594,217.10699462890625,133.46600341796875
55.400000000000006,4.462739826973415e-07,0.0,1.6869144969788862e-14,7.900022948211974,102.54664953956244,93.01121116867313,209.20799255371094,133.59300231933594,217.10699462890625,133.46600341796875
55.45,6.865775877035836e-07,0.0,1.6869144969788862e-14,7.900022948211974,102.54664953956244,93.01121116867313,209.20799255371094,133.59300231933594,217.10699462890625,133.46600341796875
55.5,9.612072562817302e-07,0.0,1.6869144969788862e-14,7.900022948211974,102.54664953956244,93.01121116867313,209.20799255371094,133.59300231933594,217.10699462890625,133.46600341796875
55.550000000000004,1.2015110360221413e-06,0.0,1.6869144969788862e-14,7.900022948211974,102.54664953956244,93.01121116867313,209.20799255371094,133.59300231933594,217.10699462890625,133.46600341796875
55.6,1.4418108468506503e-06,0.0,1.6869144969788862e-14,7.900022948211974,102.54664953956244,93.01121116867313,209.20799255371094,133.59300231933594,217.10699462890625,133.46600341796875
55.650000000000006,1.7164404769891287e-06,0.0,1.6869144969788862e-14,7.900022948211974,102.54664953956244,93.01121116867313,209.20799255371094,133.59300231933594,217.10699462890625,133.46600341796875
55.7,1.9567441689112782e-06,0.0,1.6869144969788862e-14,7.900022948211974,102.54664953956244,93.01121116867313,209.20799255371094,133.59300231933594,217.10699462890625,133.46600341796875
55.75,1.0298746024930093e-07,0.0,1.6869144969788862e-14,7.900022948211974,102.54664953956244,93.01121116867313,209.20799255371094,133.59300231933594,217.10699462890625,133.46600341796875
55.800000000000004,3.776184052401885e-07,0.0,1.6869144969788862e-14,7.900022948211974,102.54664953956244,93.01121116867313,209.20799255371094,133.59300231933594,217.10699462890625,133.46600341796875
55.85,6.17918499545342e-07,0.0,1.6869144969788862e-14,7.900022948211974,102.54664953956244,93.01121116867313,209.20799255371094,133.59300231933594,217.10699462890625,133.46600341796875
55.900000000000006,8.582220277138486e-07,0.0,1.6869144969788862e-14,7.900022948211974,102.54664953956244,93.01121116867313,209.20799255371094,133.59300231933594,217.10699462890625,133.46600341796875
55.95,1.1328515626272396e-06,0.0,1.6869144969788862e-14,7.900022948211974,102.54664953956244,93.01121116867313,209.20799255371094,133.59300231933594,217.10699462890625,133.46600341796875
56.0,1.3388256352765168e-06,0.0,1.6869144969788862e-14,7.900022948211974,102.54664953956244,93.01121116867313,209.20799255371094,133.59300231933594,217.10699462890625,133.46600341796875
56.050000000000004,1.6134552281619246e-06,0.0,1.6869144969788862e-14,7.900022948211974,102.54664953956244,93.01121116867313,209.20799255371094,133.59300231933594,217.10699462890625,133.46600341796875
56.1,1.8880848780109604e-06,0.0,1.6869144969788862e-14,7.900022948211974,102.54664953956244,93.01121116867313,209.20799255371094,133.59300231933594,217.10699462890625,133.46600341796875
56.150000000000006,0.0,0.0,1.6869144969788862e-14,7.900022948211974,102.54664953956244,93.01121116867313,209.20799255371094,133.59300231933594,217.10699462890625,133.46600341796875
56.2,2.4030199571586877e-07,0.0,1.6869144969788862e-14,7.900022948211974,102.54664953956244,93.01121116867313,209.20799255371094,133.59300231933594,217.10699462890625,133.46600341796875
56.25,5.14933365790855e-07,0.0,1.6869144969788862e-14,7.900022948211974,102.54664953956244,93.01121116867313,209.20799255371094,133.59300231933594,217.10699462890625,133.46600341796875
56.300000000000004,7.895628015999797e-07,0.0,1.6869144969788862e-14,7.900022948211974,102.54664953956244,93.01121116867313,209.20799255371094,133.59300231933594,217.10699462890625,133.46600341796875
56.35,9.955374997774558e-07,0.0,1.6869144969788862e-14,7.900022948211974,102.54664953956244,93.01121116867313,209.20799255371094,133.59300231933594,217.10699462890625,133.46600341796875
56.400000000000006,1.2701665501380707e-06,0.0,1.6869144969788862e-14,7.900022948211974,102.54664953956244,93.01121116867313,209.20799255371094,133.59300231933594,217.10699462890625,133.46600341796875
56.45,1.5104700234617426e-06,0.0,1.6869144969788862e-14,7.900022948211974,102.54664953956244,93.01121116867313,209.20799255371094,133.59300231933594,217.10699462890625,133.46600341796875
56.5,1.7850996384337694e-06,0.0,1.6869144969788862e-14,7.900022948211974,102.54664953956244,93.01121116867313,209.20799255371094,133.59300231933594,217.10699462890625,133.46600341796875
56.550000000000004,1.9910737172501396e-06,0.0,1.6869144969788862e-14,7.900022948211974,102.54664953956244,93.01121116867313,209.20799255371094,133.59300231933594,217.10699462890625,133.46600341796875
56.6,1.3731555987461753e-07,0.0,1.6869144969788862e-14,7.900022948211974,102.54664953956244,93.01121116867313,209.20799255371094,133.59300231933594,217.10699462890625,133.46600341796875
56.650000000000006,4.119445270766052e-07,0.0,1.6869144969788862e-14,7.900022948211974,102.54664953956244,93.01121116867313,209.20799255371094,133.59300231933594,217.10699462890625,133.46600341796875
56.7,6.179187797952645e-07,0.0,1.6869144969788862e-14,7.900022948211974,102.54664953956244,93.01121116867313,209.20799255371094,133.59300231933594,217.10699462890625,133.46600341796875
56.75,8.925516458827644e-07,0.0,1.6869144969788862e-14,7.900022948211974,102.54664953956244,93.01121116867313,209.20799255371094,133.59300231933594,217.10699462890625,133.46600341796875
56.800000000000004,1.1328515614677997e-06,0.0,1.6869144969788862e-14,7.900022948211974,102.54664953956244,93.01121116867313,209.20799255371094,133.59300231933594,217.10699462890625,133.46600341796875
56.85,1.3731552308151562e-06,0.0,1.6869144969788862e-14,7.900022948211974,102.54664953956244,93.01121116867313,209.20799255371094,133.59300231933594,217.10699462890625,133.46600341796875
56.900000000000006,1.6477850634364386e-06,0.0,1.6869144969788862e-14,7.900022948211974,102.54664953956244,93.01121116867313,209.20799255371094,133.59300231933594,217.10699462890625,133.46600341796875
56.95,1.8537587881159139e-06,0.0,1.6869144969788862e-14,7.900022948211974,102.54664953956244,93.01121116867313,209.20799255371094,133.59300231933594,217.10699462890625,133.46600341796875
57.0,3.432885023456663e-08,0.0,1.6869144969788862e-14,7.900022948211974,102.54664953956244,93.01121116867313,209.20799255371094,133.59300231933594,217.10699462890625,133.46600341796875
57.050000000000004,3.0895959414901596e-07,0.0,1.6869144969788862e-14,7.900022948211974,102.54664953956244,93.01121116867313,209.20799255371094,133.59300231933594,217.10699462890625,133.46600341796875
57.1,5.492628937582419e-07,0.0,1.6869144969788862e-14,7.900022948211974,102.54664953956244,93.01121116867313,209.20799255371094,133.59300231933594,217.10699462890625,133.46600341796875
57.150000000000006,7.895628125421214e-07,0.0,1.6869144969788862e-14,7.900022948211974,102.54664953956244,93.01121116867313,209.20799255371094,133.59300231933594,217.10699462890625,133.46600341796875
57.2,1.0298663939531099e-06,0.0,1.6869144969788862e-14,7.900022948211974,102.54664953956244,93.01121116867313,209.20799255371094,133.59300231933594,217.10699462890625,133.46600341796875
57.25,1.30449600002055e-06,0.0,1.6869144969788862e-14,7.900022948211974,102.54664953956244,93.01121116867313,209.20799255371094,133.59300231933594,217.10699462890625,133.46600341796875
57.300000000000004,1.5447996770830258e-06,0.0,1.6869144969788862e-14,7.900022948211974,102.54664953956244,93.01121116867313,209.20799255371094,133.59300231933594,217.10699462890625,133.46600341796875
57.35,1.7850997804404365e-06,0.0,1.6869144969788862e-14,7.900022948211974,102.54664953956244,93.01121116867313,209.20799255371094,133.59300231933594,217.10699462890625,133.46600341796875
57.400000000000006,2.025403227500864e-06,0.0,1.6869144969788862e-14,7.900022948211974,102.54664953956244,93.01121116867313,209.20799255371094,133.59300231933594,217.10699462890625,133.46600341796875
57.45,2.059737764042551e-07,0.0,1.6869144969788862e-14,7.900022948211974,102.54664953956244,93.01121116867313,209.20799255371094,133.59300231933594,217.10699462890625,133.46600341796875
57.5,4.462740299595905e-07,0.0,1.6869144969788862e-14,7.900022948211974,102.54664953956244,93.01121116867313,209.20799255371094,133.59300231933594,217.10699462890625,133.46600341796875
57.550000000000004,7.209074220081551e-07,0.0,1.6869144969788862e-14,7.900022948211974,102.54664953956244,93.01121116867313,209.20799255371094,133.59300231933594,217.10699462890625,133.46600341796875
57.6,9.268786508057674e-07,0.0,1.6869144969788862e-14,7.900022948211974,102.54664953956244,93.01121116867313,209.20799255371094,133.59300231933594,217.10699462890625,133.46600341796875
57.650000000000006,1.2015108302804231e-06,0.0,1.6869144969788862e-14,7.900022948211974,102.54664953956244,93.01121116867313,209.20799255371094,133.59300231933594,217.10699462890625,133.46600341796875
57.7,1.4761404348032673e-06,0.0,1.6869144969788862e-14,7.900022948211974,102.54664953956244,93.01121116867313,209.20799255371094,133.59300231933594,217.10699462890625,133.46600341796875
57.75,1.7164405206932116e-06,0.0,1.6869144969788862e-14,7.900022948211974,102.54664953956244,93.01121116867313,209.20799255371094,133.59300231933594,217.10699462890625,133.46600341796875
57.800000000000004,1.9224146517178743e-06,0.0,1.6869144969788862e-14,7.900022948211974,102.54664953956244,93.01121116867313,209.20799255371094,133.59300231933594,217.10699462890625,133.46600341796875
57.85,1.0298726409344426e-07,0.0,1.6869144969788862e-14,7.900022948211974,102.54664953956244,93.01121116867313,209.20799255371094,133.59300231933594,217.10699462890625,133.46600341796875
57.900000000000006,3.432884694482003e-07,0.0,1.6869144969788862e-14,7.900022948211974,102.54664953956244,93.01121116867313,209.20799255371094,133.59300231933594,217.10699462890625,133.46600341796875
57.95,6.179184177434871e-07,0.0,1.6869144969788862e-14,7.900022948211974,102.54664953956244,93.01121116867313,209.20799255371094,133.59300231933594,217.10699462890625,133.46600341796875
58.0,8.58222073423447e-07,0.0,1.6869144969788862e-14,7.900022948211974,102.54664953956244,93.01121116867313,209.20799255371094,133.59300231933594,217.10699462890625,133.46600341796875
58.050000000000004,1.0641926073643907e-06,0.0,1.6869144969788862e-14,7.900022948211974,102.54664953956244,93.01121116867313,209.20799255371094,133.59300231933594,217.10699462890625,133.46600341796875
58.1,1.3388255755295346e-06,0.0,1.6869144969788862e-14,7.900022948211974,102.54664953956244,93.01121116867313,209.20799255371094,133.59300231933594,217.10699462890625,133.46600341796875
58.150000000000006,1.579125595761799e-06,0.0,1.6869144969788862e-14,7.900022948211974,102.54664953956244,93.01121116867313,209.20799255371094,133.59300231933594,217.10699462890625,133.46600341796875
58.2,1.8537587862235554e-06,0.0,1.6869144969788862e-14,7.900022948211974,102.54664953956244,93.01121116867313,209.20799255371094,133.59300231933594,217.10699462890625,133.46600341796875
58.25,0.0,0.0,1.6869144969788862e-14,7.900022948211974,102.54664953956244,93.01121116867313,209.20799255371094,133.59300231933594,217.10699462890625,133.46600341796875
58.300000000000004,2.4030197925231924e-07,0.0,1.6869144969788862e-14,7.900022948211974,102.54664953956244,93.01121116867313,209.20799255371094,133.59300231933594,217.10699462890625,133.46600341796875
58.35,5.14933365790855e-07,0.0,1.6869144969788862e-14,7.900022948211974,102.54664953956244,93.01121116867313,209.20799255371094,133.59300231933594,217.10699462890625,133.46600341796875
58.400000000000006,7.895628015999797e-07,0.0,1.6869144969788862e-14,7.900022948211974,102.54664953956244,93.01121116867313,209.20799255371094,133.59300231933594,217.10699462890625,133.46600341796875
58.45,9.955374997774558e-07,0.0,1.6869144969788862e-14,7.900022948211974,102.54664953956244,93.01121116867313,209.20799255371094,133.59300231933594,217.10699462890625,133.46600341796875
58.5,1.2701665501380707e-06,0.0,1.6869144969788862e-14,7.900022948211974,102.54664953956244,93.01121116867313,209.20799255371094,133.59300231933594,217.10699462890625,133.46600341796875
58.550000000000004,1.5447995999454803e-06,0.0,1.6869144969788862e-14,7.900022948211974,102.54664953956244,93.01121116867313,209.20799255371094,133.59300231933594,217.10699462890625,133.46600341796875
58.6,1.7850996073606995e-06,0.0,1.6869144969788862e-14,7.900022948211974,102.54664953956244,93.01121116867313,209.20799255371094,133.59300231933594,217.10699462890625,133.46600341796875
58.650000000000006,2.025403231381817e-06,0.0,1.6869144969788862e-14,7.900022948211974,102.54664953956244,93.01121116867313,209.20799255371094,133.59300231933594,217.10699462890625,133.46600341796875
58.7,1.3731555987461753e-07,0.0,1.6869144969788862e-14,7.900022948211974,102.54664953956244,93.01121116867313,209.20799255371094,133.59300231933594,217.10699462890625,133.46600341796875
58.75,3.7761851802324855e-07,0.0,1.6869144969788862e-14,7.900022948211974,102.54664953956244,93.01121116867313,209.20799255371094,133.59300231933594,217.10699462890625,133.46600341796875
58.800000000000004,6.522480938989676e-07,0.0,1.6869144969788862e-14,7.900022948211974,102.54664953956244,93.01121116867313,209.20799255371094,133.59300231933594,217.10699462890625,133.46600341796875
58.85,8.925519271322834e-07,0.0,1.6869144969788862e-14,7.900022948211974,102.54664953956244,93.01121116867313,209.20799255371094,133.59300231933594,217.10699462890625,133.46600341796875
58.900000000000006,1.1328515637814655e-06,0.0,1.6869144969788862e-14,7.900022948211974,102.54664953956244,93.01121116867313,209.20799255371094,133.59300231933594,217.10699462890625,133.46600341796875
58.95,1.4074812003110168e-06,0.0,1.6869144969788862e-14,7.900022948211974,102.54664953956244,93.01121116867313,209.20799255371094,133.59300231933594,217.10699462890625,133.46600341796875
59.0,1.6477849724362123e-06,0.0,1.6869144969788862e-14,7.900022948211974,102.54664953956244,93.01121116867313,209.20799255371094,133.59300231933594,217.10699462890625,133.46600341796875
59.050000000000004,1.8537591481240511e-06,0.0,1.6869144969788862e-14,7.900022948211974,102.54664953956244,93.01121116867313,209.20799255371094,133.59300231933594,217.10699462890625,133.46600341796875
59.1,6.865783360409759e-08,0.0,1.6869144969788862e-14,7.900022948211974,102.54664953956244,93.01121116867313,209.20799255371094,133.59300231933594,217.10699462890625,133.46600341796875
59.150000000000006,2.746308247447118e-07,0.0,1.6869144969788862e-14,7.900022948211974,102.54664953956244,93.01121116867313,209.20799255371094,133.59300231933594,217.10699462890625,133.46600341796875
59.2,5.835889426371018e-07,0.0,1.6869144969788862e-14,7.900022948211974,102.54664953956244,93.01121116867313,209.20799255371094,133.59300231933594,217.10699462890625,133.46600341796875
59.25,7.55233710681399e-07,0.0,1.6869144969788862e-14,7.900022948211974,102.54664953956244,93.01121116867313,209.20799255371094,133.59300231933594,217.10699462890625,133.46600341796875
59.300000000000004,1.064192652288306e-06,0.0,1.6869144969788862e-14,7.900022948211974,102.54664953956244,93.01121116867313,209.20799255371094,133.59300231933594,217.10699462890625,133.46600341796875
59.35,1.2701669515977522e-06,0.0,1.6869144969788862e-14,7.900022948211974,102.54664953956244,93.01121116867313,209.20799255371094,133.59300231933594,217.10699462890625,133.46600341796875
59.400000000000006,1.5447996154574683e-06,0.0,1.6869144969788862e-14,7.900022948211974,102.54664953956244,93.01121116867313,209.20799255371094,133.59300231933594,217.10699462890625,133.46600341796875
59.45,1.7850996077624783e-06,0.0,1.6869144969788862e-14,7.900022948211974,102.54664953956244,93.01121116867313,209.20799255371094,133.59300231933594,217.10699462890625,133.46600341796875
59.5,2.0254032081698753e-06,0.0,1.6869144969788862e-14,7.900022948211974,102.54664953956244,93.01121116867313,209.20799255371094,133.59300231933594,217.10699462890625,133.46600341796875
59.550000000000004,2.059729814630942e-07,0.0,1.6869144969788862e-14,7.900022948211974,102.54664953956244,93.01121116867313,209.20799255371094,133.59300231933594,217.10699462890625,133.46600341796875
59.6,4.806036212614631e-07,0.0,1.6869144969788862e-14,7.900022948211974,102.54664953956244,93.01121116867313,209.20799255371094,133.59300231933594,217.10699462890625,133.46600341796875
59.650000000000006,6.865785783434191e-07,0.0,1.6869144969788862e-14,7.900022948211974,102.54664953956244,93.01121116867313,209.20799255371094,133.59300231933594,217.10699462890625,133.46600341796875
59.7,9.612072696966814e-07,0.0,1.6869144969788862e-14,7.900022948211974,102.54664953956244,93.01121116867313,209.20799255371094,133.59300231933594,217.10699462890625,133.46600341796875
59.75,1.2015111649252271e-06,0.0,1.6869144969788862e-14,7.900022948211974,102.54664953956244,93.01121116867313,209.20799255371094,133.59300231933594,217.10699462890625,133.46600341796875
59.800000000000004,1.4418108721685523e-06,0.0,1.6869144969788862e-14,7.900022948211974,102.54664953956244,93.01121116867313,209.20799255371094,133.59300231933594,217.10699462890625,133.46600341796875
59.85,1.716440449084016e-06,0.0,1.6869144969788862e-14,7.900022948211974,102.54664953956244,93.01121116867313,209.20799255371094,133.59300231933594,217.10699462890625,133.46600341796875
59.900000000000006,1.9567441162302432e-06,0.0,1.6869144969788862e-14,7.900022948211974,102.54664953956244,93.01121116867313,209.20799255371094,133.59300231933594,217.10699462890625,133.46600341796875
59.95,1.0298726409344426e-07,0.0,1.6869144969788862e-14,7.900022948211974,102.54664953956244,93.01121116867313,209.20799255371094,133.59300231933594,217.10699462890625,133.46600341796875
60.0,3.432884694483694e-07,0.0,1.6869144969788862e-14,7.900022948211974,102.54664953956244,93.01121116867313,209.20799255371094,133.59300231933594,217.10699462890625,133.46600341796875
60.050000000000004,6.179184188606206e-07,0.0,1.6869144969788862e-14,7.900022948211974,102.54664953956244,93.01121116867313,209.20799255371094,133.59300231933594,217.10699462890625,133.46600341796875
60.1,8.58222073419641e-07,0.0,1.6869144969788862e-14,7.900022948211974,102.54664953956244,93.01121116867313,209.20799255371094,133.59300231933594,217.10699462890625,133.46600341796875
60.150000000000006,1.09852198977253e-06,0.0,1.6869144969788862e-14,7.900022948211974,102.54664953956244,93.01121116867313,209.20799255371094,133.59300231933594,217.10699462890625,133.46600341796875
60.2,1.373155159946183e-06,0.0,1.6869144969788862e-14,7.900022948211974,102.54664953956244,93.01121116867313,209.20799255371094,133.59300231933594,217.10699462890625,133.46600341796875
60.25,1.5791260264355166e-06,0.0,1.6869144969788862e-14,7.900022948211974,102.54664953956244,93.01121116867313,209.20799255371094,133.59300231933594,217.10699462890625,133.46600341796875
60.300000000000004,1.8537587931900296e-06,0.0,1.6869144969788862e-14,7.900022948211974,102.54664953956244,93.01121116867313,209.20799255371094,133.59300231933594,217.10699462890625,133.46600341796875
60.35,0.0,0.0,1.6869144969788862e-14,7.900022948211974,102.54664953956244,93.01121116867313,209.20799255371094,133.59300231933594,217.10699462890625,133.46600341796875
60.400000000000006,2.4030197925231924e-07,0.0,1.6869144969788862e-14,7.900022948211974,102.54664953956244,93.01121116867313,209.20799255371094,133.59300231933594,217.10699462890625,133.46600341796875
60.45,5.149339145304294e-07,0.0,1.6869144969788862e-14,7.900022948211974,102.54664953956244,93.01121116867313,209.20799255371094,133.59300231933594,217.10699462890625,133.46600341796875
60.5,7.552332265806904e-07,0.0,1.6869144969788862e-14,7.900022948211974,102.54664953956244,93.01121116867313,209.20799255371094,133.59300231933594,217.10699462890625,133.46600341796875
60.550000000000004,9.955368952734664e-07,0.0,1.6869144969788862e-14,7.900022948211974,102.54664953956244,93.01121116867313,209.20799255371094,133.59300231933594,217.10699462890625,133.46600341796875
60.6,1.2358368331801433e-06,0.0,1.6869144969788862e-14,7.900022948211974,102.54664953956244,93.01121116867313,209.20799255371094,133.59300231933594,217.10699462890625,133.46600341796875
60.650000000000006,1.5104701881225608e-06,0.0,1.6869144969788862e-14,7.900022948211974,102.54664953956244,93.01121116867313,209.20799255371094,133.59300231933594,217.10699462890625,133.46600341796875
60.7,1.7507700556525573e-06,0.0,1.6869144969788862e-14,7.900022948211974,102.54664953956244,93.01121116867313,209.20799255371094,133.59300231933594,217.10699462890625,133.46600341796875
60.75,1.9910736439437316e-06,0.0,1.6869144969788862e-14,7.900022948211974,102.54664953956244,93.01121116867313,209.20799255371094,133.59300231933594,217.10699462890625,133.46600341796875
60.800000000000004,1.716440921840887e-07,0.0,1.6869144969788862e-14,7.900022948211974,102.54664953956244,93.01121116867313,209.20799255371094,133.59300231933594,217.10699462890625,133.46600341796875
60.85,4.119447228152921e-07,0.0,1.6869144969788862e-14,7.900022948211974,102.54664953956244,93.01121116867313,209.20799255371094,133.59300231933594,217.10699462890625,133.46600341796875
60.900000000000006,6.522484702653081e-07,0.0,1.6869144969788862e-14,7.900022948211974,102.54664953956244,93.01121116867313,209.20799255371094,133.59300231933594,217.10699462890625,133.46600341796875
60.95,8.925516961284935e-07,0.0,1.6869144969788862e-14,7.900022948211974,102.54664953956244,93.01121116867313,209.20799255371094,133.59300231933594,217.10699462890625,133.46600341796875
61.0,1.1671813189563637e-06,0.0,1.6869144969788862e-14,7.900022948211974,102.54664953956244,93.01121116867313,209.20799255371094,133.59300231933594,217.10699462890625,133.46600341796875
61.050000000000004,1.4418108466147275e-06,0.0,1.6869144969788862e-14,7.900022948211974,102.54664953956244,93.01121116867313,209.20799255371094,133.59300231933594,217.10699462890625,133.46600341796875
61.1,1.6477851725113183e-06,0.0,1.6869144969788862e-14,7.900022948211974,102.54664953956244,93.01121116867313,209.20799255371094,133.59300231933594,217.10699462890625,133.46600341796875
61.150000000000006,1.9224145503015696e-06,0.0,1.6869144969788862e-14,7.900022948211974,102.54664953956244,93.01121116867313,209.20799255371094,133.59300231933594,217.10699462890625,133.46600341796875
61.2,3.432885023456663e-08,0.0,1.6869144969788862e-14,7.900022948211974,102.54664953956244,93.01121116867313,209.20799255371094,133.59300231933594,217.10699462890625,133.46600341796875
61.25,3.0895959414901596e-07,0.0,1.6869144969788862e-14,7.900022948211974,102.54664953956244,93.01121116867313,209.20799255371094,133.59300231933594,217.10699462890625,133.46600341796875
61.300000000000004,5.492628937582419e-07,0.0,1.6869144969788862e-14,7.900022948211974,102.54664953956244,93.01121116867313,209.20799255371094,133.59300231933594,217.10699462890625,133.46600341796875
61.35,7.895628125421214e-07,0.0,1.6869144969788862e-14,7.900022948211974,102.54664953956244,93.01121116867313,209.20799255371094,133.59300231933594,217.10699462890625,133.46600341796875
61.400000000000006,1.0298663939531099e-06,0.0,1.6869144969788862e-14,7.900022948211974,102.54664953956244,93.01121116867313,209.20799255371094,133.59300231933594,217.10699462890625,133.46600341796875
61.45,1.270166415272834e-06,0.0,1.6869144969788862e-14,7.900022948211974,102.54664953956244,93.01121116867313,209.20799255371094,133.59300231933594,217.10699462890625,133.46600341796875
61.5,1.510470038427055e-06,0.0,1.6869144969788862e-14,7.900022948211974,102.54664953956244,93.01121116867313,209.20799255371094,133.59300231933594,217.10699462890625,133.46600341796875
61.550000000000004,1.7507700911285786e-06,0.0,1.6869144969788862e-14,7.900022948211974,102.54664953956244,93.01121116867313,209.20799255371094,133.59300231933594,217.10699462890625,133.46600341796875
61.6,2.025403292707294e-06,0.0,1.6869144969788862e-14,7.900022948211974,102.54664953956244,93.01121116867313,209.20799255371094,133.59300231933594,217.10699462890625,133.46600341796875
61.650000000000006,2.059737764042551e-07,0.0,1.6869144969788862e-14,7.900022948211974,102.54664953956244,93.01121116867313,209.20799255371094,133.59300231933594,217.10699462890625,133.46600341796875
61.7,4.462740299595905e-07,0.0,1.6869144969788862e-14,7.900022948211974,102.54664953956244,93.01121116867313,209.20799255371094,133.59300231933594,217.10699462890625,133.46600341796875
61.75,7.209072863096253e-07,0.0,1.6869144969788862e-14,7.900022948211974,102.54664953956244,93.01121116867313,209.20799255371094,133.59300231933594,217.10699462890625,133.46600341796875
61.800000000000004,9.61207243969913e-07,0.0,1.6869144969788862e-14,7.900022948211974,102.54664953956244,93.01121116867313,209.20799255371094,133.59300231933594,217.10699462890625,133.46600341796875
61.85,1.2015108278867987e-06,0.0,1.6869144969788862e-14,7.900022948211974,102.54664953956244,93.01121116867313,209.20799255371094,133.59300231933594,217.10699462890625,133.46600341796875
61.900000000000006,1.4418108590893033e-06,0.0,1.6869144969788862e-14,7.900022948211974,102.54664953956244,93.01121116867313,209.20799255371094,133.59300231933594,217.10699462890625,133.46600341796875
61.95,1.682114468559543e-06,0.0,1.6869144969788862e-14,7.900022948211974,102.54664953956244,93.01121116867313,209.20799255371094,133.59300231933594,217.10699462890625,133.46600341796875
62.0,1.956744108984268e-06,0.0,1.6869144969788862e-14,7.900022948211974,102.54664953956244,93.01121116867313,209.20799255371094,133.59300231933594,217.10699462890625,133.46600341796875
62.050000000000004,6.86595165821011e-08,0.0,1.6869144969788862e-14,7.900022948211974,102.54664953956244,93.01121116867313,209.20799255371094,133.59300231933594,217.10699462890625,133.46600341796875
62.1,3.432889490301907e-07,0.0,1.6869144969788862e-14,7.900022948211974,102.54664953956244,93.01121116867313,209.20799255371094,133.59300231933594,217.10699462890625,133.46600341796875
62.150000000000006,6.179184292336956e-07,0.0,1.6869144969788862e-14,7.900022948211974,102.54664953956244,93.01121116867313,209.20799255371094,133.59300231933594,217.10699462890625,133.46600341796875
62.2,8.582221128711169e-07,0.0,1.6869144969788862e-14,7.900022948211974,102.54664953956244,93.01121116867313,209.20799255371094,133.59300231933594,217.10699462890625,133.46600341796875
62.25,1.098521977776237e-06,0.0,1.6869144969788862e-14,7.900022948211974,102.54664953956244,93.01121116867313,209.20799255371094,133.59300231933594,217.10699462890625,133.46600341796875
62.300000000000004,1.3388256537899762e-06,0.0,1.6869144969788862e-14,7.900022948211974,102.54664953956244,93.01121116867313,209.20799255371094,133.59300231933594,217.10699462890625,133.46600341796875
62.35,1.6134552123747653e-06,0.0,1.6869144969788862e-14,7.900022948211974,102.54664953956244,93.01121116867313,209.20799255371094,133.59300231933594,217.10699462890625,133.46600341796875
62.400000000000006,1.853758772903487e-06,0.0,1.6869144969788862e-14,7.900022948211974,102.54664953956244,93.01121116867313,209.20799255371094,133.59300231933594,217.10699462890625,133.46600341796875
62.45,0.0,0.0,1.6869144969788862e-14,7.900022948211974,102.54664953956244,93.01121116867313,209.20799255371094,133.59300231933594,217.10699462890625,133.46600341796875
62.5,2.4030197925231924e-07,0.0,1.6869144969788862e-14,7.900022948211974,102.54664953956244,93.01121116867313,209.20799255371094,133.59300231933594,217.10699462890625,133.46600341796875
62.550000000000004,5.149333672590595e-07,0.0,1.6869144969788862e-14,7.900022948211974,102.54664953956244,93.01121116867313,209.20799255371094,133.59300231933594,217.10699462890625,133.46600341796875
62.6,7.55233624188131e-07,0.0,1.6869144969788862e-14,7.900022948211974,102.54664953956244,93.01121116867313,209.20799255371094,133.59300231933594,217.10699462890625,133.46600341796875
62.650000000000006,1.0298664462150332e-06,0.0,1.6869144969788862e-14,7.900022948211974,102.54664953956244,93.01121116867313,209.20799255371094,133.59300231933594,217.10699462890625,133.46600341796875
62.7,1.2701665563836936e-06,0.0,1.6869144969788862e-14,7.900022948211974,102.54664953956244,93.01121116867313,209.20799255371094,133.59300231933594,217.10699462890625,133.46600341796875
62.75,1.51047002346315e-06,0.0,1.6869144969788862e-14,7.900022948211974,102.54664953956244,93.01121116867313,209.20799255371094,133.59300231933594,217.10699462890625,133.46600341796875
62.800000000000004,1.7850996384355465e-06,0.0,1.6869144969788862e-14,7.900022948211974,102.54664953956244,93.01121116867313,209.20799255371094,133.59300231933594,217.10699462890625,133.46600341796875
62.85,2.0254035815529756e-06,0.0,1.6869144969788862e-14,7.900022948211974,102.54664953956244,93.01121116867313,209.20799255371094,133.59300231933594,217.10699462890625,133.46600341796875
62.900000000000006,1.0299210065810892e-07,0.0,1.6869144969788862e-14,7.900022948211974,102.54664953956244,93.01121116867313,209.20799255371094,133.59300231933594,217.10699462890625,133.46600341796875
62.95,4.4627442521242014e-07,0.0,1.6869144969788862e-14,7.900022948211974,102.54664953956244,93.01121116867313,209.20799255371094,133.59300231933594,217.10699462890625,133.46600341796875
63.0,6.179187795064658e-07,0.0,1.6869144969788862e-14,7.900022948211974,102.54664953956244,93.01121116867313,209.20799255371094,133.59300231933594,217.10699462890625,133.46600341796875
63.050000000000004,9.268776500410871e-07,0.0,1.6869144969788862e-14,7.900022948211974,102.54664953956244,93.01121116867313,209.20799255371094,133.59300231933594,217.10699462890625,133.46600341796875
63.1,1.1671812900770242e-06,0.0,1.6869144969788862e-14,7.900022948211974,102.54664953956244,93.01121116867313,209.20799255371094,133.59300231933594,217.10699462890625,133.46600341796875
63.150000000000006,1.4074811690383224e-06,0.0,1.6869144969788862e-14,7.900022948211974,102.54664953956244,93.01121116867313,209.20799255371094,133.59300231933594,217.10699462890625,133.46600341796875
63.2,1.647784825173761e-06,0.0,1.6869144969788862e-14,7.900022948211974,102.54664953956244,93.01121116867313,209.20799255371094,133.59300231933594,217.10699462890625,133.46600341796875
63.25,1.9224145059607492e-06,0.0,1.6869144969788862e-14,7.900022948211974,102.54664953956244,93.01121116867313,209.20799255371094,133.59300231933594,217.10699462890625,133.46600341796875
63.300000000000004,6.865783360409759e-08,0.0,1.6869144969788862e-14,7.900022948211974,102.54664953956244,93.01121116867313,209.20799255371094,133.59300231933594,217.10699462890625,133.46600341796875
63.35,3.0895973565983345e-07,0.0,1.6869144969788862e-14,7.900022948211974,102.54664953956244,93.01121116867313,209.20799255371094,133.59300231933594,217.10699462890625,133.46600341796875
63.400000000000006,5.492631006190671e-07,0.0,1.6869144969788862e-14,7.900022948211974,102.54664953956244,93.01121116867313,209.20799255371094,133.59300231933594,217.10699462890625,133.46600341796875
63.45,8.238923897156472e-07,0.0,1.6869144969788862e-14,7.900022948211974,102.54664953956244,93.01121116867313,209.20799255371094,133.59300231933594,217.10699462890625,133.46600341796875
63.5,1.0641925204780617e-06,0.0,1.6869144969788862e-14,7.900022948211974,102.54664953956244,93.01121116867313,209.20799255371094,133.59300231933594,217.10699462890625,133.46600341796875
63.550000000000004,1.3044962297116586e-06,0.0,1.6869144969788862e-14,7.900022948211974,102.54664953956244,93.01121116867313,209.20799255371094,133.59300231933594,217.10699462890625,133.46600341796875
63.6,1.5447996173895803e-06,0.0,1.6869144969788862e-14,7.900022948211974,102.54664953956244,93.01121116867313,209.20799255371094,133.59300231933594,217.10699462890625,133.46600341796875
63.650000000000006,1.8194292248971204e-06,0.0,1.6869144969788862e-14,7.900022948211974,102.54664953956244,93.01121116867313,209.20799255371094,133.59300231933594,217.10699462890625,133.46600341796875
63.7,2.0597292260716694e-06,0.0,1.6869144969788862e-14,7.900022948211974,102.54664953956244,93.01121116867313,209.20799255371094,133.59300231933594,217.10699462890625,133.46600341796875
63.75,2.0597299236520237e-07,0.0,1.6869144969788862e-14,7.900022948211974,102.54664953956244,93.01121116867313,209.20799255371094,133.59300231933594,217.10699462890625,133.46600341796875
63.800000000000004,4.806036212615299e-07,0.0,1.6869144969788862e-14,7.900022948211974,102.54664953956244,93.01121116867313,209.20799255371094,133.59300231933594,217.10699462890625,133.46600341796875
63.85,6.865785783434191e-07,0.0,1.6869144969788862e-14,7.900022948211974,102.54664953956244,93.01121116867313,209.20799255371094,133.59300231933594,217.10699462890625,133.46600341796875
63.900000000000006,9.612073341324575e-07,0.0,1.6869144969788862e-14,7.900022948211974,102.54664953956244,93.01121116867313,209.20799255371094,133.59300231933594,217.10699462890625,133.46600341796875
63.95,1.132851574028744e-06,0.0,1.6869144969788862e-14,7.900022948211974,102.54664953956244,93.01121116867313,209.20799255371094,133.59300231933594,217.10699462890625,133.46600341796875
64.0,1.4418109766770577e-06,0.0,1.6869144969788862e-14,7.900022948211974,102.54664953956244,93.01121116867313,209.20799255371094,133.59300231933594,217.10699462890625,133.46600341796875
64.05,1.6821149061568136e-06,0.0,1.6869144969788862e-14,7.900022948211974,102.54664953956244,93.01121116867313,209.20799255371094,133.59300231933594,217.10699462890625,133.46600341796875
64.10000000000001,1.8880850471453969e-06,0.0,1.6869144969788862e-14,7.900022948211974,102.54664953956244,93.01121116867313,209.20799255371094,133.59300231933594,217.10699462890625,133.46600341796875
64.15,1.3731622631827182e-07,0.0,1.6869144969788862e-14,7.900022948211974,102.54664953956244,93.01121116867313,209.20799255371094,133.59300231933594,217.10699462890625,133.46600341796875
64.2,3.4328933281294417e-07,0.0,1.6869144969788862e-14,7.900022948211974,102.54664953956244,93.01121116867313,209.20799255371094,133.59300231933594,217.10699462890625,133.46600341796875
64.25,6.17918499683239e-07,0.0,1.6869144969788862e-14,7.900022948211974,102.54664953956244,93.01121116867313,209.20799255371094,133.59300231933594,217.10699462890625,133.46600341796875
64.3,8.238926526020175e-07,0.0,1.6869144969788862e-14,7.900022948211974,102.54664953956244,93.01121116867313,209.20799255371094,133.59300231933594,217.10699462890625,133.46600341796875
64.35000000000001,1.0985219806830205e-06,0.0,1.6869144969788862e-14,7.900022948211974,102.54664953956244,93.01121116867313,209.20799255371094,133.59300231933594,217.10699462890625,133.46600341796875
64.4,1.3731551664657451e-06,0.0,1.6869144969788862e-14,7.900022948211974,102.54664953956244,93.01121116867313,209.20799255371094,133.59300231933594,217.10699462890625,133.46600341796875
64.45,1.613455257106728e-06,0.0,1.6869144969788862e-14,7.900022948211974,102.54664953956244,93.01121116867313,209.20799255371094,133.59300231933594,217.10699462890625,133.46600341796875
64.5,1.853758938573482e-06,0.0,1.6869144969788862e-14,7.900022948211974,102.54664953956244,93.01121116867313,209.20799255371094,133.59300231933594,217.10699462890625,133.46600341796875
64.55,0.0,0.0,1.6869144969788862e-14,7.900022948211974,102.54664953956244,93.01121116867313,209.20799255371094,133.59300231933594,217.10699462890625,133.46600341796875
64.60000000000001,2.746308676441253e-07,0.0,1.6869144969788862e-14,7.900022948211974,102.54664953956244,93.01121116867313,209.20799255371094,133.59300231933594,217.10699462890625,133.46600341796875
64.65,5.149332247942001e-07,0.0,1.6869144969788862e-14,7.900022948211974,102.54664953956244,93.01121116867313,209.20799255371094,133.59300231933594,217.10699462890625,133.46600341796875
64.7,7.552332152481065e-07,0.0,1.6869144969788862e-14,7.900022948211974,102.54664953956244,93.01121116867313,209.20799255371094,133.59300231933594,217.10699462890625,133.46600341796875
64.75,9.955368339496236e-07,0.0,1.6869144969788862e-14,7.900022948211974,102.54664953956244,93.01121116867313,209.20799255371094,133.59300231933594,217.10699462890625,133.46600341796875
64.8,1.2358368651351487e-06,0.0,1.6869144969788862e-14,7.900022948211974,102.54664953956244,93.01121116867313,209.20799255371094,133.59300231933594,217.10699462890625,133.46600341796875
64.85000000000001,1.4761405082497283e-06,0.0,1.6869144969788862e-14,7.900022948211974,102.54664953956244,93.01121116867313,209.20799255371094,133.59300231933594,217.10699462890625,133.46600341796875
64.9,1.7507700337361623e-06,0.0,1.6869144969788862e-14,7.900022948211974,102.54664953956244,93.01121116867313,209.20799255371094,133.59300231933594,217.10699462890625,133.46600341796875
64.95,1.9910738267174585e-06,0.0,1.6869144969788862e-14,7.900022948211974,102.54664953956244,93.01121116867313,209.20799255371094,133.59300231933594,217.10699462890625,133.46600341796875
65.0,1.7164404359299958e-07,0.0,1.6869144969788862e-14,7.900022948211974,102.54664953956244,93.01121116867313,209.20799255371094,133.59300231933594,217.10699462890625,133.46600341796875
65.05,4.11944722806266e-07,0.0,1.6869144969788862e-14,7.900022948211974,102.54664953956244,93.01121116867313,209.20799255371094,133.59300231933594,217.10699462890625,133.46600341796875
65.10000000000001,6.522484702653081e-07,0.0,1.6869144969788862e-14,7.900022948211974,102.54664953956244,93.01121116867313,209.20799255371094,133.59300231933594,217.10699462890625,133.46600341796875
65.15,8.925516916992179e-07,0.0,1.6869144969788862e-14,7.900022948211974,102.54664953956244,93.01121116867313,209.20799255371094,133.59300231933594,217.10699462890625,133.46600341796875
65.2,1.1671812992876133e-06,0.0,1.6869144969788862e-14,7.900022948211974,102.54664953956244,93.01121116867313,209.20799255371094,133.59300231933594,217.10699462890625,133.46600341796875
65.25,1.4074813373866422e-06,0.0,1.6869144969788862e-14,7.900022948211974,102.54664953956244,93.01121116867313,209.20799255371094,133.59300231933594,217.10699462890625,133.46600341796875
65.3,1.64778504704598e-06,0.0,1.6869144969788862e-14,7.900022948211974,102.54664953956244,93.01121116867313,209.20799255371094,133.59300231933594,217.10699462890625,133.46600341796875
65.35000000000001,1.8880849365670227e-06,0.0,1.6869144969788862e-14,7.900022948211974,102.54664953956244,93.01121116867313,209.20799255371094,133.59300231933594,217.10699462890625,133.46600341796875
65.4,6.865783360409759e-08,0.0,1.6869144969788862e-14,7.900022948211974,102.54664953956244,93.01121116867313,209.20799255371094,133.59300231933594,217.10699462890625,133.46600341796875
65.45,3.089596464977255e-07,0.0,1.6869144969788862e-14,7.900022948211974,102.54664953956244,93.01121116867313,209.20799255371094,133.59300231933594,217.10699462890625,133.46600341796875
65.5,5.835888323817755e-07,0.0,1.6869144969788862e-14,7.900022948211974,102.54664953956244,93.01121116867313,209.20799255371094,133.59300231933594,217.10699462890625,133.46600341796875
65.55,7.895634036657737e-07,0.0,1.6869144969788862e-14,7.900022948211974,102.54664953956244,93.01121116867313,209.20799255371094,133.59300231933594,217.10699462890625,133.46600341796875
65.60000000000001,1.0641924713984712e-06,0.0,1.6869144969788862e-14,7.900022948211974,102.54664953956244,93.01121116867313,209.20799255371094,133.59300231933594,217.10699462890625,133.46600341796875
65.65,1.3044959931576766e-06,0.0,1.6869144969788862e-14,7.900022948211974,102.54664953956244,93.01121116867313,209.20799255371094,133.59300231933594,217.10699462890625,133.46600341796875
65.7,1.579125598417353e-06,0.0,1.6869144969788862e-14,7.900022948211974,102.54664953956244,93.01121116867313,209.20799255371094,133.59300231933594,217.10699462890625,133.46600341796875
65.75,1.7850996571915036e-06,0.0,1.6869144969788862e-14,7.900022948211974,102.54664953956244,93.01121116867313,209.20799255371094,133.59300231933594,217.10699462890625,133.46600341796875
65.8,2.0254032148872943e-06,0.0,1.6869144969788862e-14,7.900022948211974,102.54664953956244,93.01121116867313,209.20799255371094,133.59300231933594,217.10699462890625,133.46600341796875
65.85000000000001,2.059737764042551e-07,0.0,1.6869144969788862e-14,7.900022948211974,102.54664953956244,93.01121116867313,209.20799255371094,133.59300231933594,217.10699462890625,133.46600341796875
65.9,4.462740299595905e-07,0.0,1.6869144969788862e-14,7.900022948211974,102.54664953956244,93.01121116867313,209.20799255371094,133.59300231933594,217.10699462890625,133.46600341796875
65.95,7.209074220081551e-07,0.0,1.6869144969788862e-14,7.900022948211974,102.54664953956244,93.01121116867313,209.20799255371094,133.59300231933594,217.10699462890625,133.46600341796875
66.0,9.268786508057674e-07,0.0,1.6869144969788862e-14,7.900022948211974,102.54664953956244,93.01121116867313,209.20799255371094,133.59300231933594,217.10699462890625,133.46600341796875
66.05,1.2015108302804231e-06,0.0,1.6869144969788862e-14,7.900022948211974,102.54664953956244,93.01121116867313,209.20799255371094,133.59300231933594,217.10699462890625,133.46600341796875
66.10000000000001,1.4761404348032673e-06,0.0,1.6869144969788862e-14,7.900022948211974,102.54664953956244,93.01121116867313,209.20799255371094,133.59300231933594,217.10699462890625,133.46600341796875
66.15,1.7164405206932116e-06,0.0,1.6869144969788862e-14,7.900022948211974,102.54664953956244,93.01121116867313,209.20799255371094,133.59300231933594,217.10699462890625,133.46600341796875
66.2,1.9567440523995107e-06,0.0,1.6869144969788862e-14,7.900022948211974,102.54664953956244,93.01121116867313,209.20799255371094,133.59300231933594,217.10699462890625,133.46600341796875
66.25,1.0298746024930093e-07,5.4912993076357814,0.5491299307635951,8.000016329236743,102.54664953956244,93.11122351280618,209.20799255371094,133.59300231933594,217.20700073242188,133.46600341796875
66.3,3.776184052401885e-07,11.298309869055876,1.6789609176691827,8.1539890736486,102.54664953956244,93.26521639694424,209.20799255371094,133.59300231933594,217.36099243164062,133.46600341796875
66.35000000000001,6.17918499545342e-07,12.958491734421234,2.974810091111306,8.331976858580942,102.54664953956244,93.44322838981044,209.20799255371094,133.59300231933594,217.53900146484375,133.46600341796875
66.4,8.582220277138486e-07,13.573536791622407,4.332163770273547,8.521943115543136,102.54664953956244,93.63324295283363,209.20799255371094,133.59300231933594,217.72900390625,133.4669952392578
66.45,1.1328515626272536e-06,14.915709205540487,5.823734690827595,8.728922416523421,102.54664953956244,93.84025569743247,209.20799255371094,133.59300231933594,217.93600463867188,133.4669952392578
66.5,1.3388260877548921e-06,15.372876272090018,7.361022318036598,8.944889686616735,102.54664953956244,94.05625366644246,209.20799255371094,133.59300231933594,218.15199279785156,133.4669952392578
66.55,1.6134552369034065e-06,16.487577051246614,9.009780023161259,9.174879569372441,102.54664953956244,94.28627063678071,209.20799255371094,133.59300231933594,218.3820037841797,133.4669952392578
66.60000000000001,1.7850996163857983e-06,16.8343572634534,10.6932157495066,9.410851151350032,102.54664953956244,94.52226559133267,209.20799255371094,133.59300231933594,218.6179962158203,133.4669952392578
66.65,0.0,17.75424420012563,12.468640169519162,9.657839265611225,102.54664953956244,94.76927550762652,209.20799255371094,133.59300231933594,218.86500549316406,133.4669952392578
66.7,0.049774342687070386,18.153634219353638,14.284003591454526,9.907818379600737,102.54664961953976,95.01927551067797,209.20799255371094,133.59300231933594,219.11500549316406,133.4669952392578
66.75,0.00896751818732389,17.898069843717735,15.524680645062721,10.163794436397746,102.54664977949442,95.27527255017188,209.20799255371094,133.59300231933594,219.37100219726562,133.4669952392578
66.8,0.023098359743970284,20.00307278415617,16.39515693657275,10.4367685362155,102.54664981942487,95.54826792659891,209.20799255371094,133.59300231933594,219.6439971923828,133.4669952392578
66.85000000000001,0.008695078075399163,18.58638103610113,16.957945866740737,10.699749767371662,102.54665000941468,95.81126923073835,209.20799255371094,133.59300231933594,219.90699768066406,133.4669952392578
66.9,0.008416005616734728,20.76888607329831,17.677480794908327,10.983726748939391,102.54665016948574,96.09526629814142,209.20799255371094,133.59300231933594,220.1909942626953,133.4669952392578
66.95,0.023827752816997873,19.28352773041175,18.114262647395456,11.255700796915454,102.546650399406,96.36727207251934,209.20799255371094,133.59300231933594,220.46299743652344,133.46800231933594
67.0,0.008243469660612493,21.37790542862945,18.714765563049397,11.547690408320399,102.54665050941848,96.65927985965331,209.20799255371094,133.59300231933594,220.7550048828125,133.46800231933594
67.05,0.04214702585150713,19.845239906452505,19.05053184856999,11.828664650653671,102.54665073945516,96.94027094860104,209.20799255371094,133.59300231933594,221.03599548339844,133.46800231933594
67.10000000000001,0.02795736519848712,21.871910871531664,19.554287209377815,12.126652398329933,102.5476578195393,97.23928235878262,209.20899963378906,133.59300231933594,221.3350067138672,133.46800231933594
67.15,0.0631487055789207,20.30015100624137,19.80887788998939,12.41263285215033,102.5476580095291,97.52527813783283,209.20899963378906,133.59300231933594,221.62100219726562,133.46800231933594
67.2,0.050079606922517735,22.27218098385809,20.220732566439832,12.71660329930655,102.5486650896104,97.83027089952495,209.2100067138672,133.59300231933594,221.92599487304688,133.46800231933594
67.25,0.08642198309218652,20.668672180423957,20.497792800110453,13.00760505376037,102.54965691091765,98.12227853263212,209.21099853515625,133.59300231933594,222.21800231933594,133.46800231933594
67.3,0.0751377620071103,22.59639061731355,20.757124583426194,13.315574495192733,102.55066399099894,98.43126905552353,209.21200561523438,133.59300231933594,222.52699279785156,133.46800231933594
67.35000000000001,0.11399438771896911,20.967322164667728,20.995218696282855,13.609568076421438,102.55266289237176,98.72727443976308,209.21400451660156,133.59300231933594,222.822998046875,133.46800231933594
67.4,0.10518263900440557,22.858861980463768,21.204216286999397,13.921566884744596,102.55365471366692,99.0402780071194,209.21499633789062,133.59300231933594,223.13600158691406,133.46800231933594
67.45,0.14644298798359365,21.20934533429063,21.396798047387286,14.218543477478832,102.55565361504313,99.33927573449006,209.2169952392578,133.59300231933594,223.43499755859375,133.468994140625
67.5,0.13893624118543288,23.071331506797925,21.566140655204133,14.532542380098844,102.55765251641192,99.65528527547258,209.218994140625,133.59300231933594,223.75100708007812,133.468994140625
67.55,0.180760338603181,21.40554287778246,21.72217095233713,14.832519415888214,102.55965141778813,99.95727206614107,209.2209930419922,133.59300231933594,224.05299377441406,133.468994140625
67.60000000000001,0.17436563487343307,23.243301571815863,21.859310022365552,15.147511052702193,102.56265739923371,100.27528050364931,209.2239990234375,133.59300231933594,224.37100219726562,133.468994140625
67.65,0.21822050012373131,21.56451613163279,21.985746534904692,15.44948778003232,102.56566338068502,100.5802732639436,209.2270050048828,133.59300231933594,224.67599487304688,133.468994140625
67.7,0.213129363568857,23.382548142983463,22.096783250817232,15.766494356822541,102.56865410334234,100.9002805987402,209.22999572753906,133.59300231933594,224.99600219726562,133.468994140625
67.75,0.25783777518072876,21.69335798485043,22.19925183125988,16.0694789003475,102.57166008479139,101.20628042826635,209.23300170898438,133.59300231933594,225.302001953125,133.468994140625
67.8,0.2574597743355845,23.49529904725111,22.289142674253632,16.387478025365752,102.5746508074487,101.5272795807873,209.23599243164062,133.59300231933594,225.6230010986328,133.468994140625
67.85000000000001,0.6752196275928477,21.797757280806177,22.372186185867477,16.688464408254045,102.58165459219609,101.83527830103175,209.2429962158203,133.59300231933594,225.93099975585938,133.468994140625
67.9,0.8765447137967068,23.586592544081004,22.444959242229203,17.00044508848367,102.59270217788315,102.15827635207934,209.25399780273438,133.5919952392578,226.25399780273438,133.468994140625
67.95,1.1875244000508012,21.882319699141433,22.512256678714284,17.29445104207782,102.60773533882079,102.46728214307127,209.2689971923828,133.59300231933594,226.56300354003906,133.468994140625
68.0,1.1937169201168565,23.660500426214263,22.57117357065592,17.60043599609872,102.62473362997113,102.79028176212691,209.28599548339844,133.59300231933594,226.88600158691406,133.47000122070312
68.05,1.2673264873026453,21.950861246087253,22.625705407486397,17.893421314029826,102.64176172756918,103.10027936653292,209.30299377441406,133.5919952392578,227.1959991455078,133.47000122070312
68.10000000000001,1.3110155993873698,23.720332287581016,22.67340847906291,18.20040587308788,102.65976709869715,103.42527631571805,209.3209991455078,133.5919952392578,227.52099609375,133.47000122070312
68.15,1.3761509660193925,22.006408267021204,22.717597692601753,18.492391590956444,102.67777246981811,103.7352739138435,209.33900451660156,133.5919952392578,227.83099365234375,133.47000122070312
68.2,1.5033677773231717,23.76878660428785,22.75622153873219,18.79840005305664,102.69776148350056,104.0612779424467,209.35899353027344,133.5919952392578,228.15699768066406,133.47000122070312
68.25,1.575022184155358,22.05140859819843,22.792026600066993,19.087395513339512,102.7197646573295,104.37228261545428,209.38099670410156,133.5919952392578,228.46800231933594,133.47000122070312
68.3,1.7375544813425698,23.80799021751086,22.823295717092968,19.390383194974056,102.74277491123733,104.69828664379874,209.4040069580078,133.5919952392578,228.79400634765625,133.47000122070312
68.35000000000001,2.0063459219555497,22.08791183600052,22.852311172612403,19.674374228676857,102.76976770916981,105.00927605393562,209.43099975585938,133.5919952392578,229.10499572753906,133.47000122070312
68.4,2.339075135713652,23.839778157541044,22.877629733958408,19.970373871514106,102.80077356869879,105.33628716236349,209.46200561523438,133.5919952392578,229.4320068359375,133.47000122070312
68.45,2.5213611082056104,22.117468047982154,22.901144568842476,20.2483747190567,102.8347850639121,105.64828364909327,209.49600219726562,133.59300231933594,229.74400329589844,133.47000122070312
68.5,2.540318933542294,23.865446440905178,22.92163917031157,20.54035568058509,102.86978872602164,105.97528100307368,209.531005859375,133.59300231933594,230.0709991455078,133.4709930419922
68.55,2.558840804501487,22.141443635699773,22.940697409272822,20.816351846546958,102.90578420945928,106.28727748700452,209.56700134277344,133.59300231933594,230.38299560546875,133.4709930419922
68.60000000000001,2.579922441020506,23.886253330163314,22.957289513531048,21.10835434678992,102.94078787165094,106.61428859591344,209.6020050048828,133.59300231933594,230.7100067138672,133.4709930419922
68.65,2.627453256523309,22.16084623081124,22.97273330991005,21.385342572428016,102.97678335512674,106.92727689870357,209.63800048828125,133.59300231933594,231.0229949951172,133.4709930419922
68.7,2.710235375477999,23.9031017497209,22.986164824453358,21.67434900994922,103.01479108443046,107.25428800799634,209.67599487304688,133.5919952392578,231.35000610351562,133.4709930419922
68.75,2.8393133045820425,22.17661480869865,22.998685445503376,21.949328987089892,103.0528140671379,107.56727630881055,209.71400451660156,133.59300231933594,231.66299438476562,133.4709930419922
68.8,3.005964638833234,23.91674528654507,23.0095609524068,22.235335368173807,103.09381443335033,107.89428741851115,209.7550048828125,133.59300231933594,231.99000549316406,133.4709930419922
68.85000000000001,3.1984781701230065,22.189358756810257,23.019705644487775,22.50532036272871,103.13681370094577,108.20727571763695,209.79800415039062,133.59300231933594,232.30299377441406,133.4709930419922
68.9,3.380116132184901,23.92776071266622,23.028503900000292,22.78732921000256,103.18280369120939,108.53527864907369,209.843994140625,133.59300231933594,232.63099670410156,133.4709930419922
68.95,3.5467423078618308,22.199726946973232,23.0367297898994,23.051317776052716,103.23181492169842,108.8482822055851,209.89300537109375,133.59300231933594,232.94400024414062,133.4709930419922
69.0,3.7085765052938493,23.936688756476546,23.043854021456536,23.329323820549547,103.28180271467862,109.17628668349471,209.9429931640625,133.59300231933594,233.27200317382812,133.4720001220703
69.05,3.860244564890049,22.208114191782578,23.05052107706482,23.589314866400763,103.33481174788778,109.48929023879197,209.99600219726562,133.59300231933594,233.5850067138672,133.4720001220703
69.10000000000001,3.9987366451460207,23.943889902785653,23.05628473432705,23.86230631189758,103.38980442367034,109.81727791231158,210.05099487304688,133.59300231933594,233.91299438476562,133.4720001220703
69.15,4.114944575865417,22.214918742039902,23.06169198544992,24.119306825026026,103.44580417952973,110.13028146655573,210.10699462890625,133.59300231933594,234.2259979248047,133.4720001220703
69.2,4.218444758183281,23.94975725312975,23.066357535790804,24.389307738082415,103.50380283675909,110.45828439925401,210.1649932861328,133.59300231933594,234.5540008544922,133.4720001220703
69.25,4.330692945592044,22.22042555039722,23.07073860996066,24.643287186709458,103.563815654145,110.77227977385165,210.22500610351562,133.59300231933594,234.8679962158203,133.4720001220703
69.3,4.442112720279191,23.954472763785624,23.074511357684713,24.910297552963822,103.62480503403128,111.10028270693896,210.28599548339844,133.59300231933594,235.1959991455078,133.4720001220703
69.35000000000001,4.560121019724466,22.224926438615444,23.078068125865233,25.16029463135462,103.68780857407233,111.41328625955458,210.3489990234375,133.59300231933594,235.50900268554688,133.4720001220703
69.4,4.695912845218984,23.9582887758455,23.08112093218316,25.424299179014362,103.75180393540099,111.74128919301987,210.41299438476562,133.59300231933594,235.83700561523438,133.4720001220703
69.45,4.843945159009573,22.228526116633162,23.084000849149152,25.671290425877483,103.8188052781746,112.05528456622542,210.47999572753906,133.59300231933594,236.1510009765625,133.4720001220703
69.5,4.994713166919272,23.9613855323278,23.086470526734278,25.931277394400805,103.88681370102687,112.38328904606266,210.54800415039062,133.59300231933594,236.47900390625,133.47300720214844
69.55,5.140116890301208,22.23147692457179,23.088806800013195,26.17327922075925,103.9578128465357,112.6962925974654,210.61900329589844,133.59300231933594,236.79200744628906,133.47300720214844
69.60000000000001,5.276233240546869,23.96386946161157,23.09080475589579,26.429273261148627,104.0298038133332,113.02428027279926,210.6909942626953,133.59300231933594,237.1199951171875,133.47300720214844
69.65,5.401981227319354,22.233890440683826,23.09270192576018,26.668269232020116,104.1048160203645,113.3382909037672,210.76600646972656,133.59300231933594,237.4340057373047,133.47300720214844
69.7,5.519089061476745,23.96588475866391,23.094314676313598,26.92026560686155,104.18080478989589,113.66627857938792,210.8419952392578,133.59300231933594,237.76199340820312,133.47300720214844
69.75,5.63184100877534,22.23579756279598,23.09585187755348,27.157262783845898,104.25781589829495,113.98028920990944,210.91900634765625,133.59300231933594,238.0760040283203,133.47300720214844
69.8,5.7447731925963845,23.96754128574815,23.09715872974973,27.406268554423736,104.33681064927264,114.30829214456809,210.9980010986328,133.59300231933594,238.4040069580078,133.47300720214844
69.85000000000001,5.860909011631441,22.237381966845245,23.09840428257271,27.639268048137456,104.4178043016171,114.62228751594071,211.07899475097656,133.59300231933594,238.71800231933594,133.47300720214844
69.9,5.9818693747486416,23.968837325717665,23.099459137559926,27.884265162985685,104.50081803930898,114.9502904508345,211.16200256347656,133.593994140625,239.04600524902344,133.47300720214844
69.95,6.107797152844949,22.238677984191987,23.100474324315808,28.114258742620084,104.58481767309812,115.26428582189119,211.24600219726562,133.593994140625,239.36000061035156,133.47300720214844
70.0,6.237721250940254,23.96991707374949,23.10132747845798,28.356260915853976,104.67081620825437,115.59228875699787,211.33200073242188,133.593994140625,239.68800354003906,133.47300720214844
70.05,6.37056145054551,22.239685614818224,23.102148347482622,28.583244430680278,104.75782182348881,115.90628569421673,211.41900634765625,133.593994140625,240.0019989013672,133.4739990234375
70.10000000000001,6.505201521313979,23.97078052933751,23.102839454255214,28.82124894290369,104.84781816137964,116.23428862952635,211.50900268554688,133.593994140625,240.3300018310547,133.4739990234375
70.15,6.640057458221882,22.240549053127502,23.103505315499582,29.043247155062783,104.93882157934858,116.54729217881743,211.60000610351562,133.593994140625,240.64300537109375,133.4739990234375
70.2,6.77412160101716,23.971465457789936,23.104063385412182,29.278245776157643,105.03281571997387,116.87628693556239,211.69400024414062,133.593994140625,240.9720001220703,133.4739990234375
70.25,6.906745513872457,22.241233966055994,23.104607025738186,29.496246277629748,105.1278169406771,117.18929048463208,211.78900146484375,133.593994140625,241.28500366210938,133.4739990234375
70.3,7.037893557932572,23.972040523529888,23.10505694951636,29.72823900214326,105.22481706274749,117.51828524152802,211.88600158691406,133.593994140625,241.61399841308594,133.4739990234375
70.35000000000001,7.155865729679645,22.24177296902335,23.10549604973417,29.942241787428,105.32381608618499,117.83128879041631,211.98500061035156,133.593994140625,241.927001953125,133.4739990234375
70.4,7.2700935472296555,23.972473110627643,23.10585962822517,30.17122861034691,105.4238221897008,118.16028354744385,212.0850067138672,133.593994140625,242.25599670410156,133.4739990234375
70.45,7.4092337069825565,22.24224159276436,23.106215989082408,30.382240746614514,105.52581193579462,118.47328709616883,212.18699645996094,133.593994140625,242.56900024414062,133.4739990234375
70.5,7.57566204090999,23.972869649070137,23.10651124661447,30.60722984977832,105.62981584204532,118.80228185332828,212.29100036621094,133.593994140625,242.8979949951172,133.4739990234375
70.55,7.756813738883995,22.24260207169807,23.106802892302454,30.813233282546964,105.73681047095434,119.11528702203974,212.3979949951172,133.593994140625,243.21099853515625,133.47500610351562
70.60000000000001,7.941421884188553,23.97315804105868,23.107040643474573,31.033217616190193,105.84581926002133,119.44428177930234,212.5070037841797,133.593994140625,243.5399932861328,133.47500610351562
70.65,8.121205497679425,22.2428887374004,23.107274611901865,31.234220176177544,105.95781877174446,119.75728532777799,212.61900329589844,133.593994140625,243.85299682617188,133.47500610351562
70.7,8.290946031188936,23.97337261875808,23.107465327998675,31.449230223623225,106.07181718483321,120.0862953439277,212.73300170898438,133.593994140625,244.1820068359375,133.47500610351562
70.75,8.448302039884855,22.243141072268184,23.107656038619893,31.645216518679106,106.18882591335445,120.39928363349924,212.85000610351562,133.59500122070312,244.4949951171875,133.47500610351562
70.8,8.594498331944076,23.97358891311796,23.1078108775787,31.856228805922825,106.30682212917492,120.72829364974704,212.96800231933594,133.59500122070312,244.82400512695312,133.47500610351562
70.85000000000001,8.731550217294933,22.24332131031618,23.107965711707983,32.04821353575907,106.42782432644064,121.0412819392234,213.08900451660156,133.59500122070312,245.13699340820312,133.47500610351562
70.9,8.86244632221384,23.973733109684197,23.10809171161364,32.255228085450895,106.54981834499596,121.37029195553885,213.21099853515625,133.59500122070312,245.46600341796875,133.47500610351562
70.95,8.991794031900307,22.243501549178188,23.108217707255022,32.443230331786914,106.67481834499692,121.6832955037238,213.33599853515625,133.59500122070312,245.7790069580078,133.47500610351562
71.0,9.123518400660982,23.97384125741035,23.108314868089046,32.646216623145314,106.80082542507604,122.01229026132854,213.46200561523438,133.59500122070312,246.10800170898438,133.47500610351562
71.05,9.26020977829346,22.24360969104974,23.10841563002421,32.83221640226513,106.92782432644393,122.32529538083524,213.58900451660156,133.59500122070312,246.42100524902344,133.4759979248047
71.10000000000001,9.402985712485409,23.973949405143713,23.108494766432717,33.03122023009294,107.05781395046756,122.65429013850037,213.718994140625,133.59500122070312,246.75,133.4759979248047
71.15,9.551198169268773,22.243753882445546,23.108581280937234,33.212218817432266,107.18981773464726,122.96729368654904,213.8509979248047,133.59500122070312,247.06300354003906,133.4759979248047
71.2,9.703153692205062,23.974021503867778,23.108646169448203,33.40720963866168,107.32382042019415,123.29628844426873,213.98500061035156,133.59500122070312,247.39199829101562,133.4759979248047
71.25,9.857162283707781,22.243825976812374,23.108714659902624,33.58520228951665,107.45982200710834,123.61028381351137,214.12100219726562,133.59500122070312,247.70599365234375,133.4759979248047
71.3,10.011673841707191,23.974093602593403,23.108765128850166,33.77520705422727,107.59782605949589,123.938286750001,214.25900268554688,133.5959930419922,248.03399658203125,133.4759979248047
71.35000000000001,10.151425957171817,22.243898071590756,23.108822804977624,33.94921719190624,107.73782544914438,124.25229737798972,214.3990020751953,133.5959930419922,248.34800720214844,133.4759979248047
71.4,10.254026228185918,23.974165701339754,23.10886606414318,34.135205416536046,107.87982374016035,124.58028505573752,214.54100036621094,133.5959930419922,248.67599487304688,133.4759979248047
71.45,10.328329836950667,22.243934117674044,23.10890932099277,34.306209614029854,108.022829111257,124.89429568368377,214.6840057373047,133.5959930419922,248.99000549316406,133.4759979248047
71.5,10.397233813579051,23.974201750995704,23.1089453703513,34.490198973234165,108.16682630364568,125.22228336147045,214.8280029296875,133.5959930419922,249.3179931640625,133.4759979248047
71.55,10.472618027530112,22.24400621292992,23.108985022539322,34.65920083080556,108.31183057611271,125.5362956043067,214.97300720214844,133.5959930419922,249.6320037841797,133.4770050048828
71.60000000000001,10.563373658945315,23.974237800711034,23.109013862096052,34.84021478444548,108.45881849115567,125.8642985409129,215.1199951171875,133.5959930419922,249.9600067138672,133.4770050048828
71.65,10.673822299639511,22.244040543322576,23.109042528183757,35.007206002506706,108.60582166498506,126.17829390998583,215.26699829101562,133.5959930419922,250.2740020751953,133.4770050048828
71.7,10.803097901747355,23.974237801538806,23.109064157950858,35.186205828440876,108.75482374018041,126.5062968466229,215.41600036621094,133.5959930419922,250.6020050048828,133.4770050048828
71.75,10.946162236570755,22.24407659046139,23.109089219315756,35.3482074696765,108.90681653803237,126.8202922156692,215.5679931640625,133.5959930419922,250.91600036621094,133.4770050048828
71.8,11.098153791314298,23.974273851172583,23.10910724417368,35.52321292257814,109.05981973034301,127.14829515232272,215.7209930419922,133.5970001220703,251.24400329589844,133.4770050048828
71.85000000000001,11.253998283275802,22.24407658889357,23.109125095903956,35.6821933426602,109.21483376843145,127.46229052134242,215.87600708007812,133.5970001220703,251.55799865722656,133.4770050048828
71.9,11.407969964126787,23.974309900721483,23.10913951584213,35.852205813782625,109.3728232703868,127.79029345802691,216.03399658203125,133.5970001220703,251.88600158691406,133.4770050048828
71.95,11.542682076232959,22.24411263650819,23.109157367725544,36.00619665400731,109.53282693249767,128.10428882703113,216.19400024414062,133.5970001220703,252.1999969482422,133.4770050048828
72.0,11.634121784834745,23.974309901372724,23.109168182763245,36.17320317731985,109.69382241589611,128.4322917637466,216.35499572753906,133.5970001220703,252.5279998779297,133.4770050048828
72.05,11.690174330061906,22.244148684626563,23.109182429932908,36.32519514222656,109.85582497937445,128.74628713273316,216.51699829101562,133.5970001220703,252.8419952392578,133.4770050048828
72.10000000000001,11.735461981920212,23.974309902063837,23.109189640068188,36.49019954302881,110.0188193641455,129.0742915689972,216.67999267578125,133.5970001220703,253.1699981689453,133.47799682617188
72.15,11.78103804302304,22.2441486837605,23.10920045411198,36.641184461025425,110.18182900770736,129.3882869379595,216.84300231933594,133.5970001220703,253.48399353027344,133.47799682617188
72.2,11.832338139316295,23.974345951505263,23.109211269108627,36.80518506490934,110.34583047255788,129.71628987469987,217.0070037841797,133.5970001220703,253.81199645996094,133.47799682617188
72.25,11.898613984885747,22.244148682860125,23.109218478348502,36.954201622933134,110.51082375869463,130.0303005024244,217.1719970703125,133.5970001220703,254.12600708007812,133.47799682617188
72.3,11.987353455849002,23.974345952117858,23.10922568844303,37.11619133410209,110.6768271797221,130.35828818039056,217.33799743652344,133.59800720214844,254.45399475097656,133.47799682617188
72.35000000000001,12.09719015668149,22.244148682310414,23.109232897784715,37.26319374237721,110.84383462601117,130.6722988081085,217.5050048828125,133.59800720214844,254.76800537109375,133.47799682617188
72.4,12.225529341940012,23.97434595274589,23.109236502987155,37.422189503469035,111.0128257148791,131.00028648609128,217.6739959716797,133.59800720214844,255.0959930419922,133.47799682617188
72.45,12.362941675757265,22.244184730730236,23.10924371240936,37.565194141854185,111.18383096390475,131.3142971137916,217.84500122070312,133.59800720214844,255.41000366210938,133.47799682617188
72.5,12.499166123525756,23.9743459531939,23.10924731759148,37.720192133566194,111.35683511429826,131.6423000505631,218.01800537109375,133.59800720214844,255.73800659179688,133.47799682617188
72.55,12.64338141099118,22.244184730396512,23.109250922168474,37.859199000807735,111.53182290727004,131.95629541946596,218.1929931640625,133.59800720214844,256.052001953125,133.47799682617188
72.60000000000001,12.813589679695399,23.974345953742315,23.109254527336322,38.01019605554075,111.70882486039898,132.28429990228886,218.3699951171875,133.59800720214844,256.3800048828125,133.47900390625
72.65,13.007954141706916,22.244184729879898,23.10925813194826,38.14518990295882,111.88782571489762,132.59829527119172,218.5489959716797,133.59800720214844,256.6940002441406,133.47900390625
72.7,13.2105257472565,23.974345954288285,23.109258132226564,38.29019347259207,112.07082437213226,132.92629820799445,218.73199462890625,133.59800720214844,257.0220031738281,133.47900390625
72.75,13.408345764468208,22.24418472979276,23.109261736919827,38.41917539554252,112.25583718952235,133.24029357687976,218.91700744628906,133.59800720214844,257.33599853515625,133.47900390625
72.8,13.591657808339233,23.97434595474379,23.10926173718242,38.55919244865138,112.44382808717081,133.56829651368247,219.10499572753906,133.5989990234375,257.66400146484375,133.47900390625
72.85000000000001,13.754809926947448,22.244184729633545,23.109265341914732,38.68318476994724,112.63383052857878,133.8822918825612,219.2949981689453,133.5989990234375,257.9779968261719,133.47900390625
72.9,13.897693985304485,23.974345955320953,23.10926534217224,38.81918570497526,112.82583187135239,134.21029481936392,219.48699951171875,133.5989990234375,258.3059997558594,133.47900390625
72.95,14.012677953167085,22.244184729509442,23.109265342050158,38.93918025049269,113.01983211549324,134.52429018824046,219.68099975585938,133.5989990234375,258.6199951171875,133.47900390625
73.0,14.084461541115314,23.974345955752252,23.109265342305996,39.07217522677457,113.21483943971515,134.85229312505984,219.87600708007812,133.5989990234375,258.947998046875,133.47900390625
73.05,14.12200982898338,22.24418472938931,23.109265342205273,39.190170887662504,113.4108385852315,135.16628849392978,220.07200622558594,133.5989990234375,259.2619934082031,133.47900390625
73.10000000000001,14.158261218673436,23.97434595620241,23.109265342451284,39.32117922441518,113.60782955204122,135.49429293028942,220.2689971923828,133.5989990234375,259.5899963378906,133.47999572753906
73.15,14.216653504765862,22.24418472946255,23.10926534240955,39.43816782583035,113.80483577763752,135.80828829915058,220.46600341796875,133.5989990234375,259.90399169921875,133.47999572753906
73.2,14.306869251297002,23.97434595665729,23.10926534264645,39.569179194386926,114.00283382451754,136.13729831603248,220.66400146484375,133.5989990234375,260.2330017089844,133.47999572753906
73.25,14.43243698549839,22.244220778337734,23.109268947500947,39.682170017717425,114.20283077276045,136.4502866048398,220.86399841308594,133.5989990234375,260.5459899902344,133.47999572753906
73.3,14.588497761995775,23.974345957127923,23.10926894773936,39.810178448705045,114.40383732392588,136.77929662172377,221.06500244140625,133.60000610351562,260.875,133.47999572753906
73.35000000000001,14.764177736133874,22.244184729584354,23.109268947734442,39.9181644094276,114.60883915498316,137.09228491052227,221.27000427246094,133.60000610351562,261.18798828125,133.47999572753906
73.4,14.949252751161284,23.97434595755267,23.109268947957613,40.04118021274967,114.8148328073323,137.4212949274042,221.4759979248047,133.60000610351562,261.5169982910156,133.47999572753906
73.45,15.13436553462964,22.244220778540992,23.10927255286077,40.145168394219326,115.02383244112696,137.73428321620273,221.68499755859375,133.60000610351562,261.8299865722656,133.47999572753906
73.5,15.31026181504631,23.974345958024138,23.10927255308796,40.26217226759869,115.23583805636602,138.06329323309507,221.89700317382812,133.60000610351562,262.15899658203125,133.47999572753906
73.55,15.45660142567331,22.244220778705703,23.1092761580196,40.36117085218837,115.44982731418081,138.37628152189356,222.11099243164062,133.60000610351562,262.47198486328125,133.47999572753906
73.60000000000001,15.54476497523463,23.974345958479997,23.10927615824736,40.47516578938965,115.6648389108605,138.7052930800946,222.3260040283203,133.60000610351562,262.8009948730469,133.4810028076172
73.65,15.582961314432263,22.24422077892635,23.10927976319374,40.57118893476295,115.88183415012095,139.0183118864617,222.54299926757812,133.60000610351562,263.114013671875,133.4810028076172
73.7,15.601861187536013,23.97434595893,23.10927976342101,40.684164524457145,116.09783756809878,139.34729138579115,222.75900268554688,133.60000610351562,263.4429931640625,133.4810028076172
73.75,15.621876866137251,22.244220779199118,23.10927976350715,40.78116423241572,116.31483280736826,139.66128675462826,222.9759979248047,133.60000610351562,263.7569885253906,133.4810028076172
73.8,15.66025343367185,23.97434595937249,23.109279763731607,40.892174350018344,116.53183031328543,139.98928969147062,223.1929931640625,133.6009979248047,264.0849914550781,133.4810028076172
73.85000000000001,15.72840125417384,22.244220779421525,23.10928336871532,40.98816697956045,116.74983263262618,140.30328506030554,223.41099548339844,133.6009979248047,264.39898681640625,133.4810028076172
73.9,15.830246227277971,23.97434595972383,23.109283368932438,41.09616822706066,116.96983385333027,140.63128799715625,223.63099670410156,133.6009979248047,264.72698974609375,133.4810028076172
73.95,15.961896774061184,22.244220779512613,23.1092833690296,41.18915489199708,117.19084215411169,140.94528336599336,223.8520050048828,133.6009979248047,265.0409851074219,133.4810028076172
74.0,16.114465985175414,23.974345960079667,23.10928336923515,41.29416543395782,117.41383409747309,141.27328630284407,224.0749969482422,133.6009979248047,265.3689880371094,133.4810028076172
74.05,16.276536665137396,22.244220779874947,23.109283369352077,41.3831848341935,117.63884020099289,141.58731218924763,224.3000030517578,133.6009979248047,265.6830139160156,133.4810028076172
74.10000000000001,16.437385118549315,23.974345960510334,23.109283369555108,41.484167076850035,117.86582994709153,141.91528460852086,224.52699279785156,133.6009979248047,266.010986328125,133.4810028076172
74.15,16.588908955889355,22.244220780099102,23.109283369672386,41.56817876727955,118.09584093342356,142.22931206121868,224.7570037841797,133.6009979248047,266.32501220703125,133.48199462890625
74.2,16.726500702905497,23.974345960909538,23.10928336987034,41.66517849290277,118.32684374104305,142.55731499807771,224.98800659179688,133.6009979248047,266.65301513671875,133.48199462890625
74.25,16.83810118295648,22.24422078040555,23.109283369990983,41.745179998135974,118.560837271317,142.87131036690388,225.2220001220703,133.6009979248047,266.9670104980469,133.48199462890625
74.3,16.931304721128512,23.97434596130574,23.109283370184308,41.839191893110694,118.79483296875634,143.1993133037546,225.45599365234375,133.6020050048828,267.2950134277344,133.48199462890625
74.35000000000001,17.027282305802757,22.24422078064652,23.10928337030681,41.91717924365237,119.03084065918655,143.51330867258295,225.69200134277344,133.6020050048828,267.6090087890625,133.48199462890625
74.4,17.129989019709953,23.974345961681255,23.109283370502553,42.0081822895776,119.26784017090574,143.84131160943366,225.9290008544922,133.6020050048828,267.93701171875,133.48199462890625
74.45,17.242957661626615,22.24422078113333,23.109283370664624,42.083178932194414,119.50683858399192,144.1553069782533,226.16799926757812,133.6020050048828,268.2510070800781,133.48199462890625
74.5,17.357797413324096,23.974345962072213,23.10928337086388,42.17018419449882,119.74783589844512,144.48330991511236,226.40899658203125,133.6020050048828,268.5790100097656,133.48199462890625
74.55,17.477246282005627,22.24422078145979,23.109283371022364,42.242174870142875,119.98984029297638,144.797305283932,226.6510009765625,133.6020050048828,268.89300537109375,133.48199462890625
74.60000000000001,17.611777322159497,23.974345962465897,23.10928337121792,42.32617416573429,120.23384358887489,145.12530822079106,226.89500427246094,133.6020050048828,269.22100830078125,133.48199462890625
74.65,17.745913547381072,22.244220781802237,23.109283371388234,42.39517129400768,120.47883870606265,145.43930520461487,227.13999938964844,133.6020050048828,269.5350036621094,133.48300170898438
74.7,17.87958113826799,23.974345962847693,23.109283371582045,42.47517281060339,120.72683980469569,145.76730814147393,227.38800048828125,133.6020050048828,269.8630065917969,133.48300170898438
74.75,18.0237612685142,22.244220782156454,23.109283371757137,42.540174997152555,120.97583272461792,146.08130351029357,227.63699340820312,133.6020050048828,270.177001953125,133.48300170898438
74.8,18.17309236751482,23.974345963193965,23.109283371945956,42.61616625210715,121.22784891093886,146.40930644715263,227.88900756835938,133.60299682617188,270.5050048828125,133.48300170898438
74.85000000000001,18.312554636705933,22.24422078253022,23.10928337213433,42.67616357334109,121.48184672903898,146.72330181597226,228.14300537109375,133.60299682617188,270.8190002441406,133.48300170898438
74.9,18.441434130894088,23.974345963611725,23.109283372327376,42.74917659174293,121.73683635487457,147.05130475283133,228.3979949951172,133.60299682617188,271.1470031738281,133.48300170898438
74.95,18.576397749178998,22.244220782896218,23.109283372503665,42.80616794404603,121.99384013905454,147.36530012165096,228.65499877929688,133.60299682617188,271.46099853515625,133.48300170898438
75.0,18.714925115482263,23.97434596399907,23.10928337269635,42.87516791800886,122.25284282495953,147.69330305851003,228.91400146484375,133.60299682617188,271.78900146484375,133.48300170898438
75.05,18.856046263393406,22.244220783195587,23.10928337286993,42.92716966696815,122.51483623384581,148.00729842733838,229.17599487304688,133.60299682617188,272.1029968261719,133.48300170898438
75.10000000000001,18.99853384574965,23.974345964303343,23.109283373053675,42.99317893134996,122.77783672286039,148.3363084442536,229.43899536132812,133.60299682617188,272.4320068359375,133.48300170898438
75.15,19.141165606204574,22.244220783625387,23.10928337323599,43.041164881894446,123.04283611313656,148.64929830449492,229.70399475097656,133.60299682617188,272.7449951171875,133.48399353027344
75.2,19.283150209310907,23.97434596483024,23.109283373434245,43.10317636434097,123.30983440462145,148.9783083214018,229.9709930419922,133.60299682617188,273.0740051269531,133.48399353027344
75.25,19.423910863167617,22.244220783986652,23.109283373617266,43.147152026419356,123.5788468561226,149.29129661016523,230.24000549316406,133.60299682617188,273.3869934082031,133.48399353027344
75.3,19.553077525064953,23.974345965189674,23.109283373816837,43.20516850806904,123.84984482135427,149.6203066270784,230.51100158691406,133.60400390625,273.71600341796875,133.48399353027344
75.35000000000001,19.65074600446668,22.244220784157566,23.109283373979572,43.24615345703259,124.12184799533765,149.9332949158506,230.7830047607422,133.60400390625,274.02899169921875,133.48399353027344
75.4,19.716049410760384,23.97434596557274,23.109283374175675,43.30116118043774,124.3958500706512,150.2623049327575,231.0570068359375,133.60400390625,274.3580017089844,133.48399353027344
75.45,19.773758501106098,22.244220784569645,23.10928337434302,43.34016249517119,124.66983688714359,150.57529322152308,231.33099365234375,133.60400390625,274.6709899902344,133.48399353027344
75.5,19.84543395919773,23.974345965988867,23.109283374542,43.39416314326002,124.94484604247486,150.9043032384383,231.6060028076172,133.60400390625,275.0,133.48399353027344
75.55,19.937665874119876,22.244220784919875,23.109283374714426,43.43115030620193,125.22084701907164,151.21729152720388,231.8820037841797,133.60400390625,275.31298828125,133.48399353027344
75.60000000000001,20.054126097829702,23.9743459663745,23.10928337492154,43.48216024389194,125.49884689701645,151.5463015441191,232.16000366210938,133.60400390625,275.6419982910156,133.48399353027344
75.65,20.193482517585043,22.244220785234972,23.109283375082498,43.516156654068055,125.778847432945,151.8602985279429,232.44000244140625,133.60499572753906,275.95599365234375,133.48500061035156
75.7,20.349685808675233,23.974345966732923,23.109283375272767,43.56216172874518,126.06084511361,152.18830146480192,232.7220001220703,133.60499572753906,276.28399658203125,133.48500061035156
75.75,20.516329590671052,22.24422078556942,23.10928337543104,43.59216039393046,126.34484169564125,152.50229683362153,233.00599670410156,133.60499572753906,276.5979919433594,133.48500061035156
75.8,20.686969601747112,23.974345967119678,23.10928337562404,43.634152422871104,126.630852437829,152.83029977048056,233.29200744628906,133.60499572753906,276.9259948730469,133.48500061035156
75.85000000000001,20.842309452031657,22.24422078600973,23.10928337580926,43.65916148325378,126.91983864388399,153.14429513930017,233.58099365234375,133.60499572753906,277.239990234375,133.48500061035156
75.9,20.9678059539451,23.974345967524012,23.109283376004385,43.697155725017964,127.20984718880587,153.4722980761592,233.87100219726562,133.60499572753906,277.5679931640625,133.48500061035156
75.95,21.07278203416723,22.24422078628287,23.109283376175707,43.71915881554497,127.50183937630624,153.7862934449788,234.16299438476562,133.60499572753906,277.8819885253906,133.48500061035156
76.0,21.165734948182973,23.974345967905478,23.109283376367365,43.75315804354983,127.7958474487689,154.11429638183785,234.45700073242188,133.6060028076172,278.2099914550781,133.48500061035156
76.05,21.263798263598265,22.244220786633452,23.109283376538723,43.772155162934624,128.09084561771564,154.42829175065745,234.7519989013672,133.6060028076172,278.52398681640625,133.48500061035156
76.10000000000001,21.374713806222914,23.974345968264544,23.109283376727728,43.80415272179857,128.38685086674005,154.7562946875165,235.04800415039062,133.6060028076172,278.85198974609375,133.48500061035156
76.15,21.48469378376645,22.244220787073647,23.1092833769116,43.820159130102304,128.6848397583421,155.0702900563361,235.3459930419922,133.6060028076172,279.1659851074219,133.48500061035156
76.2,21.593557978050598,23.974345968634086,23.10928337710171,43.8491479935078,128.98385098881118,155.3982944927354,235.64500427246094,133.6060028076172,279.4939880371094,133.48599243164062
76.25,21.709082654403442,22.244220787326412,23.109283377277414,43.86217895020419,129.28484586185814,155.7123203791324,235.9459991455078,133.6060028076172,279.8080139160156,133.48599243164062
76.3,21.822842649964077,23.9743459689951,23.109283377464955,43.888149312406426,129.58684781498317,156.040292798414,236.2480010986328,133.6060028076172,280.135986328125,133.48599243164062
76.35000000000001,21.918602232439138,22.244220787712774,23.109283377635258,43.89817702165783,129.8908502874098,156.35431868481098,236.552001953125,133.60699462890625,280.45001220703125,133.48599243164062
76.4,21.99711842111135,23.974345969401835,23.10928337782304,43.92118718856144,130.19584296319144,156.68232162167,236.85699462890625,133.60699462890625,280.77801513671875,133.48599243164062
76.45,22.071710417366862,22.244220788118664,23.10928337800662,43.92918276332029,130.50184271905158,156.99631699048962,237.16299438476562,133.60699462890625,281.0920104980469,133.48599243164062
76.5,22.14752635407618,23.974345969783677,23.10928337819444,43.94918696029048,130.80984137627908,157.32431992734865,237.4709930419922,133.60699462890625,281.4200134277344,133.48599243164062
76.55,22.229462026782816,22.24422078846144,23.10928337837724,43.955168382566164,131.1178552922953,157.63831529616826,237.7790069580078,133.60699462890625,281.7340087890625,133.48599243164062
76.60000000000001,22.322018390763837,23.97434597015577,23.109283378566364,43.974180762091734,131.42684577081116,157.9663182330273,238.08799743652344,133.60699462890625,282.06201171875,133.48599243164062
76.65,22.427138658053902,22.244220788791665,23.109283378738162,43.977174255550366,131.7378520400176,158.2803136018469,238.3990020751953,133.60800170898438,282.3760070800781,133.48599243164062
76.7,22.54536185460187,23.974345970528645,23.10928337892762,43.992170806317475,132.05085558005678,158.60831808474072,238.71200561523438,133.60800170898438,282.7040100097656,133.48699951171875
76.75,22.675790214741408,22.24422078910445,23.109283379105424,43.99217080595496,132.36485094138536,158.92231345356032,239.0260009765625,133.60800170898438,283.01800537109375,133.48699951171875
76.80000000000001,22.814894302268613,23.97434597093184,23.109283379299097,44.00417942790405,132.68084520408158,159.25031639041936,239.3419952392578,133.60800170898438,283.34600830078125,133.48699951171875
76.85000000000001,22.95806677858841,22.244220789480888,23.109283379475908,44.00016638119132,132.99885362693436,159.56431175923896,239.66000366210938,133.60800170898438,283.6600036621094,133.48699951171875
76.9,23.101345692209996,23.97434597131485,23.10928337966721,44.00817721553614,133.31884569236527,159.892314696098,239.97999572753906,133.60800170898438,283.9880065917969,133.48699951171875
76.95,23.241457462342023,22.24422078983252,23.109283379838594,44.000166381198696,133.640851917952,160.2063100649176,240.302001953125,133.60800170898438,284.302001953125,133.48699951171875
77.0,23.37620652579567,23.974345971699016,23.109283380030128,44.00416690766887,133.96485856294825,160.53431300177664,240.62600708007812,133.60899353027344,284.6300048828125,133.48699951171875
77.05000000000001,23.505050438125835,22.24422079021686,23.109283380205675,43.9921735451982,134.29084733247973,160.84830837059624,240.95199584960938,133.60899353027344,284.9440002441406,133.48699951171875
77.10000000000001,23.628169434044075,23.9743459720494,23.109283380395034,43.994172439252885,134.6178584408782,161.17731838751146,241.2790069580078,133.60899353027344,285.27301025390625,133.48699951171875
77.15,23.74221784031834,22.244220790571894,23.109283380573057,43.97717421324267,134.94784501314382,161.49030667627704,241.60899353027344,133.60899353027344,285.58599853515625,133.48699951171875
77.2,23.85478995397634,23.97434597243053,23.109283380763248,43.97617961393854,135.2778468441986,161.81931823449474,241.93899536132812,133.60899353027344,285.9150085449219,133.48800659179688
77.25,23.981294122267954,22.24422079086154,23.109283380938955,43.9561601581148,135.61085465669865,162.13230652326033,242.27200317382812,133.60899353027344,286.2279968261719,133.48800659179688
77.30000000000001,24.120578467776795,23.974345972812984,23.10928338112707,43.95117055336679,135.9448542904877,162.46131654017555,242.6060028076172,133.60899353027344,286.5570068359375,133.48800659179688
77.35000000000001,24.271383021926617,22.244220791225363,23.109283381301516,43.92816317156191,136.28085433488883,162.77430482894113,242.94200134277344,133.61000061035156,286.8699951171875,133.48800659179688
77.4,24.43068310612942,23.974345973196407,23.10928338148967,43.919175779845176,136.6188517714127,163.10331484585635,243.27999877929688,133.61000061035156,287.1990051269531,133.48800659179688
77.45,24.583430889913622,22.24422079164228,23.109283381670647,43.89116075090165,136.95985518938207,163.41630313462193,243.62100219726562,133.61000061035156,287.5119934082031,133.48800659179688
77.5,24.703563009989946,23.974345973580693,23.109283381858813,43.87716849577385,137.3028575087181,163.74531315153715,243.96400451660156,133.61000061035156,287.84100341796875,133.48800659179688
77.55000000000001,24.78967525103814,22.244220791997236,23.10928338203685,43.847154573400005,137.64585982805428,164.05830144030273,244.3070068359375,133.61000061035156,288.15399169921875,133.48800659179688
77.60000000000001,24.859766311993074,23.974345973955426,23.109283382227453,43.83117868347827,137.99084578996968,164.38731145721795,244.65199279785156,133.61000061035156,288.4830017089844,133.48800659179688
77.65,24.92294626394584,22.244220792352994,23.10928338240556,43.799165867732135,138.33685409075335,164.70130682603755,244.9980010986328,133.61000061035156,288.7969970703125,133.48800659179688
77.7,24.989078785419387,23.974345974335815,23.10928338259609,43.78016874943521,138.6838556302715,165.02931126243686,245.34500122070312,133.61099243164062,289.125,133.48899841308594
77.75,25.063706838286166,22.244220792681002,23.109283382778038,43.74716411655027,139.03085575234357,165.34330663125647,245.69200134277344,133.61099243164062,289.4389953613281,133.48899841308594
77.80000000000001,25.155506185884896,23.974345974706644,23.1092833829674,43.72616810484136,139.37985477578172,165.6713095681155,246.04100036621094,133.61099243164062,289.7669982910156,133.48899841308594
77.85000000000001,25.273262474632507,22.244220793060148,23.10928338315088,43.689165685129964,139.73085270058644,165.9853049369351,246.39199829101562,133.61099243164062,290.08099365234375,133.48899841308594
77.9,25.41513891192027,23.974345975082205,23.10928338333946,43.665163703929764,140.0828577054695,166.31330787379414,246.74400329589844,133.61099243164062,290.40899658203125,133.48899841308594
77.95,25.57260223333627,22.244220793395797,23.109283383514814,43.62515531493315,140.4368616117209,166.62730324261375,247.09800720214844,133.61099243164062,290.7229919433594,133.48899841308594
78.0,25.743638835614867,23.97434597546368,23.10928338370311,43.59616372952547,140.79385624062928,166.95530617947279,247.4550018310547,133.61099243164062,291.0509948730469,133.48899841308594
78.05000000000001,25.93303464420397,22.244220793673257,23.109283383870714,43.55116856921456,141.15285118347794,167.2693015482924,247.81399536132812,133.61199951171875,291.364990234375,133.48899841308594
78.10000000000001,26.12916303163412,23.97434597584575,23.109283384059747,43.517172123264935,141.5148506952004,167.59730448515143,248.17599487304688,133.61199951171875,291.6929931640625,133.48899841308594
78.15,26.322627242498786,22.24422079411161,23.10928338423561,43.46716927110601,141.87884910828987,167.91129985397103,248.5399932861328,133.61199951171875,292.0069885253906,133.48899841308594
78.2,26.493015012860152,23.974345976228395,23.109283384424867,43.428167962944165,142.24585350282302,168.23930279083007,248.90699768066406,133.61199951171875,292.3349914550781,133.48899841308594
78.25,26.62477550535451,22.244220794373245,23.10928338459409,43.37315740463864,142.61485679872166,168.55329977465385,249.2760009765625,133.61199951171875,292.64898681640625,133.49000549316406
78.30000000000001,26.728743974032373,23.974345976601516,23.109283384783577,43.33016115478758,142.9858603628371,168.8813027115129,249.64700317382812,133.61300659179688,292.97698974609375,133.49000549316406
78.35000000000001,26.819283341730287,22.24422079481479,23.109283384959042,43.272162731168024,143.35785438139308,169.1952980803325,250.0189971923828,133.61300659179688,293.2909851074219,133.49000549316406
78.4,26.90553973252177,23.97434597696225,23.109283385147044,43.22716474457719,143.73085548002788,169.52330101719153,250.39199829101562,133.61300659179688,293.6189880371094,133.49000549316406
78.45,26.995035361503092,22.24422079506537,23.109283385314,43.16619087028783,144.10585548003,169.83732690358852,250.76699829101562,133.61300659179688,293.9330139160156,133.49000549316406
78.5,27.111099023123504,23.974345977357377,23.10928338550337,43.11916347390261,144.480855480031,170.1652993228701,251.14199829101562,133.61300659179688,294.260986328125,133.49000549316406
78.55000000000001,27.25938355265625,22.244220795429072,23.109283385678953,43.05518647656475,144.85886276265657,170.4793252092671,251.52000427246094,133.61399841308594,294.57501220703125,133.49000549316406
78.60000000000001,27.4389877216369,23.9743459777293,23.109283385867307,43.00319999845212,145.23885238668032,170.80732814612614,251.89999389648438,133.61399841308594,294.90301513671875,133.49000549316406
78.65,27.652107096330564,22.244220795777203,23.109283386033866,42.93418478249584,145.62186325094035,171.12132351494574,252.2830047607422,133.61399841308594,295.2170104980469,133.49000549316406
78.7,27.885963207775735,23.974345978114357,23.10928338622246,42.87618636785987,146.00786483785876,171.44932645180478,252.66900634765625,133.61399841308594,295.5450134277344,133.49000549316406
78.75,28.128639309219672,22.24422079621925,23.109283386407064,42.8011868716258,146.39685714743496,171.76332338705993,253.05799865722656,133.61399841308594,295.8590087890625,133.49099731445312
78.80000000000001,28.35173229503572,23.97434597848867,23.10928338659578,42.736184699448245,146.78986251853348,172.09132632391896,253.4510040283203,133.61399841308594,296.18701171875,133.49099731445312
78.85000000000001,28.529968434398572,22.24422079655103,23.109283386769402,42.65519429873749,147.18485281605115,172.40532169273857,253.8459930419922,133.61500549316406,296.5010070800781,133.49099731445312
78.9,28.669755811487743,23.974345978881725,23.10928338696135,42.58518727125523,147.58286306995745,172.7333246295976,254.24400329589844,133.61500549316406,296.8290100097656,133.49099731445312
78.95,28.783912382961937,22.244220796885227,23.10928338714334,42.5001809181266,147.9818651451535,173.0473199984172,254.64300537109375,133.61500549316406,297.14300537109375,133.49099731445312
79.0,28.888814651172744,23.97434597929004,23.109283387336603,42.42718318292063,148.38286612171797,173.37532293527624,255.04400634765625,133.61500549316406,297.47100830078125,133.49099731445312
79.05000000000001,28.99274874643224,22.244220797263818,23.109283387520076,42.339186122659,148.78485891957214,173.68931830409585,255.4459991455078,133.61500549316406,297.7850036621094,133.49099731445312
79.10000000000001,29.097184045296462,23.974345979650487,23.109283387712196,42.26519949449289,149.18786001798605,174.01832832101107,255.8489990234375,133.61599731445312,298.114013671875,133.49099731445312
79.15,29.208245479482695,22.244220797643674,23.10928338789884,42.17318939932984,149.59285879728463,174.33131660977665,256.2539978027344,133.61599731445312,298.427001953125,133.49099731445312
79.2,29.33406293506649,23.974345980040773,23.109283388091484,42.09518681329911,149.99987173673856,174.66032662669187,256.6610107421875,133.61599731445312,298.7560119628906,133.49099731445312
79.25,29.474248464470993,22.24422079797563,23.109283388267123,42.00018302682246,150.40786123869185,174.9733165356581,257.0690002441406,133.61599731445312,299.0690002441406,133.49200439453125
79.30000000000001,29.638768733271437,23.974345980423372,23.10928338846059,41.918182652833345,150.81887198087938,175.30232655257333,257.4800109863281,133.61599731445312,299.39801025390625,133.49200439453125
79.35000000000001,29.821467970668632,22.24422079834463,23.109283388639952,41.81817998565121,151.23186759351793,175.61531484133891,257.89300537109375,133.61700439453125,299.71099853515625,133.49200439453125
79.4,30.015290893113477,23.974345980802685,23.109283388832047,41.73120527776639,151.64785270094097,175.94432485825413,258.3089904785156,133.61700439453125,300.0400085449219,133.49200439453125
79.45,30.20022521268293,22.24422079862304,23.10928338900583,41.62518768778844,152.0668590485987,176.25731314701972,258.7279968261719,133.61700439453125,300.3529968261719,133.49200439453125
79.5,30.35754264753593,23.974345981176423,23.109283389194466,41.53418468145882,152.48687247633362,176.58632316393494,259.14801025390625,133.61700439453125,300.6820068359375,133.49200439453125
79.55000000000001,30.5036677589655,22.244220799028895,23.109283389370976,41.4241693114772,152.9098766267243,176.89931145270052,259.5710144042969,133.61700439453125,300.9949951171875,133.49200439453125
79.60000000000001,30.64666174642587,23.974345981560912,23.109283389562016,41.32819497840094,153.33486557702997,177.22832146961574,259.9960021972656,133.6179962158203,301.3240051269531,133.49200439453125
79.65,30.785007095437564,22.244220799385673,23.10928338973622,41.21518891276862,153.7618675301551,177.54231683843534,260.4230041503906,133.6179962158203,301.63800048828125,133.49200439453125
79.7,30.9348056859313,23.9743459819083,23.10928338992297,41.11420672015076,154.19085312585827,177.87031977529438,260.85198974609375,133.6179962158203,301.96600341796875,133.49200439453125
79.75,31.085033430000486,22.24422079966448,23.109283390091857,40.997199840114526,154.62185288171767,178.18431671054952,261.2829895019531,133.6179962158203,302.2799987792969,133.4929962158203
79.80000000000001,31.234035510267574,23.97434598230616,23.109283390280137,40.892192434420096,155.0548679688376,178.51231964740856,261.71600341796875,133.61900329589844,302.6080017089844,133.4929962158203
79.85000000000001,31.241234956056378,22.244220800001173,23.109283390445793,40.77219788819356,155.48885844735486,178.82631501622816,262.1499938964844,133.61900329589844,302.9219970703125,133.4929962158203
79.9,31.214596408309358,23.9743459827039,23.109283390635916,40.66718740504679,155.92187236337966,179.1543179530872,262.5830078125,133.61900329589844,303.25,133.4929962158203
79.95,31.188026442483565,22.244220800451572,23.109283390818767,40.54719286516391,156.35586284190768,179.4683133219068,263.0169982910156,133.61900329589844,303.5639953613281,133.4929962158203
80.0,31.161459884584016,23.974345983063856,23.10928339100751,40.44218549002276,156.78887789382037,179.79631625876584,263.45001220703125,133.6199951171875,303.8919982910156,133.4929962158203
80.05000000000001,31.134927668442792,22.24422080083271,23.109283391187894,40.32420511600578,157.2208542121894,180.11031162758545,263.8819885253906,133.6199951171875,304.20599365234375,133.4929962158203
80.10000000000001,31.10839546283108,23.974345983466673,23.10928339137847,40.2202017272758,157.65286104813384,180.43831456444448,264.3139953613281,133.6199951171875,304.53399658203125,133.4929962158203
80.15,31.081897612764145,22.2442208011769,23.10928339155759,40.10219084231222,158.08486788407626,180.7523099332641,264.7460021972656,133.6199951171875,304.8479919433594,133.4929962158203
80.2,31.055437536387842,23.97434598384843,23.109283391751603,39.998187459331426,158.5168747200169,181.08031287012312,265.1780090332031,133.6199951171875,305.1759948730469,133.4929962158203
80.25,31.029015245575675,22.244220801514412,23.109283391936597,39.881186875618354,158.94787565245542,181.39430823894273,265.6090087890625,133.62100219726562,305.489990234375,133.4929962158203
80.30000000000001,31.002589538016668,23.97434598423063,23.109283392129043,39.77818735370998,159.37887540831602,181.72231272183654,266.0400085449219,133.62100219726562,305.8179931640625,133.49400329589844
80.35000000000001,31.699658289467447,22.244220801894905,23.109283392318417,39.658192849578874,159.81286588684873,182.03630809065615,266.4739990234375,133.62100219726562,306.1319885253906,133.49400329589844
80.4,32.8439533325312,23.974345984615557,23.10928339250958,39.536184200271464,160.2628780941832,182.36431102751519,266.92401123046875,133.62100219726562,306.4599914550781,133.49400329589844
80.45,33.91380291082582,22.24422080222366,23.10928339268679,39.38518400543392,160.72787443252,182.6783063963348,267.3890075683594,133.62100219726562,306.77398681640625,133.49400329589844
80.5,34.89908925345112,23.97434598500578,23.109283392880986,39.23418381753202,161.20687833916043,183.00630933319383,267.8680114746094,133.62100219726562,307.10198974609375,133.49400329589844
80.55000000000001,35.72529064772211,22.244220802580074,23.10928339305572,39.05620947587775,161.69885321611045,183.32030470201343,268.3599853515625,133.6219940185547,307.4159851074219,133.49400329589844
80.60000000000001,36.38773079406048,23.974345985388812,23.109283393247935,38.88219918458817,162.2008673763663,183.64830763887247,268.86199951171875,133.6219940185547,307.7439880371094,133.49400329589844
80.65,36.96625252090045,22.244220802945687,23.10928339342481,38.686216364556856,162.71087714201425,183.96233352526946,269.37200927734375,133.6219940185547,308.0580139160156,133.49400329589844
80.7,37.50013520250769,23.974345985795054,23.109283393619474,38.49618781278203,163.22888349206622,184.29030594455105,269.8900146484375,133.6230010986328,308.385986328125,133.49400329589844
80.75,37.96489640804183,22.244220803294585,23.10928339379749,38.28522098562142,163.75387738855176,184.60433183094804,270.4150085449219,133.6230010986328,308.70001220703125,133.49400329589844
80.80000000000001,38.35585658810807,23.974345986167407,23.10928339399117,38.083226289242454,164.28387709588742,184.93233626734735,270.94500732421875,133.62399291992188,309.02801513671875,133.4949951171875
80.85000000000001,38.67373664770257,22.244220803590036,23.10928339416068,37.86124270632206,164.81985732051837,185.24633163616696,271.4809875488281,133.62399291992188,309.3420104980469,133.4949951171875
80.9,38.92573947270072,23.974345986542534,23.10928339435338,37.650248867162816,165.35885972621912,185.574334573026,272.0199890136719,133.625,309.6700134277344,133.4949951171875
80.95,39.12842009266647,22.24422080400867,23.109283394531882,37.42124633388767,165.9018589938407,185.8883299418456,272.56298828125,133.625,309.9840087890625,133.4949951171875
81.0,39.28753950896485,23.97434598691404,23.10928339472271,37.20524776010962,166.44586627371018,186.21633287870463,273.10699462890625,133.62600708007812,310.31201171875,133.4949951171875
81.05000000000001,39.39445635562176,22.244220804312473,23.109283394895947,36.97224750425046,166.99286334407165,186.53032824752424,273.65399169921875,133.62600708007812,310.6260070800781,133.4949951171875
81.10000000000001,39.461417004604336,23.974345987300303,23.109283395087097,36.753227778669014,167.5408683920493,186.859307746862,274.2019958496094,133.6269989013672,310.9549865722656,133.4949951171875
81.15,39.517576519935865,22.24422080464563,23.10928339525709,36.51824395195084,168.0888725424835,187.17232655320495,274.75,133.6269989013672,311.26800537109375,133.4949951171875
81.2,39.578054953480745,23.974345987685677,23.109283395446152,36.29724078076175,168.63886125751512,187.5013060525427,275.29998779296875,133.6280059814453,311.59698486328125,133.4949951171875
81.25,39.65293243498833,22.244220805027403,23.109283395619435,36.060242870269015,169.18887956808473,187.81432485888567,275.8500061035156,133.6280059814453,311.9100036621094,133.4949951171875
81.30000000000001,39.747612721447325,23.974345988071452,23.10928339580984,35.837252397145136,169.7408824122602,188.14333641710337,276.4020080566406,133.62899780273438,312.239013671875,133.49600219726562
81.35000000000001,39.86029012871871,22.244220805425964,23.109283395993433,35.59824038172005,170.29288436539224,188.45632470586895,276.9540100097656,133.62899780273438,312.552001953125,133.49600219726562
81.4,39.985928103161335,23.97434598843379,23.109283396182555,35.37226310420417,170.84787795489007,188.78533472278417,277.5090026855469,133.6300048828125,312.8810119628906,133.49600219726562
81.45,40.116970116805426,22.244220805713493,23.10928339635304,35.12824631224673,171.40488479082833,189.09832301154975,278.0660095214844,133.6300048828125,313.1940002441406,133.49600219726562
81.5,40.24332931252513,23.97434598881359,23.109283396542992,34.899274600964326,171.96286818926606,189.42733302846497,278.6239929199219,133.6300048828125,313.52301025390625,133.49600219726562
81.55000000000001,40.3545686575022,22.244220806074924,23.10928339671924,34.65327807906888,172.52286662617513,189.74132839728458,279.1839904785156,133.63099670410156,313.8370056152344,133.49600219726562
81.60000000000001,40.44204668954167,23.974345989186055,23.109283396907813,34.42027815049962,173.08387126484735,190.0693313341436,279.7449951171875,133.63099670410156,314.1650085449219,133.49600219726562
81.65,40.500366346187455,22.244220806477163,23.109283397090966,34.172263713900655,173.64588298359837,190.38332670296322,280.3070068359375,133.63099670410156,314.47900390625,133.49600219726562
81.7,40.52772516176355,23.974345989607905,23.10928339728319,33.93728422994785,174.20887216558808,190.71132963982225,280.8699951171875,133.6320037841797,314.8070068359375,133.49600219726562
81.75,40.52556508988676,22.24422080686277,23.109283397466726,33.68826280635246,174.77189096441998,191.02532500864186,281.4330139160156,133.6320037841797,315.1210021972656,133.49600219726562
81.80000000000001,40.49712366148163,23.974345990037126,23.109283397663294,33.45428243800748,175.3338721655968,191.35332944504117,281.9949951171875,133.6320037841797,315.4490051269531,133.4969940185547
81.85000000000001,40.45464377429803,22.24422080726192,23.109283397846887,33.20526104308989,175.89689096443126,191.66732481386077,282.5580139160156,133.6320037841797,315.76300048828125,133.4969940185547
81.9,40.4186424192854,23.974345990408857,23.109283398044397,32.97229586753373,176.45786596231684,191.9953277507198,283.1189880371094,133.63299560546875,316.09100341796875,133.4969940185547
81.95,40.382641110356126,22.244220807549944,23.10928339822804,32.72528870680229,177.01887060099276,192.3093231195394,283.67999267578125,133.63299560546875,316.4049987792969,133.4969940185547
82.0,40.34664329301905,23.974345990806746,23.10928339842736,32.4922890248244,177.57987523966764,192.63732605639845,284.2409973144531,133.63299560546875,316.7330017089844,133.4969940185547
82.05000000000001,40.31064210311145,22.244220807927814,23.109283398612643,32.24628899847601,178.13987279826327,192.95132142521805,284.8009948730469,133.63299560546875,317.0469970703125,133.4969940185547
82.10000000000001,40.274640967180304,23.974345991205983,23.109283398814636,32.01530351936056,178.69886327678023,193.2793243620771,285.3599853515625,133.63299560546875,317.375,133.4969940185547
82.15,40.239000372762725,22.244220808343275,23.10928339900125,31.77028443905376,179.25788518000482,193.5933197308967,285.91900634765625,133.63400268554688,317.6889953613281,133.4969940185547
82.2,40.20299933502437,23.974345991603997,23.109283399200855,31.5392990543364,179.8168756585209,193.92132266775573,286.4779968261719,133.63400268554688,318.0169982910156,133.4969940185547
82.25,40.16736225828753,22.244220808737673,23.109283399388346,31.295282819556668,180.37488957453684,194.23531803657534,287.0360107421875,133.63400268554688,318.33099365234375,133.4969940185547
82.30000000000001,40.13172178002888,23.97434599201314,23.109283399585944,31.065300146309454,180.93287297297456,194.56332251946915,287.593994140625,133.63400268554688,318.65899658203125,133.4980010986328
82.35000000000001,39.73212144713098,22.24422080902149,23.109283399761903,30.82329808866591,181.48887272883636,194.87731788828876,288.1499938964844,133.63400268554688,318.9729919433594,133.4980010986328
82.4,37.958759708572856,23.974345992388383,23.109283399959857,30.614285244912974,182.025890551467,195.2053208251478,288.68701171875,133.63400268554688,319.3009948730469,133.4980010986328
82.45,36.456839110715606,22.24422080946544,23.109283400151405,30.4143055412001,182.53986760299844,195.5193161939674,289.20098876953125,133.63400268554688,319.614990234375,133.4980010986328
82.5,35.07166903309355,23.97434599278852,23.109283400349586,30.247288991232857,183.03489423205565,195.84731913082643,289.6960144042969,133.63499450683594,319.9429931640625,133.4980010986328
82.55000000000001,33.802021016004936,22.244220809732937,23.1092834005301,30.085303356516487,183.5108768985714,196.16131449964604,290.1719970703125,133.63499450683594,320.2569885253906,133.4980010986328
82.60000000000001,32.81022175804494,23.97434599316588,23.109283400726092,29.952309136170953,183.97187543397007,196.48931743650508,290.63299560546875,133.63499450683594,320.5849914550781,133.4980010986328
82.65,32.13320872360617,22.244220810141176,23.10928340090588,29.816289178859844,184.42188873402276,196.80331280532468,291.0830078125,133.63400268554688,320.89898681640625,133.4980010986328
82.7,31.74048711135911,23.974345993534044,23.109283401098885,29.70130014558614,184.86488189809043,197.13131574218372,291.5260009765625,133.63400268554688,321.22698974609375,133.4980010986328
82.75,31.57189939834649,22.244220810477476,23.10928340127287,29.57630146135673,185.3038772595108,197.44531111100332,291.9649963378906,133.63400268554688,321.5409851074219,133.4980010986328
82.80000000000001,31.531758059247746,23.974345993927333,23.109283401464285,29.466286760017088,185.7418960585436,197.77331404786236,292.40301513671875,133.63400268554688,321.8689880371094,133.4980010986328
82.85000000000001,31.51606406724994,22.24422081082772,23.10928340164491,29.342316486575154,186.17988549784604,198.08734150054266,292.84100341796875,133.63299560546875,322.1830139160156,133.49899291992188
82.9,31.430884688529574,23.974345994332083,23.109283401839278,29.233278321676185,186.616897216813,198.41531391982426,293.27801513671875,133.63299560546875,322.510986328125,133.49899291992188
82.95,31.226009283859387,22.244220811288102,23.109283402021543,29.112307917904484,187.05189477553515,198.72933980622125,293.7130126953125,133.63299560546875,322.82501220703125,133.49899291992188
83.0,30.883001469773554,23.97434599472956,23.109283402215645,29.0102841748235,187.4828956726344,199.058319305559,294.1440124511719,133.6320037841797,323.15399169921875,133.49899291992188
83.05000000000001,30.39635105716508,22.244220811540167,23.10928340239637,28.898316361752574,187.90788346560763,199.37133811190196,294.5690002441406,133.6320037841797,323.4670104980469,133.49899291992188
83.10000000000001,29.804977099555554,23.97434599510791,23.10928340259057,28.81030460196605,188.32487565311237,199.7003176112397,294.9859924316406,133.6320037841797,323.7959899902344,133.49899291992188
83.15,29.19585695286668,22.24422081189462,23.109283402765918,28.714327844630624,188.73387223516477,200.01333641758268,295.3949890136719,133.6320037841797,324.1090087890625,133.49899291992188
83.2,28.608661472080044,23.974345995492676,23.10928340296178,28.643283687236693,189.13389664925336,200.34231591692043,295.7950134277344,133.6320037841797,324.43798828125,133.49899291992188
83.25,28.057106348785975,22.244220812252816,23.10928340313931,28.56332849664802,189.52687150278945,200.6553347232634,296.18798828125,133.6320037841797,324.7510070800781,133.49899291992188
83.30000000000001,27.556417918007902,23.974345995882214,23.1092834033348,28.506287081893284,189.9128896621867,200.98431422260114,296.5740051269531,133.63099670410156,325.0799865722656,133.49899291992188
83.35000000000001,27.14972608100598,22.244220812672754,23.109283403519303,28.44030413019561,190.29188746492193,201.2973346489868,296.9530029296875,133.63099670410156,325.39300537109375,133.5
83.4,26.760960810058084,23.974345996241905,23.109283403710286,28.395291181088627,190.66588038484466,201.62631414832455,297.3269958496094,133.63099670410156,325.72198486328125,133.5
83.45,26.349301115238912,22.244220812985493,23.109283403880024,28.340299091275877,191.03389185945608,201.93933295466752,297.69500732421875,133.63099670410156,326.0350036621094,133.5
83.5,25.927273065661225,23.97434599661044,23.109283404068115,28.307309942539185,191.39589137117662,202.26834297158274,298.0570068359375,133.63099670410156,326.364013671875,133.5
83.55000000000001,25.50232856025304,22.244220813364347,23.10928340425053,28.264311135707704,191.75288600008395,202.58233834040234,298.41400146484375,133.63099670410156,326.6780090332031,133.5
83.60000000000001,25.08282062996029,23.974345997038412,23.10928340444358,28.241301129528885,192.10389918367844,202.91034127726138,298.7650146484375,133.63099670410156,327.0060119628906,133.5
83.65,24.676307521219112,22.244220813750562,23.109283404629174,28.21032612094238,192.4488698868042,203.22433664608099,299.1099853515625,133.63099670410156,327.32000732421875,133.5
83.7,24.30820884740866,23.97434599745273,23.109283404825177,28.19930939445817,192.78788966219628,203.55233958294002,299.4490051269531,133.63099670410156,327.64801025390625,133.5
83.75,23.990796683984243,22.244220814097353,23.10928340500963,28.178313527039663,193.12288111727898,203.86633495175963,299.78399658203125,133.63099670410156,327.9620056152344,133.5
83.80000000000001,23.650776776666728,23.97434599783354,23.109283405204767,28.17532283711353,193.4538747696287,204.19433788861866,300.114990234375,133.63099670410156,328.2900085449219,133.5
83.85000000000001,23.25689982121109,22.24422081448806,23.109283405386297,28.164301444049535,193.77888697666225,204.50833487244245,300.44000244140625,133.63099670410156,328.60400390625,133.50100708007812
83.9,22.82572781689954,23.97434599821937,23.109283405584044,28.173304034143335,194.09788722080293,204.83633780930148,300.7590026855469,133.63099670410156,328.9320068359375,133.50100708007812
83.95,22.371481119671152,22.244220814851467,23.10928340577064,28.173304033736727,194.41188258213182,205.1503331781211,301.072998046875,133.63099670410156,329.2460021972656,133.50100708007812
84.0,21.92522527208973,23.97434599863587,23.10928340597318,28.194299904559617,194.7188894180712,205.47833611498012,301.3800048828125,133.63099670410156,329.5740051269531,133.50100708007812
84.05000000000001,21.506364894634256,22.244220815146118,23.10928340615136,28.207300254327627,195.01988429111924,205.79233148379973,301.6809997558594,133.63099670410156,329.88800048828125,133.50100708007812
84.10000000000001,21.09816128220011,23.974345999012755,23.109283406348794,28.240289406780775,195.31489771885396,206.12033442065876,301.97601318359375,133.63099670410156,330.21600341796875,133.50100708007812
84.15,20.73168171244516,22.244220815580064,23.109283406531745,28.26430648615196,195.60487574619773,206.43432978948712,302.2659912109375,133.63099670410156,330.5299987792969,133.50100708007812
84.2,20.436230520159864,23.974345999381825,23.109283406724654,28.307305300071594,195.88987940830972,206.76233272633783,302.5509948730469,133.63099670410156,330.8580017089844,133.50100708007812
84.25,20.206227010274013,22.244220815825933,23.10928340689751,28.339287384728692,196.17189234777447,207.07632809515744,302.8330078125,133.63099670410156,331.1719970703125,133.50100708007812
84.30000000000001,20.000846649808533,23.974345999807348,23.109283407094892,28.38829810092003,196.45088404701383,207.40433103201647,303.11199951171875,133.63099670410156,331.5,133.50100708007812
84.35000000000001,19.822791344565108,22.24422081621733,23.10928340726782,28.426292157287527,196.72688686092707,207.71832796727162,303.38800048828125,133.6320037841797,331.8139953613281,133.5019989013672
84.4,19.669395193518014,23.974346000209543,23.10928340746684,28.480307707183147,197.00087367736194,208.04633090413066,303.6619873046875,133.6320037841797,332.1419982910156,133.5019989013672
84.45,19.53259700313872,22.244220816695496,23.10928340765124,28.522299457426328,197.27287685121846,208.36032627295026,303.9339904785156,133.6320037841797,332.45599365234375,133.5019989013672
84.5,19.4057688835599,23.974346000542507,23.109283407841907,28.57930570283402,197.54387294499372,208.6883292098093,304.2049865722656,133.6320037841797,332.78399658203125,133.5019989013672
84.55000000000001,19.293413201840426,22.244220817004948,23.10928340802779,28.625295217575832,197.81187831610853,209.0023245786289,304.4729919433594,133.6320037841797,333.0979919433594,133.5019989013672
84.60000000000001,19.19056115299752,23.974346000947946,23.10928340822131,28.687306298646252,198.07887660714252,209.33133459554412,304.739990234375,133.6320037841797,333.427001953125,133.5019989013672
84.65,19.080797869637806,22.244220817365296,23.10928340839983,28.734276873940072,198.34490018459164,209.6443228843097,305.0060119628906,133.63299560546875,333.739990234375,133.5019989013672
84.7,18.967254508121496,23.974346001304294,23.109283408592077,28.79930915911741,198.60887723538156,209.97333290122492,305.2699890136719,133.63299560546875,334.0690002441406,133.5019989013672
84.75,18.85396173864299,22.244220817674567,23.10928340877694,28.850272987833904,198.87090116116818,210.2863211899905,305.5320129394531,133.63299560546875,334.3819885253906,133.5019989013672
84.80000000000001,18.74661012771675,23.974346001668366,23.109283408963044,28.91829597038504,199.13188748929636,210.61533120690572,305.7929992675781,133.63299560546875,334.71099853515625,133.5019989013672
84.85000000000001,18.65077870627116,22.244220818025823,23.10928340914389,28.971273942977152,199.39189725492423,210.9283194956713,306.0530090332031,133.63299560546875,335.02398681640625,133.5019989013672
84.9,18.57078643861701,23.974346002109392,23.109283409333877,29.042287623586,199.64989482594567,211.257331053889,306.3110046386719,133.63400268554688,335.3529968261719,133.5030059814453
84.95,18.509010615700863,22.24422081847521,23.109283409511846,29.098286810409363,199.90789043141788,211.5713264227086,306.5690002441406,133.63400268554688,335.6669921875,133.5030059814453
85.0,18.46559601306771,23.97434600250929,23.109283409708524,29.170277049977724,200.16390239431308,211.89932935956764,306.82501220703125,133.63400268554688,335.9949951171875,133.5030059814453
85.05000000000001,18.438667641784473,22.24422081856698,23.109283409864727,29.228290381697267,200.41988383963084,212.213324728396,307.08099365234375,133.63400268554688,336.3089904785156,133.5030059814453
85.10000000000001,18.424988051150123,23.974346002863545,23.109283410056285,29.300280627724366,200.67589580252772,212.54132766525507,307.3370056152344,133.63400268554688,336.6369934082031,133.5030059814453
85.15,18.420775377659744,22.244220818978736,23.109283410217632,29.35829840686346,200.93187916928636,212.8553230340747,307.5929870605469,133.63499450683594,336.95098876953125,133.5030059814453
85.2,18.42246809514452,23.974346003240246,23.109283410411226,29.43028864839687,201.18789113218352,213.18332597093377,307.8489990234375,133.63499450683594,337.27899169921875,133.5030059814453
85.25,18.427183661090485,22.244220819314158,23.109283410575184,29.488271464374463,201.4439030950794,213.4973213397534,308.1050109863281,133.63499450683594,337.5929870605469,133.5030059814453
85.30000000000001,18.433519666019023,23.974346003615764,23.109283410769923,29.560292229560567,201.69988454039603,213.82532427661246,308.3609924316406,133.63499450683594,337.9209899902344,133.5030059814453
85.35000000000001,18.4414040076788,22.244220819665376,23.109283410933877,29.618279555625996,201.9558984840688,214.1393196454321,308.61700439453125,133.63600158691406,338.2349853515625,133.5030059814453
85.4,18.444931568762623,23.974346003989325,23.10928341112187,29.69029588995476,202.21187992938403,214.46732408183144,308.87298583984375,133.63600158691406,338.56298828125,133.50399780273438
85.45,18.432728030430294,22.2442208200048,23.109283411274824,29.74830923320071,202.467891892275,214.78134996822845,309.1289978027344,133.63600158691406,338.87701416015625,133.50399780273438
85.5,18.398383561178047,23.97434600440269,23.109283411464165,29.820268976173377,202.72390385516584,215.10932238751008,309.385009765625,133.63600158691406,339.2049865722656,133.50399780273438
85.55000000000001,18.33995491052727,22.44660595376906,23.12952192498437,29.88426890694148,202.97891066677695,215.4284029945977,309.6400146484375,133.63699340820312,339.52398681640625,133.50399780273438
85.60000000000001,18.259781972731734,23.834516966908105,23.115539021388827,29.96626898134747,203.2329084695125,215.76440213477392,309.8940124511719,133.63699340820312,339.8599853515625,133.50399780273438
85.65,18.163230760188,22.219306079372267,23.11304754742818,30.033287346434697,203.48589919217355,216.08447925477068,310.1470031738281,133.63699340820312,340.17999267578125,133.50399780273438
85.7,18.06448227779766,23.99565149574595,23.115178096678754,30.114316856132284,203.73788283475585,216.4176280629035,310.39898681640625,133.63699340820312,340.51300048828125,133.50399780273438
85.75,17.983849885348786,22.283248549635104,23.119080869710846,30.180337303086898,203.98788283917386,216.73385378374388,310.64898681640625,133.63699340820312,340.8290100097656,133.50399780273438
85.80000000000001,17.922427178877133,23.915025146963636,23.11314878404563,30.26031422979168,204.23690836324022,217.06306340670497,310.89801025390625,133.63800048828125,341.1579895019531,133.50399780273438
85.85000000000001,17.869541678111766,22.333052258119412,23.122031927891037,30.325368672742766,204.4848942145984,217.37632447859627,311.14599609375,133.63800048828125,341.47100830078125,133.50399780273438
85.9,17.819357651455103,23.851234300252607,23.109720757517362,30.404368028399944,204.73291057356178,217.70352520724083,311.3940124511719,133.63800048828125,341.7980041503906,133.5050048828125
85.95,17.765860886381905,22.373307789124826,23.122629454429365,30.47040382278444,204.97988933333102,218.0166949861881,311.6409912109375,133.63800048828125,342.1109924316406,133.5050048828125
86.0,17.706280473501508,23.651237499815004,23.090318603970594,30.543467140806722,205.22689861096126,218.33743281746442,311.88800048828125,133.63800048828125,342.4309997558594,133.5050048828125
86.05000000000001,17.63755729944348,22.857357568382977,23.131393765431987,30.607501826810037,205.47189579862174,218.64658718040218,312.13299560546875,133.63900756835938,342.739990234375,133.5050048828125
86.10000000000001,17.550220935586704,23.274348555948087,23.075376924335988,30.67850450072597,205.71591435401584,218.96163338506148,312.37701416015625,133.63900756835938,343.05499267578125,133.5050048828125
86.15,17.43318369788017,22.927385357543702,23.14618485215313,30.749522067884016,205.95889531165656,219.27563080497458,312.6199951171875,133.63900756835938,343.3689880371094,133.5050048828125
86.2,17.286449033834895,23.28085900785546,23.07470560336408,30.828505885286752,206.1998926265568,219.59570415689248,312.8609924316406,133.63900756835938,343.6889953613281,133.5050048828125
86.25,17.120199855055027,23.499017560708516,23.196282504471423,30.903448336673048,206.43890629872854,219.90988454591172,313.1000061035156,133.63900756835938,344.00299072265625,133.5050048828125
86.30000000000001,16.94567149016895,7.451890219381541,21.549969011713213,30.915379236331333,206.674898730554,220.15856526607686,313.33599853515625,133.63900756835938,344.2510070800781,133.52099609375
86.35000000000001,16.772439191034195,7.89507758045929,20.1061715439472,30.700120832548492,206.90890962158497,220.26141587859004,313.57000732421875,133.63999938964844,344.2699890136719,133.6219940185547
86.4,16.607666374412485,4.478670826956844,18.168915196617625,30.420240102862042,207.13989717048196,220.31893883562998,313.8009948730469,133.63999938964844,344.22100830078125,133.63600158691406
86.45,16.455567346530223,4.046451839994201,16.336229601704567,30.290255500245294,207.3699081568535,220.41962885717385,314.031005859375,133.63999938964844,344.3210144042969,133.625
86.5,16.31739867209989,3.667375185807727,14.337843370303835,30.021310639851617,207.59689790297807,220.46475859842866,314.25799560546875,133.63999938964844,344.27899169921875,133.6300048828125
86.55000000000001,16.191507209575413,3.9979094422104513,12.451898557686581,29.824363591270263,207.8229110865939,220.49557469299666,314.4840087890625,133.63999938964844,344.3080139160156,133.63499450683594
86.60000000000001,16.072058226555146,3.642426742709415,10.488706376362714,29.632392781278213,208.04691011004877,220.5294343190339,314.7080078125,133.63999938964844,344.3399963378906,133.64199829101562
86.65,15.951673695055435,3.6519856800911805,8.561166408617463,29.44247839501886,208.26889725774322,220.56367851571704,314.92999267578125,133.64100646972656,344.37200927734375,133.6490020751953
86.7,15.824414126670524,4.313766999616289,6.6644572077935464,29.247540909325902,208.48889847845362,220.59370443652688,315.1499938964844,133.64100646972656,344.3970031738281,133.66200256347656
86.75,15.685778557215983,4.053523513649098,4.7199078030876045,29.057614073152823,208.70789261908203,220.6262920721082,315.3689880371094,133.64100646972656,344.4259948730469,133.67300415039062
86.80000000000001,15.53335345537449,4.055457879590023,4.380264569108453,28.868704340433997,208.92490311713024,220.65807906580403,315.58599853515625,133.64100646972656,344.4540100097656,133.6840057373047
86.85000000000001,15.367430624251075,3.9486286809208058,3.985619679154604,28.68380515737255,209.1388923749429,220.69090244149248,315.79998779296875,133.64100646972656,344.4830017089844,133.69500732421875
86.9,15.189158473090632,3.8909891072802836,3.926851507186948,28.500899828851708,209.35089799017737,220.72353300401605,316.0119934082031,133.64100646972656,344.5119934082031,133.7050018310547
86.95,15.000986619922067,3.82479649319989,3.9046859725075174,28.322004800875714,209.559912882756,220.7572004493979,316.22100830078125,133.64100646972656,344.5419921875,133.71499633789062
87.0,14.806837504802427,5.54731826204961,4.092680280131705,28.210238245866375,209.76691361517928,220.86904516625233,316.4280090332031,133.64100646972656,344.6369934082031,133.7740020751953
87.05000000000001,14.61056494643714,3.047659842297857,3.9976553201404457,27.974478833209314,209.97089310736834,220.9066668451068,316.6319885253906,133.64100646972656,344.6050109863281,133.78700256347656
87.10000000000001,14.415013382060954,3.3290368331740225,3.966316329186906,27.80856369102244,210.171914841268,220.94421341732698,316.8330078125,133.64199829101562,344.6400146484375,133.7830047607422
87.15,14.221837610091649,3.1796476030010807,3.919082521477896,27.646675416340365,210.37091996822207,220.983677629717,317.0320129394531,133.64199829101562,344.677001953125,133.781005859375
87.2,14.031253070376035,3.846748777772132,3.8723806992934806,27.47882997924861,210.56690385494164,221.0146653922907,317.2279968261719,133.64199829101562,344.7049865722656,133.7830047607422
87.25,13.857373765901064,3.7204565405648538,3.839074001985056,27.315033434286036,210.75989701900446,221.04685421746188,317.4209899902344,133.64199829101562,344.7340087890625,133.78700256347656
87.30000000000001,13.724605659493413,3.6427916781111804,3.797807381837172,27.153209149570934,210.95191362056713,221.0801926268792,317.6130065917969,133.64199829101562,344.7640075683594,133.79299926757812
87.35000000000001,13.628269263510724,3.544972976899507,3.7574418114350423,26.998463083306966,211.14090898189806,221.11902013171752,317.802001953125,133.64199829101562,344.7980041503906,133.80499267578125
87.4,13.529989667340752,3.3114828207702303,3.699491182784037,26.847714279743176,211.32990434323153,221.1608658889862,317.9909973144531,133.64199829101562,344.83599853515625,133.8159942626953
87.45,13.401613538975397,3.1844043798399047,3.635451971448038,26.699977346101917,211.51691606198577,221.20380260540145,318.1780090332031,133.64199829101562,344.875,133.82699584960938
87.5,13.236228914826924,3.102245915356379,3.390944736778715,26.55428633804016,211.7019136205805,221.2472347393785,318.3630065917969,133.64199829101562,344.91400146484375,133.83900451660156
87.55000000000001,13.030561366676425,2.783522703281297,3.3645310228770597,26.41561511417419,211.8839204565182,221.2946247295653,318.5450134277344,133.64199829101562,344.9570007324219,133.8509979248047
87.60000000000001,12.807036731894339,8.059816876441547,3.837609027203812,26.354414237207983,212.0629088854191,221.42064850395244,318.7239990234375,133.64300537109375,345.0740051269531,133.88499450683594
87.65,12.58815725344416,1.1790972033707459,3.6375539872407785,26.244811804743886,212.23890375847068,221.48972112010281,318.8999938964844,133.64300537109375,345.1400146484375,133.89999389648438
87.7,12.372661233201367,1.797280219255997,3.4326071313891644,26.061282280144287,212.41190790886589,221.5184215179254,319.072998046875,133.64300537109375,345.1289978027344,133.92300415039062
87.75,12.150468719113164,1.9364808083329645,3.254209558165976,26.013995851492314,212.58192133660415,221.6455060021442,319.2430114746094,133.64300537109375,345.2510070800781,133.9320068359375
87.80000000000001,11.914668615436868,1.6799359097453022,3.057923981329388,25.844670326359463,212.74891352410862,221.67893442520506,319.4100036621094,133.64300537109375,345.24798583984375,133.96099853515625
87.85000000000001,11.668932742805733,12.861003791866526,3.9895270628260895,25.901944842656405,212.91190790887882,221.9090179987115,319.572998046875,133.64300537109375,345.4670104980469,133.947998046875
87.9,11.415024939148772,1.1356189021183294,3.7719406709608996,25.84967948117166,213.07191157099285,222.0203951224521,319.7330017089844,133.64300537109375,345.5740051269531,133.9720001220703
87.95,11.154348521431888,1.5975170624041648,3.6132519392173257,25.709885233340646,213.22892451045104,222.07145965563214,319.8900146484375,133.64300537109375,345.5899963378906,134.01199340820312
88.0,10.887732625099828,3.962101720732482,3.6992375197549365,25.661646690041582,213.3809020495178,222.1916123026539,320.0419921875,133.64300537109375,345.6919860839844,134.06199645996094
88.05000000000001,10.614708610556972,5.2720305970073245,3.948088309127539,25.56498345337243,213.5299193835066,222.2909427224927,320.1910095214844,133.64300537109375,345.74200439453125,134.14100646972656
88.10000000000001,10.334449063703369,5.822168133998954,3.72432343488328,25.4860527704269,213.67490839718297,222.38488282038819,320.33599853515625,133.64300537109375,345.8059997558594,134.2050018310547
88.15,10.043172287189716,2.3631989774840156,3.8427336122946074,25.378475510847565,213.81589960812485,222.45717155331582,320.47698974609375,133.64300537109375,345.8370056152344,134.2570037841797
88.2,9.73620051652686,1.9245128949189059,3.855456879860898,25.339752166616098,213.95292353391153,222.57001247119308,320.614013671875,133.64300537109375,345.9330139160156,134.28199768066406
88.25,9.411084994590652,15.669136077830556,5.2287224068106575,25.434410414221293,214.08591913938693,222.82997176348826,320.74700927734375,133.64300537109375,346.1579895019531,134.22900390625
88.30000000000001,9.065952891193735,21.213838998467363,7.182112715682864,25.61214919547043,214.21390986205282,223.18451264642408,320.875,133.64300537109375,346.46099853515625,134.10800170898438
88.35000000000001,8.771112430968646,22.027517050637513,8.098764041559964,25.796533460101564,214.33689570190185,223.55392231925865,320.99798583984375,133.64300537109375,346.76300048828125,133.97999572753906
88.4,8.44275680193056,21.32589300320017,10.117791451668149,25.974927258738855,214.45591425659347,223.92657627406615,321.11700439453125,133.64300537109375,347.052001953125,133.8489990234375
88.45,7.937064641815239,22.22892848452974,12.180932593880707,26.151643092310664,214.56892084841604,224.31311587027875,321.2300109863281,133.64300537109375,347.3290100097656,133.71200561523438
88.5,7.32693627308683,21.86451996630306,13.971174418437764,26.302736732748162,214.6749083973318,224.68540128163872,321.33599853515625,133.64300537109375,347.5690002441406,133.58799743652344
88.55000000000001,6.650928559241382,21.26082566220089,15.570053924957119,26.41538492149367,214.770921821214,225.02488452500106,321.4320068359375,133.6439971923828,347.7569885253906,133.48899841308594
88.60000000000001,6.000480372424887,22.13512183441254,17.201349294998476,26.512794403183477,214.8579274366845,225.35491051377986,321.5190124511719,133.6439971923828,347.9169921875,133.39999389648438
88.65,5.389020356269345,21.254621205835196,19.090491517833595,26.60630365942158,214.93589984899282,225.66885099871382,321.59698486328125,133.6439971923828,348.06201171875,133.3179931640625
88.7,4.8187801093996345,22.02942598926917,21.10098282726862,26.707767307282122,215.00590717333696,225.98353380227388,321.6669921875,133.6439971923828,348.2040100097656,133.23699951171875
88.75,4.258008281081263,21.41308066129579,21.675377285615145,26.813933553079945,215.0679188921529,226.28828619689756,321.72900390625,133.6439971923828,348.34100341796875,133.16000366210938
88.80000000000001,3.646224283014474,21.819850590011534,21.73597844476956,26.933670277010595,215.12190448790167,226.5953333381029,321.7829895019531,133.6439971923828,348.4809875488281,133.08099365234375
88.85000000000001,3.1667976547831826,21.560097707452858,21.689236510451092,27.063251253000917,215.168901558228,226.89928307703062,321.8299865722656,133.6439971923828,348.62200927734375,133.00100708007812
88.9,2.7991081770517097,21.590414777579138,21.71568868788899,27.20313227534812,215.20991718324194,227.2049245107688,321.8710021972656,133.6439971923828,348.7650146484375,132.91700744628906
88.95,0.7717609993020323,21.58794339091691,21.651590178527705,27.366203120565572,215.23491108107476,227.51383831229106,321.89599609375,133.6439971923828,348.9129943847656,132.83099365234375
89.0,0.20864196178271635,21.64276709088821,21.62941489098622,27.55557332830196,215.237901843431,227.82535865240442,321.89898681640625,133.6439971923828,349.06298828125,132.7469940185547
89.05000000000001,0.3291246738736101,21.624758892554404,21.665808214021574,27.74359377673522,215.24193016448243,228.13760645712642,321.90301513671875,133.6439971923828,349.2099914550781,132.66299438476562
89.10000000000001,0.33377479995174747,21.619097151512005,21.614205745731518,27.932054304172738,215.24690453968813,228.45020644359187,321.9079895019531,133.6439971923828,349.3559875488281,132.57899475097656
89.15,0.666396134529222,21.613511250709724,21.650094750218972,28.118863809615608,215.25392359826012,228.7624271525486,321.9150085449219,133.6439971923828,349.5,132.49600219726562
89.2,0.6866501501278871,21.608005072595255,21.60795265855158,28.30503484462623,215.26198049784384,229.07455189556643,321.9230041503906,133.64300537109375,349.6419982910156,132.41299438476562
89.25,9.990870291585978e-06,21.60251367992026,21.626895960414025,28.497457495549213,215.26396414760987,229.38631467102047,321.92498779296875,133.64300537109375,349.7820129394531,132.33099365234375
89.30000000000001,1.1488851571799603e-05,21.5971104028009,21.60462194169296,28.69313215526378,215.2639701775743,229.69868755320056,321.92498779296875,133.64300537109375,349.9209899902344,132.2480010986328
89.35000000000001,1.1093427773047172e-05,21.591769887101172,21.607789159657795,28.889109659001655,215.26397703757996,230.01072391085555,321.92498779296875,133.64300537109375,350.0580139160156,132.16600036621094
89.4,1.1942335848485961e-05,21.586478889291232,21.607395570829006,29.085335497445403,215.263983757538,230.32265204207542,321.92498779296875,133.64300537109375,350.1929931640625,132.08399963378906
89.45,1.021781163378884e-05,21.581219069930082,21.606723138730324,29.282783538676895,215.26398978750242,230.63469053854527,321.92498779296875,133.64300537109375,350.3269958496094,132.0030059814453
89.5,9.704560606317728e-06,21.57604873237283,21.60005130287879,29.480510468260096,215.26399500756546,230.9466587628203,321.92498779296875,133.64300537109375,350.4590148925781,131.9219970703125
89.55000000000001,9.681336293918935e-06,22.771715254552014,21.714746939078548,29.679637220340307,215.26399935754037,231.3255635245111,321.92498779296875,133.64300537109375,350.572998046875,131.94200134277344
89.60000000000001,6.254942764266289e-06,21.21045660130906,21.673882884058255,29.85928866222192,215.26400286757874,231.6522274330702,321.92498779296875,133.64300537109375,350.67401123046875,131.89999389648438
89.65,1.5803502372161801e-06,21.884548606999225,21.700986619687207,30.021882921306112,215.26400431753157,231.99312408699566,321.92498779296875,133.64300537109375,350.7489929199219,131.78199768066406
89.7,3.4971826106767624e-06,21.625318916460746,21.702718004073752,30.191618757698556,215.2640053875048,232.32714433088032,321.92498779296875,133.64300537109375,350.8299865722656,131.71800231933594
89.75,2.5634597521039265e-06,21.45119825384997,21.687586461466726,30.356295662144767,215.26400679752717,232.64742169919504,321.92498779296875,133.64300537109375,350.9070129394531,131.63499450683594
89.80000000000001,2.6349425766261838e-06,21.838858744577873,21.711761295644422,30.504287885785,215.26400824759642,232.9955789389926,321.92498779296875,133.64300537109375,350.9540100097656,131.60899353027344
89.85000000000001,2.407527965941585e-06,21.221257790923996,21.674710086026703,30.65113932764585,215.26400954760632,233.31271425428153,321.92498779296875,133.64300537109375,351.0060119628906,131.53199768066406
89.9,3.1211064312763354e-06,21.410632910046324,21.657125488102213,30.79607487799923,215.26401068754515,233.63249355509862,321.92498779296875,133.64300537109375,351.052001953125,131.45899963378906
89.95,1.9807978999884496e-06,21.47820701219338,21.64682428232854,30.93662522717796,215.26401068754515,233.9555282690159,321.92498779296875,133.64300537109375,351.0889892578125,131.38299560546875
90.0,2.3481436211058687e-06,21.392452717090563,21.628464680800313,31.075274052723298,215.26401247754714,234.27816944608156,321.92498779296875,133.64300537109375,351.1210021972656,131.3179931640625
90.05000000000001,0.0,20.095665106683736,21.360859666013482,31.161762234173278,215.26401247754714,234.6115570213682,321.92498779296875,133.64300537109375,351.09600830078125,131.3489990234375
90.10000000000001,8.228552252987981e-07,18.36085313813332,21.075899319695907,31.272280523609908,215.26401247754714,234.88541169431923,321.92498779296875,133.64300537109375,351.1109924316406,131.32400512695312
